model,file,time_s,label,boundary,relative_rms,score,f0,candidate_count,double_f0_candidate,double_candidate_score_gap
ACF,phone_F1.wav,0.0125,sil,False,0.022854282099656387,0.18963136572345682,,12,,
ACF,phone_F1.wav,0.0225,sil,False,0.02297950457262259,0.4877503032898912,,12,,
ACF,phone_F1.wav,0.0325,sil,False,0.0224303942402633,0.4473836572908571,,12,,
ACF,phone_F1.wav,0.0425,sil,False,0.021462539990853034,0.328317588101674,,12,,
ACF,phone_F1.wav,0.0525,sil,False,0.023563020409962002,0.23548188047461424,,10,,
ACF,phone_F1.wav,0.0625,sil,False,0.026305776819293365,0.3011123351818566,,10,,
ACF,phone_F1.wav,0.0725,sil,False,0.026747809378789365,0.4626261430784325,,10,,
ACF,phone_F1.wav,0.0825,sil,False,0.028442501982606172,0.4284219102865071,,12,,
ACF,phone_F1.wav,0.0925,sil,False,0.0287327253446274,0.27328427720472404,,12,,
ACF,phone_F1.wav,0.1025,sil,False,0.029673303869414542,0.27440286761431565,,11,,
ACF,phone_F1.wav,0.1125,sil,False,0.02797076425063643,0.3951621367014341,,12,,
ACF,phone_F1.wav,0.1225,sil,False,0.027479463152413376,0.4457545852734791,,12,,
ACF,phone_F1.wav,0.1325,sil,False,0.02885747807214414,0.25227214638606055,,12,,
ACF,phone_F1.wav,0.1425,sil,False,0.02940423950891286,0.3047627652625827,,12,,
ACF,phone_F1.wav,0.1525,sil,False,0.028804921420051983,0.19335423112866712,,12,,
ACF,phone_F1.wav,0.1625,sil,False,0.026445863783852257,0.21387570232898295,,12,,
ACF,phone_F1.wav,0.1725,sil,False,0.025967901002016906,0.28379210848153535,,12,,
ACF,phone_F1.wav,0.1825,sil,False,0.023563864477478675,0.2999443163637245,,12,,
ACF,phone_F1.wav,0.1925,sil,False,0.02161503241496061,0.2291685058165503,,12,,
ACF,phone_F1.wav,0.2025,sil,False,0.02181979036019105,0.21016565633140138,,12,,
ACF,phone_F1.wav,0.2125,sil,False,0.024880175189391077,0.47011078453847954,,12,,
ACF,phone_F1.wav,0.2225,sil,False,0.02738066767258621,0.19514958962863654,,12,,
ACF,phone_F1.wav,0.2325,sil,False,0.025186836408562153,0.2630450869907849,,12,,
ACF,phone_F1.wav,0.2425,sil,False,0.026056039929320225,0.28269303917715005,,12,,
ACF,phone_F1.wav,0.2525,sil,False,0.024801265684098742,0.37777193716273016,,12,,
ACF,phone_F1.wav,0.2625,sil,False,0.02726162315273418,0.2765236574115759,,12,,
ACF,phone_F1.wav,0.2725,sil,False,0.02470388719697497,0.24601318176078288,,12,,
ACF,phone_F1.wav,0.2825,sil,False,0.02494200842326739,0.2614245388990584,,12,,
ACF,phone_F1.wav,0.2925,sil,False,0.028554018275668988,0.202257212461418,,12,,
ACF,phone_F1.wav,0.3025,sil,False,0.02840624906755457,0.2105593629732853,,12,,
ACF,phone_F1.wav,0.3125,sil,False,0.027958532013112505,0.14511762682360724,,12,,
ACF,phone_F1.wav,0.3225,sil,False,0.026588429668738874,0.2565701894126567,,12,,
ACF,phone_F1.wav,0.3325,sil,False,0.028493469149014867,0.2315717548982503,,12,,
ACF,phone_F1.wav,0.3425,sil,False,0.02803859163903531,0.12488520902225014,,12,,
ACF,phone_F1.wav,0.3525,sil,False,0.027513338519433002,0.20492618816202388,,12,,
ACF,phone_F1.wav,0.3625,sil,False,0.027536725655562345,0.15748736272440467,,12,,
ACF,phone_F1.wav,0.3725,sil,False,0.024955822056780874,0.14386675295193788,,12,,
ACF,phone_F1.wav,0.3825,sil,False,0.02569118043185598,0.12105872871619812,,12,,
ACF,phone_F1.wav,0.3925,sil,False,0.026440527776044387,0.1568713886282415,,12,,
ACF,phone_F1.wav,0.4025,sil,False,0.02656417799737645,0.1816277706509588,,12,,
ACF,phone_F1.wav,0.4125,sil,False,0.02424821118630336,0.2581088089073681,,12,,
ACF,phone_F1.wav,0.4225,sil,False,0.02320552126567205,0.22125318576691283,,12,,
ACF,phone_F1.wav,0.4325,sil,False,0.022766704721984155,0.24093174287293864,,12,,
ACF,phone_F1.wav,0.4425,sil,False,0.023857414816802876,0.10487882638854253,,12,,
ACF,phone_F1.wav,0.4525,sil,False,0.023399453527922158,0.3041556272318922,,12,,
ACF,phone_F1.wav,0.4625,sil,False,0.024819506586337726,0.29254812115715,,12,,
ACF,phone_F1.wav,0.4725,sil,False,0.02755386762766977,0.368793140422286,,12,,
ACF,phone_F1.wav,0.4825,sil,False,0.027338400086680113,0.22472607458684765,,12,,
ACF,phone_F1.wav,0.4925,sil,False,0.029958840064458307,0.23393179136468753,,12,,
ACF,phone_F1.wav,0.5025,sil,False,0.027273470234044576,0.05116788087620346,,12,,
ACF,phone_F1.wav,0.5125,sil,False,0.026097565517505462,0.22560401592505155,,12,,
ACF,phone_F1.wav,0.5225,sil,True,0.02893350638337062,0.335200253585121,,12,,
ACF,phone_F1.wav,0.5325,v,True,0.03409134354975656,0.12396844909820047,,12,,
ACF,phone_F1.wav,0.5425,v,True,0.10176185607643014,0.7727361494327749,218.4184566461478,3,,
ACF,phone_F1.wav,0.5525,v,False,0.29306833166572965,0.9375763732824843,224.60000808028062,3,,
ACF,phone_F1.wav,0.5625,v,False,0.40765300854796854,0.9579870917503497,220.54658969774297,3,,
ACF,phone_F1.wav,0.5725,v,False,0.466373171869921,0.9914792737942002,72.1836113908519,3,,
ACF,phone_F1.wav,0.5825,v,False,0.48107329097233203,0.9952349993521228,218.39546016858787,3,,
ACF,phone_F1.wav,0.5925,v,False,0.4895219895998049,0.9956355604519098,72.69117522366685,3,,
ACF,phone_F1.wav,0.6025,v,False,0.4852245664281828,0.993865767651225,72.73845168092832,3,,
ACF,phone_F1.wav,0.6125,v,False,0.5033423815441269,0.992981539520569,219.332309972727,3,,
ACF,phone_F1.wav,0.6225,v,False,0.5741019198191115,0.9879701584157826,223.0037157454579,3,,
ACF,phone_F1.wav,0.6325,v,False,0.7000989570938743,0.9785678647156373,226.75947458291196,3,,
ACF,phone_F1.wav,0.6425,v,False,0.8766698948229488,0.9566172256187673,230.0815903770488,5,,
ACF,phone_F1.wav,0.6525,v,False,1.147890374251791,0.9491323902505225,232.43233686353906,5,,
ACF,phone_F1.wav,0.6625,v,False,1.1748901074098643,0.9368733426154766,230.1578287355887,5,,
ACF,phone_F1.wav,0.6725,v,False,1.0072126742370033,0.9710335822415591,228.038798528075,5,,
ACF,phone_F1.wav,0.6825,v,False,0.8845071824903563,0.9858592736675909,228.25004202035007,5,,
ACF,phone_F1.wav,0.6925,v,False,0.9121865196124851,0.9882244044083605,229.37142802926422,5,,
ACF,phone_F1.wav,0.7025,v,False,0.9029399611257428,0.9875816212527337,230.0953354004835,5,,
ACF,phone_F1.wav,0.7125,v,False,0.9005398696533427,0.994617964368927,230.96736915064042,5,,
ACF,phone_F1.wav,0.7225,v,False,0.9106603986287846,0.9960896938843031,232.14467775447469,5,,
ACF,phone_F1.wav,0.7325,v,False,0.8535251472211037,0.98544874822033,232.50694794259576,5,,
ACF,phone_F1.wav,0.7425,v,False,0.7105042655815488,0.8933326030133796,231.60588698081,4,,
ACF,phone_F1.wav,0.7525,v,False,0.6589130333206517,0.8935592558555643,231.76852310831373,3,,
ACF,phone_F1.wav,0.7625,v,False,0.6938597626979385,0.9930272724510874,233.66968139350192,3,,
ACF,phone_F1.wav,0.7725,v,False,0.6293889515338831,0.9959090570704894,229.96332149833978,3,,
ACF,phone_F1.wav,0.7825,v,False,0.5234453642464109,0.9916288870007473,225.67070969984348,3,,
ACF,phone_F1.wav,0.7925,v,False,0.4112123954432095,0.9832699757904849,220.2661518435257,3,,
ACF,phone_F1.wav,0.8025,v,False,0.4647082469087719,0.7604379494912817,222.10686685924924,3,,
ACF,phone_F1.wav,0.8125,v,False,0.7100744821540413,0.8430174951536318,234.3441248731356,6,,
ACF,phone_F1.wav,0.8225,v,False,0.9339499900757889,0.9380307375379943,234.8581825098648,8,,
ACF,phone_F1.wav,0.8325,v,False,1.0415818280293292,0.9749883356805278,235.29613090865288,9,,
ACF,phone_F1.wav,0.8425,v,False,1.0404083295202942,0.9660115606315073,236.63662506081164,10,,
ACF,phone_F1.wav,0.8525,v,False,1.0013124672013696,0.9794242325080124,239.73110531808823,5,,
ACF,phone_F1.wav,0.8625,v,False,0.9750631231739857,0.9835857997863771,241.36252269659718,6,,
ACF,phone_F1.wav,0.8725,v,False,0.8582907098014273,0.9744649955145422,242.2620740219018,5,,
ACF,phone_F1.wav,0.8825,v,False,0.7565711149535602,0.9567645704419934,244.3523179881064,3,,
ACF,phone_F1.wav,0.8925,v,False,0.8005210674741968,0.9902399611764268,248.26466602129958,3,,
ACF,phone_F1.wav,0.9025,v,False,0.8800789563234985,0.9969670346528591,249.31244055890363,3,,
ACF,phone_F1.wav,0.9125,v,False,0.9636573662904985,0.9789989321586574,249.06221705014303,3,,
ACF,phone_F1.wav,0.9225,v,False,1.0202747413465783,0.9465385140167468,82.25807738552463,3,,
ACF,phone_F1.wav,0.9325,v,False,0.9699510406844458,0.9462711631428535,81.61171886939323,3,,
ACF,phone_F1.wav,0.9425,v,False,0.8868618005954061,0.970514147942334,122.0944684401335,3,243.81617414369103,0.00652927336673359
ACF,phone_F1.wav,0.9525,v,False,0.7741532847723748,0.9949189089789379,240.0157899966269,3,,
ACF,phone_F1.wav,0.9625,v,False,0.6122618166623182,0.9841107408335975,235.43362211866597,3,,
ACF,phone_F1.wav,0.9725,v,False,0.40321172563085556,0.9688996448929399,227.24902628002584,3,,
ACF,phone_F1.wav,0.9825,v,False,0.23586363148614192,0.7622160546548981,206.22317248136926,5,,
ACF,phone_F1.wav,0.9925,v,False,0.2934625601791982,0.7683414998854512,232.47742936183258,12,,
ACF,phone_F1.wav,1.0025,v,False,0.6120528750943038,0.9312455031032106,234.10215621035348,12,,
ACF,phone_F1.wav,1.0125,v,False,1.0803955802666134,0.9279588193566478,235.22053220329047,5,,
ACF,phone_F1.wav,1.0225,v,False,1.2597187703641874,0.8742998228346354,232.042531425565,6,,
ACF,phone_F1.wav,1.0325,v,False,1.1692001963711656,0.9158605949102984,227.9940287001961,7,,
ACF,phone_F1.wav,1.0425,v,False,0.8170712215732182,0.9880257644868616,226.01262252822315,6,,
ACF,phone_F1.wav,1.0525,v,False,0.6570418205067527,0.9488414355717381,226.63985226406965,6,,
ACF,phone_F1.wav,1.0625,v,False,0.5461314705578556,0.8521058320235828,227.128654564411,9,,
ACF,phone_F1.wav,1.0725,v,False,0.49361943721458795,0.8736288814631133,232.9249337226094,3,,
ACF,phone_F1.wav,1.0825,v,False,0.5524849591716268,0.9897836721926501,237.54982227253396,3,,
ACF,phone_F1.wav,1.0925,v,False,0.6438367637334584,0.9389842667178766,245.2909856063137,3,,
ACF,phone_F1.wav,1.1025,v,False,0.6860643403792236,0.9451268597056949,246.26529628532037,5,,
ACF,phone_F1.wav,1.1125,v,False,0.6461673988497033,0.9746751726977407,244.81621701385123,3,,
ACF,phone_F1.wav,1.1225,v,False,0.5233252421080052,0.9704952549435042,243.5410819878504,3,,
ACF,phone_F1.wav,1.1325,v,True,0.3286483803583584,0.9557332447488427,238.74643099123293,3,,
ACF,phone_F1.wav,1.1425,uv,True,0.12517090120954497,0.8069088478884655,234.21482420246247,5,,
ACF,phone_F1.wav,1.1525,uv,False,0.055097657613119896,0.3583380974686776,,12,,
ACF,phone_F1.wav,1.1625,uv,False,0.05967402019755455,0.503537432632817,,12,,
ACF,phone_F1.wav,1.1725,uv,False,0.08435814221981916,0.3446282110104109,,12,,
ACF,phone_F1.wav,1.1825,uv,False,0.10435090854677968,0.3284378142493266,,10,,
ACF,phone_F1.wav,1.1925,uv,False,0.1186624628405554,0.4617674301878848,,9,,
ACF,phone_F1.wav,1.2025,uv,True,0.10896757427850272,0.2885747688431147,,9,,
ACF,phone_F1.wav,1.2125,v,True,0.27436715860854577,0.6138649417118099,,4,,
ACF,phone_F1.wav,1.2225,v,True,0.6324629079670392,0.4737349231439681,,7,,
ACF,phone_F1.wav,1.2325,v,False,0.767835074164993,0.6324405157964391,,5,,
ACF,phone_F1.wav,1.2425,v,False,0.7280330532868251,0.9469369629644296,187.17237729983867,7,,
ACF,phone_F1.wav,1.2525,v,False,0.7044120620240567,0.9491755980622099,183.94444119726842,6,,
ACF,phone_F1.wav,1.2625,v,False,0.6442318204925626,0.934428112754816,180.55021362812553,6,,
ACF,phone_F1.wav,1.2725,v,False,0.5483823955702584,0.9494798830091395,179.73439888792387,6,,
ACF,phone_F1.wav,1.2825,v,False,0.40438333312352,0.8621904295870116,182.45962690941218,12,361.8296443675371,1.0884817316402235
ACF,phone_F1.wav,1.2925,v,False,0.257636817959494,0.7061765859922567,183.994854741228,12,360.16006970532555,0.9530459152274111
ACF,phone_F1.wav,1.3025,v,False,0.175260988807271,0.9099564914249961,182.97137330792853,3,355.7878339108955,1.6118048393745665
ACF,phone_F1.wav,1.3125,v,False,0.18815921520235762,0.9752423124954177,182.26210293699464,2,,
ACF,phone_F1.wav,1.3225,v,False,0.19100426904806736,0.9718323745359827,181.31143935003809,2,,
ACF,phone_F1.wav,1.3325,v,False,0.17673570378473963,0.9288278850150952,179.4439427415784,2,,
ACF,phone_F1.wav,1.3425,v,True,0.12568495792379908,0.8312587781919794,174.6176422938118,2,,
ACF,phone_F1.wav,1.3525,uv,True,0.06197388184973913,0.4263148082996199,,12,,
ACF,phone_F1.wav,1.3625,uv,True,0.035290497315889575,0.30881372205279795,,12,,
ACF,phone_F1.wav,1.3725,uv,False,0.033412252654863604,0.286932975103707,,12,,
ACF,phone_F1.wav,1.3825,uv,False,0.036420940980212146,0.39759125518386407,,12,,
ACF,phone_F1.wav,1.3925,uv,False,0.040611204363337566,0.16916152771971757,,12,,
ACF,phone_F1.wav,1.4025,uv,False,0.05705762725792919,0.34618268309117656,,11,,
ACF,phone_F1.wav,1.4125,uv,False,0.08313930980712883,0.32292501141577173,,11,,
ACF,phone_F1.wav,1.4225,uv,False,0.10619701944553961,0.373026484415328,,9,,
ACF,phone_F1.wav,1.4325,uv,False,0.12083875796651859,0.5291028758931665,,10,,
ACF,phone_F1.wav,1.4425,uv,True,0.1189172448650351,0.344668411015338,,11,,
ACF,phone_F1.wav,1.4525,v,True,0.37259246408456287,0.5229519367811944,,6,,
ACF,phone_F1.wav,1.4625,v,True,0.6416770197746887,0.7738142211847022,218.3849526715406,7,,
ACF,phone_F1.wav,1.4725,v,False,0.9031892026584624,0.8697465176091365,209.5129675244496,8,,
ACF,phone_F1.wav,1.4825,v,False,1.0146335715783166,0.9501284483817425,203.28221907651047,9,,
ACF,phone_F1.wav,1.4925,v,False,1.0614788601775969,0.9857150257176001,199.2693758058754,9,,
ACF,phone_F1.wav,1.5025,v,False,1.08649371318938,0.9905274750620494,196.98770881687307,9,,
ACF,phone_F1.wav,1.5125,v,False,1.1178126632992649,0.9957331814809506,195.42427307519813,9,,
ACF,phone_F1.wav,1.5225,v,False,1.1419565988071105,0.989958401002318,194.1217731376617,10,393.84957513804005,0.7578927791638008
ACF,phone_F1.wav,1.5325,v,False,1.1131725020634142,0.9947604478183694,192.77260599812817,10,389.0035508645649,0.7282619123321783
ACF,phone_F1.wav,1.5425,v,False,1.0451074560165854,0.9900970805249871,191.46032521934274,10,384.5434356050709,0.6996545658698509
ACF,phone_F1.wav,1.5525,v,False,0.9687873371505011,0.9878971876320538,189.73045612875916,9,378.9039503786695,0.6870261974774634
ACF,phone_F1.wav,1.5625,v,False,0.8729510750419044,0.9790533326334735,187.45825707894826,9,373.876421321609,0.6571767738068803
ACF,phone_F1.wav,1.5725,v,False,0.7243992987264128,0.981977286296066,93.07820492557914,9,186.25784139907955,0.006116974025967448
ACF,phone_F1.wav,1.5825,v,False,0.5680588345854153,0.4542259913740651,,9,,
ACF,phone_F1.wav,1.5925,v,True,0.3972228554237802,0.44614010345731053,,5,,
ACF,phone_F1.wav,1.6025,uv,True,0.2630355980872441,0.6206259687849074,,5,,
ACF,phone_F1.wav,1.6125,uv,True,0.18239701429991567,0.4827812021347851,,5,,
ACF,phone_F1.wav,1.6225,uv,False,0.16920237010204375,0.6099653807624922,,5,,
ACF,phone_F1.wav,1.6325,uv,False,0.10033357867744755,0.4679942265126171,,6,,
ACF,phone_F1.wav,1.6425,uv,False,0.10033945057277678,0.6941076936307176,71.60764485445534,6,,
ACF,phone_F1.wav,1.6525,uv,False,0.11733981036864292,0.6516715986425686,,5,,
ACF,phone_F1.wav,1.6625,uv,False,0.11448598911260004,0.7593732699710596,82.78539903038642,6,161.3661428402072,0.7339419601862959
ACF,phone_F1.wav,1.6725,uv,False,0.086477640459419,0.5936642848406544,,3,,
ACF,phone_F1.wav,1.6825,uv,False,0.05690364933980072,0.640452899859248,,3,,
ACF,phone_F1.wav,1.6925,uv,False,0.05207023600887403,0.6437005589454473,,4,,
ACF,phone_F1.wav,1.7025,uv,False,0.03532263211010353,0.509648176786399,,7,,
ACF,phone_F1.wav,1.7125,uv,False,0.03248369858705252,0.2654639584554736,,9,,
ACF,phone_F1.wav,1.7225,uv,False,0.028903438927704278,0.15996006973726673,,12,,
ACF,phone_F1.wav,1.7325,uv,False,0.0303047914306806,0.18383097269728788,,12,,
ACF,phone_F1.wav,1.7425,uv,False,0.028164782791326417,0.29023542238739963,,12,,
ACF,phone_F1.wav,1.7525,uv,False,0.027237231195906462,0.2918508429911087,,12,,
ACF,phone_F1.wav,1.7625,uv,False,0.03291036541404114,0.3470328973958917,,12,,
ACF,phone_F1.wav,1.7725,uv,False,0.04326994944796413,0.42356032094255514,,4,,
ACF,phone_F1.wav,1.7825,uv,False,0.05155350003868674,0.14197169452579156,,3,,
ACF,phone_F1.wav,1.7925,uv,False,0.041402908279494346,0.2540438447476552,,8,,
ACF,phone_F1.wav,1.8025,uv,False,0.03824219348058136,0.1220943133089424,,10,,
ACF,phone_F1.wav,1.8125,uv,False,0.02371536646882243,0.16417654641249987,,12,,
ACF,phone_F1.wav,1.8225,uv,True,0.039666167137137553,0.3570653365008084,,4,,
ACF,phone_F1.wav,1.8325,v,True,0.10474666946445547,0.7910766744997957,228.30468838708958,3,,
ACF,phone_F1.wav,1.8425,v,True,0.11579194971372281,0.6730174749915133,,2,,
ACF,phone_F1.wav,1.8525,v,False,0.09527518514528523,0.7148260275236629,97.91862555770342,2,204.07067599355173,0.13883670076336452
ACF,phone_F1.wav,1.8625,v,False,0.07953972372678218,0.7946402808555876,101.61107410297107,2,208.7820790973189,0.027810460270992765
ACF,phone_F1.wav,1.8725,v,False,0.06868155536336315,0.770698890276289,207.23741932193997,2,,
ACF,phone_F1.wav,1.8825,v,False,0.06905737567755914,0.7972105800096622,203.9101320509335,2,,
ACF,phone_F1.wav,1.8925,v,False,0.07654516200771389,0.6807717798743175,,3,,
ACF,phone_F1.wav,1.9025,v,False,0.08870258209820378,0.6051359581426502,,6,,
ACF,phone_F1.wav,1.9125,v,False,0.17474226973060294,0.8067200740037547,220.92368971003202,8,,
ACF,phone_F1.wav,1.9225,v,False,0.33354204311411695,0.883269692902457,224.14537316114158,12,,
ACF,phone_F1.wav,1.9325,v,False,0.4590665949250993,0.9326645987519386,226.21257466761529,12,,
ACF,phone_F1.wav,1.9425,v,False,0.4980861375724749,0.9723039267533917,225.5993725505106,12,,
ACF,phone_F1.wav,1.9525,v,False,0.4655362866936867,0.9847020644260743,111.93332576777597,12,223.96502913265283,0.011958339408651097
ACF,phone_F1.wav,1.9625,v,False,0.44162726629326227,0.9893000691091565,74.39252982985087,12,,
ACF,phone_F1.wav,1.9725,v,False,0.43611886484664886,0.9864394541167077,222.0361262889309,12,,
ACF,phone_F1.wav,1.9825,v,False,0.42019502126606767,0.9704540551716964,220.27514173156095,12,,
ACF,phone_F1.wav,1.9925,v,False,0.3993020000881253,0.9794406114560916,218.72805561347812,12,,
ACF,phone_F1.wav,2.0025,v,False,0.3775073426768189,0.9775201534592989,216.47732396816403,12,,
ACF,phone_F1.wav,2.0125,v,False,0.358379630727315,0.963162335748857,213.54224387070133,12,,
ACF,phone_F1.wav,2.0225,v,False,0.313726661382606,0.9195479264741504,211.07403709062464,12,,
ACF,phone_F1.wav,2.0325,v,False,0.2392810651596096,0.835825780553913,208.24088143197042,8,,
ACF,phone_F1.wav,2.0425,v,False,0.12218406759714323,0.8916868703827276,93.78305924562768,2,184.74745552865275,0.05436625157404906
ACF,phone_F1.wav,2.0525,v,False,0.11107877865612709,0.9339933451161702,188.98806666127237,2,,
ACF,phone_F1.wav,2.0625,v,False,0.10991273152527108,0.9369798942090798,190.3077908060235,2,,
ACF,phone_F1.wav,2.0725,v,False,0.13728303940409015,0.8983905206375892,190.35964918641707,2,,
ACF,phone_F1.wav,2.0825,v,False,0.22934320630846144,0.8860208539570357,205.52462003288775,7,,
ACF,phone_F1.wav,2.0925,v,False,0.30547195905323177,0.9306816601394119,203.4341969741123,9,388.57373878894134,1.1361425182465508
ACF,phone_F1.wav,2.1025,v,False,0.3487450661188113,0.9749272144830455,201.6855327304097,4,,
ACF,phone_F1.wav,2.1125,v,False,0.37317815669907456,0.9857775553849601,200.40464286574024,6,,
ACF,phone_F1.wav,2.1225,v,False,0.3915399451514935,0.9828716496567773,198.74412587541136,4,,
ACF,phone_F1.wav,2.1325,v,False,0.41623415878473263,0.9917124199073841,197.03892054220998,4,,
ACF,phone_F1.wav,2.1425,v,False,0.45175778194945976,0.9910484479339852,196.07181641778055,5,398.5519882835909,0.5624504038839546
ACF,phone_F1.wav,2.1525,v,False,0.5012731096600427,0.9889369619768129,195.1639092059367,5,395.69825141427685,0.44913407753979584
ACF,phone_F1.wav,2.1625,v,False,0.5325634657694793,0.986775149533432,194.00141205803848,5,393.8978905347711,0.3582956572448728
ACF,phone_F1.wav,2.1725,v,False,0.5087578629169541,0.9802615460405616,192.84616812220222,5,389.51322970762425,0.3493710032463153
ACF,phone_F1.wav,2.1825,v,False,0.4220034241039175,0.9696444195783195,190.7939337407954,5,385.61458185422134,0.4289944468019936
ACF,phone_F1.wav,2.1925,v,True,0.28001417452831884,0.9306451835021371,188.65806436160008,5,393.1255090143361,0.5252235156792153
ACF,phone_F1.wav,2.2025,uv,True,0.1250598613768333,0.7219087032852001,189.95469517092315,11,391.74436772815466,0.7513970984705405
ACF,phone_F1.wav,2.2125,uv,True,0.0397385159757853,0.2530368448329538,,12,,
ACF,phone_F1.wav,2.2225,uv,False,0.02577869852146454,0.26760362032815865,,12,,
ACF,phone_F1.wav,2.2325,uv,False,0.025566881629160654,0.21012131426274305,,12,,
ACF,phone_F1.wav,2.2425,uv,False,0.02590683542882187,0.24201049822825102,,12,,
ACF,phone_F1.wav,2.2525,uv,False,0.02944085070194132,0.19021539114986996,,12,,
ACF,phone_F1.wav,2.2625,uv,False,0.038250060621453634,0.18959007376800563,,12,,
ACF,phone_F1.wav,2.2725,uv,True,0.09368013026938234,0.1807695790474495,,12,,
ACF,phone_F1.wav,2.2825,v,True,0.3307551371516731,0.5898462248666851,,12,,
ACF,phone_F1.wav,2.2925,v,False,0.4751045097476449,0.7181510986651319,234.72064726598444,9,,
ACF,phone_F1.wav,2.3025,v,False,0.5719949414820353,0.9655520206580227,234.78943146817755,11,,
ACF,phone_F1.wav,2.3125,v,False,0.605580415017081,0.9541118787873658,236.30768795601742,11,,
ACF,phone_F1.wav,2.3225,v,False,0.6049276144565554,0.9377491609496597,239.37635043431845,11,,
ACF,phone_F1.wav,2.3325,v,False,0.4762459281497817,0.8835629968258225,241.7394768833896,12,,
ACF,phone_F1.wav,2.3425,v,True,0.30643497177137313,0.750178983634227,241.57079471217358,12,,
ACF,phone_F1.wav,2.3525,uv,True,0.05101677775444023,0.6456173188810567,,8,,
ACF,phone_F1.wav,2.3625,uv,True,0.027946530283611777,0.31701933510568153,,11,,
ACF,phone_F1.wav,2.3725,uv,False,0.027999919268160853,0.4105852729713325,,12,,
ACF,phone_F1.wav,2.3825,uv,False,0.026468560809520255,0.3734131381858039,,12,,
ACF,phone_F1.wav,2.3925,uv,True,0.024315217407818026,0.34012867233712507,,12,,
ACF,phone_F1.wav,2.4025,v,True,0.1415720271376801,0.8207859636280417,265.82125341188646,11,,
ACF,phone_F1.wav,2.4125,v,False,0.3716614234609219,0.8595192899879301,247.09448008018742,3,,
ACF,phone_F1.wav,2.4225,v,False,0.4117408712268907,0.7907031379522194,238.36292085285663,3,,
ACF,phone_F1.wav,2.4325,v,False,0.31530462007085963,0.8880283927110689,212.24922451999498,2,,
ACF,phone_F1.wav,2.4425,v,False,0.19016682583548533,0.8991113573499224,200.8438585947732,2,,
ACF,phone_F1.wav,2.4525,v,False,0.1758885933290028,0.6129939392018473,,5,,
ACF,phone_F1.wav,2.4625,v,False,0.21413791097334753,0.4923542100048027,,10,,
ACF,phone_F1.wav,2.4725,v,False,0.277255771579502,0.5467952374647422,,9,,
ACF,phone_F1.wav,2.4825,v,False,0.28331110116578767,0.8331888363654519,191.68627588861196,7,,
ACF,phone_F1.wav,2.4925,v,False,0.24954572280994275,0.6721007478768811,,8,,
ACF,phone_F1.wav,2.5025,v,False,0.19129160951346594,0.49689447107939566,,6,,
ACF,phone_F1.wav,2.5125,v,True,0.14582736505984856,0.35332428158477847,,5,,
ACF,phone_F1.wav,2.5225,uv,True,0.07081672311787433,0.6584872866236949,,4,,
ACF,phone_F1.wav,2.5325,uv,False,0.033375562829210385,0.41834876615357014,,12,,
ACF,phone_F1.wav,2.5425,uv,False,0.028979186945812942,0.1925314278488023,,12,,
ACF,phone_F1.wav,2.5525,uv,False,0.02637379064786756,0.12708433107005243,,12,,
ACF,phone_F1.wav,2.5625,uv,False,0.03647405285076631,0.17526671787111117,,12,,
ACF,phone_F1.wav,2.5725,uv,False,0.04542110695611368,0.11418289192327172,,12,,
ACF,phone_F1.wav,2.5825,uv,False,0.05094406098230722,0.15429081319526264,,12,,
ACF,phone_F1.wav,2.5925,uv,False,0.04707693255754398,0.2412728041661286,,12,,
ACF,phone_F1.wav,2.6025,uv,False,0.039299916435266986,0.19931652072265083,,12,,
ACF,phone_F1.wav,2.6125,uv,False,0.03715685166074235,0.1941523580084444,,12,,
ACF,phone_F1.wav,2.6225,uv,False,0.040533108087612776,0.1255068769635189,,12,,
ACF,phone_F1.wav,2.6325,uv,False,0.04517844249516225,0.2062948421829937,,12,,
ACF,phone_F1.wav,2.6425,uv,False,0.05651027969601622,0.23542006470077886,,12,,
ACF,phone_F1.wav,2.6525,uv,True,0.15995321084142788,0.4627713648888048,,12,,
ACF,phone_F1.wav,2.6625,v,True,0.3403165256433792,0.5973060162178923,,11,,
ACF,phone_F1.wav,2.6725,v,True,0.4917238373050859,0.7879794212985282,201.14780053037242,7,,
ACF,phone_F1.wav,2.6825,v,False,0.5487138761637971,0.963304041924828,198.03688367221193,7,,
ACF,phone_F1.wav,2.6925,v,False,0.5592899252225733,0.9811428894010141,195.64651221957337,7,,
ACF,phone_F1.wav,2.7025,v,False,0.5316844649169089,0.9701777860465772,193.33089939757048,7,,
ACF,phone_F1.wav,2.7125,v,False,0.4830006435466892,0.9639362089617857,190.46264309856525,7,,
ACF,phone_F1.wav,2.7225,v,True,0.371669571282885,0.9090151253037191,187.43436002586228,6,,
ACF,phone_F1.wav,2.7325,uv,True,0.2298228417107159,0.8367965846098934,183.91243496069004,6,,
ACF,phone_F1.wav,2.7425,uv,True,0.06064614396040522,0.2581255948208506,,6,,
ACF,phone_F1.wav,2.7525,sil,True,0.028978981739887687,0.43653672951938544,,12,,
ACF,phone_F1.wav,2.7625,sil,False,0.02862748095188264,0.13233547570139428,,12,,
ACF,phone_F1.wav,2.7725,sil,False,0.03122608626011903,0.27367265031960664,,12,,
ACF,phone_F1.wav,2.7825,sil,False,0.0331236667637283,0.3122293761914307,,12,,
ACF,phone_F1.wav,2.7925,sil,False,0.037139164863011706,0.44434998638511464,,10,,
ACF,phone_F1.wav,2.8025,sil,False,0.037413931355457335,0.491041139310978,,8,,
ACF,phone_F1.wav,2.8125,sil,False,0.039798648420209026,0.37958034946153735,,8,,
ACF,phone_F1.wav,2.8225,sil,False,0.04272324653075579,0.4234792673521521,,9,,
ACF,phone_F1.wav,2.8325,sil,False,0.04903505930928745,0.560384990234831,,8,,
ACF,phone_F1.wav,2.8425,sil,False,0.047198355692228,0.6522804875290893,,8,,
ACF,phone_F1.wav,2.8525,sil,False,0.04570186873652092,0.5341979687182664,,10,,
ACF,phone_F1.wav,2.8625,sil,False,0.04108204777973315,0.3848489583435927,,12,,
ACF,phone_F1.wav,2.8725,sil,False,0.03987664798747024,0.3211116719393305,,12,,
ACF,phone_F1.wav,2.8825,sil,False,0.037091798128334345,0.25207961301619236,,12,,
ACF,phone_F1.wav,2.8925,sil,False,0.036746222175187346,0.3520354008252467,,12,,
ACF,phone_F1.wav,2.9025,sil,False,0.03652456652780616,0.2963463515909619,,12,,
ACF,phone_F1.wav,2.9125,sil,False,0.032925192850670366,0.3895176525760069,,12,,
ACF,phone_F1.wav,2.9225,sil,False,0.03297032054325215,0.27985070142233875,,12,,
ACF,phone_F1.wav,2.9325,sil,False,0.03680619228226744,0.3796831567494313,,12,,
ACF,phone_F1.wav,2.9425,sil,False,0.039912350944880486,0.38568508003487595,,12,,
ACF,phone_F1.wav,2.9525,sil,False,0.03927204739618195,0.33863776306078935,,12,,
ACF,phone_F1.wav,2.9625,sil,False,0.03687468684210526,0.3266862861079687,,12,,
ACF,phone_F1.wav,2.9725,sil,False,0.033082266015030844,0.5309372011180834,,12,,
ACF,phone_F1.wav,2.9825,sil,False,0.03397268225268618,0.5352578104723669,,12,,
ACF,phone_F1.wav,2.9925,sil,False,0.031167998666798324,0.5516388044581375,,12,,
ACF,phone_F1.wav,3.0025,sil,False,0.03108804198299757,0.514485312303846,,12,,
ACF,phone_F1.wav,3.0125,sil,False,0.029793146017061192,0.42089274379453995,,12,,
ACF,phone_F1.wav,3.0225,sil,False,0.029167166770979712,0.347053212826613,,12,,
ACF,phone_F1.wav,3.0325,sil,False,0.030009455143680218,0.37068519786035664,,12,,
ACF,phone_F1.wav,3.0425,sil,False,0.03379009585252344,0.5135355749397392,,12,,
ACF,phone_F1.wav,3.0525,sil,False,0.035097116001472695,0.3412484723924536,,12,,
ACF,phone_F1.wav,3.0625,sil,False,0.0353420510859078,0.364808877862796,,12,,
ACF,phone_F1.wav,3.0725,sil,False,0.03952697005635599,0.4117025010194952,,12,,
ACF,phone_F1.wav,3.0825,sil,False,0.04204964711731586,0.4889406194159637,,12,,
ACF,phone_F1.wav,3.0925,sil,False,0.041548972770713455,0.5548643298802266,,12,,
ACF,phone_F1.wav,3.1025,sil,False,0.041426140325538534,0.5171201960706155,,12,,
ACF,phone_F1.wav,3.1125,sil,False,0.041449159530861514,0.5102075231986088,,12,,
ACF,phone_F1.wav,3.1225,sil,False,0.04167189842625118,0.5089103612010534,,12,,
ACF,phone_F1.wav,3.1325,sil,False,0.04071220230698556,0.4349785588968561,,12,,
ACF,phone_F1.wav,3.1425,sil,False,0.0426742373710737,0.43063601844424143,,12,,
ACF,phone_F1.wav,3.1525,sil,False,0.04513918615591532,0.49309643337185194,,12,,
ACF,phone_F1.wav,3.1625,sil,False,0.05294782157571223,0.6343112729539024,,10,,
ACF,phone_F1.wav,3.1725,sil,False,0.05900030744456477,0.7577651351337155,394.18507035057536,10,,
ACF,phone_F1.wav,3.1825,sil,False,0.056525435610577025,0.7526336643746816,396.7807151935523,10,,
ACF,phone_F1.wav,3.1925,sil,False,0.04831379307300338,0.6166781326393099,,12,,
ACF,phone_F1.wav,3.2025,sil,False,0.04667301833898987,0.5694697511987051,,12,,
ACF,phone_F1.wav,3.2125,sil,False,0.04729638087398229,0.5942854647850451,,12,,
ACF,phone_F1.wav,3.2225,sil,True,0.046172843897778974,0.5870397938811107,,12,,
ACF,phone_M1.wav,0.0125,sil,False,0.023613846038299764,0.2583421621609989,,12,,
ACF,phone_M1.wav,0.0225,sil,False,0.023460512185908736,0.4690151078089121,,12,,
ACF,phone_M1.wav,0.0325,sil,False,0.02540506508375562,0.3231556448427737,,12,,
ACF,phone_M1.wav,0.0425,sil,False,0.029231490124798348,0.29432436192548317,,12,,
ACF,phone_M1.wav,0.0525,sil,False,0.02787822120410351,0.43662383555159606,,12,,
ACF,phone_M1.wav,0.0625,sil,False,0.027758337367316296,0.5029254136779557,,12,,
ACF,phone_M1.wav,0.0725,sil,False,0.0289950476713771,0.542577633909129,,12,,
ACF,phone_M1.wav,0.0825,sil,False,0.03193749001382508,0.3163998836382538,,12,,
ACF,phone_M1.wav,0.0925,sil,False,0.03355740853103015,0.1823865957175487,,12,,
ACF,phone_M1.wav,0.1025,sil,False,0.03269232754479303,0.20947650572399357,,12,,
ACF,phone_M1.wav,0.1125,sil,False,0.0329889308605439,0.26973369998601293,,12,,
ACF,phone_M1.wav,0.1225,sil,False,0.0321127528306109,0.3500536682236991,,12,,
ACF,phone_M1.wav,0.1325,sil,False,0.02839889885305537,0.21082415504510055,,12,,
ACF,phone_M1.wav,0.1425,sil,False,0.027860871119326072,0.227081191463686,,12,,
ACF,phone_M1.wav,0.1525,sil,False,0.029654341487836963,0.34291112966822196,,12,,
ACF,phone_M1.wav,0.1625,sil,False,0.03399904969645611,0.4494399675648298,,12,,
ACF,phone_M1.wav,0.1725,sil,False,0.03518891929524621,0.35527213106925626,,12,,
ACF,phone_M1.wav,0.1825,sil,False,0.03156656393352028,0.3499710339891675,,9,,
ACF,phone_M1.wav,0.1925,sil,False,0.034753265871389105,0.27174686248321533,,12,,
ACF,phone_M1.wav,0.2025,sil,False,0.0304744316393693,0.2614359106806763,,12,,
ACF,phone_M1.wav,0.2125,sil,False,0.03399547474639137,0.22574925239717203,,12,,
ACF,phone_M1.wav,0.2225,sil,False,0.029648566902442317,0.19923962089607156,,12,,
ACF,phone_M1.wav,0.2325,sil,False,0.03205027481640152,0.39775354981691735,,12,,
ACF,phone_M1.wav,0.2425,sil,False,0.03396486716356486,0.23020517612695093,,12,,
ACF,phone_M1.wav,0.2525,sil,False,0.037197673678041256,0.26492193846590284,,12,,
ACF,phone_M1.wav,0.2625,sil,False,0.03471062496611638,0.1918375087879962,,12,,
ACF,phone_M1.wav,0.2725,sil,False,0.0351985966306847,0.20153199617231252,,12,,
ACF,phone_M1.wav,0.2825,sil,False,0.03403830912353853,0.3435367754511108,,12,,
ACF,phone_M1.wav,0.2925,sil,False,0.034485762512216085,0.25860141258531766,,12,,
ACF,phone_M1.wav,0.3025,sil,False,0.03076467122060178,0.2656871411675364,,12,,
ACF,phone_M1.wav,0.3125,sil,False,0.0291680276566383,0.20257081618987755,,12,,
ACF,phone_M1.wav,0.3225,sil,False,0.03219384790686577,0.2487274409106319,,12,,
ACF,phone_M1.wav,0.3325,sil,False,0.03433188060368709,0.48429671963932275,,9,,
ACF,phone_M1.wav,0.3425,sil,False,0.03575031224089622,0.44328585780766344,,8,,
ACF,phone_M1.wav,0.3525,sil,False,0.034691465585234116,0.1888146157806869,,12,,
ACF,phone_M1.wav,0.3625,sil,False,0.0322953169455026,0.22795425255891744,,9,,
ACF,phone_M1.wav,0.3725,sil,False,0.033959051831074054,0.07684474225974482,,12,,
ACF,phone_M1.wav,0.3825,sil,False,0.03330371336386393,0.1319819535799075,,12,,
ACF,phone_M1.wav,0.3925,sil,False,0.033924715205256306,0.16680465071125763,,12,,
ACF,phone_M1.wav,0.4025,sil,False,0.03769110792531318,0.023974027717781392,,12,,
ACF,phone_M1.wav,0.4125,sil,False,0.03960770234521109,0.11591818321237851,,12,,
ACF,phone_M1.wav,0.4225,sil,False,0.0330028079427533,0.35332460229583085,,12,,
ACF,phone_M1.wav,0.4325,sil,False,0.03189995870991513,0.22426956305440796,,12,,
ACF,phone_M1.wav,0.4425,sil,False,0.037383712938059394,0.3206147777043219,,9,,
ACF,phone_M1.wav,0.4525,sil,True,0.03933623277231805,0.294509161448083,,10,,
ACF,phone_M1.wav,0.4625,v,True,0.05495665188664927,0.40335851748305607,,7,,
ACF,phone_M1.wav,0.4725,v,True,0.18140911861282125,0.5495346653022625,,8,,
ACF,phone_M1.wav,0.4825,v,False,0.3083096629515866,0.8682756873924926,137.50305622278336,3,266.0120188730686,0.5401813066181449
ACF,phone_M1.wav,0.4925,v,False,0.4032788519516005,0.9769378762197919,136.20499661787494,3,274.419331902089,0.37992403249326967
ACF,phone_M1.wav,0.5025,v,False,0.5074373098087683,0.9912401147051796,136.41765334580808,3,274.63706814300065,0.27895708230535377
ACF,phone_M1.wav,0.5125,v,False,0.5235805699031693,0.99025243480568,136.1779261135657,3,272.6281721926293,0.2689679058559
ACF,phone_M1.wav,0.5225,v,False,0.5732709356481698,0.9561929127332996,134.86904169160394,3,269.46943873536316,0.2140884616648776
ACF,phone_M1.wav,0.5325,v,False,0.626682360315108,0.9378002458427264,134.97733525077777,3,269.3935879597639,0.17165918169555627
ACF,phone_M1.wav,0.5425,v,False,0.5958327809994088,0.983620545926095,135.72058189502883,3,271.105024215942,0.17260574679461615
ACF,phone_M1.wav,0.5525,v,False,0.6499121918045249,0.9771596395792016,137.1069990690156,3,274.1097758614455,0.17287066567600462
ACF,phone_M1.wav,0.5625,v,False,0.7043906323002543,0.9590443453645849,136.70170743349328,3,273.0397635521794,0.21145725133375348
ACF,phone_M1.wav,0.5725,v,False,0.7175897418910945,0.9499139700622503,135.6127845645013,6,272.95315889090745,0.34803321739295956
ACF,phone_M1.wav,0.5825,v,False,0.8026067674270092,0.8969305900408716,136.8356017286341,12,272.2921816935106,0.44737557927136934
ACF,phone_M1.wav,0.5925,v,False,0.8853361597869496,0.927166173606868,136.90226541625185,12,273.1075008774658,0.6011655084910776
ACF,phone_M1.wav,0.6025,v,False,0.8996725041476193,0.8747768415275926,137.28637259334764,12,278.5611486567631,0.6968958365258132
ACF,phone_M1.wav,0.6125,v,False,1.0570833793980776,0.966780877219911,137.818072534376,12,,
ACF,phone_M1.wav,0.6225,v,False,1.0727264755420536,0.9332833345481629,138.13474783933245,12,,
ACF,phone_M1.wav,0.6325,v,False,1.137361479442671,0.9031562373078822,138.6069990913557,12,,
ACF,phone_M1.wav,0.6425,v,False,1.2284725547054263,0.8864363445854389,138.4268159583083,12,,
ACF,phone_M1.wav,0.6525,v,False,1.0837224488853616,0.8473135720770546,137.44996070767507,12,,
ACF,phone_M1.wav,0.6625,v,False,1.0600901782104937,0.8253164746258294,136.1450296518876,12,,
ACF,phone_M1.wav,0.6725,v,False,1.0489998910923182,0.8234896737229018,133.89553323462627,12,281.11378048515036,0.6119725156126772
ACF,phone_M1.wav,0.6825,v,False,1.0373681903439202,0.8677861209713303,132.64355305605133,12,272.3226323474507,0.47801359847177805
ACF,phone_M1.wav,0.6925,v,False,1.052082150263377,0.8533689585268891,131.6320682549844,10,269.9434756790521,0.3741082446740085
ACF,phone_M1.wav,0.7025,v,False,1.0988357558917525,0.8884595726572151,129.09662572307977,6,262.9477745966447,0.29606732990672835
ACF,phone_M1.wav,0.7125,v,False,1.0235553427621373,0.9237679050772937,128.01011228054813,6,258.5489538631393,0.3350997625763672
ACF,phone_M1.wav,0.7225,v,False,0.9204496425682426,0.9017142529921356,126.1003756462549,6,251.72267899757875,0.36857436364421414
ACF,phone_M1.wav,0.7325,v,False,0.8299183936202845,0.9370371649272689,123.77592736033512,6,249.91910060117377,0.4364574112548024
ACF,phone_M1.wav,0.7425,v,False,0.7745103259101122,0.958053403162042,122.75998565018621,6,246.34292058273059,0.4395726744922126
ACF,phone_M1.wav,0.7525,v,False,0.7128654208326771,0.9181434509097918,121.30852475277081,5,242.43947675677322,0.41836448677275606
ACF,phone_M1.wav,0.7625,v,False,0.6564776783094634,0.9400935600679574,119.2781454628188,5,237.76718107997496,0.5284954759518127
ACF,phone_M1.wav,0.7725,v,False,0.6073560667292403,0.9658255399568278,118.15329557765962,6,235.0653965391402,0.5580840902481055
ACF,phone_M1.wav,0.7825,v,False,0.5344680527040403,0.9482945846059623,117.29354346187104,5,235.94070538309552,0.5713622373793961
ACF,phone_M1.wav,0.7925,v,False,0.46149051996994794,0.9135320032821189,115.28242958805451,5,233.15285713306105,0.5976580777044549
ACF,phone_M1.wav,0.8025,v,False,0.4137596396933774,0.8659517118030505,113.11375806268855,5,227.3414487518197,0.4507175947586754
ACF,phone_M1.wav,0.8125,v,False,0.34418280519295424,0.7087995964648649,112.44399713899271,10,223.26855633113524,0.2745920079652589
ACF,phone_M1.wav,0.8225,v,False,0.28899042783279205,0.73192668588881,113.5135216503795,4,237.75552818352713,0.5087500714181283
ACF,phone_M1.wav,0.8325,v,False,0.2758831246397052,0.90077126766196,116.11754898126499,3,237.55580720387965,0.5944105930337289
ACF,phone_M1.wav,0.8425,v,False,0.2804899996248881,0.8981778081960894,115.96271271208391,3,228.05303185297703,0.5849412442366502
ACF,phone_M1.wav,0.8525,v,False,0.31158233058946205,0.9363112251353352,118.19818897623642,4,239.0967619087628,0.6673169608503102
ACF,phone_M1.wav,0.8625,v,False,0.34926737710158134,0.9535933245157835,119.12979637837957,3,237.82089659726438,0.5738934665083664
ACF,phone_M1.wav,0.8725,v,False,0.3519153760436304,0.9591691241308338,120.1605710636886,3,232.9866729833947,0.5227883835408931
ACF,phone_M1.wav,0.8825,v,False,0.3519737676071095,0.962859166072718,121.97993228350911,3,248.19758894636482,0.4933785687792009
ACF,phone_M1.wav,0.8925,v,False,0.3616218734742605,0.9809855728453246,123.49411536601477,3,253.45273476738114,0.4917709025442671
ACF,phone_M1.wav,0.9025,v,False,0.46208846379167,0.675940833880395,,5,,
ACF,phone_M1.wav,0.9125,v,False,0.7004918777595929,0.6482285305609745,,12,,
ACF,phone_M1.wav,0.9225,v,False,0.8601159722208948,0.6545222097789182,,12,,
ACF,phone_M1.wav,0.9325,v,False,0.9505473682891099,0.7768040179585337,133.1372327271113,12,276.096787165477,0.524082377000128
ACF,phone_M1.wav,0.9425,v,False,0.8379591700982577,0.8520516113799589,135.0373953312668,12,261.8862006998018,0.5540218319266148
ACF,phone_M1.wav,0.9525,v,False,0.8635886448020189,0.9077512615014114,136.38260661558334,11,262.6221880142233,0.6168779480167295
ACF,phone_M1.wav,0.9625,v,False,0.9047452859396953,0.9048445641313626,138.17254428629394,7,288.01592939388894,0.5614941702517366
ACF,phone_M1.wav,0.9725,v,False,0.7816441781257412,0.8908800934510318,140.16823670814844,7,271.4015422606893,0.6267388469857517
ACF,phone_M1.wav,0.9825,v,False,0.6827458267868838,0.9204984651372803,141.62390678460687,8,,
ACF,phone_M1.wav,0.9925,v,False,0.4724997998351539,0.9189458302617556,140.37333892160484,6,288.2807535237774,0.7221536881599004
ACF,phone_M1.wav,1.0025,v,False,0.39068215259797867,0.896228804036631,142.27891893161402,4,291.63517686531884,0.47511921135357726
ACF,phone_M1.wav,1.0125,v,False,0.3629087098796809,0.9303209691510789,145.63554156176818,4,291.7546987075068,0.3861320140795831
ACF,phone_M1.wav,1.0225,v,False,0.3948013725544962,0.9648307565051601,74.25890201290518,4,148.4409000554143,0.01873982818947173
ACF,phone_M1.wav,1.0325,v,False,0.42517136312479353,0.9563938024847476,74.57667535630544,4,148.84851561169717,0.010077326295078959
ACF,phone_M1.wav,1.0425,v,False,0.43241177660486196,0.9380501831838651,148.94175407009507,4,297.45592122002154,0.4036169610241628
ACF,phone_M1.wav,1.0525,v,False,0.43533600141268075,0.9478590945790875,75.34739946550559,4,149.5245547629688,0.00971912440766265
ACF,phone_M1.wav,1.0625,v,False,0.44131025359251996,0.9623502895332149,149.29033016394325,4,299.17366414629174,0.37881801428631134
ACF,phone_M1.wav,1.0725,v,False,0.45752525251478343,0.9747223951550169,74.45298350277731,4,148.55230462232421,0.0008713546270872063
ACF,phone_M1.wav,1.0825,v,False,0.4519045989397158,0.9819331182381401,146.95299462298806,4,293.6585704605042,0.3063694614362794
ACF,phone_M1.wav,1.0925,v,False,0.4226797346785938,0.9685603358550511,145.3029897190373,4,293.2457786851752,0.28515280216892713
ACF,phone_M1.wav,1.1025,v,False,0.3482168049627039,0.9742000517495987,142.95499500945826,4,285.4132363457338,0.263880349188508
ACF,phone_M1.wav,1.1125,v,False,0.2687690760491367,0.9505691011997862,142.05115451612374,4,284.38339973257064,0.33382988674942116
ACF,phone_M1.wav,1.1225,v,False,0.18905322514200992,0.8134302679975595,139.4390833706109,11,285.32060917411695,0.46498058066269443
ACF,phone_M1.wav,1.1325,v,False,0.24394287434119324,0.7130763565826144,135.60475659401882,12,,
ACF,phone_M1.wav,1.1425,v,False,0.44116785927807944,0.8354452964363169,147.02794985739604,12,295.7302168236891,0.4415430674843704
ACF,phone_M1.wav,1.1525,v,False,0.6454363922319833,0.8752177437074337,151.88009093014256,7,,
ACF,phone_M1.wav,1.1625,v,False,0.8669606080702792,0.8529265545844842,154.25590271850606,6,,
ACF,phone_M1.wav,1.1725,v,False,0.9376426046003082,0.8466243470666133,154.4369928404206,7,312.2542470283173,1.1969822186353536
ACF,phone_M1.wav,1.1825,v,False,0.9049706951173361,0.8742821382753422,154.04954915907092,12,312.60845460035785,1.1003345274913683
ACF,phone_M1.wav,1.1925,v,False,0.80269812756359,0.8981793307566804,153.6139972545589,12,,
ACF,phone_M1.wav,1.2025,v,False,0.7670868449546844,0.9152477805134854,153.34452816852811,12,,
ACF,phone_M1.wav,1.2125,v,False,0.6661535133975555,0.8372245627681546,152.3861397337589,12,,
ACF,phone_M1.wav,1.2225,v,False,0.5018479805076668,0.6659799679450086,,12,,
ACF,phone_M1.wav,1.2325,v,False,0.31872388546879177,0.8386347742771109,149.80091274530244,4,303.43074884058063,0.4286722146771491
ACF,phone_M1.wav,1.2425,v,False,0.35394493227977497,0.9850029007939505,152.5850756702491,4,307.2989035052862,0.4974222809945107
ACF,phone_M1.wav,1.2525,v,False,0.4052929121928803,0.972060621244919,154.53894547050075,4,307.39829547587686,0.45909008278017227
ACF,phone_M1.wav,1.2625,v,False,0.3864172665327054,0.9690888442155098,156.04364362931744,4,319.0508886089724,0.4657912804042872
ACF,phone_M1.wav,1.2725,v,False,0.3656939819452095,0.9838057050165752,157.17212362707835,4,311.10859675922876,0.5949364897061136
ACF,phone_M1.wav,1.2825,v,False,0.35666636802121277,0.9827198722321197,78.43133124567193,4,156.67375910088597,0.0036197900511792946
ACF,phone_M1.wav,1.2925,v,False,0.32229575871580557,0.977355413204543,154.80555123576775,4,308.0341783409196,0.729677540619472
ACF,phone_M1.wav,1.3025,v,False,0.24887678049242806,0.9684930387106397,153.53255799207494,4,302.37606724840987,0.9167869067022497
ACF,phone_M1.wav,1.3125,v,False,0.219588267103527,0.9562495620850757,153.3768477453182,5,,
ACF,phone_M1.wav,1.3225,v,False,0.18753316834622502,0.9434206702828931,152.51431948239727,6,,
ACF,phone_M1.wav,1.3325,v,False,0.1769725080072226,0.917050382767945,76.24286342625095,4,152.5449690773752,0.0002926516248559219
ACF,phone_M1.wav,1.3425,v,False,0.1644884596918968,0.8841087725484372,153.38277495087044,8,,
ACF,phone_M1.wav,1.3525,v,False,0.15068472004501687,0.901629318047932,153.22256126326212,4,,
ACF,phone_M1.wav,1.3625,v,False,0.12880346765320486,0.8943990794850757,77.00303778554502,2,152.925561480956,0.03243413370950332
ACF,phone_M1.wav,1.3725,v,False,0.10841348709456809,0.8273975498220237,147.75519061021174,4,,
ACF,phone_M1.wav,1.3825,v,True,0.12079921687033207,0.48222265395359226,,12,,
ACF,phone_M1.wav,1.3925,uv,True,0.1153888518506539,0.4497393614322354,,12,,
ACF,phone_M1.wav,1.4025,uv,False,0.08712244879194274,0.4667475875429932,,12,,
ACF,phone_M1.wav,1.4125,uv,False,0.08745869561673134,0.4184630844977294,,12,,
ACF,phone_M1.wav,1.4225,uv,False,0.12780562888923425,0.46139721902647013,,12,,
ACF,phone_M1.wav,1.4325,uv,False,0.1314496703385677,0.45521001744690714,,12,,
ACF,phone_M1.wav,1.4425,uv,False,0.12121573450969102,0.27375454699331114,,12,,
ACF,phone_M1.wav,1.4525,uv,False,0.11337101081744647,0.280720606249844,,12,,
ACF,phone_M1.wav,1.4625,uv,False,0.10675115006669683,0.27507807593646844,,12,,
ACF,phone_M1.wav,1.4725,uv,False,0.10604951188654031,0.3705811181987527,,12,,
ACF,phone_M1.wav,1.4825,uv,False,0.1022308646416843,0.29354136793408364,,12,,
ACF,phone_M1.wav,1.4925,uv,True,0.13844044593834143,0.37431328320340707,,12,,
ACF,phone_M1.wav,1.5025,v,True,0.34821449476930016,0.6186386235417114,,12,,
ACF,phone_M1.wav,1.5125,v,True,0.5349865729904635,0.8035111864629737,116.49725126170155,5,233.6174479572187,0.3943154973608856
ACF,phone_M1.wav,1.5225,v,False,0.7055713501858818,0.9463617043167735,114.5040610800779,5,231.49692845106898,0.4865996856828434
ACF,phone_M1.wav,1.5325,v,False,0.8288896856214215,0.9685441106371495,114.6819524850372,5,228.03892160508713,0.3436179133395042
ACF,phone_M1.wav,1.5425,v,False,0.9067793278709285,0.9883106561716599,114.71582457732424,5,227.7252454165107,0.26958974199180596
ACF,phone_M1.wav,1.5525,v,False,0.871280980268536,0.990774505973313,114.27257585889315,5,227.67631130960308,0.21797054779320602
ACF,phone_M1.wav,1.5625,v,False,0.7274111318928227,0.9775491144422723,113.12615527225817,5,227.5964191529631,0.17093704336065074
ACF,phone_M1.wav,1.5725,v,False,0.5756660240316435,0.9486010988991158,112.27468748642717,5,225.08258724791156,0.14700932716090753
ACF,phone_M1.wav,1.5825,v,False,0.47957062933639477,0.9157434322751353,110.23823443521496,5,220.78416155034114,0.14117927421139764
ACF,phone_M1.wav,1.5925,v,False,0.3693808691029459,0.801667337820107,109.16381519711457,5,218.06489969401235,0.13907889076349933
ACF,phone_M1.wav,1.6025,v,False,0.26686436036044336,0.6467801574623228,,5,,
ACF,phone_M1.wav,1.6125,v,False,0.24450969291900745,0.8937578143431725,111.29120150608428,4,,
ACF,phone_M1.wav,1.6225,v,False,0.2501659535002845,0.899694737925032,108.9783487153726,4,,
ACF,phone_M1.wav,1.6325,v,False,0.24998646394968005,0.9260798516620613,107.43068221895591,4,,
ACF,phone_M1.wav,1.6425,v,False,0.2506062987988213,0.9341207074644113,106.77480871172536,4,212.529540509069,0.9208285348558343
ACF,phone_M1.wav,1.6525,v,False,0.2443086191393363,0.9311347867806984,107.41286054453309,5,215.2733237735339,0.6520451144693928
ACF,phone_M1.wav,1.6625,v,False,0.2240973297268989,0.8617270978608509,108.31471797625218,4,219.8748882909521,0.6712358494156486
ACF,phone_M1.wav,1.6725,v,False,0.19736164290654037,0.6069142547083816,,5,,
ACF,phone_M1.wav,1.6825,v,True,0.15684392808808273,0.6853875398328703,112.35254287444631,5,224.8715443620798,0.7121831556320933
ACF,phone_M1.wav,1.6925,uv,True,0.1313649567770016,0.5086954795070884,,9,,
ACF,phone_M1.wav,1.7025,uv,True,0.07858442691477403,0.5688276993856284,,12,,
ACF,phone_M1.wav,1.7125,uv,False,0.07102413262169689,0.36011908958196426,,12,,
ACF,phone_M1.wav,1.7225,uv,False,0.06323925923227741,0.3467288503656721,,12,,
ACF,phone_M1.wav,1.7325,uv,False,0.0750864349013646,0.23322242796209136,,12,,
ACF,phone_M1.wav,1.7425,uv,False,0.08724040342851702,0.47524388487244834,,12,,
ACF,phone_M1.wav,1.7525,uv,False,0.09709447785059666,0.504085371905685,,12,,
ACF,phone_M1.wav,1.7625,uv,False,0.10818493956391323,0.4628555924030667,,12,,
ACF,phone_M1.wav,1.7725,uv,False,0.12647121765486943,0.35989928360664625,,12,,
ACF,phone_M1.wav,1.7825,uv,True,0.14356308413460842,0.323081750926025,,12,,
ACF,phone_M1.wav,1.7925,v,True,0.2663297293198536,0.5384042576418685,,10,,
ACF,phone_M1.wav,1.8025,v,True,0.4996734088506692,0.7009584957192329,124.20759262934507,7,246.16752442610945,0.4410371874261998
ACF,phone_M1.wav,1.8125,v,False,0.7115220982155005,0.8532304921370025,121.76665385189031,6,242.69242435549006,0.6217826867592904
ACF,phone_M1.wav,1.8225,v,False,0.9507255962946898,0.9653859894556477,120.97549193750291,5,246.18111129087168,0.6723796812794258
ACF,phone_M1.wav,1.8325,v,False,1.1308824445637238,0.9746882430008108,120.75528466505396,5,246.76239854932155,0.5800294532179048
ACF,phone_M1.wav,1.8425,v,False,1.217242126063521,0.9902878676449527,120.49768587592611,5,241.29426926109159,0.5024665846250417
ACF,phone_M1.wav,1.8525,v,False,1.2276452737233674,0.9683458922498308,119.80312258399636,5,237.98063066664912,0.389196980772229
ACF,phone_M1.wav,1.8625,v,False,1.1820903443430477,0.9631862195837232,118.0047856158774,5,235.76474374056485,0.3120029014136707
ACF,phone_M1.wav,1.8725,v,False,1.0756629066088463,0.9704041672067272,116.57232574892357,5,232.879367913445,0.2765743196673488
ACF,phone_M1.wav,1.8825,v,False,1.0357268942467757,0.945617515700686,114.28595145782222,5,230.1907331389099,0.2657774565475024
ACF,phone_M1.wav,1.8925,v,False,0.9783092206317245,0.9682223647137774,112.65132508177783,5,226.2087101681955,0.32303908291991434
ACF,phone_M1.wav,1.9025,v,False,0.9461591103938348,0.9630940271991904,111.50180516326861,5,221.68390320378248,0.361901548992029
ACF,phone_M1.wav,1.9125,v,False,0.9294912447259418,0.982790320288812,110.55678962093948,5,219.65082934022018,0.38357854719160134
ACF,phone_M1.wav,1.9225,v,False,0.8951790277493127,0.9622488462840296,110.06445616395773,5,221.10518080530417,0.366985394708756
ACF,phone_M1.wav,1.9325,v,False,0.7975266546499508,0.7785121015905899,108.4074156398631,5,226.76370333969882,0.3090891322985702
ACF,phone_M1.wav,1.9425,v,False,0.6692732045205734,0.8146547369702813,103.60717375290258,6,,
ACF,phone_M1.wav,1.9525,v,False,0.5983385685912074,0.9357569475972085,100.83609002745294,6,,
ACF,phone_M1.wav,1.9625,v,False,0.5464713020667433,0.8548929354030483,98.7747254383823,6,,
ACF,phone_M1.wav,1.9725,v,False,0.42544192396047925,0.6841873778748048,245.09707141644694,6,,
ACF,phone_M1.wav,1.9825,v,False,0.3538428675056904,0.6190822983254943,,6,,
ACF,phone_M1.wav,1.9925,v,False,0.2967066752693574,0.7599102732140537,240.1723276580468,5,,
ACF,phone_M1.wav,2.0025,v,False,0.35366784849974164,0.6155467792429946,,5,,
ACF,phone_M1.wav,2.0125,v,False,0.3111187043393562,0.6211944797121718,,5,,
ACF,phone_M1.wav,2.0225,v,False,0.2624805535835325,0.3321763295314065,,5,,
ACF,phone_M1.wav,2.0325,v,False,0.25580072310417357,0.7142868689742752,102.63140585889352,4,211.44461061689168,0.2950205962228415
ACF,phone_M1.wav,2.0425,v,False,0.2523225679551183,0.5502382198072822,,4,,
ACF,phone_M1.wav,2.0525,v,False,0.24488522993636408,0.7705117729351207,99.42265593303668,4,202.2817627562066,0.48067321701250004
ACF,phone_M1.wav,2.0625,v,False,0.2038564370679414,0.7463900667081625,95.28479244599369,4,187.05289719035997,0.550968945493362
ACF,phone_M1.wav,2.0725,v,False,0.15822907419538168,0.7036780924063151,104.23780757495992,6,198.5104104294306,0.5315114806514245
ACF,phone_M1.wav,2.0825,v,False,0.126663063876383,0.7030159728278649,106.69051679447472,5,215.0669034430651,0.24416875255708098
ACF,phone_M1.wav,2.0925,v,False,0.1229278077432418,0.740906996551968,106.93555964032568,5,207.8913373619849,0.34261928186119917
ACF,phone_M1.wav,2.1025,v,False,0.11933582077682571,0.7648552675254618,106.65238489705541,2,214.37515414752679,0.7075367279163682
ACF,phone_M1.wav,2.1125,v,False,0.10955413229369938,0.8434980058484579,106.61773632323981,9,210.2186223523967,0.940708325579776
ACF,phone_M1.wav,2.1225,v,False,0.10454032947747033,0.7667873450143652,107.48528575306125,5,218.21224308359604,0.7047645102060399
ACF,phone_M1.wav,2.1325,v,False,0.0959664370922543,0.7839381457333578,111.00248711124105,12,222.28092117530647,0.5819561758677206
ACF,phone_M1.wav,2.1425,v,False,0.10609653666241277,0.6427560893709894,,12,,
ACF,phone_M1.wav,2.1525,v,False,0.18014456371033918,0.6927657995858859,123.18530357153482,12,245.71809269994102,0.6290643868977184
ACF,phone_M1.wav,2.1625,v,False,0.2875693021290483,0.8440656579937591,123.24283058989327,12,234.97724737749607,0.7776179042833627
ACF,phone_M1.wav,2.1725,v,False,0.414253401082846,0.9118738890081253,124.03386555632108,10,245.9192922420963,0.8272213829089242
ACF,phone_M1.wav,2.1825,v,False,0.49546070021150956,0.9093233855939502,123.57882429514905,12,251.41859274567392,0.7329893378643697
ACF,phone_M1.wav,2.1925,v,False,0.5593932454015081,0.8569812318724984,122.9696929726272,12,248.61133904382783,0.6760198602013592
ACF,phone_M1.wav,2.2025,v,False,0.5955345669490963,0.8595218901248297,121.65452561929315,12,252.5754432601142,0.6590111971192083
ACF,phone_M1.wav,2.2125,v,False,0.5904215843375316,0.7788683265630937,120.74443376820673,12,254.97571060981284,0.5942626250470648
ACF,phone_M1.wav,2.2225,v,False,0.5750160855731884,0.9483119118942043,120.14887204334649,12,240.1261081229959,0.7645268148667057
ACF,phone_M1.wav,2.2325,v,False,0.528056449221943,0.7090881531722985,119.60635707284327,12,239.21351541961494,0.5676716181391517
ACF,phone_M1.wav,2.2425,v,False,0.4580335611100727,0.880854480459399,117.83316405550661,12,235.0856137088373,0.7552282494767247
ACF,phone_M1.wav,2.2525,v,False,0.4320741280387812,0.6865595543951664,116.54194687853744,12,231.90310129762796,0.5244430001821846
ACF,phone_M1.wav,2.2625,v,False,0.45593161941311394,0.8821072873488948,115.2125345807723,12,229.71454164458666,0.7038635102308015
ACF,phone_M1.wav,2.2725,v,False,0.4793478529835362,0.9129445986914516,114.86076695374713,12,230.7567188445514,0.6874240334917505
ACF,phone_M1.wav,2.2825,v,False,0.48981909997024486,0.9140051648723821,114.41049985423265,12,,
ACF,phone_M1.wav,2.2925,v,False,0.4612427161901723,0.833595067763188,113.61105266183472,12,,
ACF,phone_M1.wav,2.3025,v,False,0.4329524520525214,0.6727901125511037,,12,,
ACF,phone_M1.wav,2.3125,v,False,0.3843277684818716,0.8895369754021977,111.49508092633502,12,233.6037511604307,0.7229625702263113
ACF,phone_M1.wav,2.3225,v,False,0.3492567128807996,0.8571008089602576,110.17728021647147,12,220.57513300412603,0.7559695459519425
ACF,phone_M1.wav,2.3325,v,False,0.313200649054466,0.9044571783404475,109.53084836670973,12,219.99586779731925,0.852684631259097
ACF,phone_M1.wav,2.3425,v,False,0.3334941323209027,0.9271880270668914,109.63237163855621,12,213.92001027491918,0.8557555807624052
ACF,phone_M1.wav,2.3525,v,False,0.33791328224644285,0.8747287799682246,110.06120004999413,12,210.20811866683104,0.8074962008571378
ACF,phone_M1.wav,2.3625,v,False,0.3369058960629542,0.9502630946332217,110.98453753312751,12,232.94714635014947,0.9231921829273406
ACF,phone_M1.wav,2.3725,v,False,0.33117378225992383,0.9292064290089356,111.65739073514986,12,,
ACF,phone_M1.wav,2.3825,v,False,0.3236152133594225,0.857382331645071,112.7335362908588,12,236.8391403605873,0.9358049117800036
ACF,phone_M1.wav,2.3925,v,False,0.2927250031783219,0.9209154367177492,114.32239624016783,12,,
ACF,phone_M1.wav,2.4025,v,False,0.22562041769125477,0.7057427686678552,111.9415373671902,6,230.90707419815695,0.8146405839476917
ACF,phone_M1.wav,2.4125,v,False,0.1309536665274983,0.4976040596783066,,4,,
ACF,phone_M1.wav,2.4225,v,False,0.13518362336047351,0.8377280262689535,124.89631778085209,3,254.95135053035105,0.7362775348172679
ACF,phone_M1.wav,2.4325,v,False,0.15389734219810786,0.897408852461516,125.1722354666137,3,245.98624436712964,0.5637908488012066
ACF,phone_M1.wav,2.4425,v,False,0.17057491362995567,0.9174461478394159,125.51924894202563,3,249.78311659948739,0.528040381693273
ACF,phone_M1.wav,2.4525,v,False,0.17116692427206717,0.9204528462533458,129.91355125276962,3,257.0198574797093,0.7837635844419063
ACF,phone_M1.wav,2.4625,v,False,0.19608295717751809,0.9317839162818903,127.75733538762209,3,250.81276050105782,0.6870229872122636
ACF,phone_M1.wav,2.4725,v,False,0.21435867696950156,0.9513618882679886,123.74567988433314,3,240.9501095219924,0.6231590181377331
ACF,phone_M1.wav,2.4825,v,False,0.22525151261410034,0.9793432828326142,121.93375691064978,3,244.13847160151047,0.6165640806331346
ACF,phone_M1.wav,2.4925,v,False,0.37536191495663185,0.7878211103073218,122.93818598180927,5,247.8793197385849,0.2344081810856783
ACF,phone_M1.wav,2.5025,v,False,0.5152046591036775,0.3403203643719353,,12,,
ACF,phone_M1.wav,2.5125,v,False,0.5969868190160668,0.7747244930912681,110.75074900534527,12,,
ACF,phone_M1.wav,2.5225,v,False,0.6076716872039348,0.9398419339725645,111.19296093745542,12,,
ACF,phone_M1.wav,2.5325,v,False,0.6070871166855476,0.8057435550915607,110.89081028307979,12,,
ACF,phone_M1.wav,2.5425,v,False,0.6034782651572318,0.8028409652669061,110.90214455311694,12,,
ACF,phone_M1.wav,2.5525,v,False,0.5714835429451893,0.5853548938026406,,12,,
ACF,phone_M1.wav,2.5625,v,False,0.5349141999344924,0.9138384501972845,109.56265274521395,12,,
ACF,phone_M1.wav,2.5725,v,False,0.4710556054960732,0.8784071630574417,108.17581035531383,12,,
ACF,phone_M1.wav,2.5825,v,False,0.4555660903431319,0.9262644573305797,108.78368303238865,12,,
ACF,phone_M1.wav,2.5925,v,False,0.48067221918771896,0.9117221911874603,108.03729393237896,12,,
ACF,phone_M1.wav,2.6025,v,False,0.48593019856072106,0.9006022510223672,107.91215533487508,12,,
ACF,phone_M1.wav,2.6125,v,False,0.4645891428739961,0.8514877823104241,107.54326291592479,12,,
ACF,phone_M1.wav,2.6225,v,False,0.45160832748170704,0.9212760590698728,106.70133253082504,12,,
ACF,phone_M1.wav,2.6325,v,False,0.43988715571646975,0.8714033996626722,105.88824571020763,12,,
ACF,phone_M1.wav,2.6425,v,False,0.4174651767880913,0.9343425153505917,104.5566939872723,12,207.94231978893075,1.179486555240175
ACF,phone_M1.wav,2.6525,v,False,0.39352485628429235,0.9251308288488627,104.14287787097092,12,204.57252710897447,1.1247223445230357
ACF,phone_M1.wav,2.6625,v,False,0.36832175657438915,0.9426323383188606,103.50134049977832,12,,
ACF,phone_M1.wav,2.6725,v,False,0.3357526271236258,0.9332121300194334,102.98779084323563,12,,
ACF,phone_M1.wav,2.6825,v,False,0.31041383332427736,0.9431184084077446,102.42754832094835,12,,
ACF,phone_M1.wav,2.6925,v,False,0.2883871779316518,0.9041109683454794,102.83118107667366,12,201.12585495257161,0.698661182676356
ACF,phone_M1.wav,2.7025,v,False,0.2428238562954828,0.8459175645547896,103.51888760565986,12,212.0108019874021,0.6065904875015218
ACF,phone_M1.wav,2.7125,v,False,0.21723406338587112,0.6385456528871596,,12,,
ACF,phone_M1.wav,2.7225,v,False,0.17763512506285403,0.30172632910295805,,12,,
ACF,phone_M1.wav,2.7325,v,False,0.1400222823233319,0.31148969243418834,,12,,
ACF,phone_M1.wav,2.7425,v,False,0.15155373655795623,0.32197286354408733,,12,,
ACF,phone_M1.wav,2.7525,v,False,0.1380444612604242,0.4468316459509619,,12,,
ACF,phone_M1.wav,2.7625,v,False,0.10734184229217997,0.3830704202780806,,12,,
ACF,phone_M1.wav,2.7725,v,True,0.0708889888251621,0.3927990954963257,,12,,
ACF,phone_M1.wav,2.7825,uv,True,0.07703797897035937,0.28672743603661854,,12,,
ACF,phone_M1.wav,2.7925,uv,False,0.07088224121004313,0.1958236202258356,,12,,
ACF,phone_M1.wav,2.8025,uv,False,0.07466980556829336,0.15827178103248427,,12,,
ACF,phone_M1.wav,2.8125,uv,False,0.040786178369507334,0.33522584532299515,,12,,
ACF,phone_M1.wav,2.8225,uv,False,0.034849923865627366,0.29838103401895677,,12,,
ACF,phone_M1.wav,2.8325,uv,False,0.1731467084781314,0.15596097196718328,,12,,
ACF,phone_M1.wav,2.8425,uv,False,0.48865461534391474,0.548019547514451,,12,,
ACF,phone_M1.wav,2.8525,uv,True,0.5079354389576863,0.47895651571742287,,12,,
ACF,phone_M1.wav,2.8625,v,True,0.5779528322138631,0.2943814403274864,,12,,
ACF,phone_M1.wav,2.8725,v,False,0.6418049751807091,0.5008110954211124,,12,,
ACF,phone_M1.wav,2.8825,v,False,0.9249734844205705,0.7268246196648496,135.57687435619215,8,,
ACF,phone_M1.wav,2.8925,v,False,0.951221694063306,0.8160038965693757,135.421323510372,12,,
ACF,phone_M1.wav,2.9025,v,False,0.9981348809046879,0.7783367979332501,135.64750173578543,12,,
ACF,phone_M1.wav,2.9125,v,False,1.1416306620278702,0.6677532266343553,,12,,
ACF,phone_M1.wav,2.9225,v,True,0.8466327890147565,0.5449488827473167,,12,,
ACF,phone_M1.wav,2.9325,uv,True,0.6267241769435412,0.45520927438831893,,12,,
ACF,phone_M1.wav,2.9425,uv,True,0.12019358130648376,0.27967108143535063,,11,,
ACF,phone_M1.wav,2.9525,uv,False,0.08684509796355995,0.6213891791074727,,8,,
ACF,phone_M1.wav,2.9625,uv,False,0.08795695718785804,0.7462501657500038,136.7136241407366,8,,
ACF,phone_M1.wav,2.9725,uv,False,0.08269876538017042,0.7129393051960211,136.16047691610518,8,,
ACF,phone_M1.wav,2.9825,uv,False,0.07174218193575299,0.5308421400615727,,10,,
ACF,phone_M1.wav,2.9925,uv,False,0.07060110762947154,0.6261763461666655,,10,,
ACF,phone_M1.wav,3.0025,uv,False,0.06682854564579895,0.6343234048035868,,9,,
ACF,phone_M1.wav,3.0125,uv,False,0.08087560296720034,0.7227877303560782,136.06825575831525,9,,
ACF,phone_M1.wav,3.0225,uv,False,0.08488455505352421,0.7181987124623548,135.88831652559202,8,,
ACF,phone_M1.wav,3.0325,uv,False,0.08103263304308811,0.7799747363331857,136.19167396293628,8,,
ACF,phone_M1.wav,3.0425,uv,False,0.07594926519949297,0.6787768793152373,,10,,
ACF,phone_M1.wav,3.0525,uv,False,0.06406541043116486,0.5985611449907878,,12,,
ACF,phone_M1.wav,3.0625,uv,False,0.0531030566678932,0.5937415118423793,,12,,
ACF,phone_M1.wav,3.0725,uv,False,0.04535608942795064,0.4212426956036033,,12,,
ACF,phone_M1.wav,3.0825,uv,False,0.045328048749649116,0.532744235506084,,9,,
ACF,phone_M1.wav,3.0925,uv,True,0.06827670984338075,0.5791313504403901,,8,,
ACF,phone_M1.wav,3.1025,v,True,0.1075852011448586,0.47761757623986945,,8,,
ACF,phone_M1.wav,3.1125,v,True,0.12962351581950257,0.4713493164953061,,4,,
ACF,phone_M1.wav,3.1225,v,False,0.17299611364346232,0.6701189475190102,,2,,
ACF,phone_M1.wav,3.1325,v,False,0.19784435606633008,0.7432653120293596,98.05458871113186,4,,
ACF,phone_M1.wav,3.1425,v,False,0.21744388182479055,0.9489135898452216,92.11065987076942,4,,
ACF,phone_M1.wav,3.1525,v,False,0.22152242664457003,0.9700516631054912,93.91870123206887,2,,
ACF,phone_M1.wav,3.1625,v,False,0.2277744183452382,0.9507819562991975,95.62808711928906,3,,
ACF,phone_M1.wav,3.1725,v,False,0.23439829728420608,0.9109344503049802,96.49857895495671,3,,
ACF,phone_M1.wav,3.1825,v,False,0.32487549588476805,0.5438172333592841,,10,,
ACF,phone_M1.wav,3.1925,v,False,0.42723857151850525,0.8225564061393499,101.14752968497544,12,192.72532071213058,0.8499847518998305
ACF,phone_M1.wav,3.2025,v,False,0.4558608784411542,0.9482587761607141,100.79648541081393,4,211.69241473836178,0.7923458098388304
ACF,phone_M1.wav,3.2125,v,False,0.4641701871453702,0.9528508977665536,99.7289034132167,4,198.2608713582088,0.6761888762510857
ACF,phone_M1.wav,3.2225,v,False,0.4792783854577064,0.9276862918395294,99.00668327438078,4,206.14775088031413,0.7053464835114538
ACF,phone_M1.wav,3.2325,v,False,0.49223989859094675,0.8841515329671241,98.93831454954068,6,,
ACF,phone_M1.wav,3.2425,v,False,0.532420809612555,0.9241413268912075,100.24273035255341,6,,
ACF,phone_M1.wav,3.2525,v,False,0.5439970541775212,0.9291058895200565,101.19861248145452,6,,
ACF,phone_M1.wav,3.2625,v,False,0.49001261385509964,0.8388468818082953,104.07851449435785,6,,
ACF,phone_M1.wav,3.2725,v,False,0.39460507649863585,0.6329243471781272,,6,,
ACF,phone_M1.wav,3.2825,v,True,0.26555443601262474,0.5971912797349996,,12,,
ACF,phone_M1.wav,3.2925,uv,True,0.1483125919646388,0.367171039695722,,9,,
ACF,phone_M1.wav,3.3025,uv,False,0.08193738770579659,0.45975568375204495,,6,,
ACF,phone_M1.wav,3.3125,uv,False,0.06698661952801391,0.5068256912744156,,12,,
ACF,phone_M1.wav,3.3225,uv,False,0.06110942660898173,0.4943156214432093,,12,,
ACF,phone_M1.wav,3.3325,uv,False,0.12607605375058442,0.3002109686166204,,12,,
ACF,phone_M1.wav,3.3425,uv,False,0.2577118532916498,0.3123533691478556,,12,,
ACF,phone_M1.wav,3.3525,uv,False,0.4190824940765481,0.35432690212011897,,12,,
ACF,phone_M1.wav,3.3625,uv,False,0.5281216095747511,0.2603243175525494,,12,,
ACF,phone_M1.wav,3.3725,uv,False,0.6644305299518477,0.24112311413178308,,12,,
ACF,phone_M1.wav,3.3825,uv,False,0.7863719420712602,0.4101693230188088,,12,,
ACF,phone_M1.wav,3.3925,uv,False,0.9019897389115216,0.37309299816038916,,12,,
ACF,phone_M1.wav,3.4025,uv,False,1.1379957365668774,0.27099260314763146,,12,,
ACF,phone_M1.wav,3.4125,uv,False,1.1768223507036055,0.3428391418133324,,12,,
ACF,phone_M1.wav,3.4225,uv,False,1.00346379260558,0.2238744052439845,,12,,
ACF,phone_M1.wav,3.4325,uv,False,0.5565389257719013,0.2653127549413855,,12,,
ACF,phone_M1.wav,3.4425,uv,True,0.3042380098192263,0.24525669082409013,,12,,
ACF,phone_M1.wav,3.4525,v,True,0.318554110370265,0.366127402494531,,12,,
ACF,phone_M1.wav,3.4625,v,True,0.44119486463740865,0.6958356676395994,117.26409344483267,12,,
ACF,phone_M1.wav,3.4725,v,False,0.486608351366814,0.6694202822875596,,12,,
ACF,phone_M1.wav,3.4825,v,False,0.5065704297644531,0.7225985758165215,109.00407738238883,12,,
ACF,phone_M1.wav,3.4925,v,False,0.48236179195976686,0.6596518276681912,,12,,
ACF,phone_M1.wav,3.5025,v,False,0.4031720979614613,0.6564027584667149,,12,,
ACF,phone_M1.wav,3.5125,v,True,0.27478166784911123,0.5937166717711371,,12,,
ACF,phone_M1.wav,3.5225,sil,True,0.13098472577310466,0.6151885921600843,,12,,
ACF,phone_M1.wav,3.5325,sil,False,0.06499162206943548,0.5238520543602506,,12,,
ACF,phone_M1.wav,3.5425,sil,False,0.06096814340104632,0.3031240220180227,,12,,
ACF,phone_M1.wav,3.5525,sil,False,0.05231362978718571,0.24341381280187707,,12,,
ACF,phone_M1.wav,3.5625,sil,False,0.05214990702116557,0.3050986131665601,,12,,
ACF,phone_M1.wav,3.5725,sil,False,0.05436455979325494,0.3300921458893582,,12,,
ACF,phone_M1.wav,3.5825,sil,False,0.05245186243498705,0.48210067038167875,,12,,
ACF,phone_M1.wav,3.5925,sil,False,0.0442580357682019,0.4676931276532817,,12,,
ACF,phone_M1.wav,3.6025,sil,False,0.04394564940894888,0.412934112693271,,12,,
ACF,phone_M1.wav,3.6125,sil,False,0.04454178718956443,0.44508471172927055,,12,,
ACF,phone_M1.wav,3.6225,sil,False,0.039572882806213225,0.3622775143304335,,12,,
ACF,phone_M1.wav,3.6325,sil,False,0.0428033132378572,0.2653670482483006,,12,,
ACF,phone_M1.wav,3.6425,sil,False,0.04153905395717803,0.23904246052528122,,12,,
ACF,phone_M1.wav,3.6525,sil,False,0.04309790351987625,0.2330050064919066,,12,,
ACF,phone_M1.wav,3.6625,sil,False,0.04208119081746232,0.2862808242401236,,12,,
ACF,phone_M1.wav,3.6725,sil,False,0.04072635952607047,0.33155418478738946,,12,,
ACF,phone_M1.wav,3.6825,sil,False,0.03471669820886061,0.16867725346360435,,12,,
ACF,phone_M1.wav,3.6925,sil,False,0.03755529815116379,0.20642902233414062,,12,,
ACF,phone_M1.wav,3.7025,sil,False,0.036396272053344655,0.476149106114912,,12,,
ACF,phone_M1.wav,3.7125,sil,False,0.03801982532945138,0.2812437974947076,,12,,
ACF,phone_M1.wav,3.7225,sil,False,0.04230893103622619,0.35820906369709055,,12,,
ACF,phone_M1.wav,3.7325,sil,False,0.04136414585421271,0.046385275010553444,,12,,
ACF,phone_M1.wav,3.7425,sil,False,0.0424306373435638,0.17823392996096332,,12,,
ACF,phone_M1.wav,3.7525,sil,False,0.035120812540371485,0.4074768791094239,,12,,
ACF,phone_M1.wav,3.7625,sil,False,0.03663925811166918,0.3479074185320877,,12,,
ACF,phone_M1.wav,3.7725,sil,False,0.03476264895008812,0.24872377676378243,,12,,
ACF,phone_M1.wav,3.7825,sil,False,0.03693171114238341,0.12955020997607622,,12,,
ACF,phone_M1.wav,3.7925,sil,False,0.034491095507386285,0.24671111800162515,,12,,
ACF,phone_M1.wav,3.8025,sil,False,0.03970490915512398,0.20318656342723457,,12,,
ACF,phone_M1.wav,3.8125,sil,False,0.03680269905365595,0.34130870892357207,,12,,
ACF,phone_M1.wav,3.8225,sil,False,0.03824306439363566,0.18146512868249068,,12,,
ACF,phone_M1.wav,3.8325,sil,False,0.03491343751463699,0.31839369678575546,,12,,
ACF,phone_M1.wav,3.8425,sil,False,0.035210471172187154,0.5153217820416374,,12,,
ACF,phone_M1.wav,3.8525,sil,False,0.03524204638602612,0.27360828686556427,,12,,
ACF,phone_M1.wav,3.8625,sil,False,0.03218548024384453,0.3692040995481127,,12,,
ACF,phone_M1.wav,3.8725,sil,False,0.03137242585312839,0.28557715332005096,,12,,
ACF,phone_M1.wav,3.8825,sil,False,0.031706872273108984,0.33477733698818474,,12,,
ACF,phone_M1.wav,3.8925,sil,False,0.027636014042268675,0.2416596363640401,,12,,
ACF,phone_M1.wav,3.9025,sil,False,0.028945452156854772,0.23735134352830922,,12,,
ACF,phone_M1.wav,3.9125,sil,False,0.028587573886224807,0.31013636142637696,,12,,
ACF,phone_M1.wav,3.9225,sil,False,0.027342267516408458,0.30275281207297,,12,,
ACF,phone_M1.wav,3.9325,sil,False,0.02661247084909073,0.3560297908302391,,12,,
ACF,phone_M1.wav,3.9425,sil,False,0.02814567592677674,0.265619471202474,,12,,
ACF,phone_M1.wav,3.9525,sil,False,0.029877987962633096,0.4486086885139299,,12,,
ACF,phone_M1.wav,3.9625,sil,False,0.0253627922500173,0.40333969372019807,,12,,
ACF,phone_M1.wav,3.9725,sil,False,0.027173640691535297,0.21343490638984036,,12,,
ACF,phone_M1.wav,3.9825,sil,False,0.027808657400181545,0.15116339430202264,,12,,
ACF,phone_M1.wav,3.9925,sil,False,0.03204114289664128,0.1801864558486874,,12,,
ACF,phone_M1.wav,4.0025,sil,False,0.033152781325138485,0.30965363875750357,,12,,
ACF,phone_M1.wav,4.0125,sil,False,0.037759264962615946,0.4151642940241996,,12,,
ACF,phone_M1.wav,4.0225,sil,False,0.04063126550366008,0.44540650433946344,,12,,
ACF,phone_M1.wav,4.0325,sil,False,0.04233414157577924,0.6361186256344264,,12,,
ACF,phone_M1.wav,4.0425,sil,False,0.04025741929510517,0.6831323945804421,,12,,
ACF,phone_M1.wav,4.0525,sil,False,0.03452131949018231,0.5590505977069048,,12,,
ACF,phone_M1.wav,4.0625,sil,False,0.030956353521030475,0.49587937002749216,,12,,
ACF,phone_M1.wav,4.0725,sil,False,0.0302020362062607,0.42238546712096825,,12,,
ACF,phone_M1.wav,4.0825,sil,False,0.034113191881420694,0.31153348458519337,,12,,
ACF,phone_M1.wav,4.0925,sil,False,0.03588159511368772,0.15200705430127245,,12,,
ACF,phone_M1.wav,4.1025,sil,False,0.03754015831333276,0.24368123521141646,,12,,
ACF,phone_M1.wav,4.1125,sil,False,0.03776445883489395,0.43126792353507476,,12,,
ACF,phone_M1.wav,4.1225,sil,False,0.038603672140723,0.41129812515923375,,12,,
ACF,phone_M1.wav,4.1325,sil,False,0.036455827996715366,0.3815772016774753,,12,,
ACF,phone_M1.wav,4.1425,sil,True,0.03232794827471663,0.5111716617857793,,12,,
ACF,studio_F1.wav,0.012494331065759636,sil,True,0.00437562395588377,0.3254010626496248,,12,,
ACF,studio_F1.wav,0.022494331065759637,sil,False,0.0020250474269376487,0.2391324664112933,,12,,
ACF,studio_F1.wav,0.032494331065759635,sil,False,0.0017766614695819709,0.2992711387076307,,12,,
ACF,studio_F1.wav,0.04249433106575964,sil,False,0.001835312332777489,0.2635509714367513,,12,,
ACF,studio_F1.wav,0.05249433106575964,sil,False,0.002205453823373533,0.30574318972531833,,12,,
ACF,studio_F1.wav,0.062494331065759634,sil,False,0.0033010268373574276,0.3794975746450086,,12,,
ACF,studio_F1.wav,0.07249433106575964,sil,False,0.003921090939890734,0.2972795455272012,,12,,
ACF,studio_F1.wav,0.08249433106575964,sil,False,0.004290078687582249,0.32120521311723527,,12,,
ACF,studio_F1.wav,0.09249433106575963,sil,False,0.004053854232017823,0.384149941737646,,12,,
ACF,studio_F1.wav,0.10249433106575964,sil,False,0.0036179512915578914,0.37588239052798983,,12,,
ACF,studio_F1.wav,0.11249433106575964,sil,False,0.002955712832401231,0.32467225159051377,,12,,
ACF,studio_F1.wav,0.12249433106575963,sil,False,0.0032044565706091143,0.2919096561101453,,12,,
ACF,studio_F1.wav,0.13249433106575964,sil,False,0.0034102740049390106,0.41546916754835445,,12,,
ACF,studio_F1.wav,0.14249433106575965,sil,False,0.0034772512505524844,0.32017894869424096,,12,,
ACF,studio_F1.wav,0.15249433106575963,sil,False,0.0032114805735052074,0.3398905787061359,,12,,
ACF,studio_F1.wav,0.16249433106575964,sil,False,0.0027071990205485862,0.2638372830804189,,12,,
ACF,studio_F1.wav,0.17249433106575965,sil,False,0.002512534276264147,0.34468172836588296,,12,,
ACF,studio_F1.wav,0.18249433106575963,sil,False,0.0024832804900258754,0.3477363899000936,,12,,
ACF,studio_F1.wav,0.19249433106575964,sil,False,0.0023352313233390935,0.35071225712088233,,12,,
ACF,studio_F1.wav,0.20249433106575965,sil,False,0.002313229902287061,0.32999652657304307,,12,,
ACF,studio_F1.wav,0.21249433106575963,sil,False,0.002485349353588255,0.3264029592628078,,12,,
ACF,studio_F1.wav,0.22249433106575964,sil,False,0.003033666504105362,0.4600111808702995,,12,,
ACF,studio_F1.wav,0.23249433106575965,sil,False,0.005759330838178399,0.7259517774655497,247.80059074991144,12,,
ACF,studio_F1.wav,0.24249433106575963,sil,False,0.008438031968522372,0.8697914869663995,247.20993248545327,12,,
ACF,studio_F1.wav,0.25249433106575964,sil,False,0.009270231626991846,0.9282728507908641,246.56881743967438,12,,
ACF,studio_F1.wav,0.26249433106575965,sil,False,0.007713896188648047,0.86650825411948,245.0637436796364,12,,
ACF,studio_F1.wav,0.27249433106575965,sil,False,0.007381502048490915,0.7980404285449986,241.97632409577454,12,,
ACF,studio_F1.wav,0.28249433106575966,sil,False,0.009869216089741171,0.855994814214944,241.51338573999783,12,,
ACF,studio_F1.wav,0.2924943310657596,sil,False,0.01121185654133252,0.8618725749866492,241.5037217458719,11,,
ACF,studio_F1.wav,0.3024943310657596,sil,False,0.010363358641376065,0.8070715063417552,138.61244871405248,11,,
ACF,studio_F1.wav,0.31249433106575963,sil,False,0.007761452254100648,0.6389295995720032,,11,,
ACF,studio_F1.wav,0.32249433106575964,sil,False,0.00619081668805851,0.4861686106557238,,12,,
ACF,studio_F1.wav,0.33249433106575965,sil,False,0.00593557611668439,0.34040076038416966,,12,,
ACF,studio_F1.wav,0.34249433106575966,sil,False,0.005602995958563424,0.3502340859878248,,12,,
ACF,studio_F1.wav,0.3524943310657596,sil,False,0.005395627803117492,0.3720483975981312,,12,,
ACF,studio_F1.wav,0.3624943310657596,sil,False,0.006466932280935151,0.3783185633311864,,12,,
ACF,studio_F1.wav,0.37249433106575963,sil,False,0.006305875305895145,0.4564221408921594,,12,,
ACF,studio_F1.wav,0.38249433106575964,sil,False,0.006117698982221044,0.34779904536306777,,12,,
ACF,studio_F1.wav,0.39249433106575965,sil,False,0.005818444149752099,0.36292162860228283,,12,,
ACF,studio_F1.wav,0.40249433106575966,sil,False,0.006199870239964513,0.37369230001491854,,12,,
ACF,studio_F1.wav,0.4124943310657596,sil,False,0.005707610184837014,0.4493880299315526,,12,,
ACF,studio_F1.wav,0.4224943310657596,sil,False,0.00601673112943397,0.30212511570067574,,12,,
ACF,studio_F1.wav,0.43249433106575963,sil,False,0.005741428864377036,0.3688205153529846,,12,,
ACF,studio_F1.wav,0.44249433106575964,sil,False,0.005441001578846626,0.5110938074465479,,12,,
ACF,studio_F1.wav,0.45249433106575965,sil,False,0.00452655598886243,0.33058106491051537,,12,,
ACF,studio_F1.wav,0.46249433106575966,sil,False,0.004018132530424863,0.3582792909297065,,12,,
ACF,studio_F1.wav,0.4724943310657596,sil,False,0.004323278456802767,0.45176107049538894,,12,,
ACF,studio_F1.wav,0.4824943310657596,sil,False,0.00422169655075486,0.47316936119585573,,12,,
ACF,studio_F1.wav,0.4924943310657596,sil,False,0.003711902209720479,0.3789748817698643,,12,,
ACF,studio_F1.wav,0.5024943310657597,sil,False,0.003051196492216122,0.3769145369663631,,12,,
ACF,studio_F1.wav,0.5124943310657596,sil,False,0.0026259525421647055,0.4158027200327245,,12,,
ACF,studio_F1.wav,0.5224943310657596,sil,False,0.0025281245794668604,0.6749307501651867,,12,,
ACF,studio_F1.wav,0.5324943310657596,sil,False,0.0022690794898853365,0.4610254031753343,,12,,
ACF,studio_F1.wav,0.5424943310657596,sil,False,0.002300491497507085,0.45654898775514374,,12,,
ACF,studio_F1.wav,0.5524943310657596,sil,False,0.0022114238641439505,0.4698726901498219,,12,,
ACF,studio_F1.wav,0.5624943310657596,sil,False,0.002159859535471602,0.6215108730319284,,12,,
ACF,studio_F1.wav,0.5724943310657596,sil,False,0.002108994818850677,0.7168286430230059,161.05887696507546,12,317.4155448498082,0.35331739083165487
ACF,studio_F1.wav,0.5824943310657597,sil,False,0.0018886588549171376,0.5424656135183725,,12,,
ACF,studio_F1.wav,0.5924943310657597,sil,False,0.0017861741961442666,0.5933433248415146,,12,,
ACF,studio_F1.wav,0.6024943310657597,sil,False,0.0015776673457282826,0.6051028593143265,,12,,
ACF,studio_F1.wav,0.6124943310657597,sil,False,0.0014350295885777438,0.6959922939616214,135.89384334205425,11,,
ACF,studio_F1.wav,0.6224943310657597,sil,False,0.0012306202980316395,0.7401039073279175,137.15126852874266,11,,
ACF,studio_F1.wav,0.6324943310657596,sil,False,0.001190344837105647,0.7476920966094803,87.86529921555609,11,,
ACF,studio_F1.wav,0.6424943310657596,sil,False,0.001223061189712079,0.7165302401465715,88.00671850561051,11,,
ACF,studio_F1.wav,0.6524943310657596,sil,False,0.0021695975943366095,0.5547168329459505,,12,,
ACF,studio_F1.wav,0.6624943310657596,sil,False,0.003435756238107234,0.4082845789332888,,12,,
ACF,studio_F1.wav,0.6724943310657596,sil,True,0.0835426156051041,0.192516587735113,,12,,
ACF,studio_F1.wav,0.6824943310657596,uv,True,0.4620916492521643,0.5760870018324898,,12,,
ACF,studio_F1.wav,0.6924943310657596,uv,True,0.920027411413691,0.5770654525384162,,12,,
ACF,studio_F1.wav,0.7024943310657596,v,True,1.2455448408254604,0.7641683857183044,269.736174015829,12,,
ACF,studio_F1.wav,0.7124943310657597,v,True,1.226922675673828,0.8736879305693382,268.66309110226393,12,,
ACF,studio_F1.wav,0.7224943310657597,v,False,1.107919353406124,0.8815814888415466,265.744177839562,12,,
ACF,studio_F1.wav,0.7324943310657597,v,False,0.9974317849920916,0.8870508712966912,262.7111203299794,12,,
ACF,studio_F1.wav,0.7424943310657597,v,False,0.8027910681122766,0.9015508413584329,258.8549456737876,12,,
ACF,studio_F1.wav,0.7524943310657597,v,False,0.7125549793193307,0.9281233637516889,257.48801182841294,12,,
ACF,studio_F1.wav,0.7624943310657596,v,False,0.6370048052604471,0.9165658825658822,257.54153017494275,12,,
ACF,studio_F1.wav,0.7724943310657596,v,False,0.5177855175879298,0.8951999498283764,241.25419873167698,8,,
ACF,studio_F1.wav,0.7824943310657596,v,False,0.3890747990068313,0.9363059548428498,118.20730603607153,3,234.2424954894101,0.016249225996865957
ACF,studio_F1.wav,0.7924943310657596,v,False,0.48195804075220205,0.9785494271788875,240.4794669241001,3,,
ACF,studio_F1.wav,0.8024943310657596,v,False,0.6163478309977266,0.9878184196824036,246.00276464828787,3,,
ACF,studio_F1.wav,0.8124943310657596,v,False,0.7101306686927746,0.9984777517488598,247.47101268167154,3,,
ACF,studio_F1.wav,0.8224943310657596,v,False,0.7387867386876904,0.9989926356292932,247.04401311362358,3,,
ACF,studio_F1.wav,0.8324943310657597,v,False,0.7404780590266968,0.9994627122217208,246.19300104792842,3,,
ACF,studio_F1.wav,0.8424943310657597,v,False,0.7362528030062284,0.9994414015020552,81.8689476254179,3,,
ACF,studio_F1.wav,0.8524943310657597,v,False,0.7031408692673135,0.9994610085010133,245.04878832465027,3,,
ACF,studio_F1.wav,0.8624943310657597,v,False,0.6924364307459955,0.9993572701839252,243.87930705088178,3,,
ACF,studio_F1.wav,0.8724943310657597,v,False,0.6625211957392404,0.9988249302944975,242.3319045847425,3,,
ACF,studio_F1.wav,0.8824943310657596,v,False,0.628751005312772,0.998085680474954,240.93431985767094,3,,
ACF,studio_F1.wav,0.8924943310657596,v,False,0.5335000109100104,0.9908071734266423,238.27543891921925,3,,
ACF,studio_F1.wav,0.9024943310657596,v,False,0.3996230021977702,0.9742586319583894,232.62600163986806,3,,
ACF,studio_F1.wav,0.9124943310657596,v,False,0.29612734311230593,0.9759091347043085,224.32902184646662,3,,
ACF,studio_F1.wav,0.9224943310657596,v,False,0.28804879561854224,0.9946692122393708,224.02376716302612,3,,
ACF,studio_F1.wav,0.9324943310657596,v,False,0.3283696644234831,0.9935420265865798,226.32468400214114,3,,
ACF,studio_F1.wav,0.9424943310657596,v,False,0.3624068278929703,0.982528027686723,231.3701337607028,3,,
ACF,studio_F1.wav,0.9524943310657596,v,False,0.5534003652339652,0.9159470783071999,244.68962314497236,5,,
ACF,studio_F1.wav,0.9624943310657597,v,False,0.8120636037641272,0.8997763360200998,251.92569562813873,6,,
ACF,studio_F1.wav,0.9724943310657597,v,False,0.9530460266559148,0.9393027943861717,253.07160960616463,12,,
ACF,studio_F1.wav,0.9824943310657597,v,False,0.8440730428666059,0.9380412959564178,252.4557511552101,12,,
ACF,studio_F1.wav,0.9924943310657597,v,False,0.6718966409567659,0.7322445936038613,248.2564799715778,6,,
ACF,studio_F1.wav,1.0024943310657597,v,False,0.539713856578031,0.5261486604940792,,6,,
ACF,studio_F1.wav,1.0124943310657597,v,False,0.5508076161783972,0.75173591308888,274.8521300017476,3,,
ACF,studio_F1.wav,1.0224943310657597,v,False,0.6863711694941347,0.9903118760802719,276.9802519071537,3,,
ACF,studio_F1.wav,1.0324943310657597,v,False,0.819020133033336,0.9928910352425445,282.7328575626248,4,,
ACF,studio_F1.wav,1.0424943310657597,v,False,0.9334480596803292,0.9947564100373345,288.64159663970196,4,,
ACF,studio_F1.wav,1.0524943310657597,v,False,1.0004532144131604,0.9958502212939374,292.6907752958301,4,,
ACF,studio_F1.wav,1.0624943310657597,v,False,0.8859127862714321,0.9807903297331038,292.4127171407422,4,,
ACF,studio_F1.wav,1.0724943310657595,v,False,0.6037803019552591,0.9522242275918491,289.00237632057275,4,,
ACF,studio_F1.wav,1.0824943310657595,v,False,0.28643279821641754,0.8857556300342967,278.2754896776537,4,,
ACF,studio_F1.wav,1.0924943310657595,v,True,0.06428668621259702,0.7365242416391602,283.54417552077564,6,,
ACF,studio_F1.wav,1.1024943310657596,uv,True,0.04082559056913667,0.7673683236611546,299.54523044833894,4,,
ACF,studio_F1.wav,1.1124943310657596,uv,True,0.19030829361874912,0.29858615403822486,,12,,
ACF,studio_F1.wav,1.1224943310657596,uv,True,0.5437659947053833,0.5294128858579594,,12,,
ACF,studio_F1.wav,1.1324943310657596,v,True,0.8912904180421519,0.7503651752434497,278.14415086028373,7,,
ACF,studio_F1.wav,1.1424943310657596,v,True,1.0893626093905155,0.701450842609424,265.4261435608238,8,,
ACF,studio_F1.wav,1.1524943310657596,v,False,1.0773554303181825,0.8763686572390578,252.3347803219675,12,,
ACF,studio_F1.wav,1.1624943310657596,v,False,1.051098440197895,0.923802543776475,248.73894178497375,12,,
ACF,studio_F1.wav,1.1724943310657596,v,False,0.9334102313576403,0.9410214034998639,245.54441219236003,12,,
ACF,studio_F1.wav,1.1824943310657596,v,False,0.7526742496191777,0.8906512045051033,244.9245450039602,12,,
ACF,studio_F1.wav,1.1924943310657596,v,False,0.4955967871720985,0.7641513883361295,246.25566548827538,12,,
ACF,studio_F1.wav,1.2024943310657596,v,False,0.14035372989253775,0.7463084525293715,229.64154464044432,3,,
ACF,studio_F1.wav,1.2124943310657597,v,True,0.06212108836616283,0.8702601603797969,70.94879173354293,3,,
ACF,studio_F1.wav,1.2224943310657597,uv,True,0.027253984393929086,0.6980888224092601,245.00133114988023,5,,
ACF,studio_F1.wav,1.2324943310657597,uv,True,0.01805340164679102,0.39481235092237194,,8,,
ACF,studio_F1.wav,1.2424943310657597,uv,False,0.11513683257313115,0.19193008953756382,,12,,
ACF,studio_F1.wav,1.2524943310657597,uv,False,0.19047061523018172,0.42847345973542644,,12,,
ACF,studio_F1.wav,1.2624943310657597,uv,True,0.28403455436756725,0.34911591888495785,,12,,
ACF,studio_F1.wav,1.2724943310657597,v,True,0.5386574943930228,0.9447649130388911,314.91418610502984,5,,
ACF,studio_F1.wav,1.2824943310657597,v,True,0.819190728325342,0.9786748531319314,315.7889579654269,4,,
ACF,studio_F1.wav,1.2924943310657597,v,False,1.0313245143256429,0.9863287750371849,318.66068926175416,5,,
ACF,studio_F1.wav,1.3024943310657597,v,False,1.1477908453852348,0.9736244465419219,315.29832531598555,8,,
ACF,studio_F1.wav,1.3124943310657597,v,False,1.1550057284501005,0.9354818617260899,305.8691603405418,7,,
ACF,studio_F1.wav,1.3224943310657595,v,False,1.1544242081511575,0.8900481154248663,296.808394262555,7,,
ACF,studio_F1.wav,1.3324943310657595,v,False,1.1340622020942566,0.8383208824718424,283.0868247348663,7,,
ACF,studio_F1.wav,1.3424943310657595,v,False,1.0045798499343443,0.7686916852216029,269.8502945682662,8,,
ACF,studio_F1.wav,1.3524943310657596,v,False,0.8990995951516556,0.7641227406017088,237.26685166983358,11,,
ACF,studio_F1.wav,1.3624943310657596,v,False,0.9099182257519948,0.7833794736960186,229.93325318031785,7,,
ACF,studio_F1.wav,1.3724943310657596,v,False,0.8887682447749451,0.8229179946498789,219.3512947887604,10,,
ACF,studio_F1.wav,1.3824943310657596,v,False,0.8772977158734817,0.8814504207042625,209.50908054145526,6,,
ACF,studio_F1.wav,1.3924943310657596,v,False,0.9002017956199123,0.9230630240683606,202.97012503288974,5,,
ACF,studio_F1.wav,1.4024943310657596,v,False,0.9086511745952829,0.9540045062956084,199.0072134878416,4,,
ACF,studio_F1.wav,1.4124943310657596,v,False,0.8490252868962561,0.8525017069007869,195.56813242925062,8,382.16421968259465,0.7259578613060543
ACF,studio_F1.wav,1.4224943310657596,v,False,0.7292592788985612,0.819708321283435,192.59185545420723,5,,
ACF,studio_F1.wav,1.4324943310657596,v,False,0.6573103404773706,0.9540884157795304,200.78175728288406,7,,
ACF,studio_F1.wav,1.4424943310657596,v,False,0.7688268484888392,0.9453891062198134,202.6950680572135,4,,
ACF,studio_F1.wav,1.4524943310657596,v,False,0.9000641835375105,0.9632040145233554,204.50800156668376,4,,
ACF,studio_F1.wav,1.4624943310657597,v,False,0.9510779393398558,0.9784592189930656,207.1853111220116,4,,
ACF,studio_F1.wav,1.4724943310657597,v,False,0.9346867328282535,0.9805571964693327,211.83924761000893,5,,
ACF,studio_F1.wav,1.4824943310657597,v,False,0.8987111850794695,0.9748034598701655,215.3675210458518,5,,
ACF,studio_F1.wav,1.4924943310657597,v,False,0.9827085006905554,0.8604785785558263,219.31520704648796,6,,
ACF,studio_F1.wav,1.5024943310657597,v,False,1.0881370457231907,0.8459877100478427,217.22391145549253,10,,
ACF,studio_F1.wav,1.5124943310657597,v,False,1.0689799036564354,0.9201309579141256,214.97154117439166,10,,
ACF,studio_F1.wav,1.5224943310657597,v,False,0.989406442228206,0.9331178529640644,212.38721192787398,12,,
ACF,studio_F1.wav,1.5324943310657597,v,False,0.8804616768482512,0.9396512720225213,209.36281131533028,10,,
ACF,studio_F1.wav,1.5424943310657597,v,False,0.7735979485426568,0.8926444377590598,206.3647681812204,12,,
ACF,studio_F1.wav,1.5524943310657597,v,False,0.6061450706977108,0.7606024184848434,203.46994354760113,12,,
ACF,studio_F1.wav,1.5624943310657597,v,False,0.5544974383081906,0.7954686658241242,196.73486637157066,2,,
ACF,studio_F1.wav,1.5724943310657595,v,False,0.6704945345812134,0.9851043862685169,199.4621718769445,2,,
ACF,studio_F1.wav,1.5824943310657595,v,False,0.7493847566441343,0.9961848598037306,198.7063481257604,2,,
ACF,studio_F1.wav,1.5924943310657595,v,False,0.7750491889534576,0.9972654503242931,196.42731519600466,2,,
ACF,studio_F1.wav,1.6024943310657596,v,False,0.7855581280323264,0.9960007698321933,196.2835553109001,2,,
ACF,studio_F1.wav,1.6124943310657596,v,False,0.7399195480617148,0.9847205330014832,196.25307071102395,2,,
ACF,studio_F1.wav,1.6224943310657596,v,False,0.5888021051281752,0.9283600635609378,192.41350506680627,2,,
ACF,studio_F1.wav,1.6324943310657596,v,False,0.3598869862679718,0.7986768368829803,183.90221139430986,5,354.2375611126752,0.9128802508432394
ACF,studio_F1.wav,1.6424943310657596,v,True,0.17377571387837204,0.8593045714054626,175.336110049337,4,337.0165637324292,0.09154155246876983
ACF,studio_F1.wav,1.6524943310657596,uv,True,0.06307378570292986,0.828033359788467,179.17762763022296,4,355.98020303732943,0.4538850912923226
ACF,studio_F1.wav,1.6624943310657596,uv,True,0.1418132450413456,0.348417465313647,,12,,
ACF,studio_F1.wav,1.6724943310657596,uv,False,0.4052780798176678,0.211637765895048,,12,,
ACF,studio_F1.wav,1.6824943310657596,uv,False,0.45757275174317513,0.1813353401610201,,12,,
ACF,studio_F1.wav,1.6924943310657596,uv,True,0.41462668684677645,0.18629886075253607,,12,,
ACF,studio_F1.wav,1.7024943310657596,v,True,0.5496728703378057,0.7880076711482514,246.2807905666555,9,,
ACF,studio_F1.wav,1.7124943310657597,v,True,0.7443230785844176,0.8546190918422792,237.5813118554282,5,,
ACF,studio_F1.wav,1.7224943310657597,v,False,0.8683515606003092,0.9310915186850067,231.6191743502902,11,,
ACF,studio_F1.wav,1.7324943310657597,v,False,0.9153910522520909,0.9376063758846461,227.1866974267378,11,,
ACF,studio_F1.wav,1.7424943310657597,v,False,0.9237312154857417,0.7601502355267261,223.69925106636197,9,,
ACF,studio_F1.wav,1.7524943310657597,v,True,0.7656821059238917,0.4113094128597403,,11,,
ACF,studio_F1.wav,1.7624943310657597,uv,True,0.4593866267615288,0.6632903807955699,,9,,
ACF,studio_F1.wav,1.7724943310657597,uv,True,0.126299686044178,0.4836001380301066,,10,,
ACF,studio_F1.wav,1.7824943310657597,uv,True,0.037749584665902065,0.28508140274974525,,7,,
ACF,studio_F1.wav,1.7924943310657597,v,True,0.09954631127472424,0.5512955689243183,,4,,
ACF,studio_F1.wav,1.8024943310657597,v,True,0.2584200604674515,0.7920945826363655,112.5565111206781,4,,
ACF,studio_F1.wav,1.8124943310657597,v,False,0.30666115991840476,0.6152596759185015,,5,,
ACF,studio_F1.wav,1.8224943310657595,v,False,0.29007959494475766,0.8983408226223348,197.80866606416862,5,375.5600320649923,0.9350292627039706
ACF,studio_F1.wav,1.8324943310657595,v,False,0.16831370798377404,0.9373000546832138,191.8494649082555,2,,
ACF,studio_F1.wav,1.8424943310657595,v,False,0.09690045597857942,0.939609976202888,196.85424016921854,2,,
ACF,studio_F1.wav,1.8524943310657596,v,True,0.042402575173219395,0.8746561353319253,199.1288991364335,3,,
ACF,studio_F1.wav,1.8624943310657596,uv,True,0.01768825596320088,0.50850138859492,,2,,
ACF,studio_F1.wav,1.8724943310657596,uv,True,0.012075805532096886,0.5094900743787564,,12,,
ACF,studio_F1.wav,1.8824943310657596,uv,False,0.009292053758351678,0.3839583838706759,,12,,
ACF,studio_F1.wav,1.8924943310657596,uv,False,0.009173139601016523,0.1418814991182199,,12,,
ACF,studio_F1.wav,1.9024943310657596,uv,False,0.11876348786417858,0.24489829128503848,,12,,
ACF,studio_F1.wav,1.9124943310657596,uv,True,0.46563850284479213,0.49034748881122603,,12,,
ACF,studio_F1.wav,1.9224943310657596,v,True,0.812482684976353,0.6320242445963531,,11,,
ACF,studio_F1.wav,1.9324943310657596,v,True,0.977184366491065,0.7316637615446597,216.89251776178446,12,,
ACF,studio_F1.wav,1.9424943310657596,v,False,0.9731824312305296,0.870504445629383,211.34819209271785,11,,
ACF,studio_F1.wav,1.9524943310657596,v,False,0.9623843829520422,0.9552922123424129,208.49532576043637,12,,
ACF,studio_F1.wav,1.9624943310657597,v,False,0.9243588747045607,0.970548338632135,207.53575172652992,12,,
ACF,studio_F1.wav,1.9724943310657597,v,False,0.8821511227760543,0.9525483576879507,205.71535266145665,12,,
ACF,studio_F1.wav,1.9824943310657597,v,False,0.8398891836066475,0.961895842757827,203.20191559477854,12,,
ACF,studio_F1.wav,1.9924943310657597,v,False,0.8182950734684149,0.9639945830846924,201.0671571553376,12,,
ACF,studio_F1.wav,2.0024943310657597,v,False,0.8200277513074049,0.9835878462016685,199.56415953881745,12,,
ACF,studio_F1.wav,2.0124943310657595,v,False,0.8354376960269606,0.9712091468750188,198.2265743305088,12,,
ACF,studio_F1.wav,2.0224943310657597,v,False,0.8183799428096739,0.9649089819618202,196.6096347462778,12,,
ACF,studio_F1.wav,2.0324943310657595,v,False,0.8027237840406036,0.9717724421428668,195.15894063516052,12,,
ACF,studio_F1.wav,2.0424943310657597,v,False,0.7641462099181968,0.9483908074554634,193.35675496235115,12,,
ACF,studio_F1.wav,2.0524943310657595,v,False,0.7205814905145568,0.953282601583278,191.4430611028462,12,,
ACF,studio_F1.wav,2.0624943310657597,v,False,0.6587630170135503,0.964492572602722,189.88962528352496,10,380.42060788827905,1.305677021725362
ACF,studio_F1.wav,2.0724943310657595,v,False,0.6185504977125944,0.9675967470393539,190.08673883190045,8,383.9275258007523,1.3714597146895982
ACF,studio_F1.wav,2.0824943310657598,v,False,0.6050479327418269,0.9724742939185741,187.9323969868461,7,,
ACF,studio_F1.wav,2.0924943310657595,v,False,0.6002149970885268,0.9651580361624776,187.02258965972285,11,,
ACF,studio_F1.wav,2.10249433106576,v,False,0.5780279277023807,0.9678495608689338,185.9694766347522,12,353.97836480796735,1.1870636775127699
ACF,studio_F1.wav,2.1124943310657596,v,False,0.47606838326142625,0.9785350730022185,182.86405326551164,7,356.9079536175973,1.1656743959783298
ACF,studio_F1.wav,2.12249433106576,v,False,0.342819006609762,0.969783632315686,177.9286903238061,7,341.16188294014216,1.1944483292285835
ACF,studio_F1.wav,2.1324943310657596,v,False,0.2129770073747795,0.9152790475628515,172.62188063245273,4,344.8104695946646,1.3229271612894236
ACF,studio_F1.wav,2.14249433106576,v,True,0.13631038205688356,0.8460162452973525,164.58550004163897,2,,
ACF,studio_F1.wav,2.1524943310657596,sil,True,0.07345310743750838,0.8461338774273222,165.5050908309174,4,,
ACF,studio_F1.wav,2.16249433106576,sil,True,0.02785986056719901,0.4252204524826628,,11,,
ACF,studio_F1.wav,2.1724943310657596,sil,False,0.011415249733798963,0.49793825620638765,,11,,
ACF,studio_F1.wav,2.18249433106576,sil,False,0.011009113782560496,0.5162059631417831,,7,,
ACF,studio_F1.wav,2.1924943310657596,sil,False,0.010446991282177605,0.7070826715301602,71.565244470063,4,,
ACF,studio_F1.wav,2.2024943310657594,sil,False,0.011806455806621317,0.39364153687571485,,5,,
ACF,studio_F1.wav,2.2124943310657597,sil,False,0.011432874156660354,0.4477137631363195,,6,,
ACF,studio_F1.wav,2.2224943310657594,sil,False,0.009666994259984681,0.48804391796486885,,8,,
ACF,studio_F1.wav,2.2324943310657597,sil,False,0.00929116790736288,0.2754749709581253,,10,,
ACF,studio_F1.wav,2.2424943310657595,sil,False,0.008023714237441689,0.39116160562218927,,7,,
ACF,studio_F1.wav,2.2524943310657597,sil,False,0.007967850978481123,0.3883683903354308,,8,,
ACF,studio_F1.wav,2.2624943310657595,sil,False,0.007516568742488724,0.5846895792533059,,7,,
ACF,studio_F1.wav,2.2724943310657597,sil,False,0.008737742092916487,0.5224583214936843,,8,,
ACF,studio_F1.wav,2.2824943310657595,sil,False,0.009417077672481493,0.6430219373855127,,6,,
ACF,studio_F1.wav,2.2924943310657597,sil,False,0.008311553987572105,0.45008586645703297,,5,,
ACF,studio_F1.wav,2.3024943310657595,sil,False,0.00965286369724101,0.501763620134913,,6,,
ACF,studio_F1.wav,2.3124943310657597,sil,False,0.009860740310674203,0.4847640978101766,,9,,
ACF,studio_F1.wav,2.3224943310657595,sil,False,0.008214968956951408,0.44614860486286584,,12,,
ACF,studio_F1.wav,2.3324943310657598,sil,False,0.008501112955071504,0.38612471126617315,,12,,
ACF,studio_F1.wav,2.3424943310657595,sil,False,0.00908117925225506,0.5220783277773308,,12,,
ACF,studio_F1.wav,2.35249433106576,sil,False,0.009723667379964555,0.3151246675361066,,9,,
ACF,studio_F1.wav,2.3624943310657596,sil,False,0.009915765347150085,0.4370400117523394,,6,,
ACF,studio_F1.wav,2.37249433106576,sil,False,0.008535771321787336,0.5218356549812505,,6,,
ACF,studio_F1.wav,2.3824943310657596,sil,False,0.007438274023338998,0.4745229895448461,,6,,
ACF,studio_F1.wav,2.39249433106576,sil,False,0.007293690486340877,0.5270451755396455,,11,,
ACF,studio_F1.wav,2.4024943310657596,sil,False,0.007804157657349542,0.42542881120406095,,9,,
ACF,studio_F1.wav,2.41249433106576,sil,False,0.008038665385942086,0.5211711438914379,,5,,
ACF,studio_F1.wav,2.4224943310657596,sil,False,0.007566266169328447,0.36242254563390236,,10,,
ACF,studio_F1.wav,2.43249433106576,sil,False,0.007537736238085613,0.3248431408377251,,11,,
ACF,studio_F1.wav,2.4424943310657596,sil,False,0.00645130600793116,0.3480334626563334,,9,,
ACF,studio_F1.wav,2.4524943310657594,sil,False,0.005817150990010521,0.33813627591786444,,9,,
ACF,studio_F1.wav,2.4624943310657597,sil,False,0.006503537731186484,0.43497001000158797,,11,,
ACF,studio_F1.wav,2.4724943310657594,sil,False,0.007097447622708038,0.4675895095502635,,7,,
ACF,studio_F1.wav,2.4824943310657597,sil,False,0.006694916660978427,0.3852833357878793,,6,,
ACF,studio_F1.wav,2.4924943310657595,sil,False,0.005766530319594883,0.3028197555573703,,8,,
ACF,studio_F1.wav,2.5024943310657597,sil,False,0.005284439727458975,0.3247026389726748,,10,,
ACF,studio_F1.wav,2.5124943310657595,sil,False,0.005335006190348538,0.4286516293850465,,9,,
ACF,studio_F1.wav,2.5224943310657597,sil,False,0.00528405912651327,0.2376036743125221,,10,,
ACF,studio_F1.wav,2.5324943310657595,sil,False,0.005782931459079418,0.3592902399730251,,12,,
ACF,studio_F1.wav,2.5424943310657597,sil,False,0.005639661624658362,0.4290167922404227,,12,,
ACF,studio_F1.wav,2.5524943310657595,sil,False,0.005339528033352694,0.46013866088705035,,12,,
ACF,studio_F1.wav,2.5624943310657597,sil,False,0.009725999734289066,0.12560126706433208,,12,,
ACF,studio_F1.wav,2.5724943310657595,sil,False,0.027170122001973933,0.285074130844958,,12,,
ACF,studio_F1.wav,2.5824943310657598,sil,False,0.02927171375367414,0.2470127743425715,,12,,
ACF,studio_F1.wav,2.5924943310657595,sil,False,0.020585919324729772,0.43975097389448004,,12,,
ACF,studio_F1.wav,2.60249433106576,sil,False,0.007988400824162589,0.3627250827709356,,12,,
ACF,studio_F1.wav,2.6124943310657596,sil,False,0.008201556368573434,0.471031864563426,,12,,
ACF,studio_F1.wav,2.62249433106576,sil,False,0.008576375753914858,0.24195355749803835,,12,,
ACF,studio_F1.wav,2.6324943310657596,sil,False,0.00929895729566042,0.5876477410945942,,12,,
ACF,studio_F1.wav,2.64249433106576,sil,False,0.00820949948508649,0.5440594659683977,,12,,
ACF,studio_F1.wav,2.6524943310657596,sil,False,0.007973028440141968,0.748213082203815,361.5962962772941,12,,
ACF,studio_F1.wav,2.66249433106576,sil,False,0.0071065987112808255,0.4014052930448463,,12,,
ACF,studio_F1.wav,2.6724943310657596,sil,False,0.005899272327313017,0.6421628660538407,,12,,
ACF,studio_F1.wav,2.68249433106576,sil,False,0.00582056891686553,0.36471277028474297,,12,,
ACF,studio_F1.wav,2.6924943310657596,sil,False,0.006635366216392078,0.20517384929748467,,12,,
ACF,studio_F1.wav,2.7024943310657594,sil,False,0.008517758000623543,0.7739810258316361,386.2249068622959,12,,
ACF,studio_F1.wav,2.7124943310657597,sil,False,0.009954362678341806,0.6205565719563925,,12,,
ACF,studio_F1.wav,2.7224943310657594,sil,False,0.01036650277548595,0.8159464280130158,379.5085484770873,12,,
ACF,studio_F1.wav,2.7324943310657597,sil,False,0.008026517379080117,0.695471319948593,383.13896194267,12,,
ACF,studio_F1.wav,2.7424943310657595,sil,False,0.007013334621184268,0.7405053948744632,390.3293336288696,12,,
ACF,studio_F1.wav,2.7524943310657597,sil,False,0.0037377793316370625,0.25831331455952095,,12,,
ACF,studio_F1.wav,2.7624943310657595,sil,False,0.0038178320027737415,0.2795770856213769,,12,,
ACF,studio_F1.wav,2.7724943310657597,sil,False,0.0035792227460940593,0.3592055063946375,,12,,
ACF,studio_F1.wav,2.7824943310657595,sil,False,0.0031170476403305663,0.20602626340635602,,12,,
ACF,studio_F1.wav,2.7924943310657597,sil,False,0.0032496521351049745,0.3923984994817329,,12,,
ACF,studio_F1.wav,2.8024943310657595,sil,False,0.0037961624182684677,0.37817047422578254,,12,,
ACF,studio_F1.wav,2.8124943310657597,sil,False,0.004239708162184565,0.7327340647842628,381.7651201001333,12,,
ACF,studio_F1.wav,2.8224943310657595,sil,False,0.003898285343117677,0.5449434527013415,,12,,
ACF,studio_F1.wav,2.8324943310657598,sil,False,0.003897425387175735,0.3785418038358571,,12,,
ACF,studio_F1.wav,2.8424943310657595,sil,False,0.0028483446595655767,0.3436178258717366,,12,,
ACF,studio_M1.wav,0.012494331065759636,sil,True,0.0002466297362571055,0.4651530254943413,,12,,
ACF,studio_M1.wav,0.022494331065759637,sil,False,0.00028610377211047913,0.5634238607167652,,12,,
ACF,studio_M1.wav,0.032494331065759635,sil,False,0.0003061480982043904,0.45434266736833895,,12,,
ACF,studio_M1.wav,0.04249433106575964,sil,False,0.0006446768155768663,0.4753301356457572,,12,,
ACF,studio_M1.wav,0.05249433106575964,sil,False,0.0015912896045466494,0.7413538101955612,80.77218921919157,12,,
ACF,studio_M1.wav,0.062494331065759634,sil,False,0.0041220392090383865,0.8951751646698288,82.37071171326592,2,,
ACF,studio_M1.wav,0.07249433106575964,sil,False,0.005969270018933866,0.907610088193468,81.89058836922581,1,,
ACF,studio_M1.wav,0.08249433106575964,sil,False,0.00725080759245495,0.9651513614357564,79.55171900887603,4,163.02521232353405,1.9313564097935476
ACF,studio_M1.wav,0.09249433106575963,sil,False,0.006037847283498452,0.7691651996167731,75.2201692215251,12,146.83747521041144,1.5924448226068852
ACF,studio_M1.wav,0.10249433106575964,sil,False,0.004582214903076035,0.3608807162469918,,12,,
ACF,studio_M1.wav,0.11249433106575964,sil,False,0.0024568587792670963,0.4435877957312044,,12,,
ACF,studio_M1.wav,0.12249433106575963,sil,False,0.0031101371192938485,0.5564170659190074,,12,,
ACF,studio_M1.wav,0.13249433106575964,sil,False,0.004161266801911216,0.8348040748812955,76.71043101707875,12,,
ACF,studio_M1.wav,0.14249433106575965,sil,False,0.003770656158576116,0.6075681727082706,,12,,
ACF,studio_M1.wav,0.15249433106575963,sil,False,0.00295873538599711,0.33728535012816846,,12,,
ACF,studio_M1.wav,0.16249433106575964,sil,False,0.0032086540350143573,0.25482573862999935,,12,,
ACF,studio_M1.wav,0.17249433106575965,sil,False,0.010395150246154004,0.5137359826996007,,12,,
ACF,studio_M1.wav,0.18249433106575963,sil,False,0.01707741904025698,0.5259443070185531,,12,,
ACF,studio_M1.wav,0.19249433106575964,sil,False,0.014541707151944538,0.27034802400946883,,12,,
ACF,studio_M1.wav,0.20249433106575965,sil,False,0.008861290853511486,0.5044009213101694,,12,,
ACF,studio_M1.wav,0.21249433106575963,sil,False,0.005029841052683059,0.3234801723934011,,12,,
ACF,studio_M1.wav,0.22249433106575964,sil,False,0.005058653775566477,0.3477967570208759,,12,,
ACF,studio_M1.wav,0.23249433106575965,sil,False,0.00616554169851126,0.30704063584778946,,12,,
ACF,studio_M1.wav,0.24249433106575963,sil,False,0.006471177923568143,0.3947906638163112,,12,,
ACF,studio_M1.wav,0.25249433106575964,sil,False,0.006158156478660963,0.5251150908365394,,12,,
ACF,studio_M1.wav,0.26249433106575965,sil,False,0.005823302118582405,0.3891116046357704,,12,,
ACF,studio_M1.wav,0.27249433106575965,sil,False,0.0064432333896948645,0.39493560866058025,,12,,
ACF,studio_M1.wav,0.28249433106575966,sil,False,0.006730883915211195,0.490907603939403,,12,,
ACF,studio_M1.wav,0.2924943310657596,sil,False,0.006601477424702211,0.5217279701705252,,12,,
ACF,studio_M1.wav,0.3024943310657596,sil,False,0.006142034202859626,0.6009092856619963,,12,,
ACF,studio_M1.wav,0.31249433106575963,sil,False,0.006602992941943251,0.5703336055013921,,12,,
ACF,studio_M1.wav,0.32249433106575964,sil,False,0.006570715143971337,0.48082330410652374,,12,,
ACF,studio_M1.wav,0.33249433106575965,sil,False,0.005840381760644748,0.4705977813121757,,12,,
ACF,studio_M1.wav,0.34249433106575966,sil,False,0.005446911058022393,0.44233299063237014,,12,,
ACF,studio_M1.wav,0.3524943310657596,sil,False,0.005529242973835893,0.3515715723427151,,12,,
ACF,studio_M1.wav,0.3624943310657596,sil,False,0.006534654322648139,0.5623381147627149,,12,,
ACF,studio_M1.wav,0.37249433106575963,sil,False,0.006282452664635526,0.6046037610989902,,12,,
ACF,studio_M1.wav,0.38249433106575964,sil,False,0.006526803335951066,0.451092376025053,,12,,
ACF,studio_M1.wav,0.39249433106575965,sil,False,0.006531080567359326,0.6512916271083943,,12,,
ACF,studio_M1.wav,0.40249433106575966,sil,False,0.00674330237596658,0.7545619869318306,75.2482150426077,12,,
ACF,studio_M1.wav,0.4124943310657596,sil,False,0.004916155911287407,0.5270306872871445,,12,,
ACF,studio_M1.wav,0.4224943310657596,sil,False,0.004340710967398569,0.383817287806964,,12,,
ACF,studio_M1.wav,0.43249433106575963,sil,False,0.005906895638722555,0.6524259373341894,,12,,
ACF,studio_M1.wav,0.44249433106575964,sil,False,0.005685205760053551,0.43738634501086276,,12,,
ACF,studio_M1.wav,0.45249433106575965,sil,False,0.00462169535346001,0.287215159965982,,12,,
ACF,studio_M1.wav,0.46249433106575966,sil,False,0.005110950185235003,0.5199187667777002,,12,,
ACF,studio_M1.wav,0.4724943310657596,sil,False,0.005542099807765311,0.6957536911364625,90.78381263804751,12,,
ACF,studio_M1.wav,0.4824943310657596,sil,False,0.005563285713809538,0.455356671524137,,12,,
ACF,studio_M1.wav,0.4924943310657596,sil,False,0.006451229893896703,0.47361856371596356,,12,,
ACF,studio_M1.wav,0.5024943310657597,sil,False,0.006404919492434892,0.5747149062828628,,12,,
ACF,studio_M1.wav,0.5124943310657596,sil,False,0.006383143987730262,0.426963016918969,,12,,
ACF,studio_M1.wav,0.5224943310657596,sil,False,0.00955863746238197,0.3288806274290727,,12,,
ACF,studio_M1.wav,0.5324943310657596,sil,False,0.010301733410982119,0.44106773834208474,,12,,
ACF,studio_M1.wav,0.5424943310657596,sil,False,0.00750757214077036,0.3367460174815059,,12,,
ACF,studio_M1.wav,0.5524943310657596,sil,False,0.007910717204718143,0.5782080940930984,,12,,
ACF,studio_M1.wav,0.5624943310657596,sil,False,0.00819988981504367,0.39745534289841844,,12,,
ACF,studio_M1.wav,0.5724943310657596,sil,False,0.008075712611671691,0.4765514575506926,,12,,
ACF,studio_M1.wav,0.5824943310657597,sil,False,0.014284719912948234,0.3381564208057211,,12,,
ACF,studio_M1.wav,0.5924943310657597,sil,False,0.015313489732992597,0.3251702566599547,,12,,
ACF,studio_M1.wav,0.6024943310657597,sil,False,0.014245341229815533,0.4297096297302057,,12,,
ACF,studio_M1.wav,0.6124943310657597,sil,False,0.008877607162823273,0.2456250914486471,,12,,
ACF,studio_M1.wav,0.6224943310657597,sil,False,0.008765006184522124,0.45279279171712244,,12,,
ACF,studio_M1.wav,0.6324943310657596,sil,False,0.008945286190085455,0.4713466370301981,,12,,
ACF,studio_M1.wav,0.6424943310657596,sil,False,0.010506793278606655,0.6081018528310247,,12,,
ACF,studio_M1.wav,0.6524943310657596,sil,False,0.010373614783249751,0.662682279497083,,12,,
ACF,studio_M1.wav,0.6624943310657596,sil,False,0.00814935280997343,0.3850507646015242,,12,,
ACF,studio_M1.wav,0.6724943310657596,sil,False,0.006532958546928272,0.3569979729960757,,12,,
ACF,studio_M1.wav,0.6824943310657596,sil,False,0.007062761051931125,0.580056601216079,,12,,
ACF,studio_M1.wav,0.6924943310657596,sil,False,0.007093812132574169,0.6212289652757715,,12,,
ACF,studio_M1.wav,0.7024943310657596,sil,False,0.00659626892788399,0.43026261382437564,,12,,
ACF,studio_M1.wav,0.7124943310657597,sil,False,0.007549126634366871,0.5753800527753944,,12,,
ACF,studio_M1.wav,0.7224943310657597,sil,False,0.007062120707307763,0.6620881185048089,,12,,
ACF,studio_M1.wav,0.7324943310657597,sil,False,0.005863642839735834,0.5385246137832325,,12,,
ACF,studio_M1.wav,0.7424943310657597,sil,False,0.004452431828044702,0.6241127734206688,,12,,
ACF,studio_M1.wav,0.7524943310657597,sil,False,0.004129246511028681,0.5052195436729667,,12,,
ACF,studio_M1.wav,0.7624943310657596,sil,False,0.003433261730742765,0.30392142916039805,,12,,
ACF,studio_M1.wav,0.7724943310657596,sil,False,0.00231400734166275,0.5029538062667448,,12,,
ACF,studio_M1.wav,0.7824943310657596,sil,False,0.0020684871037173046,0.508679161542088,,12,,
ACF,studio_M1.wav,0.7924943310657596,sil,False,0.0014908157285029456,0.45200800014998227,,12,,
ACF,studio_M1.wav,0.8024943310657596,sil,False,0.0011456986742083705,0.3404623311972602,,12,,
ACF,studio_M1.wav,0.8124943310657596,sil,False,0.0011232254611940583,0.28821555051860936,,12,,
ACF,studio_M1.wav,0.8224943310657596,sil,False,0.002079525945546528,0.452748414863579,,12,,
ACF,studio_M1.wav,0.8324943310657597,sil,False,0.0027937186963777096,0.3802698872599326,,12,,
ACF,studio_M1.wav,0.8424943310657597,sil,False,0.0032517749480538306,0.39074628011729295,,12,,
ACF,studio_M1.wav,0.8524943310657597,sil,False,0.010690723815052643,0.7417494342554007,329.04662907395493,10,,
ACF,studio_M1.wav,0.8624943310657597,sil,True,0.014124769713000251,0.7667170337739494,332.6932631414208,8,,
ACF,studio_M1.wav,0.8724943310657597,uv,True,0.053914949006248034,0.5635476878427614,,8,,
ACF,studio_M1.wav,0.8824943310657596,uv,True,0.06973456795842417,0.4934058486187804,,9,,
ACF,studio_M1.wav,0.8924943310657596,uv,False,0.07958880163490628,0.5435058640008635,,12,,
ACF,studio_M1.wav,0.9024943310657596,uv,False,0.04670855367327697,0.6084977965897254,,12,,
ACF,studio_M1.wav,0.9124943310657596,uv,False,0.03347763352030774,0.2552811667748056,,12,,
ACF,studio_M1.wav,0.9224943310657596,uv,False,0.4887346070027292,0.3685039590065717,,12,,
ACF,studio_M1.wav,0.9324943310657596,uv,True,1.3944253041904529,0.46530710290274696,,12,,
ACF,studio_M1.wav,0.9424943310657596,v,True,1.7197076461574228,0.5531462641630492,,11,,
ACF,studio_M1.wav,0.9524943310657596,v,True,1.6062046295184176,0.7677903370466446,137.08792083777797,10,279.4974288475958,1.0039634931353039
ACF,studio_M1.wav,0.9624943310657597,v,False,1.7010200865475222,0.8732790652262261,134.72981234105305,11,,
ACF,studio_M1.wav,0.9724943310657597,v,False,1.4948129624293949,0.8747037922086245,134.06117239662728,12,,
ACF,studio_M1.wav,0.9824943310657597,v,False,1.329358097787544,0.9250400397484195,133.51391871060787,12,,
ACF,studio_M1.wav,0.9924943310657597,v,False,1.1586889851835194,0.8180684482201266,126.31468311092824,9,,
ACF,studio_M1.wav,1.0024943310657597,v,False,0.974219708137808,0.9345809992178777,123.6785532148644,5,,
ACF,studio_M1.wav,1.0124943310657597,v,False,0.9111480015058716,0.9730635014124286,121.11911222052045,5,,
ACF,studio_M1.wav,1.0224943310657597,v,False,0.8340707243593986,0.9884524914774133,120.07282670601775,5,,
ACF,studio_M1.wav,1.0324943310657597,v,False,0.7555523582216123,0.9908467939955097,119.45052680091818,5,,
ACF,studio_M1.wav,1.0424943310657597,v,False,0.6543057346607394,0.9818377843851689,118.64239977315891,5,,
ACF,studio_M1.wav,1.0524943310657597,v,False,0.5793539444542005,0.9817055736417156,118.51485734319466,5,,
ACF,studio_M1.wav,1.0624943310657597,v,False,0.5139366709884686,0.9753686925613392,117.92410847896501,5,,
ACF,studio_M1.wav,1.0724943310657595,v,False,0.4240524125443755,0.9666217090400732,116.50059580672037,5,,
ACF,studio_M1.wav,1.0824943310657595,v,False,0.3877104021537726,0.9667271125308593,115.69988383440337,2,,
ACF,studio_M1.wav,1.0924943310657595,v,False,0.5523337965701506,0.8003908606716236,122.17354205341256,6,,
ACF,studio_M1.wav,1.1024943310657596,v,False,0.9194514457302327,0.8944477621067516,131.60539286114906,8,263.2184694579086,1.2806071618597712
ACF,studio_M1.wav,1.1124943310657596,v,False,1.0715650718802405,0.9540273507993859,132.6666770123372,7,265.534966890605,1.265912958038787
ACF,studio_M1.wav,1.1224943310657596,v,False,1.1017479555767036,0.9338542037656837,135.45928030925873,12,270.85068283169966,1.2568178908429055
ACF,studio_M1.wav,1.1324943310657596,v,False,0.9085234324198265,0.9579743490532833,136.26643438257497,12,272.51420009280554,1.2989458842211075
ACF,studio_M1.wav,1.1424943310657596,v,False,0.7518326683766523,0.8855199286194343,137.11977307172074,8,274.30437258485443,1.2534023572362147
ACF,studio_M1.wav,1.1524943310657596,v,False,0.6611942909826435,0.880619823674027,141.09706134915967,7,,
ACF,studio_M1.wav,1.1624943310657596,v,False,0.46409831047328104,0.7189935404296677,137.72077900776367,6,,
ACF,studio_M1.wav,1.1724943310657596,v,False,0.27048989182015065,0.8101744146091686,140.7505867917205,3,,
ACF,studio_M1.wav,1.1824943310657596,v,False,0.18723420458399556,0.7477386942773561,153.1572740363319,7,,
ACF,studio_M1.wav,1.1924943310657596,v,False,0.15279871985252227,0.661440282438774,,11,,
ACF,studio_M1.wav,1.2024943310657596,v,False,0.3708921150764887,0.7964500544741413,166.60532223614695,4,333.41970633496646,0.673839178426971
ACF,studio_M1.wav,1.2124943310657597,v,False,0.4833618827061984,0.8561535265892083,163.63919480015798,4,341.1623373983875,0.6669313075824135
ACF,studio_M1.wav,1.2224943310657597,v,False,0.7137653707205984,0.9029084838340575,169.38459497494566,4,341.845892899534,0.5847635058930245
ACF,studio_M1.wav,1.2324943310657597,v,False,0.9713170787537923,0.9628805237717453,174.24737381332062,4,344.0950016143174,0.5211161897989283
ACF,studio_M1.wav,1.2424943310657597,v,False,1.0970649219899422,0.9755225881674969,175.26859155880476,5,353.29000766270195,0.5309392818362866
ACF,studio_M1.wav,1.2524943310657597,v,True,0.9093020915460105,0.9321709627539692,175.0149596856504,4,339.1452447139414,0.5262480920704226
ACF,studio_M1.wav,1.2624943310657597,uv,True,0.5449925179435177,0.7863192742561741,174.81975648847748,5,333.2922647996261,0.4898945329912223
ACF,studio_M1.wav,1.2724943310657597,uv,True,0.1657230205561037,0.39537177167705767,,6,,
ACF,studio_M1.wav,1.2824943310657597,uv,False,0.08839741999543911,0.6523856925423742,,12,,
ACF,studio_M1.wav,1.2924943310657597,uv,False,0.07217197132894507,0.3285216773315437,,12,,
ACF,studio_M1.wav,1.3024943310657597,uv,False,0.12092995634065329,0.3138527821882873,,12,,
ACF,studio_M1.wav,1.3124943310657597,uv,False,0.1344242427842222,0.18751595807681792,,12,,
ACF,studio_M1.wav,1.3224943310657595,uv,True,0.2735579157817413,0.5672978226501816,,12,,
ACF,studio_M1.wav,1.3324943310657595,v,True,0.6819014821836344,0.8132809961762899,168.07278350385468,6,,
ACF,studio_M1.wav,1.3424943310657595,v,True,0.9360262333262341,0.7685856771411778,151.6877374361745,5,,
ACF,studio_M1.wav,1.3524943310657596,v,False,1.0794916165361215,0.7938079865359742,136.76639383136578,4,279.9152097663709,1.339993863689556
ACF,studio_M1.wav,1.3624943310657596,v,False,0.997923104087967,0.8225658629091449,123.42336831284695,12,253.35734468587128,1.367753245778606
ACF,studio_M1.wav,1.3724943310657596,v,False,0.9815432825662516,0.9267865505998497,117.0915986448401,6,244.5794155575647,1.4386829015866816
ACF,studio_M1.wav,1.3824943310657596,v,False,0.8988186502807683,0.8317619841696162,112.61051384690379,9,214.7056504767754,1.1391304808240368
ACF,studio_M1.wav,1.3924943310657596,v,False,0.7781428399960907,0.8658796341651687,106.62622408387833,8,216.44313018733155,1.0180685123518614
ACF,studio_M1.wav,1.4024943310657596,v,False,0.6607189104486109,0.9498739819867663,101.80290766393959,11,199.70617794779565,1.2696657795208786
ACF,studio_M1.wav,1.4124943310657596,v,False,0.6348241134232232,0.9737784372724895,99.87685880165179,7,203.39609130806352,1.4105757096936897
ACF,studio_M1.wav,1.4224943310657596,v,False,0.6134309548002829,0.9782491660934934,98.81857968140686,7,195.69079865132142,1.4027461044327376
ACF,studio_M1.wav,1.4324943310657596,v,False,0.5463526749995256,0.6553021133758137,,4,,
ACF,studio_M1.wav,1.4424943310657596,v,False,0.4808448256656076,0.7836445967348343,90.26071857907381,6,188.9306691411511,1.1797375404391468
ACF,studio_M1.wav,1.4524943310657596,v,False,0.4356056522109837,0.9590399542298746,93.76875376043763,5,189.65938146249215,1.2260030337230223
ACF,studio_M1.wav,1.4624943310657597,v,False,0.45554808570896765,0.9731183472436896,93.83872202513304,5,188.50278034676654,1.1589829355689536
ACF,studio_M1.wav,1.4724943310657597,v,False,0.46519012417001865,0.9756030726976637,94.75217022872087,5,188.82460891190496,1.2313186533147917
ACF,studio_M1.wav,1.4824943310657597,v,False,0.4827341828368338,0.8533636634885783,97.33420429081633,5,192.72705993909904,1.2120250435824138
ACF,studio_M1.wav,1.4924943310657597,v,False,0.5532389177173133,0.8788253565922122,99.34981831729311,8,197.86954500290602,1.176346986543232
ACF,studio_M1.wav,1.5024943310657597,v,False,0.627439473434481,0.8482839093472578,98.29002485713826,9,205.49555904515805,1.053742450023111
ACF,studio_M1.wav,1.5124943310657597,v,False,0.6679139869391603,0.9352537605937347,96.81956969770178,8,,
ACF,studio_M1.wav,1.5224943310657597,v,False,0.6196900121061567,0.9656837478844229,95.68887627741505,8,,
ACF,studio_M1.wav,1.5324943310657597,v,False,0.574740442953312,0.9776622389619316,95.00334827228872,8,,
ACF,studio_M1.wav,1.5424943310657597,v,False,0.507921033178558,0.9273541899077903,94.16378138009588,6,,
ACF,studio_M1.wav,1.5524943310657597,v,False,0.439579222733011,0.8681487596581886,88.78909704233328,4,177.0676076696146,1.1317507988561384
ACF,studio_M1.wav,1.5624943310657597,v,False,0.3831643900118242,0.9336396243027535,91.11683171393452,5,177.03717148523398,1.1377701965150488
ACF,studio_M1.wav,1.5724943310657595,v,False,0.3622216244644692,0.9722743984491823,92.05474215170219,5,181.6442295374822,1.1829671279230396
ACF,studio_M1.wav,1.5824943310657595,v,True,0.2608388662515602,0.5101402199190995,,5,,
ACF,studio_M1.wav,1.5924943310657595,uv,True,0.1630989525118399,0.7515437228720068,73.29008920554038,3,,
ACF,studio_M1.wav,1.6024943310657596,uv,True,0.11471938714841001,0.17961390938955774,,12,,
ACF,studio_M1.wav,1.6124943310657596,uv,False,0.1057023916609843,0.18112034721197298,,12,,
ACF,studio_M1.wav,1.6224943310657596,uv,False,0.27924108993296803,0.2780980123142909,,12,,
ACF,studio_M1.wav,1.6324943310657596,uv,False,0.36395036318072294,0.24541953309250497,,12,,
ACF,studio_M1.wav,1.6424943310657596,uv,False,0.3343503738943337,0.33066836811427214,,12,,
ACF,studio_M1.wav,1.6524943310657596,uv,True,0.4123902963711177,0.4505890262411686,,12,,
ACF,studio_M1.wav,1.6624943310657596,v,True,0.6259715224736732,0.6836562054908432,,12,,
ACF,studio_M1.wav,1.6724943310657596,v,True,0.8230407896199198,0.39861687056790057,,12,,
ACF,studio_M1.wav,1.6824943310657596,v,False,0.882171110947706,0.3555443714952614,,9,,
ACF,studio_M1.wav,1.6924943310657596,v,False,0.7887316364727899,0.8108835330690757,92.84306685704279,6,187.0832468568103,0.6307433039607323
ACF,studio_M1.wav,1.7024943310657596,v,False,0.5858253294395158,0.7536454910790078,91.6323647497006,7,190.4731785767349,0.7389065111969066
ACF,studio_M1.wav,1.7124943310657597,v,False,0.3593419534229395,0.49690948626167375,,6,,
ACF,studio_M1.wav,1.7224943310657597,v,False,0.10211596416963478,0.4588785625675455,,2,,
ACF,studio_M1.wav,1.7324943310657597,v,False,0.058935502840376235,0.6548918202049823,,1,,
ACF,studio_M1.wav,1.7424943310657597,v,False,0.04200404750032329,0.7595003577145191,73.53156434447354,12,142.32209683594073,0.6629209820051662
ACF,studio_M1.wav,1.7524943310657597,v,False,0.03468650323855405,0.752116900590069,73.27885625169813,12,150.43295047441273,0.577580032037216
ACF,studio_M1.wav,1.7624943310657597,v,False,0.031160087964957364,0.7815645077500746,71.53308160277527,12,,
ACF,studio_M1.wav,1.7724943310657597,v,True,0.02695264833906148,0.6915613767980112,73.23139649636977,5,,
ACF,studio_M1.wav,1.7824943310657597,uv,True,0.026642322526650053,0.8187417358608454,72.70937530559458,3,,
ACF,studio_M1.wav,1.7924943310657597,uv,True,0.02608524362664997,0.8586901117701959,70.98506052093838,3,,
ACF,studio_M1.wav,1.8024943310657597,uv,False,0.05627786823007493,0.500816084171735,,12,,
ACF,studio_M1.wav,1.8124943310657597,uv,True,0.3377995666057252,0.4475975634493936,,12,,
ACF,studio_M1.wav,1.8224943310657595,v,True,0.7056695938883843,0.650798019578225,,12,,
ACF,studio_M1.wav,1.8324943310657595,v,True,1.0573787937208283,0.6457805648833487,,10,,
ACF,studio_M1.wav,1.8424943310657595,v,False,1.1273204792101428,0.6141531076140573,,12,,
ACF,studio_M1.wav,1.8524943310657596,v,False,1.002076895912033,0.923483086432255,104.08386162377275,8,213.43811589810855,0.7223881485266714
ACF,studio_M1.wav,1.8624943310657596,v,False,0.9697313972659193,0.9395638521665882,102.54871982061972,8,214.17568724301736,0.797640293503774
ACF,studio_M1.wav,1.8724943310657596,v,False,0.9042387723624336,0.9423760917974745,100.98661496100843,12,,
ACF,studio_M1.wav,1.8824943310657596,v,False,0.8203636435726346,0.9735934713085027,100.46344122404274,11,,
ACF,studio_M1.wav,1.8924943310657596,v,False,0.7599596304654617,0.9606239444332011,99.37402792104946,9,,
ACF,studio_M1.wav,1.9024943310657596,v,False,0.7068666686039607,0.9667779637074071,98.61980667693231,9,,
ACF,studio_M1.wav,1.9124943310657596,v,False,0.6614243807039819,0.9709206806928312,98.45531778408112,9,,
ACF,studio_M1.wav,1.9224943310657596,v,False,0.6314793894706101,0.9559045492653052,97.99751613849647,9,201.59511948135997,1.1434182015135095
ACF,studio_M1.wav,1.9324943310657596,v,False,0.5906170908070353,0.9267934340923092,97.42665343827207,12,201.52902363397115,1.1201288926539974
ACF,studio_M1.wav,1.9424943310657596,v,False,0.56042981882814,0.8754331942760879,95.32646952070175,11,,
ACF,studio_M1.wav,1.9524943310657596,v,False,0.5357315633724045,0.8758863445116186,94.9840328786606,12,,
ACF,studio_M1.wav,1.9624943310657597,v,False,0.5067604681246278,0.8349539761015802,94.22322228327529,12,,
ACF,studio_M1.wav,1.9724943310657597,v,False,0.5183369213544896,0.9234574385647409,93.48557531904184,12,,
ACF,studio_M1.wav,1.9824943310657597,v,False,0.5097504593913692,0.9449038167655781,92.87434118012814,12,184.43098230090646,1.220459712109046
ACF,studio_M1.wav,1.9924943310657597,v,False,0.48113618971889055,0.9537231644602334,92.26898034175464,12,184.32629487186335,1.256369478602572
ACF,studio_M1.wav,2.0024943310657597,v,False,0.4261629953326811,0.9074650472857101,91.70731637679242,11,185.31497697106454,1.216359892446416
ACF,studio_M1.wav,2.0124943310657595,v,False,0.36270630071716653,0.9586715704239209,89.67639167279435,9,187.08651889338464,1.266532842647688
ACF,studio_M1.wav,2.0224943310657597,v,False,0.297770623360593,0.934376355934361,89.18678774000925,5,185.83006778045922,1.2739407722412266
ACF,studio_M1.wav,2.0324943310657595,v,False,0.22292474896323566,0.8743774063990394,85.93122769855631,5,173.69664119504912,1.4306552171352176
ACF,studio_M1.wav,2.0424943310657597,v,False,0.14389634333085563,0.8769360678309662,91.06688627216703,4,185.5287745873685,1.6924639527430934
ACF,studio_M1.wav,2.0524943310657595,v,True,0.09623311411065669,0.7792098043498235,79.20548596271503,2,,
ACF,studio_M1.wav,2.0624943310657597,sil,True,0.04867555475771584,0.5987302113813497,,10,,
ACF,studio_M1.wav,2.0724943310657595,sil,True,0.030141282415672127,0.42791010719531525,,12,,
ACF,studio_M1.wav,2.0824943310657598,sil,False,0.01973984872265038,0.49388119022651455,,12,,
ACF,studio_M1.wav,2.0924943310657595,sil,False,0.02012492389522065,0.4088295886950356,,12,,
ACF,studio_M1.wav,2.10249433106576,sil,False,0.018771284749136145,0.6486264764875374,,4,,
ACF,studio_M1.wav,2.1124943310657596,sil,False,0.015648091244705366,0.5017813982633824,,5,,
ACF,studio_M1.wav,2.12249433106576,sil,False,0.015384302731077406,0.4286619223535851,,8,,
ACF,studio_M1.wav,2.1324943310657596,sil,False,0.01676994565220187,0.3771898590254667,,5,,
ACF,studio_M1.wav,2.14249433106576,sil,False,0.016356555956973832,0.3446267702904759,,4,,
ACF,studio_M1.wav,2.1524943310657596,sil,False,0.014375537834638479,0.37960588013350854,,8,,
ACF,studio_M1.wav,2.16249433106576,sil,False,0.013520150025890824,0.38890304387026203,,8,,
ACF,studio_M1.wav,2.1724943310657596,sil,False,0.011494921465884827,0.28362966510185417,,8,,
ACF,studio_M1.wav,2.18249433106576,sil,False,0.010967008295650763,0.5021396592671862,,5,,
ACF,studio_M1.wav,2.1924943310657596,sil,False,0.012748177628841013,0.4713664492283769,,6,,
ACF,studio_M1.wav,2.2024943310657594,sil,False,0.012902017265746161,0.46555979627274063,,9,,
ACF,studio_M1.wav,2.2124943310657597,sil,False,0.012272747137439076,0.39022597648477286,,10,,
ACF,studio_M1.wav,2.2224943310657594,sil,False,0.01036071348629966,0.37849414961492994,,7,,
ACF,studio_M1.wav,2.2324943310657597,sil,False,0.01121425791752331,0.4392166619436888,,5,,
ACF,studio_M1.wav,2.2424943310657595,sil,False,0.011375406952598085,0.5265802560536115,,5,,
ACF,studio_M1.wav,2.2524943310657597,sil,False,0.010673985535987458,0.5987860224136996,,6,,
ACF,studio_M1.wav,2.2624943310657595,sil,False,0.010371745471480261,0.47836962827990187,,6,,
ACF,studio_M1.wav,2.2724943310657597,sil,False,0.010777298706278773,0.5327204200213067,,5,,
ACF,studio_M1.wav,2.2824943310657595,sil,False,0.009845291163444079,0.373726655550003,,9,,
ACF,studio_M1.wav,2.2924943310657597,sil,False,0.009346846192103749,0.49393636699184273,,10,,
ACF,studio_M1.wav,2.3024943310657595,sil,False,0.009778042898608973,0.43002668588291204,,6,,
ACF,studio_M1.wav,2.3124943310657597,sil,False,0.0093492650887273,0.521648557769208,,6,,
ACF,studio_M1.wav,2.3224943310657595,sil,False,0.009799127748225936,0.6067909473343861,,5,,
ACF,studio_M1.wav,2.3324943310657598,sil,False,0.008734064892603819,0.5163209188593758,,5,,
ACF,studio_M1.wav,2.3424943310657595,sil,False,0.008776285560627746,0.5166506143784645,,6,,
ACF,studio_M1.wav,2.35249433106576,sil,False,0.007810973426173854,0.32312140062521383,,9,,
ACF,studio_M1.wav,2.3624943310657596,sil,False,0.006835647321001465,0.535393225463748,,11,,
ACF,studio_M1.wav,2.37249433106576,sil,False,0.005903727065124756,0.3809771878526042,,8,,
ACF,studio_M1.wav,2.3824943310657596,sil,False,0.006783230357388694,0.46690564774877735,,7,,
ACF,studio_M1.wav,2.39249433106576,sil,False,0.006814053649251435,0.3865124506719603,,9,,
ACF,studio_M1.wav,2.4024943310657596,sil,False,0.007259362955124894,0.6330057893920747,,8,,
ACF,studio_M1.wav,2.41249433106576,sil,False,0.007362572517434443,0.6239915395547906,,7,,
ACF,studio_M1.wav,2.4224943310657596,sil,False,0.006719805453312142,0.3756329416790517,,8,,
ACF,studio_M1.wav,2.43249433106576,sil,False,0.005865638136768972,0.4224761608049699,,6,,
ACF,studio_M1.wav,2.4424943310657596,sil,False,0.0059734449001677134,0.6406414111195146,,6,,
ACF,studio_M1.wav,2.4524943310657594,sil,False,0.005407214513112289,0.5733570666737114,,9,,
ACF,studio_M1.wav,2.4624943310657597,sil,False,0.0059199826935052964,0.6083478730891109,,8,,
ACF,studio_M1.wav,2.4724943310657594,sil,False,0.005858531010789998,0.5790463402203424,,9,,
ACF,studio_M1.wav,2.4824943310657597,sil,False,0.00545124748224456,0.4977776007696512,,7,,
ACF,studio_M1.wav,2.4924943310657595,sil,False,0.005419317781438748,0.6554333219339799,,4,,
ACF,studio_M1.wav,2.5024943310657597,sil,False,0.005727447245723962,0.6715934140461991,,6,,
ACF,studio_M1.wav,2.5124943310657595,sil,False,0.0049452080576596145,0.5439884181263523,,6,,
ACF,studio_M1.wav,2.5224943310657597,sil,False,0.0035923367373371044,0.3274186881239735,,9,,
ACF,studio_M1.wav,2.5324943310657595,sil,False,0.0031929886601919514,0.3042410582130274,,10,,
ACF,studio_M1.wav,2.5424943310657597,sil,False,0.0031901192579795257,0.4362095552644878,,12,,
ACF,studio_M1.wav,2.5524943310657595,sil,False,0.0031195199742415536,0.5788785917430036,,9,,
ACF,studio_M1.wav,2.5624943310657597,sil,False,0.0031452189381498815,0.5846179375795221,,7,,
ACF,studio_M1.wav,2.5724943310657595,sil,False,0.0031216213444655227,0.4850023012911107,,7,,
ACF,studio_M1.wav,2.5824943310657598,sil,False,0.0035128387336158793,0.6872284900283586,138.4856236216634,10,,
ACF,studio_M1.wav,2.5924943310657595,sil,False,0.0034382964446841436,0.7488572960847817,139.6382223116938,6,,
ACF,studio_M1.wav,2.60249433106576,sil,False,0.0032287986036614955,0.6855204266229483,137.91364173405486,6,287.48175627232837,1.167694200970038
ACF,studio_M1.wav,2.6124943310657596,sil,False,0.0031383816540485423,0.7394504808345018,130.85189585506157,5,257.1136353417571,0.739435386312176
ACF,studio_M1.wav,2.62249433106576,sil,False,0.0032553888818733895,0.692957848383821,136.1141781047956,3,,
ACF,studio_M1.wav,2.6324943310657596,sil,False,0.0032985672199828528,0.8234590971555829,138.99127742290435,3,,
ACF,studio_M1.wav,2.64249433106576,sil,False,0.003128928893132279,0.922400793670903,140.04285233352445,1,,
ACF,studio_M1.wav,2.6524943310657596,sil,False,0.0025209766286387754,0.7244266831032647,135.78509183032006,7,,
ACF,studio_M1.wav,2.66249433106576,sil,False,0.0022671661352733578,0.6680826715322696,,7,,
ACF,studio_M1.wav,2.6724943310657596,sil,False,0.0021247310069736893,0.7179446483198806,131.23575472370865,10,254.6290709602647,0.14401049403972033
ACF,studio_M1.wav,2.68249433106576,sil,False,0.0018798104185581953,0.7042786449133174,131.49405178391748,10,256.294949783061,0.05147879028053426
ACF,studio_M1.wav,2.6924943310657596,sil,False,0.0016249310542040347,0.7548513385637082,265.1102709179094,10,,
ACF,studio_M1.wav,2.7024943310657594,sil,False,0.0013844101429498744,0.7011200285204097,261.6312962641617,10,,
ACF,studio_M1.wav,2.7124943310657597,sil,False,0.0013348074699589265,0.6078740818474951,,12,,
AMDF_energy,phone_F1.wav,0.0125,sil,False,0.022854282099656387,0.6412999004033666,,12,,
AMDF_energy,phone_F1.wav,0.0225,sil,False,0.02297950457262259,0.49082345440252434,,12,,
AMDF_energy,phone_F1.wav,0.0325,sil,False,0.0224303942402633,0.5213240583703603,,12,,
AMDF_energy,phone_F1.wav,0.0425,sil,False,0.021462539990853034,0.6042644363739628,,12,,
AMDF_energy,phone_F1.wav,0.0525,sil,False,0.023563020409962002,0.6251096499747099,,12,,
AMDF_energy,phone_F1.wav,0.0625,sil,False,0.026305776819293365,0.581124997034845,,12,,
AMDF_energy,phone_F1.wav,0.0725,sil,False,0.026747809378789365,0.5366971746245203,,12,,
AMDF_energy,phone_F1.wav,0.0825,sil,False,0.028442501982606172,0.5163484253589001,,12,,
AMDF_energy,phone_F1.wav,0.0925,sil,False,0.0287327253446274,0.5636399901590993,,12,,
AMDF_energy,phone_F1.wav,0.1025,sil,False,0.029673303869414542,0.5895685925618535,,12,,
AMDF_energy,phone_F1.wav,0.1125,sil,False,0.02797076425063643,0.5516981526863877,,12,,
AMDF_energy,phone_F1.wav,0.1225,sil,False,0.027479463152413376,0.533492893623898,,12,,
AMDF_energy,phone_F1.wav,0.1325,sil,False,0.02885747807214414,0.6097654486736774,,12,,
AMDF_energy,phone_F1.wav,0.1425,sil,False,0.02940423950891286,0.5990778661746412,,12,,
AMDF_energy,phone_F1.wav,0.1525,sil,False,0.028804921420051983,0.6167010098926704,,12,,
AMDF_energy,phone_F1.wav,0.1625,sil,False,0.026445863783852257,0.638671831750419,,12,,
AMDF_energy,phone_F1.wav,0.1725,sil,False,0.025967901002016906,0.6106232612689007,,12,,
AMDF_energy,phone_F1.wav,0.1825,sil,False,0.023563864477478675,0.6162650410250426,,12,,
AMDF_energy,phone_F1.wav,0.1925,sil,False,0.02161503241496061,0.6135463693566394,,12,,
AMDF_energy,phone_F1.wav,0.2025,sil,False,0.02181979036019105,0.6258300950708034,,12,,
AMDF_energy,phone_F1.wav,0.2125,sil,False,0.024880175189391077,0.5025159854066317,,12,,
AMDF_energy,phone_F1.wav,0.2225,sil,False,0.02738066767258621,0.6395657064298053,,12,,
AMDF_energy,phone_F1.wav,0.2325,sil,False,0.025186836408562153,0.603818734391901,,12,,
AMDF_energy,phone_F1.wav,0.2425,sil,False,0.026056039929320225,0.5986998643840176,,12,,
AMDF_energy,phone_F1.wav,0.2525,sil,False,0.024801265684098742,0.5842763971768821,,12,,
AMDF_energy,phone_F1.wav,0.2625,sil,False,0.02726162315273418,0.5947874404298502,,12,,
AMDF_energy,phone_F1.wav,0.2725,sil,False,0.02470388719697497,0.5968567795221217,,12,,
AMDF_energy,phone_F1.wav,0.2825,sil,False,0.02494200842326739,0.6008885916151813,,12,,
AMDF_energy,phone_F1.wav,0.2925,sil,False,0.028554018275668988,0.6406776669504968,,12,,
AMDF_energy,phone_F1.wav,0.3025,sil,False,0.02840624906755457,0.6386112512457375,,12,,
AMDF_energy,phone_F1.wav,0.3125,sil,False,0.027958532013112505,0.6029781704926284,,12,,
AMDF_energy,phone_F1.wav,0.3225,sil,False,0.026588429668738874,0.6149356892383094,,12,,
AMDF_energy,phone_F1.wav,0.3325,sil,False,0.028493469149014867,0.6227440721826784,,12,,
AMDF_energy,phone_F1.wav,0.3425,sil,False,0.02803859163903531,0.6519572502245766,,12,,
AMDF_energy,phone_F1.wav,0.3525,sil,False,0.027513338519433002,0.634546470817864,,12,,
AMDF_energy,phone_F1.wav,0.3625,sil,False,0.027536725655562345,0.6728119406352582,,12,,
AMDF_energy,phone_F1.wav,0.3725,sil,False,0.024955822056780874,0.645629582045043,,12,,
AMDF_energy,phone_F1.wav,0.3825,sil,False,0.02569118043185598,0.6321479991873064,,12,,
AMDF_energy,phone_F1.wav,0.3925,sil,False,0.026440527776044387,0.6288757103131045,,12,,
AMDF_energy,phone_F1.wav,0.4025,sil,False,0.02656417799737645,0.6284687456041923,,12,,
AMDF_energy,phone_F1.wav,0.4125,sil,False,0.02424821118630336,0.6527215238034308,,12,,
AMDF_energy,phone_F1.wav,0.4225,sil,False,0.02320552126567205,0.5986039709673235,,12,,
AMDF_energy,phone_F1.wav,0.4325,sil,False,0.022766704721984155,0.631868740861311,,12,,
AMDF_energy,phone_F1.wav,0.4425,sil,False,0.023857414816802876,0.68885218397079,,12,,
AMDF_energy,phone_F1.wav,0.4525,sil,False,0.023399453527922158,0.5910387604281958,,12,,
AMDF_energy,phone_F1.wav,0.4625,sil,False,0.024819506586337726,0.5718465448743367,,12,,
AMDF_energy,phone_F1.wav,0.4725,sil,False,0.02755386762766977,0.5854042717297036,,12,,
AMDF_energy,phone_F1.wav,0.4825,sil,False,0.027338400086680113,0.6046252565733551,,12,,
AMDF_energy,phone_F1.wav,0.4925,sil,False,0.029958840064458307,0.6002164694171931,,12,,
AMDF_energy,phone_F1.wav,0.5025,sil,False,0.027273470234044576,0.659225606348884,,12,,
AMDF_energy,phone_F1.wav,0.5125,sil,False,0.026097565517505462,0.6208628843806803,,12,,
AMDF_energy,phone_F1.wav,0.5225,sil,True,0.02893350638337062,0.5561888785556316,,12,,
AMDF_energy,phone_F1.wav,0.5325,v,True,0.03409134354975656,0.6429354060853427,,12,,
AMDF_energy,phone_F1.wav,0.5425,v,True,0.10176185607643014,0.47012622594080594,,7,,
AMDF_energy,phone_F1.wav,0.5525,v,False,0.29306833166572965,0.2514259621772709,225.35175714780678,3,,
AMDF_energy,phone_F1.wav,0.5625,v,False,0.40765300854796854,0.13304303784181315,219.65414063926218,3,,
AMDF_energy,phone_F1.wav,0.5725,v,False,0.466373171869921,0.05803260351837508,72.14232003454117,3,,
AMDF_energy,phone_F1.wav,0.5825,v,False,0.48107329097233203,0.044700504543739666,218.71357327773987,3,,
AMDF_energy,phone_F1.wav,0.5925,v,False,0.4895219895998049,0.04212006717041749,218.54330051302853,3,,
AMDF_energy,phone_F1.wav,0.6025,v,False,0.4852245664281828,0.04973713441447391,218.44070643777687,3,,
AMDF_energy,phone_F1.wav,0.6125,v,False,0.5033423815441269,0.05821066928390308,219.5968327487136,3,,
AMDF_energy,phone_F1.wav,0.6225,v,False,0.5741019198191115,0.0763382488419355,222.8930927944125,3,,
AMDF_energy,phone_F1.wav,0.6325,v,False,0.7000989570938743,0.09763757234967144,226.13067986949983,4,,
AMDF_energy,phone_F1.wav,0.6425,v,False,0.8766698948229488,0.16363027877890626,230.2002346589648,5,,
AMDF_energy,phone_F1.wav,0.6525,v,False,1.147890374251791,0.1586196933772024,233.47273989462562,5,,
AMDF_energy,phone_F1.wav,0.6625,v,False,1.1748901074098643,0.16433830361830265,230.99075678877156,6,,
AMDF_energy,phone_F1.wav,0.6725,v,False,1.0072126742370033,0.11560580495145513,228.08219790523106,5,,
AMDF_energy,phone_F1.wav,0.6825,v,False,0.8845071824903563,0.07705411501332063,228.23728789329795,8,,
AMDF_energy,phone_F1.wav,0.6925,v,False,0.9121865196124851,0.06657838670570881,229.00588086387077,8,,
AMDF_energy,phone_F1.wav,0.7025,v,False,0.9029399611257428,0.06701732409440826,229.87711782381646,8,,
AMDF_energy,phone_F1.wav,0.7125,v,False,0.9005398696533427,0.046631025226494434,231.06061826971944,9,,
AMDF_energy,phone_F1.wav,0.7225,v,False,0.9106603986287846,0.03966567739211046,232.0514211377486,8,,
AMDF_energy,phone_F1.wav,0.7325,v,False,0.8535251472211037,0.07266513784726225,232.41513026131088,8,,
AMDF_energy,phone_F1.wav,0.7425,v,False,0.7105042655815488,0.20109665075680386,232.05239965082686,6,,
AMDF_energy,phone_F1.wav,0.7525,v,False,0.6589130333206517,0.1670296205901118,234.94738616073383,3,,
AMDF_energy,phone_F1.wav,0.7625,v,False,0.6938597626979385,0.052075662810177295,233.37866385711126,3,,
AMDF_energy,phone_F1.wav,0.7725,v,False,0.6293889515338831,0.052854382306517116,230.2035177968745,3,,
AMDF_energy,phone_F1.wav,0.7825,v,False,0.5234453642464109,0.07981571420538577,225.90102408702873,3,,
AMDF_energy,phone_F1.wav,0.7925,v,False,0.4112123954432095,0.097048580667656,219.59523290246622,3,,
AMDF_energy,phone_F1.wav,0.8025,v,False,0.4647082469087719,0.23360671182597817,216.95491118969412,3,,
AMDF_energy,phone_F1.wav,0.8125,v,False,0.7100744821540413,0.2681099537039691,233.3578960803237,7,,
AMDF_energy,phone_F1.wav,0.8225,v,False,0.9339499900757889,0.15063607330469878,234.7105115400665,7,,
AMDF_energy,phone_F1.wav,0.8325,v,False,1.0415818280293292,0.10623210311510395,234.93361351432316,9,,
AMDF_energy,phone_F1.wav,0.8425,v,False,1.0404083295202942,0.12270403236914108,236.58436507829745,10,,
AMDF_energy,phone_F1.wav,0.8525,v,False,1.0013124672013696,0.0910706798993484,239.384148684034,7,,
AMDF_energy,phone_F1.wav,0.8625,v,False,0.9750631231739857,0.08923595089182065,241.40203820875735,8,,
AMDF_energy,phone_F1.wav,0.8725,v,False,0.8582907098014273,0.11116998361938028,242.1578517226044,6,,
AMDF_energy,phone_F1.wav,0.8825,v,False,0.7565711149535602,0.13208325146727554,245.13659214116623,3,,
AMDF_energy,phone_F1.wav,0.8925,v,False,0.8005210674741968,0.056986812426838625,249.36781497211325,3,,
AMDF_energy,phone_F1.wav,0.9025,v,False,0.8800789563234985,0.031856586464515876,249.66865297820829,3,,
AMDF_energy,phone_F1.wav,0.9125,v,False,0.9636573662904985,0.07977279711754125,249.23695815848905,3,,
AMDF_energy,phone_F1.wav,0.9225,v,False,1.0202747413465783,0.1494449088783924,245.72442734085635,3,,
AMDF_energy,phone_F1.wav,0.9325,v,False,0.9699510406844458,0.15933258881441714,81.59030442043202,3,,
AMDF_energy,phone_F1.wav,0.9425,v,False,0.8868618005954061,0.10037579806222498,242.24997454633095,3,,
AMDF_energy,phone_F1.wav,0.9525,v,False,0.7741532847723748,0.050107055792648625,240.33412373158012,3,,
AMDF_energy,phone_F1.wav,0.9625,v,False,0.6122618166623182,0.10613678235239794,236.7241301639358,3,,
AMDF_energy,phone_F1.wav,0.9725,v,False,0.40321172563085556,0.19825332266131554,228.19776549353452,3,,
AMDF_energy,phone_F1.wav,0.9825,v,False,0.23586363148614192,0.3602115612345281,206.17599550328288,5,,
AMDF_energy,phone_F1.wav,0.9925,v,False,0.2934625601791982,0.38739858548183526,232.62407460020242,12,,
AMDF_energy,phone_F1.wav,1.0025,v,False,0.6120528750943038,0.2530667546040477,234.2724182704409,10,,
AMDF_energy,phone_F1.wav,1.0125,v,False,1.0803955802666134,0.21942186159203242,235.82438929089318,5,,
AMDF_energy,phone_F1.wav,1.0225,v,False,1.2597187703641874,0.2380253131683267,236.7904459702599,5,,
AMDF_energy,phone_F1.wav,1.0325,v,False,1.1692001963711656,0.2014806221607026,226.93802581693458,7,,
AMDF_energy,phone_F1.wav,1.0425,v,False,0.8170712215732182,0.07469818809928697,225.82371951634917,7,,
AMDF_energy,phone_F1.wav,1.0525,v,False,0.6570418205067527,0.14000459464266996,226.4198800419224,5,,
AMDF_energy,phone_F1.wav,1.0625,v,False,0.5461314705578556,0.24272269712923333,227.58152896248646,11,,
AMDF_energy,phone_F1.wav,1.0725,v,False,0.49361943721458795,0.17017616138013128,235.03212042547037,3,,
AMDF_energy,phone_F1.wav,1.0825,v,False,0.5524849591716268,0.0651473986346577,237.2604804296442,3,,
AMDF_energy,phone_F1.wav,1.0925,v,False,0.6438367637334584,0.15659299285655923,243.6376195462232,3,,
AMDF_energy,phone_F1.wav,1.1025,v,False,0.6860643403792236,0.14902752068462802,246.72275844335567,5,,
AMDF_energy,phone_F1.wav,1.1125,v,False,0.6461673988497033,0.10726706935011561,245.25195628044187,4,,
AMDF_energy,phone_F1.wav,1.1225,v,False,0.5233252421080052,0.1306277182169104,243.61833364182854,3,,
AMDF_energy,phone_F1.wav,1.1325,v,True,0.3286483803583584,0.22495159910233134,238.3331228302837,3,,
AMDF_energy,phone_F1.wav,1.1425,uv,True,0.12517090120954497,0.4661771469448475,,12,,
AMDF_energy,phone_F1.wav,1.1525,uv,False,0.055097657613119896,0.5462278026963931,,12,,
AMDF_energy,phone_F1.wav,1.1625,uv,False,0.05967402019755455,0.47606926718354303,,12,,
AMDF_energy,phone_F1.wav,1.1725,uv,False,0.08435814221981916,0.58346125929728,,12,,
AMDF_energy,phone_F1.wav,1.1825,uv,False,0.10435090854677968,0.5885324546083228,,11,,
AMDF_energy,phone_F1.wav,1.1925,uv,False,0.1186624628405554,0.5035591522822209,,9,,
AMDF_energy,phone_F1.wav,1.2025,uv,True,0.10896757427850272,0.6224216237762404,,11,,
AMDF_energy,phone_F1.wav,1.2125,v,True,0.27436715860854577,0.581531284897718,,9,,
AMDF_energy,phone_F1.wav,1.2225,v,True,0.6324629079670392,0.5075068351824771,,7,,
AMDF_energy,phone_F1.wav,1.2325,v,False,0.767835074164993,0.38544506345393637,191.3044093966414,8,,
AMDF_energy,phone_F1.wav,1.2425,v,False,0.7280330532868251,0.14012143252459375,186.88909504756586,7,,
AMDF_energy,phone_F1.wav,1.2525,v,False,0.7044120620240567,0.1515462236132165,184.31502924345136,6,,
AMDF_energy,phone_F1.wav,1.2625,v,False,0.6442318204925626,0.1755573597681936,179.96572535904426,6,,
AMDF_energy,phone_F1.wav,1.2725,v,False,0.5483823955702584,0.15687746463377106,179.47741605960016,7,,
AMDF_energy,phone_F1.wav,1.2825,v,False,0.40438333312352,0.27580823462617704,182.63632247464145,12,355.6454622195483,0.5133675389312513
AMDF_energy,phone_F1.wav,1.2925,v,False,0.257636817959494,0.3736031118529794,183.8346712825712,12,355.7936673568676,0.4652371868365732
AMDF_energy,phone_F1.wav,1.3025,v,False,0.175260988807271,0.18057533437708093,183.26012007627122,4,349.7636218858392,0.7828225824509152
AMDF_energy,phone_F1.wav,1.3125,v,False,0.18815921520235762,0.10085761325208217,182.30317734879938,2,,
AMDF_energy,phone_F1.wav,1.3225,v,False,0.19100426904806736,0.10184218288486241,181.2667815185352,2,,
AMDF_energy,phone_F1.wav,1.3325,v,False,0.17673570378473963,0.16626213516533922,179.7744346872555,2,,
AMDF_energy,phone_F1.wav,1.3425,v,True,0.12568495792379908,0.31467343265779635,177.1483729094511,2,,
AMDF_energy,phone_F1.wav,1.3525,uv,True,0.06197388184973913,0.6064900179024083,,12,,
AMDF_energy,phone_F1.wav,1.3625,uv,True,0.035290497315889575,0.5800763533711099,,12,,
AMDF_energy,phone_F1.wav,1.3725,uv,False,0.033412252654863604,0.5436218908850163,,12,,
AMDF_energy,phone_F1.wav,1.3825,uv,False,0.036420940980212146,0.5476369853242173,,12,,
AMDF_energy,phone_F1.wav,1.3925,uv,False,0.040611204363337566,0.6280555555201438,,12,,
AMDF_energy,phone_F1.wav,1.4025,uv,False,0.05705762725792919,0.5923160871556263,,12,,
AMDF_energy,phone_F1.wav,1.4125,uv,False,0.08313930980712883,0.5630349634928546,,12,,
AMDF_energy,phone_F1.wav,1.4225,uv,False,0.10619701944553961,0.536791010687369,,12,,
AMDF_energy,phone_F1.wav,1.4325,uv,False,0.12083875796651859,0.4574710539602846,,12,,
AMDF_energy,phone_F1.wav,1.4425,uv,True,0.1189172448650351,0.5474706409773853,,12,,
AMDF_energy,phone_F1.wav,1.4525,v,True,0.37259246408456287,0.6086087527613431,,7,,
AMDF_energy,phone_F1.wav,1.4625,v,True,0.6416770197746887,0.3318075063220584,218.61376895107884,9,,
AMDF_energy,phone_F1.wav,1.4725,v,False,0.9031892026584624,0.23057200832665542,207.85722185746076,9,,
AMDF_energy,phone_F1.wav,1.4825,v,False,1.0146335715783166,0.14124232585916746,202.75103692689405,11,,
AMDF_energy,phone_F1.wav,1.4925,v,False,1.0614788601775969,0.07772245848622063,199.24159543821196,9,,
AMDF_energy,phone_F1.wav,1.5025,v,False,1.08649371318938,0.063281766166415,196.95799283010615,10,,
AMDF_energy,phone_F1.wav,1.5125,v,False,1.1178126632992649,0.04256560801254025,195.30035320523626,12,,
AMDF_energy,phone_F1.wav,1.5225,v,False,1.1419565988071105,0.06625238451827294,194.0768015435172,12,,
AMDF_energy,phone_F1.wav,1.5325,v,False,1.1131725020634142,0.04988815047191375,192.70655561272366,12,,
AMDF_energy,phone_F1.wav,1.5425,v,False,1.0451074560165854,0.06467938759158942,191.25310640473765,10,372.21461119126695,0.5716883918117633
AMDF_energy,phone_F1.wav,1.5525,v,False,0.9687873371505011,0.06855663451164011,189.78441578590142,10,363.60916440968793,0.5622311566839542
AMDF_energy,phone_F1.wav,1.5625,v,False,0.8729510750419044,0.09105966361707554,187.6615799573263,9,358.34849940649093,0.5193945280715896
AMDF_energy,phone_F1.wav,1.5725,v,False,0.7243992987264128,0.1216905756609189,186.37011046477798,9,359.00601785853064,0.4653292816402894
AMDF_energy,phone_F1.wav,1.5825,v,False,0.5680588345854153,0.4448912279597796,,10,,
AMDF_energy,phone_F1.wav,1.5925,v,True,0.3972228554237802,0.5670508703407331,,7,,
AMDF_energy,phone_F1.wav,1.6025,uv,True,0.2630355980872441,0.5031649223898383,,7,,
AMDF_energy,phone_F1.wav,1.6125,uv,True,0.18239701429991567,0.5038914274974929,,6,,
AMDF_energy,phone_F1.wav,1.6225,uv,False,0.16920237010204375,0.4882163471120054,,5,,
AMDF_energy,phone_F1.wav,1.6325,uv,False,0.10033357867744755,0.5137437609163795,,6,,
AMDF_energy,phone_F1.wav,1.6425,uv,False,0.10033945057277678,0.37886536283430045,71.47552132804293,6,,
AMDF_energy,phone_F1.wav,1.6525,uv,False,0.11733981036864292,0.42085396026141403,,5,,
AMDF_energy,phone_F1.wav,1.6625,uv,False,0.11448598911260004,0.38627670133578296,238.88346392980947,6,,
AMDF_energy,phone_F1.wav,1.6725,uv,False,0.086477640459419,0.46977748336196773,,4,,
AMDF_energy,phone_F1.wav,1.6825,uv,False,0.05690364933980072,0.42649727099432333,,5,,
AMDF_energy,phone_F1.wav,1.6925,uv,False,0.05207023600887403,0.4352304263808936,,9,,
AMDF_energy,phone_F1.wav,1.7025,uv,False,0.03532263211010353,0.5130446230532677,,10,,
AMDF_energy,phone_F1.wav,1.7125,uv,False,0.03248369858705252,0.6080340348757631,,12,,
AMDF_energy,phone_F1.wav,1.7225,uv,False,0.028903438927704278,0.6237898365677291,,12,,
AMDF_energy,phone_F1.wav,1.7325,uv,False,0.0303047914306806,0.6134775920241691,,12,,
AMDF_energy,phone_F1.wav,1.7425,uv,False,0.028164782791326417,0.5726503203458714,,12,,
AMDF_energy,phone_F1.wav,1.7525,uv,False,0.027237231195906462,0.5823790007192079,,12,,
AMDF_energy,phone_F1.wav,1.7625,uv,False,0.03291036541404114,0.5737323733390175,,12,,
AMDF_energy,phone_F1.wav,1.7725,uv,False,0.04326994944796413,0.5430261828246193,,12,,
AMDF_energy,phone_F1.wav,1.7825,uv,False,0.05155350003868674,0.6317952797286105,,11,,
AMDF_energy,phone_F1.wav,1.7925,uv,False,0.041402908279494346,0.5610671940803358,,12,,
AMDF_energy,phone_F1.wav,1.8025,uv,False,0.03824219348058136,0.7157539517953726,,12,,
AMDF_energy,phone_F1.wav,1.8125,uv,False,0.02371536646882243,0.5699726668870371,,12,,
AMDF_energy,phone_F1.wav,1.8225,uv,True,0.039666167137137553,0.5842176472204181,,11,,
AMDF_energy,phone_F1.wav,1.8325,v,True,0.10474666946445547,0.35534417800845286,230.22515312737147,4,,
AMDF_energy,phone_F1.wav,1.8425,v,True,0.11579194971372281,0.4066297206420124,227.0470395709755,2,,
AMDF_energy,phone_F1.wav,1.8525,v,False,0.09527518514528523,0.37221497527849284,98.20368752688024,2,,
AMDF_energy,phone_F1.wav,1.8625,v,False,0.07953972372678218,0.3365065904149113,207.30931744069233,3,,
AMDF_energy,phone_F1.wav,1.8725,v,False,0.06868155536336315,0.32424477313126976,205.76604500300942,2,,
AMDF_energy,phone_F1.wav,1.8825,v,False,0.06905737567755914,0.3028676866721474,201.6413522334182,2,,
AMDF_energy,phone_F1.wav,1.8925,v,False,0.07654516200771389,0.3083457407342405,196.94257926854715,3,,
AMDF_energy,phone_F1.wav,1.9025,v,False,0.08870258209820378,0.32627065402855643,210.0128298488878,4,,
AMDF_energy,phone_F1.wav,1.9125,v,False,0.17474226973060294,0.33297966183377964,219.34637227424147,8,,
AMDF_energy,phone_F1.wav,1.9225,v,False,0.33354204311411695,0.28282974316525716,224.10710767059965,11,,
AMDF_energy,phone_F1.wav,1.9325,v,False,0.4590665949250993,0.18524385378226968,226.62931935480637,12,,
AMDF_energy,phone_F1.wav,1.9425,v,False,0.4980861375724749,0.11114833083515606,225.61945747010833,12,,
AMDF_energy,phone_F1.wav,1.9525,v,False,0.4655362866936867,0.0856433134734366,111.93135778552637,12,224.11167403403317,0.02471421948661623
AMDF_energy,phone_F1.wav,1.9625,v,False,0.44162726629326227,0.07650177805310099,74.41335785329696,12,148.77090176660306,0.8357230845743762
AMDF_energy,phone_F1.wav,1.9725,v,False,0.43611886484664886,0.07913862329921115,222.11176468027426,12,,
AMDF_energy,phone_F1.wav,1.9825,v,False,0.42019502126606767,0.11772537348100856,220.28594142625673,12,,
AMDF_energy,phone_F1.wav,1.9925,v,False,0.3993020000881253,0.0943592364147415,218.77051698885262,12,,
AMDF_energy,phone_F1.wav,2.0025,v,False,0.3775073426768189,0.10399048927637039,216.52294034545022,12,,
AMDF_energy,phone_F1.wav,2.0125,v,False,0.358379630727315,0.1337053392565033,213.6628576925213,10,,
AMDF_energy,phone_F1.wav,2.0225,v,False,0.313726661382606,0.1933774144293993,211.07602119078797,12,,
AMDF_energy,phone_F1.wav,2.0325,v,False,0.2392810651596096,0.30620120117033767,208.15043092011348,4,,
AMDF_energy,phone_F1.wav,2.0425,v,False,0.12218406759714323,0.22907717449129497,93.30785525896103,2,186.9444308028565,0.011092186702358009
AMDF_energy,phone_F1.wav,2.0525,v,False,0.11107877865612709,0.17724517693312197,188.64900064644294,2,,
AMDF_energy,phone_F1.wav,2.0625,v,False,0.10991273152527108,0.17269319545124553,190.7217566687785,2,,
AMDF_energy,phone_F1.wav,2.0725,v,False,0.13728303940409015,0.19337677687085428,189.17328747194873,2,,
AMDF_energy,phone_F1.wav,2.0825,v,False,0.22934320630846144,0.2621897833670295,205.21264937512058,5,,
AMDF_energy,phone_F1.wav,2.0925,v,False,0.30547195905323177,0.1808563001467009,203.15422084184038,11,385.2030218028938,0.7031629696193454
AMDF_energy,phone_F1.wav,2.1025,v,False,0.3487450661188113,0.10986095102191235,201.88801382263904,6,394.8966285448543,0.7104792060817634
AMDF_energy,phone_F1.wav,2.1125,v,False,0.37317815669907456,0.08151408269861259,200.3788059709176,4,,
AMDF_energy,phone_F1.wav,2.1225,v,False,0.3915399451514935,0.08261157043494641,198.97416312713355,4,,
AMDF_energy,phone_F1.wav,2.1325,v,False,0.41623415878473263,0.06496331253805522,197.23870628559487,4,,
AMDF_energy,phone_F1.wav,2.1425,v,False,0.45175778194945976,0.07065363006129044,196.1443055901723,4,,
AMDF_energy,phone_F1.wav,2.1525,v,False,0.5012731096600427,0.07221392139098616,195.3185006445652,4,,
AMDF_energy,phone_F1.wav,2.1625,v,False,0.5325634657694793,0.07298166653326343,194.36112807734025,4,,
AMDF_energy,phone_F1.wav,2.1725,v,False,0.5087578629169541,0.09379727131048625,193.03327064070842,5,392.2088454297698,0.35890051092944064
AMDF_energy,phone_F1.wav,2.1825,v,False,0.4220034241039175,0.14521950146799628,190.93534913371232,6,388.6511836078808,0.37051426916381724
AMDF_energy,phone_F1.wav,2.1925,v,True,0.28001417452831884,0.2912868837504112,189.5687872908719,4,,
AMDF_energy,phone_F1.wav,2.2025,uv,True,0.1250598613768333,0.514001157895664,,12,,
AMDF_energy,phone_F1.wav,2.2125,uv,True,0.0397385159757853,0.6317477543202946,,12,,
AMDF_energy,phone_F1.wav,2.2225,uv,False,0.02577869852146454,0.6105175541672325,,12,,
AMDF_energy,phone_F1.wav,2.2325,uv,False,0.025566881629160654,0.6184556454806304,,12,,
AMDF_energy,phone_F1.wav,2.2425,uv,False,0.02590683542882187,0.6275530792016746,,12,,
AMDF_energy,phone_F1.wav,2.2525,uv,False,0.02944085070194132,0.6348800226244297,,12,,
AMDF_energy,phone_F1.wav,2.2625,uv,False,0.038250060621453634,0.6486885166992864,,12,,
AMDF_energy,phone_F1.wav,2.2725,uv,True,0.09368013026938234,0.710132256933671,,12,,
AMDF_energy,phone_F1.wav,2.2825,v,True,0.3307551371516731,0.533528590700941,,12,,
AMDF_energy,phone_F1.wav,2.2925,v,False,0.4751045097476449,0.32618837761719904,234.7916227599041,10,,
AMDF_energy,phone_F1.wav,2.3025,v,False,0.5719949414820353,0.12376048136228882,235.04704909445437,12,,
AMDF_energy,phone_F1.wav,2.3125,v,False,0.605580415017081,0.13165582276154328,236.36133060661058,11,,
AMDF_energy,phone_F1.wav,2.3225,v,False,0.6049276144565554,0.15825203192327073,239.54100126951417,11,,
AMDF_energy,phone_F1.wav,2.3325,v,False,0.4762459281497817,0.2397257819384077,241.76954036413974,12,,
AMDF_energy,phone_F1.wav,2.3425,v,True,0.30643497177137313,0.4015604387874024,241.62543971897813,12,,
AMDF_energy,phone_F1.wav,2.3525,uv,True,0.05101677775444023,0.45257563854323124,,10,,
AMDF_energy,phone_F1.wav,2.3625,uv,True,0.027946530283611777,0.5642981650446354,,12,,
AMDF_energy,phone_F1.wav,2.3725,uv,False,0.027999919268160853,0.543231720800662,,12,,
AMDF_energy,phone_F1.wav,2.3825,uv,False,0.026468560809520255,0.5748973405424893,,12,,
AMDF_energy,phone_F1.wav,2.3925,uv,True,0.024315217407818026,0.5921755833198439,,12,,
AMDF_energy,phone_F1.wav,2.4025,v,True,0.1415720271376801,0.6193433277569739,,12,,
AMDF_energy,phone_F1.wav,2.4125,v,False,0.3716614234609219,0.2889181899162929,246.9769566452452,3,,
AMDF_energy,phone_F1.wav,2.4225,v,False,0.4117408712268907,0.3168703230970944,239.16060543154038,3,,
AMDF_energy,phone_F1.wav,2.4325,v,False,0.31530462007085963,0.23980509691094734,207.871763227503,2,,
AMDF_energy,phone_F1.wav,2.4425,v,False,0.19016682583548533,0.21231538687176552,200.61104820484542,2,,
AMDF_energy,phone_F1.wav,2.4525,v,False,0.1758885933290028,0.37291500485137885,192.28433221655172,5,383.9037231811056,0.5468659068827579
AMDF_energy,phone_F1.wav,2.4625,v,False,0.21413791097334753,0.525743063136334,,12,,
AMDF_energy,phone_F1.wav,2.4725,v,False,0.277255771579502,0.433486491301277,,9,,
AMDF_energy,phone_F1.wav,2.4825,v,False,0.28331110116578767,0.24494074406137847,191.41558788333498,8,,
AMDF_energy,phone_F1.wav,2.4925,v,False,0.24954572280994275,0.37369537409207754,193.30724922236283,10,,
AMDF_energy,phone_F1.wav,2.5025,v,False,0.19129160951346594,0.4540464785005962,,8,,
AMDF_energy,phone_F1.wav,2.5125,v,True,0.14582736505984856,0.5445141974665939,,5,,
AMDF_energy,phone_F1.wav,2.5225,uv,True,0.07081672311787433,0.4370228280151759,,7,,
AMDF_energy,phone_F1.wav,2.5325,uv,False,0.033375562829210385,0.5772989662965262,,12,,
AMDF_energy,phone_F1.wav,2.5425,uv,False,0.028979186945812942,0.6126010865474758,,12,,
AMDF_energy,phone_F1.wav,2.5525,uv,False,0.02637379064786756,0.6641807219957221,,12,,
AMDF_energy,phone_F1.wav,2.5625,uv,False,0.03647405285076631,0.6564405383319454,,12,,
AMDF_energy,phone_F1.wav,2.5725,uv,False,0.04542110695611368,0.6624799715034716,,12,,
AMDF_energy,phone_F1.wav,2.5825,uv,False,0.05094406098230722,0.649187576690475,,12,,
AMDF_energy,phone_F1.wav,2.5925,uv,False,0.04707693255754398,0.6190178803170145,,12,,
AMDF_energy,phone_F1.wav,2.6025,uv,False,0.039299916435266986,0.6237537628446692,,12,,
AMDF_energy,phone_F1.wav,2.6125,uv,False,0.03715685166074235,0.6327643813905155,,12,,
AMDF_energy,phone_F1.wav,2.6225,uv,False,0.040533108087612776,0.6381023424300131,,12,,
AMDF_energy,phone_F1.wav,2.6325,uv,False,0.04517844249516225,0.622924909775668,,12,,
AMDF_energy,phone_F1.wav,2.6425,uv,False,0.05651027969601622,0.6156791415142093,,12,,
AMDF_energy,phone_F1.wav,2.6525,uv,True,0.15995321084142788,0.631041034091719,,12,,
AMDF_energy,phone_F1.wav,2.6625,v,True,0.3403165256433792,0.4515903657827008,,12,,
AMDF_energy,phone_F1.wav,2.6725,v,True,0.4917238373050859,0.2707587893221707,201.09843001428723,8,,
AMDF_energy,phone_F1.wav,2.6825,v,False,0.5487138761637971,0.12202525617805957,198.12018670798963,7,,
AMDF_energy,phone_F1.wav,2.6925,v,False,0.5592899252225733,0.08643743905170904,195.6188726977798,7,,
AMDF_energy,phone_F1.wav,2.7025,v,False,0.5316844649169089,0.10869550883173466,193.3158227042218,7,,
AMDF_energy,phone_F1.wav,2.7125,v,False,0.4830006435466892,0.13634885709882966,190.391779339708,7,,
AMDF_energy,phone_F1.wav,2.7225,v,True,0.371669571282885,0.24304555250855053,187.2123761110125,7,,
AMDF_energy,phone_F1.wav,2.7325,uv,True,0.2298228417107159,0.3818053813616936,183.41436865737492,6,,
AMDF_energy,phone_F1.wav,2.7425,uv,True,0.06064614396040522,0.6230462343939566,,9,,
AMDF_energy,phone_F1.wav,2.7525,sil,True,0.028978981739887687,0.5184797333680242,,12,,
AMDF_energy,phone_F1.wav,2.7625,sil,False,0.02862748095188264,0.676174473539486,,12,,
AMDF_energy,phone_F1.wav,2.7725,sil,False,0.03122608626011903,0.5964373318242356,,12,,
AMDF_energy,phone_F1.wav,2.7825,sil,False,0.0331236667637283,0.5969694348548481,,12,,
AMDF_energy,phone_F1.wav,2.7925,sil,False,0.037139164863011706,0.5507926030636259,,9,,
AMDF_energy,phone_F1.wav,2.8025,sil,False,0.037413931355457335,0.5201984469835326,,9,,
AMDF_energy,phone_F1.wav,2.8125,sil,False,0.039798648420209026,0.5834341111655712,,11,,
AMDF_energy,phone_F1.wav,2.8225,sil,False,0.04272324653075579,0.5415126262831413,,11,,
AMDF_energy,phone_F1.wav,2.8325,sil,False,0.04903505930928745,0.47094629666960897,,8,,
AMDF_energy,phone_F1.wav,2.8425,sil,False,0.047198355692228,0.41374391877535904,,8,,
AMDF_energy,phone_F1.wav,2.8525,sil,False,0.04570186873652092,0.4631703282505258,,10,,
AMDF_energy,phone_F1.wav,2.8625,sil,False,0.04108204777973315,0.5396360367445938,,12,,
AMDF_energy,phone_F1.wav,2.8725,sil,False,0.03987664798747024,0.6037633487244878,,12,,
AMDF_energy,phone_F1.wav,2.8825,sil,False,0.037091798128334345,0.6072212119936187,,12,,
AMDF_energy,phone_F1.wav,2.8925,sil,False,0.036746222175187346,0.5540760694853658,,12,,
AMDF_energy,phone_F1.wav,2.9025,sil,False,0.03652456652780616,0.5785812615269257,,12,,
AMDF_energy,phone_F1.wav,2.9125,sil,False,0.032925192850670366,0.5558703785305538,,12,,
AMDF_energy,phone_F1.wav,2.9225,sil,False,0.03297032054325215,0.5937915823406951,,12,,
AMDF_energy,phone_F1.wav,2.9325,sil,False,0.03680619228226744,0.5747879227353292,,12,,
AMDF_energy,phone_F1.wav,2.9425,sil,False,0.039912350944880486,0.559517095574648,,12,,
AMDF_energy,phone_F1.wav,2.9525,sil,False,0.03927204739618195,0.5661799140559477,,12,,
AMDF_energy,phone_F1.wav,2.9625,sil,False,0.03687468684210526,0.563774389795405,,12,,
AMDF_energy,phone_F1.wav,2.9725,sil,False,0.033082266015030844,0.4809449135548399,,12,,
AMDF_energy,phone_F1.wav,2.9825,sil,False,0.03397268225268618,0.4763707298907518,,12,,
AMDF_energy,phone_F1.wav,2.9925,sil,False,0.031167998666798324,0.4986131920621883,,12,,
AMDF_energy,phone_F1.wav,3.0025,sil,False,0.03108804198299757,0.5046182866312079,,12,,
AMDF_energy,phone_F1.wav,3.0125,sil,False,0.029793146017061192,0.501002938329594,,12,,
AMDF_energy,phone_F1.wav,3.0225,sil,False,0.029167166770979712,0.5712558334987892,,12,,
AMDF_energy,phone_F1.wav,3.0325,sil,False,0.030009455143680218,0.5625211845604576,,12,,
AMDF_energy,phone_F1.wav,3.0425,sil,False,0.03379009585252344,0.5268856730696699,,12,,
AMDF_energy,phone_F1.wav,3.0525,sil,False,0.035097116001472695,0.5936864610578928,,12,,
AMDF_energy,phone_F1.wav,3.0625,sil,False,0.0353420510859078,0.5729398852772306,,12,,
AMDF_energy,phone_F1.wav,3.0725,sil,False,0.03952697005635599,0.5640580228791385,,12,,
AMDF_energy,phone_F1.wav,3.0825,sil,False,0.04204964711731586,0.5166172771584789,,12,,
AMDF_energy,phone_F1.wav,3.0925,sil,False,0.041548972770713455,0.4861996903672579,,12,,
AMDF_energy,phone_F1.wav,3.1025,sil,False,0.041426140325538534,0.4871821917152047,,12,,
AMDF_energy,phone_F1.wav,3.1125,sil,False,0.041449159530861514,0.49310313981227294,,12,,
AMDF_energy,phone_F1.wav,3.1225,sil,False,0.04167189842625118,0.5125146895189652,,12,,
AMDF_energy,phone_F1.wav,3.1325,sil,False,0.04071220230698556,0.5328957957175101,,12,,
AMDF_energy,phone_F1.wav,3.1425,sil,False,0.0426742373710737,0.5403488315705147,,12,,
AMDF_energy,phone_F1.wav,3.1525,sil,False,0.04513918615591532,0.5076265254250368,,12,,
AMDF_energy,phone_F1.wav,3.1625,sil,False,0.05294782157571223,0.41150550592562074,,10,,
AMDF_energy,phone_F1.wav,3.1725,sil,False,0.05900030744456477,0.339687203287027,,10,,
AMDF_energy,phone_F1.wav,3.1825,sil,False,0.056525435610577025,0.4254473943174747,,9,,
AMDF_energy,phone_F1.wav,3.1925,sil,False,0.04831379307300338,0.47194376390208487,,12,,
AMDF_energy,phone_F1.wav,3.2025,sil,False,0.04667301833898987,0.5057307782589723,,12,,
AMDF_energy,phone_F1.wav,3.2125,sil,False,0.04729638087398229,0.47798757109061396,,12,,
AMDF_energy,phone_F1.wav,3.2225,sil,True,0.046172843897778974,0.4512822263623884,,12,,
AMDF_energy,phone_M1.wav,0.0125,sil,False,0.023613846038299764,0.5967915859453876,,12,,
AMDF_energy,phone_M1.wav,0.0225,sil,False,0.023460512185908736,0.5245708319625111,,12,,
AMDF_energy,phone_M1.wav,0.0325,sil,False,0.02540506508375562,0.5778882875145563,,12,,
AMDF_energy,phone_M1.wav,0.0425,sil,False,0.029231490124798348,0.5694814275812287,,12,,
AMDF_energy,phone_M1.wav,0.0525,sil,False,0.02787822120410351,0.4822545596059494,,12,,
AMDF_energy,phone_M1.wav,0.0625,sil,False,0.027758337367316296,0.45769720499936695,,12,,
AMDF_energy,phone_M1.wav,0.0725,sil,False,0.0289950476713771,0.4716427793273288,,12,,
AMDF_energy,phone_M1.wav,0.0825,sil,False,0.03193749001382508,0.5712385139432075,,12,,
AMDF_energy,phone_M1.wav,0.0925,sil,False,0.03355740853103015,0.6280205116944653,,12,,
AMDF_energy,phone_M1.wav,0.1025,sil,False,0.03269232754479303,0.6316255983474581,,12,,
AMDF_energy,phone_M1.wav,0.1125,sil,False,0.0329889308605439,0.6060702240425015,,12,,
AMDF_energy,phone_M1.wav,0.1225,sil,False,0.0321127528306109,0.5661208652722037,,12,,
AMDF_energy,phone_M1.wav,0.1325,sil,False,0.02839889885305537,0.6102948105574063,,12,,
AMDF_energy,phone_M1.wav,0.1425,sil,False,0.027860871119326072,0.6110529079604318,,12,,
AMDF_energy,phone_M1.wav,0.1525,sil,False,0.029654341487836963,0.5931517593384275,,12,,
AMDF_energy,phone_M1.wav,0.1625,sil,False,0.03399904969645611,0.532260275131273,,12,,
AMDF_energy,phone_M1.wav,0.1725,sil,False,0.03518891929524621,0.5920005061578544,,12,,
AMDF_energy,phone_M1.wav,0.1825,sil,False,0.03156656393352028,0.5803147050691784,,8,,
AMDF_energy,phone_M1.wav,0.1925,sil,False,0.034753265871389105,0.6135305334253446,,12,,
AMDF_energy,phone_M1.wav,0.2025,sil,False,0.0304744316393693,0.5759736381123147,,12,,
AMDF_energy,phone_M1.wav,0.2125,sil,False,0.03399547474639137,0.6279909326096553,,12,,
AMDF_energy,phone_M1.wav,0.2225,sil,False,0.029648566902442317,0.6316201644154963,,12,,
AMDF_energy,phone_M1.wav,0.2325,sil,False,0.03205027481640152,0.5397239082877499,,12,,
AMDF_energy,phone_M1.wav,0.2425,sil,False,0.03396486716356486,0.6650477443201828,,12,,
AMDF_energy,phone_M1.wav,0.2525,sil,False,0.037197673678041256,0.6105088849799534,,12,,
AMDF_energy,phone_M1.wav,0.2625,sil,False,0.03471062496611638,0.635403784943112,,12,,
AMDF_energy,phone_M1.wav,0.2725,sil,False,0.0351985966306847,0.6158927414254987,,12,,
AMDF_energy,phone_M1.wav,0.2825,sil,False,0.03403830912353853,0.5877001210891005,,12,,
AMDF_energy,phone_M1.wav,0.2925,sil,False,0.034485762512216085,0.5934691380648157,,12,,
AMDF_energy,phone_M1.wav,0.3025,sil,False,0.03076467122060178,0.6184541422961841,,12,,
AMDF_energy,phone_M1.wav,0.3125,sil,False,0.0291680276566383,0.6027265083977622,,12,,
AMDF_energy,phone_M1.wav,0.3225,sil,False,0.03219384790686577,0.5830982304057024,,12,,
AMDF_energy,phone_M1.wav,0.3325,sil,False,0.03433188060368709,0.4527954904015105,,11,,
AMDF_energy,phone_M1.wav,0.3425,sil,False,0.03575031224089622,0.49390410510038507,,12,,
AMDF_energy,phone_M1.wav,0.3525,sil,False,0.034691465585234116,0.6201466221107115,,12,,
AMDF_energy,phone_M1.wav,0.3625,sil,False,0.0322953169455026,0.6151919222321295,,12,,
AMDF_energy,phone_M1.wav,0.3725,sil,False,0.033959051831074054,0.66299432451716,,12,,
AMDF_energy,phone_M1.wav,0.3825,sil,False,0.03330371336386393,0.6582544998083381,,12,,
AMDF_energy,phone_M1.wav,0.3925,sil,False,0.033924715205256306,0.632692152790203,,12,,
AMDF_energy,phone_M1.wav,0.4025,sil,False,0.03769110792531318,0.7073566075563376,,12,,
AMDF_energy,phone_M1.wav,0.4125,sil,False,0.03960770234521109,0.6471424293790377,,12,,
AMDF_energy,phone_M1.wav,0.4225,sil,False,0.0330028079427533,0.6084679910836874,,12,,
AMDF_energy,phone_M1.wav,0.4325,sil,False,0.03189995870991513,0.6125785625055923,,12,,
AMDF_energy,phone_M1.wav,0.4425,sil,False,0.037383712938059394,0.5866296068920012,,12,,
AMDF_energy,phone_M1.wav,0.4525,sil,True,0.03933623277231805,0.6091486422891107,,12,,
AMDF_energy,phone_M1.wav,0.4625,v,True,0.05495665188664927,0.5730474035311961,,12,,
AMDF_energy,phone_M1.wav,0.4725,v,True,0.18140911861282125,0.5954507451761255,,5,,
AMDF_energy,phone_M1.wav,0.4825,v,False,0.3083096629515866,0.29784701927534146,137.3051075420904,5,259.94273307251876,0.32218251009363363
AMDF_energy,phone_M1.wav,0.4925,v,False,0.4032788519516005,0.1260259117076468,136.30972093884395,3,280.9254660497933,0.3353971139889018
AMDF_energy,phone_M1.wav,0.5025,v,False,0.5074373098087683,0.07317601655548135,136.4076090799858,3,277.77674358687415,0.3082706885349875
AMDF_energy,phone_M1.wav,0.5125,v,False,0.5235805699031693,0.06227199943368193,136.04318171227018,3,276.9135568321193,0.32441977676194456
AMDF_energy,phone_M1.wav,0.5225,v,False,0.5732709356481698,0.10231988051612363,134.99634328648804,3,270.10766460204724,0.2583276638326846
AMDF_energy,phone_M1.wav,0.5325,v,False,0.626682360315108,0.12302856017305532,134.94031039101512,3,271.8390486624208,0.21526078127454407
AMDF_energy,phone_M1.wav,0.5425,v,False,0.5958327809994088,0.08192414134983503,135.78915360020076,4,271.20641861359366,0.23214107707316267
AMDF_energy,phone_M1.wav,0.5525,v,False,0.6499121918045249,0.08970437539797001,137.0762779451648,4,272.76636619928837,0.2294724649374793
AMDF_energy,phone_M1.wav,0.5625,v,False,0.7043906323002543,0.12378652174380722,137.36934575117527,4,273.702209297796,0.23559051416326215
AMDF_energy,phone_M1.wav,0.5725,v,False,0.7175897418910945,0.14745192917719474,135.68055974106198,6,271.3038623915691,0.28890669356360243
AMDF_energy,phone_M1.wav,0.5825,v,False,0.8026067674270092,0.1979956960133913,136.67575345395906,12,272.2182941712126,0.31570930873138847
AMDF_energy,phone_M1.wav,0.5925,v,False,0.8853361597869496,0.17519976769488688,136.8579343132574,12,272.6220978084694,0.3994169572819454
AMDF_energy,phone_M1.wav,0.6025,v,False,0.8996725041476193,0.20427173129774365,137.22896867670474,12,280.55613468752773,0.45349647106800295
AMDF_energy,phone_M1.wav,0.6125,v,False,1.0570833793980776,0.12351427367187323,137.8539819607677,12,,
AMDF_energy,phone_M1.wav,0.6225,v,False,1.0727264755420536,0.16641232474236228,138.06701181676047,12,,
AMDF_energy,phone_M1.wav,0.6325,v,False,1.137361479442671,0.2138975771944349,138.58074941071206,12,274.04333664061494,0.5977108610540848
AMDF_energy,phone_M1.wav,0.6425,v,False,1.2284725547054263,0.21630638594110854,138.37175506148105,12,,
AMDF_energy,phone_M1.wav,0.6525,v,False,1.0837224488853616,0.24777481357104966,137.58721423715107,12,,
AMDF_energy,phone_M1.wav,0.6625,v,False,1.0600901782104937,0.24707435321444682,136.32054060726105,12,,
AMDF_energy,phone_M1.wav,0.6725,v,False,1.0489998910923182,0.2716707084703692,133.85895088921671,10,282.32490113678824,0.3232521466606142
AMDF_energy,phone_M1.wav,0.6825,v,False,1.0373681903439202,0.22848029253059343,132.54882829894015,12,272.10438146381665,0.30639816518962515
AMDF_energy,phone_M1.wav,0.6925,v,False,1.052082150263377,0.22227646370828336,131.8912227112801,10,266.7626059977787,0.27772129840557613
AMDF_energy,phone_M1.wav,0.7025,v,False,1.0988357558917525,0.22416858792034922,129.15341725501392,6,263.76098119804055,0.21469183003848302
AMDF_energy,phone_M1.wav,0.7125,v,False,1.0235553427621373,0.1922489094718623,127.86713722200899,6,258.6713979226391,0.26399897239030934
AMDF_energy,phone_M1.wav,0.7225,v,False,0.9204496425682426,0.2237655955360659,126.34035364769257,6,251.8879595447347,0.27196182768801946
AMDF_energy,phone_M1.wav,0.7325,v,False,0.8299183936202845,0.17344111537704418,123.54464342591929,6,249.03765707707458,0.3420040542558396
AMDF_energy,phone_M1.wav,0.7425,v,False,0.7745103259101122,0.13487088692154778,122.78683475439789,6,245.12913096394055,0.38219226399762773
AMDF_energy,phone_M1.wav,0.7525,v,False,0.7128654208326771,0.22153053396591366,121.59300342924134,5,243.74033185531638,0.32749751742875455
AMDF_energy,phone_M1.wav,0.7625,v,False,0.6564776783094634,0.18056560215759734,119.03073721502486,5,237.56764348689265,0.4188679944285679
AMDF_energy,phone_M1.wav,0.7725,v,False,0.6073560667292403,0.12751600414224648,118.0752626741111,5,234.38524890421292,0.45963180765566014
AMDF_energy,phone_M1.wav,0.7825,v,False,0.5344680527040403,0.17237271071864865,117.50001668399247,5,235.63426114357299,0.40798559456892747
AMDF_energy,phone_M1.wav,0.7925,v,False,0.46149051996994794,0.20584241491395733,115.39111597583462,5,232.78387136067596,0.3790696369407359
AMDF_energy,phone_M1.wav,0.8025,v,False,0.4137596396933774,0.2477194650916843,113.17353920509136,6,227.59835964080293,0.29848383816611046
AMDF_energy,phone_M1.wav,0.8125,v,False,0.34418280519295424,0.3764608595518145,110.94045182900862,9,222.80153341062106,0.17845445253599557
AMDF_energy,phone_M1.wav,0.8225,v,False,0.28899042783279205,0.3239299587333095,116.02993748909832,3,229.59912077005552,0.3307735178739726
AMDF_energy,phone_M1.wav,0.8325,v,False,0.2758831246397052,0.21540405798527798,115.84164021350938,3,233.8335335807184,0.3958462169465222
AMDF_energy,phone_M1.wav,0.8425,v,False,0.2804899996248881,0.2332640977224734,115.9713434563319,3,231.46990840747495,0.36226045318035494
AMDF_energy,phone_M1.wav,0.8525,v,False,0.31158233058946205,0.18045728448936701,118.65498525730922,3,238.6560495505617,0.41770368399385005
AMDF_energy,phone_M1.wav,0.8625,v,False,0.34926737710158134,0.14287001276263434,119.18896783653094,3,238.72437914354617,0.40593210491219167
AMDF_energy,phone_M1.wav,0.8725,v,False,0.3519153760436304,0.13639676628310637,119.97490921966923,3,235.53552612073852,0.38544592252833754
AMDF_energy,phone_M1.wav,0.8825,v,False,0.3519737676071095,0.13215284952272469,121.99620092835728,3,244.51185347990364,0.38145227275484783
AMDF_energy,phone_M1.wav,0.8925,v,False,0.3616218734742605,0.09194061989808514,123.56626023087762,4,250.7898811131448,0.4123933445813489
AMDF_energy,phone_M1.wav,0.9025,v,False,0.46208846379167,0.3069925598616497,124.47404756817846,4,255.6082359903413,0.25829029622963984
AMDF_energy,phone_M1.wav,0.9125,v,False,0.7004918777595929,0.48035121748192283,,12,,
AMDF_energy,phone_M1.wav,0.9225,v,False,0.8601159722208948,0.42150561316859003,,12,,
AMDF_energy,phone_M1.wav,0.9325,v,False,0.9505473682891099,0.3100265479406656,133.2557693538378,12,275.4918488664496,0.343296512068909
AMDF_energy,phone_M1.wav,0.9425,v,False,0.8379591700982577,0.2590676484489846,135.14950714478957,12,262.2601187333175,0.3836365839512995
AMDF_energy,phone_M1.wav,0.9525,v,False,0.8635886448020189,0.21021569275437155,136.04434560503793,12,265.82764243533416,0.4269545883138851
AMDF_energy,phone_M1.wav,0.9625,v,False,0.9047452859396953,0.2072233797420403,138.0103510022336,8,284.9388793434764,0.38267878379171527
AMDF_energy,phone_M1.wav,0.9725,v,False,0.7816441781257412,0.23044234096969074,139.56308864947775,8,272.8225317390563,0.37782376925012817
AMDF_energy,phone_M1.wav,0.9825,v,False,0.6827458267868838,0.20688798213819762,141.18322444241414,8,,
AMDF_energy,phone_M1.wav,0.9925,v,False,0.4724997998351539,0.23283159321797436,140.48962130918852,8,290.36862204698843,0.4047001019163934
AMDF_energy,phone_M1.wav,1.0025,v,False,0.39068215259797867,0.21000171372581533,142.50413227611273,4,290.3391569689738,0.37029949478297264
AMDF_energy,phone_M1.wav,1.0125,v,False,0.3629087098796809,0.18098566443608208,145.555302818922,4,291.78242119486265,0.3325551875460895
AMDF_energy,phone_M1.wav,1.0225,v,False,0.3948013725544962,0.12580675129101465,74.25903335981464,4,148.5536064548179,0.02890346150885925
AMDF_energy,phone_M1.wav,1.0325,v,False,0.42517136312479353,0.13704718582446393,74.52877179844283,4,148.891899881978,0.012707978240670381
AMDF_energy,phone_M1.wav,1.0425,v,False,0.43241177660486196,0.1583827104436692,148.71492370150924,4,287.33406251559296,0.3232353077423106
AMDF_energy,phone_M1.wav,1.0525,v,False,0.43533600141268075,0.14626226877531745,75.43370641679834,4,149.37587568884226,0.019040090728805747
AMDF_energy,phone_M1.wav,1.0625,v,False,0.44131025359251996,0.1281875393798361,149.13291682369578,4,292.5102046058173,0.3259472133013571
AMDF_energy,phone_M1.wav,1.0725,v,False,0.45752525251478343,0.09386398414255206,74.33559049278729,4,148.4442781710681,0.005633729417324873
AMDF_energy,phone_M1.wav,1.0825,v,False,0.4519045989397158,0.0873642730941332,146.9580478375332,4,291.7625407376302,0.28569589115330574
AMDF_energy,phone_M1.wav,1.0925,v,False,0.4226797346785938,0.12168456416758291,145.41064913307096,4,289.1143373045734,0.23274922513212415
AMDF_energy,phone_M1.wav,1.1025,v,False,0.3482168049627039,0.1333605705123243,143.02821275097273,4,284.66957205874127,0.20336737089570134
AMDF_energy,phone_M1.wav,1.1125,v,False,0.2687690760491367,0.17270138186964315,142.26326687755164,4,284.2034208971535,0.2539854981931645
AMDF_energy,phone_M1.wav,1.1225,v,False,0.18905322514200992,0.32291360956643983,139.51441033316593,12,286.59189727056685,0.25139909973467855
AMDF_energy,phone_M1.wav,1.1325,v,False,0.24394287434119324,0.4077551440648978,139.12876194056872,12,,
AMDF_energy,phone_M1.wav,1.1425,v,False,0.44116785927807944,0.3516864744782108,147.3190107326607,12,292.58302186788706,0.2189877062764155
AMDF_energy,phone_M1.wav,1.1525,v,False,0.6454363922319833,0.2577251025447458,151.56652403096936,5,,
AMDF_energy,phone_M1.wav,1.1625,v,False,0.8669606080702792,0.24289726289173544,157.901354851382,6,,
AMDF_energy,phone_M1.wav,1.1725,v,False,0.9376426046003082,0.26336130608896624,157.02263393312464,6,,
AMDF_energy,phone_M1.wav,1.1825,v,False,0.9049706951173361,0.23626082306696025,153.98955718577102,12,,
AMDF_energy,phone_M1.wav,1.1925,v,False,0.80269812756359,0.1926036322521317,153.7040595700832,12,,
AMDF_energy,phone_M1.wav,1.2025,v,False,0.7670868449546844,0.18669410763294955,153.35152905926165,12,,
AMDF_energy,phone_M1.wav,1.2125,v,False,0.6661535133975555,0.2756451619193838,152.27092577788872,12,,
AMDF_energy,phone_M1.wav,1.2225,v,False,0.5018479805076668,0.4881898178158229,,12,,
AMDF_energy,phone_M1.wav,1.2325,v,False,0.31872388546879177,0.27541526469992816,150.99774806995663,4,308.37370074531856,0.3460168516224448
AMDF_energy,phone_M1.wav,1.2425,v,False,0.35394493227977497,0.10825363452804322,152.5196023648814,4,309.22786569482685,0.4772776934802391
AMDF_energy,phone_M1.wav,1.2525,v,False,0.4052929121928803,0.11736966418985102,154.50844860149135,4,301.3670731946344,0.4278817721701851
AMDF_energy,phone_M1.wav,1.2625,v,False,0.3864172665327054,0.11778506490112521,156.28237508992495,4,,
AMDF_energy,phone_M1.wav,1.2725,v,False,0.3656939819452095,0.08332891950242498,157.21279349025468,5,297.9569005594743,0.45917921581402554
AMDF_energy,phone_M1.wav,1.2825,v,False,0.35666636802121277,0.08736063502170627,78.4491962149875,6,156.5630789404937,0.008506132881766715
AMDF_energy,phone_M1.wav,1.2925,v,False,0.32229575871580557,0.11285968630456643,154.70827546061085,6,294.0431122487929,0.49598075674251374
AMDF_energy,phone_M1.wav,1.3025,v,False,0.24887678049242806,0.15711154494634327,153.42490066338434,4,,
AMDF_energy,phone_M1.wav,1.3125,v,False,0.219588267103527,0.15322510041118922,153.53593907354474,11,,
AMDF_energy,phone_M1.wav,1.3225,v,False,0.18753316834622502,0.17618948595782505,152.72041768524429,6,,
AMDF_energy,phone_M1.wav,1.3325,v,False,0.1769725080072226,0.2066868324547632,152.56543805356432,2,,
AMDF_energy,phone_M1.wav,1.3425,v,False,0.1644884596918968,0.23779550888989628,153.4772245845587,11,316.1430805842506,0.7198168732833977
AMDF_energy,phone_M1.wav,1.3525,v,False,0.15068472004501687,0.2101372199633773,153.25176643679396,6,300.1261957801602,0.7571865286485675
AMDF_energy,phone_M1.wav,1.3625,v,False,0.12880346765320486,0.2517455857758398,77.00754173689263,2,153.33772726214372,0.002758355022669967
AMDF_energy,phone_M1.wav,1.3725,v,False,0.10841348709456809,0.2858460047956343,147.96365732657355,11,309.95104396374205,0.6558699744443073
AMDF_energy,phone_M1.wav,1.3825,v,True,0.12079921687033207,0.45469531298127325,,12,,
AMDF_energy,phone_M1.wav,1.3925,uv,True,0.1153888518506539,0.4797674120656685,,12,,
AMDF_energy,phone_M1.wav,1.4025,uv,False,0.08712244879194274,0.475631499265735,,12,,
AMDF_energy,phone_M1.wav,1.4125,uv,False,0.08745869561673134,0.5268188567228368,,12,,
AMDF_energy,phone_M1.wav,1.4225,uv,False,0.12780562888923425,0.5642314309971951,,12,,
AMDF_energy,phone_M1.wav,1.4325,uv,False,0.1314496703385677,0.5516114287691746,,12,,
AMDF_energy,phone_M1.wav,1.4425,uv,False,0.12121573450969102,0.6286224771074825,,12,,
AMDF_energy,phone_M1.wav,1.4525,uv,False,0.11337101081744647,0.6037669311966287,,12,,
AMDF_energy,phone_M1.wav,1.4625,uv,False,0.10675115006669683,0.5991388658686158,,12,,
AMDF_energy,phone_M1.wav,1.4725,uv,False,0.10604951188654031,0.5581299323019799,,12,,
AMDF_energy,phone_M1.wav,1.4825,uv,False,0.1022308646416843,0.581135870572685,,12,,
AMDF_energy,phone_M1.wav,1.4925,uv,True,0.13844044593834143,0.5559199126949196,,12,,
AMDF_energy,phone_M1.wav,1.5025,v,True,0.34821449476930016,0.5375393537488142,,12,,
AMDF_energy,phone_M1.wav,1.5125,v,True,0.5349865729904635,0.3459209501040443,116.24116349989735,5,231.46200571019034,0.26264076534198166
AMDF_energy,phone_M1.wav,1.5225,v,False,0.7055713501858818,0.19703457261253637,114.37716945927133,5,232.09685414577334,0.3749189775810883
AMDF_energy,phone_M1.wav,1.5325,v,False,0.8288896856214215,0.14675662045290636,114.6605812241658,5,227.5047185291817,0.31181900862212164
AMDF_energy,phone_M1.wav,1.5425,v,False,0.9067793278709285,0.0713320241073358,114.70634992379834,5,226.99627830437913,0.3175440564100347
AMDF_energy,phone_M1.wav,1.5525,v,False,0.871280980268536,0.0763232350661889,114.27662696523943,5,227.32482732200648,0.2745827241391966
AMDF_energy,phone_M1.wav,1.5625,v,False,0.7274111318928227,0.11796360673772416,113.30084235065343,5,227.48662411967476,0.20158745699802005
AMDF_energy,phone_M1.wav,1.5725,v,False,0.5756660240316435,0.19219371510636835,112.44492943125921,5,224.2993441783221,0.12320191409995385
AMDF_energy,phone_M1.wav,1.5825,v,False,0.47957062933639477,0.17977988448452684,109.93824623272468,5,220.70966661867504,0.14494410766957366
AMDF_energy,phone_M1.wav,1.5925,v,False,0.3693808691029459,0.35263759770241265,109.42107469906422,5,216.53631311801485,0.07808160981238277
AMDF_energy,phone_M1.wav,1.6025,v,False,0.26686436036044336,0.40858263149843166,111.68821441214956,7,,
AMDF_energy,phone_M1.wav,1.6125,v,False,0.24450969291900745,0.22144754618556214,111.73330091581956,4,,
AMDF_energy,phone_M1.wav,1.6225,v,False,0.2501659535002845,0.22687727746688308,109.10653956851333,6,,
AMDF_energy,phone_M1.wav,1.6325,v,False,0.24998646394968005,0.21206652871436935,107.40533128771125,4,,
AMDF_energy,phone_M1.wav,1.6425,v,False,0.2506062987988213,0.20207686750100037,106.82827982101026,6,215.97529440725324,0.6204708638033599
AMDF_energy,phone_M1.wav,1.6525,v,False,0.2443086191393363,0.19910266490371506,107.79542254445886,5,215.3261305810749,0.4864204446262028
AMDF_energy,phone_M1.wav,1.6625,v,False,0.2240973297268989,0.2868077630374014,108.35222759111159,4,220.0331961597194,0.45602869375216404
AMDF_energy,phone_M1.wav,1.6725,v,False,0.19736164290654037,0.44446334735441223,,8,,
AMDF_energy,phone_M1.wav,1.6825,v,True,0.15684392808808273,0.41194946307489877,112.45742185941101,10,228.15999038141368,0.3646564423718025
AMDF_energy,phone_M1.wav,1.6925,uv,True,0.1313649567770016,0.5830602283100864,,10,,
AMDF_energy,phone_M1.wav,1.7025,uv,True,0.07858442691477403,0.4693230196416345,,12,,
AMDF_energy,phone_M1.wav,1.7125,uv,False,0.07102413262169689,0.584796538358024,,12,,
AMDF_energy,phone_M1.wav,1.7225,uv,False,0.06323925923227741,0.5911640099609576,,12,,
AMDF_energy,phone_M1.wav,1.7325,uv,False,0.0750864349013646,0.5904857513752724,,12,,
AMDF_energy,phone_M1.wav,1.7425,uv,False,0.08724040342851702,0.5361738686196841,,12,,
AMDF_energy,phone_M1.wav,1.7525,uv,False,0.09709447785059666,0.4797267759439311,,12,,
AMDF_energy,phone_M1.wav,1.7625,uv,False,0.10818493956391323,0.5264091676068365,,12,,
AMDF_energy,phone_M1.wav,1.7725,uv,False,0.12647121765486943,0.5565600841849625,,12,,
AMDF_energy,phone_M1.wav,1.7825,uv,True,0.14356308413460842,0.5703352546376349,,12,,
AMDF_energy,phone_M1.wav,1.7925,v,True,0.2663297293198536,0.5915406547584254,,10,,
AMDF_energy,phone_M1.wav,1.8025,v,True,0.4996734088506692,0.4700602492306961,,8,,
AMDF_energy,phone_M1.wav,1.8125,v,False,0.7115220982155005,0.28514061922096656,121.2012553933589,6,240.89292750039107,0.3563193146703546
AMDF_energy,phone_M1.wav,1.8225,v,False,0.9507255962946898,0.15735353633989393,120.986129556379,5,242.16228898023735,0.43976138476513504
AMDF_energy,phone_M1.wav,1.8325,v,False,1.1308824445637238,0.12242209756842588,120.7907758161299,5,245.83827655260342,0.42225750993979694
AMDF_energy,phone_M1.wav,1.8425,v,False,1.217242126063521,0.066926760487299,120.43883866786769,5,239.85833433962654,0.44948850950785335
AMDF_energy,phone_M1.wav,1.8525,v,False,1.2276452737233674,0.10901219206623519,119.90033962792177,5,234.71425095276743,0.36542482966972256
AMDF_energy,phone_M1.wav,1.8625,v,False,1.1820903443430477,0.11983445568258819,118.05557019917477,5,234.0568878958236,0.3145395965207852
AMDF_energy,phone_M1.wav,1.8725,v,False,1.0756629066088463,0.09921974647213318,116.65380988302421,5,232.96245216215598,0.2983699789945087
AMDF_energy,phone_M1.wav,1.8825,v,False,1.0357268942467757,0.1408026130077716,114.33072009818537,5,230.85878306437516,0.25507474906751104
AMDF_energy,phone_M1.wav,1.8925,v,False,0.9783092206317245,0.11304180908697807,112.68897347047921,5,226.10286290842288,0.3055195072153676
AMDF_energy,phone_M1.wav,1.9025,v,False,0.9461591103938348,0.12053951528041958,111.64274749560313,5,220.69105913399972,0.33006220469869607
AMDF_energy,phone_M1.wav,1.9125,v,False,0.9294912447259418,0.0878621992466256,110.53381620006466,5,217.80494350118346,0.36895754698377414
AMDF_energy,phone_M1.wav,1.9225,v,False,0.8951790277493127,0.11698943775789926,110.15687519202903,5,221.9949364334425,0.34017153232038666
AMDF_energy,phone_M1.wav,1.9325,v,False,0.7975266546499508,0.3133050335885962,109.04336298855164,5,,
AMDF_energy,phone_M1.wav,1.9425,v,False,0.6692732045205734,0.31602589365987976,103.58130415075583,6,,
AMDF_energy,phone_M1.wav,1.9525,v,False,0.5983385685912074,0.16217869426182696,100.71782023767412,6,,
AMDF_energy,phone_M1.wav,1.9625,v,False,0.5464713020667433,0.2651051394976555,99.19627374979314,6,,
AMDF_energy,phone_M1.wav,1.9725,v,False,0.42544192396047925,0.3620940594822572,245.53252387164724,5,,
AMDF_energy,phone_M1.wav,1.9825,v,False,0.3538428675056904,0.3770607819949918,242.13911676664327,8,,
AMDF_energy,phone_M1.wav,1.9925,v,False,0.2967066752693574,0.33427394791534587,239.78479032406844,5,,
AMDF_energy,phone_M1.wav,2.0025,v,False,0.35366784849974164,0.4231507161852,,5,,
AMDF_energy,phone_M1.wav,2.0125,v,False,0.3111187043393562,0.427640764630285,,5,,
AMDF_energy,phone_M1.wav,2.0225,v,False,0.2624805535835325,0.5155299874700061,,7,,
AMDF_energy,phone_M1.wav,2.0325,v,False,0.25580072310417357,0.3865551999423602,102.80430229412299,5,,
AMDF_energy,phone_M1.wav,2.0425,v,False,0.2523225679551183,0.4760826293934806,,4,,
AMDF_energy,phone_M1.wav,2.0525,v,False,0.24488522993636408,0.3401938196581322,100.23797281349081,4,199.75307223792336,0.3116496107213824
AMDF_energy,phone_M1.wav,2.0625,v,False,0.2038564370679414,0.384468756411168,95.69163826961199,5,184.2993256206827,0.33270650799198553
AMDF_energy,phone_M1.wav,2.0725,v,False,0.15822907419538168,0.4260396661509073,,4,,
AMDF_energy,phone_M1.wav,2.0825,v,False,0.126663063876383,0.3922682130772816,107.02782808205554,7,216.9055905595096,0.1437701320375172
AMDF_energy,phone_M1.wav,2.0925,v,False,0.1229278077432418,0.3585702841270744,106.90783355219483,4,207.4129149351206,0.23287472650355934
AMDF_energy,phone_M1.wav,2.1025,v,False,0.11933582077682571,0.3467183932204335,106.68715449244026,7,208.26056933635826,0.397191016361539
AMDF_energy,phone_M1.wav,2.1125,v,False,0.10955413229369938,0.27325999907555415,106.53738479246266,12,202.1381074376136,0.5205162382246122
AMDF_energy,phone_M1.wav,2.1225,v,False,0.10454032947747033,0.35705527331760756,108.042318948876,12,218.33042860714048,0.36208083112015965
AMDF_energy,phone_M1.wav,2.1325,v,False,0.0959664370922543,0.3292488815352879,110.49830642879573,12,228.872903079428,0.36141904276799297
AMDF_energy,phone_M1.wav,2.1425,v,False,0.10609653666241277,0.4262309570945085,,12,,
AMDF_energy,phone_M1.wav,2.1525,v,False,0.18014456371033918,0.4435968262680102,,12,,
AMDF_energy,phone_M1.wav,2.1625,v,False,0.2875693021290483,0.3339149539231526,123.90495981056806,12,236.60903311830864,0.4009130985200643
AMDF_energy,phone_M1.wav,2.1725,v,False,0.414253401082846,0.22893467258720235,124.07820424683321,11,253.3544009692775,0.4277497315773291
AMDF_energy,phone_M1.wav,2.1825,v,False,0.49546070021150956,0.20021760753218698,123.64301872926808,11,,
AMDF_energy,phone_M1.wav,2.1925,v,False,0.5593932454015081,0.20551061166522724,123.13293824056363,12,237.86351289146765,0.404003759246631
AMDF_energy,phone_M1.wav,2.2025,v,False,0.5955345669490963,0.23082956307040042,121.79239798715247,12,250.20561032786168,0.3883238598556902
AMDF_energy,phone_M1.wav,2.2125,v,False,0.5904215843375316,0.23290733841419592,120.52934388321167,12,241.3253287263754,0.39837020400579193
AMDF_energy,phone_M1.wav,2.2225,v,False,0.5750160855731884,0.15363431395708185,120.16624808157539,12,241.2961134857982,0.492468615173
AMDF_energy,phone_M1.wav,2.2325,v,False,0.528056449221943,0.2563999762934359,120.0287632699497,12,,
AMDF_energy,phone_M1.wav,2.2425,v,False,0.4580335611100727,0.22401469551236394,117.89111825689233,12,234.41644207214767,0.46801011037658535
AMDF_energy,phone_M1.wav,2.2525,v,False,0.4320741280387812,0.30012678638385915,116.67817136991819,12,229.21276977675765,0.39646747265675963
AMDF_energy,phone_M1.wav,2.2625,v,False,0.45593161941311394,0.22690295500338453,115.17862682137958,12,228.2220964359389,0.4436215437034712
AMDF_energy,phone_M1.wav,2.2725,v,False,0.4793478529835362,0.19799649571855632,114.88741631857259,12,228.7729754752225,0.41058724713566697
AMDF_energy,phone_M1.wav,2.2825,v,False,0.48981909997024486,0.17907983955526552,114.39071398737498,12,229.33331382365685,0.47522563840652643
AMDF_energy,phone_M1.wav,2.2925,v,False,0.4612427161901723,0.2583106322780122,113.6320489027645,12,,
AMDF_energy,phone_M1.wav,2.3025,v,False,0.4329524520525214,0.31464299888145286,112.07011057236237,12,236.21250463345282,0.38555887852942006
AMDF_energy,phone_M1.wav,2.3125,v,False,0.3843277684818716,0.20128157269371133,111.5896730058528,12,231.1868726764454,0.4681516395632894
AMDF_energy,phone_M1.wav,2.3225,v,False,0.3492567128807996,0.2599265932941203,110.26685345954226,12,212.6061933696008,0.4324002865990857
AMDF_energy,phone_M1.wav,2.3325,v,False,0.313200649054466,0.22767598432979114,109.54721842872587,12,,
AMDF_energy,phone_M1.wav,2.3425,v,False,0.3334941323209027,0.2066298863262105,109.56565543680493,12,218.5071530583886,0.5490979870359038
AMDF_energy,phone_M1.wav,2.3525,v,False,0.33791328224644285,0.2363461186096915,109.95000900285757,12,218.7711358090791,0.5089157911820295
AMDF_energy,phone_M1.wav,2.3625,v,False,0.3369058960629542,0.15435506021806014,111.011125150857,12,231.0700265539012,0.6040975119837891
AMDF_energy,phone_M1.wav,2.3725,v,False,0.33117378225992383,0.1792309798697738,111.54042959421719,12,232.53792521922207,0.6035829467726546
AMDF_energy,phone_M1.wav,2.3825,v,False,0.3236152133594225,0.2524697360711268,112.24897833011694,12,,
AMDF_energy,phone_M1.wav,2.3925,v,False,0.2927250031783219,0.20948072960698233,114.41133511898849,12,,
AMDF_energy,phone_M1.wav,2.4025,v,False,0.22562041769125477,0.43720101854700855,,7,,
AMDF_energy,phone_M1.wav,2.4125,v,False,0.1309536665274983,0.44413720740357837,,4,,
AMDF_energy,phone_M1.wav,2.4225,v,False,0.13518362336047351,0.29756800621922763,124.06682784598594,3,,
AMDF_energy,phone_M1.wav,2.4325,v,False,0.15389734219810786,0.25298123507846626,125.45642373011636,3,239.0950098772709,0.4034965546301008
AMDF_energy,phone_M1.wav,2.4425,v,False,0.17057491362995567,0.20354947877993462,125.82338682292634,3,242.32245652728977,0.40594532042417253
AMDF_energy,phone_M1.wav,2.4525,v,False,0.17116692427206717,0.18354275894979782,130.1689586250424,3,268.84521408403316,0.5605773082312047
AMDF_energy,phone_M1.wav,2.4625,v,False,0.19608295717751809,0.23339433963126455,128.32103781764494,3,,
AMDF_energy,phone_M1.wav,2.4725,v,False,0.21435867696950156,0.148842787548483,123.43990372747449,3,,
AMDF_energy,phone_M1.wav,2.4825,v,False,0.22525151261410034,0.10250075511019148,122.0727567438875,3,246.6851672762533,0.544921216043822
AMDF_energy,phone_M1.wav,2.4925,v,False,0.37536191495663185,0.3797911826691407,120.68689247867286,3,,
AMDF_energy,phone_M1.wav,2.5025,v,False,0.5152046591036775,0.5669192572583966,,12,,
AMDF_energy,phone_M1.wav,2.5125,v,False,0.5969868190160668,0.29639483616157086,110.8871317060824,12,,
AMDF_energy,phone_M1.wav,2.5225,v,False,0.6076716872039348,0.1759014853471954,111.18498410971564,12,,
AMDF_energy,phone_M1.wav,2.5325,v,False,0.6070871166855476,0.26131502312402927,110.87345726786587,12,,
AMDF_energy,phone_M1.wav,2.5425,v,False,0.6034782651572318,0.26361135808394265,110.88645439126532,12,,
AMDF_energy,phone_M1.wav,2.5525,v,False,0.5714835429451893,0.4108634055347183,109.2944702562135,12,,
AMDF_energy,phone_M1.wav,2.5625,v,False,0.5349141999344924,0.22463645738766985,109.54892470888998,12,,
AMDF_energy,phone_M1.wav,2.5725,v,False,0.4710556054960732,0.24704739691859015,108.17684463107183,12,,
AMDF_energy,phone_M1.wav,2.5825,v,False,0.4555660903431319,0.18578689230747028,108.7559003308964,12,,
AMDF_energy,phone_M1.wav,2.5925,v,False,0.48067221918771896,0.21948969549396635,108.13836384639886,12,,
AMDF_energy,phone_M1.wav,2.6025,v,False,0.48593019856072106,0.22281515518460393,108.00212724920245,12,,
AMDF_energy,phone_M1.wav,2.6125,v,False,0.4645891428739961,0.25324724648855257,107.72839105405438,12,,
AMDF_energy,phone_M1.wav,2.6225,v,False,0.45160832748170704,0.18777976879340197,106.68905632810947,12,,
AMDF_energy,phone_M1.wav,2.6325,v,False,0.43988715571646975,0.2305566362907793,105.99870177003842,12,206.63744406557234,0.601775437374701
AMDF_energy,phone_M1.wav,2.6425,v,False,0.4174651767880913,0.17864276392685502,104.52219257885011,12,210.42167052597412,0.6727377289409918
AMDF_energy,phone_M1.wav,2.6525,v,False,0.39352485628429235,0.18730747262177605,104.1125727717504,12,,
AMDF_energy,phone_M1.wav,2.6625,v,False,0.36832175657438915,0.16600421075612432,103.45839347355961,12,,
AMDF_energy,phone_M1.wav,2.6725,v,False,0.3357526271236258,0.16362838486370063,103.0332737318676,12,,
AMDF_energy,phone_M1.wav,2.6825,v,False,0.31041383332427736,0.16533898569179692,102.49838782403216,12,,
AMDF_energy,phone_M1.wav,2.6925,v,False,0.2883871779316518,0.21462273624454037,102.96992187375383,12,207.1955542454794,0.442897605735331
AMDF_energy,phone_M1.wav,2.7025,v,False,0.2428238562954828,0.2960058142210841,103.3298908922414,12,197.37893663720322,0.33204445850123043
AMDF_energy,phone_M1.wav,2.7125,v,False,0.21723406338587112,0.4250334540704636,,12,,
AMDF_energy,phone_M1.wav,2.7225,v,False,0.17763512506285403,0.5943181446280722,,12,,
AMDF_energy,phone_M1.wav,2.7325,v,False,0.1400222823233319,0.5841070844327465,,12,,
AMDF_energy,phone_M1.wav,2.7425,v,False,0.15155373655795623,0.59323373988133,,12,,
AMDF_energy,phone_M1.wav,2.7525,v,False,0.1380444612604242,0.5624468527502279,,12,,
AMDF_energy,phone_M1.wav,2.7625,v,False,0.10734184229217997,0.5592161971909728,,12,,
AMDF_energy,phone_M1.wav,2.7725,v,True,0.0708889888251621,0.5550032421656499,,12,,
AMDF_energy,phone_M1.wav,2.7825,uv,True,0.07703797897035937,0.6304228292863446,,12,,
AMDF_energy,phone_M1.wav,2.7925,uv,False,0.07088224121004313,0.6361121958504269,,12,,
AMDF_energy,phone_M1.wav,2.8025,uv,False,0.07466980556829336,0.6633806356079486,,12,,
AMDF_energy,phone_M1.wav,2.8125,uv,False,0.040786178369507334,0.5921173234644854,,12,,
AMDF_energy,phone_M1.wav,2.8225,uv,False,0.034849923865627366,0.5892236647251894,,12,,
AMDF_energy,phone_M1.wav,2.8325,uv,False,0.1731467084781314,0.7929614190446346,,12,,
AMDF_energy,phone_M1.wav,2.8425,uv,False,0.48865461534391474,0.5113994955221146,,12,,
AMDF_energy,phone_M1.wav,2.8525,uv,True,0.5079354389576863,0.5659143416479201,,12,,
AMDF_energy,phone_M1.wav,2.8625,v,True,0.5779528322138631,0.6617593106267823,,12,,
AMDF_energy,phone_M1.wav,2.8725,v,False,0.6418049751807091,0.5122933987063732,,12,,
AMDF_energy,phone_M1.wav,2.8825,v,False,0.9249734844205705,0.36820780341514553,135.84285742999322,8,,
AMDF_energy,phone_M1.wav,2.8925,v,False,0.951221694063306,0.3267343078691724,135.6067335303494,12,,
AMDF_energy,phone_M1.wav,2.9025,v,False,0.9981348809046879,0.33569849244795874,135.64006789498734,12,,
AMDF_energy,phone_M1.wav,2.9125,v,False,1.1416306620278702,0.38315599031043657,135.95822533527382,12,,
AMDF_energy,phone_M1.wav,2.9225,v,True,0.8466327890147565,0.5242623286138359,,12,,
AMDF_energy,phone_M1.wav,2.9325,uv,True,0.6267241769435412,0.685819962931394,,12,,
AMDF_energy,phone_M1.wav,2.9425,uv,True,0.12019358130648376,0.635388457207475,,12,,
AMDF_energy,phone_M1.wav,2.9525,uv,False,0.08684509796355995,0.44848246133051073,,9,,
AMDF_energy,phone_M1.wav,2.9625,uv,False,0.08795695718785804,0.34091166159539643,136.8039630185008,8,,
AMDF_energy,phone_M1.wav,2.9725,uv,False,0.08269876538017042,0.38216589319115063,135.89540800649306,9,,
AMDF_energy,phone_M1.wav,2.9825,uv,False,0.07174218193575299,0.5006490769162549,,12,,
AMDF_energy,phone_M1.wav,2.9925,uv,False,0.07060110762947154,0.4521732806376502,,10,,
AMDF_energy,phone_M1.wav,3.0025,uv,False,0.06682854564579895,0.43979521930075627,,9,,
AMDF_energy,phone_M1.wav,3.0125,uv,False,0.08087560296720034,0.37715462441772113,136.28784499060626,11,,
AMDF_energy,phone_M1.wav,3.0225,uv,False,0.08488455505352421,0.37415877483486304,136.0160885064083,8,,
AMDF_energy,phone_M1.wav,3.0325,uv,False,0.08103263304308811,0.31303987745884104,136.19152565860188,8,,
AMDF_energy,phone_M1.wav,3.0425,uv,False,0.07594926519949297,0.3878332883331513,136.40509801896442,8,,
AMDF_energy,phone_M1.wav,3.0525,uv,False,0.06406541043116486,0.45953073236009695,,12,,
AMDF_energy,phone_M1.wav,3.0625,uv,False,0.0531030566678932,0.4514385410280096,,12,,
AMDF_energy,phone_M1.wav,3.0725,uv,False,0.04535608942795064,0.5359840715122427,,12,,
AMDF_energy,phone_M1.wav,3.0825,uv,False,0.045328048749649116,0.4862646439480526,,8,,
AMDF_energy,phone_M1.wav,3.0925,uv,True,0.06827670984338075,0.46883691981036424,,8,,
AMDF_energy,phone_M1.wav,3.1025,v,True,0.1075852011448586,0.5758815269030056,,9,,
AMDF_energy,phone_M1.wav,3.1125,v,True,0.12962351581950257,0.5055254638800634,,9,,
AMDF_energy,phone_M1.wav,3.1225,v,False,0.17299611364346232,0.3579010018715297,92.5334577558745,7,,
AMDF_energy,phone_M1.wav,3.1325,v,False,0.19784435606633008,0.33027757145881037,99.57629327533259,9,205.6632874399679,0.36965543343031326
AMDF_energy,phone_M1.wav,3.1425,v,False,0.21744388182479055,0.1628520021037036,91.98538114802379,9,,
AMDF_energy,phone_M1.wav,3.1525,v,False,0.22152242664457003,0.12254188741221182,94.0188126972614,8,,
AMDF_energy,phone_M1.wav,3.1625,v,False,0.2277744183452382,0.16065550290065247,95.67054876556956,6,,
AMDF_energy,phone_M1.wav,3.1725,v,False,0.23439829728420608,0.17323395517107992,96.57669950827794,6,,
AMDF_energy,phone_M1.wav,3.1825,v,False,0.32487549588476805,0.5311096333057344,,9,,
AMDF_energy,phone_M1.wav,3.1925,v,False,0.42723857151850525,0.3073659458961742,101.15497875833395,10,192.83363628040507,0.46450729973029414
AMDF_energy,phone_M1.wav,3.2025,v,False,0.4558608784411542,0.14413982355471536,100.75422809149602,7,,
AMDF_energy,phone_M1.wav,3.2125,v,False,0.4641701871453702,0.1218300599468995,99.8374434132639,5,210.1074236097565,0.48831165201075577
AMDF_energy,phone_M1.wav,3.2225,v,False,0.4792783854577064,0.17411668471824163,99.32598965125433,6,,
AMDF_energy,phone_M1.wav,3.2325,v,False,0.49223989859094675,0.22406160329570293,99.90920804121906,7,,
AMDF_energy,phone_M1.wav,3.2425,v,False,0.532420809612555,0.17084475130015367,100.46736048159508,6,,
AMDF_energy,phone_M1.wav,3.2525,v,False,0.5439970541775212,0.1642517826590086,101.13693987446587,6,,
AMDF_energy,phone_M1.wav,3.2625,v,False,0.49001261385509964,0.28712343243192967,104.243017246198,6,,
AMDF_energy,phone_M1.wav,3.2725,v,False,0.39460507649863585,0.4424582578940585,,8,,
AMDF_energy,phone_M1.wav,3.2825,v,True,0.26555443601262474,0.5176393521722562,,12,,
AMDF_energy,phone_M1.wav,3.2925,uv,True,0.1483125919646388,0.6046674979363039,,12,,
AMDF_energy,phone_M1.wav,3.3025,uv,False,0.08193738770579659,0.5661754648351801,,12,,
AMDF_energy,phone_M1.wav,3.3125,uv,False,0.06698661952801391,0.508074623307235,,12,,
AMDF_energy,phone_M1.wav,3.3225,uv,False,0.06110942660898173,0.49626280134846235,,12,,
AMDF_energy,phone_M1.wav,3.3325,uv,False,0.12607605375058442,0.6214508863454314,,12,,
AMDF_energy,phone_M1.wav,3.3425,uv,False,0.2577118532916498,0.6498178164497891,,12,,
AMDF_energy,phone_M1.wav,3.3525,uv,False,0.4190824940765481,0.6041833081010465,,12,,
AMDF_energy,phone_M1.wav,3.3625,uv,False,0.5281216095747511,0.6055789388837746,,12,,
AMDF_energy,phone_M1.wav,3.3725,uv,False,0.6644305299518477,0.6105795348015055,,12,,
AMDF_energy,phone_M1.wav,3.3825,uv,False,0.7863719420712602,0.5838290755940769,,12,,
AMDF_energy,phone_M1.wav,3.3925,uv,False,0.9019897389115216,0.563141049110495,,12,,
AMDF_energy,phone_M1.wav,3.4025,uv,False,1.1379957365668774,0.5899962182425935,,12,,
AMDF_energy,phone_M1.wav,3.4125,uv,False,1.1768223507036055,0.5729762361776956,,12,,
AMDF_energy,phone_M1.wav,3.4225,uv,False,1.00346379260558,0.63618494853128,,12,,
AMDF_energy,phone_M1.wav,3.4325,uv,False,0.5565389257719013,0.6273371217647987,,12,,
AMDF_energy,phone_M1.wav,3.4425,uv,True,0.3042380098192263,0.699997771261726,,12,,
AMDF_energy,phone_M1.wav,3.4525,v,True,0.318554110370265,0.5698285849104496,,12,,
AMDF_energy,phone_M1.wav,3.4625,v,True,0.44119486463740865,0.34282050155901345,117.39625111733746,12,,
AMDF_energy,phone_M1.wav,3.4725,v,False,0.486608351366814,0.3748677436278699,111.04685637904473,12,,
AMDF_energy,phone_M1.wav,3.4825,v,False,0.5065704297644531,0.3554523198129048,109.04095439942274,12,,
AMDF_energy,phone_M1.wav,3.4925,v,False,0.48236179195976686,0.345361052458986,105.40272424012977,12,,
AMDF_energy,phone_M1.wav,3.5025,v,False,0.4031720979614613,0.4191848847533496,,12,,
AMDF_energy,phone_M1.wav,3.5125,v,True,0.27478166784911123,0.5917316056398958,,12,,
AMDF_energy,phone_M1.wav,3.5225,sil,True,0.13098472577310466,0.5212662058684596,,12,,
AMDF_energy,phone_M1.wav,3.5325,sil,False,0.06499162206943548,0.4999074972928172,,12,,
AMDF_energy,phone_M1.wav,3.5425,sil,False,0.06096814340104632,0.5879773152595128,,12,,
AMDF_energy,phone_M1.wav,3.5525,sil,False,0.05231362978718571,0.6043307856176481,,12,,
AMDF_energy,phone_M1.wav,3.5625,sil,False,0.05214990702116557,0.5798579367838432,,12,,
AMDF_energy,phone_M1.wav,3.5725,sil,False,0.05436455979325494,0.5312063422588569,,12,,
AMDF_energy,phone_M1.wav,3.5825,sil,False,0.05245186243498705,0.5150081247281412,,12,,
AMDF_energy,phone_M1.wav,3.5925,sil,False,0.0442580357682019,0.49443830012612294,,12,,
AMDF_energy,phone_M1.wav,3.6025,sil,False,0.04394564940894888,0.5583571632513056,,12,,
AMDF_energy,phone_M1.wav,3.6125,sil,False,0.04454178718956443,0.5312740504492586,,12,,
AMDF_energy,phone_M1.wav,3.6225,sil,False,0.039572882806213225,0.5674459131118617,,12,,
AMDF_energy,phone_M1.wav,3.6325,sil,False,0.0428033132378572,0.5745000233400376,,12,,
AMDF_energy,phone_M1.wav,3.6425,sil,False,0.04153905395717803,0.5990668124246746,,12,,
AMDF_energy,phone_M1.wav,3.6525,sil,False,0.04309790351987625,0.6084322931166944,,12,,
AMDF_energy,phone_M1.wav,3.6625,sil,False,0.04208119081746232,0.5775350968529086,,12,,
AMDF_energy,phone_M1.wav,3.6725,sil,False,0.04072635952607047,0.5510458156319519,,12,,
AMDF_energy,phone_M1.wav,3.6825,sil,False,0.03471669820886061,0.6334243037601429,,12,,
AMDF_energy,phone_M1.wav,3.6925,sil,False,0.03755529815116379,0.6122631601595158,,12,,
AMDF_energy,phone_M1.wav,3.7025,sil,False,0.036396272053344655,0.5003918498857639,,12,,
AMDF_energy,phone_M1.wav,3.7125,sil,False,0.03801982532945138,0.5697613934249295,,12,,
AMDF_energy,phone_M1.wav,3.7225,sil,False,0.04230893103622619,0.570265716251873,,12,,
AMDF_energy,phone_M1.wav,3.7325,sil,False,0.04136414585421271,0.6909066544166609,,12,,
AMDF_energy,phone_M1.wav,3.7425,sil,False,0.0424306373435638,0.6769990366083333,,12,,
AMDF_energy,phone_M1.wav,3.7525,sil,False,0.035120812540371485,0.5494015509390385,,12,,
AMDF_energy,phone_M1.wav,3.7625,sil,False,0.03663925811166918,0.5685801059879532,,12,,
AMDF_energy,phone_M1.wav,3.7725,sil,False,0.03476264895008812,0.5600268806892835,,12,,
AMDF_energy,phone_M1.wav,3.7825,sil,False,0.03693171114238341,0.610587960094307,,12,,
AMDF_energy,phone_M1.wav,3.7925,sil,False,0.034491095507386285,0.6059984777529638,,12,,
AMDF_energy,phone_M1.wav,3.8025,sil,False,0.03970490915512398,0.6263136515985583,,12,,
AMDF_energy,phone_M1.wav,3.8125,sil,False,0.03680269905365595,0.5624508392791171,,12,,
AMDF_energy,phone_M1.wav,3.8225,sil,False,0.03824306439363566,0.641283507069879,,12,,
AMDF_energy,phone_M1.wav,3.8325,sil,False,0.03491343751463699,0.6153645946925103,,12,,
AMDF_energy,phone_M1.wav,3.8425,sil,False,0.035210471172187154,0.48360387935134974,,12,,
AMDF_energy,phone_M1.wav,3.8525,sil,False,0.03524204638602612,0.5798436265606286,,12,,
AMDF_energy,phone_M1.wav,3.8625,sil,False,0.03218548024384453,0.5496348375854272,,12,,
AMDF_energy,phone_M1.wav,3.8725,sil,False,0.03137242585312839,0.5796735957679789,,12,,
AMDF_energy,phone_M1.wav,3.8825,sil,False,0.031706872273108984,0.5492831535424066,,12,,
AMDF_energy,phone_M1.wav,3.8925,sil,False,0.027636014042268675,0.6112794219101875,,12,,
AMDF_energy,phone_M1.wav,3.9025,sil,False,0.028945452156854772,0.6121105716170311,,12,,
AMDF_energy,phone_M1.wav,3.9125,sil,False,0.028587573886224807,0.5814289385825632,,12,,
AMDF_energy,phone_M1.wav,3.9225,sil,False,0.027342267516408458,0.5863964908765734,,12,,
AMDF_energy,phone_M1.wav,3.9325,sil,False,0.02661247084909073,0.5484437077420508,,12,,
AMDF_energy,phone_M1.wav,3.9425,sil,False,0.02814567592677674,0.6141443575054636,,12,,
AMDF_energy,phone_M1.wav,3.9525,sil,False,0.029877987962633096,0.5460010737924772,,12,,
AMDF_energy,phone_M1.wav,3.9625,sil,False,0.0253627922500173,0.5523114103566437,,12,,
AMDF_energy,phone_M1.wav,3.9725,sil,False,0.027173640691535297,0.6226631196395536,,12,,
AMDF_energy,phone_M1.wav,3.9825,sil,False,0.027808657400181545,0.6467454201935751,,12,,
AMDF_energy,phone_M1.wav,3.9925,sil,False,0.03204114289664128,0.6413805140726325,,12,,
AMDF_energy,phone_M1.wav,4.0025,sil,False,0.033152781325138485,0.5863371307019228,,12,,
AMDF_energy,phone_M1.wav,4.0125,sil,False,0.037759264962615946,0.5321647255855514,,12,,
AMDF_energy,phone_M1.wav,4.0225,sil,False,0.04063126550366008,0.5211199075892029,,12,,
AMDF_energy,phone_M1.wav,4.0325,sil,False,0.04233414157577924,0.4182348620077172,,12,,
AMDF_energy,phone_M1.wav,4.0425,sil,False,0.04025741929510517,0.3680001630940975,,12,,
AMDF_energy,phone_M1.wav,4.0525,sil,False,0.03452131949018231,0.46264602223270895,,12,,
AMDF_energy,phone_M1.wav,4.0625,sil,False,0.030956353521030475,0.48557036045583224,,12,,
AMDF_energy,phone_M1.wav,4.0725,sil,False,0.0302020362062607,0.5262347993081478,,12,,
AMDF_energy,phone_M1.wav,4.0825,sil,False,0.034113191881420694,0.5565395302339604,,12,,
AMDF_energy,phone_M1.wav,4.0925,sil,False,0.03588159511368772,0.6254090423074911,,12,,
AMDF_energy,phone_M1.wav,4.1025,sil,False,0.03754015831333276,0.6141757143393584,,12,,
AMDF_energy,phone_M1.wav,4.1125,sil,False,0.03776445883489395,0.5299548389891442,,12,,
AMDF_energy,phone_M1.wav,4.1225,sil,False,0.038603672140723,0.544330671525706,,12,,
AMDF_energy,phone_M1.wav,4.1325,sil,False,0.036455827996715366,0.5501587950362624,,12,,
AMDF_energy,phone_M1.wav,4.1425,sil,True,0.03232794827471663,0.4823552697610626,,12,,
AMDF_energy,studio_F1.wav,0.012494331065759636,sil,True,0.00437562395588377,0.6739817587825612,,12,,
AMDF_energy,studio_F1.wav,0.022494331065759637,sil,False,0.0020250474269376487,0.6375852785259788,,12,,
AMDF_energy,studio_F1.wav,0.032494331065759635,sil,False,0.0017766614695819709,0.5776577340681361,,12,,
AMDF_energy,studio_F1.wav,0.04249433106575964,sil,False,0.001835312332777489,0.6054823295093279,,12,,
AMDF_energy,studio_F1.wav,0.05249433106575964,sil,False,0.002205453823373533,0.5904520335360184,,12,,
AMDF_energy,studio_F1.wav,0.062494331065759634,sil,False,0.0033010268373574276,0.6209790251216962,,12,,
AMDF_energy,studio_F1.wav,0.07249433106575964,sil,False,0.003921090939890734,0.6228565929825121,,12,,
AMDF_energy,studio_F1.wav,0.08249433106575964,sil,False,0.004290078687582249,0.5754500931741757,,12,,
AMDF_energy,studio_F1.wav,0.09249433106575963,sil,False,0.004053854232017823,0.557860229096315,,12,,
AMDF_energy,studio_F1.wav,0.10249433106575964,sil,False,0.0036179512915578914,0.5545538883368117,,12,,
AMDF_energy,studio_F1.wav,0.11249433106575964,sil,False,0.002955712832401231,0.563026485887463,,12,,
AMDF_energy,studio_F1.wav,0.12249433106575963,sil,False,0.0032044565706091143,0.5991156440704151,,12,,
AMDF_energy,studio_F1.wav,0.13249433106575964,sil,False,0.0034102740049390106,0.5124205085298413,,12,,
AMDF_energy,studio_F1.wav,0.14249433106575965,sil,False,0.0034772512505524844,0.5627437531406387,,12,,
AMDF_energy,studio_F1.wav,0.15249433106575963,sil,False,0.0032114805735052074,0.5836227160293092,,12,,
AMDF_energy,studio_F1.wav,0.16249433106575964,sil,False,0.0027071990205485862,0.621021017313742,,12,,
AMDF_energy,studio_F1.wav,0.17249433106575965,sil,False,0.002512534276264147,0.5796391038888937,,12,,
AMDF_energy,studio_F1.wav,0.18249433106575963,sil,False,0.0024832804900258754,0.5752030656831533,,12,,
AMDF_energy,studio_F1.wav,0.19249433106575964,sil,False,0.0023352313233390935,0.5566555619233987,,12,,
AMDF_energy,studio_F1.wav,0.20249433106575965,sil,False,0.002313229902287061,0.5703397123025808,,12,,
AMDF_energy,studio_F1.wav,0.21249433106575963,sil,False,0.002485349353588255,0.5665589739999534,,12,,
AMDF_energy,studio_F1.wav,0.22249433106575964,sil,False,0.003033666504105362,0.5138246962786106,,12,,
AMDF_energy,studio_F1.wav,0.23249433106575965,sil,False,0.005759330838178399,0.41020459376623586,,12,,
AMDF_energy,studio_F1.wav,0.24249433106575963,sil,False,0.008438031968522372,0.24827250513275498,,12,,
AMDF_energy,studio_F1.wav,0.25249433106575964,sil,False,0.009270231626991846,0.17542797701615276,,12,,
AMDF_energy,studio_F1.wav,0.26249433106575965,sil,False,0.007713896188648047,0.2548842284804153,,12,,
AMDF_energy,studio_F1.wav,0.27249433106575965,sil,False,0.007381502048490915,0.3151518467775799,,12,,
AMDF_energy,studio_F1.wav,0.28249433106575966,sil,False,0.009869216089741171,0.27115675344148205,,12,,
AMDF_energy,studio_F1.wav,0.2924943310657596,sil,False,0.01121185654133252,0.25304668600514724,,11,,
AMDF_energy,studio_F1.wav,0.3024943310657596,sil,False,0.010363358641376065,0.3146270214545164,,11,,
AMDF_energy,studio_F1.wav,0.31249433106575963,sil,False,0.007761452254100648,0.4216830425850585,,12,,
AMDF_energy,studio_F1.wav,0.32249433106575964,sil,False,0.00619081668805851,0.49719356954339117,,12,,
AMDF_energy,studio_F1.wav,0.33249433106575965,sil,False,0.00593557611668439,0.5548075679769349,,12,,
AMDF_energy,studio_F1.wav,0.34249433106575966,sil,False,0.005602995958563424,0.5699328420861367,,12,,
AMDF_energy,studio_F1.wav,0.3524943310657596,sil,False,0.005395627803117492,0.5710754011129331,,12,,
AMDF_energy,studio_F1.wav,0.3624943310657596,sil,False,0.006466932280935151,0.5718309524403179,,12,,
AMDF_energy,studio_F1.wav,0.37249433106575963,sil,False,0.006305875305895145,0.5413835023407748,,12,,
AMDF_energy,studio_F1.wav,0.38249433106575964,sil,False,0.006117698982221044,0.5742470560114846,,12,,
AMDF_energy,studio_F1.wav,0.39249433106575965,sil,False,0.005818444149752099,0.5585223845292427,,12,,
AMDF_energy,studio_F1.wav,0.40249433106575966,sil,False,0.006199870239964513,0.5534217448274154,,12,,
AMDF_energy,studio_F1.wav,0.4124943310657596,sil,False,0.005707610184837014,0.5340792640055655,,12,,
AMDF_energy,studio_F1.wav,0.4224943310657596,sil,False,0.00601673112943397,0.6095310326232867,,12,,
AMDF_energy,studio_F1.wav,0.43249433106575963,sil,False,0.005741428864377036,0.5503439803544045,,12,,
AMDF_energy,studio_F1.wav,0.44249433106575964,sil,False,0.005441001578846626,0.47461114377074204,,12,,
AMDF_energy,studio_F1.wav,0.45249433106575965,sil,False,0.00452655598886243,0.5679976660340111,,12,,
AMDF_energy,studio_F1.wav,0.46249433106575966,sil,False,0.004018132530424863,0.5563749146589405,,12,,
AMDF_energy,studio_F1.wav,0.4724943310657596,sil,False,0.004323278456802767,0.5064740141299063,,12,,
AMDF_energy,studio_F1.wav,0.4824943310657596,sil,False,0.00422169655075486,0.5007458001233205,,12,,
AMDF_energy,studio_F1.wav,0.4924943310657596,sil,False,0.003711902209720479,0.5482910520410904,,12,,
AMDF_energy,studio_F1.wav,0.5024943310657597,sil,False,0.003051196492216122,0.5475642204089557,,12,,
AMDF_energy,studio_F1.wav,0.5124943310657596,sil,False,0.0026259525421647055,0.5250868819307711,,12,,
AMDF_energy,studio_F1.wav,0.5224943310657596,sil,False,0.0025281245794668604,0.39438157924469175,,12,,
AMDF_energy,studio_F1.wav,0.5324943310657596,sil,False,0.0022690794898853365,0.4938235511107319,,12,,
AMDF_energy,studio_F1.wav,0.5424943310657596,sil,False,0.002300491497507085,0.5174017160640344,,12,,
AMDF_energy,studio_F1.wav,0.5524943310657596,sil,False,0.0022114238641439505,0.5050307815350898,,12,,
AMDF_energy,studio_F1.wav,0.5624943310657596,sil,False,0.002159859535471602,0.43616952878074333,,12,,
AMDF_energy,studio_F1.wav,0.5724943310657596,sil,False,0.002108994818850677,0.37057659035538926,,12,,
AMDF_energy,studio_F1.wav,0.5824943310657597,sil,False,0.0018886588549171376,0.4616726645936809,,12,,
AMDF_energy,studio_F1.wav,0.5924943310657597,sil,False,0.0017861741961442666,0.4315629940576968,,12,,
AMDF_energy,studio_F1.wav,0.6024943310657597,sil,False,0.0015776673457282826,0.4151134894564601,,12,,
AMDF_energy,studio_F1.wav,0.6124943310657597,sil,False,0.0014350295885777438,0.38364753298904103,,11,,
AMDF_energy,studio_F1.wav,0.6224943310657597,sil,False,0.0012306202980316395,0.34413020778405184,,11,,
AMDF_energy,studio_F1.wav,0.6324943310657596,sil,False,0.001190344837105647,0.3401844549593461,,11,,
AMDF_energy,studio_F1.wav,0.6424943310657596,sil,False,0.001223061189712079,0.35627395381249605,,11,,
AMDF_energy,studio_F1.wav,0.6524943310657596,sil,False,0.0021695975943366095,0.47632058798582744,,12,,
AMDF_energy,studio_F1.wav,0.6624943310657596,sil,False,0.003435756238107234,0.558006901764619,,12,,
AMDF_energy,studio_F1.wav,0.6724943310657596,sil,True,0.0835426156051041,0.8130421487751937,,12,,
AMDF_energy,studio_F1.wav,0.6824943310657596,uv,True,0.4620916492521643,0.6466897011699311,,12,,
AMDF_energy,studio_F1.wav,0.6924943310657596,uv,True,0.920027411413691,0.49887460727231103,,12,,
AMDF_energy,studio_F1.wav,0.7024943310657596,v,True,1.2455448408254604,0.3070672589250032,270.4318529010919,12,,
AMDF_energy,studio_F1.wav,0.7124943310657597,v,True,1.226922675673828,0.23373040011312726,269.2107189933398,12,,
AMDF_energy,studio_F1.wav,0.7224943310657597,v,False,1.107919353406124,0.24145538732289593,265.7858222127803,12,,
AMDF_energy,studio_F1.wav,0.7324943310657597,v,False,0.9974317849920916,0.23577099919158495,263.00284281529764,12,,
AMDF_energy,studio_F1.wav,0.7424943310657597,v,False,0.8027910681122766,0.22095214884308684,258.56077817287,12,,
AMDF_energy,studio_F1.wav,0.7524943310657597,v,False,0.7125549793193307,0.18192969601729703,257.34879021321285,12,,
AMDF_energy,studio_F1.wav,0.7624943310657596,v,False,0.6370048052604471,0.20350766260794187,257.407569660498,10,,
AMDF_energy,studio_F1.wav,0.7724943310657596,v,False,0.5177855175879298,0.22488669115520443,241.346413624334,12,,
AMDF_energy,studio_F1.wav,0.7824943310657596,v,False,0.3890747990068313,0.14975995536068512,236.03930704775448,3,,
AMDF_energy,studio_F1.wav,0.7924943310657596,v,False,0.48195804075220205,0.10386525786801887,239.67788182799086,3,,
AMDF_energy,studio_F1.wav,0.8024943310657596,v,False,0.6163478309977266,0.07168799391498304,246.82417151476864,3,,
AMDF_energy,studio_F1.wav,0.8124943310657596,v,False,0.7101306686927746,0.02564521594596148,247.67576439851908,3,,
AMDF_energy,studio_F1.wav,0.8224943310657596,v,False,0.7387867386876904,0.020112593933592087,246.99668501900285,3,,
AMDF_energy,studio_F1.wav,0.8324943310657597,v,False,0.7404780590266968,0.015155655705454388,246.14416638569617,3,,
AMDF_energy,studio_F1.wav,0.8424943310657597,v,False,0.7362528030062284,0.016081087204772658,245.62482253860892,3,,
AMDF_energy,studio_F1.wav,0.8524943310657597,v,False,0.7031408692673135,0.015755645327442877,245.05155955103868,3,,
AMDF_energy,studio_F1.wav,0.8624943310657597,v,False,0.6924364307459955,0.017703373109185887,243.87196072290288,3,,
AMDF_energy,studio_F1.wav,0.8724943310657597,v,False,0.6625211957392404,0.022941250434145313,242.3498280610455,3,,
AMDF_energy,studio_F1.wav,0.8824943310657596,v,False,0.628751005312772,0.029058208651230096,240.92791718718365,3,,
AMDF_energy,studio_F1.wav,0.8924943310657596,v,False,0.5335000109100104,0.07413387155398266,239.15161742046456,3,,
AMDF_energy,studio_F1.wav,0.9024943310657596,v,False,0.3996230021977702,0.14386250201473338,232.74762805184466,3,,
AMDF_energy,studio_F1.wav,0.9124943310657596,v,False,0.29612734311230593,0.09681578260006325,223.4841228581913,3,,
AMDF_energy,studio_F1.wav,0.9224943310657596,v,False,0.28804879561854224,0.04806502775486572,224.19042620808065,3,,
AMDF_energy,studio_F1.wav,0.9324943310657596,v,False,0.3283696644234831,0.05208946903042141,225.75199918333314,3,,
AMDF_energy,studio_F1.wav,0.9424943310657596,v,False,0.3624068278929703,0.09140511565963774,230.47893837639765,3,,
AMDF_energy,studio_F1.wav,0.9524943310657596,v,False,0.5534003652339652,0.20553407992585995,240.02875266450272,7,,
AMDF_energy,studio_F1.wav,0.9624943310657597,v,False,0.8120636037641272,0.23509142162002472,252.11098202533884,6,,
AMDF_energy,studio_F1.wav,0.9724943310657597,v,False,0.9530460266559148,0.16211580336049267,253.42369492165372,10,,
AMDF_energy,studio_F1.wav,0.9824943310657597,v,False,0.8440730428666059,0.17189163060043078,253.0797081861554,12,,
AMDF_energy,studio_F1.wav,0.9924943310657597,v,False,0.6718966409567659,0.35195847325175406,246.87575832513784,8,,
AMDF_energy,studio_F1.wav,1.0024943310657597,v,False,0.539713856578031,0.45315065183959385,,9,,
AMDF_energy,studio_F1.wav,1.0124943310657597,v,False,0.5508076161783972,0.25690836414443635,274.15358341942726,4,,
AMDF_energy,studio_F1.wav,1.0224943310657597,v,False,0.6863711694941347,0.0734449344702571,277.60534428733723,3,,
AMDF_energy,studio_F1.wav,1.0324943310657597,v,False,0.819020133033336,0.05907997373133212,282.8072120879434,4,,
AMDF_energy,studio_F1.wav,1.0424943310657597,v,False,0.9334480596803292,0.05444472979531085,288.8691495888874,4,,
AMDF_energy,studio_F1.wav,1.0524943310657597,v,False,1.0004532144131604,0.041827426108404786,292.78219263568224,4,,
AMDF_energy,studio_F1.wav,1.0624943310657597,v,False,0.8859127862714321,0.09157942837313088,293.5503422523402,4,,
AMDF_energy,studio_F1.wav,1.0724943310657595,v,False,0.6037803019552591,0.19840347792277038,291.17278325662903,4,,
AMDF_energy,studio_F1.wav,1.0824943310657595,v,False,0.28643279821641754,0.31287710867496105,278.093398628023,7,,
AMDF_energy,studio_F1.wav,1.0924943310657595,v,True,0.06428668621259702,0.3598411089911024,289.95463952292715,10,,
AMDF_energy,studio_F1.wav,1.1024943310657596,uv,True,0.04082559056913667,0.3033836883915903,,5,,
AMDF_energy,studio_F1.wav,1.1124943310657596,uv,True,0.19030829361874912,0.5821749024485889,,12,,
AMDF_energy,studio_F1.wav,1.1224943310657596,uv,True,0.5437659947053833,0.5564708315601254,,12,,
AMDF_energy,studio_F1.wav,1.1324943310657596,v,True,0.8912904180421519,0.37694923740448544,278.39702056326365,12,,
AMDF_energy,studio_F1.wav,1.1424943310657596,v,True,1.0893626093905155,0.33755022914711125,262.7485263862046,12,,
AMDF_energy,studio_F1.wav,1.1524943310657596,v,False,1.0773554303181825,0.22270715496708002,251.9836357127324,12,,
AMDF_energy,studio_F1.wav,1.1624943310657596,v,False,1.051098440197895,0.18941749575920297,249.3768956556131,12,,
AMDF_energy,studio_F1.wav,1.1724943310657596,v,False,0.9334102313576403,0.17318560656347756,245.44966542405638,12,,
AMDF_energy,studio_F1.wav,1.1824943310657596,v,False,0.7526742496191777,0.22576717069032953,244.8335470650104,12,,
AMDF_energy,studio_F1.wav,1.1924943310657596,v,False,0.4955967871720985,0.36693725114235437,245.36226038828602,12,,
AMDF_energy,studio_F1.wav,1.2024943310657596,v,False,0.14035372989253775,0.35237640979913387,235.81508351297828,5,,
AMDF_energy,studio_F1.wav,1.2124943310657597,v,True,0.06212108836616283,0.44625090770612313,,3,,
AMDF_energy,studio_F1.wav,1.2224943310657597,uv,True,0.027253984393929086,0.4399253115086368,,9,,
AMDF_energy,studio_F1.wav,1.2324943310657597,uv,True,0.01805340164679102,0.5474229113248116,,6,,
AMDF_energy,studio_F1.wav,1.2424943310657597,uv,False,0.11513683257313115,0.763625987899232,,12,,
AMDF_energy,studio_F1.wav,1.2524943310657597,uv,False,0.19047061523018172,0.6102886315486554,,12,,
AMDF_energy,studio_F1.wav,1.2624943310657597,uv,True,0.28403455436756725,0.6094023842108233,,12,,
AMDF_energy,studio_F1.wav,1.2724943310657597,v,True,0.5386574943930228,0.20192215622297416,314.83533256486305,7,,
AMDF_energy,studio_F1.wav,1.2824943310657597,v,True,0.819190728325342,0.10413360708820484,315.76237241979857,4,,
AMDF_energy,studio_F1.wav,1.2924943310657597,v,False,1.0313245143256429,0.07817339433646235,318.63867979559143,4,,
AMDF_energy,studio_F1.wav,1.3024943310657597,v,False,1.1477908453852348,0.10142994188620054,316.6850010795782,10,,
AMDF_energy,studio_F1.wav,1.3124943310657597,v,False,1.1550057284501005,0.16273547932082175,307.0506666342008,7,,
AMDF_energy,studio_F1.wav,1.3224943310657595,v,False,1.1544242081511575,0.21017997795956736,297.91156685556706,7,,
AMDF_energy,studio_F1.wav,1.3324943310657595,v,False,1.1340622020942566,0.24293274625200806,282.9000094707357,9,,
AMDF_energy,studio_F1.wav,1.3424943310657595,v,False,1.0045798499343443,0.29716068866114626,269.0076524961928,12,,
AMDF_energy,studio_F1.wav,1.3524943310657596,v,False,0.8990995951516556,0.29029505472074946,237.4297088435913,12,,
AMDF_energy,studio_F1.wav,1.3624943310657596,v,False,0.9099182257519948,0.2791398245817111,230.94613858278677,12,,
AMDF_energy,studio_F1.wav,1.3724943310657596,v,False,0.8887682447749451,0.24609335238965846,219.31345245570196,12,,
AMDF_energy,studio_F1.wav,1.3824943310657596,v,False,0.8772977158734817,0.20318359324882265,210.9191816321587,8,,
AMDF_energy,studio_F1.wav,1.3924943310657596,v,False,0.9002017956199123,0.16135322066665306,202.34477254302857,8,,
AMDF_energy,studio_F1.wav,1.4024943310657596,v,False,0.9086511745952829,0.12549985504294217,199.13816293210695,10,398.3749919171284,0.5353118772835231
AMDF_energy,studio_F1.wav,1.4124943310657596,v,False,0.8490252868962561,0.23423182645692991,196.05100387002918,12,375.67392448040675,0.46213274360718326
AMDF_energy,studio_F1.wav,1.4224943310657596,v,False,0.7292592788985612,0.26944234128500794,193.58191357522773,11,392.18913838453415,0.5383409002038204
AMDF_energy,studio_F1.wav,1.4324943310657596,v,False,0.6573103404773706,0.12967579946926755,200.64993721322045,3,,
AMDF_energy,studio_F1.wav,1.4424943310657596,v,False,0.7688268484888392,0.1588377198785826,201.40173408068605,8,,
AMDF_energy,studio_F1.wav,1.4524943310657596,v,False,0.9000641835375105,0.1253473476848386,204.60593506480336,4,,
AMDF_energy,studio_F1.wav,1.4624943310657597,v,False,0.9510779393398558,0.09428022092055978,207.1672547082553,4,,
AMDF_energy,studio_F1.wav,1.4724943310657597,v,False,0.9346867328282535,0.09143163123701328,212.00457746247346,5,,
AMDF_energy,studio_F1.wav,1.4824943310657597,v,False,0.8987111850794695,0.10062911190457437,215.05677170650696,5,,
AMDF_energy,studio_F1.wav,1.4924943310657597,v,False,0.9827085006905554,0.2357025979330008,218.35149554591283,8,,
AMDF_energy,studio_F1.wav,1.5024943310657597,v,False,1.0881370457231907,0.268873261227329,217.11577545527024,12,,
AMDF_energy,studio_F1.wav,1.5124943310657597,v,False,1.0689799036564354,0.18592293203339547,214.8739900586269,11,,
AMDF_energy,studio_F1.wav,1.5224943310657597,v,False,0.989406442228206,0.16489216523451874,212.02466866034433,12,,
AMDF_energy,studio_F1.wav,1.5324943310657597,v,False,0.8804616768482512,0.1539742752827824,209.4863794039144,12,,
AMDF_energy,studio_F1.wav,1.5424943310657597,v,False,0.7735979485426568,0.20713035237461702,206.4034153372879,12,,
AMDF_energy,studio_F1.wav,1.5524943310657597,v,False,0.6061450706977108,0.31924132825611623,203.27879607038386,11,,
AMDF_energy,studio_F1.wav,1.5624943310657597,v,False,0.5544974383081906,0.2463384481206127,199.00056426962604,2,,
AMDF_energy,studio_F1.wav,1.5724943310657595,v,False,0.6704945345812134,0.0744048851443288,200.11001720187042,2,,
AMDF_energy,studio_F1.wav,1.5824943310657595,v,False,0.7493847566441343,0.04021000177133814,198.82243091352717,2,,
AMDF_energy,studio_F1.wav,1.5924943310657595,v,False,0.7750491889534576,0.03109634696937674,196.39307321203145,2,,
AMDF_energy,studio_F1.wav,1.6024943310657596,v,False,0.7855581280323264,0.03839245702281871,196.35878718983554,2,,
AMDF_energy,studio_F1.wav,1.6124943310657596,v,False,0.7399195480617148,0.07673484234750316,196.81266916783073,2,,
AMDF_energy,studio_F1.wav,1.6224943310657596,v,False,0.5888021051281752,0.21047605126321378,195.2318423077218,2,,
AMDF_energy,studio_F1.wav,1.6324943310657596,v,False,0.3598869862679718,0.3897618307731867,182.0509916919126,7,,
AMDF_energy,studio_F1.wav,1.6424943310657596,v,True,0.17377571387837204,0.36929752952482103,177.4197338965186,4,338.2403348473984,0.03006359326910213
AMDF_energy,studio_F1.wav,1.6524943310657596,uv,True,0.06307378570292986,0.4460890308822631,,5,,
AMDF_energy,studio_F1.wav,1.6624943310657596,uv,True,0.1418132450413456,0.6718906214786878,,12,,
AMDF_energy,studio_F1.wav,1.6724943310657596,uv,False,0.4052780798176678,0.6554437622612361,,12,,
AMDF_energy,studio_F1.wav,1.6824943310657596,uv,False,0.45757275174317513,0.6449494357602334,,12,,
AMDF_energy,studio_F1.wav,1.6924943310657596,uv,True,0.41462668684677645,0.6905912555883372,,12,,
AMDF_energy,studio_F1.wav,1.7024943310657596,v,True,0.5496728703378057,0.36641685377526234,244.99745344340087,12,,
AMDF_energy,studio_F1.wav,1.7124943310657597,v,True,0.7443230785844176,0.2515746080251778,237.146544068032,4,,
AMDF_energy,studio_F1.wav,1.7224943310657597,v,False,0.8683515606003092,0.1723363963401657,231.08293232331695,11,,
AMDF_energy,studio_F1.wav,1.7324943310657597,v,False,0.9153910522520909,0.17565886372658013,226.83588468920715,12,,
AMDF_energy,studio_F1.wav,1.7424943310657597,v,False,0.9237312154857417,0.2897961759175219,223.8987523884552,8,,
AMDF_energy,studio_F1.wav,1.7524943310657597,v,True,0.7656821059238917,0.5533741113190107,,12,,
AMDF_energy,studio_F1.wav,1.7624943310657597,uv,True,0.4593866267615288,0.5069983422029265,,11,,
AMDF_energy,studio_F1.wav,1.7724943310657597,uv,True,0.126299686044178,0.5947813789616191,,11,,
AMDF_energy,studio_F1.wav,1.7824943310657597,uv,True,0.037749584665902065,0.5839701875949607,,8,,
AMDF_energy,studio_F1.wav,1.7924943310657597,v,True,0.09954631127472424,0.5401888147378093,,7,,
AMDF_energy,studio_F1.wav,1.8024943310657597,v,True,0.2584200604674515,0.4365557642067148,,4,,
AMDF_energy,studio_F1.wav,1.8124943310657597,v,False,0.30666115991840476,0.46353082311688304,,5,,
AMDF_energy,studio_F1.wav,1.8224943310657595,v,False,0.29007959494475766,0.2497159172607741,197.5995666710527,7,,
AMDF_energy,studio_F1.wav,1.8324943310657595,v,False,0.16831370798377404,0.20433741920643406,190.4531928749738,2,,
AMDF_energy,studio_F1.wav,1.8424943310657595,v,False,0.09690045597857942,0.24756462676602173,197.51801723836127,2,,
AMDF_energy,studio_F1.wav,1.8524943310657596,v,True,0.042402575173219395,0.3463559925429702,,3,,
AMDF_energy,studio_F1.wav,1.8624943310657596,uv,True,0.01768825596320088,0.5105362985443984,,12,,
AMDF_energy,studio_F1.wav,1.8724943310657596,uv,True,0.012075805532096886,0.4919358650840193,,12,,
AMDF_energy,studio_F1.wav,1.8824943310657596,uv,False,0.009292053758351678,0.524445429704275,,12,,
AMDF_energy,studio_F1.wav,1.8924943310657596,uv,False,0.009173139601016523,0.6041788620523341,,12,,
AMDF_energy,studio_F1.wav,1.9024943310657596,uv,False,0.11876348786417858,0.8278692414544219,,12,,
AMDF_energy,studio_F1.wav,1.9124943310657596,uv,True,0.46563850284479213,0.607467273483071,,12,,
AMDF_energy,studio_F1.wav,1.9224943310657596,v,True,0.812482684976353,0.4086549042713692,224.1032579497787,12,,
AMDF_energy,studio_F1.wav,1.9324943310657596,v,True,0.977184366491065,0.3013155709801718,216.24115085311513,12,,
AMDF_energy,studio_F1.wav,1.9424943310657596,v,False,0.9731824312305296,0.2326180724131072,211.1472494480004,12,,
AMDF_energy,studio_F1.wav,1.9524943310657596,v,False,0.9623843829520422,0.14573764671941278,208.59103576151546,12,,
AMDF_energy,studio_F1.wav,1.9624943310657597,v,False,0.9243588747045607,0.11822347706110334,207.66152064239284,12,,
AMDF_energy,studio_F1.wav,1.9724943310657597,v,False,0.8821511227760543,0.14667896918075962,205.77416439569717,12,,
AMDF_energy,studio_F1.wav,1.9824943310657597,v,False,0.8398891836066475,0.1238488545710739,203.4358968353448,12,,
AMDF_energy,studio_F1.wav,1.9924943310657597,v,False,0.8182950734684149,0.11640345816529624,200.89016517033085,12,,
AMDF_energy,studio_F1.wav,2.0024943310657597,v,False,0.8200277513074049,0.08845995989079727,199.59359042957544,12,,
AMDF_energy,studio_F1.wav,2.0124943310657595,v,False,0.8354376960269606,0.10597672243638594,198.4447127571319,12,,
AMDF_energy,studio_F1.wav,2.0224943310657597,v,False,0.8183799428096739,0.12223348249984638,196.55661502882504,12,,
AMDF_energy,studio_F1.wav,2.0324943310657595,v,False,0.8027237840406036,0.11895734970706479,195.36966643915218,12,,
AMDF_energy,studio_F1.wav,2.0424943310657597,v,False,0.7641462099181968,0.15748622515935953,193.9913818950676,12,,
AMDF_energy,studio_F1.wav,2.0524943310657595,v,False,0.7205814905145568,0.15078068267251254,191.64054211453444,12,,
AMDF_energy,studio_F1.wav,2.0624943310657597,v,False,0.6587630170135503,0.13340092118396074,190.041122121766,12,382.04315696310067,0.8072883161879698
AMDF_energy,studio_F1.wav,2.0724943310657595,v,False,0.6185504977125944,0.1270451820146062,189.86254613079976,7,380.23826390721257,0.8540252307709202
AMDF_energy,studio_F1.wav,2.0824943310657598,v,False,0.6050479327418269,0.1194017900522202,187.84537798857062,2,,
AMDF_energy,studio_F1.wav,2.0924943310657595,v,False,0.6002149970885268,0.13646986583298967,187.00767625476263,4,,
AMDF_energy,studio_F1.wav,2.10249433106576,v,False,0.5780279277023807,0.13289155024011118,185.78976043592348,12,,
AMDF_energy,studio_F1.wav,2.1124943310657596,v,False,0.47606838326142625,0.12490706010910455,182.6917995200667,12,356.30783925785215,0.7909784254595877
AMDF_energy,studio_F1.wav,2.12249433106576,v,False,0.342819006609762,0.15970352998137205,177.36917444030686,12,364.19544874796463,0.7773512178440222
AMDF_energy,studio_F1.wav,2.1324943310657596,v,False,0.2129770073747795,0.2453584146113387,173.3787881791223,3,,
AMDF_energy,studio_F1.wav,2.14249433106576,v,True,0.13631038205688356,0.31394497113714853,163.8650782257128,5,321.0875657190193,0.6639094977163008
AMDF_energy,studio_F1.wav,2.1524943310657596,sil,True,0.07345310743750838,0.4200271499561286,,8,,
AMDF_energy,studio_F1.wav,2.16249433106576,sil,True,0.02785986056719901,0.659001496374467,,12,,
AMDF_energy,studio_F1.wav,2.1724943310657596,sil,False,0.011415249733798963,0.5078615203920107,,12,,
AMDF_energy,studio_F1.wav,2.18249433106576,sil,False,0.011009113782560496,0.4752326513374172,,12,,
AMDF_energy,studio_F1.wav,2.1924943310657596,sil,False,0.010446991282177605,0.32925187024272157,,7,,
AMDF_energy,studio_F1.wav,2.2024943310657594,sil,False,0.011806455806621317,0.5560431635340474,,9,,
AMDF_energy,studio_F1.wav,2.2124943310657597,sil,False,0.011432874156660354,0.5329201651163822,,9,,
AMDF_energy,studio_F1.wav,2.2224943310657594,sil,False,0.009666994259984681,0.5247626879789615,,11,,
AMDF_energy,studio_F1.wav,2.2324943310657597,sil,False,0.00929116790736288,0.5979526915826571,,12,,
AMDF_energy,studio_F1.wav,2.2424943310657595,sil,False,0.008023714237441689,0.5662362537970546,,12,,
AMDF_energy,studio_F1.wav,2.2524943310657597,sil,False,0.007967850978481123,0.5777705666796669,,12,,
AMDF_energy,studio_F1.wav,2.2624943310657595,sil,False,0.007516568742488724,0.4635753876138697,,12,,
AMDF_energy,studio_F1.wav,2.2724943310657597,sil,False,0.008737742092916487,0.48250565594965306,,12,,
AMDF_energy,studio_F1.wav,2.2824943310657595,sil,False,0.009417077672481493,0.40218064024912026,,10,,
AMDF_energy,studio_F1.wav,2.2924943310657597,sil,False,0.008311553987572105,0.5164666956887164,,12,,
AMDF_energy,studio_F1.wav,2.3024943310657595,sil,False,0.00965286369724101,0.5237326307931754,,11,,
AMDF_energy,studio_F1.wav,2.3124943310657597,sil,False,0.009860740310674203,0.52804966216029,,12,,
AMDF_energy,studio_F1.wav,2.3224943310657595,sil,False,0.008214968956951408,0.5248412402899983,,12,,
AMDF_energy,studio_F1.wav,2.3324943310657598,sil,False,0.008501112955071504,0.5397994639410852,,12,,
AMDF_energy,studio_F1.wav,2.3424943310657595,sil,False,0.00908117925225506,0.5031909724436987,,12,,
AMDF_energy,studio_F1.wav,2.35249433106576,sil,False,0.009723667379964555,0.577103748776117,,12,,
AMDF_energy,studio_F1.wav,2.3624943310657596,sil,False,0.009915765347150085,0.5364978483808123,,12,,
AMDF_energy,studio_F1.wav,2.37249433106576,sil,False,0.008535771321787336,0.5090095379538916,,12,,
AMDF_energy,studio_F1.wav,2.3824943310657596,sil,False,0.007438274023338998,0.5281065575677407,,12,,
AMDF_energy,studio_F1.wav,2.39249433106576,sil,False,0.007293690486340877,0.5168173526560081,,12,,
AMDF_energy,studio_F1.wav,2.4024943310657596,sil,False,0.007804157657349542,0.5467693451954625,,12,,
AMDF_energy,studio_F1.wav,2.41249433106576,sil,False,0.008038665385942086,0.48481258113867454,,12,,
AMDF_energy,studio_F1.wav,2.4224943310657596,sil,False,0.007566266169328447,0.5512915845730302,,12,,
AMDF_energy,studio_F1.wav,2.43249433106576,sil,False,0.007537736238085613,0.5652839813913014,,12,,
AMDF_energy,studio_F1.wav,2.4424943310657596,sil,False,0.00645130600793116,0.5523952343496785,,12,,
AMDF_energy,studio_F1.wav,2.4524943310657594,sil,False,0.005817150990010521,0.5443130784577813,,12,,
AMDF_energy,studio_F1.wav,2.4624943310657597,sil,False,0.006503537731186484,0.5639333118446047,,12,,
AMDF_energy,studio_F1.wav,2.4724943310657594,sil,False,0.007097447622708038,0.45073893702494017,,12,,
AMDF_energy,studio_F1.wav,2.4824943310657597,sil,False,0.006694916660978427,0.5560035732400311,,12,,
AMDF_energy,studio_F1.wav,2.4924943310657595,sil,False,0.005766530319594883,0.5693214465820393,,12,,
AMDF_energy,studio_F1.wav,2.5024943310657597,sil,False,0.005284439727458975,0.5768955754259014,,12,,
AMDF_energy,studio_F1.wav,2.5124943310657595,sil,False,0.005335006190348538,0.532999697975055,,12,,
AMDF_energy,studio_F1.wav,2.5224943310657597,sil,False,0.00528405912651327,0.6488320818552625,,12,,
AMDF_energy,studio_F1.wav,2.5324943310657595,sil,False,0.005782931459079418,0.5640453507555243,,12,,
AMDF_energy,studio_F1.wav,2.5424943310657597,sil,False,0.005639661624658362,0.5305303898091104,,12,,
AMDF_energy,studio_F1.wav,2.5524943310657595,sil,False,0.005339528033352694,0.5139087652961511,,12,,
AMDF_energy,studio_F1.wav,2.5624943310657597,sil,False,0.009725999734289066,0.716742526088087,,12,,
AMDF_energy,studio_F1.wav,2.5724943310657595,sil,False,0.027170122001973933,0.6007456337672035,,12,,
AMDF_energy,studio_F1.wav,2.5824943310657598,sil,False,0.02927171375367414,0.6326070997066929,,12,,
AMDF_energy,studio_F1.wav,2.5924943310657595,sil,False,0.020585919324729772,0.6065330290933849,,12,,
AMDF_energy,studio_F1.wav,2.60249433106576,sil,False,0.007988400824162589,0.5434622758759843,,12,,
AMDF_energy,studio_F1.wav,2.6124943310657596,sil,False,0.008201556368573434,0.475693368881991,,12,,
AMDF_energy,studio_F1.wav,2.62249433106576,sil,False,0.008576375753914858,0.6079162600213751,,12,,
AMDF_energy,studio_F1.wav,2.6324943310657596,sil,False,0.00929895729566042,0.4324591937949974,,12,,
AMDF_energy,studio_F1.wav,2.64249433106576,sil,False,0.00820949948508649,0.46032581372528963,,12,,
AMDF_energy,studio_F1.wav,2.6524943310657596,sil,False,0.007973028440141968,0.32662533878446376,,12,,
AMDF_energy,studio_F1.wav,2.66249433106576,sil,False,0.0071065987112808255,0.52293164150716,,12,,
AMDF_energy,studio_F1.wav,2.6724943310657596,sil,False,0.005899272327313017,0.41446994704500156,,12,,
AMDF_energy,studio_F1.wav,2.68249433106576,sil,False,0.00582056891686553,0.5619213320704725,,12,,
AMDF_energy,studio_F1.wav,2.6924943310657596,sil,False,0.006635366216392078,0.6417400424576454,,12,,
AMDF_energy,studio_F1.wav,2.7024943310657594,sil,False,0.008517758000623543,0.31231877492014887,,12,,
AMDF_energy,studio_F1.wav,2.7124943310657597,sil,False,0.009954362678341806,0.42624601647690824,,12,,
AMDF_energy,studio_F1.wav,2.7224943310657594,sil,False,0.01036650277548595,0.2745627524425784,,12,,
AMDF_energy,studio_F1.wav,2.7324943310657597,sil,False,0.008026517379080117,0.3670385899314623,,12,,
AMDF_energy,studio_F1.wav,2.7424943310657595,sil,False,0.007013334621184268,0.3394428138774164,,12,,
AMDF_energy,studio_F1.wav,2.7524943310657597,sil,False,0.0037377793316370625,0.6114196014140314,,12,,
AMDF_energy,studio_F1.wav,2.7624943310657595,sil,False,0.0038178320027737415,0.5959872271204621,,12,,
AMDF_energy,studio_F1.wav,2.7724943310657597,sil,False,0.0035792227460940593,0.5657806105148616,,12,,
AMDF_energy,studio_F1.wav,2.7824943310657595,sil,False,0.0031170476403305663,0.6224588323191297,,12,,
AMDF_energy,studio_F1.wav,2.7924943310657597,sil,False,0.0032496521351049745,0.5731501948051502,,12,,
AMDF_energy,studio_F1.wav,2.8024943310657595,sil,False,0.0037961624182684677,0.5206881198889106,,12,,
AMDF_energy,studio_F1.wav,2.8124943310657597,sil,False,0.004239708162184565,0.34749460114234954,,12,,
AMDF_energy,studio_F1.wav,2.8224943310657595,sil,False,0.003898285343117677,0.48576521286375324,,12,,
AMDF_energy,studio_F1.wav,2.8324943310657598,sil,False,0.003897425387175735,0.5610883554021381,,12,,
AMDF_energy,studio_F1.wav,2.8424943310657595,sil,False,0.0028483446595655767,0.5808176516247242,,12,,
AMDF_energy,studio_M1.wav,0.012494331065759636,sil,True,0.0002466297362571055,0.6104381510884715,,12,,
AMDF_energy,studio_M1.wav,0.022494331065759637,sil,False,0.00028610377211047913,0.43554020816345285,,12,,
AMDF_energy,studio_M1.wav,0.032494331065759635,sil,False,0.0003061480982043904,0.480899895858737,,12,,
AMDF_energy,studio_M1.wav,0.04249433106575964,sil,False,0.0006446768155768663,0.6713472391647852,,12,,
AMDF_energy,studio_M1.wav,0.05249433106575964,sil,False,0.0015912896045466494,0.6603552493217245,,12,,
AMDF_energy,studio_M1.wav,0.062494331065759634,sil,False,0.0041220392090383865,0.4424077563730257,,5,,
AMDF_energy,studio_M1.wav,0.07249433106575964,sil,False,0.005969270018933866,0.34933564003202267,,4,,
AMDF_energy,studio_M1.wav,0.08249433106575964,sil,False,0.00725080759245495,0.11992601997742312,,12,,
AMDF_energy,studio_M1.wav,0.09249433106575963,sil,False,0.006037847283498452,0.3432750123839545,,12,,
AMDF_energy,studio_M1.wav,0.10249433106575964,sil,False,0.004582214903076035,0.5541348313158482,,12,,
AMDF_energy,studio_M1.wav,0.11249433106575964,sil,False,0.0024568587792670963,0.5199965976640007,,12,,
AMDF_energy,studio_M1.wav,0.12249433106575963,sil,False,0.0031101371192938485,0.5266483387453342,,12,,
AMDF_energy,studio_M1.wav,0.13249433106575964,sil,False,0.004161266801911216,0.2804779678997365,,12,,
AMDF_energy,studio_M1.wav,0.14249433106575965,sil,False,0.003770656158576116,0.45248980673773276,,12,,
AMDF_energy,studio_M1.wav,0.15249433106575963,sil,False,0.00295873538599711,0.5937006840469699,,12,,
AMDF_energy,studio_M1.wav,0.16249433106575964,sil,False,0.0032086540350143573,0.647694397606085,,12,,
AMDF_energy,studio_M1.wav,0.17249433106575965,sil,False,0.010395150246154004,0.5363489566667919,,12,,
AMDF_energy,studio_M1.wav,0.18249433106575963,sil,False,0.01707741904025698,0.5115246853688121,,12,,
AMDF_energy,studio_M1.wav,0.19249433106575964,sil,False,0.014541707151944538,0.6773982054039324,,12,,
AMDF_energy,studio_M1.wav,0.20249433106575965,sil,False,0.008861290853511486,0.5905941398757069,,12,,
AMDF_energy,studio_M1.wav,0.21249433106575963,sil,False,0.005029841052683059,0.5882584175270099,,12,,
AMDF_energy,studio_M1.wav,0.22249433106575964,sil,False,0.005058653775566477,0.5617457083125365,,12,,
AMDF_energy,studio_M1.wav,0.23249433106575965,sil,False,0.00616554169851126,0.5963791281114051,,12,,
AMDF_energy,studio_M1.wav,0.24249433106575963,sil,False,0.006471177923568143,0.5571169434760949,,12,,
AMDF_energy,studio_M1.wav,0.25249433106575964,sil,False,0.006158156478660963,0.5021780351662212,,12,,
AMDF_energy,studio_M1.wav,0.26249433106575965,sil,False,0.005823302118582405,0.5684025132194447,,12,,
AMDF_energy,studio_M1.wav,0.27249433106575965,sil,False,0.0064432333896948645,0.5453202992418966,,12,,
AMDF_energy,studio_M1.wav,0.28249433106575966,sil,False,0.006730883915211195,0.4950138446757365,,12,,
AMDF_energy,studio_M1.wav,0.2924943310657596,sil,False,0.006601477424702211,0.46521321055049414,,12,,
AMDF_energy,studio_M1.wav,0.3024943310657596,sil,False,0.006142034202859626,0.43990942938820166,,12,,
AMDF_energy,studio_M1.wav,0.31249433106575963,sil,False,0.006602992941943251,0.4668923789455935,,12,,
AMDF_energy,studio_M1.wav,0.32249433106575964,sil,False,0.006570715143971337,0.48667307777172975,,12,,
AMDF_energy,studio_M1.wav,0.33249433106575965,sil,False,0.005840381760644748,0.4891889749245323,,12,,
AMDF_energy,studio_M1.wav,0.34249433106575966,sil,False,0.005446911058022393,0.5193380299361572,,12,,
AMDF_energy,studio_M1.wav,0.3524943310657596,sil,False,0.005529242973835893,0.5772280361889861,,12,,
AMDF_energy,studio_M1.wav,0.3624943310657596,sil,False,0.006534654322648139,0.4748587069297032,,12,,
AMDF_energy,studio_M1.wav,0.37249433106575963,sil,False,0.006282452664635526,0.45484876053830214,,12,,
AMDF_energy,studio_M1.wav,0.38249433106575964,sil,False,0.006526803335951066,0.5165210009512907,,12,,
AMDF_energy,studio_M1.wav,0.39249433106575965,sil,False,0.006531080567359326,0.40959297848513176,,12,,
AMDF_energy,studio_M1.wav,0.40249433106575966,sil,False,0.00674330237596658,0.35391948037931426,,12,,
AMDF_energy,studio_M1.wav,0.4124943310657596,sil,False,0.004916155911287407,0.48971880311389815,,12,,
AMDF_energy,studio_M1.wav,0.4224943310657596,sil,False,0.004340710967398569,0.5536717196401852,,12,,
AMDF_energy,studio_M1.wav,0.43249433106575963,sil,False,0.005906895638722555,0.4643560429981996,,12,,
AMDF_energy,studio_M1.wav,0.44249433106575964,sil,False,0.005685205760053551,0.6026303450114607,,12,,
AMDF_energy,studio_M1.wav,0.45249433106575965,sil,False,0.00462169535346001,0.5990944725151227,,12,,
AMDF_energy,studio_M1.wav,0.46249433106575966,sil,False,0.005110950185235003,0.4756299829799934,,12,,
AMDF_energy,studio_M1.wav,0.4724943310657596,sil,False,0.005542099807765311,0.384237705504863,,12,,
AMDF_energy,studio_M1.wav,0.4824943310657596,sil,False,0.005563285713809538,0.5122520944028006,,12,,
AMDF_energy,studio_M1.wav,0.4924943310657596,sil,False,0.006451229893896703,0.5138682761486663,,12,,
AMDF_energy,studio_M1.wav,0.5024943310657597,sil,False,0.006404919492434892,0.45136392741331866,,12,,
AMDF_energy,studio_M1.wav,0.5124943310657596,sil,False,0.006383143987730262,0.532044585823373,,12,,
AMDF_energy,studio_M1.wav,0.5224943310657596,sil,False,0.00955863746238197,0.6527781947430603,,12,,
AMDF_energy,studio_M1.wav,0.5324943310657596,sil,False,0.010301733410982119,0.5536706337620608,,12,,
AMDF_energy,studio_M1.wav,0.5424943310657596,sil,False,0.00750757214077036,0.5499757919484658,,12,,
AMDF_energy,studio_M1.wav,0.5524943310657596,sil,False,0.007910717204718143,0.4561551937921049,,12,,
AMDF_energy,studio_M1.wav,0.5624943310657596,sil,False,0.00819988981504367,0.49522996870029473,,12,,
AMDF_energy,studio_M1.wav,0.5724943310657596,sil,False,0.008075712611671691,0.4810375493315397,,12,,
AMDF_energy,studio_M1.wav,0.5824943310657597,sil,False,0.014284719912948234,0.6712871939127202,,12,,
AMDF_energy,studio_M1.wav,0.5924943310657597,sil,False,0.015313489732992597,0.6090092847683843,,12,,
AMDF_energy,studio_M1.wav,0.6024943310657597,sil,False,0.014245341229815533,0.5832843720235273,,12,,
AMDF_energy,studio_M1.wav,0.6124943310657597,sil,False,0.008877607162823273,0.6174125429362076,,12,,
AMDF_energy,studio_M1.wav,0.6224943310657597,sil,False,0.008765006184522124,0.5276037584010201,,12,,
AMDF_energy,studio_M1.wav,0.6324943310657596,sil,False,0.008945286190085455,0.5317484455897412,,12,,
AMDF_energy,studio_M1.wav,0.6424943310657596,sil,False,0.010506793278606655,0.4438196909934429,,12,,
AMDF_energy,studio_M1.wav,0.6524943310657596,sil,False,0.010373614783249751,0.3915651582601698,,12,,
AMDF_energy,studio_M1.wav,0.6624943310657596,sil,False,0.00814935280997343,0.5829603610316554,,12,,
AMDF_energy,studio_M1.wav,0.6724943310657596,sil,False,0.006532958546928272,0.5676126367722667,,12,,
AMDF_energy,studio_M1.wav,0.6824943310657596,sil,False,0.007062761051931125,0.4666647563878052,,12,,
AMDF_energy,studio_M1.wav,0.6924943310657596,sil,False,0.007093812132574169,0.43112815552705347,,12,,
AMDF_energy,studio_M1.wav,0.7024943310657596,sil,False,0.00659626892788399,0.5222629957689336,,12,,
AMDF_energy,studio_M1.wav,0.7124943310657597,sil,False,0.007549126634366871,0.43279819478659814,,12,,
AMDF_energy,studio_M1.wav,0.7224943310657597,sil,False,0.007062120707307763,0.412043811020846,,12,,
AMDF_energy,studio_M1.wav,0.7324943310657597,sil,False,0.005863642839735834,0.511408460900392,,12,,
AMDF_energy,studio_M1.wav,0.7424943310657597,sil,False,0.004452431828044702,0.4405086304686989,,12,,
AMDF_energy,studio_M1.wav,0.7524943310657597,sil,False,0.004129246511028681,0.509849894710305,,12,,
AMDF_energy,studio_M1.wav,0.7624943310657596,sil,False,0.003433261730742765,0.620691302833184,,12,,
AMDF_energy,studio_M1.wav,0.7724943310657596,sil,False,0.00231400734166275,0.49502390593026285,,12,,
AMDF_energy,studio_M1.wav,0.7824943310657596,sil,False,0.0020684871037173046,0.5246169836336557,,12,,
AMDF_energy,studio_M1.wav,0.7924943310657596,sil,False,0.0014908157285029456,0.5349536037353624,,12,,
AMDF_energy,studio_M1.wav,0.8024943310657596,sil,False,0.0011456986742083705,0.5619833769292236,,12,,
AMDF_energy,studio_M1.wav,0.8124943310657596,sil,False,0.0011232254611940583,0.5732738266202868,,12,,
AMDF_energy,studio_M1.wav,0.8224943310657596,sil,False,0.002079525945546528,0.569626455058652,,12,,
AMDF_energy,studio_M1.wav,0.8324943310657597,sil,False,0.0027937186963777096,0.5865382952984647,,12,,
AMDF_energy,studio_M1.wav,0.8424943310657597,sil,False,0.0032517749480538306,0.5660801124284608,,12,,
AMDF_energy,studio_M1.wav,0.8524943310657597,sil,False,0.010690723815052643,0.46335563025234106,,12,,
AMDF_energy,studio_M1.wav,0.8624943310657597,sil,True,0.014124769713000251,0.347628925975703,,8,,
AMDF_energy,studio_M1.wav,0.8724943310657597,uv,True,0.053914949006248034,0.46814314731326095,,8,,
AMDF_energy,studio_M1.wav,0.8824943310657596,uv,True,0.06973456795842417,0.5061803837019923,,9,,
AMDF_energy,studio_M1.wav,0.8924943310657596,uv,False,0.07958880163490628,0.4541836043095427,,12,,
AMDF_energy,studio_M1.wav,0.9024943310657596,uv,False,0.04670855367327697,0.43982290128829354,,12,,
AMDF_energy,studio_M1.wav,0.9124943310657596,uv,False,0.03347763352030774,0.61445604624435,,12,,
AMDF_energy,studio_M1.wav,0.9224943310657596,uv,False,0.4887346070027292,0.7337783097401503,,12,,
AMDF_energy,studio_M1.wav,0.9324943310657596,uv,True,1.3944253041904529,0.6157404761703253,,12,,
AMDF_energy,studio_M1.wav,0.9424943310657596,v,True,1.7197076461574228,0.4114030297146115,138.00109493038696,12,,
AMDF_energy,studio_M1.wav,0.9524943310657596,v,True,1.6062046295184176,0.2712604494504858,136.8387647061621,11,,
AMDF_energy,studio_M1.wav,0.9624943310657597,v,False,1.7010200865475222,0.247049251440148,135.15661878078566,12,,
AMDF_energy,studio_M1.wav,0.9724943310657597,v,False,1.4948129624293949,0.2509818020232595,134.1388061672503,12,,
AMDF_energy,studio_M1.wav,0.9824943310657597,v,False,1.329358097787544,0.18877660822501813,133.52639450494738,12,,
AMDF_energy,studio_M1.wav,0.9924943310657597,v,False,1.1586889851835194,0.2717991111953332,126.40906681429989,10,251.7330823457738,0.7027359366506909
AMDF_energy,studio_M1.wav,1.0024943310657597,v,False,0.974219708137808,0.17945799390512265,122.8209185471733,7,,
AMDF_energy,studio_M1.wav,1.0124943310657597,v,False,0.9111480015058716,0.12400125609570564,121.061878670409,5,,
AMDF_energy,studio_M1.wav,1.0224943310657597,v,False,0.8340707243593986,0.08799362608694385,120.06495929463856,5,,
AMDF_energy,studio_M1.wav,1.0324943310657597,v,False,0.7555523582216123,0.0861222130913069,119.50080033117602,5,,
AMDF_energy,studio_M1.wav,1.0424943310657597,v,False,0.6543057346607394,0.10368829123587117,118.84795576019992,5,,
AMDF_energy,studio_M1.wav,1.0524943310657597,v,False,0.5793539444542005,0.10334241470872729,118.5495705538718,5,,
AMDF_energy,studio_M1.wav,1.0624943310657597,v,False,0.5139366709884686,0.1382929926172822,117.99592966445701,5,,
AMDF_energy,studio_M1.wav,1.0724943310657595,v,False,0.4240524125443755,0.15208444904525073,116.67515537211162,6,,
AMDF_energy,studio_M1.wav,1.0824943310657595,v,False,0.3877104021537726,0.11957751137170171,115.68965913998349,2,,
AMDF_energy,studio_M1.wav,1.0924943310657595,v,False,0.5523337965701506,0.3118154813268168,117.8670717062355,5,,
AMDF_energy,studio_M1.wav,1.1024943310657596,v,False,0.9194514457302327,0.2748511073866162,131.8110312305672,10,271.1815442522081,0.6417685019883335
AMDF_energy,studio_M1.wav,1.1124943310657596,v,False,1.0715650718802405,0.1570978206409057,132.84381302692327,6,268.3497180457409,0.74981307316779
AMDF_energy,studio_M1.wav,1.1224943310657596,v,False,1.1017479555767036,0.1526642529094728,135.6411720682603,12,,
AMDF_energy,studio_M1.wav,1.1324943310657596,v,False,0.9085234324198265,0.15779419918563817,136.11753120106926,11,263.94352892141177,0.7600011915562941
AMDF_energy,studio_M1.wav,1.1424943310657596,v,False,0.7518326683766523,0.22645219553273951,136.87270346059663,4,,
AMDF_energy,studio_M1.wav,1.1524943310657596,v,False,0.6611942909826435,0.2081608321213945,141.39090526377052,7,,
AMDF_energy,studio_M1.wav,1.1624943310657596,v,False,0.46409831047328104,0.3772358742957821,141.0096363478718,9,,
AMDF_energy,studio_M1.wav,1.1724943310657596,v,False,0.27048989182015065,0.2956921354538336,143.17925853222744,5,,
AMDF_energy,studio_M1.wav,1.1824943310657596,v,False,0.18723420458399556,0.3710096225146864,153.634247544066,4,,
AMDF_energy,studio_M1.wav,1.1924943310657596,v,False,0.15279871985252227,0.42432607880701295,,12,,
AMDF_energy,studio_M1.wav,1.2024943310657596,v,False,0.3708921150764887,0.3742661150607513,165.8068472258443,12,325.66124529564183,0.37369206920078746
AMDF_energy,studio_M1.wav,1.2124943310657597,v,False,0.4833618827061984,0.24886687192037127,164.1793453279131,4,,
AMDF_energy,studio_M1.wav,1.2224943310657597,v,False,0.7137653707205984,0.229030485664905,169.0141749910806,6,322.1874123185791,0.36166941976675526
AMDF_energy,studio_M1.wav,1.2324943310657597,v,False,0.9713170787537923,0.14629421192664907,174.32430867192042,4,,
AMDF_energy,studio_M1.wav,1.2424943310657597,v,False,1.0970649219899422,0.10641893028910479,175.33234565203904,5,,
AMDF_energy,studio_M1.wav,1.2524943310657597,v,True,0.9093020915460105,0.2037428478256504,174.94480072264005,4,,
AMDF_energy,studio_M1.wav,1.2624943310657597,uv,True,0.5449925179435177,0.46642199133409223,,9,,
AMDF_energy,studio_M1.wav,1.2724943310657597,uv,True,0.1657230205561037,0.6126928985521276,,10,,
AMDF_energy,studio_M1.wav,1.2824943310657597,uv,False,0.08839741999543911,0.533238965966415,,12,,
AMDF_energy,studio_M1.wav,1.2924943310657597,uv,False,0.07217197132894507,0.5940745211020954,,12,,
AMDF_energy,studio_M1.wav,1.3024943310657597,uv,False,0.12092995634065329,0.6871964886460411,,12,,
AMDF_energy,studio_M1.wav,1.3124943310657597,uv,False,0.1344242427842222,0.6747520758271889,,12,,
AMDF_energy,studio_M1.wav,1.3224943310657595,uv,True,0.2735579157817413,0.5815969885480835,,12,,
AMDF_energy,studio_M1.wav,1.3324943310657595,v,True,0.6819014821836344,0.40654233889929964,168.15437374537535,12,,
AMDF_energy,studio_M1.wav,1.3424943310657595,v,True,0.9360262333262341,0.30621099617949765,146.50888461155782,5,,
AMDF_energy,studio_M1.wav,1.3524943310657596,v,False,1.0794916165361215,0.28560442777884126,136.4276214189578,4,,
AMDF_energy,studio_M1.wav,1.3624943310657596,v,False,0.997923104087967,0.2854984188876462,125.19337570412358,12,,
AMDF_energy,studio_M1.wav,1.3724943310657596,v,False,0.9815432825662516,0.1721925182195851,116.82595856588176,5,,
AMDF_energy,studio_M1.wav,1.3824943310657596,v,False,0.8988186502807683,0.27726831715363615,113.65304261911037,8,,
AMDF_energy,studio_M1.wav,1.3924943310657596,v,False,0.7781428399960907,0.28116605010920015,106.94849175025301,12,216.6365242727577,0.5618554506240043
AMDF_energy,studio_M1.wav,1.4024943310657596,v,False,0.6607189104486109,0.16063783537611198,101.90966755685743,11,209.86147099918756,0.7458758437351666
AMDF_energy,studio_M1.wav,1.4124943310657596,v,False,0.6348241134232232,0.12137503597830088,99.91535507990127,8,199.65386198160692,0.7927777575983517
AMDF_energy,studio_M1.wav,1.4224943310657596,v,False,0.6134309548002829,0.10257682102627973,98.73860996113288,7,197.89396762077646,0.7819748329386121
AMDF_energy,studio_M1.wav,1.4324943310657596,v,False,0.5463526749995256,0.3588801167977741,98.70016138179827,7,197.86002735703445,0.5031001467456395
AMDF_energy,studio_M1.wav,1.4424943310657596,v,False,0.4808448256656076,0.33716509795324584,90.50326020374591,12,171.60714632880746,0.5178500633521047
AMDF_energy,studio_M1.wav,1.4524943310657596,v,False,0.4356056522109837,0.14702582616309698,93.94062217011731,6,189.3542908034157,0.7031266756554955
AMDF_energy,studio_M1.wav,1.4624943310657597,v,False,0.45554808570896765,0.12813245543056223,94.10614926240085,5,190.24276337622254,0.6837324169171807
AMDF_energy,studio_M1.wav,1.4724943310657597,v,False,0.46519012417001865,0.10387757528874335,94.53855840441459,5,199.06238720850965,0.7175379732789521
AMDF_energy,studio_M1.wav,1.4824943310657597,v,False,0.4827341828368338,0.23582983073951033,96.08737845727453,7,,
AMDF_energy,studio_M1.wav,1.4924943310657597,v,False,0.5532389177173133,0.2695691402146816,99.31498822278502,6,198.13523574520613,0.667717087471115
AMDF_energy,studio_M1.wav,1.5024943310657597,v,False,0.627439473434481,0.25816218259902485,98.94802465359011,8,,
AMDF_energy,studio_M1.wav,1.5124943310657597,v,False,0.6679139869391603,0.15414813430020322,97.05053950183776,10,,
AMDF_energy,studio_M1.wav,1.5224943310657597,v,False,0.6196900121061567,0.11896615446589535,95.82062720138178,11,,
AMDF_energy,studio_M1.wav,1.5324943310657597,v,False,0.574740442953312,0.10599962696881313,94.95589102802774,12,,
AMDF_energy,studio_M1.wav,1.5424943310657597,v,False,0.507921033178558,0.20357565269204714,94.22605525752716,9,,
AMDF_energy,studio_M1.wav,1.5524943310657597,v,False,0.439579222733011,0.2522395922504711,88.34384101679821,6,,
AMDF_energy,studio_M1.wav,1.5624943310657597,v,False,0.3831643900118242,0.18863309758449762,91.04817422392499,6,,
AMDF_energy,studio_M1.wav,1.5724943310657595,v,False,0.3622216244644692,0.14714396281337444,92.08637669428106,5,184.63798073032487,0.7310846317499352
AMDF_energy,studio_M1.wav,1.5824943310657595,v,True,0.2608388662515602,0.4960665554929352,,6,,
AMDF_energy,studio_M1.wav,1.5924943310657595,uv,True,0.1630989525118399,0.4260907226037556,,11,,
AMDF_energy,studio_M1.wav,1.6024943310657596,uv,True,0.11471938714841001,0.6812008610503549,,12,,
AMDF_energy,studio_M1.wav,1.6124943310657596,uv,False,0.1057023916609843,0.6458921481248173,,12,,
AMDF_energy,studio_M1.wav,1.6224943310657596,uv,False,0.27924108993296803,0.6461346652633865,,12,,
AMDF_energy,studio_M1.wav,1.6324943310657596,uv,False,0.36395036318072294,0.6381661983366979,,12,,
AMDF_energy,studio_M1.wav,1.6424943310657596,uv,False,0.3343503738943337,0.6335235292816552,,12,,
AMDF_energy,studio_M1.wav,1.6524943310657596,uv,True,0.4123902963711177,0.6374833729644505,,12,,
AMDF_energy,studio_M1.wav,1.6624943310657596,v,True,0.6259715224736732,0.5007645593913949,,12,,
AMDF_energy,studio_M1.wav,1.6724943310657596,v,True,0.8230407896199198,0.5257864127839201,,12,,
AMDF_energy,studio_M1.wav,1.6824943310657596,v,False,0.882171110947706,0.5141763774294856,,10,,
AMDF_energy,studio_M1.wav,1.6924943310657596,v,False,0.7887316364727899,0.31129778339799935,92.29298217951899,6,184.9007675933856,0.41992288023230495
AMDF_energy,studio_M1.wav,1.7024943310657596,v,False,0.5858253294395158,0.43884917112033106,,8,,
AMDF_energy,studio_M1.wav,1.7124943310657597,v,False,0.3593419534229395,0.6826406396266141,,7,,
AMDF_energy,studio_M1.wav,1.7224943310657597,v,False,0.10211596416963478,0.5003910166959344,,5,,
AMDF_energy,studio_M1.wav,1.7324943310657597,v,False,0.058935502840376235,0.4254819241578291,,5,,
AMDF_energy,studio_M1.wav,1.7424943310657597,v,False,0.04200404750032329,0.4115755163085139,,12,,
AMDF_energy,studio_M1.wav,1.7524943310657597,v,False,0.03468650323855405,0.36977119155550703,,12,,
AMDF_energy,studio_M1.wav,1.7624943310657597,v,False,0.031160087964957364,0.3706516333617,,12,,
AMDF_energy,studio_M1.wav,1.7724943310657597,v,True,0.02695264833906148,0.3835232028786527,,6,,
AMDF_energy,studio_M1.wav,1.7824943310657597,uv,True,0.026642322526650053,0.31137112509142006,,3,,
AMDF_energy,studio_M1.wav,1.7924943310657597,uv,True,0.02608524362664997,0.2820530046988398,,3,,
AMDF_energy,studio_M1.wav,1.8024943310657597,uv,False,0.05627786823007493,0.547258425139466,,12,,
AMDF_energy,studio_M1.wav,1.8124943310657597,uv,True,0.3377995666057252,0.7784929242098766,,12,,
AMDF_energy,studio_M1.wav,1.8224943310657595,v,True,0.7056695938883843,0.5248819746850789,,12,,
AMDF_energy,studio_M1.wav,1.8324943310657595,v,True,1.0573787937208283,0.4276677104394039,,12,,
AMDF_energy,studio_M1.wav,1.8424943310657595,v,False,1.1273204792101428,0.3848190710391838,104.78090865612857,12,202.86820457719057,0.3768585510821746
AMDF_energy,studio_M1.wav,1.8524943310657596,v,False,1.002076895912033,0.1995259811513114,104.06843990624975,8,212.3734349218572,0.4941605778054947
AMDF_energy,studio_M1.wav,1.8624943310657596,v,False,0.9697313972659193,0.17454291666809588,102.52496015555795,12,212.35533117355357,0.5416995582454194
AMDF_energy,studio_M1.wav,1.8724943310657596,v,False,0.9042387723624336,0.1749637440443363,100.98140010634769,12,,
AMDF_energy,studio_M1.wav,1.8824943310657596,v,False,0.8203636435726346,0.13100017047557588,100.50746363556263,12,,
AMDF_energy,studio_M1.wav,1.8924943310657596,v,False,0.7599596304654617,0.1379987451567134,99.40206845734652,10,,
AMDF_energy,studio_M1.wav,1.9024943310657596,v,False,0.7068666686039607,0.13503286594940717,98.67625111857977,11,200.5374269971432,0.6961398217910024
AMDF_energy,studio_M1.wav,1.9124943310657596,v,False,0.6614243807039819,0.12067498239982394,98.53481398720014,9,194.4870696450447,0.7248266992844292
AMDF_energy,studio_M1.wav,1.9224943310657596,v,False,0.6314793894706101,0.15174225394927937,98.07111607351737,9,197.746202772301,0.7076864827693825
AMDF_energy,studio_M1.wav,1.9324943310657596,v,False,0.5906170908070353,0.20436523236689183,97.50874405692554,12,,
AMDF_energy,studio_M1.wav,1.9424943310657596,v,False,0.56042981882814,0.2463238814072562,95.24876720515823,12,,
AMDF_energy,studio_M1.wav,1.9524943310657596,v,False,0.5357315633724045,0.26051294802040104,95.13514228762713,12,,
AMDF_energy,studio_M1.wav,1.9624943310657597,v,False,0.5067604681246278,0.2911613286117438,94.33663022064707,12,,
AMDF_energy,studio_M1.wav,1.9724943310657597,v,False,0.5183369213544896,0.2021858348323442,93.61431200733836,12,,
AMDF_energy,studio_M1.wav,1.9824943310657597,v,False,0.5097504593913692,0.16867610713048709,92.81327627645372,12,,
AMDF_energy,studio_M1.wav,1.9924943310657597,v,False,0.48113618971889055,0.15668277781200862,92.28034282830318,12,,
AMDF_energy,studio_M1.wav,2.0024943310657597,v,False,0.4261629953326811,0.2053738062495199,91.84277319357254,12,184.79179676893781,0.6893465803516595
AMDF_energy,studio_M1.wav,2.0124943310657595,v,False,0.36270630071716653,0.19109180745973567,89.60871756091998,12,,
AMDF_energy,studio_M1.wav,2.0224943310657597,v,False,0.297770623360593,0.22163058652556952,89.24861174046842,8,181.12490268599342,0.6448679942343255
AMDF_energy,studio_M1.wav,2.0324943310657595,v,False,0.22292474896323566,0.29971618330773514,87.68056263333688,4,180.53615842868848,0.6291521844982684
AMDF_energy,studio_M1.wav,2.0424943310657597,v,False,0.14389634333085563,0.284494819084637,91.592244082749,8,190.72411020725687,0.7025095726517311
AMDF_energy,studio_M1.wav,2.0524943310657595,v,True,0.09623311411065669,0.484438706927042,,8,,
AMDF_energy,studio_M1.wav,2.0624943310657597,sil,True,0.04867555475771584,0.5123286200179955,,12,,
AMDF_energy,studio_M1.wav,2.0724943310657595,sil,True,0.030141282415672127,0.6231842021602307,,12,,
AMDF_energy,studio_M1.wav,2.0824943310657598,sil,False,0.01973984872265038,0.516537804297325,,12,,
AMDF_energy,studio_M1.wav,2.0924943310657595,sil,False,0.02012492389522065,0.5300258074018948,,12,,
AMDF_energy,studio_M1.wav,2.10249433106576,sil,False,0.018771284749136145,0.4237623335751975,,6,,
AMDF_energy,studio_M1.wav,2.1124943310657596,sil,False,0.015648091244705366,0.496860472702702,,5,,
AMDF_energy,studio_M1.wav,2.12249433106576,sil,False,0.015384302731077406,0.539989528639315,,12,,
AMDF_energy,studio_M1.wav,2.1324943310657596,sil,False,0.01676994565220187,0.5676915340942617,,12,,
AMDF_energy,studio_M1.wav,2.14249433106576,sil,False,0.016356555956973832,0.6061283832160709,,12,,
AMDF_energy,studio_M1.wav,2.1524943310657596,sil,False,0.014375537834638479,0.580461347169977,,12,,
AMDF_energy,studio_M1.wav,2.16249433106576,sil,False,0.013520150025890824,0.5659662234535762,,11,,
AMDF_energy,studio_M1.wav,2.1724943310657596,sil,False,0.011494921465884827,0.5962014328076015,,12,,
AMDF_energy,studio_M1.wav,2.18249433106576,sil,False,0.010967008295650763,0.5045180169227489,,11,,
AMDF_energy,studio_M1.wav,2.1924943310657596,sil,False,0.012748177628841013,0.507644231776445,,8,,
AMDF_energy,studio_M1.wav,2.2024943310657594,sil,False,0.012902017265746161,0.5061514041638767,,9,,
AMDF_energy,studio_M1.wav,2.2124943310657597,sil,False,0.012272747137439076,0.5616964941474973,,11,,
AMDF_energy,studio_M1.wav,2.2224943310657594,sil,False,0.01036071348629966,0.5312114549152782,,9,,
AMDF_energy,studio_M1.wav,2.2324943310657597,sil,False,0.01121425791752331,0.5385589626627162,,8,,
AMDF_energy,studio_M1.wav,2.2424943310657595,sil,False,0.011375406952598085,0.5082723825218508,,12,,
AMDF_energy,studio_M1.wav,2.2524943310657597,sil,False,0.010673985535987458,0.43031056936856055,,10,,
AMDF_energy,studio_M1.wav,2.2624943310657595,sil,False,0.010371745471480261,0.530582027451282,,12,,
AMDF_energy,studio_M1.wav,2.2724943310657597,sil,False,0.010777298706278773,0.47833190353690974,,12,,
AMDF_energy,studio_M1.wav,2.2824943310657595,sil,False,0.009845291163444079,0.5120119548978068,,12,,
AMDF_energy,studio_M1.wav,2.2924943310657597,sil,False,0.009346846192103749,0.47256300248626715,,12,,
AMDF_energy,studio_M1.wav,2.3024943310657595,sil,False,0.009778042898608973,0.4917698017552088,,12,,
AMDF_energy,studio_M1.wav,2.3124943310657597,sil,False,0.0093492650887273,0.4917535900611388,,10,,
AMDF_energy,studio_M1.wav,2.3224943310657595,sil,False,0.009799127748225936,0.46210710213213746,,6,,
AMDF_energy,studio_M1.wav,2.3324943310657598,sil,False,0.008734064892603819,0.4693589438935503,,10,,
AMDF_energy,studio_M1.wav,2.3424943310657595,sil,False,0.008776285560627746,0.4392632151300033,,12,,
AMDF_energy,studio_M1.wav,2.35249433106576,sil,False,0.007810973426173854,0.5683251498741589,,12,,
AMDF_energy,studio_M1.wav,2.3624943310657596,sil,False,0.006835647321001465,0.5152250114612064,,12,,
AMDF_energy,studio_M1.wav,2.37249433106576,sil,False,0.005903727065124756,0.5494958104699154,,12,,
AMDF_energy,studio_M1.wav,2.3824943310657596,sil,False,0.006783230357388694,0.515191410241324,,12,,
AMDF_energy,studio_M1.wav,2.39249433106576,sil,False,0.006814053649251435,0.5490784761205865,,12,,
AMDF_energy,studio_M1.wav,2.4024943310657596,sil,False,0.007259362955124894,0.45921258745863036,,12,,
AMDF_energy,studio_M1.wav,2.41249433106576,sil,False,0.007362572517434443,0.45140815287512387,,12,,
AMDF_energy,studio_M1.wav,2.4224943310657596,sil,False,0.006719805453312142,0.5785330740953479,,12,,
AMDF_energy,studio_M1.wav,2.43249433106576,sil,False,0.005865638136768972,0.5700802866116214,,11,,
AMDF_energy,studio_M1.wav,2.4424943310657596,sil,False,0.0059734449001677134,0.4318188383438069,,11,,
AMDF_energy,studio_M1.wav,2.4524943310657594,sil,False,0.005407214513112289,0.44616119606157123,,12,,
AMDF_energy,studio_M1.wav,2.4624943310657597,sil,False,0.0059199826935052964,0.43389943623593435,,12,,
AMDF_energy,studio_M1.wav,2.4724943310657594,sil,False,0.005858531010789998,0.4609694428075461,,12,,
AMDF_energy,studio_M1.wav,2.4824943310657597,sil,False,0.00545124748224456,0.4847442982307286,,12,,
AMDF_energy,studio_M1.wav,2.4924943310657595,sil,False,0.005419317781438748,0.3880208163992119,,12,,
AMDF_energy,studio_M1.wav,2.5024943310657597,sil,False,0.005727447245723962,0.3856636033314044,,12,,
AMDF_energy,studio_M1.wav,2.5124943310657595,sil,False,0.0049452080576596145,0.4716615549168123,,9,,
AMDF_energy,studio_M1.wav,2.5224943310657597,sil,False,0.0035923367373371044,0.5642239290714882,,12,,
AMDF_energy,studio_M1.wav,2.5324943310657595,sil,False,0.0031929886601919514,0.5976513520506833,,12,,
AMDF_energy,studio_M1.wav,2.5424943310657597,sil,False,0.0031901192579795257,0.5490489437364435,,12,,
AMDF_energy,studio_M1.wav,2.5524943310657595,sil,False,0.0031195199742415536,0.4206787366912185,,12,,
AMDF_energy,studio_M1.wav,2.5624943310657597,sil,False,0.0031452189381498815,0.4306668434298507,,12,,
AMDF_energy,studio_M1.wav,2.5724943310657595,sil,False,0.0031216213444655227,0.4627753671446744,,12,,
AMDF_energy,studio_M1.wav,2.5824943310657598,sil,False,0.0035128387336158793,0.3516872113581793,,12,,
AMDF_energy,studio_M1.wav,2.5924943310657595,sil,False,0.0034382964446841436,0.34446040233864744,,7,,
AMDF_energy,studio_M1.wav,2.60249433106576,sil,False,0.0032287986036614955,0.3856421153011045,,12,,
AMDF_energy,studio_M1.wav,2.6124943310657596,sil,False,0.0031383816540485423,0.3547048044204116,,12,,
AMDF_energy,studio_M1.wav,2.62249433106576,sil,False,0.0032553888818733895,0.39997169070043287,,7,,
AMDF_energy,studio_M1.wav,2.6324943310657596,sil,False,0.0032985672199828528,0.2727893830579748,,3,,
AMDF_energy,studio_M1.wav,2.64249433106576,sil,False,0.003128928893132279,0.19930080774346737,,1,,
AMDF_energy,studio_M1.wav,2.6524943310657596,sil,False,0.0025209766286387754,0.3492702495616491,,7,,
AMDF_energy,studio_M1.wav,2.66249433106576,sil,False,0.0022671661352733578,0.4005005658486863,,9,,
AMDF_energy,studio_M1.wav,2.6724943310657596,sil,False,0.0021247310069736893,0.37097098506342935,,10,,
AMDF_energy,studio_M1.wav,2.68249433106576,sil,False,0.0018798104185581953,0.38894441340581504,,12,,
AMDF_energy,studio_M1.wav,2.6924943310657596,sil,False,0.0016249310542040347,0.3649502029421715,,12,,
AMDF_energy,studio_M1.wav,2.7024943310657594,sil,False,0.0013844101429498744,0.38227198275592833,,12,,
AMDF_energy,studio_M1.wav,2.7124943310657597,sil,False,0.0013348074699589265,0.4354399726803472,,12,,
