file,F0mean,F0std,F0num,F0mean_mape,F0std_mape,F0num_mape,average_mape,F0mean_abs_error,F0std_abs_error,TP,TN,FP,FN,recall_v,recall_uv,balanced_accuracy,macro_f1,accuracy_vu,false_voiced_sil,model,variant,kind,pitch_threshold,energy_threshold
phone_F1.wav,215.5852954925729,36.645516655112374,142,0.006820272461548109,77.89085754908918,4.054054054054054,27.317243958534927,0.014704507427097724,16.045516655112372,135,64,5,18,0.8823529411764706,0.927536231884058,0.9049445865302643,0.8845919128449699,0.8963963963963963,2,ACF,path_j0.05_o0,train,,
phone_M1.wav,124.71841663713747,20.55941172891971,206,0.8232955837812959,22.377450767379216,11.206896551724139,11.469214300961548,1.018416637137463,3.7594117289197087,201,57,5,43,0.8237704918032787,0.9193548387096774,0.8715626652564781,0.7985185185185185,0.8431372549019608,0,ACF,path_j0.05_o0,train,,
studio_F1.wav,231.68841517960908,53.07941752048357,142,0.9095884928611003,44.2375476100097,11.811023622047244,18.986053241639347,2.088415179609086,16.27941752048357,118,21,3,5,0.959349593495935,0.875,0.9171747967479675,0.9036065573770491,0.9455782312925171,21,ACF,path_j0.05_o0,train,,
studio_M1.wav,118.8251507354272,44.73390480267393,107,1.646835530733272,69.44660910103764,30.48780487804878,33.86041650327323,1.925150735427195,18.333904802673935,81,21,4,13,0.8617021276595744,0.84,0.8508510638297873,0.8084461698702774,0.8571428571428571,22,ACF,path_j0.05_o0,train,,
phone_F1.wav,217.96386008365934,35.405476450814795,151,1.0964100573559123,71.87124490686793,2.027027027027027,24.998227330416956,2.363860083659347,14.805476450814794,138,59,10,15,0.9019607843137255,0.855072463768116,0.8785166240409208,0.8710591733847548,0.8873873873873874,3,ACF,path_j0.05_o0,lofo,0.6349906966527329,0.0
phone_M1.wav,124.23176714113539,18.92050055541827,202,0.42988451183135806,12.622027115584926,12.931034482758621,8.660982036724969,0.5317671411353899,2.1205005554182677,197,57,5,47,0.8073770491803278,0.9193548387096774,0.8633659439450025,0.7850775298503431,0.8300653594771242,0,ACF,path_j0.05_o0,lofo,0.695147773994129,0.0
studio_F1.wav,230.30002875331704,54.28618201956545,144,0.3048905720021961,47.51679896621047,13.385826771653543,20.402505436622068,0.7000287533170422,17.486182019565454,118,20,4,5,0.959349593495935,0.8333333333333334,0.8963414634146342,0.889795918367347,0.9387755102040817,22,ACF,path_j0.05_o0,lofo,0.660405580237204,0.0
studio_M1.wav,118.72375037605656,45.259812532232345,103,1.5600944192100528,71.43868383421344,25.609756097560975,32.869511450328154,1.8237503760565517,18.859812532232347,80,21,4,14,0.851063829787234,0.84,0.845531914893617,0.799438202247191,0.8487394957983193,19,ACF,path_j0.05_o0,lofo,0.695147773994129,0.0
phone_F1.wav,215.5852954925729,36.645516655112374,142,0.006820272461548109,77.89085754908918,4.054054054054054,27.317243958534927,0.014704507427097724,16.045516655112372,135,64,5,18,0.8823529411764706,0.927536231884058,0.9049445865302643,0.8845919128449699,0.8963963963963963,2,ACF,path_j0.05_o0.01,train,,
phone_M1.wav,124.71841663713747,20.55941172891971,206,0.8232955837812959,22.377450767379216,11.206896551724139,11.469214300961548,1.018416637137463,3.7594117289197087,201,57,5,43,0.8237704918032787,0.9193548387096774,0.8715626652564781,0.7985185185185185,0.8431372549019608,0,ACF,path_j0.05_o0.01,train,,
studio_F1.wav,231.68841517960908,53.07941752048357,142,0.9095884928611003,44.2375476100097,11.811023622047244,18.986053241639347,2.088415179609086,16.27941752048357,118,21,3,5,0.959349593495935,0.875,0.9171747967479675,0.9036065573770491,0.9455782312925171,21,ACF,path_j0.05_o0.01,train,,
studio_M1.wav,118.8443267646448,44.73577578319638,107,1.6632393196277153,69.45369614847115,30.48780487804878,33.86824678204922,1.9443267646447993,18.335775783196382,81,21,4,13,0.8617021276595744,0.84,0.8508510638297873,0.8084461698702774,0.8571428571428571,22,ACF,path_j0.05_o0.01,train,,
phone_F1.wav,217.96386008365934,35.405476450814795,151,1.0964100573559123,71.87124490686793,2.027027027027027,24.998227330416956,2.363860083659347,14.805476450814794,138,59,10,15,0.9019607843137255,0.855072463768116,0.8785166240409208,0.8710591733847548,0.8873873873873874,3,ACF,path_j0.05_o0.01,lofo,0.6349906966527329,0.0
phone_M1.wav,124.23176714113539,18.92050055541827,202,0.42988451183135806,12.622027115584926,12.931034482758621,8.660982036724969,0.5317671411353899,2.1205005554182677,197,57,5,47,0.8073770491803278,0.9193548387096774,0.8633659439450025,0.7850775298503431,0.8300653594771242,0,ACF,path_j0.05_o0.01,lofo,0.695147773994129,0.0
studio_F1.wav,230.30002875331704,54.28618201956545,144,0.3048905720021961,47.51679896621047,13.385826771653543,20.402505436622068,0.7000287533170422,17.486182019565454,118,20,4,5,0.959349593495935,0.8333333333333334,0.8963414634146342,0.889795918367347,0.9387755102040817,22,ACF,path_j0.05_o0.01,lofo,0.660405580237204,0.0
studio_M1.wav,118.74367110543798,45.26177805171265,103,1.5771352484499375,71.44612898376006,25.609756097560975,32.87767344325699,1.843671105437977,18.861778051712655,80,21,4,14,0.851063829787234,0.84,0.845531914893617,0.799438202247191,0.8487394957983193,19,ACF,path_j0.05_o0.01,lofo,0.695147773994129,0.0
phone_F1.wav,216.34002087985706,35.37188830134102,142,0.34323788490587676,71.70819563757777,4.054054054054054,25.3684958588459,0.7400208798570702,14.771888301341022,135,64,5,18,0.8823529411764706,0.927536231884058,0.9049445865302643,0.8845919128449699,0.8963963963963963,2,ACF,path_j0.05_o0.03,train,,
phone_M1.wav,124.71841663713747,20.55941172891971,206,0.8232955837812959,22.377450767379216,11.206896551724139,11.469214300961548,1.018416637137463,3.7594117289197087,201,57,5,43,0.8237704918032787,0.9193548387096774,0.8715626652564781,0.7985185185185185,0.8431372549019608,0,ACF,path_j0.05_o0.03,train,,
studio_F1.wav,232.7191908273083,50.94553507510036,142,1.358532590291072,38.4389540084249,11.811023622047244,17.202836740254405,3.1191908273083016,14.145535075100362,118,21,3,5,0.959349593495935,0.875,0.9171747967479675,0.9036065573770491,0.9455782312925171,21,ACF,path_j0.05_o0.03,train,,
studio_M1.wav,120.01555499504911,45.216986316325624,107,2.6651454192036863,71.27646331941524,30.48780487804878,34.80980453888923,3.1155549950491093,18.816986316325625,81,21,4,13,0.8617021276595744,0.84,0.8508510638297873,0.8084461698702774,0.8571428571428571,22,ACF,path_j0.05_o0.03,train,,
phone_F1.wav,218.67360183858884,34.11666609572252,151,1.4256038212378677,65.61488395981806,2.027027027027027,23.022504936027655,3.073601838588843,13.51666609572252,138,59,10,15,0.9019607843137255,0.855072463768116,0.8785166240409208,0.8710591733847548,0.8873873873873874,3,ACF,path_j0.05_o0.03,lofo,0.6349906966527329,0.0
phone_M1.wav,124.23176714113539,18.92050055541827,202,0.42988451183135806,12.622027115584926,12.931034482758621,8.660982036724969,0.5317671411353899,2.1205005554182677,197,57,5,47,0.8073770491803278,0.9193548387096774,0.8633659439450025,0.7850775298503431,0.8300653594771242,0,ACF,path_j0.05_o0.03,lofo,0.695147773994129,0.0
studio_F1.wav,231.31648807257594,52.258325468910584,144,0.7475993347456192,42.00631920899616,13.385826771653543,18.713248438465108,1.7164880725759417,15.458325468910587,118,20,4,5,0.959349593495935,0.8333333333333334,0.8963414634146342,0.889795918367347,0.9387755102040817,22,ACF,path_j0.05_o0.03,lofo,0.660405580237204,0.0
studio_M1.wav,119.96038392731431,45.75789968416548,103,2.617950322766728,73.32537759153593,25.609756097560975,33.851028003954546,3.060383927314305,19.35789968416548,80,21,4,14,0.851063829787234,0.84,0.845531914893617,0.799438202247191,0.8487394957983193,19,ACF,path_j0.05_o0.03,lofo,0.695147773994129,0.0
phone_F1.wav,214.19997059346088,39.04510131521795,142,0.6493642887472721,89.53932677290264,4.054054054054054,31.414248371901323,1.4000294065391188,18.445101315217947,135,64,5,18,0.8823529411764706,0.927536231884058,0.9049445865302643,0.8845919128449699,0.8963963963963963,2,ACF,path_j0.15_o0,train,,
phone_M1.wav,124.33106630228721,18.954980782648644,206,0.5101586922289484,12.827266563384779,11.206896551724139,8.181440602445955,0.6310663022872092,2.154980782648643,201,57,5,43,0.8237704918032787,0.9193548387096774,0.8715626652564781,0.7985185185185185,0.8431372549019608,0,ACF,path_j0.15_o0,train,,
studio_F1.wav,231.00001757567588,54.604173169145035,142,0.6097637524720773,48.3809053509376,11.811023622047244,20.26723090848564,1.4000175756758892,17.804173169145038,118,21,3,5,0.959349593495935,0.875,0.9171747967479675,0.9036065573770491,0.9455782312925171,21,ACF,path_j0.15_o0,train,,
studio_M1.wav,114.63784720780522,40.39316567539763,107,1.9351178718518245,53.00441543711225,30.48780487804878,28.47577939567095,2.262152792194783,13.993165675397634,81,21,4,13,0.8617021276595744,0.84,0.8508510638297873,0.8084461698702774,0.8571428571428571,22,ACF,path_j0.15_o0,train,,
phone_F1.wav,217.3608654700625,36.15640413952967,151,0.8167279545744426,75.51652494917315,2.027027027027027,26.12009331025821,1.7608654700624982,15.556404139529668,138,59,10,15,0.9019607843137255,0.855072463768116,0.8785166240409208,0.8710591733847548,0.8873873873873874,3,ACF,path_j0.15_o0,lofo,0.6349906966527329,0.0
phone_M1.wav,124.24929008895626,18.932660554260444,202,0.4440501931740136,12.694408061074066,12.931034482758621,8.689830912335568,0.5492900889562549,2.1326605542604433,197,57,5,47,0.8073770491803278,0.9193548387096774,0.8633659439450025,0.7850775298503431,0.8300653594771242,0,ACF,path_j0.15_o0,lofo,0.695147773994129,0.0
studio_F1.wav,229.62119222721626,55.74066562379354,144,0.009230064118580582,51.46920006465637,13.385826771653543,21.6214189668095,0.021192227216261017,18.940665623793542,118,20,4,5,0.959349593495935,0.8333333333333334,0.8963414634146342,0.889795918367347,0.9387755102040817,22,ACF,path_j0.15_o0,lofo,0.660405580237204,0.0
studio_M1.wav,114.36017581659544,40.793962888602124,103,2.1726468634769565,54.522586699250475,25.609756097560975,27.43499655342947,2.539824183404562,14.393962888602125,80,21,4,14,0.851063829787234,0.84,0.845531914893617,0.799438202247191,0.8487394957983193,19,ACF,path_j0.15_o0,lofo,0.695147773994129,0.0
phone_F1.wav,217.177586243466,33.94260449717736,142,0.7317190368580777,64.76992474357942,4.054054054054054,23.185232611497185,1.5775862434660155,13.342604497177362,135,64,5,18,0.8823529411764706,0.927536231884058,0.9049445865302643,0.8845919128449699,0.8963963963963963,2,ACF,path_j0.15_o0.01,train,,
phone_M1.wav,124.33106630228721,18.954980782648644,206,0.5101586922289484,12.827266563384779,11.206896551724139,8.181440602445955,0.6310663022872092,2.154980782648643,201,57,5,43,0.8237704918032787,0.9193548387096774,0.8715626652564781,0.7985185185185185,0.8431372549019608,0,ACF,path_j0.15_o0.01,train,,
studio_F1.wav,231.00001757567588,54.604173169145035,142,0.6097637524720773,48.3809053509376,11.811023622047244,20.26723090848564,1.4000175756758892,17.804173169145038,118,21,3,5,0.959349593495935,0.875,0.9171747967479675,0.9036065573770491,0.9455782312925171,21,ACF,path_j0.15_o0.01,train,,
studio_M1.wav,118.8574735138873,44.72207483441587,107,1.6744854695357516,69.40179861521163,30.48780487804878,33.85469632093206,1.9574735138872938,18.322074834415872,81,21,4,13,0.8617021276595744,0.84,0.8508510638297873,0.8084461698702774,0.8571428571428571,22,ACF,path_j0.15_o0.01,train,,
phone_F1.wav,217.3608654700625,36.15640413952967,151,0.8167279545744426,75.51652494917315,2.027027027027027,26.12009331025821,1.7608654700624982,15.556404139529668,138,59,10,15,0.9019607843137255,0.855072463768116,0.8785166240409208,0.8710591733847548,0.8873873873873874,3,ACF,path_j0.15_o0.01,lofo,0.6349906966527329,0.0
phone_M1.wav,124.24929008895626,18.932660554260444,202,0.4440501931740136,12.694408061074066,12.931034482758621,8.689830912335568,0.5492900889562549,2.1326605542604433,197,57,5,47,0.8073770491803278,0.9193548387096774,0.8633659439450025,0.7850775298503431,0.8300653594771242,0,ACF,path_j0.15_o0.01,lofo,0.695147773994129,0.0
studio_F1.wav,229.62119222721626,55.74066562379354,144,0.009230064118580582,51.46920006465637,13.385826771653543,21.6214189668095,0.021192227216261017,18.940665623793542,118,20,4,5,0.959349593495935,0.8333333333333334,0.8963414634146342,0.889795918367347,0.9387755102040817,22,ACF,path_j0.15_o0.01,lofo,0.660405580237204,0.0
studio_M1.wav,118.74367110543798,45.26177805171265,103,1.5771352484499375,71.44612898376006,25.609756097560975,32.87767344325699,1.843671105437977,18.861778051712655,80,21,4,14,0.851063829787234,0.84,0.845531914893617,0.799438202247191,0.8487394957983193,19,ACF,path_j0.15_o0.01,lofo,0.695147773994129,0.0
phone_F1.wav,217.177586243466,33.94260449717736,142,0.7317190368580777,64.76992474357942,4.054054054054054,23.185232611497185,1.5775862434660155,13.342604497177362,135,64,5,18,0.8823529411764706,0.927536231884058,0.9049445865302643,0.8845919128449699,0.8963963963963963,2,ACF,path_j0.15_o0.03,train,,
phone_M1.wav,124.33106630228721,18.954980782648644,206,0.5101586922289484,12.827266563384779,11.206896551724139,8.181440602445955,0.6310663022872092,2.154980782648643,201,57,5,43,0.8237704918032787,0.9193548387096774,0.8715626652564781,0.7985185185185185,0.8431372549019608,0,ACF,path_j0.15_o0.03,train,,
studio_F1.wav,232.7191908273083,50.94553507510036,142,1.358532590291072,38.4389540084249,11.811023622047244,17.202836740254405,3.1191908273083016,14.145535075100362,118,21,3,5,0.959349593495935,0.875,0.9171747967479675,0.9036065573770491,0.9455782312925171,21,ACF,path_j0.15_o0.03,train,,
studio_M1.wav,122.34827383995236,48.768782024486484,107,4.660627750173096,84.73023494123669,30.48780487804878,39.95955585648618,5.44827383995235,22.368782024486485,81,21,4,13,0.8617021276595744,0.84,0.8508510638297873,0.8084461698702774,0.8571428571428571,22,ACF,path_j0.15_o0.03,train,,
phone_F1.wav,217.3608654700625,36.15640413952967,151,0.8167279545744426,75.51652494917315,2.027027027027027,26.12009331025821,1.7608654700624982,15.556404139529668,138,59,10,15,0.9019607843137255,0.855072463768116,0.8785166240409208,0.8710591733847548,0.8873873873873874,3,ACF,path_j0.15_o0.03,lofo,0.6349906966527329,0.0
phone_M1.wav,124.24929008895626,18.932660554260444,202,0.4440501931740136,12.694408061074066,12.931034482758621,8.689830912335568,0.5492900889562549,2.1326605542604433,197,57,5,47,0.8073770491803278,0.9193548387096774,0.8633659439450025,0.7850775298503431,0.8300653594771242,0,ACF,path_j0.15_o0.03,lofo,0.695147773994129,0.0
studio_F1.wav,231.31648807257594,52.258325468910584,144,0.7475993347456192,42.00631920899616,13.385826771653543,18.713248438465108,1.7164880725759417,15.458325468910587,118,20,4,5,0.959349593495935,0.8333333333333334,0.8963414634146342,0.889795918367347,0.9387755102040817,22,ACF,path_j0.15_o0.03,lofo,0.660405580237204,0.0
studio_M1.wav,122.37003649270947,49.416443384681294,103,4.679244219597492,87.18349766924734,25.609756097560975,39.15749932880194,5.470036492709468,23.016443384681295,80,21,4,14,0.851063829787234,0.84,0.845531914893617,0.799438202247191,0.8487394957983193,19,ACF,path_j0.15_o0.03,lofo,0.695147773994129,0.0
phone_F1.wav,214.19997059346088,39.04510131521795,142,0.6493642887472721,89.53932677290264,4.054054054054054,31.414248371901323,1.4000294065391188,18.445101315217947,135,64,5,18,0.8823529411764706,0.927536231884058,0.9049445865302643,0.8845919128449699,0.8963963963963963,2,ACF,path_j0.35_o0,train,,
phone_M1.wav,124.02290579689144,18.859704096747468,206,0.26103944776995414,12.260143433020636,11.206896551724139,7.909359810838243,0.3229057968914333,2.059704096747467,201,57,5,43,0.8237704918032787,0.9193548387096774,0.8715626652564781,0.7985185185185185,0.8431372549019608,0,ACF,path_j0.35_o0,train,,
studio_F1.wav,231.00001757567588,54.604173169145035,142,0.6097637524720773,48.3809053509376,11.811023622047244,20.26723090848564,1.4000175756758892,17.804173169145038,118,21,3,5,0.959349593495935,0.875,0.9171747967479675,0.9036065573770491,0.9455782312925171,21,ACF,path_j0.35_o0,train,,
studio_M1.wav,114.7193607158982,40.29398350605923,107,1.8653886091546628,52.6287254017395,30.48780487804878,28.327306296314315,2.180639284101801,13.893983506059229,81,21,4,13,0.8617021276595744,0.84,0.8508510638297873,0.8084461698702774,0.8571428571428571,22,ACF,path_j0.35_o0,train,,
phone_F1.wav,217.3608654700625,36.15640413952967,151,0.8167279545744426,75.51652494917315,2.027027027027027,26.12009331025821,1.7608654700624982,15.556404139529668,138,59,10,15,0.9019607843137255,0.855072463768116,0.8785166240409208,0.8710591733847548,0.8873873873873874,3,ACF,path_j0.35_o0,lofo,0.6349906966527329,0.0
phone_M1.wav,124.24929008895626,18.932660554260444,202,0.4440501931740136,12.694408061074066,12.931034482758621,8.689830912335568,0.5492900889562549,2.1326605542604433,197,57,5,47,0.8073770491803278,0.9193548387096774,0.8633659439450025,0.7850775298503431,0.8300653594771242,0,ACF,path_j0.35_o0,lofo,0.695147773994129,0.0
studio_F1.wav,229.62119222721626,55.74066562379354,144,0.009230064118580582,51.46920006465637,13.385826771653543,21.6214189668095,0.021192227216261017,18.940665623793542,118,20,4,5,0.959349593495935,0.8333333333333334,0.8963414634146342,0.889795918367347,0.9387755102040817,22,ACF,path_j0.35_o0,lofo,0.660405580237204,0.0
studio_M1.wav,114.45851220042937,40.678342654480254,103,2.0885267746540954,54.08463126697067,25.609756097560975,27.260971379728577,2.4414877995706377,14.278342654480255,80,21,4,14,0.851063829787234,0.84,0.845531914893617,0.799438202247191,0.8487394957983193,19,ACF,path_j0.35_o0,lofo,0.695147773994129,0.0
phone_F1.wav,217.177586243466,33.94260449717736,142,0.7317190368580777,64.76992474357942,4.054054054054054,23.185232611497185,1.5775862434660155,13.342604497177362,135,64,5,18,0.8823529411764706,0.927536231884058,0.9049445865302643,0.8845919128449699,0.8963963963963963,2,ACF,path_j0.35_o0.01,train,,
phone_M1.wav,124.02290579689144,18.859704096747468,206,0.26103944776995414,12.260143433020636,11.206896551724139,7.909359810838243,0.3229057968914333,2.059704096747467,201,57,5,43,0.8237704918032787,0.9193548387096774,0.8715626652564781,0.7985185185185185,0.8431372549019608,0,ACF,path_j0.35_o0.01,train,,
studio_F1.wav,231.00001757567588,54.604173169145035,142,0.6097637524720773,48.3809053509376,11.811023622047244,20.26723090848564,1.4000175756758892,17.804173169145038,118,21,3,5,0.959349593495935,0.875,0.9171747967479675,0.9036065573770491,0.9455782312925171,21,ACF,path_j0.35_o0.01,train,,
studio_M1.wav,114.75034635834322,40.28916941836894,107,1.8388824992786856,52.61049022109449,30.48780487804878,28.31239253280732,2.1496536416567835,13.889169418368944,81,21,4,13,0.8617021276595744,0.84,0.8508510638297873,0.8084461698702774,0.8571428571428571,22,ACF,path_j0.35_o0.01,train,,
phone_F1.wav,217.3608654700625,36.15640413952967,151,0.8167279545744426,75.51652494917315,2.027027027027027,26.12009331025821,1.7608654700624982,15.556404139529668,138,59,10,15,0.9019607843137255,0.855072463768116,0.8785166240409208,0.8710591733847548,0.8873873873873874,3,ACF,path_j0.35_o0.01,lofo,0.6349906966527329,0.0
phone_M1.wav,124.24929008895626,18.932660554260444,202,0.4440501931740136,12.694408061074066,12.931034482758621,8.689830912335568,0.5492900889562549,2.1326605542604433,197,57,5,47,0.8073770491803278,0.9193548387096774,0.8633659439450025,0.7850775298503431,0.8300653594771242,0,ACF,path_j0.35_o0.01,lofo,0.695147773994129,0.0
studio_F1.wav,229.62119222721626,55.74066562379354,144,0.009230064118580582,51.46920006465637,13.385826771653543,21.6214189668095,0.021192227216261017,18.940665623793542,118,20,4,5,0.959349593495935,0.8333333333333334,0.8963414634146342,0.889795918367347,0.9387755102040817,22,ACF,path_j0.35_o0.01,lofo,0.660405580237204,0.0
studio_M1.wav,114.49070116879457,40.67359481892349,103,2.0609913012877956,54.06664704137686,25.609756097560975,27.245798146741876,2.409298831205433,14.273594818923492,80,21,4,14,0.851063829787234,0.84,0.845531914893617,0.799438202247191,0.8487394957983193,19,ACF,path_j0.35_o0.01,lofo,0.695147773994129,0.0
phone_F1.wav,217.177586243466,33.94260449717736,142,0.7317190368580777,64.76992474357942,4.054054054054054,23.185232611497185,1.5775862434660155,13.342604497177362,135,64,5,18,0.8823529411764706,0.927536231884058,0.9049445865302643,0.8845919128449699,0.8963963963963963,2,ACF,path_j0.35_o0.03,train,,
phone_M1.wav,124.02290579689144,18.859704096747468,206,0.26103944776995414,12.260143433020636,11.206896551724139,7.909359810838243,0.3229057968914333,2.059704096747467,201,57,5,43,0.8237704918032787,0.9193548387096774,0.8715626652564781,0.7985185185185185,0.8431372549019608,0,ACF,path_j0.35_o0.03,train,,
studio_F1.wav,231.00001757567588,54.604173169145035,142,0.6097637524720773,48.3809053509376,11.811023622047244,20.26723090848564,1.4000175756758892,17.804173169145038,118,21,3,5,0.959349593495935,0.875,0.9171747967479675,0.9036065573770491,0.9455782312925171,21,ACF,path_j0.35_o0.03,train,,
studio_M1.wav,122.42978734804534,48.673754383763814,107,4.7303570128702574,84.37028175668112,30.48780487804878,39.86281454920005,5.529787348045332,22.273754383763816,81,21,4,13,0.8617021276595744,0.84,0.8508510638297873,0.8084461698702774,0.8571428571428571,22,ACF,path_j0.35_o0.03,train,,
phone_F1.wav,220.62311830393784,30.43128314791417,151,2.3298322374479823,47.72467547531149,2.027027027027027,17.360511579928833,5.023118303937849,9.831283147914167,138,59,10,15,0.9019607843137255,0.855072463768116,0.8785166240409208,0.8710591733847548,0.8873873873873874,3,ACF,path_j0.35_o0.03,lofo,0.6349906966527329,0.0
phone_M1.wav,124.24929008895626,18.932660554260444,202,0.4440501931740136,12.694408061074066,12.931034482758621,8.689830912335568,0.5492900889562549,2.1326605542604433,197,57,5,47,0.8073770491803278,0.9193548387096774,0.8633659439450025,0.7850775298503431,0.8300653594771242,0,ACF,path_j0.35_o0.03,lofo,0.695147773994129,0.0
studio_F1.wav,229.62119222721626,55.74066562379354,144,0.009230064118580582,51.46920006465637,13.385826771653543,21.6214189668095,0.021192227216261017,18.940665623793542,118,20,4,5,0.959349593495935,0.8333333333333334,0.8963414634146342,0.889795918367347,0.9387755102040817,22,ACF,path_j0.35_o0.03,lofo,0.660405580237204,0.0
studio_M1.wav,122.46837287654338,49.30506777484711,103,4.763364308420341,86.76162035926937,25.609756097560975,39.0449135884169,5.568372876543378,22.90506777484711,80,21,4,14,0.851063829787234,0.84,0.845531914893617,0.799438202247191,0.8487394957983193,19,ACF,path_j0.35_o0.03,lofo,0.695147773994129,0.0
phone_F1.wav,217.3406095072929,31.55503817984432,144,0.8073327955903998,53.179796989535525,2.7027027027027026,18.89661082927621,1.740609507292902,10.955038179844319,139,66,3,14,0.9084967320261438,0.9565217391304348,0.9325092355782894,0.9141394608121943,0.9234234234234234,2,AMDF,path_j0.05_o0,train,,
phone_M1.wav,125.91774439956204,24.72445858053193,213,1.7928410667437644,47.169396312690054,8.189655172413794,19.05063085061587,2.2177443995620365,7.92445858053193,206,56,6,38,0.8442622950819673,0.9032258064516129,0.8737440507667901,0.8107287449392713,0.8562091503267973,1,AMDF,path_j0.05_o0,train,,
studio_F1.wav,232.1804133602181,53.28829941059909,140,1.1238734147291387,44.80516144184536,10.236220472440944,18.72175177633848,2.5804133602181025,16.48829941059909,117,23,1,6,0.9512195121951219,0.9583333333333334,0.9547764227642277,0.9194394425741799,0.9523809523809523,22,AMDF,path_j0.05_o0,train,,
studio_M1.wav,122.19754664641547,45.52654333469765,109,4.53169088658295,72.44902778294565,32.926829268292686,36.63584931260709,5.297546646415469,19.12654333469765,82,23,2,12,0.8723404255319149,0.92,0.8961702127659574,0.8440074906367041,0.8823529411764706,25,AMDF,path_j0.05_o0,train,,
phone_F1.wav,216.1203165988251,28.075807839123925,143,0.24133422951071634,36.29032931613555,3.3783783783783785,13.303347308008213,0.5203165988251044,7.475807839123924,139,66,3,14,0.9084967320261438,0.9565217391304348,0.9325092355782894,0.9141394608121943,0.9234234234234234,1,AMDF,path_j0.05_o0,lofo,0.4096917277020603,0.0
phone_M1.wav,126.12875928847114,24.83635121177744,210,1.9634270723291363,47.83542387962761,9.482758620689655,19.760536524215468,2.4287592884711415,8.03635121177744,203,56,6,41,0.8319672131147541,0.9032258064516129,0.8675965097831835,0.800324878170686,0.8464052287581699,1,AMDF,path_j0.05_o0,lofo,0.40830540776511665,0.0
studio_F1.wav,232.09663152635963,55.919470039804956,142,1.0873830689719668,51.95508162990479,11.811023622047244,21.617829440308,2.4966315263596357,19.11947003980496,117,23,1,6,0.9512195121951219,0.9583333333333334,0.9547764227642277,0.9194394425741799,0.9523809523809523,24,AMDF,path_j0.05_o0,lofo,0.41622733555156766,0.0
studio_M1.wav,122.19754664641547,45.52654333469765,109,4.53169088658295,72.44902778294565,32.926829268292686,36.63584931260709,5.297546646415469,19.12654333469765,82,23,2,12,0.8723404255319149,0.92,0.8961702127659574,0.8440074906367041,0.8823529411764706,25,AMDF,path_j0.05_o0,lofo,0.41373072127314126,0.0
phone_F1.wav,217.3406095072929,31.55503817984432,144,0.8073327955903998,53.179796989535525,2.7027027027027026,18.89661082927621,1.740609507292902,10.955038179844319,139,66,3,14,0.9084967320261438,0.9565217391304348,0.9325092355782894,0.9141394608121943,0.9234234234234234,2,AMDF,path_j0.05_o0.01,train,,
phone_M1.wav,125.92636341308311,24.718981544124585,213,1.7998087413768038,47.13679490550348,8.189655172413794,19.042086273098025,2.2263634130831065,7.918981544124584,206,56,6,38,0.8442622950819673,0.9032258064516129,0.8737440507667901,0.8107287449392713,0.8562091503267973,1,AMDF,path_j0.05_o0.01,train,,
studio_F1.wav,233.0534924651612,51.60148129735393,140,1.504134348937813,40.22141656889655,10.236220472440944,17.320590463425102,3.4534924651612187,14.80148129735393,117,23,1,6,0.9512195121951219,0.9583333333333334,0.9547764227642277,0.9194394425741799,0.9523809523809523,22,AMDF,path_j0.05_o0.01,train,,
studio_M1.wav,122.19754664641547,45.52654333469765,109,4.53169088658295,72.44902778294565,32.926829268292686,36.63584931260709,5.297546646415469,19.12654333469765,82,23,2,12,0.8723404255319149,0.92,0.8961702127659574,0.8440074906367041,0.8823529411764706,25,AMDF,path_j0.05_o0.01,train,,
phone_F1.wav,216.1203165988251,28.075807839123925,143,0.24133422951071634,36.29032931613555,3.3783783783783785,13.303347308008213,0.5203165988251044,7.475807839123924,139,66,3,14,0.9084967320261438,0.9565217391304348,0.9325092355782894,0.9141394608121943,0.9234234234234234,1,AMDF,path_j0.05_o0.01,lofo,0.4096917277020603,0.0
phone_M1.wav,126.12875928847114,24.83635121177744,210,1.9634270723291363,47.83542387962761,9.482758620689655,19.760536524215468,2.4287592884711415,8.03635121177744,203,56,6,41,0.8319672131147541,0.9032258064516129,0.8675965097831835,0.800324878170686,0.8464052287581699,1,AMDF,path_j0.05_o0.01,lofo,0.40830540776511665,0.0
studio_F1.wav,232.95741374250076,54.33878853899811,142,1.4622882153748988,47.65975146466879,11.811023622047244,20.311021100696976,3.3574137425007677,17.538788538998112,117,23,1,6,0.9512195121951219,0.9583333333333334,0.9547764227642277,0.9194394425741799,0.9523809523809523,24,AMDF,path_j0.05_o0.01,lofo,0.41622733555156766,0.0
studio_M1.wav,122.19754664641547,45.52654333469765,109,4.53169088658295,72.44902778294565,32.926829268292686,36.63584931260709,5.297546646415469,19.12654333469765,82,23,2,12,0.8723404255319149,0.92,0.8961702127659574,0.8440074906367041,0.8823529411764706,25,AMDF,path_j0.05_o0.01,lofo,0.41373072127314126,0.0
phone_F1.wav,217.3406095072929,31.55503817984432,144,0.8073327955903998,53.179796989535525,2.7027027027027026,18.89661082927621,1.740609507292902,10.955038179844319,139,66,3,14,0.9084967320261438,0.9565217391304348,0.9325092355782894,0.9141394608121943,0.9234234234234234,2,AMDF,path_j0.05_o0.03,train,,
phone_M1.wav,125.92636341308311,24.718981544124585,213,1.7998087413768038,47.13679490550348,8.189655172413794,19.042086273098025,2.2263634130831065,7.918981544124584,206,56,6,38,0.8442622950819673,0.9032258064516129,0.8737440507667901,0.8107287449392713,0.8562091503267973,1,AMDF,path_j0.05_o0.03,train,,
studio_F1.wav,234.97291693805735,51.89319867292267,140,2.3401206176208005,41.01412682859423,10.236220472440944,17.863489306218657,5.372916938057358,15.093198672922675,117,23,1,6,0.9512195121951219,0.9583333333333334,0.9547764227642277,0.9194394425741799,0.9523809523809523,22,AMDF,path_j0.05_o0.03,train,,
studio_M1.wav,122.29734102825192,45.569472975567614,109,4.6170581935431265,72.61164005896823,32.926829268292686,36.71850917360135,5.397341028251915,19.169472975567615,82,23,2,12,0.8723404255319149,0.92,0.8961702127659574,0.8440074906367041,0.8823529411764706,25,AMDF,path_j0.05_o0.03,train,,
phone_F1.wav,216.1203165988251,28.075807839123925,143,0.24133422951071634,36.29032931613555,3.3783783783783785,13.303347308008213,0.5203165988251044,7.475807839123924,139,66,3,14,0.9084967320261438,0.9565217391304348,0.9325092355782894,0.9141394608121943,0.9234234234234234,1,AMDF,path_j0.05_o0.03,lofo,0.4096917277020603,0.0
phone_M1.wav,126.12875928847114,24.83635121177744,210,1.9634270723291363,47.83542387962761,9.482758620689655,19.760536524215468,2.4287592884711415,8.03635121177744,203,56,6,41,0.8319672131147541,0.9032258064516129,0.8675965097831835,0.800324878170686,0.8464052287581699,1,AMDF,path_j0.05_o0.03,lofo,0.40830540776511665,0.0
studio_F1.wav,234.8498040678913,54.61579171121848,142,2.28650002956939,48.41247747613718,11.811023622047244,20.836667042584605,5.2498040678913185,17.81579171121848,117,23,1,6,0.9512195121951219,0.9583333333333334,0.9547764227642277,0.9194394425741799,0.9523809523809523,24,AMDF,path_j0.05_o0.03,lofo,0.41622733555156766,0.0
studio_M1.wav,122.29734102825192,45.569472975567614,109,4.6170581935431265,72.61164005896823,32.926829268292686,36.71850917360135,5.397341028251915,19.169472975567615,82,23,2,12,0.8723404255319149,0.92,0.8961702127659574,0.8440074906367041,0.8823529411764706,25,AMDF,path_j0.05_o0.03,lofo,0.41373072127314126,0.0
phone_F1.wav,217.3406095072929,31.55503817984432,144,0.8073327955903998,53.179796989535525,2.7027027027027026,18.89661082927621,1.740609507292902,10.955038179844319,139,66,3,14,0.9084967320261438,0.9565217391304348,0.9325092355782894,0.9141394608121943,0.9234234234234234,2,AMDF,path_j0.15_o0,train,,
phone_M1.wav,125.92439743302722,24.720617851667246,213,1.7982194284779474,47.14653483135265,8.189655172413794,19.044803144081467,2.224397433027221,7.920617851667245,206,56,6,38,0.8442622950819673,0.9032258064516129,0.8737440507667901,0.8107287449392713,0.8562091503267973,1,AMDF,path_j0.15_o0,train,,
studio_F1.wav,232.1804133602181,53.28829941059909,140,1.1238734147291387,44.80516144184536,10.236220472440944,18.72175177633848,2.5804133602181025,16.48829941059909,117,23,1,6,0.9512195121951219,0.9583333333333334,0.9547764227642277,0.9194394425741799,0.9523809523809523,22,AMDF,path_j0.15_o0,train,,
studio_M1.wav,118.6259330792907,41.924619966794666,109,1.4764183740724532,58.80537866210101,32.926829268292686,31.069542101488718,1.725933079290698,15.524619966794667,82,23,2,12,0.8723404255319149,0.92,0.8961702127659574,0.8440074906367041,0.8823529411764706,25,AMDF,path_j0.15_o0,train,,
phone_F1.wav,216.1203165988251,28.075807839123925,143,0.24133422951071634,36.29032931613555,3.3783783783783785,13.303347308008213,0.5203165988251044,7.475807839123924,139,66,3,14,0.9084967320261438,0.9565217391304348,0.9325092355782894,0.9141394608121943,0.9234234234234234,1,AMDF,path_j0.15_o0,lofo,0.4096917277020603,0.0
phone_M1.wav,126.13550736527152,24.832415809206232,210,1.9688822678023599,47.8119988643228,9.482758620689655,19.754546584271605,2.435507365271519,8.032415809206231,203,56,6,41,0.8319672131147541,0.9032258064516129,0.8675965097831835,0.800324878170686,0.8464052287581699,1,AMDF,path_j0.15_o0,lofo,0.40830540776511665,0.0
studio_F1.wav,230.3782356410586,59.25184423453773,142,0.33895280533911787,61.010446289504706,11.811023622047244,24.386807572297027,0.7782356410586146,22.45184423453773,117,23,1,6,0.9512195121951219,0.9583333333333334,0.9547764227642277,0.9194394425741799,0.9523809523809523,24,AMDF,path_j0.15_o0,lofo,0.41622733555156766,0.0
studio_M1.wav,118.6259330792907,41.924619966794666,109,1.4764183740724532,58.80537866210101,32.926829268292686,31.069542101488718,1.725933079290698,15.524619966794667,82,23,2,12,0.8723404255319149,0.92,0.8961702127659574,0.8440074906367041,0.8823529411764706,25,AMDF,path_j0.15_o0,lofo,0.41373072127314126,0.0
phone_F1.wav,217.3406095072929,31.55503817984432,144,0.8073327955903998,53.179796989535525,2.7027027027027026,18.89661082927621,1.740609507292902,10.955038179844319,139,66,3,14,0.9084967320261438,0.9565217391304348,0.9325092355782894,0.9141394608121943,0.9234234234234234,2,AMDF,path_j0.15_o0.01,train,,
phone_M1.wav,125.93301644654827,24.715137643989184,213,1.8051871031109639,47.11391454755466,8.189655172413794,19.036252274359807,2.2330164465482625,7.915137643989183,206,56,6,38,0.8442622950819673,0.9032258064516129,0.8737440507667901,0.8107287449392713,0.8562091503267973,1,AMDF,path_j0.15_o0.01,train,,
studio_F1.wav,233.0534924651612,51.60148129735393,140,1.504134348937813,40.22141656889655,10.236220472440944,17.320590463425102,3.4534924651612187,14.80148129735393,117,23,1,6,0.9512195121951219,0.9583333333333334,0.9547764227642277,0.9194394425741799,0.9523809523809523,22,AMDF,path_j0.15_o0.01,train,,
studio_M1.wav,122.22370315052174,45.53777944012999,109,4.5540659970245825,72.49158878837117,32.926829268292686,36.65749468456281,5.323703150521737,19.13777944012999,82,23,2,12,0.8723404255319149,0.92,0.8961702127659574,0.8440074906367041,0.8823529411764706,25,AMDF,path_j0.15_o0.01,train,,
phone_F1.wav,216.1203165988251,28.075807839123925,143,0.24133422951071634,36.29032931613555,3.3783783783783785,13.303347308008213,0.5203165988251044,7.475807839123924,139,66,3,14,0.9084967320261438,0.9565217391304348,0.9325092355782894,0.9141394608121943,0.9234234234234234,1,AMDF,path_j0.15_o0.01,lofo,0.4096917277020603,0.0
phone_M1.wav,126.13550736527152,24.832415809206232,210,1.9688822678023599,47.8119988643228,9.482758620689655,19.754546584271605,2.435507365271519,8.032415809206231,203,56,6,41,0.8319672131147541,0.9032258064516129,0.8675965097831835,0.800324878170686,0.8464052287581699,1,AMDF,path_j0.15_o0.01,lofo,0.40830540776511665,0.0
studio_F1.wav,233.3969402072187,53.29277148468995,142,1.6537196024471736,44.81731381709227,11.811023622047244,19.427352347195562,3.796940207218711,16.492771484689953,117,23,1,6,0.9512195121951219,0.9583333333333334,0.9547764227642277,0.9194394425741799,0.9523809523809523,24,AMDF,path_j0.15_o0.01,lofo,0.41622733555156766,0.0
studio_M1.wav,122.22370315052174,45.53777944012999,109,4.5540659970245825,72.49158878837117,32.926829268292686,36.65749468456281,5.323703150521737,19.13777944012999,82,23,2,12,0.8723404255319149,0.92,0.8961702127659574,0.8440074906367041,0.8823529411764706,25,AMDF,path_j0.15_o0.01,lofo,0.41373072127314126,0.0
phone_F1.wav,217.3406095072929,31.55503817984432,144,0.8073327955903998,53.179796989535525,2.7027027027027026,18.89661082927621,1.740609507292902,10.955038179844319,139,66,3,14,0.9084967320261438,0.9565217391304348,0.9325092355782894,0.9141394608121943,0.9234234234234234,2,AMDF,path_j0.15_o0.03,train,,
phone_M1.wav,125.93301644654827,24.715137643989184,213,1.8051871031109639,47.11391454755466,8.189655172413794,19.036252274359807,2.2330164465482625,7.915137643989183,206,56,6,38,0.8442622950819673,0.9032258064516129,0.8737440507667901,0.8107287449392713,0.8562091503267973,1,AMDF,path_j0.15_o0.03,train,,
studio_F1.wav,233.78370462537455,50.636040948428814,140,1.8221710040829964,37.59793735986092,10.236220472440944,16.552109612128287,4.18370462537456,13.836040948428817,117,23,1,6,0.9512195121951219,0.9583333333333334,0.9547764227642277,0.9194394425741799,0.9523809523809523,22,AMDF,path_j0.15_o0.03,train,,
studio_M1.wav,122.22370315052174,45.53777944012999,109,4.5540659970245825,72.49158878837117,32.926829268292686,36.65749468456281,5.323703150521737,19.13777944012999,82,23,2,12,0.8723404255319149,0.92,0.8961702127659574,0.8440074906367041,0.8823529411764706,25,AMDF,path_j0.15_o0.03,train,,
phone_F1.wav,216.1203165988251,28.075807839123925,143,0.24133422951071634,36.29032931613555,3.3783783783783785,13.303347308008213,0.5203165988251044,7.475807839123924,139,66,3,14,0.9084967320261438,0.9565217391304348,0.9325092355782894,0.9141394608121943,0.9234234234234234,1,AMDF,path_j0.15_o0.03,lofo,0.4096917277020603,0.0
phone_M1.wav,126.13550736527152,24.832415809206232,210,1.9688822678023599,47.8119988643228,9.482758620689655,19.754546584271605,2.435507365271519,8.032415809206231,203,56,6,41,0.8319672131147541,0.9032258064516129,0.8675965097831835,0.800324878170686,0.8464052287581699,1,AMDF,path_j0.15_o0.03,lofo,0.40830540776511665,0.0
studio_F1.wav,234.62596569853588,51.52569062940327,142,2.1890094505818314,40.01546366685673,11.811023622047244,18.005165579828603,5.0259656985358845,14.725690629403275,117,23,1,6,0.9512195121951219,0.9583333333333334,0.9547764227642277,0.9194394425741799,0.9523809523809523,24,AMDF,path_j0.15_o0.03,lofo,0.41622733555156766,0.0
studio_M1.wav,122.22370315052174,45.53777944012999,109,4.5540659970245825,72.49158878837117,32.926829268292686,36.65749468456281,5.323703150521737,19.13777944012999,82,23,2,12,0.8723404255319149,0.92,0.8961702127659574,0.8440074906367041,0.8823529411764706,25,AMDF,path_j0.15_o0.03,lofo,0.41373072127314126,0.0
phone_F1.wav,217.3406095072929,31.55503817984432,144,0.8073327955903998,53.179796989535525,2.7027027027027026,18.89661082927621,1.740609507292902,10.955038179844319,139,66,3,14,0.9084967320261438,0.9565217391304348,0.9325092355782894,0.9141394608121943,0.9234234234234234,2,AMDF,path_j0.35_o0,train,,
phone_M1.wav,124.77964692094949,20.878320875756682,213,0.87279460060589,24.27571949855167,8.189655172413794,11.112723090523785,1.0796469209494859,4.078320875756681,206,56,6,38,0.8442622950819673,0.9032258064516129,0.8737440507667901,0.8107287449392713,0.8562091503267973,1,AMDF,path_j0.35_o0,train,,
studio_F1.wav,230.4720014420573,56.92254079389431,140,0.379791568840286,54.68081737471282,10.236220472440944,21.76560980533135,0.8720014420572966,20.122540793894316,117,23,1,6,0.9512195121951219,0.9583333333333334,0.9547764227642277,0.9194394425741799,0.9523809523809523,22,AMDF,path_j0.35_o0,train,,
studio_M1.wav,117.96957761336112,35.19285404318649,109,0.9149509096331214,33.306265315100354,32.926829268292686,22.38268183100872,1.069577613361119,8.792854043186495,82,23,2,12,0.8723404255319149,0.92,0.8961702127659574,0.8440074906367041,0.8823529411764706,25,AMDF,path_j0.35_o0,train,,
phone_F1.wav,216.1203165988251,28.075807839123925,143,0.24133422951071634,36.29032931613555,3.3783783783783785,13.303347308008213,0.5203165988251044,7.475807839123924,139,66,3,14,0.9084967320261438,0.9565217391304348,0.9325092355782894,0.9141394608121943,0.9234234234234234,1,AMDF,path_j0.35_o0,lofo,0.4096917277020603,0.0
phone_M1.wav,124.97440327444984,20.96216925253902,210,1.0302370852464335,24.774816979398924,9.482758620689655,11.762604228445005,1.2744032744498384,4.1621692525390195,203,56,6,41,0.8319672131147541,0.9032258064516129,0.8675965097831835,0.800324878170686,0.8464052287581699,1,AMDF,path_j0.35_o0,lofo,0.40830540776511665,0.0
studio_F1.wav,230.4122817478912,59.34338136754294,142,0.35378124908153546,61.259188498758,11.811023622047244,24.474664456628926,0.8122817478912054,22.543381367542942,117,23,1,6,0.9512195121951219,0.9583333333333334,0.9547764227642277,0.9194394425741799,0.9523809523809523,24,AMDF,path_j0.35_o0,lofo,0.41622733555156766,0.0
studio_M1.wav,117.96957761336112,35.19285404318649,109,0.9149509096331214,33.306265315100354,32.926829268292686,22.38268183100872,1.069577613361119,8.792854043186495,82,23,2,12,0.8723404255319149,0.92,0.8961702127659574,0.8440074906367041,0.8823529411764706,25,AMDF,path_j0.35_o0,lofo,0.41373072127314126,0.0
phone_F1.wav,217.3406095072929,31.55503817984432,144,0.8073327955903998,53.179796989535525,2.7027027027027026,18.89661082927621,1.740609507292902,10.955038179844319,139,66,3,14,0.9084967320261438,0.9565217391304348,0.9325092355782894,0.9141394608121943,0.9234234234234234,2,AMDF,path_j0.35_o0.01,train,,
phone_M1.wav,124.78826593447053,20.87230455949948,213,0.8797622752389066,24.2399080922588,8.189655172413794,11.103108513303832,1.0882659344705274,4.072304559499479,206,56,6,38,0.8442622950819673,0.9032258064516129,0.8737440507667901,0.8107287449392713,0.8562091503267973,1,AMDF,path_j0.35_o0.01,train,,
studio_F1.wav,233.42714206576125,51.14674288929511,140,1.666873722021451,38.985714373084555,10.236220472440944,16.962936189182315,3.827142065761251,14.346742889295115,117,23,1,6,0.9512195121951219,0.9583333333333334,0.9547764227642277,0.9194394425741799,0.9523809523809523,22,AMDF,path_j0.35_o0.01,train,,
studio_M1.wav,119.83249866748818,41.60874435974468,109,2.5085531800583194,57.60888015054805,32.926829268292686,31.014754199633018,2.9324986674881757,15.208744359744685,82,23,2,12,0.8723404255319149,0.92,0.8961702127659574,0.8440074906367041,0.8823529411764706,25,AMDF,path_j0.35_o0.01,train,,
phone_F1.wav,216.1203165988251,28.075807839123925,143,0.24133422951071634,36.29032931613555,3.3783783783783785,13.303347308008213,0.5203165988251044,7.475807839123924,139,66,3,14,0.9084967320261438,0.9565217391304348,0.9325092355782894,0.9141394608121943,0.9234234234234234,1,AMDF,path_j0.35_o0.01,lofo,0.4096917277020603,0.0
phone_M1.wav,124.97440327444984,20.96216925253902,210,1.0302370852464335,24.774816979398924,9.482758620689655,11.762604228445005,1.2744032744498384,4.1621692525390195,203,56,6,41,0.8319672131147541,0.9032258064516129,0.8675965097831835,0.800324878170686,0.8464052287581699,1,AMDF,path_j0.35_o0.01,lofo,0.40830540776511665,0.0
studio_F1.wav,233.940084323468,52.57420101760141,142,1.8902806286881557,42.864676678264715,11.811023622047244,18.85532697633337,4.340084323468005,15.774201017601413,117,23,1,6,0.9512195121951219,0.9583333333333334,0.9547764227642277,0.9194394425741799,0.9523809523809523,24,AMDF,path_j0.35_o0.01,lofo,0.41622733555156766,0.0
studio_M1.wav,119.83249866748818,41.60874435974468,109,2.5085531800583194,57.60888015054805,32.926829268292686,31.014754199633018,2.9324986674881757,15.208744359744685,82,23,2,12,0.8723404255319149,0.92,0.8961702127659574,0.8440074906367041,0.8823529411764706,25,AMDF,path_j0.35_o0.01,lofo,0.41373072127314126,0.0
phone_F1.wav,217.3406095072929,31.55503817984432,144,0.8073327955903998,53.179796989535525,2.7027027027027026,18.89661082927621,1.740609507292902,10.955038179844319,139,66,3,14,0.9084967320261438,0.9565217391304348,0.9325092355782894,0.9141394608121943,0.9234234234234234,2,AMDF,path_j0.35_o0.03,train,,
phone_M1.wav,125.95232042374718,24.726380633263197,213,1.8207925818489723,47.18083710275712,8.189655172413794,19.063761619006627,2.252320423747179,7.9263806332631965,206,56,6,38,0.8442622950819673,0.9032258064516129,0.8737440507667901,0.8107287449392713,0.8562091503267973,1,AMDF,path_j0.35_o0.03,train,,
studio_F1.wav,234.15735422597464,50.16711464763963,140,1.984910377166659,36.323681107716396,10.236220472440944,16.181603985774668,4.557354225974649,13.367114647639632,117,23,1,6,0.9512195121951219,0.9583333333333334,0.9547764227642277,0.9194394425741799,0.9523809523809523,22,AMDF,path_j0.35_o0.03,train,,
studio_M1.wav,119.83249866748818,41.60874435974468,109,2.5085531800583194,57.60888015054805,32.926829268292686,31.014754199633018,2.9324986674881757,15.208744359744685,82,23,2,12,0.8723404255319149,0.92,0.8961702127659574,0.8440074906367041,0.8823529411764706,25,AMDF,path_j0.35_o0.03,train,,
phone_F1.wav,216.1203165988251,28.075807839123925,143,0.24133422951071634,36.29032931613555,3.3783783783783785,13.303347308008213,0.5203165988251044,7.475807839123924,139,66,3,14,0.9084967320261438,0.9565217391304348,0.9325092355782894,0.9141394608121943,0.9234234234234234,1,AMDF,path_j0.35_o0.03,lofo,0.4096917277020603,0.0
phone_M1.wav,126.15508711357327,24.843605848298107,210,1.984710681950906,47.87860623986968,9.482758620689655,19.78202518083675,2.4550871135732706,8.043605848298107,203,56,6,41,0.8319672131147541,0.9032258064516129,0.8675965097831835,0.800324878170686,0.8464052287581699,1,AMDF,path_j0.35_o0.03,lofo,0.40830540776511665,0.0
studio_F1.wav,234.66001180536847,51.62812629210972,142,2.203837894324249,40.293821445950336,11.811023622047244,18.102894320773945,5.060011805368475,14.828126292109722,117,23,1,6,0.9512195121951219,0.9583333333333334,0.9547764227642277,0.9194394425741799,0.9523809523809523,24,AMDF,path_j0.35_o0.03,lofo,0.41622733555156766,0.0
studio_M1.wav,119.83249866748818,41.60874435974468,109,2.5085531800583194,57.60888015054805,32.926829268292686,31.014754199633018,2.9324986674881757,15.208744359744685,82,23,2,12,0.8723404255319149,0.92,0.8961702127659574,0.8440074906367041,0.8823529411764706,25,AMDF,path_j0.35_o0.03,lofo,0.41373072127314126,0.0
phone_F1.wav,214.86934008859168,23.874993410063006,142,0.33889606280533857,15.898026262441768,4.054054054054054,6.7636587931003875,0.7306599114083099,3.2749934100630043,139,66,3,14,0.9084967320261438,0.9565217391304348,0.9325092355782894,0.9141394608121943,0.9234234234234234,0,AMDF_energy,path_j0.05_o0,train,,
phone_M1.wav,125.14033941680302,22.033020111058338,212,1.1643810968496469,31.148929232490104,8.620689655172415,13.644666661504054,1.4403394168030133,5.233020111058337,206,56,6,38,0.8442622950819673,0.9032258064516129,0.8737440507667901,0.8107287449392713,0.8562091503267973,0,AMDF_energy,path_j0.05_o0,train,,
studio_F1.wav,230.9482424319874,35.88305943242602,116,0.5872136027819754,2.4916863249292773,8.661417322834646,3.9134390835153,1.3482424319874156,0.9169405675739739,116,24,0,7,0.943089430894309,1.0,0.9715447154471545,0.9217192848992012,0.9523809523809523,0,AMDF_energy,path_j0.05_o0,train,,
studio_M1.wav,115.56337593940309,24.45934686139514,78,1.143390984257415,7.350958858351737,4.878048780487805,4.457466207698985,1.3366240605969182,1.9406531386048584,78,25,0,16,0.8297872340425532,1.0,0.9148936170212766,0.8322762508809021,0.865546218487395,0,AMDF_energy,path_j0.05_o0,train,,
phone_F1.wav,216.1203165988251,28.075807839123925,143,0.24133422951071634,36.29032931613555,3.3783783783783785,13.303347308008213,0.5203165988251044,7.475807839123924,139,66,3,14,0.9084967320261438,0.9565217391304348,0.9325092355782894,0.9141394608121943,0.9234234234234234,1,AMDF_energy,path_j0.05_o0,lofo,0.4096917277020603,0.05466060583995211
phone_M1.wav,125.34120502313141,22.125663571243557,209,1.3267623469130199,31.70037840025926,9.913793103448276,14.31364461687352,1.6412050231314055,5.325663571243556,203,56,6,41,0.8319672131147541,0.9032258064516129,0.8675965097831835,0.800324878170686,0.8464052287581699,0,AMDF_energy,path_j0.05_o0,lofo,0.40830540776511665,0.05773046922547663
studio_F1.wav,230.43514332684882,35.61251217145085,115,0.36373838277387727,3.2268690993183284,9.448818897637794,4.34647545991,0.8351433268488222,1.1874878285491448,115,24,0,8,0.9349593495934959,1.0,0.967479674796748,0.9117647058823529,0.9455782312925171,0,AMDF_energy,path_j0.05_o0,lofo,0.41622733555156766,0.06683658871639932
studio_M1.wav,115.56337593940309,24.45934686139514,78,1.143390984257415,7.350958858351737,4.878048780487805,4.457466207698985,1.3366240605969182,1.9406531386048584,78,25,0,16,0.8297872340425532,1.0,0.9148936170212766,0.8322762508809021,0.865546218487395,0,AMDF_energy,path_j0.05_o0,lofo,0.41373072127314126,0.061544615883604575
phone_F1.wav,214.86934008859168,23.874993410063006,142,0.33889606280533857,15.898026262441768,4.054054054054054,6.7636587931003875,0.7306599114083099,3.2749934100630043,139,66,3,14,0.9084967320261438,0.9565217391304348,0.9325092355782894,0.9141394608121943,0.9234234234234234,0,AMDF_energy,path_j0.05_o0.01,train,,
phone_M1.wav,125.14899908604824,22.027150476298726,212,1.1713816378724593,31.11399093034955,8.620689655172415,13.635354074464807,1.4489990860482322,5.227150476298725,206,56,6,38,0.8442622950819673,0.9032258064516129,0.8737440507667901,0.8107287449392713,0.8562091503267973,0,AMDF_energy,path_j0.05_o0.01,train,,
studio_F1.wav,230.9482424319874,35.88305943242602,116,0.5872136027819754,2.4916863249292773,8.661417322834646,3.9134390835153,1.3482424319874156,0.9169405675739739,116,24,0,7,0.943089430894309,1.0,0.9715447154471545,0.9217192848992012,0.9523809523809523,0,AMDF_energy,path_j0.05_o0.01,train,,
studio_M1.wav,115.56337593940309,24.45934686139514,78,1.143390984257415,7.350958858351737,4.878048780487805,4.457466207698985,1.3366240605969182,1.9406531386048584,78,25,0,16,0.8297872340425532,1.0,0.9148936170212766,0.8322762508809021,0.865546218487395,0,AMDF_energy,path_j0.05_o0.01,train,,
phone_F1.wav,216.1203165988251,28.075807839123925,143,0.24133422951071634,36.29032931613555,3.3783783783783785,13.303347308008213,0.5203165988251044,7.475807839123924,139,66,3,14,0.9084967320261438,0.9565217391304348,0.9325092355782894,0.9141394608121943,0.9234234234234234,1,AMDF_energy,path_j0.05_o0.01,lofo,0.4096917277020603,0.05466060583995211
phone_M1.wav,125.34120502313141,22.125663571243557,209,1.3267623469130199,31.70037840025926,9.913793103448276,14.31364461687352,1.6412050231314055,5.325663571243556,203,56,6,41,0.8319672131147541,0.9032258064516129,0.8675965097831835,0.800324878170686,0.8464052287581699,0,AMDF_energy,path_j0.05_o0.01,lofo,0.40830540776511665,0.05773046922547663
studio_F1.wav,230.43514332684882,35.61251217145085,115,0.36373838277387727,3.2268690993183284,9.448818897637794,4.34647545991,0.8351433268488222,1.1874878285491448,115,24,0,8,0.9349593495934959,1.0,0.967479674796748,0.9117647058823529,0.9455782312925171,0,AMDF_energy,path_j0.05_o0.01,lofo,0.41622733555156766,0.06683658871639932
studio_M1.wav,115.56337593940309,24.45934686139514,78,1.143390984257415,7.350958858351737,4.878048780487805,4.457466207698985,1.3366240605969182,1.9406531386048584,78,25,0,16,0.8297872340425532,1.0,0.9148936170212766,0.8322762508809021,0.865546218487395,0,AMDF_energy,path_j0.05_o0.01,lofo,0.41373072127314126,0.061544615883604575
phone_F1.wav,214.86934008859168,23.874993410063006,142,0.33889606280533857,15.898026262441768,4.054054054054054,6.7636587931003875,0.7306599114083099,3.2749934100630043,139,66,3,14,0.9084967320261438,0.9565217391304348,0.9325092355782894,0.9141394608121943,0.9234234234234234,0,AMDF_energy,path_j0.05_o0.03,train,,
phone_M1.wav,125.14899908604824,22.027150476298726,212,1.1713816378724593,31.11399093034955,8.620689655172415,13.635354074464807,1.4489990860482322,5.227150476298725,206,56,6,38,0.8442622950819673,0.9032258064516129,0.8737440507667901,0.8107287449392713,0.8562091503267973,0,AMDF_energy,path_j0.05_o0.03,train,,
studio_F1.wav,230.9482424319874,35.88305943242602,116,0.5872136027819754,2.4916863249292773,8.661417322834646,3.9134390835153,1.3482424319874156,0.9169405675739739,116,24,0,7,0.943089430894309,1.0,0.9715447154471545,0.9217192848992012,0.9523809523809523,0,AMDF_energy,path_j0.05_o0.03,train,,
studio_M1.wav,115.56337593940309,24.45934686139514,78,1.143390984257415,7.350958858351737,4.878048780487805,4.457466207698985,1.3366240605969182,1.9406531386048584,78,25,0,16,0.8297872340425532,1.0,0.9148936170212766,0.8322762508809021,0.865546218487395,0,AMDF_energy,path_j0.05_o0.03,train,,
phone_F1.wav,216.1203165988251,28.075807839123925,143,0.24133422951071634,36.29032931613555,3.3783783783783785,13.303347308008213,0.5203165988251044,7.475807839123924,139,66,3,14,0.9084967320261438,0.9565217391304348,0.9325092355782894,0.9141394608121943,0.9234234234234234,1,AMDF_energy,path_j0.05_o0.03,lofo,0.4096917277020603,0.05466060583995211
phone_M1.wav,125.34120502313141,22.125663571243557,209,1.3267623469130199,31.70037840025926,9.913793103448276,14.31364461687352,1.6412050231314055,5.325663571243556,203,56,6,41,0.8319672131147541,0.9032258064516129,0.8675965097831835,0.800324878170686,0.8464052287581699,0,AMDF_energy,path_j0.05_o0.03,lofo,0.40830540776511665,0.05773046922547663
studio_F1.wav,230.43514332684882,35.61251217145085,115,0.36373838277387727,3.2268690993183284,9.448818897637794,4.34647545991,0.8351433268488222,1.1874878285491448,115,24,0,8,0.9349593495934959,1.0,0.967479674796748,0.9117647058823529,0.9455782312925171,0,AMDF_energy,path_j0.05_o0.03,lofo,0.41622733555156766,0.06683658871639932
studio_M1.wav,115.56337593940309,24.45934686139514,78,1.143390984257415,7.350958858351737,4.878048780487805,4.457466207698985,1.3366240605969182,1.9406531386048584,78,25,0,16,0.8297872340425532,1.0,0.9148936170212766,0.8322762508809021,0.865546218487395,0,AMDF_energy,path_j0.05_o0.03,lofo,0.41373072127314126,0.061544615883604575
phone_F1.wav,214.86934008859168,23.874993410063006,142,0.33889606280533857,15.898026262441768,4.054054054054054,6.7636587931003875,0.7306599114083099,3.2749934100630043,139,66,3,14,0.9084967320261438,0.9565217391304348,0.9325092355782894,0.9141394608121943,0.9234234234234234,0,AMDF_energy,path_j0.15_o0,train,,
phone_M1.wav,125.14702383250152,22.0289256907702,212,1.169784828214644,31.124557683155956,8.620689655172415,13.638344055514338,1.4470238325015146,5.2289256907702,206,56,6,38,0.8442622950819673,0.9032258064516129,0.8737440507667901,0.8107287449392713,0.8562091503267973,0,AMDF_energy,path_j0.15_o0,train,,
studio_F1.wav,230.9482424319874,35.88305943242602,116,0.5872136027819754,2.4916863249292773,8.661417322834646,3.9134390835153,1.3482424319874156,0.9169405675739739,116,24,0,7,0.943089430894309,1.0,0.9715447154471545,0.9217192848992012,0.9523809523809523,0,AMDF_energy,path_j0.15_o0,train,,
studio_M1.wav,115.56337593940309,24.45934686139514,78,1.143390984257415,7.350958858351737,4.878048780487805,4.457466207698985,1.3366240605969182,1.9406531386048584,78,25,0,16,0.8297872340425532,1.0,0.9148936170212766,0.8322762508809021,0.865546218487395,0,AMDF_energy,path_j0.15_o0,train,,
phone_F1.wav,216.1203165988251,28.075807839123925,143,0.24133422951071634,36.29032931613555,3.3783783783783785,13.303347308008213,0.5203165988251044,7.475807839123924,139,66,3,14,0.9084967320261438,0.9565217391304348,0.9325092355782894,0.9141394608121943,0.9234234234234234,1,AMDF_energy,path_j0.15_o0,lofo,0.4096917277020603,0.05466060583995211
phone_M1.wav,125.3479853873806,22.121466185996837,209,1.3322436438000005,31.67539396426688,9.913793103448276,14.307143570505053,1.6479853873806007,5.321466185996837,203,56,6,41,0.8319672131147541,0.9032258064516129,0.8675965097831835,0.800324878170686,0.8464052287581699,0,AMDF_energy,path_j0.15_o0,lofo,0.40830540776511665,0.05773046922547663
studio_F1.wav,230.43514332684882,35.61251217145085,115,0.36373838277387727,3.2268690993183284,9.448818897637794,4.34647545991,0.8351433268488222,1.1874878285491448,115,24,0,8,0.9349593495934959,1.0,0.967479674796748,0.9117647058823529,0.9455782312925171,0,AMDF_energy,path_j0.15_o0,lofo,0.41622733555156766,0.06683658871639932
studio_M1.wav,115.56337593940309,24.45934686139514,78,1.143390984257415,7.350958858351737,4.878048780487805,4.457466207698985,1.3366240605969182,1.9406531386048584,78,25,0,16,0.8297872340425532,1.0,0.9148936170212766,0.8322762508809021,0.865546218487395,0,AMDF_energy,path_j0.15_o0,lofo,0.41373072127314126,0.061544615883604575
phone_F1.wav,214.86934008859168,23.874993410063006,142,0.33889606280533857,15.898026262441768,4.054054054054054,6.7636587931003875,0.7306599114083099,3.2749934100630043,139,66,3,14,0.9084967320261438,0.9565217391304348,0.9325092355782894,0.9141394608121943,0.9234234234234234,0,AMDF_energy,path_j0.15_o0.01,train,,
phone_M1.wav,125.15568350174671,22.023052336382055,212,1.1767853692374335,31.08959724036937,8.620689655172415,13.629024088259738,1.4556835017467051,5.223052336382054,206,56,6,38,0.8442622950819673,0.9032258064516129,0.8737440507667901,0.8107287449392713,0.8562091503267973,0,AMDF_energy,path_j0.15_o0.01,train,,
studio_F1.wav,230.9482424319874,35.88305943242602,116,0.5872136027819754,2.4916863249292773,8.661417322834646,3.9134390835153,1.3482424319874156,0.9169405675739739,116,24,0,7,0.943089430894309,1.0,0.9715447154471545,0.9217192848992012,0.9523809523809523,0,AMDF_energy,path_j0.15_o0.01,train,,
studio_M1.wav,115.56337593940309,24.45934686139514,78,1.143390984257415,7.350958858351737,4.878048780487805,4.457466207698985,1.3366240605969182,1.9406531386048584,78,25,0,16,0.8297872340425532,1.0,0.9148936170212766,0.8322762508809021,0.865546218487395,0,AMDF_energy,path_j0.15_o0.01,train,,
phone_F1.wav,216.1203165988251,28.075807839123925,143,0.24133422951071634,36.29032931613555,3.3783783783783785,13.303347308008213,0.5203165988251044,7.475807839123924,139,66,3,14,0.9084967320261438,0.9565217391304348,0.9325092355782894,0.9141394608121943,0.9234234234234234,1,AMDF_energy,path_j0.15_o0.01,lofo,0.4096917277020603,0.05466060583995211
phone_M1.wav,125.3479853873806,22.121466185996837,209,1.3322436438000005,31.67539396426688,9.913793103448276,14.307143570505053,1.6479853873806007,5.321466185996837,203,56,6,41,0.8319672131147541,0.9032258064516129,0.8675965097831835,0.800324878170686,0.8464052287581699,0,AMDF_energy,path_j0.15_o0.01,lofo,0.40830540776511665,0.05773046922547663
studio_F1.wav,230.43514332684882,35.61251217145085,115,0.36373838277387727,3.2268690993183284,9.448818897637794,4.34647545991,0.8351433268488222,1.1874878285491448,115,24,0,8,0.9349593495934959,1.0,0.967479674796748,0.9117647058823529,0.9455782312925171,0,AMDF_energy,path_j0.15_o0.01,lofo,0.41622733555156766,0.06683658871639932
studio_M1.wav,115.56337593940309,24.45934686139514,78,1.143390984257415,7.350958858351737,4.878048780487805,4.457466207698985,1.3366240605969182,1.9406531386048584,78,25,0,16,0.8297872340425532,1.0,0.9148936170212766,0.8322762508809021,0.865546218487395,0,AMDF_energy,path_j0.15_o0.01,lofo,0.41373072127314126,0.061544615883604575
phone_F1.wav,214.86934008859168,23.874993410063006,142,0.33889606280533857,15.898026262441768,4.054054054054054,6.7636587931003875,0.7306599114083099,3.2749934100630043,139,66,3,14,0.9084967320261438,0.9565217391304348,0.9325092355782894,0.9141394608121943,0.9234234234234234,0,AMDF_energy,path_j0.15_o0.03,train,,
phone_M1.wav,125.15568350174671,22.023052336382055,212,1.1767853692374335,31.08959724036937,8.620689655172415,13.629024088259738,1.4556835017467051,5.223052336382054,206,56,6,38,0.8442622950819673,0.9032258064516129,0.8737440507667901,0.8107287449392713,0.8562091503267973,0,AMDF_energy,path_j0.15_o0.03,train,,
studio_F1.wav,230.9482424319874,35.88305943242602,116,0.5872136027819754,2.4916863249292773,8.661417322834646,3.9134390835153,1.3482424319874156,0.9169405675739739,116,24,0,7,0.943089430894309,1.0,0.9715447154471545,0.9217192848992012,0.9523809523809523,0,AMDF_energy,path_j0.15_o0.03,train,,
studio_M1.wav,115.56337593940309,24.45934686139514,78,1.143390984257415,7.350958858351737,4.878048780487805,4.457466207698985,1.3366240605969182,1.9406531386048584,78,25,0,16,0.8297872340425532,1.0,0.9148936170212766,0.8322762508809021,0.865546218487395,0,AMDF_energy,path_j0.15_o0.03,train,,
phone_F1.wav,216.1203165988251,28.075807839123925,143,0.24133422951071634,36.29032931613555,3.3783783783783785,13.303347308008213,0.5203165988251044,7.475807839123924,139,66,3,14,0.9084967320261438,0.9565217391304348,0.9325092355782894,0.9141394608121943,0.9234234234234234,1,AMDF_energy,path_j0.15_o0.03,lofo,0.4096917277020603,0.05466060583995211
phone_M1.wav,125.3479853873806,22.121466185996837,209,1.3322436438000005,31.67539396426688,9.913793103448276,14.307143570505053,1.6479853873806007,5.321466185996837,203,56,6,41,0.8319672131147541,0.9032258064516129,0.8675965097831835,0.800324878170686,0.8464052287581699,0,AMDF_energy,path_j0.15_o0.03,lofo,0.40830540776511665,0.05773046922547663
studio_F1.wav,230.43514332684882,35.61251217145085,115,0.36373838277387727,3.2268690993183284,9.448818897637794,4.34647545991,0.8351433268488222,1.1874878285491448,115,24,0,8,0.9349593495934959,1.0,0.967479674796748,0.9117647058823529,0.9455782312925171,0,AMDF_energy,path_j0.15_o0.03,lofo,0.41622733555156766,0.06683658871639932
studio_M1.wav,115.56337593940309,24.45934686139514,78,1.143390984257415,7.350958858351737,4.878048780487805,4.457466207698985,1.3366240605969182,1.9406531386048584,78,25,0,16,0.8297872340425532,1.0,0.9148936170212766,0.8322762508809021,0.865546218487395,0,AMDF_energy,path_j0.15_o0.03,lofo,0.41373072127314126,0.061544615883604575
phone_F1.wav,214.86934008859168,23.874993410063006,142,0.33889606280533857,15.898026262441768,4.054054054054054,6.7636587931003875,0.7306599114083099,3.2749934100630043,139,66,3,14,0.9084967320261438,0.9565217391304348,0.9325092355782894,0.9141394608121943,0.9234234234234234,0,AMDF_energy,path_j0.35_o0,train,,
phone_M1.wav,123.99687355385737,17.53419693475334,212,0.2399947888903531,4.370219849722253,8.620689655172415,4.410301431261673,0.2968735538573668,0.7341969347533386,206,56,6,38,0.8442622950819673,0.9032258064516129,0.8737440507667901,0.8107287449392713,0.8562091503267973,0,AMDF_energy,path_j0.35_o0,train,,
studio_F1.wav,230.9482424319874,35.88305943242602,116,0.5872136027819754,2.4916863249292773,8.661417322834646,3.9134390835153,1.3482424319874156,0.9169405675739739,116,24,0,7,0.943089430894309,1.0,0.9715447154471545,0.9217192848992012,0.9523809523809523,0,AMDF_energy,path_j0.35_o0,train,,
studio_M1.wav,115.5246393187665,24.499638990256443,78,1.176527528856717,7.198337158119529,4.878048780487805,4.417637822488017,1.3753606812335022,1.9003610097435555,78,25,0,16,0.8297872340425532,1.0,0.9148936170212766,0.8322762508809021,0.865546218487395,0,AMDF_energy,path_j0.35_o0,train,,
phone_F1.wav,216.1203165988251,28.075807839123925,143,0.24133422951071634,36.29032931613555,3.3783783783783785,13.303347308008213,0.5203165988251044,7.475807839123924,139,66,3,14,0.9084967320261438,0.9565217391304348,0.9325092355782894,0.9141394608121943,0.9234234234234234,1,AMDF_energy,path_j0.35_o0,lofo,0.4096917277020603,0.05466060583995211
phone_M1.wav,124.18132577459326,17.590647763853294,209,0.38910733596868136,4.706236689602936,9.913793103448276,5.003045709673298,0.48132577459325887,0.7906477638532934,203,56,6,41,0.8319672131147541,0.9032258064516129,0.8675965097831835,0.800324878170686,0.8464052287581699,0,AMDF_energy,path_j0.35_o0,lofo,0.40830540776511665,0.05773046922547663
studio_F1.wav,230.43514332684882,35.61251217145085,115,0.36373838277387727,3.2268690993183284,9.448818897637794,4.34647545991,0.8351433268488222,1.1874878285491448,115,24,0,8,0.9349593495934959,1.0,0.967479674796748,0.9117647058823529,0.9455782312925171,0,AMDF_energy,path_j0.35_o0,lofo,0.41622733555156766,0.06683658871639932
studio_M1.wav,115.5246393187665,24.499638990256443,78,1.176527528856717,7.198337158119529,4.878048780487805,4.417637822488017,1.3753606812335022,1.9003610097435555,78,25,0,16,0.8297872340425532,1.0,0.9148936170212766,0.8322762508809021,0.865546218487395,0,AMDF_energy,path_j0.35_o0,lofo,0.41373072127314126,0.061544615883604575
phone_F1.wav,214.86934008859168,23.874993410063006,142,0.33889606280533857,15.898026262441768,4.054054054054054,6.7636587931003875,0.7306599114083099,3.2749934100630043,139,66,3,14,0.9084967320261438,0.9565217391304348,0.9325092355782894,0.9141394608121943,0.9234234234234234,0,AMDF_energy,path_j0.35_o0.01,train,,
phone_M1.wav,124.00553322310259,17.527385689550282,212,0.24699532991316556,4.329676723513582,8.620689655172415,4.3991205695330535,0.3055332231025858,0.7273856895502817,206,56,6,38,0.8442622950819673,0.9032258064516129,0.8737440507667901,0.8107287449392713,0.8562091503267973,0,AMDF_energy,path_j0.35_o0.01,train,,
studio_F1.wav,230.9482424319874,35.88305943242602,116,0.5872136027819754,2.4916863249292773,8.661417322834646,3.9134390835153,1.3482424319874156,0.9169405675739739,116,24,0,7,0.943089430894309,1.0,0.9715447154471545,0.9217192848992012,0.9523809523809523,0,AMDF_energy,path_j0.35_o0.01,train,,
studio_M1.wav,115.5246393187665,24.499638990256443,78,1.176527528856717,7.198337158119529,4.878048780487805,4.417637822488017,1.3753606812335022,1.9003610097435555,78,25,0,16,0.8297872340425532,1.0,0.9148936170212766,0.8322762508809021,0.865546218487395,0,AMDF_energy,path_j0.35_o0.01,train,,
phone_F1.wav,216.1203165988251,28.075807839123925,143,0.24133422951071634,36.29032931613555,3.3783783783783785,13.303347308008213,0.5203165988251044,7.475807839123924,139,66,3,14,0.9084967320261438,0.9565217391304348,0.9325092355782894,0.9141394608121943,0.9234234234234234,1,AMDF_energy,path_j0.35_o0.01,lofo,0.4096917277020603,0.05466060583995211
phone_M1.wav,124.18132577459326,17.590647763853294,209,0.38910733596868136,4.706236689602936,9.913793103448276,5.003045709673298,0.48132577459325887,0.7906477638532934,203,56,6,41,0.8319672131147541,0.9032258064516129,0.8675965097831835,0.800324878170686,0.8464052287581699,0,AMDF_energy,path_j0.35_o0.01,lofo,0.40830540776511665,0.05773046922547663
studio_F1.wav,230.43514332684882,35.61251217145085,115,0.36373838277387727,3.2268690993183284,9.448818897637794,4.34647545991,0.8351433268488222,1.1874878285491448,115,24,0,8,0.9349593495934959,1.0,0.967479674796748,0.9117647058823529,0.9455782312925171,0,AMDF_energy,path_j0.35_o0.01,lofo,0.41622733555156766,0.06683658871639932
studio_M1.wav,115.5246393187665,24.499638990256443,78,1.176527528856717,7.198337158119529,4.878048780487805,4.417637822488017,1.3753606812335022,1.9003610097435555,78,25,0,16,0.8297872340425532,1.0,0.9148936170212766,0.8322762508809021,0.865546218487395,0,AMDF_energy,path_j0.35_o0.01,lofo,0.41373072127314126,0.061544615883604575
phone_F1.wav,214.86934008859168,23.874993410063006,142,0.33889606280533857,15.898026262441768,4.054054054054054,6.7636587931003875,0.7306599114083099,3.2749934100630043,139,66,3,14,0.9084967320261438,0.9565217391304348,0.9325092355782894,0.9141394608121943,0.9234234234234234,0,AMDF_energy,path_j0.35_o0.03,train,,
phone_M1.wav,125.17507853544184,22.036412542254816,212,1.1924644587242024,31.169122275326277,8.620689655172415,13.66075879640763,1.4750785354418383,5.236412542254815,206,56,6,38,0.8442622950819673,0.9032258064516129,0.8737440507667901,0.8107287449392713,0.8562091503267973,0,AMDF_energy,path_j0.35_o0.03,train,,
studio_F1.wav,230.9482424319874,35.88305943242602,116,0.5872136027819754,2.4916863249292773,8.661417322834646,3.9134390835153,1.3482424319874156,0.9169405675739739,116,24,0,7,0.943089430894309,1.0,0.9715447154471545,0.9217192848992012,0.9523809523809523,0,AMDF_energy,path_j0.35_o0.03,train,,
studio_M1.wav,115.5246393187665,24.499638990256443,78,1.176527528856717,7.198337158119529,4.878048780487805,4.417637822488017,1.3753606812335022,1.9003610097435555,78,25,0,16,0.8297872340425532,1.0,0.9148936170212766,0.8322762508809021,0.865546218487395,0,AMDF_energy,path_j0.35_o0.03,train,,
phone_F1.wav,216.1203165988251,28.075807839123925,143,0.24133422951071634,36.29032931613555,3.3783783783783785,13.303347308008213,0.5203165988251044,7.475807839123924,139,66,3,14,0.9084967320261438,0.9565217391304348,0.9325092355782894,0.9141394608121943,0.9234234234234234,1,AMDF_energy,path_j0.35_o0.03,lofo,0.4096917277020603,0.05466060583995211
phone_M1.wav,125.36765881868858,22.134786812057843,209,1.348147791987534,31.754683405106203,9.913793103448276,14.338874766847338,1.6676588186885795,5.3347868120578426,203,56,6,41,0.8319672131147541,0.9032258064516129,0.8675965097831835,0.800324878170686,0.8464052287581699,0,AMDF_energy,path_j0.35_o0.03,lofo,0.40830540776511665,0.05773046922547663
studio_F1.wav,230.43514332684882,35.61251217145085,115,0.36373838277387727,3.2268690993183284,9.448818897637794,4.34647545991,0.8351433268488222,1.1874878285491448,115,24,0,8,0.9349593495934959,1.0,0.967479674796748,0.9117647058823529,0.9455782312925171,0,AMDF_energy,path_j0.35_o0.03,lofo,0.41622733555156766,0.06683658871639932
studio_M1.wav,115.5246393187665,24.499638990256443,78,1.176527528856717,7.198337158119529,4.878048780487805,4.417637822488017,1.3753606812335022,1.9003610097435555,78,25,0,16,0.8297872340425532,1.0,0.9148936170212766,0.8322762508809021,0.865546218487395,0,AMDF_energy,path_j0.35_o0.03,lofo,0.41373072127314126,0.061544615883604575
phone_F1.wav,214.02493763758355,27.091834448647685,118,0.7305484055734908,31.513759459454775,20.27027027027027,17.504859378432844,1.5750623624164461,6.491834448647683,116,67,2,37,0.7581699346405228,0.9710144927536232,0.864592213697073,0.815327517437024,0.8243243243243243,0,GMM_ACF,path_j0.05_o0,train,,
phone_M1.wav,123.0621561719329,18.39908527995609,169,0.5156376944762368,9.518364761643387,27.155172413793103,12.396391623304241,0.6378438280671048,1.599085279956089,169,62,0,75,0.6926229508196722,1.0,0.8463114754098361,0.7207587574677261,0.7549019607843137,0,GMM_ACF,path_j0.05_o0,train,,
studio_F1.wav,223.80368221532683,45.78130392520871,107,2.524528651861134,24.40571718806716,15.748031496062993,14.22609244533043,5.796317784673164,8.981303925208714,100,23,1,23,0.8130081300813008,0.9583333333333334,0.8856707317073171,0.775,0.8367346938775511,6,GMM_ACF,path_j0.05_o0,train,,
studio_M1.wav,107.80299887336841,23.559378486099448,74,7.781865805501793,10.759929976896027,9.75609756097561,9.432631114457811,9.097001126631596,2.840621513900551,66,23,2,28,0.7021276595744681,0.92,0.8110638297872341,0.7100389863547758,0.7478991596638656,6,GMM_ACF,path_j0.05_o0,train,,
phone_F1.wav,214.16637905669594,27.02147977780323,119,0.6649447788979821,31.172231931083626,19.594594594594593,17.143923768192067,1.4336209433040494,6.421479777803228,117,67,2,36,0.7647058823529411,0.9710144927536232,0.8678601875532821,0.8196819425444597,0.8288288288288288,0,GMM_ACF,path_j0.05_o0,lofo,0.8424359570550687,0.0
phone_M1.wav,123.66775043283079,18.325736637715824,138,0.026070789950862306,9.081765700689425,40.51724137931034,16.541692623316877,0.032249567169216675,1.5257366377158235,138,62,0,106,0.5655737704918032,1.0,0.7827868852459017,0.6308217618939221,0.6535947712418301,0,GMM_ACF,path_j0.05_o0,lofo,0.8886769991105691,0.0
studio_F1.wav,223.17401820506691,46.110548662315274,109,2.798772558768763,25.300403973682823,14.173228346456693,14.090801626302758,6.4259817949330795,9.310548662315277,101,23,1,22,0.8211382113821138,0.9583333333333334,0.8897357723577236,0.7822222222222222,0.8435374149659864,7,GMM_ACF,path_j0.05_o0,lofo,0.8412472358819468,0.0
studio_M1.wav,106.7513192144176,23.765489896393856,77,8.681506232320274,9.979204937902058,6.097560975609756,8.25275738194403,10.1486807855824,2.634510103606143,67,22,3,27,0.7127659574468085,0.88,0.7963829787234042,0.705833882663151,0.7478991596638656,7,GMM_ACF,path_j0.05_o0,lofo,0.8441176385009702,0.0
phone_F1.wav,214.78643779813652,24.87847966425017,118,0.3773479600479946,20.76931875849597,20.27027027027027,13.805645662938078,0.8135622018634763,4.27847966425017,116,67,2,37,0.7581699346405228,0.9710144927536232,0.864592213697073,0.815327517437024,0.8243243243243243,0,GMM_ACF,path_j0.05_o0.01,train,,
phone_M1.wav,123.0621561719329,18.39908527995609,169,0.5156376944762368,9.518364761643387,27.155172413793103,12.396391623304241,0.6378438280671048,1.599085279956089,169,62,0,75,0.6926229508196722,1.0,0.8463114754098361,0.7207587574677261,0.7549019607843137,0,GMM_ACF,path_j0.05_o0.01,train,,
studio_F1.wav,226.4974909078239,40.737187079390935,107,1.3512670262090993,10.69887793312755,15.748031496062993,9.266058818466547,3.102509092176092,3.937187079390938,100,23,1,23,0.8130081300813008,0.9583333333333334,0.8856707317073171,0.775,0.8367346938775511,6,GMM_ACF,path_j0.05_o0.01,train,,
studio_M1.wav,107.80299887336841,23.559378486099448,74,7.781865805501793,10.759929976896027,9.75609756097561,9.432631114457811,9.097001126631596,2.840621513900551,66,23,2,28,0.7021276595744681,0.92,0.8110638297872341,0.7100389863547758,0.7478991596638656,6,GMM_ACF,path_j0.05_o0.01,train,,
phone_F1.wav,214.92148005623588,24.81712072317187,119,0.31471240434328174,20.471459821222652,19.594594594594593,13.460255606720176,0.6785199437641154,4.217120723171867,117,67,2,36,0.7647058823529411,0.9710144927536232,0.8678601875532821,0.8196819425444597,0.8288288288288288,0,GMM_ACF,path_j0.05_o0.01,lofo,0.8424359570550687,0.0
phone_M1.wav,123.66775043283079,18.325736637715824,138,0.026070789950862306,9.081765700689425,40.51724137931034,16.541692623316877,0.032249567169216675,1.5257366377158235,138,62,0,106,0.5655737704918032,1.0,0.7827868852459017,0.6308217618939221,0.6535947712418301,0,GMM_ACF,path_j0.05_o0.01,lofo,0.8886769991105691,0.0
studio_F1.wav,226.75297711143534,40.40495888343939,109,1.2399925472842561,9.79608392238966,14.173228346456693,8.40310160537687,2.847022888564652,3.6049588834393944,101,23,1,22,0.8211382113821138,0.9583333333333334,0.8897357723577236,0.7822222222222222,0.8435374149659864,7,GMM_ACF,path_j0.05_o0.01,lofo,0.8412472358819468,0.0
studio_M1.wav,106.7513192144176,23.765489896393856,77,8.681506232320274,9.979204937902058,6.097560975609756,8.25275738194403,10.1486807855824,2.634510103606143,67,22,3,27,0.7127659574468085,0.88,0.7963829787234042,0.705833882663151,0.7478991596638656,7,GMM_ACF,path_j0.05_o0.01,lofo,0.8441176385009702,0.0
phone_F1.wav,214.78643779813652,24.87847966425017,118,0.3773479600479946,20.76931875849597,20.27027027027027,13.805645662938078,0.8135622018634763,4.27847966425017,116,67,2,37,0.7581699346405228,0.9710144927536232,0.864592213697073,0.815327517437024,0.8243243243243243,0,GMM_ACF,path_j0.05_o0.03,train,,
phone_M1.wav,123.0621561719329,18.39908527995609,169,0.5156376944762368,9.518364761643387,27.155172413793103,12.396391623304241,0.6378438280671048,1.599085279956089,169,62,0,75,0.6926229508196722,1.0,0.8463114754098361,0.7207587574677261,0.7549019607843137,0,GMM_ACF,path_j0.05_o0.03,train,,
studio_F1.wav,226.4974909078239,40.737187079390935,107,1.3512670262090993,10.69887793312755,15.748031496062993,9.266058818466547,3.102509092176092,3.937187079390938,100,23,1,23,0.8130081300813008,0.9583333333333334,0.8856707317073171,0.775,0.8367346938775511,6,GMM_ACF,path_j0.05_o0.03,train,,
studio_M1.wav,107.80299887336841,23.559378486099448,74,7.781865805501793,10.759929976896027,9.75609756097561,9.432631114457811,9.097001126631596,2.840621513900551,66,23,2,28,0.7021276595744681,0.92,0.8110638297872341,0.7100389863547758,0.7478991596638656,6,GMM_ACF,path_j0.05_o0.03,train,,
phone_F1.wav,214.92148005623588,24.81712072317187,119,0.31471240434328174,20.471459821222652,19.594594594594593,13.460255606720176,0.6785199437641154,4.217120723171867,117,67,2,36,0.7647058823529411,0.9710144927536232,0.8678601875532821,0.8196819425444597,0.8288288288288288,0,GMM_ACF,path_j0.05_o0.03,lofo,0.8424359570550687,0.0
phone_M1.wav,123.66775043283079,18.325736637715824,138,0.026070789950862306,9.081765700689425,40.51724137931034,16.541692623316877,0.032249567169216675,1.5257366377158235,138,62,0,106,0.5655737704918032,1.0,0.7827868852459017,0.6308217618939221,0.6535947712418301,0,GMM_ACF,path_j0.05_o0.03,lofo,0.8886769991105691,0.0
studio_F1.wav,226.75297711143534,40.40495888343939,109,1.2399925472842561,9.79608392238966,14.173228346456693,8.40310160537687,2.847022888564652,3.6049588834393944,101,23,1,22,0.8211382113821138,0.9583333333333334,0.8897357723577236,0.7822222222222222,0.8435374149659864,7,GMM_ACF,path_j0.05_o0.03,lofo,0.8412472358819468,0.0
studio_M1.wav,106.7513192144176,23.765489896393856,77,8.681506232320274,9.979204937902058,6.097560975609756,8.25275738194403,10.1486807855824,2.634510103606143,67,22,3,27,0.7127659574468085,0.88,0.7963829787234042,0.705833882663151,0.7478991596638656,7,GMM_ACF,path_j0.05_o0.03,lofo,0.8441176385009702,0.0
phone_F1.wav,214.78643779813652,24.87847966425017,118,0.3773479600479946,20.76931875849597,20.27027027027027,13.805645662938078,0.8135622018634763,4.27847966425017,116,67,2,37,0.7581699346405228,0.9710144927536232,0.864592213697073,0.815327517437024,0.8243243243243243,0,GMM_ACF,path_j0.15_o0,train,,
phone_M1.wav,123.0621561719329,18.39908527995609,169,0.5156376944762368,9.518364761643387,27.155172413793103,12.396391623304241,0.6378438280671048,1.599085279956089,169,62,0,75,0.6926229508196722,1.0,0.8463114754098361,0.7207587574677261,0.7549019607843137,0,GMM_ACF,path_j0.15_o0,train,,
studio_F1.wav,226.4974909078239,40.737187079390935,107,1.3512670262090993,10.69887793312755,15.748031496062993,9.266058818466547,3.102509092176092,3.937187079390938,100,23,1,23,0.8130081300813008,0.9583333333333334,0.8856707317073171,0.775,0.8367346938775511,6,GMM_ACF,path_j0.15_o0,train,,
studio_M1.wav,104.22096804484391,19.50922289980605,74,10.84604957669469,26.101428409825562,9.75609756097561,15.567858515831956,12.679031955156091,6.890777100193947,66,23,2,28,0.7021276595744681,0.92,0.8110638297872341,0.7100389863547758,0.7478991596638656,6,GMM_ACF,path_j0.15_o0,train,,
phone_F1.wav,214.92148005623588,24.81712072317187,119,0.31471240434328174,20.471459821222652,19.594594594594593,13.460255606720176,0.6785199437641154,4.217120723171867,117,67,2,36,0.7647058823529411,0.9710144927536232,0.8678601875532821,0.8196819425444597,0.8288288288288288,0,GMM_ACF,path_j0.15_o0,lofo,0.8424359570550687,0.0
phone_M1.wav,123.66775043283079,18.325736637715824,138,0.026070789950862306,9.081765700689425,40.51724137931034,16.541692623316877,0.032249567169216675,1.5257366377158235,138,62,0,106,0.5655737704918032,1.0,0.7827868852459017,0.6308217618939221,0.6535947712418301,0,GMM_ACF,path_j0.15_o0,lofo,0.8886769991105691,0.0
studio_F1.wav,226.75297711143534,40.40495888343939,109,1.2399925472842561,9.79608392238966,14.173228346456693,8.40310160537687,2.847022888564652,3.6049588834393944,101,23,1,22,0.8211382113821138,0.9583333333333334,0.8897357723577236,0.7822222222222222,0.8435374149659864,7,GMM_ACF,path_j0.15_o0,lofo,0.8412472358819468,0.0
studio_M1.wav,103.30884802856288,19.758537407775464,77,11.626306220219954,25.157055273577786,6.097560975609756,14.293640823135831,13.591151971437128,6.641462592224535,67,22,3,27,0.7127659574468085,0.88,0.7963829787234042,0.705833882663151,0.7478991596638656,7,GMM_ACF,path_j0.15_o0,lofo,0.8441176385009702,0.0
phone_F1.wav,214.78643779813652,24.87847966425017,118,0.3773479600479946,20.76931875849597,20.27027027027027,13.805645662938078,0.8135622018634763,4.27847966425017,116,67,2,37,0.7581699346405228,0.9710144927536232,0.864592213697073,0.815327517437024,0.8243243243243243,0,GMM_ACF,path_j0.15_o0.01,train,,
phone_M1.wav,123.0621561719329,18.39908527995609,169,0.5156376944762368,9.518364761643387,27.155172413793103,12.396391623304241,0.6378438280671048,1.599085279956089,169,62,0,75,0.6926229508196722,1.0,0.8463114754098361,0.7207587574677261,0.7549019607843137,0,GMM_ACF,path_j0.15_o0.01,train,,
studio_F1.wav,226.4974909078239,40.737187079390935,107,1.3512670262090993,10.69887793312755,15.748031496062993,9.266058818466547,3.102509092176092,3.937187079390938,100,23,1,23,0.8130081300813008,0.9583333333333334,0.8856707317073171,0.775,0.8367346938775511,6,GMM_ACF,path_j0.15_o0.01,train,,
studio_M1.wav,108.9037604798972,24.361800936452187,74,6.840239110438668,7.720450998287163,9.75609756097561,8.10559588990048,7.9962395201028045,2.038199063547811,66,23,2,28,0.7021276595744681,0.92,0.8110638297872341,0.7100389863547758,0.7478991596638656,6,GMM_ACF,path_j0.15_o0.01,train,,
phone_F1.wav,214.92148005623588,24.81712072317187,119,0.31471240434328174,20.471459821222652,19.594594594594593,13.460255606720176,0.6785199437641154,4.217120723171867,117,67,2,36,0.7647058823529411,0.9710144927536232,0.8678601875532821,0.8196819425444597,0.8288288288288288,0,GMM_ACF,path_j0.15_o0.01,lofo,0.8424359570550687,0.0
phone_M1.wav,123.66775043283079,18.325736637715824,138,0.026070789950862306,9.081765700689425,40.51724137931034,16.541692623316877,0.032249567169216675,1.5257366377158235,138,62,0,106,0.5655737704918032,1.0,0.7827868852459017,0.6308217618939221,0.6535947712418301,0,GMM_ACF,path_j0.15_o0.01,lofo,0.8886769991105691,0.0
studio_F1.wav,226.75297711143534,40.40495888343939,109,1.2399925472842561,9.79608392238966,14.173228346456693,8.40310160537687,2.847022888564652,3.6049588834393944,101,23,1,22,0.8211382113821138,0.9583333333333334,0.8897357723577236,0.7822222222222222,0.8435374149659864,7,GMM_ACF,path_j0.15_o0.01,lofo,0.8412472358819468,0.0
studio_M1.wav,107.80919400510763,24.576896262602368,77,7.776566291610246,6.905695974991025,6.097560975609756,6.926607747403676,9.090805994892378,1.8231037373976307,67,22,3,27,0.7127659574468085,0.88,0.7963829787234042,0.705833882663151,0.7478991596638656,7,GMM_ACF,path_j0.15_o0.01,lofo,0.8441176385009702,0.0
phone_F1.wav,214.78643779813652,24.87847966425017,118,0.3773479600479946,20.76931875849597,20.27027027027027,13.805645662938078,0.8135622018634763,4.27847966425017,116,67,2,37,0.7581699346405228,0.9710144927536232,0.864592213697073,0.815327517437024,0.8243243243243243,0,GMM_ACF,path_j0.15_o0.03,train,,
phone_M1.wav,123.0621561719329,18.39908527995609,169,0.5156376944762368,9.518364761643387,27.155172413793103,12.396391623304241,0.6378438280671048,1.599085279956089,169,62,0,75,0.6926229508196722,1.0,0.8463114754098361,0.7207587574677261,0.7549019607843137,0,GMM_ACF,path_j0.15_o0.03,train,,
studio_F1.wav,226.4974909078239,40.737187079390935,107,1.3512670262090993,10.69887793312755,15.748031496062993,9.266058818466547,3.102509092176092,3.937187079390938,100,23,1,23,0.8130081300813008,0.9583333333333334,0.8856707317073171,0.775,0.8367346938775511,6,GMM_ACF,path_j0.15_o0.03,train,,
studio_M1.wav,108.9037604798972,24.361800936452187,74,6.840239110438668,7.720450998287163,9.75609756097561,8.10559588990048,7.9962395201028045,2.038199063547811,66,23,2,28,0.7021276595744681,0.92,0.8110638297872341,0.7100389863547758,0.7478991596638656,6,GMM_ACF,path_j0.15_o0.03,train,,
phone_F1.wav,214.92148005623588,24.81712072317187,119,0.31471240434328174,20.471459821222652,19.594594594594593,13.460255606720176,0.6785199437641154,4.217120723171867,117,67,2,36,0.7647058823529411,0.9710144927536232,0.8678601875532821,0.8196819425444597,0.8288288288288288,0,GMM_ACF,path_j0.15_o0.03,lofo,0.8424359570550687,0.0
phone_M1.wav,123.66775043283079,18.325736637715824,138,0.026070789950862306,9.081765700689425,40.51724137931034,16.541692623316877,0.032249567169216675,1.5257366377158235,138,62,0,106,0.5655737704918032,1.0,0.7827868852459017,0.6308217618939221,0.6535947712418301,0,GMM_ACF,path_j0.15_o0.03,lofo,0.8886769991105691,0.0
studio_F1.wav,226.75297711143534,40.40495888343939,109,1.2399925472842561,9.79608392238966,14.173228346456693,8.40310160537687,2.847022888564652,3.6049588834393944,101,23,1,22,0.8211382113821138,0.9583333333333334,0.8897357723577236,0.7822222222222222,0.8435374149659864,7,GMM_ACF,path_j0.15_o0.03,lofo,0.8412472358819468,0.0
studio_M1.wav,107.80919400510763,24.576896262602368,77,7.776566291610246,6.905695974991025,6.097560975609756,6.926607747403676,9.090805994892378,1.8231037373976307,67,22,3,27,0.7127659574468085,0.88,0.7963829787234042,0.705833882663151,0.7478991596638656,7,GMM_ACF,path_j0.15_o0.03,lofo,0.8441176385009702,0.0
phone_F1.wav,214.78643779813652,24.87847966425017,118,0.3773479600479946,20.76931875849597,20.27027027027027,13.805645662938078,0.8135622018634763,4.27847966425017,116,67,2,37,0.7581699346405228,0.9710144927536232,0.864592213697073,0.815327517437024,0.8243243243243243,0,GMM_ACF,path_j0.35_o0,train,,
phone_M1.wav,123.0621561719329,18.39908527995609,169,0.5156376944762368,9.518364761643387,27.155172413793103,12.396391623304241,0.6378438280671048,1.599085279956089,169,62,0,75,0.6926229508196722,1.0,0.8463114754098361,0.7207587574677261,0.7549019607843137,0,GMM_ACF,path_j0.35_o0,train,,
studio_F1.wav,226.4974909078239,40.737187079390935,107,1.3512670262090993,10.69887793312755,15.748031496062993,9.266058818466547,3.102509092176092,3.937187079390938,100,23,1,23,0.8130081300813008,0.9583333333333334,0.8856707317073171,0.775,0.8367346938775511,6,GMM_ACF,path_j0.35_o0,train,,
studio_M1.wav,106.2353374082333,20.10182349793867,74,9.122893577217024,23.856729174474726,9.75609756097561,14.245240104222454,10.6646625917667,6.298176502061327,66,23,2,28,0.7021276595744681,0.92,0.8110638297872341,0.7100389863547758,0.7478991596638656,6,GMM_ACF,path_j0.35_o0,train,,
phone_F1.wav,214.92148005623588,24.81712072317187,119,0.31471240434328174,20.471459821222652,19.594594594594593,13.460255606720176,0.6785199437641154,4.217120723171867,117,67,2,36,0.7647058823529411,0.9710144927536232,0.8678601875532821,0.8196819425444597,0.8288288288288288,0,GMM_ACF,path_j0.35_o0,lofo,0.8424359570550687,0.0
phone_M1.wav,123.66775043283079,18.325736637715824,138,0.026070789950862306,9.081765700689425,40.51724137931034,16.541692623316877,0.032249567169216675,1.5257366377158235,138,62,0,106,0.5655737704918032,1.0,0.7827868852459017,0.6308217618939221,0.6535947712418301,0,GMM_ACF,path_j0.35_o0,lofo,0.8886769991105691,0.0
studio_F1.wav,226.75297711143534,40.40495888343939,109,1.2399925472842561,9.79608392238966,14.173228346456693,8.40310160537687,2.847022888564652,3.6049588834393944,101,23,1,22,0.8211382113821138,0.9583333333333334,0.8897357723577236,0.7822222222222222,0.8435374149659864,7,GMM_ACF,path_j0.35_o0,lofo,0.8412472358819468,0.0
studio_M1.wav,105.24473546870334,20.411816007159597,77,9.97028616877388,22.682515124395458,6.097560975609756,12.916787422926367,11.655264531296666,5.988183992840401,67,22,3,27,0.7127659574468085,0.88,0.7963829787234042,0.705833882663151,0.7478991596638656,7,GMM_ACF,path_j0.35_o0,lofo,0.8441176385009702,0.0
phone_F1.wav,214.78643779813652,24.87847966425017,118,0.3773479600479946,20.76931875849597,20.27027027027027,13.805645662938078,0.8135622018634763,4.27847966425017,116,67,2,37,0.7581699346405228,0.9710144927536232,0.864592213697073,0.815327517437024,0.8243243243243243,0,GMM_ACF,path_j0.35_o0.01,train,,
phone_M1.wav,123.0621561719329,18.39908527995609,169,0.5156376944762368,9.518364761643387,27.155172413793103,12.396391623304241,0.6378438280671048,1.599085279956089,169,62,0,75,0.6926229508196722,1.0,0.8463114754098361,0.7207587574677261,0.7549019607843137,0,GMM_ACF,path_j0.35_o0.01,train,,
studio_F1.wav,226.4974909078239,40.737187079390935,107,1.3512670262090993,10.69887793312755,15.748031496062993,9.266058818466547,3.102509092176092,3.937187079390938,100,23,1,23,0.8130081300813008,0.9583333333333334,0.8856707317073171,0.775,0.8367346938775511,6,GMM_ACF,path_j0.35_o0.01,train,,
studio_M1.wav,110.91812984328661,24.45618791681809,74,5.117083110960991,7.362924557507225,9.75609756097561,7.412035076481274,5.9818701567133985,1.943812083181907,66,23,2,28,0.7021276595744681,0.92,0.8110638297872341,0.7100389863547758,0.7478991596638656,6,GMM_ACF,path_j0.35_o0.01,train,,
phone_F1.wav,214.92148005623588,24.81712072317187,119,0.31471240434328174,20.471459821222652,19.594594594594593,13.460255606720176,0.6785199437641154,4.217120723171867,117,67,2,36,0.7647058823529411,0.9710144927536232,0.8678601875532821,0.8196819425444597,0.8288288288288288,0,GMM_ACF,path_j0.35_o0.01,lofo,0.8424359570550687,0.0
phone_M1.wav,123.66775043283079,18.325736637715824,138,0.026070789950862306,9.081765700689425,40.51724137931034,16.541692623316877,0.032249567169216675,1.5257366377158235,138,62,0,106,0.5655737704918032,1.0,0.7827868852459017,0.6308217618939221,0.6535947712418301,0,GMM_ACF,path_j0.35_o0.01,lofo,0.8886769991105691,0.0
studio_F1.wav,226.75297711143534,40.40495888343939,109,1.2399925472842561,9.79608392238966,14.173228346456693,8.40310160537687,2.847022888564652,3.6049588834393944,101,23,1,22,0.8211382113821138,0.9583333333333334,0.8897357723577236,0.7822222222222222,0.8435374149659864,7,GMM_ACF,path_j0.35_o0.01,lofo,0.8412472358819468,0.0
studio_M1.wav,109.74508144524809,24.755644520267165,77,6.120546240164171,6.22861924141225,6.097560975609756,6.148908819062059,7.154918554751916,1.644355479732834,67,22,3,27,0.7127659574468085,0.88,0.7963829787234042,0.705833882663151,0.7478991596638656,7,GMM_ACF,path_j0.35_o0.01,lofo,0.8441176385009702,0.0
phone_F1.wav,214.78643779813652,24.87847966425017,118,0.3773479600479946,20.76931875849597,20.27027027027027,13.805645662938078,0.8135622018634763,4.27847966425017,116,67,2,37,0.7581699346405228,0.9710144927536232,0.864592213697073,0.815327517437024,0.8243243243243243,0,GMM_ACF,path_j0.35_o0.03,train,,
phone_M1.wav,123.0621561719329,18.39908527995609,169,0.5156376944762368,9.518364761643387,27.155172413793103,12.396391623304241,0.6378438280671048,1.599085279956089,169,62,0,75,0.6926229508196722,1.0,0.8463114754098361,0.7207587574677261,0.7549019607843137,0,GMM_ACF,path_j0.35_o0.03,train,,
studio_F1.wav,226.4974909078239,40.737187079390935,107,1.3512670262090993,10.69887793312755,15.748031496062993,9.266058818466547,3.102509092176092,3.937187079390938,100,23,1,23,0.8130081300813008,0.9583333333333334,0.8856707317073171,0.775,0.8367346938775511,6,GMM_ACF,path_j0.35_o0.03,train,,
studio_M1.wav,110.91812984328661,24.45618791681809,74,5.117083110960991,7.362924557507225,9.75609756097561,7.412035076481274,5.9818701567133985,1.943812083181907,66,23,2,28,0.7021276595744681,0.92,0.8110638297872341,0.7100389863547758,0.7478991596638656,6,GMM_ACF,path_j0.35_o0.03,train,,
phone_F1.wav,214.92148005623588,24.81712072317187,119,0.31471240434328174,20.471459821222652,19.594594594594593,13.460255606720176,0.6785199437641154,4.217120723171867,117,67,2,36,0.7647058823529411,0.9710144927536232,0.8678601875532821,0.8196819425444597,0.8288288288288288,0,GMM_ACF,path_j0.35_o0.03,lofo,0.8424359570550687,0.0
phone_M1.wav,123.66775043283079,18.325736637715824,138,0.026070789950862306,9.081765700689425,40.51724137931034,16.541692623316877,0.032249567169216675,1.5257366377158235,138,62,0,106,0.5655737704918032,1.0,0.7827868852459017,0.6308217618939221,0.6535947712418301,0,GMM_ACF,path_j0.35_o0.03,lofo,0.8886769991105691,0.0
studio_F1.wav,226.75297711143534,40.40495888343939,109,1.2399925472842561,9.79608392238966,14.173228346456693,8.40310160537687,2.847022888564652,3.6049588834393944,101,23,1,22,0.8211382113821138,0.9583333333333334,0.8897357723577236,0.7822222222222222,0.8435374149659864,7,GMM_ACF,path_j0.35_o0.03,lofo,0.8412472358819468,0.0
studio_M1.wav,109.74508144524809,24.755644520267165,77,6.120546240164171,6.22861924141225,6.097560975609756,6.148908819062059,7.154918554751916,1.644355479732834,67,22,3,27,0.7127659574468085,0.88,0.7963829787234042,0.705833882663151,0.7478991596638656,7,GMM_ACF,path_j0.35_o0.03,lofo,0.8441176385009702,0.0
phone_F1.wav,217.62702387826155,25.700626554784886,130,0.9401780511417251,24.76032308148002,12.162162162162161,12.62088776492797,2.0270238782615593,5.100626554784885,129,69,0,24,0.8431372549019608,1.0,0.9215686274509804,0.8833727344365643,0.8918918918918919,1,GMM_AMDF,path_j0.05_o0,train,,
phone_M1.wav,124.63640056142157,19.07150597968366,188,0.7569931781904319,13.52086892668845,18.96551724137931,11.081126448752732,0.9364005614215642,2.27150597968366,186,60,2,58,0.7622950819672131,0.967741935483871,0.865018508725542,0.7638888888888888,0.803921568627451,0,GMM_AMDF,path_j0.05_o0,train,,
studio_F1.wav,233.72169503493,46.94407618407113,123,1.795163342739553,27.565424413236773,3.1496062992125986,10.836731351729641,4.121695034930013,10.144076184071132,108,23,1,15,0.8780487804878049,0.9583333333333334,0.9181910569105691,0.8364849833147943,0.891156462585034,14,GMM_AMDF,path_j0.05_o0,train,,
studio_M1.wav,111.87822600929346,24.44401185817077,79,4.295786134051796,7.409045991777375,3.658536585365854,5.121122903731675,5.021773990706549,1.955988141829227,71,23,2,23,0.7553191489361702,0.92,0.8376595744680851,0.7490933625706334,0.7899159663865546,6,GMM_AMDF,path_j0.05_o0,train,,
phone_F1.wav,217.62702387826155,25.700626554784886,130,0.9401780511417251,24.76032308148002,12.162162162162161,12.62088776492797,2.0270238782615593,5.100626554784885,129,69,0,24,0.8431372549019608,1.0,0.9215686274509804,0.8833727344365643,0.8918918918918919,1,GMM_AMDF,path_j0.05_o0,lofo,0.3508002832540056,0.0
phone_M1.wav,124.92345658802964,19.160311768500833,184,0.9890514050360828,14.049474812504954,20.689655172413794,11.909393796651608,1.2234565880296344,2.360311768500832,182,60,2,62,0.7459016393442623,0.967741935483871,0.8568217874140667,0.7513206013815522,0.7908496732026143,0,GMM_AMDF,path_j0.05_o0,lofo,0.3413394690556672,0.0
studio_F1.wav,234.92167217452632,48.611597309272355,124,2.3178014697414318,32.09673181867489,2.3622047244094486,12.258912670941925,5.321672174526327,11.811597309272358,108,23,1,15,0.8780487804878049,0.9583333333333334,0.9181910569105691,0.8364849833147943,0.891156462585034,15,GMM_AMDF,path_j0.05_o0,lofo,0.3478425120054532,0.0
studio_M1.wav,114.54745901661326,34.41016000201933,82,2.01243882240098,30.341515159164143,0.0,10.784651327188373,2.3525409833867457,8.010160002019333,71,23,2,23,0.7553191489361702,0.92,0.8376595744680851,0.7490933625706334,0.7899159663865546,9,GMM_AMDF,path_j0.05_o0,lofo,0.3495215137826417,0.0
phone_F1.wav,217.62702387826155,25.700626554784886,130,0.9401780511417251,24.76032308148002,12.162162162162161,12.62088776492797,2.0270238782615593,5.100626554784885,129,69,0,24,0.8431372549019608,1.0,0.9215686274509804,0.8833727344365643,0.8918918918918919,1,GMM_AMDF,path_j0.05_o0.01,train,,
phone_M1.wav,124.63640056142157,19.07150597968366,188,0.7569931781904319,13.52086892668845,18.96551724137931,11.081126448752732,0.9364005614215642,2.27150597968366,186,60,2,58,0.7622950819672131,0.967741935483871,0.865018508725542,0.7638888888888888,0.803921568627451,0,GMM_AMDF,path_j0.05_o0.01,train,,
studio_F1.wav,233.72169503493,46.94407618407113,123,1.795163342739553,27.565424413236773,3.1496062992125986,10.836731351729641,4.121695034930013,10.144076184071132,108,23,1,15,0.8780487804878049,0.9583333333333334,0.9181910569105691,0.8364849833147943,0.891156462585034,14,GMM_AMDF,path_j0.05_o0.01,train,,
studio_M1.wav,111.87822600929346,24.44401185817077,79,4.295786134051796,7.409045991777375,3.658536585365854,5.121122903731675,5.021773990706549,1.955988141829227,71,23,2,23,0.7553191489361702,0.92,0.8376595744680851,0.7490933625706334,0.7899159663865546,6,GMM_AMDF,path_j0.05_o0.01,train,,
phone_F1.wav,217.62702387826155,25.700626554784886,130,0.9401780511417251,24.76032308148002,12.162162162162161,12.62088776492797,2.0270238782615593,5.100626554784885,129,69,0,24,0.8431372549019608,1.0,0.9215686274509804,0.8833727344365643,0.8918918918918919,1,GMM_AMDF,path_j0.05_o0.01,lofo,0.3508002832540056,0.0
phone_M1.wav,124.92345658802964,19.160311768500833,184,0.9890514050360828,14.049474812504954,20.689655172413794,11.909393796651608,1.2234565880296344,2.360311768500832,182,60,2,62,0.7459016393442623,0.967741935483871,0.8568217874140667,0.7513206013815522,0.7908496732026143,0,GMM_AMDF,path_j0.05_o0.01,lofo,0.3413394690556672,0.0
studio_F1.wav,234.92167217452632,48.611597309272355,124,2.3178014697414318,32.09673181867489,2.3622047244094486,12.258912670941925,5.321672174526327,11.811597309272358,108,23,1,15,0.8780487804878049,0.9583333333333334,0.9181910569105691,0.8364849833147943,0.891156462585034,15,GMM_AMDF,path_j0.05_o0.01,lofo,0.3478425120054532,0.0
studio_M1.wav,114.54745901661326,34.41016000201933,82,2.01243882240098,30.341515159164143,0.0,10.784651327188373,2.3525409833867457,8.010160002019333,71,23,2,23,0.7553191489361702,0.92,0.8376595744680851,0.7490933625706334,0.7899159663865546,9,GMM_AMDF,path_j0.05_o0.01,lofo,0.3495215137826417,0.0
phone_F1.wav,217.62702387826155,25.700626554784886,130,0.9401780511417251,24.76032308148002,12.162162162162161,12.62088776492797,2.0270238782615593,5.100626554784885,129,69,0,24,0.8431372549019608,1.0,0.9215686274509804,0.8833727344365643,0.8918918918918919,1,GMM_AMDF,path_j0.05_o0.03,train,,
phone_M1.wav,124.63640056142157,19.07150597968366,188,0.7569931781904319,13.52086892668845,18.96551724137931,11.081126448752732,0.9364005614215642,2.27150597968366,186,60,2,58,0.7622950819672131,0.967741935483871,0.865018508725542,0.7638888888888888,0.803921568627451,0,GMM_AMDF,path_j0.05_o0.03,train,,
studio_F1.wav,233.87021078531419,47.3092304464634,123,1.8598479030114072,28.55769143060708,3.1496062992125986,11.189048544277028,4.270210785314191,10.509230446463405,108,23,1,15,0.8780487804878049,0.9583333333333334,0.9181910569105691,0.8364849833147943,0.891156462585034,14,GMM_AMDF,path_j0.05_o0.03,train,,
studio_M1.wav,111.87822600929346,24.44401185817077,79,4.295786134051796,7.409045991777375,3.658536585365854,5.121122903731675,5.021773990706549,1.955988141829227,71,23,2,23,0.7553191489361702,0.92,0.8376595744680851,0.7490933625706334,0.7899159663865546,6,GMM_AMDF,path_j0.05_o0.03,train,,
phone_F1.wav,217.62702387826155,25.700626554784886,130,0.9401780511417251,24.76032308148002,12.162162162162161,12.62088776492797,2.0270238782615593,5.100626554784885,129,69,0,24,0.8431372549019608,1.0,0.9215686274509804,0.8833727344365643,0.8918918918918919,1,GMM_AMDF,path_j0.05_o0.03,lofo,0.3508002832540056,0.0
phone_M1.wav,124.92345658802964,19.160311768500833,184,0.9890514050360828,14.049474812504954,20.689655172413794,11.909393796651608,1.2234565880296344,2.360311768500832,182,60,2,62,0.7459016393442623,0.967741935483871,0.8568217874140667,0.7513206013815522,0.7908496732026143,0,GMM_AMDF,path_j0.05_o0.03,lofo,0.3413394690556672,0.0
studio_F1.wav,235.06899021724612,48.95787427035409,124,2.3819643803336805,33.037701821614384,2.3622047244094486,12.593956975452505,5.46899021724613,12.157874270354093,108,23,1,15,0.8780487804878049,0.9583333333333334,0.9181910569105691,0.8364849833147943,0.891156462585034,15,GMM_AMDF,path_j0.05_o0.03,lofo,0.3478425120054532,0.0
studio_M1.wav,114.54745901661326,34.41016000201933,82,2.01243882240098,30.341515159164143,0.0,10.784651327188373,2.3525409833867457,8.010160002019333,71,23,2,23,0.7553191489361702,0.92,0.8376595744680851,0.7490933625706334,0.7899159663865546,9,GMM_AMDF,path_j0.05_o0.03,lofo,0.3495215137826417,0.0
phone_F1.wav,217.62702387826155,25.700626554784886,130,0.9401780511417251,24.76032308148002,12.162162162162161,12.62088776492797,2.0270238782615593,5.100626554784885,129,69,0,24,0.8431372549019608,1.0,0.9215686274509804,0.8833727344365643,0.8918918918918919,1,GMM_AMDF,path_j0.15_o0,train,,
phone_M1.wav,124.63640056142157,19.07150597968366,188,0.7569931781904319,13.52086892668845,18.96551724137931,11.081126448752732,0.9364005614215642,2.27150597968366,186,60,2,58,0.7622950819672131,0.967741935483871,0.865018508725542,0.7638888888888888,0.803921568627451,0,GMM_AMDF,path_j0.15_o0,train,,
studio_F1.wav,233.72169503493,46.94407618407113,123,1.795163342739553,27.565424413236773,3.1496062992125986,10.836731351729641,4.121695034930013,10.144076184071132,108,23,1,15,0.8780487804878049,0.9583333333333334,0.9181910569105691,0.8364849833147943,0.891156462585034,14,GMM_AMDF,path_j0.15_o0,train,,
studio_M1.wav,111.87079128259262,24.454304718800532,79,4.302146037132066,7.370057883331311,3.658536585365854,5.110246835276411,5.029208717407386,1.945695281199466,71,23,2,23,0.7553191489361702,0.92,0.8376595744680851,0.7490933625706334,0.7899159663865546,6,GMM_AMDF,path_j0.15_o0,train,,
phone_F1.wav,217.62702387826155,25.700626554784886,130,0.9401780511417251,24.76032308148002,12.162162162162161,12.62088776492797,2.0270238782615593,5.100626554784885,129,69,0,24,0.8431372549019608,1.0,0.9215686274509804,0.8833727344365643,0.8918918918918919,1,GMM_AMDF,path_j0.15_o0,lofo,0.3508002832540056,0.0
phone_M1.wav,124.92345658802964,19.160311768500833,184,0.9890514050360828,14.049474812504954,20.689655172413794,11.909393796651608,1.2234565880296344,2.360311768500832,182,60,2,62,0.7459016393442623,0.967741935483871,0.8568217874140667,0.7513206013815522,0.7908496732026143,0,GMM_AMDF,path_j0.15_o0,lofo,0.3413394690556672,0.0
studio_F1.wav,234.92167217452632,48.611597309272355,124,2.3178014697414318,32.09673181867489,2.3622047244094486,12.258912670941925,5.321672174526327,11.811597309272358,108,23,1,15,0.8780487804878049,0.9583333333333334,0.9181910569105691,0.8364849833147943,0.891156462585034,15,GMM_AMDF,path_j0.15_o0,lofo,0.3478425120054532,0.0
studio_M1.wav,114.54745901661326,34.41016000201933,82,2.01243882240098,30.341515159164143,0.0,10.784651327188373,2.3525409833867457,8.010160002019333,71,23,2,23,0.7553191489361702,0.92,0.8376595744680851,0.7490933625706334,0.7899159663865546,9,GMM_AMDF,path_j0.15_o0,lofo,0.3495215137826417,0.0
phone_F1.wav,217.62702387826155,25.700626554784886,130,0.9401780511417251,24.76032308148002,12.162162162162161,12.62088776492797,2.0270238782615593,5.100626554784885,129,69,0,24,0.8431372549019608,1.0,0.9215686274509804,0.8833727344365643,0.8918918918918919,1,GMM_AMDF,path_j0.15_o0.01,train,,
phone_M1.wav,124.63640056142157,19.07150597968366,188,0.7569931781904319,13.52086892668845,18.96551724137931,11.081126448752732,0.9364005614215642,2.27150597968366,186,60,2,58,0.7622950819672131,0.967741935483871,0.865018508725542,0.7638888888888888,0.803921568627451,0,GMM_AMDF,path_j0.15_o0.01,train,,
studio_F1.wav,233.72169503493,46.94407618407113,123,1.795163342739553,27.565424413236773,3.1496062992125986,10.836731351729641,4.121695034930013,10.144076184071132,108,23,1,15,0.8780487804878049,0.9583333333333334,0.9181910569105691,0.8364849833147943,0.891156462585034,14,GMM_AMDF,path_j0.15_o0.01,train,,
studio_M1.wav,111.87079128259262,24.454304718800532,79,4.302146037132066,7.370057883331311,3.658536585365854,5.110246835276411,5.029208717407386,1.945695281199466,71,23,2,23,0.7553191489361702,0.92,0.8376595744680851,0.7490933625706334,0.7899159663865546,6,GMM_AMDF,path_j0.15_o0.01,train,,
phone_F1.wav,217.62702387826155,25.700626554784886,130,0.9401780511417251,24.76032308148002,12.162162162162161,12.62088776492797,2.0270238782615593,5.100626554784885,129,69,0,24,0.8431372549019608,1.0,0.9215686274509804,0.8833727344365643,0.8918918918918919,1,GMM_AMDF,path_j0.15_o0.01,lofo,0.3508002832540056,0.0
phone_M1.wav,124.92345658802964,19.160311768500833,184,0.9890514050360828,14.049474812504954,20.689655172413794,11.909393796651608,1.2234565880296344,2.360311768500832,182,60,2,62,0.7459016393442623,0.967741935483871,0.8568217874140667,0.7513206013815522,0.7908496732026143,0,GMM_AMDF,path_j0.15_o0.01,lofo,0.3413394690556672,0.0
studio_F1.wav,234.92167217452632,48.611597309272355,124,2.3178014697414318,32.09673181867489,2.3622047244094486,12.258912670941925,5.321672174526327,11.811597309272358,108,23,1,15,0.8780487804878049,0.9583333333333334,0.9181910569105691,0.8364849833147943,0.891156462585034,15,GMM_AMDF,path_j0.15_o0.01,lofo,0.3478425120054532,0.0
studio_M1.wav,114.54745901661326,34.41016000201933,82,2.01243882240098,30.341515159164143,0.0,10.784651327188373,2.3525409833867457,8.010160002019333,71,23,2,23,0.7553191489361702,0.92,0.8376595744680851,0.7490933625706334,0.7899159663865546,9,GMM_AMDF,path_j0.15_o0.01,lofo,0.3495215137826417,0.0
phone_F1.wav,217.62702387826155,25.700626554784886,130,0.9401780511417251,24.76032308148002,12.162162162162161,12.62088776492797,2.0270238782615593,5.100626554784885,129,69,0,24,0.8431372549019608,1.0,0.9215686274509804,0.8833727344365643,0.8918918918918919,1,GMM_AMDF,path_j0.15_o0.03,train,,
phone_M1.wav,124.6462757861524,19.079686160025474,188,0.7649763833083252,13.569560476342104,18.96551724137931,11.100018033676578,0.9462757861523983,2.2796861600254736,186,60,2,58,0.7622950819672131,0.967741935483871,0.865018508725542,0.7638888888888888,0.803921568627451,0,GMM_AMDF,path_j0.15_o0.03,train,,
studio_F1.wav,233.87021078531419,47.3092304464634,123,1.8598479030114072,28.55769143060708,3.1496062992125986,11.189048544277028,4.270210785314191,10.509230446463405,108,23,1,15,0.8780487804878049,0.9583333333333334,0.9181910569105691,0.8364849833147943,0.891156462585034,14,GMM_AMDF,path_j0.15_o0.03,train,,
studio_M1.wav,111.87079128259262,24.454304718800532,79,4.302146037132066,7.370057883331311,3.658536585365854,5.110246835276411,5.029208717407386,1.945695281199466,71,23,2,23,0.7553191489361702,0.92,0.8376595744680851,0.7490933625706334,0.7899159663865546,6,GMM_AMDF,path_j0.15_o0.03,train,,
phone_F1.wav,217.62702387826155,25.700626554784886,130,0.9401780511417251,24.76032308148002,12.162162162162161,12.62088776492797,2.0270238782615593,5.100626554784885,129,69,0,24,0.8431372549019608,1.0,0.9215686274509804,0.8833727344365643,0.8918918918918919,1,GMM_AMDF,path_j0.15_o0.03,lofo,0.3508002832540056,0.0
phone_M1.wav,124.93354649155894,19.16847986209577,184,0.9972081580913014,14.098094417236712,20.689655172413794,11.928319249247268,1.2335464915589398,2.368479862095768,182,60,2,62,0.7459016393442623,0.967741935483871,0.8568217874140667,0.7513206013815522,0.7908496732026143,0,GMM_AMDF,path_j0.15_o0.03,lofo,0.3413394690556672,0.0
studio_F1.wav,235.06899021724612,48.95787427035409,124,2.3819643803336805,33.037701821614384,2.3622047244094486,12.593956975452505,5.46899021724613,12.157874270354093,108,23,1,15,0.8780487804878049,0.9583333333333334,0.9181910569105691,0.8364849833147943,0.891156462585034,15,GMM_AMDF,path_j0.15_o0.03,lofo,0.3478425120054532,0.0
studio_M1.wav,114.54745901661326,34.41016000201933,82,2.01243882240098,30.341515159164143,0.0,10.784651327188373,2.3525409833867457,8.010160002019333,71,23,2,23,0.7553191489361702,0.92,0.8376595744680851,0.7490933625706334,0.7899159663865546,9,GMM_AMDF,path_j0.15_o0.03,lofo,0.3495215137826417,0.0
phone_F1.wav,217.62702387826155,25.700626554784886,130,0.9401780511417251,24.76032308148002,12.162162162162161,12.62088776492797,2.0270238782615593,5.100626554784885,129,69,0,24,0.8431372549019608,1.0,0.9215686274509804,0.8833727344365643,0.8918918918918919,1,GMM_AMDF,path_j0.35_o0,train,,
phone_M1.wav,124.6462757861524,19.079686160025474,188,0.7649763833083252,13.569560476342104,18.96551724137931,11.100018033676578,0.9462757861523983,2.2796861600254736,186,60,2,58,0.7622950819672131,0.967741935483871,0.865018508725542,0.7638888888888888,0.803921568627451,0,GMM_AMDF,path_j0.35_o0,train,,
studio_F1.wav,233.9152498810539,46.59288267453627,123,1.8794642339085,26.61109422428335,3.1496062992125986,10.546721585801484,4.315249881053916,9.792882674536273,108,23,1,15,0.8780487804878049,0.9583333333333334,0.9181910569105691,0.8364849833147943,0.891156462585034,14,GMM_AMDF,path_j0.35_o0,train,,
studio_M1.wav,111.83254499892612,24.488329345175107,79,4.334863131799727,7.241176722821561,3.658536585365854,5.0781921466623805,5.067455001073881,1.911670654824892,71,23,2,23,0.7553191489361702,0.92,0.8376595744680851,0.7490933625706334,0.7899159663865546,6,GMM_AMDF,path_j0.35_o0,train,,
phone_F1.wav,217.62702387826155,25.700626554784886,130,0.9401780511417251,24.76032308148002,12.162162162162161,12.62088776492797,2.0270238782615593,5.100626554784885,129,69,0,24,0.8431372549019608,1.0,0.9215686274509804,0.8833727344365643,0.8918918918918919,1,GMM_AMDF,path_j0.35_o0,lofo,0.3508002832540056,0.0
phone_M1.wav,124.93354649155894,19.16847986209577,184,0.9972081580913014,14.098094417236712,20.689655172413794,11.928319249247268,1.2335464915589398,2.368479862095768,182,60,2,62,0.7459016393442623,0.967741935483871,0.8568217874140667,0.7513206013815522,0.7908496732026143,0,GMM_AMDF,path_j0.35_o0,lofo,0.3413394690556672,0.0
studio_F1.wav,235.11366609447182,48.27051127836508,124,2.4014225150138633,31.169867604252936,2.3622047244094486,11.97783161455875,5.51366609447183,11.47051127836508,108,23,1,15,0.8780487804878049,0.9583333333333334,0.9181910569105691,0.8364849833147943,0.891156462585034,15,GMM_AMDF,path_j0.35_o0,lofo,0.3478425120054532,0.0
studio_M1.wav,114.49860406262178,34.447580454987694,82,2.054230913069483,30.48325929919582,0.0,10.8458300707551,2.4013959373782257,8.047580454987695,71,23,2,23,0.7553191489361702,0.92,0.8376595744680851,0.7490933625706334,0.7899159663865546,9,GMM_AMDF,path_j0.35_o0,lofo,0.3495215137826417,0.0
phone_F1.wav,217.62702387826155,25.700626554784886,130,0.9401780511417251,24.76032308148002,12.162162162162161,12.62088776492797,2.0270238782615593,5.100626554784885,129,69,0,24,0.8431372549019608,1.0,0.9215686274509804,0.8833727344365643,0.8918918918918919,1,GMM_AMDF,path_j0.35_o0.01,train,,
phone_M1.wav,124.6462757861524,19.079686160025474,188,0.7649763833083252,13.569560476342104,18.96551724137931,11.100018033676578,0.9462757861523983,2.2796861600254736,186,60,2,58,0.7622950819672131,0.967741935483871,0.865018508725542,0.7638888888888888,0.803921568627451,0,GMM_AMDF,path_j0.35_o0.01,train,,
studio_F1.wav,233.9152498810539,46.59288267453627,123,1.8794642339085,26.61109422428335,3.1496062992125986,10.546721585801484,4.315249881053916,9.792882674536273,108,23,1,15,0.8780487804878049,0.9583333333333334,0.9181910569105691,0.8364849833147943,0.891156462585034,14,GMM_AMDF,path_j0.35_o0.01,train,,
studio_M1.wav,111.83254499892612,24.488329345175107,79,4.334863131799727,7.241176722821561,3.658536585365854,5.0781921466623805,5.067455001073881,1.911670654824892,71,23,2,23,0.7553191489361702,0.92,0.8376595744680851,0.7490933625706334,0.7899159663865546,6,GMM_AMDF,path_j0.35_o0.01,train,,
phone_F1.wav,217.62702387826155,25.700626554784886,130,0.9401780511417251,24.76032308148002,12.162162162162161,12.62088776492797,2.0270238782615593,5.100626554784885,129,69,0,24,0.8431372549019608,1.0,0.9215686274509804,0.8833727344365643,0.8918918918918919,1,GMM_AMDF,path_j0.35_o0.01,lofo,0.3508002832540056,0.0
phone_M1.wav,124.93354649155894,19.16847986209577,184,0.9972081580913014,14.098094417236712,20.689655172413794,11.928319249247268,1.2335464915589398,2.368479862095768,182,60,2,62,0.7459016393442623,0.967741935483871,0.8568217874140667,0.7513206013815522,0.7908496732026143,0,GMM_AMDF,path_j0.35_o0.01,lofo,0.3413394690556672,0.0
studio_F1.wav,235.11366609447182,48.27051127836508,124,2.4014225150138633,31.169867604252936,2.3622047244094486,11.97783161455875,5.51366609447183,11.47051127836508,108,23,1,15,0.8780487804878049,0.9583333333333334,0.9181910569105691,0.8364849833147943,0.891156462585034,15,GMM_AMDF,path_j0.35_o0.01,lofo,0.3478425120054532,0.0
studio_M1.wav,114.49860406262178,34.447580454987694,82,2.054230913069483,30.48325929919582,0.0,10.8458300707551,2.4013959373782257,8.047580454987695,71,23,2,23,0.7553191489361702,0.92,0.8376595744680851,0.7490933625706334,0.7899159663865546,9,GMM_AMDF,path_j0.35_o0.01,lofo,0.3495215137826417,0.0
phone_F1.wav,217.62702387826155,25.700626554784886,130,0.9401780511417251,24.76032308148002,12.162162162162161,12.62088776492797,2.0270238782615593,5.100626554784885,129,69,0,24,0.8431372549019608,1.0,0.9215686274509804,0.8833727344365643,0.8918918918918919,1,GMM_AMDF,path_j0.35_o0.03,train,,
phone_M1.wav,124.6462757861524,19.079686160025474,188,0.7649763833083252,13.569560476342104,18.96551724137931,11.100018033676578,0.9462757861523983,2.2796861600254736,186,60,2,58,0.7622950819672131,0.967741935483871,0.865018508725542,0.7638888888888888,0.803921568627451,0,GMM_AMDF,path_j0.35_o0.03,train,,
studio_F1.wav,234.0637656314381,46.9601556715625,123,1.9441487941803544,27.609118672724186,3.1496062992125986,10.900957922039046,4.463765631438093,10.1601556715625,108,23,1,15,0.8780487804878049,0.9583333333333334,0.9181910569105691,0.8364849833147943,0.891156462585034,14,GMM_AMDF,path_j0.35_o0.03,train,,
studio_M1.wav,111.83254499892612,24.488329345175107,79,4.334863131799727,7.241176722821561,3.658536585365854,5.0781921466623805,5.067455001073881,1.911670654824892,71,23,2,23,0.7553191489361702,0.92,0.8376595744680851,0.7490933625706334,0.7899159663865546,6,GMM_AMDF,path_j0.35_o0.03,train,,
phone_F1.wav,217.62702387826155,25.700626554784886,130,0.9401780511417251,24.76032308148002,12.162162162162161,12.62088776492797,2.0270238782615593,5.100626554784885,129,69,0,24,0.8431372549019608,1.0,0.9215686274509804,0.8833727344365643,0.8918918918918919,1,GMM_AMDF,path_j0.35_o0.03,lofo,0.3508002832540056,0.0
phone_M1.wav,124.93354649155894,19.16847986209577,184,0.9972081580913014,14.098094417236712,20.689655172413794,11.928319249247268,1.2335464915589398,2.368479862095768,182,60,2,62,0.7459016393442623,0.967741935483871,0.8568217874140667,0.7513206013815522,0.7908496732026143,0,GMM_AMDF,path_j0.35_o0.03,lofo,0.3413394690556672,0.0
studio_F1.wav,235.2609841371916,48.61863583905572,124,2.4655854256060996,32.1158582583036,2.3622047244094486,12.314549469439717,5.660984137191605,11.818635839055723,108,23,1,15,0.8780487804878049,0.9583333333333334,0.9181910569105691,0.8364849833147943,0.891156462585034,15,GMM_AMDF,path_j0.35_o0.03,lofo,0.3478425120054532,0.0
studio_M1.wav,114.49860406262178,34.447580454987694,82,2.054230913069483,30.48325929919582,0.0,10.8458300707551,2.4013959373782257,8.047580454987695,71,23,2,23,0.7553191489361702,0.92,0.8376595744680851,0.7490933625706334,0.7899159663865546,9,GMM_AMDF,path_j0.35_o0.03,lofo,0.3495215137826417,0.0
