model,file,time_s,label,boundary,pred_voiced,f0_hz,support
accepted,phone_F1.wav,0.0125,sil,False,False,,True
accepted,phone_F1.wav,0.0225,sil,False,False,,True
accepted,phone_F1.wav,0.0325,sil,False,False,,True
accepted,phone_F1.wav,0.0425,sil,False,False,,True
accepted,phone_F1.wav,0.0525,sil,False,False,,True
accepted,phone_F1.wav,0.0625,sil,False,False,,True
accepted,phone_F1.wav,0.0725,sil,False,False,,True
accepted,phone_F1.wav,0.0825,sil,False,False,,True
accepted,phone_F1.wav,0.0925,sil,False,False,,True
accepted,phone_F1.wav,0.1025,sil,False,False,,True
accepted,phone_F1.wav,0.1125,sil,False,False,,True
accepted,phone_F1.wav,0.1225,sil,False,False,,True
accepted,phone_F1.wav,0.1325,sil,False,False,,True
accepted,phone_F1.wav,0.1425,sil,False,False,,True
accepted,phone_F1.wav,0.1525,sil,False,False,,True
accepted,phone_F1.wav,0.1625,sil,False,False,,True
accepted,phone_F1.wav,0.1725,sil,False,False,,True
accepted,phone_F1.wav,0.1825,sil,False,False,,True
accepted,phone_F1.wav,0.1925,sil,False,False,,True
accepted,phone_F1.wav,0.2025,sil,False,False,,True
accepted,phone_F1.wav,0.2125,sil,False,False,,True
accepted,phone_F1.wav,0.2225,sil,False,False,,True
accepted,phone_F1.wav,0.2325,sil,False,False,,True
accepted,phone_F1.wav,0.2425,sil,False,False,,True
accepted,phone_F1.wav,0.2525,sil,False,False,,True
accepted,phone_F1.wav,0.2625,sil,False,False,,True
accepted,phone_F1.wav,0.2725,sil,False,False,,True
accepted,phone_F1.wav,0.2825,sil,False,False,,True
accepted,phone_F1.wav,0.2925,sil,False,False,,True
accepted,phone_F1.wav,0.3025,sil,False,False,,True
accepted,phone_F1.wav,0.3125,sil,False,False,,True
accepted,phone_F1.wav,0.3225,sil,False,False,,True
accepted,phone_F1.wav,0.3325,sil,False,False,,True
accepted,phone_F1.wav,0.3425,sil,False,False,,True
accepted,phone_F1.wav,0.3525,sil,False,False,,True
accepted,phone_F1.wav,0.3625,sil,False,False,,True
accepted,phone_F1.wav,0.3725,sil,False,False,,True
accepted,phone_F1.wav,0.3825,sil,False,False,,True
accepted,phone_F1.wav,0.3925,sil,False,False,,True
accepted,phone_F1.wav,0.4025,sil,False,False,,True
accepted,phone_F1.wav,0.4125,sil,False,False,,True
accepted,phone_F1.wav,0.4225,sil,False,False,,True
accepted,phone_F1.wav,0.4325,sil,False,False,,True
accepted,phone_F1.wav,0.4425,sil,False,False,,True
accepted,phone_F1.wav,0.4525,sil,False,False,,True
accepted,phone_F1.wav,0.4625,sil,False,False,,True
accepted,phone_F1.wav,0.4725,sil,False,False,,True
accepted,phone_F1.wav,0.4825,sil,False,False,,True
accepted,phone_F1.wav,0.4925,sil,False,False,,True
accepted,phone_F1.wav,0.5025,sil,False,False,,True
accepted,phone_F1.wav,0.5125,sil,False,False,,True
accepted,phone_F1.wav,0.5225,sil,True,False,,True
accepted,phone_F1.wav,0.5325,v,True,False,,True
accepted,phone_F1.wav,0.5425,v,True,False,,True
accepted,phone_F1.wav,0.5525,v,False,True,225.35175714780678,True
accepted,phone_F1.wav,0.5625,v,False,True,219.65414063926218,True
accepted,phone_F1.wav,0.5725,v,False,True,217.84945489031224,True
accepted,phone_F1.wav,0.5825,v,False,True,218.71357327773987,True
accepted,phone_F1.wav,0.5925,v,False,True,218.54330051302853,True
accepted,phone_F1.wav,0.6025,v,False,True,218.44070643777687,True
accepted,phone_F1.wav,0.6125,v,False,True,219.5968327487136,True
accepted,phone_F1.wav,0.6225,v,False,True,222.8930927944125,True
accepted,phone_F1.wav,0.6325,v,False,True,226.13067986949983,True
accepted,phone_F1.wav,0.6425,v,False,True,230.2002346589648,True
accepted,phone_F1.wav,0.6525,v,False,True,233.47273989462562,True
accepted,phone_F1.wav,0.6625,v,False,True,230.99075678877156,True
accepted,phone_F1.wav,0.6725,v,False,True,228.08219790523106,True
accepted,phone_F1.wav,0.6825,v,False,True,228.23728789329795,True
accepted,phone_F1.wav,0.6925,v,False,True,229.00588086387077,True
accepted,phone_F1.wav,0.7025,v,False,True,229.87711782381646,True
accepted,phone_F1.wav,0.7125,v,False,True,231.06061826971944,True
accepted,phone_F1.wav,0.7225,v,False,True,232.0514211377486,True
accepted,phone_F1.wav,0.7325,v,False,True,232.41513026131088,True
accepted,phone_F1.wav,0.7425,v,False,True,232.05239965082686,True
accepted,phone_F1.wav,0.7525,v,False,True,234.94738616073383,True
accepted,phone_F1.wav,0.7625,v,False,True,233.37866385711126,True
accepted,phone_F1.wav,0.7725,v,False,True,230.2035177968745,True
accepted,phone_F1.wav,0.7825,v,False,True,225.90102408702873,True
accepted,phone_F1.wav,0.7925,v,False,True,219.59523290246622,True
accepted,phone_F1.wav,0.8025,v,False,True,216.95491118969412,True
accepted,phone_F1.wav,0.8125,v,False,True,233.3578960803237,True
accepted,phone_F1.wav,0.8225,v,False,True,234.7105115400665,True
accepted,phone_F1.wav,0.8325,v,False,True,234.93361351432316,True
accepted,phone_F1.wav,0.8425,v,False,True,236.58436507829745,True
accepted,phone_F1.wav,0.8525,v,False,True,239.384148684034,True
accepted,phone_F1.wav,0.8625,v,False,True,241.40203820875735,True
accepted,phone_F1.wav,0.8725,v,False,True,242.1578517226044,True
accepted,phone_F1.wav,0.8825,v,False,True,245.13659214116623,True
accepted,phone_F1.wav,0.8925,v,False,True,249.36781497211325,True
accepted,phone_F1.wav,0.9025,v,False,True,249.66865297820829,True
accepted,phone_F1.wav,0.9125,v,False,True,249.23695815848905,True
accepted,phone_F1.wav,0.9225,v,False,True,245.72442734085635,True
accepted,phone_F1.wav,0.9325,v,False,True,243.8739854072617,True
accepted,phone_F1.wav,0.9425,v,False,True,242.24997454633095,True
accepted,phone_F1.wav,0.9525,v,False,True,240.33412373158012,True
accepted,phone_F1.wav,0.9625,v,False,True,236.7241301639358,True
accepted,phone_F1.wav,0.9725,v,False,True,228.19776549353452,True
accepted,phone_F1.wav,0.9825,v,False,True,218.75546537139596,True
accepted,phone_F1.wav,0.9925,v,False,True,232.62407460020242,True
accepted,phone_F1.wav,1.0025,v,False,True,234.2724182704409,True
accepted,phone_F1.wav,1.0125,v,False,True,235.82438929089318,True
accepted,phone_F1.wav,1.0225,v,False,True,236.7904459702599,True
accepted,phone_F1.wav,1.0325,v,False,True,226.93802581693458,True
accepted,phone_F1.wav,1.0425,v,False,True,225.82371951634917,True
accepted,phone_F1.wav,1.0525,v,False,True,226.4198800419224,True
accepted,phone_F1.wav,1.0625,v,False,True,227.58152896248646,True
accepted,phone_F1.wav,1.0725,v,False,True,235.03212042547037,True
accepted,phone_F1.wav,1.0825,v,False,True,237.2604804296442,True
accepted,phone_F1.wav,1.0925,v,False,True,243.6376195462232,True
accepted,phone_F1.wav,1.1025,v,False,True,246.72275844335567,True
accepted,phone_F1.wav,1.1125,v,False,True,245.25195628044187,True
accepted,phone_F1.wav,1.1225,v,False,True,243.61833364182854,True
accepted,phone_F1.wav,1.1325,v,True,True,238.3331228302837,True
accepted,phone_F1.wav,1.1425,uv,True,False,,True
accepted,phone_F1.wav,1.1525,uv,False,False,,True
accepted,phone_F1.wav,1.1625,uv,False,False,,True
accepted,phone_F1.wav,1.1725,uv,False,False,,True
accepted,phone_F1.wav,1.1825,uv,False,False,,True
accepted,phone_F1.wav,1.1925,uv,False,False,,True
accepted,phone_F1.wav,1.2025,uv,True,False,,True
accepted,phone_F1.wav,1.2125,v,True,False,,True
accepted,phone_F1.wav,1.2225,v,True,False,,True
accepted,phone_F1.wav,1.2325,v,False,True,191.3044093966414,True
accepted,phone_F1.wav,1.2425,v,False,True,186.88909504756586,True
accepted,phone_F1.wav,1.2525,v,False,True,184.31502924345136,True
accepted,phone_F1.wav,1.2625,v,False,True,179.96572535904426,True
accepted,phone_F1.wav,1.2725,v,False,True,179.47741605960016,True
accepted,phone_F1.wav,1.2825,v,False,True,182.63632247464145,True
accepted,phone_F1.wav,1.2925,v,False,True,183.8346712825712,True
accepted,phone_F1.wav,1.3025,v,False,True,183.26012007627122,True
accepted,phone_F1.wav,1.3125,v,False,True,182.30317734879938,True
accepted,phone_F1.wav,1.3225,v,False,True,181.2667815185352,True
accepted,phone_F1.wav,1.3325,v,False,True,179.7744346872555,True
accepted,phone_F1.wav,1.3425,v,True,True,177.1483729094511,True
accepted,phone_F1.wav,1.3525,uv,True,False,,True
accepted,phone_F1.wav,1.3625,uv,True,False,,True
accepted,phone_F1.wav,1.3725,uv,False,False,,True
accepted,phone_F1.wav,1.3825,uv,False,False,,True
accepted,phone_F1.wav,1.3925,uv,False,False,,True
accepted,phone_F1.wav,1.4025,uv,False,False,,True
accepted,phone_F1.wav,1.4125,uv,False,False,,True
accepted,phone_F1.wav,1.4225,uv,False,False,,True
accepted,phone_F1.wav,1.4325,uv,False,False,,True
accepted,phone_F1.wav,1.4425,uv,True,False,,True
accepted,phone_F1.wav,1.4525,v,True,False,,True
accepted,phone_F1.wav,1.4625,v,True,True,218.61376895107884,True
accepted,phone_F1.wav,1.4725,v,False,True,207.85722185746076,True
accepted,phone_F1.wav,1.4825,v,False,True,202.75103692689405,True
accepted,phone_F1.wav,1.4925,v,False,True,199.24159543821196,True
accepted,phone_F1.wav,1.5025,v,False,True,196.95799283010615,True
accepted,phone_F1.wav,1.5125,v,False,True,195.30035320523626,True
accepted,phone_F1.wav,1.5225,v,False,True,194.0768015435172,True
accepted,phone_F1.wav,1.5325,v,False,True,192.70655561272366,True
accepted,phone_F1.wav,1.5425,v,False,True,191.25310640473765,True
accepted,phone_F1.wav,1.5525,v,False,True,189.78441578590142,True
accepted,phone_F1.wav,1.5625,v,False,True,187.6615799573263,True
accepted,phone_F1.wav,1.5725,v,False,True,186.37011046477798,True
accepted,phone_F1.wav,1.5825,v,False,False,,True
accepted,phone_F1.wav,1.5925,v,True,False,,True
accepted,phone_F1.wav,1.6025,uv,True,False,,True
accepted,phone_F1.wav,1.6125,uv,True,False,,True
accepted,phone_F1.wav,1.6225,uv,False,False,,True
accepted,phone_F1.wav,1.6325,uv,False,False,,True
accepted,phone_F1.wav,1.6425,uv,False,True,71.47552132804293,True
accepted,phone_F1.wav,1.6525,uv,False,False,,True
accepted,phone_F1.wav,1.6625,uv,False,True,238.88346392980947,True
accepted,phone_F1.wav,1.6725,uv,False,False,,True
accepted,phone_F1.wav,1.6825,uv,False,False,,True
accepted,phone_F1.wav,1.6925,uv,False,False,,True
accepted,phone_F1.wav,1.7025,uv,False,False,,True
accepted,phone_F1.wav,1.7125,uv,False,False,,True
accepted,phone_F1.wav,1.7225,uv,False,False,,True
accepted,phone_F1.wav,1.7325,uv,False,False,,True
accepted,phone_F1.wav,1.7425,uv,False,False,,True
accepted,phone_F1.wav,1.7525,uv,False,False,,True
accepted,phone_F1.wav,1.7625,uv,False,False,,True
accepted,phone_F1.wav,1.7725,uv,False,False,,True
accepted,phone_F1.wav,1.7825,uv,False,False,,True
accepted,phone_F1.wav,1.7925,uv,False,False,,True
accepted,phone_F1.wav,1.8025,uv,False,False,,True
accepted,phone_F1.wav,1.8125,uv,False,False,,True
accepted,phone_F1.wav,1.8225,uv,True,False,,True
accepted,phone_F1.wav,1.8325,v,True,True,230.22515312737147,True
accepted,phone_F1.wav,1.8425,v,True,True,227.0470395709755,True
accepted,phone_F1.wav,1.8525,v,False,True,208.91098103570894,True
accepted,phone_F1.wav,1.8625,v,False,True,207.30931744069233,True
accepted,phone_F1.wav,1.8725,v,False,True,205.76604500300942,True
accepted,phone_F1.wav,1.8825,v,False,True,201.6413522334182,True
accepted,phone_F1.wav,1.8925,v,False,True,196.94257926854715,True
accepted,phone_F1.wav,1.9025,v,False,True,210.0128298488878,True
accepted,phone_F1.wav,1.9125,v,False,True,219.34637227424147,True
accepted,phone_F1.wav,1.9225,v,False,True,224.10710767059965,True
accepted,phone_F1.wav,1.9325,v,False,True,226.62931935480637,True
accepted,phone_F1.wav,1.9425,v,False,True,225.61945747010833,True
accepted,phone_F1.wav,1.9525,v,False,True,224.11167403403317,True
accepted,phone_F1.wav,1.9625,v,False,True,222.92452343504556,True
accepted,phone_F1.wav,1.9725,v,False,True,222.11176468027426,True
accepted,phone_F1.wav,1.9825,v,False,True,220.28594142625673,True
accepted,phone_F1.wav,1.9925,v,False,True,218.77051698885262,True
accepted,phone_F1.wav,2.0025,v,False,True,216.52294034545022,True
accepted,phone_F1.wav,2.0125,v,False,True,213.6628576925213,True
accepted,phone_F1.wav,2.0225,v,False,True,211.07602119078797,True
accepted,phone_F1.wav,2.0325,v,False,True,208.15043092011348,True
accepted,phone_F1.wav,2.0425,v,False,True,186.9444308028565,True
accepted,phone_F1.wav,2.0525,v,False,True,188.64900064644294,True
accepted,phone_F1.wav,2.0625,v,False,True,190.7217566687785,True
accepted,phone_F1.wav,2.0725,v,False,True,189.17328747194873,True
accepted,phone_F1.wav,2.0825,v,False,True,205.21264937512058,True
accepted,phone_F1.wav,2.0925,v,False,True,203.15422084184038,True
accepted,phone_F1.wav,2.1025,v,False,True,201.88801382263904,True
accepted,phone_F1.wav,2.1125,v,False,True,200.3788059709176,True
accepted,phone_F1.wav,2.1225,v,False,True,198.97416312713355,True
accepted,phone_F1.wav,2.1325,v,False,True,197.23870628559487,True
accepted,phone_F1.wav,2.1425,v,False,True,196.1443055901723,True
accepted,phone_F1.wav,2.1525,v,False,True,195.3185006445652,True
accepted,phone_F1.wav,2.1625,v,False,True,194.36112807734025,True
accepted,phone_F1.wav,2.1725,v,False,True,193.03327064070842,True
accepted,phone_F1.wav,2.1825,v,False,True,190.93534913371232,True
accepted,phone_F1.wav,2.1925,v,True,True,189.5687872908719,True
accepted,phone_F1.wav,2.2025,uv,True,False,,True
accepted,phone_F1.wav,2.2125,uv,True,False,,True
accepted,phone_F1.wav,2.2225,uv,False,False,,True
accepted,phone_F1.wav,2.2325,uv,False,False,,True
accepted,phone_F1.wav,2.2425,uv,False,False,,True
accepted,phone_F1.wav,2.2525,uv,False,False,,True
accepted,phone_F1.wav,2.2625,uv,False,False,,True
accepted,phone_F1.wav,2.2725,uv,True,False,,True
accepted,phone_F1.wav,2.2825,v,True,False,,True
accepted,phone_F1.wav,2.2925,v,False,True,234.7916227599041,True
accepted,phone_F1.wav,2.3025,v,False,True,235.04704909445437,True
accepted,phone_F1.wav,2.3125,v,False,True,236.36133060661058,True
accepted,phone_F1.wav,2.3225,v,False,True,239.54100126951417,True
accepted,phone_F1.wav,2.3325,v,False,True,241.76954036413974,True
accepted,phone_F1.wav,2.3425,v,True,True,241.62543971897813,True
accepted,phone_F1.wav,2.3525,uv,True,False,,True
accepted,phone_F1.wav,2.3625,uv,True,False,,True
accepted,phone_F1.wav,2.3725,uv,False,False,,True
accepted,phone_F1.wav,2.3825,uv,False,False,,True
accepted,phone_F1.wav,2.3925,uv,True,False,,True
accepted,phone_F1.wav,2.4025,v,True,False,,True
accepted,phone_F1.wav,2.4125,v,False,True,246.9769566452452,True
accepted,phone_F1.wav,2.4225,v,False,True,239.16060543154038,True
accepted,phone_F1.wav,2.4325,v,False,True,207.871763227503,True
accepted,phone_F1.wav,2.4425,v,False,True,200.61104820484542,True
accepted,phone_F1.wav,2.4525,v,False,True,192.28433221655172,True
accepted,phone_F1.wav,2.4625,v,False,False,,True
accepted,phone_F1.wav,2.4725,v,False,False,,True
accepted,phone_F1.wav,2.4825,v,False,True,191.41558788333498,True
accepted,phone_F1.wav,2.4925,v,False,True,193.30724922236283,True
accepted,phone_F1.wav,2.5025,v,False,False,,True
accepted,phone_F1.wav,2.5125,v,True,False,,True
accepted,phone_F1.wav,2.5225,uv,True,False,,True
accepted,phone_F1.wav,2.5325,uv,False,False,,True
accepted,phone_F1.wav,2.5425,uv,False,False,,True
accepted,phone_F1.wav,2.5525,uv,False,False,,True
accepted,phone_F1.wav,2.5625,uv,False,False,,True
accepted,phone_F1.wav,2.5725,uv,False,False,,True
accepted,phone_F1.wav,2.5825,uv,False,False,,True
accepted,phone_F1.wav,2.5925,uv,False,False,,True
accepted,phone_F1.wav,2.6025,uv,False,False,,True
accepted,phone_F1.wav,2.6125,uv,False,False,,True
accepted,phone_F1.wav,2.6225,uv,False,False,,True
accepted,phone_F1.wav,2.6325,uv,False,False,,True
accepted,phone_F1.wav,2.6425,uv,False,False,,True
accepted,phone_F1.wav,2.6525,uv,True,False,,True
accepted,phone_F1.wav,2.6625,v,True,False,,True
accepted,phone_F1.wav,2.6725,v,True,True,201.09843001428723,True
accepted,phone_F1.wav,2.6825,v,False,True,198.12018670798963,True
accepted,phone_F1.wav,2.6925,v,False,True,195.6188726977798,True
accepted,phone_F1.wav,2.7025,v,False,True,193.3158227042218,True
accepted,phone_F1.wav,2.7125,v,False,True,190.391779339708,True
accepted,phone_F1.wav,2.7225,v,True,True,187.2123761110125,True
accepted,phone_F1.wav,2.7325,uv,True,True,183.41436865737492,True
accepted,phone_F1.wav,2.7425,uv,True,False,,True
accepted,phone_F1.wav,2.7525,sil,True,False,,True
accepted,phone_F1.wav,2.7625,sil,False,False,,True
accepted,phone_F1.wav,2.7725,sil,False,False,,True
accepted,phone_F1.wav,2.7825,sil,False,False,,True
accepted,phone_F1.wav,2.7925,sil,False,False,,True
accepted,phone_F1.wav,2.8025,sil,False,False,,True
accepted,phone_F1.wav,2.8125,sil,False,False,,True
accepted,phone_F1.wav,2.8225,sil,False,False,,True
accepted,phone_F1.wav,2.8325,sil,False,False,,True
accepted,phone_F1.wav,2.8425,sil,False,False,,True
accepted,phone_F1.wav,2.8525,sil,False,False,,True
accepted,phone_F1.wav,2.8625,sil,False,False,,True
accepted,phone_F1.wav,2.8725,sil,False,False,,True
accepted,phone_F1.wav,2.8825,sil,False,False,,True
accepted,phone_F1.wav,2.8925,sil,False,False,,True
accepted,phone_F1.wav,2.9025,sil,False,False,,True
accepted,phone_F1.wav,2.9125,sil,False,False,,True
accepted,phone_F1.wav,2.9225,sil,False,False,,True
accepted,phone_F1.wav,2.9325,sil,False,False,,True
accepted,phone_F1.wav,2.9425,sil,False,False,,True
accepted,phone_F1.wav,2.9525,sil,False,False,,True
accepted,phone_F1.wav,2.9625,sil,False,False,,True
accepted,phone_F1.wav,2.9725,sil,False,False,,True
accepted,phone_F1.wav,2.9825,sil,False,False,,True
accepted,phone_F1.wav,2.9925,sil,False,False,,True
accepted,phone_F1.wav,3.0025,sil,False,False,,True
accepted,phone_F1.wav,3.0125,sil,False,False,,True
accepted,phone_F1.wav,3.0225,sil,False,False,,True
accepted,phone_F1.wav,3.0325,sil,False,False,,True
accepted,phone_F1.wav,3.0425,sil,False,False,,True
accepted,phone_F1.wav,3.0525,sil,False,False,,True
accepted,phone_F1.wav,3.0625,sil,False,False,,True
accepted,phone_F1.wav,3.0725,sil,False,False,,True
accepted,phone_F1.wav,3.0825,sil,False,False,,True
accepted,phone_F1.wav,3.0925,sil,False,False,,True
accepted,phone_F1.wav,3.1025,sil,False,False,,True
accepted,phone_F1.wav,3.1125,sil,False,False,,True
accepted,phone_F1.wav,3.1225,sil,False,False,,True
accepted,phone_F1.wav,3.1325,sil,False,False,,True
accepted,phone_F1.wav,3.1425,sil,False,False,,True
accepted,phone_F1.wav,3.1525,sil,False,False,,True
accepted,phone_F1.wav,3.1625,sil,False,False,,True
accepted,phone_F1.wav,3.1725,sil,False,True,393.7589810519713,True
accepted,phone_F1.wav,3.1825,sil,False,False,,True
accepted,phone_F1.wav,3.1925,sil,False,False,,True
accepted,phone_F1.wav,3.2025,sil,False,False,,True
accepted,phone_F1.wav,3.2125,sil,False,False,,True
accepted,phone_F1.wav,3.2225,sil,True,False,,True
candidate,phone_F1.wav,0.0125,sil,False,False,,True
candidate,phone_F1.wav,0.0225,sil,False,False,,True
candidate,phone_F1.wav,0.0325,sil,False,False,,True
candidate,phone_F1.wav,0.0425,sil,False,False,,True
candidate,phone_F1.wav,0.0525,sil,False,False,,True
candidate,phone_F1.wav,0.0625,sil,False,False,,True
candidate,phone_F1.wav,0.0725,sil,False,False,,True
candidate,phone_F1.wav,0.0825,sil,False,False,,True
candidate,phone_F1.wav,0.0925,sil,False,False,,True
candidate,phone_F1.wav,0.1025,sil,False,False,,True
candidate,phone_F1.wav,0.1125,sil,False,False,,True
candidate,phone_F1.wav,0.1225,sil,False,False,,True
candidate,phone_F1.wav,0.1325,sil,False,False,,True
candidate,phone_F1.wav,0.1425,sil,False,False,,True
candidate,phone_F1.wav,0.1525,sil,False,False,,True
candidate,phone_F1.wav,0.1625,sil,False,False,,True
candidate,phone_F1.wav,0.1725,sil,False,False,,True
candidate,phone_F1.wav,0.1825,sil,False,False,,True
candidate,phone_F1.wav,0.1925,sil,False,False,,True
candidate,phone_F1.wav,0.2025,sil,False,False,,True
candidate,phone_F1.wav,0.2125,sil,False,False,,True
candidate,phone_F1.wav,0.2225,sil,False,False,,True
candidate,phone_F1.wav,0.2325,sil,False,False,,True
candidate,phone_F1.wav,0.2425,sil,False,False,,True
candidate,phone_F1.wav,0.2525,sil,False,False,,True
candidate,phone_F1.wav,0.2625,sil,False,False,,True
candidate,phone_F1.wav,0.2725,sil,False,False,,True
candidate,phone_F1.wav,0.2825,sil,False,False,,True
candidate,phone_F1.wav,0.2925,sil,False,False,,True
candidate,phone_F1.wav,0.3025,sil,False,False,,True
candidate,phone_F1.wav,0.3125,sil,False,False,,True
candidate,phone_F1.wav,0.3225,sil,False,False,,True
candidate,phone_F1.wav,0.3325,sil,False,False,,True
candidate,phone_F1.wav,0.3425,sil,False,False,,True
candidate,phone_F1.wav,0.3525,sil,False,False,,True
candidate,phone_F1.wav,0.3625,sil,False,False,,True
candidate,phone_F1.wav,0.3725,sil,False,False,,True
candidate,phone_F1.wav,0.3825,sil,False,False,,True
candidate,phone_F1.wav,0.3925,sil,False,False,,True
candidate,phone_F1.wav,0.4025,sil,False,False,,True
candidate,phone_F1.wav,0.4125,sil,False,False,,True
candidate,phone_F1.wav,0.4225,sil,False,False,,True
candidate,phone_F1.wav,0.4325,sil,False,False,,True
candidate,phone_F1.wav,0.4425,sil,False,False,,True
candidate,phone_F1.wav,0.4525,sil,False,False,,True
candidate,phone_F1.wav,0.4625,sil,False,False,,True
candidate,phone_F1.wav,0.4725,sil,False,False,,True
candidate,phone_F1.wav,0.4825,sil,False,False,,True
candidate,phone_F1.wav,0.4925,sil,False,False,,True
candidate,phone_F1.wav,0.5025,sil,False,False,,True
candidate,phone_F1.wav,0.5125,sil,False,False,,True
candidate,phone_F1.wav,0.5225,sil,True,False,,True
candidate,phone_F1.wav,0.5325,v,True,False,,True
candidate,phone_F1.wav,0.5425,v,True,False,,True
candidate,phone_F1.wav,0.5525,v,False,True,220.51480787191707,True
candidate,phone_F1.wav,0.5625,v,False,True,218.80146902233932,True
candidate,phone_F1.wav,0.5725,v,False,True,218.87250756686325,True
candidate,phone_F1.wav,0.5825,v,False,True,218.2295887003484,True
candidate,phone_F1.wav,0.5925,v,False,True,218.77329213723996,True
candidate,phone_F1.wav,0.6025,v,False,True,218.76466718430092,True
candidate,phone_F1.wav,0.6125,v,False,True,220.64441342772048,True
candidate,phone_F1.wav,0.6225,v,False,True,223.57328555303727,True
candidate,phone_F1.wav,0.6325,v,False,True,227.81922338806334,True
candidate,phone_F1.wav,0.6425,v,False,True,231.58642335591466,True
candidate,phone_F1.wav,0.6525,v,False,True,231.57388036136527,True
candidate,phone_F1.wav,0.6625,v,False,True,230.1431800688895,True
candidate,phone_F1.wav,0.6725,v,False,True,229.20986805458168,True
candidate,phone_F1.wav,0.6825,v,False,True,228.41161957057716,True
candidate,phone_F1.wav,0.6925,v,False,True,229.0083546282656,True
candidate,phone_F1.wav,0.7025,v,False,True,230.00882476837486,True
candidate,phone_F1.wav,0.7125,v,False,True,231.2047248793493,True
candidate,phone_F1.wav,0.7225,v,False,True,231.80372557419835,True
candidate,phone_F1.wav,0.7325,v,False,True,232.06930208360853,True
candidate,phone_F1.wav,0.7425,v,False,True,232.85870750310914,True
candidate,phone_F1.wav,0.7525,v,False,True,232.6012535097546,True
candidate,phone_F1.wav,0.7625,v,False,True,232.189097053987,True
candidate,phone_F1.wav,0.7725,v,False,True,230.66287593424005,True
candidate,phone_F1.wav,0.7825,v,False,True,227.5453949448038,True
candidate,phone_F1.wav,0.7925,v,False,True,222.4700071715943,True
candidate,phone_F1.wav,0.8025,v,False,True,225.35571340739943,True
candidate,phone_F1.wav,0.8125,v,False,True,234.3712907595821,True
candidate,phone_F1.wav,0.8225,v,False,True,234.68515842423426,True
candidate,phone_F1.wav,0.8325,v,False,True,235.41355264881773,True
candidate,phone_F1.wav,0.8425,v,False,True,236.5791096713762,True
candidate,phone_F1.wav,0.8525,v,False,True,238.8822245856785,True
candidate,phone_F1.wav,0.8625,v,False,True,240.56430605523983,True
candidate,phone_F1.wav,0.8725,v,False,True,242.00559572803337,True
candidate,phone_F1.wav,0.8825,v,False,True,243.8632781848076,True
candidate,phone_F1.wav,0.8925,v,False,True,248.94519813494384,True
candidate,phone_F1.wav,0.9025,v,False,True,249.43143094080483,True
candidate,phone_F1.wav,0.9125,v,False,True,249.18838033347015,True
candidate,phone_F1.wav,0.9225,v,False,True,247.7606008926035,True
candidate,phone_F1.wav,0.9325,v,False,True,243.3284183465387,True
candidate,phone_F1.wav,0.9425,v,False,True,241.80773573212932,True
candidate,phone_F1.wav,0.9525,v,False,True,240.55281751968042,True
candidate,phone_F1.wav,0.9625,v,False,True,238.47374622690364,True
candidate,phone_F1.wav,0.9725,v,False,True,233.68587012858578,True
candidate,phone_F1.wav,0.9825,v,False,True,221.2606681674097,True
candidate,phone_F1.wav,0.9925,v,False,True,233.49420586345585,True
candidate,phone_F1.wav,1.0025,v,False,True,234.57793930305996,True
candidate,phone_F1.wav,1.0125,v,False,True,235.29532490702175,True
candidate,phone_F1.wav,1.0225,v,False,True,232.46076789071805,True
candidate,phone_F1.wav,1.0325,v,False,True,228.27013675083754,True
candidate,phone_F1.wav,1.0425,v,False,True,226.48958854146554,True
candidate,phone_F1.wav,1.0525,v,False,True,226.11735929348794,True
candidate,phone_F1.wav,1.0625,v,False,True,227.46629920865303,True
candidate,phone_F1.wav,1.0725,v,False,True,234.64618719028115,True
candidate,phone_F1.wav,1.0825,v,False,True,238.843937510355,True
candidate,phone_F1.wav,1.0925,v,False,True,242.96260096214328,True
candidate,phone_F1.wav,1.1025,v,False,True,245.22069434690275,True
candidate,phone_F1.wav,1.1125,v,False,True,245.65003147135207,True
candidate,phone_F1.wav,1.1225,v,False,True,244.28202748252792,True
candidate,phone_F1.wav,1.1325,v,True,True,243.9336265059919,True
candidate,phone_F1.wav,1.1425,uv,True,False,,True
candidate,phone_F1.wav,1.1525,uv,False,False,,True
candidate,phone_F1.wav,1.1625,uv,False,False,,True
candidate,phone_F1.wav,1.1725,uv,False,False,,True
candidate,phone_F1.wav,1.1825,uv,False,False,,True
candidate,phone_F1.wav,1.1925,uv,False,False,,True
candidate,phone_F1.wav,1.2025,uv,True,False,,True
candidate,phone_F1.wav,1.2125,v,True,False,,True
candidate,phone_F1.wav,1.2225,v,True,False,,True
candidate,phone_F1.wav,1.2325,v,False,True,188.60335099630586,True
candidate,phone_F1.wav,1.2425,v,False,True,186.61866643408328,True
candidate,phone_F1.wav,1.2525,v,False,True,184.25329149465267,True
candidate,phone_F1.wav,1.2625,v,False,True,181.58123618549067,True
candidate,phone_F1.wav,1.2725,v,False,True,180.40214939102157,True
candidate,phone_F1.wav,1.2825,v,False,True,180.3872676279215,True
candidate,phone_F1.wav,1.2925,v,False,True,182.98974119167275,True
candidate,phone_F1.wav,1.3025,v,False,True,182.27839341723774,True
candidate,phone_F1.wav,1.3125,v,False,True,182.06489669118463,True
candidate,phone_F1.wav,1.3225,v,False,True,181.12987006090214,True
candidate,phone_F1.wav,1.3325,v,False,True,180.52430960086022,True
candidate,phone_F1.wav,1.3425,v,True,True,180.27122886155317,True
candidate,phone_F1.wav,1.3525,uv,True,False,,True
candidate,phone_F1.wav,1.3625,uv,True,False,,True
candidate,phone_F1.wav,1.3725,uv,False,False,,True
candidate,phone_F1.wav,1.3825,uv,False,False,,True
candidate,phone_F1.wav,1.3925,uv,False,False,,True
candidate,phone_F1.wav,1.4025,uv,False,False,,True
candidate,phone_F1.wav,1.4125,uv,False,False,,True
candidate,phone_F1.wav,1.4225,uv,False,False,,True
candidate,phone_F1.wav,1.4325,uv,False,False,,True
candidate,phone_F1.wav,1.4425,uv,True,False,,True
candidate,phone_F1.wav,1.4525,v,True,False,,True
candidate,phone_F1.wav,1.4625,v,True,True,209.78013804866396,True
candidate,phone_F1.wav,1.4725,v,False,True,204.84848803806452,True
candidate,phone_F1.wav,1.4825,v,False,True,201.1776101524928,True
candidate,phone_F1.wav,1.4925,v,False,True,198.97261172993592,True
candidate,phone_F1.wav,1.5025,v,False,True,196.8600519844517,True
candidate,phone_F1.wav,1.5125,v,False,True,195.28526929878342,True
candidate,phone_F1.wav,1.5225,v,False,True,194.00468608889202,True
candidate,phone_F1.wav,1.5325,v,False,True,192.70010220344517,True
candidate,phone_F1.wav,1.5425,v,False,True,191.35201931176135,True
candidate,phone_F1.wav,1.5525,v,False,True,189.73545234591634,True
candidate,phone_F1.wav,1.5625,v,False,True,188.25989167264038,True
candidate,phone_F1.wav,1.5725,v,False,True,187.35214454768592,True
candidate,phone_F1.wav,1.5825,v,False,False,,True
candidate,phone_F1.wav,1.5925,v,True,False,,True
candidate,phone_F1.wav,1.6025,uv,True,False,,True
candidate,phone_F1.wav,1.6125,uv,True,False,,True
candidate,phone_F1.wav,1.6225,uv,False,False,,True
candidate,phone_F1.wav,1.6325,uv,False,False,,True
candidate,phone_F1.wav,1.6425,uv,False,True,242.63610663778576,True
candidate,phone_F1.wav,1.6525,uv,False,False,,True
candidate,phone_F1.wav,1.6625,uv,False,True,239.39886258810304,True
candidate,phone_F1.wav,1.6725,uv,False,False,,True
candidate,phone_F1.wav,1.6825,uv,False,False,,True
candidate,phone_F1.wav,1.6925,uv,False,False,,True
candidate,phone_F1.wav,1.7025,uv,False,False,,True
candidate,phone_F1.wav,1.7125,uv,False,False,,True
candidate,phone_F1.wav,1.7225,uv,False,False,,True
candidate,phone_F1.wav,1.7325,uv,False,False,,True
candidate,phone_F1.wav,1.7425,uv,False,False,,True
candidate,phone_F1.wav,1.7525,uv,False,False,,True
candidate,phone_F1.wav,1.7625,uv,False,False,,True
candidate,phone_F1.wav,1.7725,uv,False,False,,True
candidate,phone_F1.wav,1.7825,uv,False,False,,True
candidate,phone_F1.wav,1.7925,uv,False,False,,True
candidate,phone_F1.wav,1.8025,uv,False,False,,True
candidate,phone_F1.wav,1.8125,uv,False,False,,True
candidate,phone_F1.wav,1.8225,uv,True,False,,True
candidate,phone_F1.wav,1.8325,v,True,True,227.9601427080795,True
candidate,phone_F1.wav,1.8425,v,True,True,224.5287277813105,True
candidate,phone_F1.wav,1.8525,v,False,True,223.51119300363237,True
candidate,phone_F1.wav,1.8625,v,False,True,204.54677863794618,True
candidate,phone_F1.wav,1.8725,v,False,True,203.90766593333282,True
candidate,phone_F1.wav,1.8825,v,False,True,202.53499392112695,True
candidate,phone_F1.wav,1.8925,v,False,True,204.42372935588563,True
candidate,phone_F1.wav,1.9025,v,False,True,205.4033688279072,True
candidate,phone_F1.wav,1.9125,v,False,True,223.07285609068532,True
candidate,phone_F1.wav,1.9225,v,False,True,227.02987549149435,True
candidate,phone_F1.wav,1.9325,v,False,True,225.73321686631724,True
candidate,phone_F1.wav,1.9425,v,False,True,225.08418756663795,True
candidate,phone_F1.wav,1.9525,v,False,True,224.15042725876816,True
candidate,phone_F1.wav,1.9625,v,False,True,222.83428404752166,True
candidate,phone_F1.wav,1.9725,v,False,True,222.063385733148,True
candidate,phone_F1.wav,1.9825,v,False,True,220.75508450284855,True
candidate,phone_F1.wav,1.9925,v,False,True,218.90588004996252,True
candidate,phone_F1.wav,2.0025,v,False,True,216.7328624935338,True
candidate,phone_F1.wav,2.0125,v,False,True,215.03883993426157,True
candidate,phone_F1.wav,2.0225,v,False,True,212.745708192858,True
candidate,phone_F1.wav,2.0325,v,False,True,210.5072892754548,True
candidate,phone_F1.wav,2.0425,v,False,True,196.20789448411264,True
candidate,phone_F1.wav,2.0525,v,False,True,189.80146217197304,True
candidate,phone_F1.wav,2.0625,v,False,True,189.13395708687736,True
candidate,phone_F1.wav,2.0725,v,False,True,196.06357636966914,True
candidate,phone_F1.wav,2.0825,v,False,True,203.15581170304785,True
candidate,phone_F1.wav,2.0925,v,False,True,202.56780893749684,True
candidate,phone_F1.wav,2.1025,v,False,True,201.4403572645168,True
candidate,phone_F1.wav,2.1125,v,False,True,200.46476258534526,True
candidate,phone_F1.wav,2.1225,v,False,True,199.16774805396312,True
candidate,phone_F1.wav,2.1325,v,False,True,197.6066880361518,True
candidate,phone_F1.wav,2.1425,v,False,True,196.297598810904,True
candidate,phone_F1.wav,2.1525,v,False,True,195.24886255193468,True
candidate,phone_F1.wav,2.1625,v,False,True,194.32196025086031,True
candidate,phone_F1.wav,2.1725,v,False,True,193.1656068706132,True
candidate,phone_F1.wav,2.1825,v,False,True,192.4763066452498,True
candidate,phone_F1.wav,2.1925,v,True,True,190.6638259229163,True
candidate,phone_F1.wav,2.2025,uv,True,False,,True
candidate,phone_F1.wav,2.2125,uv,True,False,,True
candidate,phone_F1.wav,2.2225,uv,False,False,,True
candidate,phone_F1.wav,2.2325,uv,False,False,,True
candidate,phone_F1.wav,2.2425,uv,False,False,,True
candidate,phone_F1.wav,2.2525,uv,False,False,,True
candidate,phone_F1.wav,2.2625,uv,False,False,,True
candidate,phone_F1.wav,2.2725,uv,True,False,,True
candidate,phone_F1.wav,2.2825,v,True,False,,True
candidate,phone_F1.wav,2.2925,v,False,True,234.6873116035105,True
candidate,phone_F1.wav,2.3025,v,False,True,235.5499424609096,True
candidate,phone_F1.wav,2.3125,v,False,True,237.05637800168068,True
candidate,phone_F1.wav,2.3225,v,False,True,238.6826663857461,True
candidate,phone_F1.wav,2.3325,v,False,True,240.30617982217638,True
candidate,phone_F1.wav,2.3425,v,True,True,241.87585204605142,True
candidate,phone_F1.wav,2.3525,uv,True,False,,True
candidate,phone_F1.wav,2.3625,uv,True,False,,True
candidate,phone_F1.wav,2.3725,uv,False,False,,True
candidate,phone_F1.wav,2.3825,uv,False,False,,True
candidate,phone_F1.wav,2.3925,uv,True,False,,True
candidate,phone_F1.wav,2.4025,v,True,False,,True
candidate,phone_F1.wav,2.4125,v,False,True,241.8176531238973,True
candidate,phone_F1.wav,2.4225,v,False,True,236.35617266779332,True
candidate,phone_F1.wav,2.4325,v,False,True,227.7741521104968,True
candidate,phone_F1.wav,2.4425,v,False,True,204.61707301656486,True
candidate,phone_F1.wav,2.4525,v,False,True,193.89978430513727,True
candidate,phone_F1.wav,2.4625,v,False,False,,True
candidate,phone_F1.wav,2.4725,v,False,False,,True
candidate,phone_F1.wav,2.4825,v,False,True,191.69851848699562,True
candidate,phone_F1.wav,2.4925,v,False,True,191.4095734923669,True
candidate,phone_F1.wav,2.5025,v,False,False,,True
candidate,phone_F1.wav,2.5125,v,True,False,,True
candidate,phone_F1.wav,2.5225,uv,True,False,,True
candidate,phone_F1.wav,2.5325,uv,False,False,,True
candidate,phone_F1.wav,2.5425,uv,False,False,,True
candidate,phone_F1.wav,2.5525,uv,False,False,,True
candidate,phone_F1.wav,2.5625,uv,False,False,,True
candidate,phone_F1.wav,2.5725,uv,False,False,,True
candidate,phone_F1.wav,2.5825,uv,False,False,,True
candidate,phone_F1.wav,2.5925,uv,False,False,,True
candidate,phone_F1.wav,2.6025,uv,False,False,,True
candidate,phone_F1.wav,2.6125,uv,False,False,,True
candidate,phone_F1.wav,2.6225,uv,False,False,,True
candidate,phone_F1.wav,2.6325,uv,False,False,,True
candidate,phone_F1.wav,2.6425,uv,False,False,,True
candidate,phone_F1.wav,2.6525,uv,True,False,,True
candidate,phone_F1.wav,2.6625,v,True,False,,True
candidate,phone_F1.wav,2.6725,v,True,True,199.6816365056432,True
candidate,phone_F1.wav,2.6825,v,False,True,197.65836082630696,True
candidate,phone_F1.wav,2.6925,v,False,True,195.785375675381,True
candidate,phone_F1.wav,2.7025,v,False,True,193.73877148941247,True
candidate,phone_F1.wav,2.7125,v,False,True,191.63240264051007,True
candidate,phone_F1.wav,2.7225,v,True,True,189.535940475888,True
candidate,phone_F1.wav,2.7325,uv,True,True,185.91081648400643,True
candidate,phone_F1.wav,2.7425,uv,True,False,,True
candidate,phone_F1.wav,2.7525,sil,True,False,,True
candidate,phone_F1.wav,2.7625,sil,False,False,,True
candidate,phone_F1.wav,2.7725,sil,False,False,,True
candidate,phone_F1.wav,2.7825,sil,False,False,,True
candidate,phone_F1.wav,2.7925,sil,False,False,,True
candidate,phone_F1.wav,2.8025,sil,False,False,,True
candidate,phone_F1.wav,2.8125,sil,False,False,,True
candidate,phone_F1.wav,2.8225,sil,False,False,,True
candidate,phone_F1.wav,2.8325,sil,False,False,,True
candidate,phone_F1.wav,2.8425,sil,False,False,,True
candidate,phone_F1.wav,2.8525,sil,False,False,,True
candidate,phone_F1.wav,2.8625,sil,False,False,,True
candidate,phone_F1.wav,2.8725,sil,False,False,,True
candidate,phone_F1.wav,2.8825,sil,False,False,,True
candidate,phone_F1.wav,2.8925,sil,False,False,,True
candidate,phone_F1.wav,2.9025,sil,False,False,,True
candidate,phone_F1.wav,2.9125,sil,False,False,,True
candidate,phone_F1.wav,2.9225,sil,False,False,,True
candidate,phone_F1.wav,2.9325,sil,False,False,,True
candidate,phone_F1.wav,2.9425,sil,False,False,,True
candidate,phone_F1.wav,2.9525,sil,False,False,,True
candidate,phone_F1.wav,2.9625,sil,False,False,,True
candidate,phone_F1.wav,2.9725,sil,False,False,,True
candidate,phone_F1.wav,2.9825,sil,False,False,,True
candidate,phone_F1.wav,2.9925,sil,False,False,,True
candidate,phone_F1.wav,3.0025,sil,False,False,,True
candidate,phone_F1.wav,3.0125,sil,False,False,,True
candidate,phone_F1.wav,3.0225,sil,False,False,,True
candidate,phone_F1.wav,3.0325,sil,False,False,,True
candidate,phone_F1.wav,3.0425,sil,False,False,,True
candidate,phone_F1.wav,3.0525,sil,False,False,,True
candidate,phone_F1.wav,3.0625,sil,False,False,,True
candidate,phone_F1.wav,3.0725,sil,False,False,,True
candidate,phone_F1.wav,3.0825,sil,False,False,,True
candidate,phone_F1.wav,3.0925,sil,False,False,,True
candidate,phone_F1.wav,3.1025,sil,False,False,,True
candidate,phone_F1.wav,3.1125,sil,False,False,,True
candidate,phone_F1.wav,3.1225,sil,False,False,,True
candidate,phone_F1.wav,3.1325,sil,False,False,,True
candidate,phone_F1.wav,3.1425,sil,False,False,,True
candidate,phone_F1.wav,3.1525,sil,False,False,,True
candidate,phone_F1.wav,3.1625,sil,False,False,,True
candidate,phone_F1.wav,3.1725,sil,False,True,393.8492526804799,True
candidate,phone_F1.wav,3.1825,sil,False,False,,True
candidate,phone_F1.wav,3.1925,sil,False,False,,True
candidate,phone_F1.wav,3.2025,sil,False,False,,True
candidate,phone_F1.wav,3.2125,sil,False,False,,True
candidate,phone_F1.wav,3.2225,sil,True,False,,True
accepted,phone_M1.wav,0.0125,sil,False,False,,True
accepted,phone_M1.wav,0.0225,sil,False,False,,True
accepted,phone_M1.wav,0.0325,sil,False,False,,True
accepted,phone_M1.wav,0.0425,sil,False,False,,True
accepted,phone_M1.wav,0.0525,sil,False,False,,True
accepted,phone_M1.wav,0.0625,sil,False,False,,True
accepted,phone_M1.wav,0.0725,sil,False,False,,True
accepted,phone_M1.wav,0.0825,sil,False,False,,True
accepted,phone_M1.wav,0.0925,sil,False,False,,True
accepted,phone_M1.wav,0.1025,sil,False,False,,True
accepted,phone_M1.wav,0.1125,sil,False,False,,True
accepted,phone_M1.wav,0.1225,sil,False,False,,True
accepted,phone_M1.wav,0.1325,sil,False,False,,True
accepted,phone_M1.wav,0.1425,sil,False,False,,True
accepted,phone_M1.wav,0.1525,sil,False,False,,True
accepted,phone_M1.wav,0.1625,sil,False,False,,True
accepted,phone_M1.wav,0.1725,sil,False,False,,True
accepted,phone_M1.wav,0.1825,sil,False,False,,True
accepted,phone_M1.wav,0.1925,sil,False,False,,True
accepted,phone_M1.wav,0.2025,sil,False,False,,True
accepted,phone_M1.wav,0.2125,sil,False,False,,True
accepted,phone_M1.wav,0.2225,sil,False,False,,True
accepted,phone_M1.wav,0.2325,sil,False,False,,True
accepted,phone_M1.wav,0.2425,sil,False,False,,True
accepted,phone_M1.wav,0.2525,sil,False,False,,True
accepted,phone_M1.wav,0.2625,sil,False,False,,True
accepted,phone_M1.wav,0.2725,sil,False,False,,True
accepted,phone_M1.wav,0.2825,sil,False,False,,True
accepted,phone_M1.wav,0.2925,sil,False,False,,True
accepted,phone_M1.wav,0.3025,sil,False,False,,True
accepted,phone_M1.wav,0.3125,sil,False,False,,True
accepted,phone_M1.wav,0.3225,sil,False,False,,True
accepted,phone_M1.wav,0.3325,sil,False,False,,True
accepted,phone_M1.wav,0.3425,sil,False,False,,True
accepted,phone_M1.wav,0.3525,sil,False,False,,True
accepted,phone_M1.wav,0.3625,sil,False,False,,True
accepted,phone_M1.wav,0.3725,sil,False,False,,True
accepted,phone_M1.wav,0.3825,sil,False,False,,True
accepted,phone_M1.wav,0.3925,sil,False,False,,True
accepted,phone_M1.wav,0.4025,sil,False,False,,True
accepted,phone_M1.wav,0.4125,sil,False,False,,True
accepted,phone_M1.wav,0.4225,sil,False,False,,True
accepted,phone_M1.wav,0.4325,sil,False,False,,True
accepted,phone_M1.wav,0.4425,sil,False,False,,True
accepted,phone_M1.wav,0.4525,sil,True,False,,True
accepted,phone_M1.wav,0.4625,v,True,False,,True
accepted,phone_M1.wav,0.4725,v,True,False,,True
accepted,phone_M1.wav,0.4825,v,False,True,137.3051075420904,True
accepted,phone_M1.wav,0.4925,v,False,True,136.30972093884395,True
accepted,phone_M1.wav,0.5025,v,False,True,136.4076090799858,True
accepted,phone_M1.wav,0.5125,v,False,True,136.04318171227018,True
accepted,phone_M1.wav,0.5225,v,False,True,134.99634328648804,True
accepted,phone_M1.wav,0.5325,v,False,True,134.94031039101512,True
accepted,phone_M1.wav,0.5425,v,False,True,135.78915360020076,True
accepted,phone_M1.wav,0.5525,v,False,True,137.0762779451648,True
accepted,phone_M1.wav,0.5625,v,False,True,137.36934575117527,True
accepted,phone_M1.wav,0.5725,v,False,True,135.68055974106198,True
accepted,phone_M1.wav,0.5825,v,False,True,136.67575345395906,True
accepted,phone_M1.wav,0.5925,v,False,True,136.8579343132574,True
accepted,phone_M1.wav,0.6025,v,False,True,137.22896867670474,True
accepted,phone_M1.wav,0.6125,v,False,True,137.8539819607677,True
accepted,phone_M1.wav,0.6225,v,False,True,138.06701181676047,True
accepted,phone_M1.wav,0.6325,v,False,True,138.58074941071206,True
accepted,phone_M1.wav,0.6425,v,False,True,138.37175506148105,True
accepted,phone_M1.wav,0.6525,v,False,True,137.58721423715107,True
accepted,phone_M1.wav,0.6625,v,False,True,136.32054060726105,True
accepted,phone_M1.wav,0.6725,v,False,True,133.85895088921671,True
accepted,phone_M1.wav,0.6825,v,False,True,132.54882829894015,True
accepted,phone_M1.wav,0.6925,v,False,True,131.8912227112801,True
accepted,phone_M1.wav,0.7025,v,False,True,129.15341725501392,True
accepted,phone_M1.wav,0.7125,v,False,True,127.86713722200899,True
accepted,phone_M1.wav,0.7225,v,False,True,126.34035364769257,True
accepted,phone_M1.wav,0.7325,v,False,True,123.54464342591929,True
accepted,phone_M1.wav,0.7425,v,False,True,122.78683475439789,True
accepted,phone_M1.wav,0.7525,v,False,True,121.59300342924134,True
accepted,phone_M1.wav,0.7625,v,False,True,119.03073721502486,True
accepted,phone_M1.wav,0.7725,v,False,True,118.0752626741111,True
accepted,phone_M1.wav,0.7825,v,False,True,117.50001668399247,True
accepted,phone_M1.wav,0.7925,v,False,True,115.39111597583462,True
accepted,phone_M1.wav,0.8025,v,False,True,113.17353920509136,True
accepted,phone_M1.wav,0.8125,v,False,True,112.35754795708941,True
accepted,phone_M1.wav,0.8225,v,False,True,116.02993748909832,True
accepted,phone_M1.wav,0.8325,v,False,True,115.84164021350938,True
accepted,phone_M1.wav,0.8425,v,False,True,115.9713434563319,True
accepted,phone_M1.wav,0.8525,v,False,True,118.65498525730922,True
accepted,phone_M1.wav,0.8625,v,False,True,119.18896783653094,True
accepted,phone_M1.wav,0.8725,v,False,True,119.97490921966923,True
accepted,phone_M1.wav,0.8825,v,False,True,121.99620092835728,True
accepted,phone_M1.wav,0.8925,v,False,True,123.56626023087762,True
accepted,phone_M1.wav,0.9025,v,False,True,124.47404756817846,True
accepted,phone_M1.wav,0.9125,v,False,False,,True
accepted,phone_M1.wav,0.9225,v,False,False,,True
accepted,phone_M1.wav,0.9325,v,False,True,133.2557693538378,True
accepted,phone_M1.wav,0.9425,v,False,True,135.14950714478957,True
accepted,phone_M1.wav,0.9525,v,False,True,136.04434560503793,True
accepted,phone_M1.wav,0.9625,v,False,True,138.0103510022336,True
accepted,phone_M1.wav,0.9725,v,False,True,139.56308864947775,True
accepted,phone_M1.wav,0.9825,v,False,True,141.18322444241414,True
accepted,phone_M1.wav,0.9925,v,False,True,140.48962130918852,True
accepted,phone_M1.wav,1.0025,v,False,True,142.50413227611273,True
accepted,phone_M1.wav,1.0125,v,False,True,145.555302818922,True
accepted,phone_M1.wav,1.0225,v,False,True,148.5536064548179,True
accepted,phone_M1.wav,1.0325,v,False,True,148.891899881978,True
accepted,phone_M1.wav,1.0425,v,False,True,148.71492370150924,True
accepted,phone_M1.wav,1.0525,v,False,True,149.37587568884226,True
accepted,phone_M1.wav,1.0625,v,False,True,149.13291682369578,True
accepted,phone_M1.wav,1.0725,v,False,True,148.4442781710681,True
accepted,phone_M1.wav,1.0825,v,False,True,146.9580478375332,True
accepted,phone_M1.wav,1.0925,v,False,True,145.41064913307096,True
accepted,phone_M1.wav,1.1025,v,False,True,143.02821275097273,True
accepted,phone_M1.wav,1.1125,v,False,True,142.26326687755164,True
accepted,phone_M1.wav,1.1225,v,False,True,139.51441033316593,True
accepted,phone_M1.wav,1.1325,v,False,True,139.12876194056872,True
accepted,phone_M1.wav,1.1425,v,False,True,147.3190107326607,True
accepted,phone_M1.wav,1.1525,v,False,True,151.56652403096936,True
accepted,phone_M1.wav,1.1625,v,False,True,157.901354851382,True
accepted,phone_M1.wav,1.1725,v,False,True,157.02263393312464,True
accepted,phone_M1.wav,1.1825,v,False,True,153.98955718577102,True
accepted,phone_M1.wav,1.1925,v,False,True,153.7040595700832,True
accepted,phone_M1.wav,1.2025,v,False,True,153.35152905926165,True
accepted,phone_M1.wav,1.2125,v,False,True,152.27092577788872,True
accepted,phone_M1.wav,1.2225,v,False,False,,True
accepted,phone_M1.wav,1.2325,v,False,True,150.99774806995663,True
accepted,phone_M1.wav,1.2425,v,False,True,152.5196023648814,True
accepted,phone_M1.wav,1.2525,v,False,True,154.50844860149135,True
accepted,phone_M1.wav,1.2625,v,False,True,156.28237508992495,True
accepted,phone_M1.wav,1.2725,v,False,True,157.21279349025468,True
accepted,phone_M1.wav,1.2825,v,False,True,156.5630789404937,True
accepted,phone_M1.wav,1.2925,v,False,True,154.70827546061085,True
accepted,phone_M1.wav,1.3025,v,False,True,153.42490066338434,True
accepted,phone_M1.wav,1.3125,v,False,True,153.53593907354474,True
accepted,phone_M1.wav,1.3225,v,False,True,152.72041768524429,True
accepted,phone_M1.wav,1.3325,v,False,True,152.56543805356432,True
accepted,phone_M1.wav,1.3425,v,False,True,153.4772245845587,True
accepted,phone_M1.wav,1.3525,v,False,True,153.25176643679396,True
accepted,phone_M1.wav,1.3625,v,False,True,153.33772726214372,True
accepted,phone_M1.wav,1.3725,v,False,True,147.96365732657355,True
accepted,phone_M1.wav,1.3825,v,True,False,,True
accepted,phone_M1.wav,1.3925,uv,True,False,,True
accepted,phone_M1.wav,1.4025,uv,False,False,,True
accepted,phone_M1.wav,1.4125,uv,False,False,,True
accepted,phone_M1.wav,1.4225,uv,False,False,,True
accepted,phone_M1.wav,1.4325,uv,False,False,,True
accepted,phone_M1.wav,1.4425,uv,False,False,,True
accepted,phone_M1.wav,1.4525,uv,False,False,,True
accepted,phone_M1.wav,1.4625,uv,False,False,,True
accepted,phone_M1.wav,1.4725,uv,False,False,,True
accepted,phone_M1.wav,1.4825,uv,False,False,,True
accepted,phone_M1.wav,1.4925,uv,True,False,,True
accepted,phone_M1.wav,1.5025,v,True,False,,True
accepted,phone_M1.wav,1.5125,v,True,True,116.24116349989735,True
accepted,phone_M1.wav,1.5225,v,False,True,114.37716945927133,True
accepted,phone_M1.wav,1.5325,v,False,True,114.6605812241658,True
accepted,phone_M1.wav,1.5425,v,False,True,114.70634992379834,True
accepted,phone_M1.wav,1.5525,v,False,True,114.27662696523943,True
accepted,phone_M1.wav,1.5625,v,False,True,113.30084235065343,True
accepted,phone_M1.wav,1.5725,v,False,True,112.44492943125921,True
accepted,phone_M1.wav,1.5825,v,False,True,109.93824623272468,True
accepted,phone_M1.wav,1.5925,v,False,True,109.42107469906422,True
accepted,phone_M1.wav,1.6025,v,False,False,,True
accepted,phone_M1.wav,1.6125,v,False,True,111.73330091581956,True
accepted,phone_M1.wav,1.6225,v,False,True,109.10653956851333,True
accepted,phone_M1.wav,1.6325,v,False,True,107.40533128771125,True
accepted,phone_M1.wav,1.6425,v,False,True,106.82827982101026,True
accepted,phone_M1.wav,1.6525,v,False,True,107.79542254445886,True
accepted,phone_M1.wav,1.6625,v,False,True,108.35222759111159,True
accepted,phone_M1.wav,1.6725,v,False,False,,True
accepted,phone_M1.wav,1.6825,v,True,False,,True
accepted,phone_M1.wav,1.6925,uv,True,False,,True
accepted,phone_M1.wav,1.7025,uv,True,False,,True
accepted,phone_M1.wav,1.7125,uv,False,False,,True
accepted,phone_M1.wav,1.7225,uv,False,False,,True
accepted,phone_M1.wav,1.7325,uv,False,False,,True
accepted,phone_M1.wav,1.7425,uv,False,False,,True
accepted,phone_M1.wav,1.7525,uv,False,False,,True
accepted,phone_M1.wav,1.7625,uv,False,False,,True
accepted,phone_M1.wav,1.7725,uv,False,False,,True
accepted,phone_M1.wav,1.7825,uv,True,False,,True
accepted,phone_M1.wav,1.7925,v,True,False,,True
accepted,phone_M1.wav,1.8025,v,True,False,,True
accepted,phone_M1.wav,1.8125,v,False,True,121.2012553933589,True
accepted,phone_M1.wav,1.8225,v,False,True,120.986129556379,True
accepted,phone_M1.wav,1.8325,v,False,True,120.7907758161299,True
accepted,phone_M1.wav,1.8425,v,False,True,120.43883866786769,True
accepted,phone_M1.wav,1.8525,v,False,True,119.90033962792177,True
accepted,phone_M1.wav,1.8625,v,False,True,118.05557019917477,True
accepted,phone_M1.wav,1.8725,v,False,True,116.65380988302421,True
accepted,phone_M1.wav,1.8825,v,False,True,114.33072009818537,True
accepted,phone_M1.wav,1.8925,v,False,True,112.68897347047921,True
accepted,phone_M1.wav,1.9025,v,False,True,111.64274749560313,True
accepted,phone_M1.wav,1.9125,v,False,True,110.53381620006466,True
accepted,phone_M1.wav,1.9225,v,False,True,110.15687519202903,True
accepted,phone_M1.wav,1.9325,v,False,True,109.04336298855164,True
accepted,phone_M1.wav,1.9425,v,False,True,103.58130415075583,True
accepted,phone_M1.wav,1.9525,v,False,True,100.71782023767412,True
accepted,phone_M1.wav,1.9625,v,False,True,99.19627374979314,True
accepted,phone_M1.wav,1.9725,v,False,True,162.13025634886128,True
accepted,phone_M1.wav,1.9825,v,False,True,161.28269842639256,True
accepted,phone_M1.wav,1.9925,v,False,True,160.21161711454917,True
accepted,phone_M1.wav,2.0025,v,False,False,,True
accepted,phone_M1.wav,2.0125,v,False,False,,True
accepted,phone_M1.wav,2.0225,v,False,False,,True
accepted,phone_M1.wav,2.0325,v,False,True,102.80430229412299,True
accepted,phone_M1.wav,2.0425,v,False,False,,True
accepted,phone_M1.wav,2.0525,v,False,True,100.23797281349081,True
accepted,phone_M1.wav,2.0625,v,False,True,95.69163826961199,True
accepted,phone_M1.wav,2.0725,v,False,False,,True
accepted,phone_M1.wav,2.0825,v,False,True,107.02782808205554,True
accepted,phone_M1.wav,2.0925,v,False,True,106.90783355219483,True
accepted,phone_M1.wav,2.1025,v,False,True,106.68715449244026,True
accepted,phone_M1.wav,2.1125,v,False,True,106.53738479246266,True
accepted,phone_M1.wav,2.1225,v,False,True,108.042318948876,True
accepted,phone_M1.wav,2.1325,v,False,True,110.49830642879573,True
accepted,phone_M1.wav,2.1425,v,False,False,,True
accepted,phone_M1.wav,2.1525,v,False,False,,True
accepted,phone_M1.wav,2.1625,v,False,True,123.90495981056806,True
accepted,phone_M1.wav,2.1725,v,False,True,124.07820424683321,True
accepted,phone_M1.wav,2.1825,v,False,True,123.64301872926808,True
accepted,phone_M1.wav,2.1925,v,False,True,123.13293824056363,True
accepted,phone_M1.wav,2.2025,v,False,True,121.79239798715247,True
accepted,phone_M1.wav,2.2125,v,False,True,120.52934388321167,True
accepted,phone_M1.wav,2.2225,v,False,True,120.16624808157539,True
accepted,phone_M1.wav,2.2325,v,False,True,120.0287632699497,True
accepted,phone_M1.wav,2.2425,v,False,True,117.89111825689233,True
accepted,phone_M1.wav,2.2525,v,False,True,116.67817136991819,True
accepted,phone_M1.wav,2.2625,v,False,True,115.17862682137958,True
accepted,phone_M1.wav,2.2725,v,False,True,114.88741631857259,True
accepted,phone_M1.wav,2.2825,v,False,True,114.39071398737498,True
accepted,phone_M1.wav,2.2925,v,False,True,113.6320489027645,True
accepted,phone_M1.wav,2.3025,v,False,True,112.07011057236237,True
accepted,phone_M1.wav,2.3125,v,False,True,111.5896730058528,True
accepted,phone_M1.wav,2.3225,v,False,True,110.26685345954226,True
accepted,phone_M1.wav,2.3325,v,False,True,109.54721842872587,True
accepted,phone_M1.wav,2.3425,v,False,True,109.56565543680493,True
accepted,phone_M1.wav,2.3525,v,False,True,109.95000900285757,True
accepted,phone_M1.wav,2.3625,v,False,True,111.011125150857,True
accepted,phone_M1.wav,2.3725,v,False,True,111.54042959421719,True
accepted,phone_M1.wav,2.3825,v,False,True,112.24897833011694,True
accepted,phone_M1.wav,2.3925,v,False,True,114.41133511898849,True
accepted,phone_M1.wav,2.4025,v,False,False,,True
accepted,phone_M1.wav,2.4125,v,False,False,,True
accepted,phone_M1.wav,2.4225,v,False,True,124.06682784598594,True
accepted,phone_M1.wav,2.4325,v,False,True,125.45642373011636,True
accepted,phone_M1.wav,2.4425,v,False,True,125.82338682292634,True
accepted,phone_M1.wav,2.4525,v,False,True,130.1689586250424,True
accepted,phone_M1.wav,2.4625,v,False,True,128.32103781764494,True
accepted,phone_M1.wav,2.4725,v,False,True,123.43990372747449,True
accepted,phone_M1.wav,2.4825,v,False,True,122.0727567438875,True
accepted,phone_M1.wav,2.4925,v,False,True,120.68689247867286,True
accepted,phone_M1.wav,2.5025,v,False,False,,True
accepted,phone_M1.wav,2.5125,v,False,True,110.8871317060824,True
accepted,phone_M1.wav,2.5225,v,False,True,111.18498410971564,True
accepted,phone_M1.wav,2.5325,v,False,True,110.87345726786587,True
accepted,phone_M1.wav,2.5425,v,False,True,110.88645439126532,True
accepted,phone_M1.wav,2.5525,v,False,False,,True
accepted,phone_M1.wav,2.5625,v,False,True,109.54892470888998,True
accepted,phone_M1.wav,2.5725,v,False,True,108.17684463107183,True
accepted,phone_M1.wav,2.5825,v,False,True,108.7559003308964,True
accepted,phone_M1.wav,2.5925,v,False,True,108.13836384639886,True
accepted,phone_M1.wav,2.6025,v,False,True,108.00212724920245,True
accepted,phone_M1.wav,2.6125,v,False,True,107.72839105405438,True
accepted,phone_M1.wav,2.6225,v,False,True,106.68905632810947,True
accepted,phone_M1.wav,2.6325,v,False,True,105.99870177003842,True
accepted,phone_M1.wav,2.6425,v,False,True,104.52219257885011,True
accepted,phone_M1.wav,2.6525,v,False,True,104.1125727717504,True
accepted,phone_M1.wav,2.6625,v,False,True,103.45839347355961,True
accepted,phone_M1.wav,2.6725,v,False,True,103.0332737318676,True
accepted,phone_M1.wav,2.6825,v,False,True,102.49838782403216,True
accepted,phone_M1.wav,2.6925,v,False,True,102.96992187375383,True
accepted,phone_M1.wav,2.7025,v,False,True,103.3298908922414,True
accepted,phone_M1.wav,2.7125,v,False,False,,True
accepted,phone_M1.wav,2.7225,v,False,False,,True
accepted,phone_M1.wav,2.7325,v,False,False,,True
accepted,phone_M1.wav,2.7425,v,False,False,,True
accepted,phone_M1.wav,2.7525,v,False,False,,True
accepted,phone_M1.wav,2.7625,v,False,False,,True
accepted,phone_M1.wav,2.7725,v,True,False,,True
accepted,phone_M1.wav,2.7825,uv,True,False,,True
accepted,phone_M1.wav,2.7925,uv,False,False,,True
accepted,phone_M1.wav,2.8025,uv,False,False,,True
accepted,phone_M1.wav,2.8125,uv,False,False,,True
accepted,phone_M1.wav,2.8225,uv,False,False,,True
accepted,phone_M1.wav,2.8325,uv,False,False,,True
accepted,phone_M1.wav,2.8425,uv,False,False,,True
accepted,phone_M1.wav,2.8525,uv,True,False,,True
accepted,phone_M1.wav,2.8625,v,True,False,,True
accepted,phone_M1.wav,2.8725,v,False,False,,True
accepted,phone_M1.wav,2.8825,v,False,True,135.84285742999322,True
accepted,phone_M1.wav,2.8925,v,False,True,135.6067335303494,True
accepted,phone_M1.wav,2.9025,v,False,True,135.64006789498734,True
accepted,phone_M1.wav,2.9125,v,False,True,135.95822533527382,True
accepted,phone_M1.wav,2.9225,v,True,False,,True
accepted,phone_M1.wav,2.9325,uv,True,False,,True
accepted,phone_M1.wav,2.9425,uv,True,False,,True
accepted,phone_M1.wav,2.9525,uv,False,False,,True
accepted,phone_M1.wav,2.9625,uv,False,True,136.8039630185008,True
accepted,phone_M1.wav,2.9725,uv,False,True,135.89540800649306,True
accepted,phone_M1.wav,2.9825,uv,False,False,,True
accepted,phone_M1.wav,2.9925,uv,False,False,,True
accepted,phone_M1.wav,3.0025,uv,False,False,,True
accepted,phone_M1.wav,3.0125,uv,False,True,136.28784499060626,True
accepted,phone_M1.wav,3.0225,uv,False,True,136.0160885064083,True
accepted,phone_M1.wav,3.0325,uv,False,True,136.19152565860188,True
accepted,phone_M1.wav,3.0425,uv,False,True,136.40509801896442,True
accepted,phone_M1.wav,3.0525,uv,False,False,,True
accepted,phone_M1.wav,3.0625,uv,False,False,,True
accepted,phone_M1.wav,3.0725,uv,False,False,,True
accepted,phone_M1.wav,3.0825,uv,False,False,,True
accepted,phone_M1.wav,3.0925,uv,True,False,,True
accepted,phone_M1.wav,3.1025,v,True,False,,True
accepted,phone_M1.wav,3.1125,v,True,False,,True
accepted,phone_M1.wav,3.1225,v,False,True,92.5334577558745,True
accepted,phone_M1.wav,3.1325,v,False,True,99.57629327533259,True
accepted,phone_M1.wav,3.1425,v,False,True,91.98538114802379,True
accepted,phone_M1.wav,3.1525,v,False,True,94.0188126972614,True
accepted,phone_M1.wav,3.1625,v,False,True,95.67054876556956,True
accepted,phone_M1.wav,3.1725,v,False,True,96.57669950827794,True
accepted,phone_M1.wav,3.1825,v,False,False,,True
accepted,phone_M1.wav,3.1925,v,False,True,101.15497875833395,True
accepted,phone_M1.wav,3.2025,v,False,True,100.75422809149602,True
accepted,phone_M1.wav,3.2125,v,False,True,99.8374434132639,True
accepted,phone_M1.wav,3.2225,v,False,True,99.32598965125433,True
accepted,phone_M1.wav,3.2325,v,False,True,99.90920804121906,True
accepted,phone_M1.wav,3.2425,v,False,True,100.46736048159508,True
accepted,phone_M1.wav,3.2525,v,False,True,101.13693987446587,True
accepted,phone_M1.wav,3.2625,v,False,True,104.243017246198,True
accepted,phone_M1.wav,3.2725,v,False,False,,True
accepted,phone_M1.wav,3.2825,v,True,False,,True
accepted,phone_M1.wav,3.2925,uv,True,False,,True
accepted,phone_M1.wav,3.3025,uv,False,False,,True
accepted,phone_M1.wav,3.3125,uv,False,False,,True
accepted,phone_M1.wav,3.3225,uv,False,False,,True
accepted,phone_M1.wav,3.3325,uv,False,False,,True
accepted,phone_M1.wav,3.3425,uv,False,False,,True
accepted,phone_M1.wav,3.3525,uv,False,False,,True
accepted,phone_M1.wav,3.3625,uv,False,False,,True
accepted,phone_M1.wav,3.3725,uv,False,False,,True
accepted,phone_M1.wav,3.3825,uv,False,False,,True
accepted,phone_M1.wav,3.3925,uv,False,False,,True
accepted,phone_M1.wav,3.4025,uv,False,False,,True
accepted,phone_M1.wav,3.4125,uv,False,False,,True
accepted,phone_M1.wav,3.4225,uv,False,False,,True
accepted,phone_M1.wav,3.4325,uv,False,False,,True
accepted,phone_M1.wav,3.4425,uv,True,False,,True
accepted,phone_M1.wav,3.4525,v,True,False,,True
accepted,phone_M1.wav,3.4625,v,True,True,117.39625111733746,True
accepted,phone_M1.wav,3.4725,v,False,True,111.04685637904473,True
accepted,phone_M1.wav,3.4825,v,False,True,109.04095439942274,True
accepted,phone_M1.wav,3.4925,v,False,True,105.40272424012977,True
accepted,phone_M1.wav,3.5025,v,False,False,,True
accepted,phone_M1.wav,3.5125,v,True,False,,True
accepted,phone_M1.wav,3.5225,sil,True,False,,True
accepted,phone_M1.wav,3.5325,sil,False,False,,True
accepted,phone_M1.wav,3.5425,sil,False,False,,True
accepted,phone_M1.wav,3.5525,sil,False,False,,True
accepted,phone_M1.wav,3.5625,sil,False,False,,True
accepted,phone_M1.wav,3.5725,sil,False,False,,True
accepted,phone_M1.wav,3.5825,sil,False,False,,True
accepted,phone_M1.wav,3.5925,sil,False,False,,True
accepted,phone_M1.wav,3.6025,sil,False,False,,True
accepted,phone_M1.wav,3.6125,sil,False,False,,True
accepted,phone_M1.wav,3.6225,sil,False,False,,True
accepted,phone_M1.wav,3.6325,sil,False,False,,True
accepted,phone_M1.wav,3.6425,sil,False,False,,True
accepted,phone_M1.wav,3.6525,sil,False,False,,True
accepted,phone_M1.wav,3.6625,sil,False,False,,True
accepted,phone_M1.wav,3.6725,sil,False,False,,True
accepted,phone_M1.wav,3.6825,sil,False,False,,True
accepted,phone_M1.wav,3.6925,sil,False,False,,True
accepted,phone_M1.wav,3.7025,sil,False,False,,True
accepted,phone_M1.wav,3.7125,sil,False,False,,True
accepted,phone_M1.wav,3.7225,sil,False,False,,True
accepted,phone_M1.wav,3.7325,sil,False,False,,True
accepted,phone_M1.wav,3.7425,sil,False,False,,True
accepted,phone_M1.wav,3.7525,sil,False,False,,True
accepted,phone_M1.wav,3.7625,sil,False,False,,True
accepted,phone_M1.wav,3.7725,sil,False,False,,True
accepted,phone_M1.wav,3.7825,sil,False,False,,True
accepted,phone_M1.wav,3.7925,sil,False,False,,True
accepted,phone_M1.wav,3.8025,sil,False,False,,True
accepted,phone_M1.wav,3.8125,sil,False,False,,True
accepted,phone_M1.wav,3.8225,sil,False,False,,True
accepted,phone_M1.wav,3.8325,sil,False,False,,True
accepted,phone_M1.wav,3.8425,sil,False,False,,True
accepted,phone_M1.wav,3.8525,sil,False,False,,True
accepted,phone_M1.wav,3.8625,sil,False,False,,True
accepted,phone_M1.wav,3.8725,sil,False,False,,True
accepted,phone_M1.wav,3.8825,sil,False,False,,True
accepted,phone_M1.wav,3.8925,sil,False,False,,True
accepted,phone_M1.wav,3.9025,sil,False,False,,True
accepted,phone_M1.wav,3.9125,sil,False,False,,True
accepted,phone_M1.wav,3.9225,sil,False,False,,True
accepted,phone_M1.wav,3.9325,sil,False,False,,True
accepted,phone_M1.wav,3.9425,sil,False,False,,True
accepted,phone_M1.wav,3.9525,sil,False,False,,True
accepted,phone_M1.wav,3.9625,sil,False,False,,True
accepted,phone_M1.wav,3.9725,sil,False,False,,True
accepted,phone_M1.wav,3.9825,sil,False,False,,True
accepted,phone_M1.wav,3.9925,sil,False,False,,True
accepted,phone_M1.wav,4.0025,sil,False,False,,True
accepted,phone_M1.wav,4.0125,sil,False,False,,True
accepted,phone_M1.wav,4.0225,sil,False,False,,True
accepted,phone_M1.wav,4.0325,sil,False,False,,True
accepted,phone_M1.wav,4.0425,sil,False,False,,True
accepted,phone_M1.wav,4.0525,sil,False,False,,True
accepted,phone_M1.wav,4.0625,sil,False,False,,True
accepted,phone_M1.wav,4.0725,sil,False,False,,True
accepted,phone_M1.wav,4.0825,sil,False,False,,True
accepted,phone_M1.wav,4.0925,sil,False,False,,True
accepted,phone_M1.wav,4.1025,sil,False,False,,True
accepted,phone_M1.wav,4.1125,sil,False,False,,True
accepted,phone_M1.wav,4.1225,sil,False,False,,True
accepted,phone_M1.wav,4.1325,sil,False,False,,True
accepted,phone_M1.wav,4.1425,sil,True,False,,True
candidate,phone_M1.wav,0.0125,sil,False,False,,True
candidate,phone_M1.wav,0.0225,sil,False,False,,True
candidate,phone_M1.wav,0.0325,sil,False,False,,True
candidate,phone_M1.wav,0.0425,sil,False,False,,True
candidate,phone_M1.wav,0.0525,sil,False,False,,True
candidate,phone_M1.wav,0.0625,sil,False,False,,True
candidate,phone_M1.wav,0.0725,sil,False,False,,True
candidate,phone_M1.wav,0.0825,sil,False,False,,True
candidate,phone_M1.wav,0.0925,sil,False,False,,True
candidate,phone_M1.wav,0.1025,sil,False,False,,True
candidate,phone_M1.wav,0.1125,sil,False,False,,True
candidate,phone_M1.wav,0.1225,sil,False,False,,True
candidate,phone_M1.wav,0.1325,sil,False,False,,True
candidate,phone_M1.wav,0.1425,sil,False,False,,True
candidate,phone_M1.wav,0.1525,sil,False,False,,True
candidate,phone_M1.wav,0.1625,sil,False,False,,True
candidate,phone_M1.wav,0.1725,sil,False,False,,True
candidate,phone_M1.wav,0.1825,sil,False,False,,True
candidate,phone_M1.wav,0.1925,sil,False,False,,True
candidate,phone_M1.wav,0.2025,sil,False,False,,True
candidate,phone_M1.wav,0.2125,sil,False,False,,True
candidate,phone_M1.wav,0.2225,sil,False,False,,True
candidate,phone_M1.wav,0.2325,sil,False,False,,True
candidate,phone_M1.wav,0.2425,sil,False,False,,True
candidate,phone_M1.wav,0.2525,sil,False,False,,True
candidate,phone_M1.wav,0.2625,sil,False,False,,True
candidate,phone_M1.wav,0.2725,sil,False,False,,True
candidate,phone_M1.wav,0.2825,sil,False,False,,True
candidate,phone_M1.wav,0.2925,sil,False,False,,True
candidate,phone_M1.wav,0.3025,sil,False,False,,True
candidate,phone_M1.wav,0.3125,sil,False,False,,True
candidate,phone_M1.wav,0.3225,sil,False,False,,True
candidate,phone_M1.wav,0.3325,sil,False,False,,True
candidate,phone_M1.wav,0.3425,sil,False,False,,True
candidate,phone_M1.wav,0.3525,sil,False,False,,True
candidate,phone_M1.wav,0.3625,sil,False,False,,True
candidate,phone_M1.wav,0.3725,sil,False,False,,True
candidate,phone_M1.wav,0.3825,sil,False,False,,True
candidate,phone_M1.wav,0.3925,sil,False,False,,True
candidate,phone_M1.wav,0.4025,sil,False,False,,True
candidate,phone_M1.wav,0.4125,sil,False,False,,True
candidate,phone_M1.wav,0.4225,sil,False,False,,True
candidate,phone_M1.wav,0.4325,sil,False,False,,True
candidate,phone_M1.wav,0.4425,sil,False,False,,True
candidate,phone_M1.wav,0.4525,sil,True,False,,True
candidate,phone_M1.wav,0.4625,v,True,False,,True
candidate,phone_M1.wav,0.4725,v,True,False,,True
candidate,phone_M1.wav,0.4825,v,False,True,136.47711476493077,True
candidate,phone_M1.wav,0.4925,v,False,True,136.4018761895899,True
candidate,phone_M1.wav,0.5025,v,False,True,136.1832749333607,True
candidate,phone_M1.wav,0.5125,v,False,True,135.82880228985192,True
candidate,phone_M1.wav,0.5225,v,False,True,135.33303830770288,True
candidate,phone_M1.wav,0.5325,v,False,True,135.3721071039371,True
candidate,phone_M1.wav,0.5425,v,False,True,135.9442560498527,True
candidate,phone_M1.wav,0.5525,v,False,True,136.86699326422047,True
candidate,phone_M1.wav,0.5625,v,False,True,136.02338518355353,True
candidate,phone_M1.wav,0.5725,v,False,True,136.57277198363755,True
candidate,phone_M1.wav,0.5825,v,False,True,136.73178031707474,True
candidate,phone_M1.wav,0.5925,v,False,True,136.93208226677976,True
candidate,phone_M1.wav,0.6025,v,False,True,137.37548893415192,True
candidate,phone_M1.wav,0.6125,v,False,True,137.81430861839053,True
candidate,phone_M1.wav,0.6225,v,False,True,138.06765739621073,True
candidate,phone_M1.wav,0.6325,v,False,True,138.30925943298828,True
candidate,phone_M1.wav,0.6425,v,False,True,138.2360252156791,True
candidate,phone_M1.wav,0.6525,v,False,True,137.75010629764444,True
candidate,phone_M1.wav,0.6625,v,False,True,136.63290890172814,True
candidate,phone_M1.wav,0.6725,v,False,True,134.295822056514,True
candidate,phone_M1.wav,0.6825,v,False,True,132.6084682688215,True
candidate,phone_M1.wav,0.6925,v,False,True,131.9775045555664,True
candidate,phone_M1.wav,0.7025,v,False,True,129.31249938538141,True
candidate,phone_M1.wav,0.7125,v,False,True,127.63561172775644,True
candidate,phone_M1.wav,0.7225,v,False,True,126.14755397660944,True
candidate,phone_M1.wav,0.7325,v,False,True,124.24145391550134,True
candidate,phone_M1.wav,0.7425,v,False,True,122.7569625409292,True
candidate,phone_M1.wav,0.7525,v,False,True,121.66778214285063,True
candidate,phone_M1.wav,0.7625,v,False,True,119.28620912988673,True
candidate,phone_M1.wav,0.7725,v,False,True,118.22643958202517,True
candidate,phone_M1.wav,0.7825,v,False,True,117.45250245269519,True
candidate,phone_M1.wav,0.7925,v,False,True,115.44406669039698,True
candidate,phone_M1.wav,0.8025,v,False,True,113.75869641730098,True
candidate,phone_M1.wav,0.8125,v,False,True,112.78034534375347,True
candidate,phone_M1.wav,0.8225,v,False,True,114.24150219556985,True
candidate,phone_M1.wav,0.8325,v,False,True,115.852669105562,True
candidate,phone_M1.wav,0.8425,v,False,True,116.59873979992639,True
candidate,phone_M1.wav,0.8525,v,False,True,118.3439513698545,True
candidate,phone_M1.wav,0.8625,v,False,True,119.36901154822348,True
candidate,phone_M1.wav,0.8725,v,False,True,120.20358634621707,True
candidate,phone_M1.wav,0.8825,v,False,True,122.42037785355501,True
candidate,phone_M1.wav,0.8925,v,False,True,123.40647956480049,True
candidate,phone_M1.wav,0.9025,v,False,True,124.12286264127839,True
candidate,phone_M1.wav,0.9125,v,False,False,,True
candidate,phone_M1.wav,0.9225,v,False,False,,True
candidate,phone_M1.wav,0.9325,v,False,True,133.48627464515454,True
candidate,phone_M1.wav,0.9425,v,False,True,135.27486413246027,True
candidate,phone_M1.wav,0.9525,v,False,True,136.09944998051648,True
candidate,phone_M1.wav,0.9625,v,False,True,137.71328903475083,True
candidate,phone_M1.wav,0.9725,v,False,True,139.08168015657705,True
candidate,phone_M1.wav,0.9825,v,False,True,140.35778339816883,True
candidate,phone_M1.wav,0.9925,v,False,True,141.3784522165256,True
candidate,phone_M1.wav,1.0025,v,False,True,142.3520729240223,True
candidate,phone_M1.wav,1.0125,v,False,True,145.49208391213543,True
candidate,phone_M1.wav,1.0225,v,False,True,148.0594512211392,True
candidate,phone_M1.wav,1.0325,v,False,True,148.7956161379327,True
candidate,phone_M1.wav,1.0425,v,False,True,149.20970235394745,True
candidate,phone_M1.wav,1.0525,v,False,True,149.01348926903322,True
candidate,phone_M1.wav,1.0625,v,False,True,149.00839503722023,True
candidate,phone_M1.wav,1.0725,v,False,True,147.9293807770851,True
candidate,phone_M1.wav,1.0825,v,False,True,147.01497155548742,True
candidate,phone_M1.wav,1.0925,v,False,True,145.75853049383574,True
candidate,phone_M1.wav,1.1025,v,False,True,144.1080480911522,True
candidate,phone_M1.wav,1.1125,v,False,True,142.64784395474538,True
candidate,phone_M1.wav,1.1225,v,False,True,141.49403197227468,True
candidate,phone_M1.wav,1.1325,v,False,True,145.0597019874523,True
candidate,phone_M1.wav,1.1425,v,False,True,151.11513287923518,True
candidate,phone_M1.wav,1.1525,v,False,True,153.71285025834433,True
candidate,phone_M1.wav,1.1625,v,False,True,156.93296749365302,True
candidate,phone_M1.wav,1.1725,v,False,True,154.2470751632302,True
candidate,phone_M1.wav,1.1825,v,False,True,154.07842478377532,True
candidate,phone_M1.wav,1.1925,v,False,True,153.65109114793938,True
candidate,phone_M1.wav,1.2025,v,False,True,153.28321281418494,True
candidate,phone_M1.wav,1.2125,v,False,True,152.47262614183427,True
candidate,phone_M1.wav,1.2225,v,False,False,,True
candidate,phone_M1.wav,1.2325,v,False,True,151.7692289096833,True
candidate,phone_M1.wav,1.2425,v,False,True,152.95146449617306,True
candidate,phone_M1.wav,1.2525,v,False,True,154.79670721953033,True
candidate,phone_M1.wav,1.2625,v,False,True,156.03859143045534,True
candidate,phone_M1.wav,1.2725,v,False,True,156.60888180763214,True
candidate,phone_M1.wav,1.2825,v,False,True,156.250857827908,True
candidate,phone_M1.wav,1.2925,v,False,True,155.42961334311494,True
candidate,phone_M1.wav,1.3025,v,False,True,153.9992752172686,True
candidate,phone_M1.wav,1.3125,v,False,True,153.11323422269479,True
candidate,phone_M1.wav,1.3225,v,False,True,152.96788082835988,True
candidate,phone_M1.wav,1.3325,v,False,True,153.16364475228048,True
candidate,phone_M1.wav,1.3425,v,False,True,152.95706760959848,True
candidate,phone_M1.wav,1.3525,v,False,True,153.5392825218009,True
candidate,phone_M1.wav,1.3625,v,False,True,152.2028863872091,True
candidate,phone_M1.wav,1.3725,v,False,True,150.34654081739546,True
candidate,phone_M1.wav,1.3825,v,True,False,,True
candidate,phone_M1.wav,1.3925,uv,True,False,,True
candidate,phone_M1.wav,1.4025,uv,False,False,,True
candidate,phone_M1.wav,1.4125,uv,False,False,,True
candidate,phone_M1.wav,1.4225,uv,False,False,,True
candidate,phone_M1.wav,1.4325,uv,False,False,,True
candidate,phone_M1.wav,1.4425,uv,False,False,,True
candidate,phone_M1.wav,1.4525,uv,False,False,,True
candidate,phone_M1.wav,1.4625,uv,False,False,,True
candidate,phone_M1.wav,1.4725,uv,False,False,,True
candidate,phone_M1.wav,1.4825,uv,False,False,,True
candidate,phone_M1.wav,1.4925,uv,True,False,,True
candidate,phone_M1.wav,1.5025,v,True,False,,True
candidate,phone_M1.wav,1.5125,v,True,True,114.56663062346243,True
candidate,phone_M1.wav,1.5225,v,False,True,114.75232457423304,True
candidate,phone_M1.wav,1.5325,v,False,True,114.55468251399324,True
candidate,phone_M1.wav,1.5425,v,False,True,114.52616131609369,True
candidate,phone_M1.wav,1.5525,v,False,True,114.158744134873,True
candidate,phone_M1.wav,1.5625,v,False,True,113.53420820072478,True
candidate,phone_M1.wav,1.5725,v,False,True,112.21105115617617,True
candidate,phone_M1.wav,1.5825,v,False,True,110.65569637065815,True
candidate,phone_M1.wav,1.5925,v,False,True,109.8206362367175,True
candidate,phone_M1.wav,1.6025,v,False,False,,True
candidate,phone_M1.wav,1.6125,v,False,True,111.12344142659083,True
candidate,phone_M1.wav,1.6225,v,False,True,110.14430169710204,True
candidate,phone_M1.wav,1.6325,v,False,True,107.99205071876918,True
candidate,phone_M1.wav,1.6425,v,False,True,107.63182552961796,True
candidate,phone_M1.wav,1.6525,v,False,True,107.9601569804591,True
candidate,phone_M1.wav,1.6625,v,False,True,108.65104737403021,True
candidate,phone_M1.wav,1.6725,v,False,False,,True
candidate,phone_M1.wav,1.6825,v,True,False,,True
candidate,phone_M1.wav,1.6925,uv,True,False,,True
candidate,phone_M1.wav,1.7025,uv,True,False,,True
candidate,phone_M1.wav,1.7125,uv,False,False,,True
candidate,phone_M1.wav,1.7225,uv,False,False,,True
candidate,phone_M1.wav,1.7325,uv,False,False,,True
candidate,phone_M1.wav,1.7425,uv,False,False,,True
candidate,phone_M1.wav,1.7525,uv,False,False,,True
candidate,phone_M1.wav,1.7625,uv,False,False,,True
candidate,phone_M1.wav,1.7725,uv,False,False,,True
candidate,phone_M1.wav,1.7825,uv,True,False,,True
candidate,phone_M1.wav,1.7925,v,True,False,,True
candidate,phone_M1.wav,1.8025,v,True,False,,True
candidate,phone_M1.wav,1.8125,v,False,True,121.1990122443663,True
candidate,phone_M1.wav,1.8225,v,False,True,121.04441079458842,True
candidate,phone_M1.wav,1.8325,v,False,True,120.63969867180502,True
candidate,phone_M1.wav,1.8425,v,False,True,120.37850966416558,True
candidate,phone_M1.wav,1.8525,v,False,True,119.86854721936109,True
candidate,phone_M1.wav,1.8625,v,False,True,118.09310347311833,True
candidate,phone_M1.wav,1.8725,v,False,True,116.70023328086573,True
candidate,phone_M1.wav,1.8825,v,False,True,114.43194976564071,True
candidate,phone_M1.wav,1.8925,v,False,True,112.73154839489958,True
candidate,phone_M1.wav,1.9025,v,False,True,111.70509871268253,True
candidate,phone_M1.wav,1.9125,v,False,True,110.79830029827959,True
candidate,phone_M1.wav,1.9225,v,False,True,110.2522162846803,True
candidate,phone_M1.wav,1.9325,v,False,True,109.38084533389485,True
candidate,phone_M1.wav,1.9425,v,False,True,103.20764701928945,True
candidate,phone_M1.wav,1.9525,v,False,True,100.7527767590048,True
candidate,phone_M1.wav,1.9625,v,False,True,99.62562561853424,True
candidate,phone_M1.wav,1.9725,v,False,True,98.25026496871044,True
candidate,phone_M1.wav,1.9825,v,False,True,97.48262757783483,True
candidate,phone_M1.wav,1.9925,v,False,True,97.4333878956476,True
candidate,phone_M1.wav,2.0025,v,False,False,,True
candidate,phone_M1.wav,2.0125,v,False,False,,True
candidate,phone_M1.wav,2.0225,v,False,False,,True
candidate,phone_M1.wav,2.0325,v,False,True,102.93569835467133,True
candidate,phone_M1.wav,2.0425,v,False,False,,True
candidate,phone_M1.wav,2.0525,v,False,True,100.44259728862309,True
candidate,phone_M1.wav,2.0625,v,False,True,100.13657427264528,True
candidate,phone_M1.wav,2.0725,v,False,False,,True
candidate,phone_M1.wav,2.0825,v,False,True,106.4734104162461,True
candidate,phone_M1.wav,2.0925,v,False,True,106.36116970249418,True
candidate,phone_M1.wav,2.1025,v,False,True,107.92134694245827,True
candidate,phone_M1.wav,2.1125,v,False,True,106.6775134797689,True
candidate,phone_M1.wav,2.1225,v,False,True,108.70012985715975,True
candidate,phone_M1.wav,2.1325,v,False,True,110.24163512596614,True
candidate,phone_M1.wav,2.1425,v,False,False,,True
candidate,phone_M1.wav,2.1525,v,False,False,,True
candidate,phone_M1.wav,2.1625,v,False,True,124.02449900767986,True
candidate,phone_M1.wav,2.1725,v,False,True,123.6241716367711,True
candidate,phone_M1.wav,2.1825,v,False,True,123.30815584557307,True
candidate,phone_M1.wav,2.1925,v,False,True,122.96988867611974,True
candidate,phone_M1.wav,2.2025,v,False,True,121.91911248306388,True
candidate,phone_M1.wav,2.2125,v,False,True,120.5191023362992,True
candidate,phone_M1.wav,2.2225,v,False,True,120.31346489592777,True
candidate,phone_M1.wav,2.2325,v,False,True,120.09361335417579,True
candidate,phone_M1.wav,2.2425,v,False,True,117.75023452730119,True
candidate,phone_M1.wav,2.2525,v,False,True,117.40168178326032,True
candidate,phone_M1.wav,2.2625,v,False,True,115.04683973262136,True
candidate,phone_M1.wav,2.2725,v,False,True,114.80462163241913,True
candidate,phone_M1.wav,2.2825,v,False,True,114.45887565975282,True
candidate,phone_M1.wav,2.2925,v,False,True,114.14716118456931,True
candidate,phone_M1.wav,2.3025,v,False,True,111.87333043869079,True
candidate,phone_M1.wav,2.3125,v,False,True,111.61305505554638,True
candidate,phone_M1.wav,2.3225,v,False,True,109.94489143184035,True
candidate,phone_M1.wav,2.3325,v,False,True,109.6746575932091,True
candidate,phone_M1.wav,2.3425,v,False,True,109.55288388703545,True
candidate,phone_M1.wav,2.3525,v,False,True,109.78007217447016,True
candidate,phone_M1.wav,2.3625,v,False,True,110.98381000294513,True
candidate,phone_M1.wav,2.3725,v,False,True,111.24359579184885,True
candidate,phone_M1.wav,2.3825,v,False,True,111.81729014853876,True
candidate,phone_M1.wav,2.3925,v,False,True,114.4142710132191,True
candidate,phone_M1.wav,2.4025,v,False,False,,True
candidate,phone_M1.wav,2.4125,v,False,False,,True
candidate,phone_M1.wav,2.4225,v,False,True,123.5754158176738,True
candidate,phone_M1.wav,2.4325,v,False,True,124.48518541688291,True
candidate,phone_M1.wav,2.4425,v,False,True,127.00932259475019,True
candidate,phone_M1.wav,2.4525,v,False,True,127.85091510897621,True
candidate,phone_M1.wav,2.4625,v,False,True,126.25854097414981,True
candidate,phone_M1.wav,2.4725,v,False,True,123.68508821607534,True
candidate,phone_M1.wav,2.4825,v,False,True,122.29937293781447,True
candidate,phone_M1.wav,2.4925,v,False,True,122.96025326341244,True
candidate,phone_M1.wav,2.5025,v,False,False,,True
candidate,phone_M1.wav,2.5125,v,False,True,111.08954857628198,True
candidate,phone_M1.wav,2.5225,v,False,True,110.92499383715639,True
candidate,phone_M1.wav,2.5325,v,False,True,111.10398562304323,True
candidate,phone_M1.wav,2.5425,v,False,True,111.02954603629969,True
candidate,phone_M1.wav,2.5525,v,False,False,,True
candidate,phone_M1.wav,2.5625,v,False,True,109.39795065577455,True
candidate,phone_M1.wav,2.5725,v,False,True,108.90567609801259,True
candidate,phone_M1.wav,2.5825,v,False,True,108.30946323004711,True
candidate,phone_M1.wav,2.5925,v,False,True,108.38541589447951,True
candidate,phone_M1.wav,2.6025,v,False,True,108.08794349545583,True
candidate,phone_M1.wav,2.6125,v,False,True,107.61690596101975,True
candidate,phone_M1.wav,2.6225,v,False,True,106.9503833747013,True
candidate,phone_M1.wav,2.6325,v,False,True,106.7345225351858,True
candidate,phone_M1.wav,2.6425,v,False,True,104.53407651473306,True
candidate,phone_M1.wav,2.6525,v,False,True,104.08383885099168,True
candidate,phone_M1.wav,2.6625,v,False,True,103.5693511527297,True
candidate,phone_M1.wav,2.6725,v,False,True,103.12298254096336,True
candidate,phone_M1.wav,2.6825,v,False,True,102.76200642369301,True
candidate,phone_M1.wav,2.6925,v,False,True,102.98500685525669,True
candidate,phone_M1.wav,2.7025,v,False,True,103.50588796710721,True
candidate,phone_M1.wav,2.7125,v,False,False,,True
candidate,phone_M1.wav,2.7225,v,False,False,,True
candidate,phone_M1.wav,2.7325,v,False,False,,True
candidate,phone_M1.wav,2.7425,v,False,False,,True
candidate,phone_M1.wav,2.7525,v,False,False,,True
candidate,phone_M1.wav,2.7625,v,False,False,,True
candidate,phone_M1.wav,2.7725,v,True,False,,True
candidate,phone_M1.wav,2.7825,uv,True,False,,True
candidate,phone_M1.wav,2.7925,uv,False,False,,True
candidate,phone_M1.wav,2.8025,uv,False,False,,True
candidate,phone_M1.wav,2.8125,uv,False,False,,True
candidate,phone_M1.wav,2.8225,uv,False,False,,True
candidate,phone_M1.wav,2.8325,uv,False,False,,True
candidate,phone_M1.wav,2.8425,uv,False,False,,True
candidate,phone_M1.wav,2.8525,uv,True,False,,True
candidate,phone_M1.wav,2.8625,v,True,False,,True
candidate,phone_M1.wav,2.8725,v,False,False,,True
candidate,phone_M1.wav,2.8825,v,False,True,135.488707254245,True
candidate,phone_M1.wav,2.8925,v,False,True,135.73767571517675,True
candidate,phone_M1.wav,2.9025,v,False,True,135.5696811622667,True
candidate,phone_M1.wav,2.9125,v,False,True,135.66505703392284,True
candidate,phone_M1.wav,2.9225,v,True,False,,True
candidate,phone_M1.wav,2.9325,uv,True,False,,True
candidate,phone_M1.wav,2.9425,uv,True,False,,True
candidate,phone_M1.wav,2.9525,uv,False,False,,True
candidate,phone_M1.wav,2.9625,uv,False,True,136.3796231123923,True
candidate,phone_M1.wav,2.9725,uv,False,True,136.24594784755143,True
candidate,phone_M1.wav,2.9825,uv,False,False,,True
candidate,phone_M1.wav,2.9925,uv,False,False,,True
candidate,phone_M1.wav,3.0025,uv,False,False,,True
candidate,phone_M1.wav,3.0125,uv,False,True,135.93854978828404,True
candidate,phone_M1.wav,3.0225,uv,False,True,136.32901574657112,True
candidate,phone_M1.wav,3.0325,uv,False,True,136.28891847992546,True
candidate,phone_M1.wav,3.0425,uv,False,True,136.07308381028673,True
candidate,phone_M1.wav,3.0525,uv,False,False,,True
candidate,phone_M1.wav,3.0625,uv,False,False,,True
candidate,phone_M1.wav,3.0725,uv,False,False,,True
candidate,phone_M1.wav,3.0825,uv,False,False,,True
candidate,phone_M1.wav,3.0925,uv,True,False,,True
candidate,phone_M1.wav,3.1025,v,True,False,,True
candidate,phone_M1.wav,3.1125,v,True,False,,True
candidate,phone_M1.wav,3.1225,v,False,True,98.04607721489877,True
candidate,phone_M1.wav,3.1325,v,False,True,92.36919498789119,True
candidate,phone_M1.wav,3.1425,v,False,True,93.6969730336211,True
candidate,phone_M1.wav,3.1525,v,False,True,93.97577412128678,True
candidate,phone_M1.wav,3.1625,v,False,True,95.35940551202832,True
candidate,phone_M1.wav,3.1725,v,False,True,96.46982688128345,True
candidate,phone_M1.wav,3.1825,v,False,False,,True
candidate,phone_M1.wav,3.1925,v,False,True,101.01937862832793,True
candidate,phone_M1.wav,3.2025,v,False,True,100.4972398177595,True
candidate,phone_M1.wav,3.2125,v,False,True,100.02109549890024,True
candidate,phone_M1.wav,3.2225,v,False,True,99.41835861104023,True
candidate,phone_M1.wav,3.2325,v,False,True,99.69851431742904,True
candidate,phone_M1.wav,3.2425,v,False,True,100.50354334674311,True
candidate,phone_M1.wav,3.2525,v,False,True,101.22557946698062,True
candidate,phone_M1.wav,3.2625,v,False,True,102.96992160877262,True
candidate,phone_M1.wav,3.2725,v,False,False,,True
candidate,phone_M1.wav,3.2825,v,True,False,,True
candidate,phone_M1.wav,3.2925,uv,True,False,,True
candidate,phone_M1.wav,3.3025,uv,False,False,,True
candidate,phone_M1.wav,3.3125,uv,False,False,,True
candidate,phone_M1.wav,3.3225,uv,False,False,,True
candidate,phone_M1.wav,3.3325,uv,False,False,,True
candidate,phone_M1.wav,3.3425,uv,False,False,,True
candidate,phone_M1.wav,3.3525,uv,False,False,,True
candidate,phone_M1.wav,3.3625,uv,False,False,,True
candidate,phone_M1.wav,3.3725,uv,False,False,,True
candidate,phone_M1.wav,3.3825,uv,False,False,,True
candidate,phone_M1.wav,3.3925,uv,False,False,,True
candidate,phone_M1.wav,3.4025,uv,False,False,,True
candidate,phone_M1.wav,3.4125,uv,False,False,,True
candidate,phone_M1.wav,3.4225,uv,False,False,,True
candidate,phone_M1.wav,3.4325,uv,False,False,,True
candidate,phone_M1.wav,3.4425,uv,True,False,,True
candidate,phone_M1.wav,3.4525,v,True,False,,True
candidate,phone_M1.wav,3.4625,v,True,True,116.79080139539403,True
candidate,phone_M1.wav,3.4725,v,False,True,114.07185908932578,True
candidate,phone_M1.wav,3.4825,v,False,True,110.85317529140319,True
candidate,phone_M1.wav,3.4925,v,False,True,105.39264046549954,True
candidate,phone_M1.wav,3.5025,v,False,False,,True
candidate,phone_M1.wav,3.5125,v,True,False,,True
candidate,phone_M1.wav,3.5225,sil,True,False,,True
candidate,phone_M1.wav,3.5325,sil,False,False,,True
candidate,phone_M1.wav,3.5425,sil,False,False,,True
candidate,phone_M1.wav,3.5525,sil,False,False,,True
candidate,phone_M1.wav,3.5625,sil,False,False,,True
candidate,phone_M1.wav,3.5725,sil,False,False,,True
candidate,phone_M1.wav,3.5825,sil,False,False,,True
candidate,phone_M1.wav,3.5925,sil,False,False,,True
candidate,phone_M1.wav,3.6025,sil,False,False,,True
candidate,phone_M1.wav,3.6125,sil,False,False,,True
candidate,phone_M1.wav,3.6225,sil,False,False,,True
candidate,phone_M1.wav,3.6325,sil,False,False,,True
candidate,phone_M1.wav,3.6425,sil,False,False,,True
candidate,phone_M1.wav,3.6525,sil,False,False,,True
candidate,phone_M1.wav,3.6625,sil,False,False,,True
candidate,phone_M1.wav,3.6725,sil,False,False,,True
candidate,phone_M1.wav,3.6825,sil,False,False,,True
candidate,phone_M1.wav,3.6925,sil,False,False,,True
candidate,phone_M1.wav,3.7025,sil,False,False,,True
candidate,phone_M1.wav,3.7125,sil,False,False,,True
candidate,phone_M1.wav,3.7225,sil,False,False,,True
candidate,phone_M1.wav,3.7325,sil,False,False,,True
candidate,phone_M1.wav,3.7425,sil,False,False,,True
candidate,phone_M1.wav,3.7525,sil,False,False,,True
candidate,phone_M1.wav,3.7625,sil,False,False,,True
candidate,phone_M1.wav,3.7725,sil,False,False,,True
candidate,phone_M1.wav,3.7825,sil,False,False,,True
candidate,phone_M1.wav,3.7925,sil,False,False,,True
candidate,phone_M1.wav,3.8025,sil,False,False,,True
candidate,phone_M1.wav,3.8125,sil,False,False,,True
candidate,phone_M1.wav,3.8225,sil,False,False,,True
candidate,phone_M1.wav,3.8325,sil,False,False,,True
candidate,phone_M1.wav,3.8425,sil,False,False,,True
candidate,phone_M1.wav,3.8525,sil,False,False,,True
candidate,phone_M1.wav,3.8625,sil,False,False,,True
candidate,phone_M1.wav,3.8725,sil,False,False,,True
candidate,phone_M1.wav,3.8825,sil,False,False,,True
candidate,phone_M1.wav,3.8925,sil,False,False,,True
candidate,phone_M1.wav,3.9025,sil,False,False,,True
candidate,phone_M1.wav,3.9125,sil,False,False,,True
candidate,phone_M1.wav,3.9225,sil,False,False,,True
candidate,phone_M1.wav,3.9325,sil,False,False,,True
candidate,phone_M1.wav,3.9425,sil,False,False,,True
candidate,phone_M1.wav,3.9525,sil,False,False,,True
candidate,phone_M1.wav,3.9625,sil,False,False,,True
candidate,phone_M1.wav,3.9725,sil,False,False,,True
candidate,phone_M1.wav,3.9825,sil,False,False,,True
candidate,phone_M1.wav,3.9925,sil,False,False,,True
candidate,phone_M1.wav,4.0025,sil,False,False,,True
candidate,phone_M1.wav,4.0125,sil,False,False,,True
candidate,phone_M1.wav,4.0225,sil,False,False,,True
candidate,phone_M1.wav,4.0325,sil,False,False,,True
candidate,phone_M1.wav,4.0425,sil,False,False,,True
candidate,phone_M1.wav,4.0525,sil,False,False,,True
candidate,phone_M1.wav,4.0625,sil,False,False,,True
candidate,phone_M1.wav,4.0725,sil,False,False,,True
candidate,phone_M1.wav,4.0825,sil,False,False,,True
candidate,phone_M1.wav,4.0925,sil,False,False,,True
candidate,phone_M1.wav,4.1025,sil,False,False,,True
candidate,phone_M1.wav,4.1125,sil,False,False,,True
candidate,phone_M1.wav,4.1225,sil,False,False,,True
candidate,phone_M1.wav,4.1325,sil,False,False,,True
candidate,phone_M1.wav,4.1425,sil,True,False,,True
accepted,studio_F1.wav,0.012494331065759636,sil,True,False,,True
accepted,studio_F1.wav,0.022494331065759637,sil,False,False,,True
accepted,studio_F1.wav,0.032494331065759635,sil,False,False,,True
accepted,studio_F1.wav,0.04249433106575964,sil,False,False,,True
accepted,studio_F1.wav,0.05249433106575964,sil,False,False,,True
accepted,studio_F1.wav,0.062494331065759634,sil,False,False,,True
accepted,studio_F1.wav,0.07249433106575964,sil,False,False,,True
accepted,studio_F1.wav,0.08249433106575964,sil,False,False,,True
accepted,studio_F1.wav,0.09249433106575963,sil,False,False,,True
accepted,studio_F1.wav,0.10249433106575964,sil,False,False,,True
accepted,studio_F1.wav,0.11249433106575964,sil,False,False,,True
accepted,studio_F1.wav,0.12249433106575963,sil,False,False,,True
accepted,studio_F1.wav,0.13249433106575964,sil,False,False,,True
accepted,studio_F1.wav,0.14249433106575965,sil,False,False,,True
accepted,studio_F1.wav,0.15249433106575963,sil,False,False,,True
accepted,studio_F1.wav,0.16249433106575964,sil,False,False,,True
accepted,studio_F1.wav,0.17249433106575965,sil,False,False,,True
accepted,studio_F1.wav,0.18249433106575963,sil,False,False,,True
accepted,studio_F1.wav,0.19249433106575964,sil,False,False,,True
accepted,studio_F1.wav,0.20249433106575965,sil,False,False,,True
accepted,studio_F1.wav,0.21249433106575963,sil,False,False,,True
accepted,studio_F1.wav,0.22249433106575964,sil,False,False,,True
accepted,studio_F1.wav,0.23249433106575965,sil,False,False,,True
accepted,studio_F1.wav,0.24249433106575963,sil,False,False,,True
accepted,studio_F1.wav,0.25249433106575964,sil,False,False,,True
accepted,studio_F1.wav,0.26249433106575965,sil,False,False,,True
accepted,studio_F1.wav,0.27249433106575965,sil,False,False,,True
accepted,studio_F1.wav,0.28249433106575966,sil,False,False,,True
accepted,studio_F1.wav,0.2924943310657596,sil,False,False,,True
accepted,studio_F1.wav,0.3024943310657596,sil,False,False,,True
accepted,studio_F1.wav,0.31249433106575963,sil,False,False,,True
accepted,studio_F1.wav,0.32249433106575964,sil,False,False,,True
accepted,studio_F1.wav,0.33249433106575965,sil,False,False,,True
accepted,studio_F1.wav,0.34249433106575966,sil,False,False,,True
accepted,studio_F1.wav,0.3524943310657596,sil,False,False,,True
accepted,studio_F1.wav,0.3624943310657596,sil,False,False,,True
accepted,studio_F1.wav,0.37249433106575963,sil,False,False,,True
accepted,studio_F1.wav,0.38249433106575964,sil,False,False,,True
accepted,studio_F1.wav,0.39249433106575965,sil,False,False,,True
accepted,studio_F1.wav,0.40249433106575966,sil,False,False,,True
accepted,studio_F1.wav,0.4124943310657596,sil,False,False,,True
accepted,studio_F1.wav,0.4224943310657596,sil,False,False,,True
accepted,studio_F1.wav,0.43249433106575963,sil,False,False,,True
accepted,studio_F1.wav,0.44249433106575964,sil,False,False,,True
accepted,studio_F1.wav,0.45249433106575965,sil,False,False,,True
accepted,studio_F1.wav,0.46249433106575966,sil,False,False,,True
accepted,studio_F1.wav,0.4724943310657596,sil,False,False,,True
accepted,studio_F1.wav,0.4824943310657596,sil,False,False,,True
accepted,studio_F1.wav,0.4924943310657596,sil,False,False,,True
accepted,studio_F1.wav,0.5024943310657597,sil,False,False,,True
accepted,studio_F1.wav,0.5124943310657596,sil,False,False,,True
accepted,studio_F1.wav,0.5224943310657596,sil,False,False,,True
accepted,studio_F1.wav,0.5324943310657596,sil,False,False,,True
accepted,studio_F1.wav,0.5424943310657596,sil,False,False,,True
accepted,studio_F1.wav,0.5524943310657596,sil,False,False,,True
accepted,studio_F1.wav,0.5624943310657596,sil,False,False,,True
accepted,studio_F1.wav,0.5724943310657596,sil,False,False,,True
accepted,studio_F1.wav,0.5824943310657597,sil,False,False,,True
accepted,studio_F1.wav,0.5924943310657597,sil,False,False,,True
accepted,studio_F1.wav,0.6024943310657597,sil,False,False,,True
accepted,studio_F1.wav,0.6124943310657597,sil,False,False,,True
accepted,studio_F1.wav,0.6224943310657597,sil,False,False,,True
accepted,studio_F1.wav,0.6324943310657596,sil,False,False,,True
accepted,studio_F1.wav,0.6424943310657596,sil,False,False,,True
accepted,studio_F1.wav,0.6524943310657596,sil,False,False,,True
accepted,studio_F1.wav,0.6624943310657596,sil,False,False,,True
accepted,studio_F1.wav,0.6724943310657596,sil,True,False,,True
accepted,studio_F1.wav,0.6824943310657596,uv,True,False,,True
accepted,studio_F1.wav,0.6924943310657596,uv,True,False,,True
accepted,studio_F1.wav,0.7024943310657596,v,True,True,270.4318529010919,True
accepted,studio_F1.wav,0.7124943310657597,v,True,True,269.2107189933398,True
accepted,studio_F1.wav,0.7224943310657597,v,False,True,265.7858222127803,True
accepted,studio_F1.wav,0.7324943310657597,v,False,True,263.00284281529764,True
accepted,studio_F1.wav,0.7424943310657597,v,False,True,258.56077817287,True
accepted,studio_F1.wav,0.7524943310657597,v,False,True,257.34879021321285,True
accepted,studio_F1.wav,0.7624943310657596,v,False,True,257.407569660498,True
accepted,studio_F1.wav,0.7724943310657596,v,False,True,241.346413624334,True
accepted,studio_F1.wav,0.7824943310657596,v,False,True,236.03930704775448,True
accepted,studio_F1.wav,0.7924943310657596,v,False,True,239.67788182799086,True
accepted,studio_F1.wav,0.8024943310657596,v,False,True,246.82417151476864,True
accepted,studio_F1.wav,0.8124943310657596,v,False,True,247.67576439851908,True
accepted,studio_F1.wav,0.8224943310657596,v,False,True,246.99668501900285,True
accepted,studio_F1.wav,0.8324943310657597,v,False,True,246.14416638569617,True
accepted,studio_F1.wav,0.8424943310657597,v,False,True,245.62482253860892,True
accepted,studio_F1.wav,0.8524943310657597,v,False,True,245.05155955103868,True
accepted,studio_F1.wav,0.8624943310657597,v,False,True,243.87196072290288,True
accepted,studio_F1.wav,0.8724943310657597,v,False,True,242.3498280610455,True
accepted,studio_F1.wav,0.8824943310657596,v,False,True,240.92791718718365,True
accepted,studio_F1.wav,0.8924943310657596,v,False,True,239.15161742046456,True
accepted,studio_F1.wav,0.9024943310657596,v,False,True,232.74762805184466,True
accepted,studio_F1.wav,0.9124943310657596,v,False,True,223.4841228581913,True
accepted,studio_F1.wav,0.9224943310657596,v,False,True,224.19042620808065,True
accepted,studio_F1.wav,0.9324943310657596,v,False,True,225.75199918333314,True
accepted,studio_F1.wav,0.9424943310657596,v,False,True,230.47893837639765,True
accepted,studio_F1.wav,0.9524943310657596,v,False,True,240.02875266450272,True
accepted,studio_F1.wav,0.9624943310657597,v,False,True,252.11098202533884,True
accepted,studio_F1.wav,0.9724943310657597,v,False,True,253.42369492165372,True
accepted,studio_F1.wav,0.9824943310657597,v,False,True,253.0797081861554,True
accepted,studio_F1.wav,0.9924943310657597,v,False,True,246.87575832513784,True
accepted,studio_F1.wav,1.0024943310657597,v,False,False,,True
accepted,studio_F1.wav,1.0124943310657597,v,False,True,274.15358341942726,True
accepted,studio_F1.wav,1.0224943310657597,v,False,True,277.60534428733723,True
accepted,studio_F1.wav,1.0324943310657597,v,False,True,282.8072120879434,True
accepted,studio_F1.wav,1.0424943310657597,v,False,True,288.8691495888874,True
accepted,studio_F1.wav,1.0524943310657597,v,False,True,292.78219263568224,True
accepted,studio_F1.wav,1.0624943310657597,v,False,True,293.5503422523402,True
accepted,studio_F1.wav,1.0724943310657595,v,False,True,291.17278325662903,True
accepted,studio_F1.wav,1.0824943310657595,v,False,True,278.093398628023,True
accepted,studio_F1.wav,1.0924943310657595,v,True,False,,True
accepted,studio_F1.wav,1.1024943310657596,uv,True,False,,True
accepted,studio_F1.wav,1.1124943310657596,uv,True,False,,True
accepted,studio_F1.wav,1.1224943310657596,uv,True,False,,True
accepted,studio_F1.wav,1.1324943310657596,v,True,True,278.39702056326365,True
accepted,studio_F1.wav,1.1424943310657596,v,True,True,262.7485263862046,True
accepted,studio_F1.wav,1.1524943310657596,v,False,True,251.9836357127324,True
accepted,studio_F1.wav,1.1624943310657596,v,False,True,249.3768956556131,True
accepted,studio_F1.wav,1.1724943310657596,v,False,True,245.44966542405638,True
accepted,studio_F1.wav,1.1824943310657596,v,False,True,244.8335470650104,True
accepted,studio_F1.wav,1.1924943310657596,v,False,True,245.36226038828602,True
accepted,studio_F1.wav,1.2024943310657596,v,False,True,239.29237108312827,True
accepted,studio_F1.wav,1.2124943310657597,v,True,False,,True
accepted,studio_F1.wav,1.2224943310657597,uv,True,False,,True
accepted,studio_F1.wav,1.2324943310657597,uv,True,False,,True
accepted,studio_F1.wav,1.2424943310657597,uv,False,False,,True
accepted,studio_F1.wav,1.2524943310657597,uv,False,False,,True
accepted,studio_F1.wav,1.2624943310657597,uv,True,False,,True
accepted,studio_F1.wav,1.2724943310657597,v,True,True,314.83533256486305,True
accepted,studio_F1.wav,1.2824943310657597,v,True,True,315.76237241979857,True
accepted,studio_F1.wav,1.2924943310657597,v,False,True,318.63867979559143,True
accepted,studio_F1.wav,1.3024943310657597,v,False,True,316.6850010795782,True
accepted,studio_F1.wav,1.3124943310657597,v,False,True,307.0506666342008,True
accepted,studio_F1.wav,1.3224943310657595,v,False,True,297.91156685556706,True
accepted,studio_F1.wav,1.3324943310657595,v,False,True,282.9000094707357,True
accepted,studio_F1.wav,1.3424943310657595,v,False,True,269.0076524961928,True
accepted,studio_F1.wav,1.3524943310657596,v,False,True,237.4297088435913,True
accepted,studio_F1.wav,1.3624943310657596,v,False,True,230.94613858278677,True
accepted,studio_F1.wav,1.3724943310657596,v,False,True,219.31345245570196,True
accepted,studio_F1.wav,1.3824943310657596,v,False,True,210.9191816321587,True
accepted,studio_F1.wav,1.3924943310657596,v,False,True,202.34477254302857,True
accepted,studio_F1.wav,1.4024943310657596,v,False,True,199.13816293210695,True
accepted,studio_F1.wav,1.4124943310657596,v,False,True,196.05100387002918,True
accepted,studio_F1.wav,1.4224943310657596,v,False,True,193.58191357522773,True
accepted,studio_F1.wav,1.4324943310657596,v,False,True,200.64993721322045,True
accepted,studio_F1.wav,1.4424943310657596,v,False,True,201.40173408068605,True
accepted,studio_F1.wav,1.4524943310657596,v,False,True,204.60593506480336,True
accepted,studio_F1.wav,1.4624943310657597,v,False,True,207.1672547082553,True
accepted,studio_F1.wav,1.4724943310657597,v,False,True,212.00457746247346,True
accepted,studio_F1.wav,1.4824943310657597,v,False,True,215.05677170650696,True
accepted,studio_F1.wav,1.4924943310657597,v,False,True,218.35149554591283,True
accepted,studio_F1.wav,1.5024943310657597,v,False,True,217.11577545527024,True
accepted,studio_F1.wav,1.5124943310657597,v,False,True,214.8739900586269,True
accepted,studio_F1.wav,1.5224943310657597,v,False,True,212.02466866034433,True
accepted,studio_F1.wav,1.5324943310657597,v,False,True,209.4863794039144,True
accepted,studio_F1.wav,1.5424943310657597,v,False,True,206.4034153372879,True
accepted,studio_F1.wav,1.5524943310657597,v,False,True,203.27879607038386,True
accepted,studio_F1.wav,1.5624943310657597,v,False,True,199.00056426962604,True
accepted,studio_F1.wav,1.5724943310657595,v,False,True,200.11001720187042,True
accepted,studio_F1.wav,1.5824943310657595,v,False,True,198.82243091352717,True
accepted,studio_F1.wav,1.5924943310657595,v,False,True,196.39307321203145,True
accepted,studio_F1.wav,1.6024943310657596,v,False,True,196.35878718983554,True
accepted,studio_F1.wav,1.6124943310657596,v,False,True,196.81266916783073,True
accepted,studio_F1.wav,1.6224943310657596,v,False,True,195.2318423077218,True
accepted,studio_F1.wav,1.6324943310657596,v,False,True,182.0509916919126,True
accepted,studio_F1.wav,1.6424943310657596,v,True,True,177.4197338965186,True
accepted,studio_F1.wav,1.6524943310657596,uv,True,False,,True
accepted,studio_F1.wav,1.6624943310657596,uv,True,False,,True
accepted,studio_F1.wav,1.6724943310657596,uv,False,False,,True
accepted,studio_F1.wav,1.6824943310657596,uv,False,False,,True
accepted,studio_F1.wav,1.6924943310657596,uv,True,False,,True
accepted,studio_F1.wav,1.7024943310657596,v,True,True,244.99745344340087,True
accepted,studio_F1.wav,1.7124943310657597,v,True,True,237.146544068032,True
accepted,studio_F1.wav,1.7224943310657597,v,False,True,231.08293232331695,True
accepted,studio_F1.wav,1.7324943310657597,v,False,True,226.83588468920715,True
accepted,studio_F1.wav,1.7424943310657597,v,False,True,223.8987523884552,True
accepted,studio_F1.wav,1.7524943310657597,v,True,False,,True
accepted,studio_F1.wav,1.7624943310657597,uv,True,False,,True
accepted,studio_F1.wav,1.7724943310657597,uv,True,False,,True
accepted,studio_F1.wav,1.7824943310657597,uv,True,False,,True
accepted,studio_F1.wav,1.7924943310657597,v,True,False,,True
accepted,studio_F1.wav,1.8024943310657597,v,True,False,,True
accepted,studio_F1.wav,1.8124943310657597,v,False,False,,True
accepted,studio_F1.wav,1.8224943310657595,v,False,True,197.5995666710527,True
accepted,studio_F1.wav,1.8324943310657595,v,False,True,190.4531928749738,True
accepted,studio_F1.wav,1.8424943310657595,v,False,True,197.51801723836127,True
accepted,studio_F1.wav,1.8524943310657596,v,True,False,,True
accepted,studio_F1.wav,1.8624943310657596,uv,True,False,,True
accepted,studio_F1.wav,1.8724943310657596,uv,True,False,,True
accepted,studio_F1.wav,1.8824943310657596,uv,False,False,,True
accepted,studio_F1.wav,1.8924943310657596,uv,False,False,,True
accepted,studio_F1.wav,1.9024943310657596,uv,False,False,,True
accepted,studio_F1.wav,1.9124943310657596,uv,True,False,,True
accepted,studio_F1.wav,1.9224943310657596,v,True,True,224.1032579497787,True
accepted,studio_F1.wav,1.9324943310657596,v,True,True,216.24115085311513,True
accepted,studio_F1.wav,1.9424943310657596,v,False,True,211.1472494480004,True
accepted,studio_F1.wav,1.9524943310657596,v,False,True,208.59103576151546,True
accepted,studio_F1.wav,1.9624943310657597,v,False,True,207.66152064239284,True
accepted,studio_F1.wav,1.9724943310657597,v,False,True,205.77416439569717,True
accepted,studio_F1.wav,1.9824943310657597,v,False,True,203.4358968353448,True
accepted,studio_F1.wav,1.9924943310657597,v,False,True,200.89016517033085,True
accepted,studio_F1.wav,2.0024943310657597,v,False,True,199.59359042957544,True
accepted,studio_F1.wav,2.0124943310657595,v,False,True,198.4447127571319,True
accepted,studio_F1.wav,2.0224943310657597,v,False,True,196.55661502882504,True
accepted,studio_F1.wav,2.0324943310657595,v,False,True,195.36966643915218,True
accepted,studio_F1.wav,2.0424943310657597,v,False,True,193.9913818950676,True
accepted,studio_F1.wav,2.0524943310657595,v,False,True,191.64054211453444,True
accepted,studio_F1.wav,2.0624943310657597,v,False,True,190.041122121766,True
accepted,studio_F1.wav,2.0724943310657595,v,False,True,189.86254613079976,True
accepted,studio_F1.wav,2.0824943310657598,v,False,True,187.84537798857062,True
accepted,studio_F1.wav,2.0924943310657595,v,False,True,187.00767625476263,True
accepted,studio_F1.wav,2.10249433106576,v,False,True,185.78976043592348,True
accepted,studio_F1.wav,2.1124943310657596,v,False,True,182.6917995200667,True
accepted,studio_F1.wav,2.12249433106576,v,False,True,177.36917444030686,True
accepted,studio_F1.wav,2.1324943310657596,v,False,True,173.3787881791223,True
accepted,studio_F1.wav,2.14249433106576,v,True,True,163.8650782257128,True
accepted,studio_F1.wav,2.1524943310657596,sil,True,False,,True
accepted,studio_F1.wav,2.16249433106576,sil,True,False,,True
accepted,studio_F1.wav,2.1724943310657596,sil,False,False,,True
accepted,studio_F1.wav,2.18249433106576,sil,False,False,,True
accepted,studio_F1.wav,2.1924943310657596,sil,False,False,,True
accepted,studio_F1.wav,2.2024943310657594,sil,False,False,,True
accepted,studio_F1.wav,2.2124943310657597,sil,False,False,,True
accepted,studio_F1.wav,2.2224943310657594,sil,False,False,,True
accepted,studio_F1.wav,2.2324943310657597,sil,False,False,,True
accepted,studio_F1.wav,2.2424943310657595,sil,False,False,,True
accepted,studio_F1.wav,2.2524943310657597,sil,False,False,,True
accepted,studio_F1.wav,2.2624943310657595,sil,False,False,,True
accepted,studio_F1.wav,2.2724943310657597,sil,False,False,,True
accepted,studio_F1.wav,2.2824943310657595,sil,False,False,,True
accepted,studio_F1.wav,2.2924943310657597,sil,False,False,,True
accepted,studio_F1.wav,2.3024943310657595,sil,False,False,,True
accepted,studio_F1.wav,2.3124943310657597,sil,False,False,,True
accepted,studio_F1.wav,2.3224943310657595,sil,False,False,,True
accepted,studio_F1.wav,2.3324943310657598,sil,False,False,,True
accepted,studio_F1.wav,2.3424943310657595,sil,False,False,,True
accepted,studio_F1.wav,2.35249433106576,sil,False,False,,True
accepted,studio_F1.wav,2.3624943310657596,sil,False,False,,True
accepted,studio_F1.wav,2.37249433106576,sil,False,False,,True
accepted,studio_F1.wav,2.3824943310657596,sil,False,False,,True
accepted,studio_F1.wav,2.39249433106576,sil,False,False,,True
accepted,studio_F1.wav,2.4024943310657596,sil,False,False,,True
accepted,studio_F1.wav,2.41249433106576,sil,False,False,,True
accepted,studio_F1.wav,2.4224943310657596,sil,False,False,,True
accepted,studio_F1.wav,2.43249433106576,sil,False,False,,True
accepted,studio_F1.wav,2.4424943310657596,sil,False,False,,True
accepted,studio_F1.wav,2.4524943310657594,sil,False,False,,True
accepted,studio_F1.wav,2.4624943310657597,sil,False,False,,True
accepted,studio_F1.wav,2.4724943310657594,sil,False,False,,True
accepted,studio_F1.wav,2.4824943310657597,sil,False,False,,True
accepted,studio_F1.wav,2.4924943310657595,sil,False,False,,True
accepted,studio_F1.wav,2.5024943310657597,sil,False,False,,True
accepted,studio_F1.wav,2.5124943310657595,sil,False,False,,True
accepted,studio_F1.wav,2.5224943310657597,sil,False,False,,True
accepted,studio_F1.wav,2.5324943310657595,sil,False,False,,True
accepted,studio_F1.wav,2.5424943310657597,sil,False,False,,True
accepted,studio_F1.wav,2.5524943310657595,sil,False,False,,True
accepted,studio_F1.wav,2.5624943310657597,sil,False,False,,True
accepted,studio_F1.wav,2.5724943310657595,sil,False,False,,True
accepted,studio_F1.wav,2.5824943310657598,sil,False,False,,True
accepted,studio_F1.wav,2.5924943310657595,sil,False,False,,True
accepted,studio_F1.wav,2.60249433106576,sil,False,False,,True
accepted,studio_F1.wav,2.6124943310657596,sil,False,False,,True
accepted,studio_F1.wav,2.62249433106576,sil,False,False,,True
accepted,studio_F1.wav,2.6324943310657596,sil,False,False,,True
accepted,studio_F1.wav,2.64249433106576,sil,False,False,,True
accepted,studio_F1.wav,2.6524943310657596,sil,False,False,,True
accepted,studio_F1.wav,2.66249433106576,sil,False,False,,True
accepted,studio_F1.wav,2.6724943310657596,sil,False,False,,True
accepted,studio_F1.wav,2.68249433106576,sil,False,False,,True
accepted,studio_F1.wav,2.6924943310657596,sil,False,False,,True
accepted,studio_F1.wav,2.7024943310657594,sil,False,False,,True
accepted,studio_F1.wav,2.7124943310657597,sil,False,False,,True
accepted,studio_F1.wav,2.7224943310657594,sil,False,False,,True
accepted,studio_F1.wav,2.7324943310657597,sil,False,False,,True
accepted,studio_F1.wav,2.7424943310657595,sil,False,False,,True
accepted,studio_F1.wav,2.7524943310657597,sil,False,False,,True
accepted,studio_F1.wav,2.7624943310657595,sil,False,False,,True
accepted,studio_F1.wav,2.7724943310657597,sil,False,False,,True
accepted,studio_F1.wav,2.7824943310657595,sil,False,False,,True
accepted,studio_F1.wav,2.7924943310657597,sil,False,False,,True
accepted,studio_F1.wav,2.8024943310657595,sil,False,False,,True
accepted,studio_F1.wav,2.8124943310657597,sil,False,False,,True
accepted,studio_F1.wav,2.8224943310657595,sil,False,False,,True
accepted,studio_F1.wav,2.8324943310657598,sil,False,False,,True
accepted,studio_F1.wav,2.8424943310657595,sil,False,False,,True
candidate,studio_F1.wav,0.012494331065759636,sil,True,False,,True
candidate,studio_F1.wav,0.022494331065759637,sil,False,False,,True
candidate,studio_F1.wav,0.032494331065759635,sil,False,False,,True
candidate,studio_F1.wav,0.04249433106575964,sil,False,False,,True
candidate,studio_F1.wav,0.05249433106575964,sil,False,False,,True
candidate,studio_F1.wav,0.062494331065759634,sil,False,False,,True
candidate,studio_F1.wav,0.07249433106575964,sil,False,False,,True
candidate,studio_F1.wav,0.08249433106575964,sil,False,False,,True
candidate,studio_F1.wav,0.09249433106575963,sil,False,False,,True
candidate,studio_F1.wav,0.10249433106575964,sil,False,False,,True
candidate,studio_F1.wav,0.11249433106575964,sil,False,False,,True
candidate,studio_F1.wav,0.12249433106575963,sil,False,False,,True
candidate,studio_F1.wav,0.13249433106575964,sil,False,False,,True
candidate,studio_F1.wav,0.14249433106575965,sil,False,False,,True
candidate,studio_F1.wav,0.15249433106575963,sil,False,False,,True
candidate,studio_F1.wav,0.16249433106575964,sil,False,False,,True
candidate,studio_F1.wav,0.17249433106575965,sil,False,False,,True
candidate,studio_F1.wav,0.18249433106575963,sil,False,False,,True
candidate,studio_F1.wav,0.19249433106575964,sil,False,False,,True
candidate,studio_F1.wav,0.20249433106575965,sil,False,False,,True
candidate,studio_F1.wav,0.21249433106575963,sil,False,False,,True
candidate,studio_F1.wav,0.22249433106575964,sil,False,False,,True
candidate,studio_F1.wav,0.23249433106575965,sil,False,False,,True
candidate,studio_F1.wav,0.24249433106575963,sil,False,False,,True
candidate,studio_F1.wav,0.25249433106575964,sil,False,False,,True
candidate,studio_F1.wav,0.26249433106575965,sil,False,False,,True
candidate,studio_F1.wav,0.27249433106575965,sil,False,False,,True
candidate,studio_F1.wav,0.28249433106575966,sil,False,False,,True
candidate,studio_F1.wav,0.2924943310657596,sil,False,False,,True
candidate,studio_F1.wav,0.3024943310657596,sil,False,False,,True
candidate,studio_F1.wav,0.31249433106575963,sil,False,False,,True
candidate,studio_F1.wav,0.32249433106575964,sil,False,False,,True
candidate,studio_F1.wav,0.33249433106575965,sil,False,False,,True
candidate,studio_F1.wav,0.34249433106575966,sil,False,False,,True
candidate,studio_F1.wav,0.3524943310657596,sil,False,False,,True
candidate,studio_F1.wav,0.3624943310657596,sil,False,False,,True
candidate,studio_F1.wav,0.37249433106575963,sil,False,False,,True
candidate,studio_F1.wav,0.38249433106575964,sil,False,False,,True
candidate,studio_F1.wav,0.39249433106575965,sil,False,False,,True
candidate,studio_F1.wav,0.40249433106575966,sil,False,False,,True
candidate,studio_F1.wav,0.4124943310657596,sil,False,False,,True
candidate,studio_F1.wav,0.4224943310657596,sil,False,False,,True
candidate,studio_F1.wav,0.43249433106575963,sil,False,False,,True
candidate,studio_F1.wav,0.44249433106575964,sil,False,False,,True
candidate,studio_F1.wav,0.45249433106575965,sil,False,False,,True
candidate,studio_F1.wav,0.46249433106575966,sil,False,False,,True
candidate,studio_F1.wav,0.4724943310657596,sil,False,False,,True
candidate,studio_F1.wav,0.4824943310657596,sil,False,False,,True
candidate,studio_F1.wav,0.4924943310657596,sil,False,False,,True
candidate,studio_F1.wav,0.5024943310657597,sil,False,False,,True
candidate,studio_F1.wav,0.5124943310657596,sil,False,False,,True
candidate,studio_F1.wav,0.5224943310657596,sil,False,False,,True
candidate,studio_F1.wav,0.5324943310657596,sil,False,False,,True
candidate,studio_F1.wav,0.5424943310657596,sil,False,False,,True
candidate,studio_F1.wav,0.5524943310657596,sil,False,False,,True
candidate,studio_F1.wav,0.5624943310657596,sil,False,False,,True
candidate,studio_F1.wav,0.5724943310657596,sil,False,False,,True
candidate,studio_F1.wav,0.5824943310657597,sil,False,False,,True
candidate,studio_F1.wav,0.5924943310657597,sil,False,False,,True
candidate,studio_F1.wav,0.6024943310657597,sil,False,False,,True
candidate,studio_F1.wav,0.6124943310657597,sil,False,False,,True
candidate,studio_F1.wav,0.6224943310657597,sil,False,False,,True
candidate,studio_F1.wav,0.6324943310657596,sil,False,False,,True
candidate,studio_F1.wav,0.6424943310657596,sil,False,False,,True
candidate,studio_F1.wav,0.6524943310657596,sil,False,False,,True
candidate,studio_F1.wav,0.6624943310657596,sil,False,False,,True
candidate,studio_F1.wav,0.6724943310657596,sil,True,False,,True
candidate,studio_F1.wav,0.6824943310657596,uv,True,False,,True
candidate,studio_F1.wav,0.6924943310657596,uv,True,False,,True
candidate,studio_F1.wav,0.7024943310657596,v,True,True,270.4318529010919,True
candidate,studio_F1.wav,0.7124943310657597,v,True,True,269.2107189933398,True
candidate,studio_F1.wav,0.7224943310657597,v,False,True,265.7858222127803,True
candidate,studio_F1.wav,0.7324943310657597,v,False,True,263.00284281529764,True
candidate,studio_F1.wav,0.7424943310657597,v,False,True,258.56077817287,True
candidate,studio_F1.wav,0.7524943310657597,v,False,True,257.34879021321285,True
candidate,studio_F1.wav,0.7624943310657596,v,False,True,257.407569660498,True
candidate,studio_F1.wav,0.7724943310657596,v,False,True,241.346413624334,True
candidate,studio_F1.wav,0.7824943310657596,v,False,True,236.03930704775448,True
candidate,studio_F1.wav,0.7924943310657596,v,False,True,239.67788182799086,True
candidate,studio_F1.wav,0.8024943310657596,v,False,True,246.82417151476864,True
candidate,studio_F1.wav,0.8124943310657596,v,False,True,247.67576439851908,True
candidate,studio_F1.wav,0.8224943310657596,v,False,True,246.99668501900285,True
candidate,studio_F1.wav,0.8324943310657597,v,False,True,246.14416638569617,True
candidate,studio_F1.wav,0.8424943310657597,v,False,True,245.62482253860892,True
candidate,studio_F1.wav,0.8524943310657597,v,False,True,245.05155955103868,True
candidate,studio_F1.wav,0.8624943310657597,v,False,True,243.87196072290288,True
candidate,studio_F1.wav,0.8724943310657597,v,False,True,242.3498280610455,True
candidate,studio_F1.wav,0.8824943310657596,v,False,True,240.92791718718365,True
candidate,studio_F1.wav,0.8924943310657596,v,False,True,239.15161742046456,True
candidate,studio_F1.wav,0.9024943310657596,v,False,True,232.74762805184466,True
candidate,studio_F1.wav,0.9124943310657596,v,False,True,223.4841228581913,True
candidate,studio_F1.wav,0.9224943310657596,v,False,True,224.19042620808065,True
candidate,studio_F1.wav,0.9324943310657596,v,False,True,225.75199918333314,True
candidate,studio_F1.wav,0.9424943310657596,v,False,True,230.47893837639765,True
candidate,studio_F1.wav,0.9524943310657596,v,False,True,240.02875266450272,True
candidate,studio_F1.wav,0.9624943310657597,v,False,True,252.11098202533884,True
candidate,studio_F1.wav,0.9724943310657597,v,False,True,253.42369492165372,True
candidate,studio_F1.wav,0.9824943310657597,v,False,True,253.0797081861554,True
candidate,studio_F1.wav,0.9924943310657597,v,False,True,246.87575832513784,True
candidate,studio_F1.wav,1.0024943310657597,v,False,False,,True
candidate,studio_F1.wav,1.0124943310657597,v,False,True,274.15358341942726,True
candidate,studio_F1.wav,1.0224943310657597,v,False,True,277.60534428733723,True
candidate,studio_F1.wav,1.0324943310657597,v,False,True,282.8072120879434,True
candidate,studio_F1.wav,1.0424943310657597,v,False,True,288.8691495888874,True
candidate,studio_F1.wav,1.0524943310657597,v,False,True,292.78219263568224,True
candidate,studio_F1.wav,1.0624943310657597,v,False,True,293.5503422523402,True
candidate,studio_F1.wav,1.0724943310657595,v,False,True,291.17278325662903,True
candidate,studio_F1.wav,1.0824943310657595,v,False,True,278.093398628023,True
candidate,studio_F1.wav,1.0924943310657595,v,True,False,,True
candidate,studio_F1.wav,1.1024943310657596,uv,True,False,,True
candidate,studio_F1.wav,1.1124943310657596,uv,True,False,,True
candidate,studio_F1.wav,1.1224943310657596,uv,True,False,,True
candidate,studio_F1.wav,1.1324943310657596,v,True,True,278.39702056326365,True
candidate,studio_F1.wav,1.1424943310657596,v,True,True,262.7485263862046,True
candidate,studio_F1.wav,1.1524943310657596,v,False,True,251.9836357127324,True
candidate,studio_F1.wav,1.1624943310657596,v,False,True,249.3768956556131,True
candidate,studio_F1.wav,1.1724943310657596,v,False,True,245.44966542405638,True
candidate,studio_F1.wav,1.1824943310657596,v,False,True,244.8335470650104,True
candidate,studio_F1.wav,1.1924943310657596,v,False,True,245.36226038828602,True
candidate,studio_F1.wav,1.2024943310657596,v,False,True,239.29237108312827,True
candidate,studio_F1.wav,1.2124943310657597,v,True,False,,True
candidate,studio_F1.wav,1.2224943310657597,uv,True,False,,True
candidate,studio_F1.wav,1.2324943310657597,uv,True,False,,True
candidate,studio_F1.wav,1.2424943310657597,uv,False,False,,True
candidate,studio_F1.wav,1.2524943310657597,uv,False,False,,True
candidate,studio_F1.wav,1.2624943310657597,uv,True,False,,True
candidate,studio_F1.wav,1.2724943310657597,v,True,True,314.83533256486305,True
candidate,studio_F1.wav,1.2824943310657597,v,True,True,315.76237241979857,True
candidate,studio_F1.wav,1.2924943310657597,v,False,True,318.63867979559143,True
candidate,studio_F1.wav,1.3024943310657597,v,False,True,316.6850010795782,True
candidate,studio_F1.wav,1.3124943310657597,v,False,True,307.0506666342008,True
candidate,studio_F1.wav,1.3224943310657595,v,False,True,297.91156685556706,True
candidate,studio_F1.wav,1.3324943310657595,v,False,True,282.9000094707357,True
candidate,studio_F1.wav,1.3424943310657595,v,False,True,269.0076524961928,True
candidate,studio_F1.wav,1.3524943310657596,v,False,True,237.4297088435913,True
candidate,studio_F1.wav,1.3624943310657596,v,False,True,230.94613858278677,True
candidate,studio_F1.wav,1.3724943310657596,v,False,True,219.31345245570196,True
candidate,studio_F1.wav,1.3824943310657596,v,False,True,210.9191816321587,True
candidate,studio_F1.wav,1.3924943310657596,v,False,True,202.34477254302857,True
candidate,studio_F1.wav,1.4024943310657596,v,False,True,199.13816293210695,True
candidate,studio_F1.wav,1.4124943310657596,v,False,True,196.05100387002918,True
candidate,studio_F1.wav,1.4224943310657596,v,False,True,193.58191357522773,True
candidate,studio_F1.wav,1.4324943310657596,v,False,True,200.64993721322045,True
candidate,studio_F1.wav,1.4424943310657596,v,False,True,201.40173408068605,True
candidate,studio_F1.wav,1.4524943310657596,v,False,True,204.60593506480336,True
candidate,studio_F1.wav,1.4624943310657597,v,False,True,207.1672547082553,True
candidate,studio_F1.wav,1.4724943310657597,v,False,True,212.00457746247346,True
candidate,studio_F1.wav,1.4824943310657597,v,False,True,215.05677170650696,True
candidate,studio_F1.wav,1.4924943310657597,v,False,True,218.35149554591283,True
candidate,studio_F1.wav,1.5024943310657597,v,False,True,217.11577545527024,True
candidate,studio_F1.wav,1.5124943310657597,v,False,True,214.8739900586269,True
candidate,studio_F1.wav,1.5224943310657597,v,False,True,212.02466866034433,True
candidate,studio_F1.wav,1.5324943310657597,v,False,True,209.4863794039144,True
candidate,studio_F1.wav,1.5424943310657597,v,False,True,206.4034153372879,True
candidate,studio_F1.wav,1.5524943310657597,v,False,True,203.27879607038386,True
candidate,studio_F1.wav,1.5624943310657597,v,False,True,199.00056426962604,True
candidate,studio_F1.wav,1.5724943310657595,v,False,True,200.11001720187042,True
candidate,studio_F1.wav,1.5824943310657595,v,False,True,198.82243091352717,True
candidate,studio_F1.wav,1.5924943310657595,v,False,True,196.39307321203145,True
candidate,studio_F1.wav,1.6024943310657596,v,False,True,196.35878718983554,True
candidate,studio_F1.wav,1.6124943310657596,v,False,True,196.81266916783073,True
candidate,studio_F1.wav,1.6224943310657596,v,False,True,195.2318423077218,True
candidate,studio_F1.wav,1.6324943310657596,v,False,True,182.0509916919126,True
candidate,studio_F1.wav,1.6424943310657596,v,True,True,177.4197338965186,True
candidate,studio_F1.wav,1.6524943310657596,uv,True,False,,True
candidate,studio_F1.wav,1.6624943310657596,uv,True,False,,True
candidate,studio_F1.wav,1.6724943310657596,uv,False,False,,True
candidate,studio_F1.wav,1.6824943310657596,uv,False,False,,True
candidate,studio_F1.wav,1.6924943310657596,uv,True,False,,True
candidate,studio_F1.wav,1.7024943310657596,v,True,True,244.99745344340087,True
candidate,studio_F1.wav,1.7124943310657597,v,True,True,237.146544068032,True
candidate,studio_F1.wav,1.7224943310657597,v,False,True,231.08293232331695,True
candidate,studio_F1.wav,1.7324943310657597,v,False,True,226.83588468920715,True
candidate,studio_F1.wav,1.7424943310657597,v,False,True,223.8987523884552,True
candidate,studio_F1.wav,1.7524943310657597,v,True,False,,True
candidate,studio_F1.wav,1.7624943310657597,uv,True,False,,True
candidate,studio_F1.wav,1.7724943310657597,uv,True,False,,True
candidate,studio_F1.wav,1.7824943310657597,uv,True,False,,True
candidate,studio_F1.wav,1.7924943310657597,v,True,False,,True
candidate,studio_F1.wav,1.8024943310657597,v,True,False,,True
candidate,studio_F1.wav,1.8124943310657597,v,False,False,,True
candidate,studio_F1.wav,1.8224943310657595,v,False,True,197.5995666710527,True
candidate,studio_F1.wav,1.8324943310657595,v,False,True,190.4531928749738,True
candidate,studio_F1.wav,1.8424943310657595,v,False,True,197.51801723836127,True
candidate,studio_F1.wav,1.8524943310657596,v,True,False,,True
candidate,studio_F1.wav,1.8624943310657596,uv,True,False,,True
candidate,studio_F1.wav,1.8724943310657596,uv,True,False,,True
candidate,studio_F1.wav,1.8824943310657596,uv,False,False,,True
candidate,studio_F1.wav,1.8924943310657596,uv,False,False,,True
candidate,studio_F1.wav,1.9024943310657596,uv,False,False,,True
candidate,studio_F1.wav,1.9124943310657596,uv,True,False,,True
candidate,studio_F1.wav,1.9224943310657596,v,True,True,224.1032579497787,True
candidate,studio_F1.wav,1.9324943310657596,v,True,True,216.24115085311513,True
candidate,studio_F1.wav,1.9424943310657596,v,False,True,211.1472494480004,True
candidate,studio_F1.wav,1.9524943310657596,v,False,True,208.59103576151546,True
candidate,studio_F1.wav,1.9624943310657597,v,False,True,207.66152064239284,True
candidate,studio_F1.wav,1.9724943310657597,v,False,True,205.77416439569717,True
candidate,studio_F1.wav,1.9824943310657597,v,False,True,203.4358968353448,True
candidate,studio_F1.wav,1.9924943310657597,v,False,True,200.89016517033085,True
candidate,studio_F1.wav,2.0024943310657597,v,False,True,199.59359042957544,True
candidate,studio_F1.wav,2.0124943310657595,v,False,True,198.4447127571319,True
candidate,studio_F1.wav,2.0224943310657597,v,False,True,196.55661502882504,True
candidate,studio_F1.wav,2.0324943310657595,v,False,True,195.36966643915218,True
candidate,studio_F1.wav,2.0424943310657597,v,False,True,193.9913818950676,True
candidate,studio_F1.wav,2.0524943310657595,v,False,True,191.64054211453444,True
candidate,studio_F1.wav,2.0624943310657597,v,False,True,190.041122121766,True
candidate,studio_F1.wav,2.0724943310657595,v,False,True,189.86254613079976,True
candidate,studio_F1.wav,2.0824943310657598,v,False,True,187.84537798857062,True
candidate,studio_F1.wav,2.0924943310657595,v,False,True,187.00767625476263,True
candidate,studio_F1.wav,2.10249433106576,v,False,True,185.78976043592348,True
candidate,studio_F1.wav,2.1124943310657596,v,False,True,182.6917995200667,True
candidate,studio_F1.wav,2.12249433106576,v,False,True,177.36917444030686,True
candidate,studio_F1.wav,2.1324943310657596,v,False,True,173.3787881791223,True
candidate,studio_F1.wav,2.14249433106576,v,True,True,163.8650782257128,True
candidate,studio_F1.wav,2.1524943310657596,sil,True,False,,True
candidate,studio_F1.wav,2.16249433106576,sil,True,False,,True
candidate,studio_F1.wav,2.1724943310657596,sil,False,False,,True
candidate,studio_F1.wav,2.18249433106576,sil,False,False,,True
candidate,studio_F1.wav,2.1924943310657596,sil,False,False,,True
candidate,studio_F1.wav,2.2024943310657594,sil,False,False,,True
candidate,studio_F1.wav,2.2124943310657597,sil,False,False,,True
candidate,studio_F1.wav,2.2224943310657594,sil,False,False,,True
candidate,studio_F1.wav,2.2324943310657597,sil,False,False,,True
candidate,studio_F1.wav,2.2424943310657595,sil,False,False,,True
candidate,studio_F1.wav,2.2524943310657597,sil,False,False,,True
candidate,studio_F1.wav,2.2624943310657595,sil,False,False,,True
candidate,studio_F1.wav,2.2724943310657597,sil,False,False,,True
candidate,studio_F1.wav,2.2824943310657595,sil,False,False,,True
candidate,studio_F1.wav,2.2924943310657597,sil,False,False,,True
candidate,studio_F1.wav,2.3024943310657595,sil,False,False,,True
candidate,studio_F1.wav,2.3124943310657597,sil,False,False,,True
candidate,studio_F1.wav,2.3224943310657595,sil,False,False,,True
candidate,studio_F1.wav,2.3324943310657598,sil,False,False,,True
candidate,studio_F1.wav,2.3424943310657595,sil,False,False,,True
candidate,studio_F1.wav,2.35249433106576,sil,False,False,,True
candidate,studio_F1.wav,2.3624943310657596,sil,False,False,,True
candidate,studio_F1.wav,2.37249433106576,sil,False,False,,True
candidate,studio_F1.wav,2.3824943310657596,sil,False,False,,True
candidate,studio_F1.wav,2.39249433106576,sil,False,False,,True
candidate,studio_F1.wav,2.4024943310657596,sil,False,False,,True
candidate,studio_F1.wav,2.41249433106576,sil,False,False,,True
candidate,studio_F1.wav,2.4224943310657596,sil,False,False,,True
candidate,studio_F1.wav,2.43249433106576,sil,False,False,,True
candidate,studio_F1.wav,2.4424943310657596,sil,False,False,,True
candidate,studio_F1.wav,2.4524943310657594,sil,False,False,,True
candidate,studio_F1.wav,2.4624943310657597,sil,False,False,,True
candidate,studio_F1.wav,2.4724943310657594,sil,False,False,,True
candidate,studio_F1.wav,2.4824943310657597,sil,False,False,,True
candidate,studio_F1.wav,2.4924943310657595,sil,False,False,,True
candidate,studio_F1.wav,2.5024943310657597,sil,False,False,,True
candidate,studio_F1.wav,2.5124943310657595,sil,False,False,,True
candidate,studio_F1.wav,2.5224943310657597,sil,False,False,,True
candidate,studio_F1.wav,2.5324943310657595,sil,False,False,,True
candidate,studio_F1.wav,2.5424943310657597,sil,False,False,,True
candidate,studio_F1.wav,2.5524943310657595,sil,False,False,,True
candidate,studio_F1.wav,2.5624943310657597,sil,False,False,,True
candidate,studio_F1.wav,2.5724943310657595,sil,False,False,,True
candidate,studio_F1.wav,2.5824943310657598,sil,False,False,,True
candidate,studio_F1.wav,2.5924943310657595,sil,False,False,,True
candidate,studio_F1.wav,2.60249433106576,sil,False,False,,True
candidate,studio_F1.wav,2.6124943310657596,sil,False,False,,True
candidate,studio_F1.wav,2.62249433106576,sil,False,False,,True
candidate,studio_F1.wav,2.6324943310657596,sil,False,False,,True
candidate,studio_F1.wav,2.64249433106576,sil,False,False,,True
candidate,studio_F1.wav,2.6524943310657596,sil,False,False,,True
candidate,studio_F1.wav,2.66249433106576,sil,False,False,,True
candidate,studio_F1.wav,2.6724943310657596,sil,False,False,,True
candidate,studio_F1.wav,2.68249433106576,sil,False,False,,True
candidate,studio_F1.wav,2.6924943310657596,sil,False,False,,True
candidate,studio_F1.wav,2.7024943310657594,sil,False,False,,True
candidate,studio_F1.wav,2.7124943310657597,sil,False,False,,True
candidate,studio_F1.wav,2.7224943310657594,sil,False,False,,True
candidate,studio_F1.wav,2.7324943310657597,sil,False,False,,True
candidate,studio_F1.wav,2.7424943310657595,sil,False,False,,True
candidate,studio_F1.wav,2.7524943310657597,sil,False,False,,True
candidate,studio_F1.wav,2.7624943310657595,sil,False,False,,True
candidate,studio_F1.wav,2.7724943310657597,sil,False,False,,True
candidate,studio_F1.wav,2.7824943310657595,sil,False,False,,True
candidate,studio_F1.wav,2.7924943310657597,sil,False,False,,True
candidate,studio_F1.wav,2.8024943310657595,sil,False,False,,True
candidate,studio_F1.wav,2.8124943310657597,sil,False,False,,True
candidate,studio_F1.wav,2.8224943310657595,sil,False,False,,True
candidate,studio_F1.wav,2.8324943310657598,sil,False,False,,True
candidate,studio_F1.wav,2.8424943310657595,sil,False,False,,True
accepted,studio_M1.wav,0.012494331065759636,sil,True,False,,True
accepted,studio_M1.wav,0.022494331065759637,sil,False,False,,True
accepted,studio_M1.wav,0.032494331065759635,sil,False,False,,True
accepted,studio_M1.wav,0.04249433106575964,sil,False,False,,True
accepted,studio_M1.wav,0.05249433106575964,sil,False,False,,True
accepted,studio_M1.wav,0.062494331065759634,sil,False,False,,True
accepted,studio_M1.wav,0.07249433106575964,sil,False,False,,True
accepted,studio_M1.wav,0.08249433106575964,sil,False,False,,True
accepted,studio_M1.wav,0.09249433106575963,sil,False,False,,True
accepted,studio_M1.wav,0.10249433106575964,sil,False,False,,True
accepted,studio_M1.wav,0.11249433106575964,sil,False,False,,True
accepted,studio_M1.wav,0.12249433106575963,sil,False,False,,True
accepted,studio_M1.wav,0.13249433106575964,sil,False,False,,True
accepted,studio_M1.wav,0.14249433106575965,sil,False,False,,True
accepted,studio_M1.wav,0.15249433106575963,sil,False,False,,True
accepted,studio_M1.wav,0.16249433106575964,sil,False,False,,True
accepted,studio_M1.wav,0.17249433106575965,sil,False,False,,True
accepted,studio_M1.wav,0.18249433106575963,sil,False,False,,True
accepted,studio_M1.wav,0.19249433106575964,sil,False,False,,True
accepted,studio_M1.wav,0.20249433106575965,sil,False,False,,True
accepted,studio_M1.wav,0.21249433106575963,sil,False,False,,True
accepted,studio_M1.wav,0.22249433106575964,sil,False,False,,True
accepted,studio_M1.wav,0.23249433106575965,sil,False,False,,True
accepted,studio_M1.wav,0.24249433106575963,sil,False,False,,True
accepted,studio_M1.wav,0.25249433106575964,sil,False,False,,True
accepted,studio_M1.wav,0.26249433106575965,sil,False,False,,True
accepted,studio_M1.wav,0.27249433106575965,sil,False,False,,True
accepted,studio_M1.wav,0.28249433106575966,sil,False,False,,True
accepted,studio_M1.wav,0.2924943310657596,sil,False,False,,True
accepted,studio_M1.wav,0.3024943310657596,sil,False,False,,True
accepted,studio_M1.wav,0.31249433106575963,sil,False,False,,True
accepted,studio_M1.wav,0.32249433106575964,sil,False,False,,True
accepted,studio_M1.wav,0.33249433106575965,sil,False,False,,True
accepted,studio_M1.wav,0.34249433106575966,sil,False,False,,True
accepted,studio_M1.wav,0.3524943310657596,sil,False,False,,True
accepted,studio_M1.wav,0.3624943310657596,sil,False,False,,True
accepted,studio_M1.wav,0.37249433106575963,sil,False,False,,True
accepted,studio_M1.wav,0.38249433106575964,sil,False,False,,True
accepted,studio_M1.wav,0.39249433106575965,sil,False,False,,True
accepted,studio_M1.wav,0.40249433106575966,sil,False,False,,True
accepted,studio_M1.wav,0.4124943310657596,sil,False,False,,True
accepted,studio_M1.wav,0.4224943310657596,sil,False,False,,True
accepted,studio_M1.wav,0.43249433106575963,sil,False,False,,True
accepted,studio_M1.wav,0.44249433106575964,sil,False,False,,True
accepted,studio_M1.wav,0.45249433106575965,sil,False,False,,True
accepted,studio_M1.wav,0.46249433106575966,sil,False,False,,True
accepted,studio_M1.wav,0.4724943310657596,sil,False,False,,True
accepted,studio_M1.wav,0.4824943310657596,sil,False,False,,True
accepted,studio_M1.wav,0.4924943310657596,sil,False,False,,True
accepted,studio_M1.wav,0.5024943310657597,sil,False,False,,True
accepted,studio_M1.wav,0.5124943310657596,sil,False,False,,True
accepted,studio_M1.wav,0.5224943310657596,sil,False,False,,True
accepted,studio_M1.wav,0.5324943310657596,sil,False,False,,True
accepted,studio_M1.wav,0.5424943310657596,sil,False,False,,True
accepted,studio_M1.wav,0.5524943310657596,sil,False,False,,True
accepted,studio_M1.wav,0.5624943310657596,sil,False,False,,True
accepted,studio_M1.wav,0.5724943310657596,sil,False,False,,True
accepted,studio_M1.wav,0.5824943310657597,sil,False,False,,True
accepted,studio_M1.wav,0.5924943310657597,sil,False,False,,True
accepted,studio_M1.wav,0.6024943310657597,sil,False,False,,True
accepted,studio_M1.wav,0.6124943310657597,sil,False,False,,True
accepted,studio_M1.wav,0.6224943310657597,sil,False,False,,True
accepted,studio_M1.wav,0.6324943310657596,sil,False,False,,True
accepted,studio_M1.wav,0.6424943310657596,sil,False,False,,True
accepted,studio_M1.wav,0.6524943310657596,sil,False,False,,True
accepted,studio_M1.wav,0.6624943310657596,sil,False,False,,True
accepted,studio_M1.wav,0.6724943310657596,sil,False,False,,True
accepted,studio_M1.wav,0.6824943310657596,sil,False,False,,True
accepted,studio_M1.wav,0.6924943310657596,sil,False,False,,True
accepted,studio_M1.wav,0.7024943310657596,sil,False,False,,True
accepted,studio_M1.wav,0.7124943310657597,sil,False,False,,True
accepted,studio_M1.wav,0.7224943310657597,sil,False,False,,True
accepted,studio_M1.wav,0.7324943310657597,sil,False,False,,True
accepted,studio_M1.wav,0.7424943310657597,sil,False,False,,True
accepted,studio_M1.wav,0.7524943310657597,sil,False,False,,True
accepted,studio_M1.wav,0.7624943310657596,sil,False,False,,True
accepted,studio_M1.wav,0.7724943310657596,sil,False,False,,True
accepted,studio_M1.wav,0.7824943310657596,sil,False,False,,True
accepted,studio_M1.wav,0.7924943310657596,sil,False,False,,True
accepted,studio_M1.wav,0.8024943310657596,sil,False,False,,True
accepted,studio_M1.wav,0.8124943310657596,sil,False,False,,True
accepted,studio_M1.wav,0.8224943310657596,sil,False,False,,True
accepted,studio_M1.wav,0.8324943310657597,sil,False,False,,True
accepted,studio_M1.wav,0.8424943310657597,sil,False,False,,True
accepted,studio_M1.wav,0.8524943310657597,sil,False,False,,True
accepted,studio_M1.wav,0.8624943310657597,sil,True,False,,True
accepted,studio_M1.wav,0.8724943310657597,uv,True,False,,True
accepted,studio_M1.wav,0.8824943310657596,uv,True,False,,True
accepted,studio_M1.wav,0.8924943310657596,uv,False,False,,True
accepted,studio_M1.wav,0.9024943310657596,uv,False,False,,True
accepted,studio_M1.wav,0.9124943310657596,uv,False,False,,True
accepted,studio_M1.wav,0.9224943310657596,uv,False,False,,True
accepted,studio_M1.wav,0.9324943310657596,uv,True,False,,True
accepted,studio_M1.wav,0.9424943310657596,v,True,True,138.00109493038696,True
accepted,studio_M1.wav,0.9524943310657596,v,True,True,136.8387647061621,True
accepted,studio_M1.wav,0.9624943310657597,v,False,True,135.15661878078566,True
accepted,studio_M1.wav,0.9724943310657597,v,False,True,134.1388061672503,True
accepted,studio_M1.wav,0.9824943310657597,v,False,True,133.52639450494738,True
accepted,studio_M1.wav,0.9924943310657597,v,False,True,126.40906681429989,True
accepted,studio_M1.wav,1.0024943310657597,v,False,True,122.8209185471733,True
accepted,studio_M1.wav,1.0124943310657597,v,False,True,121.061878670409,True
accepted,studio_M1.wav,1.0224943310657597,v,False,True,120.06495929463856,True
accepted,studio_M1.wav,1.0324943310657597,v,False,True,119.50080033117602,True
accepted,studio_M1.wav,1.0424943310657597,v,False,True,118.84795576019992,True
accepted,studio_M1.wav,1.0524943310657597,v,False,True,118.5495705538718,True
accepted,studio_M1.wav,1.0624943310657597,v,False,True,117.99592966445701,True
accepted,studio_M1.wav,1.0724943310657595,v,False,True,116.67515537211162,True
accepted,studio_M1.wav,1.0824943310657595,v,False,True,115.68965913998349,True
accepted,studio_M1.wav,1.0924943310657595,v,False,True,117.8670717062355,True
accepted,studio_M1.wav,1.1024943310657596,v,False,True,131.8110312305672,True
accepted,studio_M1.wav,1.1124943310657596,v,False,True,132.84381302692327,True
accepted,studio_M1.wav,1.1224943310657596,v,False,True,135.6411720682603,True
accepted,studio_M1.wav,1.1324943310657596,v,False,True,136.11753120106926,True
accepted,studio_M1.wav,1.1424943310657596,v,False,True,136.87270346059663,True
accepted,studio_M1.wav,1.1524943310657596,v,False,True,141.39090526377052,True
accepted,studio_M1.wav,1.1624943310657596,v,False,True,141.0096363478718,True
accepted,studio_M1.wav,1.1724943310657596,v,False,True,143.17925853222744,True
accepted,studio_M1.wav,1.1824943310657596,v,False,True,153.634247544066,True
accepted,studio_M1.wav,1.1924943310657596,v,False,False,,True
accepted,studio_M1.wav,1.2024943310657596,v,False,True,165.8068472258443,True
accepted,studio_M1.wav,1.2124943310657597,v,False,True,164.1793453279131,True
accepted,studio_M1.wav,1.2224943310657597,v,False,True,169.0141749910806,True
accepted,studio_M1.wav,1.2324943310657597,v,False,True,174.32430867192042,True
accepted,studio_M1.wav,1.2424943310657597,v,False,True,175.33234565203904,True
accepted,studio_M1.wav,1.2524943310657597,v,True,True,174.94480072264005,True
accepted,studio_M1.wav,1.2624943310657597,uv,True,False,,True
accepted,studio_M1.wav,1.2724943310657597,uv,True,False,,True
accepted,studio_M1.wav,1.2824943310657597,uv,False,False,,True
accepted,studio_M1.wav,1.2924943310657597,uv,False,False,,True
accepted,studio_M1.wav,1.3024943310657597,uv,False,False,,True
accepted,studio_M1.wav,1.3124943310657597,uv,False,False,,True
accepted,studio_M1.wav,1.3224943310657595,uv,True,False,,True
accepted,studio_M1.wav,1.3324943310657595,v,True,True,168.15437374537535,True
accepted,studio_M1.wav,1.3424943310657595,v,True,True,146.50888461155782,True
accepted,studio_M1.wav,1.3524943310657596,v,False,True,136.4276214189578,True
accepted,studio_M1.wav,1.3624943310657596,v,False,True,125.19337570412358,True
accepted,studio_M1.wav,1.3724943310657596,v,False,True,116.82595856588176,True
accepted,studio_M1.wav,1.3824943310657596,v,False,True,113.65304261911037,True
accepted,studio_M1.wav,1.3924943310657596,v,False,True,106.94849175025301,True
accepted,studio_M1.wav,1.4024943310657596,v,False,True,101.90966755685743,True
accepted,studio_M1.wav,1.4124943310657596,v,False,True,99.91535507990127,True
accepted,studio_M1.wav,1.4224943310657596,v,False,True,98.73860996113288,True
accepted,studio_M1.wav,1.4324943310657596,v,False,True,98.70016138179827,True
accepted,studio_M1.wav,1.4424943310657596,v,False,True,90.50326020374591,True
accepted,studio_M1.wav,1.4524943310657596,v,False,True,93.94062217011731,True
accepted,studio_M1.wav,1.4624943310657597,v,False,True,94.10614926240085,True
accepted,studio_M1.wav,1.4724943310657597,v,False,True,94.53855840441459,True
accepted,studio_M1.wav,1.4824943310657597,v,False,True,96.08737845727453,True
accepted,studio_M1.wav,1.4924943310657597,v,False,True,99.31498822278502,True
accepted,studio_M1.wav,1.5024943310657597,v,False,True,98.94802465359011,True
accepted,studio_M1.wav,1.5124943310657597,v,False,True,97.05053950183776,True
accepted,studio_M1.wav,1.5224943310657597,v,False,True,95.82062720138178,True
accepted,studio_M1.wav,1.5324943310657597,v,False,True,94.95589102802774,True
accepted,studio_M1.wav,1.5424943310657597,v,False,True,94.22605525752716,True
accepted,studio_M1.wav,1.5524943310657597,v,False,True,88.34384101679821,True
accepted,studio_M1.wav,1.5624943310657597,v,False,True,91.04817422392499,True
accepted,studio_M1.wav,1.5724943310657595,v,False,True,92.08637669428106,True
accepted,studio_M1.wav,1.5824943310657595,v,True,False,,True
accepted,studio_M1.wav,1.5924943310657595,uv,True,False,,True
accepted,studio_M1.wav,1.6024943310657596,uv,True,False,,True
accepted,studio_M1.wav,1.6124943310657596,uv,False,False,,True
accepted,studio_M1.wav,1.6224943310657596,uv,False,False,,True
accepted,studio_M1.wav,1.6324943310657596,uv,False,False,,True
accepted,studio_M1.wav,1.6424943310657596,uv,False,False,,True
accepted,studio_M1.wav,1.6524943310657596,uv,True,False,,True
accepted,studio_M1.wav,1.6624943310657596,v,True,False,,True
accepted,studio_M1.wav,1.6724943310657596,v,True,False,,True
accepted,studio_M1.wav,1.6824943310657596,v,False,False,,True
accepted,studio_M1.wav,1.6924943310657596,v,False,True,92.29298217951899,True
accepted,studio_M1.wav,1.7024943310657596,v,False,False,,True
accepted,studio_M1.wav,1.7124943310657597,v,False,False,,True
accepted,studio_M1.wav,1.7224943310657597,v,False,False,,True
accepted,studio_M1.wav,1.7324943310657597,v,False,False,,True
accepted,studio_M1.wav,1.7424943310657597,v,False,False,,True
accepted,studio_M1.wav,1.7524943310657597,v,False,False,,True
accepted,studio_M1.wav,1.7624943310657597,v,False,False,,True
accepted,studio_M1.wav,1.7724943310657597,v,True,False,,True
accepted,studio_M1.wav,1.7824943310657597,uv,True,False,,True
accepted,studio_M1.wav,1.7924943310657597,uv,True,False,,True
accepted,studio_M1.wav,1.8024943310657597,uv,False,False,,True
accepted,studio_M1.wav,1.8124943310657597,uv,True,False,,True
accepted,studio_M1.wav,1.8224943310657595,v,True,False,,True
accepted,studio_M1.wav,1.8324943310657595,v,True,False,,True
accepted,studio_M1.wav,1.8424943310657595,v,False,True,104.78090865612857,True
accepted,studio_M1.wav,1.8524943310657596,v,False,True,104.06843990624975,True
accepted,studio_M1.wav,1.8624943310657596,v,False,True,102.52496015555795,True
accepted,studio_M1.wav,1.8724943310657596,v,False,True,100.98140010634769,True
accepted,studio_M1.wav,1.8824943310657596,v,False,True,100.50746363556263,True
accepted,studio_M1.wav,1.8924943310657596,v,False,True,99.40206845734652,True
accepted,studio_M1.wav,1.9024943310657596,v,False,True,98.67625111857977,True
accepted,studio_M1.wav,1.9124943310657596,v,False,True,98.53481398720014,True
accepted,studio_M1.wav,1.9224943310657596,v,False,True,98.07111607351737,True
accepted,studio_M1.wav,1.9324943310657596,v,False,True,97.50874405692554,True
accepted,studio_M1.wav,1.9424943310657596,v,False,True,95.24876720515823,True
accepted,studio_M1.wav,1.9524943310657596,v,False,True,95.13514228762713,True
accepted,studio_M1.wav,1.9624943310657597,v,False,True,94.33663022064707,True
accepted,studio_M1.wav,1.9724943310657597,v,False,True,93.61431200733836,True
accepted,studio_M1.wav,1.9824943310657597,v,False,True,92.81327627645372,True
accepted,studio_M1.wav,1.9924943310657597,v,False,True,92.28034282830318,True
accepted,studio_M1.wav,2.0024943310657597,v,False,True,91.84277319357254,True
accepted,studio_M1.wav,2.0124943310657595,v,False,True,89.60871756091998,True
accepted,studio_M1.wav,2.0224943310657597,v,False,True,89.24861174046842,True
accepted,studio_M1.wav,2.0324943310657595,v,False,True,87.68056263333688,True
accepted,studio_M1.wav,2.0424943310657597,v,False,True,88.57078767309609,True
accepted,studio_M1.wav,2.0524943310657595,v,True,False,,True
accepted,studio_M1.wav,2.0624943310657597,sil,True,False,,True
accepted,studio_M1.wav,2.0724943310657595,sil,True,False,,True
accepted,studio_M1.wav,2.0824943310657598,sil,False,False,,True
accepted,studio_M1.wav,2.0924943310657595,sil,False,False,,True
accepted,studio_M1.wav,2.10249433106576,sil,False,False,,True
accepted,studio_M1.wav,2.1124943310657596,sil,False,False,,True
accepted,studio_M1.wav,2.12249433106576,sil,False,False,,True
accepted,studio_M1.wav,2.1324943310657596,sil,False,False,,True
accepted,studio_M1.wav,2.14249433106576,sil,False,False,,True
accepted,studio_M1.wav,2.1524943310657596,sil,False,False,,True
accepted,studio_M1.wav,2.16249433106576,sil,False,False,,True
accepted,studio_M1.wav,2.1724943310657596,sil,False,False,,True
accepted,studio_M1.wav,2.18249433106576,sil,False,False,,True
accepted,studio_M1.wav,2.1924943310657596,sil,False,False,,True
accepted,studio_M1.wav,2.2024943310657594,sil,False,False,,True
accepted,studio_M1.wav,2.2124943310657597,sil,False,False,,True
accepted,studio_M1.wav,2.2224943310657594,sil,False,False,,True
accepted,studio_M1.wav,2.2324943310657597,sil,False,False,,True
accepted,studio_M1.wav,2.2424943310657595,sil,False,False,,True
accepted,studio_M1.wav,2.2524943310657597,sil,False,False,,True
accepted,studio_M1.wav,2.2624943310657595,sil,False,False,,True
accepted,studio_M1.wav,2.2724943310657597,sil,False,False,,True
accepted,studio_M1.wav,2.2824943310657595,sil,False,False,,True
accepted,studio_M1.wav,2.2924943310657597,sil,False,False,,True
accepted,studio_M1.wav,2.3024943310657595,sil,False,False,,True
accepted,studio_M1.wav,2.3124943310657597,sil,False,False,,True
accepted,studio_M1.wav,2.3224943310657595,sil,False,False,,True
accepted,studio_M1.wav,2.3324943310657598,sil,False,False,,True
accepted,studio_M1.wav,2.3424943310657595,sil,False,False,,True
accepted,studio_M1.wav,2.35249433106576,sil,False,False,,True
accepted,studio_M1.wav,2.3624943310657596,sil,False,False,,True
accepted,studio_M1.wav,2.37249433106576,sil,False,False,,True
accepted,studio_M1.wav,2.3824943310657596,sil,False,False,,True
accepted,studio_M1.wav,2.39249433106576,sil,False,False,,True
accepted,studio_M1.wav,2.4024943310657596,sil,False,False,,True
accepted,studio_M1.wav,2.41249433106576,sil,False,False,,True
accepted,studio_M1.wav,2.4224943310657596,sil,False,False,,True
accepted,studio_M1.wav,2.43249433106576,sil,False,False,,True
accepted,studio_M1.wav,2.4424943310657596,sil,False,False,,True
accepted,studio_M1.wav,2.4524943310657594,sil,False,False,,True
accepted,studio_M1.wav,2.4624943310657597,sil,False,False,,True
accepted,studio_M1.wav,2.4724943310657594,sil,False,False,,True
accepted,studio_M1.wav,2.4824943310657597,sil,False,False,,True
accepted,studio_M1.wav,2.4924943310657595,sil,False,False,,True
accepted,studio_M1.wav,2.5024943310657597,sil,False,False,,True
accepted,studio_M1.wav,2.5124943310657595,sil,False,False,,True
accepted,studio_M1.wav,2.5224943310657597,sil,False,False,,True
accepted,studio_M1.wav,2.5324943310657595,sil,False,False,,True
accepted,studio_M1.wav,2.5424943310657597,sil,False,False,,True
accepted,studio_M1.wav,2.5524943310657595,sil,False,False,,True
accepted,studio_M1.wav,2.5624943310657597,sil,False,False,,True
accepted,studio_M1.wav,2.5724943310657595,sil,False,False,,True
accepted,studio_M1.wav,2.5824943310657598,sil,False,False,,True
accepted,studio_M1.wav,2.5924943310657595,sil,False,False,,True
accepted,studio_M1.wav,2.60249433106576,sil,False,False,,True
accepted,studio_M1.wav,2.6124943310657596,sil,False,False,,True
accepted,studio_M1.wav,2.62249433106576,sil,False,False,,True
accepted,studio_M1.wav,2.6324943310657596,sil,False,False,,True
accepted,studio_M1.wav,2.64249433106576,sil,False,False,,True
accepted,studio_M1.wav,2.6524943310657596,sil,False,False,,True
accepted,studio_M1.wav,2.66249433106576,sil,False,False,,True
accepted,studio_M1.wav,2.6724943310657596,sil,False,False,,True
accepted,studio_M1.wav,2.68249433106576,sil,False,False,,True
accepted,studio_M1.wav,2.6924943310657596,sil,False,False,,True
accepted,studio_M1.wav,2.7024943310657594,sil,False,False,,True
accepted,studio_M1.wav,2.7124943310657597,sil,False,False,,True
candidate,studio_M1.wav,0.012494331065759636,sil,True,False,,True
candidate,studio_M1.wav,0.022494331065759637,sil,False,False,,True
candidate,studio_M1.wav,0.032494331065759635,sil,False,False,,True
candidate,studio_M1.wav,0.04249433106575964,sil,False,False,,True
candidate,studio_M1.wav,0.05249433106575964,sil,False,False,,True
candidate,studio_M1.wav,0.062494331065759634,sil,False,False,,True
candidate,studio_M1.wav,0.07249433106575964,sil,False,False,,True
candidate,studio_M1.wav,0.08249433106575964,sil,False,False,,True
candidate,studio_M1.wav,0.09249433106575963,sil,False,False,,True
candidate,studio_M1.wav,0.10249433106575964,sil,False,False,,True
candidate,studio_M1.wav,0.11249433106575964,sil,False,False,,True
candidate,studio_M1.wav,0.12249433106575963,sil,False,False,,True
candidate,studio_M1.wav,0.13249433106575964,sil,False,False,,True
candidate,studio_M1.wav,0.14249433106575965,sil,False,False,,True
candidate,studio_M1.wav,0.15249433106575963,sil,False,False,,True
candidate,studio_M1.wav,0.16249433106575964,sil,False,False,,True
candidate,studio_M1.wav,0.17249433106575965,sil,False,False,,True
candidate,studio_M1.wav,0.18249433106575963,sil,False,False,,True
candidate,studio_M1.wav,0.19249433106575964,sil,False,False,,True
candidate,studio_M1.wav,0.20249433106575965,sil,False,False,,True
candidate,studio_M1.wav,0.21249433106575963,sil,False,False,,True
candidate,studio_M1.wav,0.22249433106575964,sil,False,False,,True
candidate,studio_M1.wav,0.23249433106575965,sil,False,False,,True
candidate,studio_M1.wav,0.24249433106575963,sil,False,False,,True
candidate,studio_M1.wav,0.25249433106575964,sil,False,False,,True
candidate,studio_M1.wav,0.26249433106575965,sil,False,False,,True
candidate,studio_M1.wav,0.27249433106575965,sil,False,False,,True
candidate,studio_M1.wav,0.28249433106575966,sil,False,False,,True
candidate,studio_M1.wav,0.2924943310657596,sil,False,False,,True
candidate,studio_M1.wav,0.3024943310657596,sil,False,False,,True
candidate,studio_M1.wav,0.31249433106575963,sil,False,False,,True
candidate,studio_M1.wav,0.32249433106575964,sil,False,False,,True
candidate,studio_M1.wav,0.33249433106575965,sil,False,False,,True
candidate,studio_M1.wav,0.34249433106575966,sil,False,False,,True
candidate,studio_M1.wav,0.3524943310657596,sil,False,False,,True
candidate,studio_M1.wav,0.3624943310657596,sil,False,False,,True
candidate,studio_M1.wav,0.37249433106575963,sil,False,False,,True
candidate,studio_M1.wav,0.38249433106575964,sil,False,False,,True
candidate,studio_M1.wav,0.39249433106575965,sil,False,False,,True
candidate,studio_M1.wav,0.40249433106575966,sil,False,False,,True
candidate,studio_M1.wav,0.4124943310657596,sil,False,False,,True
candidate,studio_M1.wav,0.4224943310657596,sil,False,False,,True
candidate,studio_M1.wav,0.43249433106575963,sil,False,False,,True
candidate,studio_M1.wav,0.44249433106575964,sil,False,False,,True
candidate,studio_M1.wav,0.45249433106575965,sil,False,False,,True
candidate,studio_M1.wav,0.46249433106575966,sil,False,False,,True
candidate,studio_M1.wav,0.4724943310657596,sil,False,False,,True
candidate,studio_M1.wav,0.4824943310657596,sil,False,False,,True
candidate,studio_M1.wav,0.4924943310657596,sil,False,False,,True
candidate,studio_M1.wav,0.5024943310657597,sil,False,False,,True
candidate,studio_M1.wav,0.5124943310657596,sil,False,False,,True
candidate,studio_M1.wav,0.5224943310657596,sil,False,False,,True
candidate,studio_M1.wav,0.5324943310657596,sil,False,False,,True
candidate,studio_M1.wav,0.5424943310657596,sil,False,False,,True
candidate,studio_M1.wav,0.5524943310657596,sil,False,False,,True
candidate,studio_M1.wav,0.5624943310657596,sil,False,False,,True
candidate,studio_M1.wav,0.5724943310657596,sil,False,False,,True
candidate,studio_M1.wav,0.5824943310657597,sil,False,False,,True
candidate,studio_M1.wav,0.5924943310657597,sil,False,False,,True
candidate,studio_M1.wav,0.6024943310657597,sil,False,False,,True
candidate,studio_M1.wav,0.6124943310657597,sil,False,False,,True
candidate,studio_M1.wav,0.6224943310657597,sil,False,False,,True
candidate,studio_M1.wav,0.6324943310657596,sil,False,False,,True
candidate,studio_M1.wav,0.6424943310657596,sil,False,False,,True
candidate,studio_M1.wav,0.6524943310657596,sil,False,False,,True
candidate,studio_M1.wav,0.6624943310657596,sil,False,False,,True
candidate,studio_M1.wav,0.6724943310657596,sil,False,False,,True
candidate,studio_M1.wav,0.6824943310657596,sil,False,False,,True
candidate,studio_M1.wav,0.6924943310657596,sil,False,False,,True
candidate,studio_M1.wav,0.7024943310657596,sil,False,False,,True
candidate,studio_M1.wav,0.7124943310657597,sil,False,False,,True
candidate,studio_M1.wav,0.7224943310657597,sil,False,False,,True
candidate,studio_M1.wav,0.7324943310657597,sil,False,False,,True
candidate,studio_M1.wav,0.7424943310657597,sil,False,False,,True
candidate,studio_M1.wav,0.7524943310657597,sil,False,False,,True
candidate,studio_M1.wav,0.7624943310657596,sil,False,False,,True
candidate,studio_M1.wav,0.7724943310657596,sil,False,False,,True
candidate,studio_M1.wav,0.7824943310657596,sil,False,False,,True
candidate,studio_M1.wav,0.7924943310657596,sil,False,False,,True
candidate,studio_M1.wav,0.8024943310657596,sil,False,False,,True
candidate,studio_M1.wav,0.8124943310657596,sil,False,False,,True
candidate,studio_M1.wav,0.8224943310657596,sil,False,False,,True
candidate,studio_M1.wav,0.8324943310657597,sil,False,False,,True
candidate,studio_M1.wav,0.8424943310657597,sil,False,False,,True
candidate,studio_M1.wav,0.8524943310657597,sil,False,False,,True
candidate,studio_M1.wav,0.8624943310657597,sil,True,False,,True
candidate,studio_M1.wav,0.8724943310657597,uv,True,False,,True
candidate,studio_M1.wav,0.8824943310657596,uv,True,False,,True
candidate,studio_M1.wav,0.8924943310657596,uv,False,False,,True
candidate,studio_M1.wav,0.9024943310657596,uv,False,False,,True
candidate,studio_M1.wav,0.9124943310657596,uv,False,False,,True
candidate,studio_M1.wav,0.9224943310657596,uv,False,False,,True
candidate,studio_M1.wav,0.9324943310657596,uv,True,False,,True
candidate,studio_M1.wav,0.9424943310657596,v,True,True,137.26079227578134,True
candidate,studio_M1.wav,0.9524943310657596,v,True,True,136.70691256582697,True
candidate,studio_M1.wav,0.9624943310657597,v,False,True,135.13335554771064,True
candidate,studio_M1.wav,0.9724943310657597,v,False,True,134.09395873781216,True
candidate,studio_M1.wav,0.9824943310657597,v,False,True,133.73847123754825,True
candidate,studio_M1.wav,0.9924943310657597,v,False,True,126.26457155131206,True
candidate,studio_M1.wav,1.0024943310657597,v,False,True,122.57156228956724,True
candidate,studio_M1.wav,1.0124943310657597,v,False,True,120.86556435259922,True
candidate,studio_M1.wav,1.0224943310657597,v,False,True,120.0420203057339,True
candidate,studio_M1.wav,1.0324943310657597,v,False,True,119.56346697085091,True
candidate,studio_M1.wav,1.0424943310657597,v,False,True,118.96960451523054,True
candidate,studio_M1.wav,1.0524943310657597,v,False,True,118.4293872622208,True
candidate,studio_M1.wav,1.0624943310657597,v,False,True,118.27650701148173,True
candidate,studio_M1.wav,1.0724943310657595,v,False,True,117.16483280465557,True
candidate,studio_M1.wav,1.0824943310657595,v,False,True,116.7260913302989,True
candidate,studio_M1.wav,1.0924943310657595,v,False,True,130.78390962083898,True
candidate,studio_M1.wav,1.1024943310657596,v,False,True,132.45456649344302,True
candidate,studio_M1.wav,1.1124943310657596,v,False,True,133.32152554447578,True
candidate,studio_M1.wav,1.1224943310657596,v,False,True,135.6332653836524,True
candidate,studio_M1.wav,1.1324943310657596,v,False,True,136.0213746644194,True
candidate,studio_M1.wav,1.1424943310657596,v,False,True,137.5087998266708,True
candidate,studio_M1.wav,1.1524943310657596,v,False,True,140.26560575534543,True
candidate,studio_M1.wav,1.1624943310657596,v,False,True,141.69862575145066,True
candidate,studio_M1.wav,1.1724943310657596,v,False,True,136.4918816130899,True
candidate,studio_M1.wav,1.1824943310657596,v,False,True,146.63247954120644,True
candidate,studio_M1.wav,1.1924943310657596,v,False,False,,True
candidate,studio_M1.wav,1.2024943310657596,v,False,True,164.55708670610287,True
candidate,studio_M1.wav,1.2124943310657597,v,False,True,167.65202449875642,True
candidate,studio_M1.wav,1.2224943310657597,v,False,True,171.3076979818852,True
candidate,studio_M1.wav,1.2324943310657597,v,False,True,174.28518954132574,True
candidate,studio_M1.wav,1.2424943310657597,v,False,True,174.74184794974218,True
candidate,studio_M1.wav,1.2524943310657597,v,True,True,175.26208210657418,True
candidate,studio_M1.wav,1.2624943310657597,uv,True,False,,True
candidate,studio_M1.wav,1.2724943310657597,uv,True,False,,True
candidate,studio_M1.wav,1.2824943310657597,uv,False,False,,True
candidate,studio_M1.wav,1.2924943310657597,uv,False,False,,True
candidate,studio_M1.wav,1.3024943310657597,uv,False,False,,True
candidate,studio_M1.wav,1.3124943310657597,uv,False,False,,True
candidate,studio_M1.wav,1.3224943310657595,uv,True,False,,True
candidate,studio_M1.wav,1.3324943310657595,v,True,True,151.44707954507996,True
candidate,studio_M1.wav,1.3424943310657595,v,True,True,145.5632369163917,True
candidate,studio_M1.wav,1.3524943310657596,v,False,True,136.21556100293455,True
candidate,studio_M1.wav,1.3624943310657596,v,False,True,121.47966079012552,True
candidate,studio_M1.wav,1.3724943310657596,v,False,True,116.94767861181359,True
candidate,studio_M1.wav,1.3824943310657596,v,False,True,115.17328075549915,True
candidate,studio_M1.wav,1.3924943310657596,v,False,True,107.07191710976764,True
candidate,studio_M1.wav,1.4024943310657596,v,False,True,101.87618133664344,True
candidate,studio_M1.wav,1.4124943310657596,v,False,True,100.04860657315193,True
candidate,studio_M1.wav,1.4224943310657596,v,False,True,99.20141382070808,True
candidate,studio_M1.wav,1.4324943310657596,v,False,True,98.57995328881545,True
candidate,studio_M1.wav,1.4424943310657596,v,False,True,93.23308010385043,True
candidate,studio_M1.wav,1.4524943310657596,v,False,True,93.45514716616213,True
candidate,studio_M1.wav,1.4624943310657597,v,False,True,94.22895485420918,True
candidate,studio_M1.wav,1.4724943310657597,v,False,True,94.52269070411887,True
candidate,studio_M1.wav,1.4824943310657597,v,False,True,95.41489438896967,True
candidate,studio_M1.wav,1.4924943310657597,v,False,True,99.18361960608154,True
candidate,studio_M1.wav,1.5024943310657597,v,False,True,97.7732307169302,True
candidate,studio_M1.wav,1.5124943310657597,v,False,True,96.8632818809018,True
candidate,studio_M1.wav,1.5224943310657597,v,False,True,95.9713816760376,True
candidate,studio_M1.wav,1.5324943310657597,v,False,True,95.28250713723222,True
candidate,studio_M1.wav,1.5424943310657597,v,False,True,94.69482011999155,True
candidate,studio_M1.wav,1.5524943310657597,v,False,True,91.14338496915703,True
candidate,studio_M1.wav,1.5624943310657597,v,False,True,90.91485378898386,True
candidate,studio_M1.wav,1.5724943310657595,v,False,True,91.41541849862261,True
candidate,studio_M1.wav,1.5824943310657595,v,True,False,,True
candidate,studio_M1.wav,1.5924943310657595,uv,True,False,,True
candidate,studio_M1.wav,1.6024943310657596,uv,True,False,,True
candidate,studio_M1.wav,1.6124943310657596,uv,False,False,,True
candidate,studio_M1.wav,1.6224943310657596,uv,False,False,,True
candidate,studio_M1.wav,1.6324943310657596,uv,False,False,,True
candidate,studio_M1.wav,1.6424943310657596,uv,False,False,,True
candidate,studio_M1.wav,1.6524943310657596,uv,True,False,,True
candidate,studio_M1.wav,1.6624943310657596,v,True,False,,True
candidate,studio_M1.wav,1.6724943310657596,v,True,False,,True
candidate,studio_M1.wav,1.6824943310657596,v,False,False,,True
candidate,studio_M1.wav,1.6924943310657596,v,False,True,92.0506848004775,True
candidate,studio_M1.wav,1.7024943310657596,v,False,False,,True
candidate,studio_M1.wav,1.7124943310657597,v,False,False,,True
candidate,studio_M1.wav,1.7224943310657597,v,False,False,,True
candidate,studio_M1.wav,1.7324943310657597,v,False,False,,True
candidate,studio_M1.wav,1.7424943310657597,v,False,False,,True
candidate,studio_M1.wav,1.7524943310657597,v,False,False,,True
candidate,studio_M1.wav,1.7624943310657597,v,False,False,,True
candidate,studio_M1.wav,1.7724943310657597,v,True,False,,True
candidate,studio_M1.wav,1.7824943310657597,uv,True,False,,True
candidate,studio_M1.wav,1.7924943310657597,uv,True,False,,True
candidate,studio_M1.wav,1.8024943310657597,uv,False,False,,True
candidate,studio_M1.wav,1.8124943310657597,uv,True,False,,True
candidate,studio_M1.wav,1.8224943310657595,v,True,False,,True
candidate,studio_M1.wav,1.8324943310657595,v,True,False,,True
candidate,studio_M1.wav,1.8424943310657595,v,False,True,104.26637112273552,True
candidate,studio_M1.wav,1.8524943310657596,v,False,True,103.7436145155651,True
candidate,studio_M1.wav,1.8624943310657596,v,False,True,102.50361733896841,True
candidate,studio_M1.wav,1.8724943310657596,v,False,True,101.01132197206174,True
candidate,studio_M1.wav,1.8824943310657596,v,False,True,100.46584611162345,True
candidate,studio_M1.wav,1.8924943310657596,v,False,True,99.44994736120981,True
candidate,studio_M1.wav,1.9024943310657596,v,False,True,98.83595080477124,True
candidate,studio_M1.wav,1.9124943310657596,v,False,True,98.4118923164183,True
candidate,studio_M1.wav,1.9224943310657596,v,False,True,98.0878087157645,True
candidate,studio_M1.wav,1.9324943310657596,v,False,True,97.66885038281076,True
candidate,studio_M1.wav,1.9424943310657596,v,False,True,95.33289861117296,True
candidate,studio_M1.wav,1.9524943310657596,v,False,True,94.95389693170156,True
candidate,studio_M1.wav,1.9624943310657597,v,False,True,94.12555733090436,True
candidate,studio_M1.wav,1.9724943310657597,v,False,True,93.31858507376985,True
candidate,studio_M1.wav,1.9824943310657597,v,False,True,92.83926492833996,True
candidate,studio_M1.wav,1.9924943310657597,v,False,True,92.22063157657938,True
candidate,studio_M1.wav,2.0024943310657597,v,False,True,89.58523446000164,True
candidate,studio_M1.wav,2.0124943310657595,v,False,True,89.53589746959821,True
candidate,studio_M1.wav,2.0224943310657597,v,False,True,89.48586644761018,True
candidate,studio_M1.wav,2.0324943310657595,v,False,True,89.00562348037357,True
candidate,studio_M1.wav,2.0424943310657597,v,False,True,88.16824184547504,True
candidate,studio_M1.wav,2.0524943310657595,v,True,False,,True
candidate,studio_M1.wav,2.0624943310657597,sil,True,False,,True
candidate,studio_M1.wav,2.0724943310657595,sil,True,False,,True
candidate,studio_M1.wav,2.0824943310657598,sil,False,False,,True
candidate,studio_M1.wav,2.0924943310657595,sil,False,False,,True
candidate,studio_M1.wav,2.10249433106576,sil,False,False,,True
candidate,studio_M1.wav,2.1124943310657596,sil,False,False,,True
candidate,studio_M1.wav,2.12249433106576,sil,False,False,,True
candidate,studio_M1.wav,2.1324943310657596,sil,False,False,,True
candidate,studio_M1.wav,2.14249433106576,sil,False,False,,True
candidate,studio_M1.wav,2.1524943310657596,sil,False,False,,True
candidate,studio_M1.wav,2.16249433106576,sil,False,False,,True
candidate,studio_M1.wav,2.1724943310657596,sil,False,False,,True
candidate,studio_M1.wav,2.18249433106576,sil,False,False,,True
candidate,studio_M1.wav,2.1924943310657596,sil,False,False,,True
candidate,studio_M1.wav,2.2024943310657594,sil,False,False,,True
candidate,studio_M1.wav,2.2124943310657597,sil,False,False,,True
candidate,studio_M1.wav,2.2224943310657594,sil,False,False,,True
candidate,studio_M1.wav,2.2324943310657597,sil,False,False,,True
candidate,studio_M1.wav,2.2424943310657595,sil,False,False,,True
candidate,studio_M1.wav,2.2524943310657597,sil,False,False,,True
candidate,studio_M1.wav,2.2624943310657595,sil,False,False,,True
candidate,studio_M1.wav,2.2724943310657597,sil,False,False,,True
candidate,studio_M1.wav,2.2824943310657595,sil,False,False,,True
candidate,studio_M1.wav,2.2924943310657597,sil,False,False,,True
candidate,studio_M1.wav,2.3024943310657595,sil,False,False,,True
candidate,studio_M1.wav,2.3124943310657597,sil,False,False,,True
candidate,studio_M1.wav,2.3224943310657595,sil,False,False,,True
candidate,studio_M1.wav,2.3324943310657598,sil,False,False,,True
candidate,studio_M1.wav,2.3424943310657595,sil,False,False,,True
candidate,studio_M1.wav,2.35249433106576,sil,False,False,,True
candidate,studio_M1.wav,2.3624943310657596,sil,False,False,,True
candidate,studio_M1.wav,2.37249433106576,sil,False,False,,True
candidate,studio_M1.wav,2.3824943310657596,sil,False,False,,True
candidate,studio_M1.wav,2.39249433106576,sil,False,False,,True
candidate,studio_M1.wav,2.4024943310657596,sil,False,False,,True
candidate,studio_M1.wav,2.41249433106576,sil,False,False,,True
candidate,studio_M1.wav,2.4224943310657596,sil,False,False,,True
candidate,studio_M1.wav,2.43249433106576,sil,False,False,,True
candidate,studio_M1.wav,2.4424943310657596,sil,False,False,,True
candidate,studio_M1.wav,2.4524943310657594,sil,False,False,,True
candidate,studio_M1.wav,2.4624943310657597,sil,False,False,,True
candidate,studio_M1.wav,2.4724943310657594,sil,False,False,,True
candidate,studio_M1.wav,2.4824943310657597,sil,False,False,,True
candidate,studio_M1.wav,2.4924943310657595,sil,False,False,,True
candidate,studio_M1.wav,2.5024943310657597,sil,False,False,,True
candidate,studio_M1.wav,2.5124943310657595,sil,False,False,,True
candidate,studio_M1.wav,2.5224943310657597,sil,False,False,,True
candidate,studio_M1.wav,2.5324943310657595,sil,False,False,,True
candidate,studio_M1.wav,2.5424943310657597,sil,False,False,,True
candidate,studio_M1.wav,2.5524943310657595,sil,False,False,,True
candidate,studio_M1.wav,2.5624943310657597,sil,False,False,,True
candidate,studio_M1.wav,2.5724943310657595,sil,False,False,,True
candidate,studio_M1.wav,2.5824943310657598,sil,False,False,,True
candidate,studio_M1.wav,2.5924943310657595,sil,False,False,,True
candidate,studio_M1.wav,2.60249433106576,sil,False,False,,True
candidate,studio_M1.wav,2.6124943310657596,sil,False,False,,True
candidate,studio_M1.wav,2.62249433106576,sil,False,False,,True
candidate,studio_M1.wav,2.6324943310657596,sil,False,False,,True
candidate,studio_M1.wav,2.64249433106576,sil,False,False,,True
candidate,studio_M1.wav,2.6524943310657596,sil,False,False,,True
candidate,studio_M1.wav,2.66249433106576,sil,False,False,,True
candidate,studio_M1.wav,2.6724943310657596,sil,False,False,,True
candidate,studio_M1.wav,2.68249433106576,sil,False,False,,True
candidate,studio_M1.wav,2.6924943310657596,sil,False,False,,True
candidate,studio_M1.wav,2.7024943310657594,sil,False,False,,True
candidate,studio_M1.wav,2.7124943310657597,sil,False,False,,True
