option_id,file,time_s,raw_f0_hz,raw_voiced,hybrid_source
praat7_filtered_v0.3,phone_F1.wav,0.025,0.0,False,praat_control
praat7_filtered_v0.3,phone_F1.wav,0.035,0.0,False,praat_control
praat7_filtered_v0.3,phone_F1.wav,0.045,0.0,False,praat_control
praat7_filtered_v0.3,phone_F1.wav,0.055,0.0,False,praat_control
praat7_filtered_v0.3,phone_F1.wav,0.065,0.0,False,praat_control
praat7_filtered_v0.3,phone_F1.wav,0.075,0.0,False,praat_control
praat7_filtered_v0.3,phone_F1.wav,0.085,0.0,False,praat_control
praat7_filtered_v0.3,phone_F1.wav,0.095,0.0,False,praat_control
praat7_filtered_v0.3,phone_F1.wav,0.105,0.0,False,praat_control
praat7_filtered_v0.3,phone_F1.wav,0.115,0.0,False,praat_control
praat7_filtered_v0.3,phone_F1.wav,0.125,0.0,False,praat_control
praat7_filtered_v0.3,phone_F1.wav,0.135,0.0,False,praat_control
praat7_filtered_v0.3,phone_F1.wav,0.145,0.0,False,praat_control
praat7_filtered_v0.3,phone_F1.wav,0.155,0.0,False,praat_control
praat7_filtered_v0.3,phone_F1.wav,0.165,0.0,False,praat_control
praat7_filtered_v0.3,phone_F1.wav,0.175,0.0,False,praat_control
praat7_filtered_v0.3,phone_F1.wav,0.185,0.0,False,praat_control
praat7_filtered_v0.3,phone_F1.wav,0.195,0.0,False,praat_control
praat7_filtered_v0.3,phone_F1.wav,0.205,0.0,False,praat_control
praat7_filtered_v0.3,phone_F1.wav,0.215,0.0,False,praat_control
praat7_filtered_v0.3,phone_F1.wav,0.225,0.0,False,praat_control
praat7_filtered_v0.3,phone_F1.wav,0.235,0.0,False,praat_control
praat7_filtered_v0.3,phone_F1.wav,0.245,0.0,False,praat_control
praat7_filtered_v0.3,phone_F1.wav,0.255,0.0,False,praat_control
praat7_filtered_v0.3,phone_F1.wav,0.265,0.0,False,praat_control
praat7_filtered_v0.3,phone_F1.wav,0.275,0.0,False,praat_control
praat7_filtered_v0.3,phone_F1.wav,0.285,0.0,False,praat_control
praat7_filtered_v0.3,phone_F1.wav,0.295,0.0,False,praat_control
praat7_filtered_v0.3,phone_F1.wav,0.305,0.0,False,praat_control
praat7_filtered_v0.3,phone_F1.wav,0.315,0.0,False,praat_control
praat7_filtered_v0.3,phone_F1.wav,0.325,0.0,False,praat_control
praat7_filtered_v0.3,phone_F1.wav,0.335,0.0,False,praat_control
praat7_filtered_v0.3,phone_F1.wav,0.345,0.0,False,praat_control
praat7_filtered_v0.3,phone_F1.wav,0.355,0.0,False,praat_control
praat7_filtered_v0.3,phone_F1.wav,0.365,0.0,False,praat_control
praat7_filtered_v0.3,phone_F1.wav,0.375,0.0,False,praat_control
praat7_filtered_v0.3,phone_F1.wav,0.385,0.0,False,praat_control
praat7_filtered_v0.3,phone_F1.wav,0.395,0.0,False,praat_control
praat7_filtered_v0.3,phone_F1.wav,0.405,0.0,False,praat_control
praat7_filtered_v0.3,phone_F1.wav,0.415,0.0,False,praat_control
praat7_filtered_v0.3,phone_F1.wav,0.425,0.0,False,praat_control
praat7_filtered_v0.3,phone_F1.wav,0.435,0.0,False,praat_control
praat7_filtered_v0.3,phone_F1.wav,0.445,0.0,False,praat_control
praat7_filtered_v0.3,phone_F1.wav,0.455,0.0,False,praat_control
praat7_filtered_v0.3,phone_F1.wav,0.465,0.0,False,praat_control
praat7_filtered_v0.3,phone_F1.wav,0.475,0.0,False,praat_control
praat7_filtered_v0.3,phone_F1.wav,0.485,0.0,False,praat_control
praat7_filtered_v0.3,phone_F1.wav,0.495,0.0,False,praat_control
praat7_filtered_v0.3,phone_F1.wav,0.505,0.0,False,praat_control
praat7_filtered_v0.3,phone_F1.wav,0.515,0.0,False,praat_control
praat7_filtered_v0.3,phone_F1.wav,0.525,0.0,False,praat_control
praat7_filtered_v0.3,phone_F1.wav,0.535,0.0,False,praat_control
praat7_filtered_v0.3,phone_F1.wav,0.545,224.0735160407899,True,praat_control
praat7_filtered_v0.3,phone_F1.wav,0.555,223.5047031875168,True,praat_control
praat7_filtered_v0.3,phone_F1.wav,0.565,219.08533742449825,True,praat_control
praat7_filtered_v0.3,phone_F1.wav,0.575,217.38044082588976,True,praat_control
praat7_filtered_v0.3,phone_F1.wav,0.585,218.4453788161298,True,praat_control
praat7_filtered_v0.3,phone_F1.wav,0.595,218.12580709083696,True,praat_control
praat7_filtered_v0.3,phone_F1.wav,0.605,218.47097952418827,True,praat_control
praat7_filtered_v0.3,phone_F1.wav,0.615,219.9949444042771,True,praat_control
praat7_filtered_v0.3,phone_F1.wav,0.625,223.8658883716753,True,praat_control
praat7_filtered_v0.3,phone_F1.wav,0.635,227.83927652274312,True,praat_control
praat7_filtered_v0.3,phone_F1.wav,0.645,231.81439445718203,True,praat_control
praat7_filtered_v0.3,phone_F1.wav,0.655,233.28344188725552,True,praat_control
praat7_filtered_v0.3,phone_F1.wav,0.665,231.23276017556924,True,praat_control
praat7_filtered_v0.3,phone_F1.wav,0.675,228.61835659767152,True,praat_control
praat7_filtered_v0.3,phone_F1.wav,0.685,229.05522300836327,True,praat_control
praat7_filtered_v0.3,phone_F1.wav,0.695,229.73121869293516,True,praat_control
praat7_filtered_v0.3,phone_F1.wav,0.705,230.49637853904616,True,praat_control
praat7_filtered_v0.3,phone_F1.wav,0.715,231.39074213424632,True,praat_control
praat7_filtered_v0.3,phone_F1.wav,0.725,232.3007754838184,True,praat_control
praat7_filtered_v0.3,phone_F1.wav,0.735,231.5889785727706,True,praat_control
praat7_filtered_v0.3,phone_F1.wav,0.745,229.01966098570165,True,praat_control
praat7_filtered_v0.3,phone_F1.wav,0.755,234.37896978375767,True,praat_control
praat7_filtered_v0.3,phone_F1.wav,0.765,232.4005588830252,True,praat_control
praat7_filtered_v0.3,phone_F1.wav,0.775,229.004036395166,True,praat_control
praat7_filtered_v0.3,phone_F1.wav,0.785,224.680292569356,True,praat_control
praat7_filtered_v0.3,phone_F1.wav,0.795,218.62643558513463,True,praat_control
praat7_filtered_v0.3,phone_F1.wav,0.805,223.4546760399243,True,praat_control
praat7_filtered_v0.3,phone_F1.wav,0.815,234.50381398329563,True,praat_control
praat7_filtered_v0.3,phone_F1.wav,0.825,235.0037756215252,True,praat_control
praat7_filtered_v0.3,phone_F1.wav,0.835,236.8898087703165,True,praat_control
praat7_filtered_v0.3,phone_F1.wav,0.845,238.68072314149688,True,praat_control
praat7_filtered_v0.3,phone_F1.wav,0.855,241.24100670885664,True,praat_control
praat7_filtered_v0.3,phone_F1.wav,0.865,242.72893552402408,True,praat_control
praat7_filtered_v0.3,phone_F1.wav,0.875,242.42228471177407,True,praat_control
praat7_filtered_v0.3,phone_F1.wav,0.885,245.32226796354675,True,praat_control
praat7_filtered_v0.3,phone_F1.wav,0.895,249.42482053093804,True,praat_control
praat7_filtered_v0.3,phone_F1.wav,0.905,249.32454393088483,True,praat_control
praat7_filtered_v0.3,phone_F1.wav,0.915,248.15889946144287,True,praat_control
praat7_filtered_v0.3,phone_F1.wav,0.925,246.5094090848584,True,praat_control
praat7_filtered_v0.3,phone_F1.wav,0.935,244.7238030658125,True,praat_control
praat7_filtered_v0.3,phone_F1.wav,0.945,243.0041515869096,True,praat_control
praat7_filtered_v0.3,phone_F1.wav,0.955,239.0434658148308,True,praat_control
praat7_filtered_v0.3,phone_F1.wav,0.965,233.12917693537528,True,praat_control
praat7_filtered_v0.3,phone_F1.wav,0.975,223.4978511308196,True,praat_control
praat7_filtered_v0.3,phone_F1.wav,0.985,209.86422912660703,True,praat_control
praat7_filtered_v0.3,phone_F1.wav,0.995,231.30374990712784,True,praat_control
praat7_filtered_v0.3,phone_F1.wav,1.005,236.35309989248285,True,praat_control
praat7_filtered_v0.3,phone_F1.wav,1.015,236.78989711816473,True,praat_control
praat7_filtered_v0.3,phone_F1.wav,1.025,234.19323316888696,True,praat_control
praat7_filtered_v0.3,phone_F1.wav,1.035,228.73026663364143,True,praat_control
praat7_filtered_v0.3,phone_F1.wav,1.045,225.91259219924547,True,praat_control
praat7_filtered_v0.3,phone_F1.wav,1.055,224.9377766202344,True,praat_control
praat7_filtered_v0.3,phone_F1.wav,1.065,227.0078322548543,True,praat_control
praat7_filtered_v0.3,phone_F1.wav,1.075,234.94690459071697,True,praat_control
praat7_filtered_v0.3,phone_F1.wav,1.085,238.69580959530072,True,praat_control
praat7_filtered_v0.3,phone_F1.wav,1.095,246.27730144819012,True,praat_control
praat7_filtered_v0.3,phone_F1.wav,1.105,247.01504819642824,True,praat_control
praat7_filtered_v0.3,phone_F1.wav,1.115,245.31828606320056,True,praat_control
praat7_filtered_v0.3,phone_F1.wav,1.125,241.8015161582236,True,praat_control
praat7_filtered_v0.3,phone_F1.wav,1.135,237.377532865565,True,praat_control
praat7_filtered_v0.3,phone_F1.wav,1.145,0.0,False,praat_control
praat7_filtered_v0.3,phone_F1.wav,1.155,0.0,False,praat_control
praat7_filtered_v0.3,phone_F1.wav,1.165,0.0,False,praat_control
praat7_filtered_v0.3,phone_F1.wav,1.175,0.0,False,praat_control
praat7_filtered_v0.3,phone_F1.wav,1.185,0.0,False,praat_control
praat7_filtered_v0.3,phone_F1.wav,1.195,0.0,False,praat_control
praat7_filtered_v0.3,phone_F1.wav,1.205,0.0,False,praat_control
praat7_filtered_v0.3,phone_F1.wav,1.215,225.9302604632008,True,praat_control
praat7_filtered_v0.3,phone_F1.wav,1.225,205.16599655586484,True,praat_control
praat7_filtered_v0.3,phone_F1.wav,1.235,193.23451661858152,True,praat_control
praat7_filtered_v0.3,phone_F1.wav,1.245,185.41064621725295,True,praat_control
praat7_filtered_v0.3,phone_F1.wav,1.255,181.75104632315953,True,praat_control
praat7_filtered_v0.3,phone_F1.wav,1.265,179.02903792740452,True,praat_control
praat7_filtered_v0.3,phone_F1.wav,1.275,178.69812224206308,True,praat_control
praat7_filtered_v0.3,phone_F1.wav,1.285,180.1207554363798,True,praat_control
praat7_filtered_v0.3,phone_F1.wav,1.295,181.54739135191232,True,praat_control
praat7_filtered_v0.3,phone_F1.wav,1.305,182.8775156996046,True,praat_control
praat7_filtered_v0.3,phone_F1.wav,1.315,182.6919724891718,True,praat_control
praat7_filtered_v0.3,phone_F1.wav,1.325,181.81063386147,True,praat_control
praat7_filtered_v0.3,phone_F1.wav,1.335,179.07714752164327,True,praat_control
praat7_filtered_v0.3,phone_F1.wav,1.345,171.9203815176599,True,praat_control
praat7_filtered_v0.3,phone_F1.wav,1.355,0.0,False,praat_control
praat7_filtered_v0.3,phone_F1.wav,1.365,0.0,False,praat_control
praat7_filtered_v0.3,phone_F1.wav,1.375,0.0,False,praat_control
praat7_filtered_v0.3,phone_F1.wav,1.385,0.0,False,praat_control
praat7_filtered_v0.3,phone_F1.wav,1.395,0.0,False,praat_control
praat7_filtered_v0.3,phone_F1.wav,1.405,0.0,False,praat_control
praat7_filtered_v0.3,phone_F1.wav,1.415,0.0,False,praat_control
praat7_filtered_v0.3,phone_F1.wav,1.425,0.0,False,praat_control
praat7_filtered_v0.3,phone_F1.wav,1.435,0.0,False,praat_control
praat7_filtered_v0.3,phone_F1.wav,1.445,0.0,False,praat_control
praat7_filtered_v0.3,phone_F1.wav,1.455,225.84050501764787,True,praat_control
praat7_filtered_v0.3,phone_F1.wav,1.465,216.16687122168972,True,praat_control
praat7_filtered_v0.3,phone_F1.wav,1.475,207.13198865110067,True,praat_control
praat7_filtered_v0.3,phone_F1.wav,1.485,201.5678319411472,True,praat_control
praat7_filtered_v0.3,phone_F1.wav,1.495,198.4866024900381,True,praat_control
praat7_filtered_v0.3,phone_F1.wav,1.505,196.46836900403767,True,praat_control
praat7_filtered_v0.3,phone_F1.wav,1.515,195.30550007484865,True,praat_control
praat7_filtered_v0.3,phone_F1.wav,1.525,193.8467756689604,True,praat_control
praat7_filtered_v0.3,phone_F1.wav,1.535,192.51906515955352,True,praat_control
praat7_filtered_v0.3,phone_F1.wav,1.545,191.2327264028168,True,praat_control
praat7_filtered_v0.3,phone_F1.wav,1.555,189.40585504503025,True,praat_control
praat7_filtered_v0.3,phone_F1.wav,1.565,187.46463151182624,True,praat_control
praat7_filtered_v0.3,phone_F1.wav,1.575,187.11741360156375,True,praat_control
praat7_filtered_v0.3,phone_F1.wav,1.585,197.70368817349527,True,praat_control
praat7_filtered_v0.3,phone_F1.wav,1.595,227.3075094072663,True,praat_control
praat7_filtered_v0.3,phone_F1.wav,1.605,247.8394397434645,True,praat_control
praat7_filtered_v0.3,phone_F1.wav,1.615,229.95963962648997,True,praat_control
praat7_filtered_v0.3,phone_F1.wav,1.625,0.0,False,praat_control
praat7_filtered_v0.3,phone_F1.wav,1.635,0.0,False,praat_control
praat7_filtered_v0.3,phone_F1.wav,1.645,0.0,False,praat_control
praat7_filtered_v0.3,phone_F1.wav,1.655,0.0,False,praat_control
praat7_filtered_v0.3,phone_F1.wav,1.665,0.0,False,praat_control
praat7_filtered_v0.3,phone_F1.wav,1.675,0.0,False,praat_control
praat7_filtered_v0.3,phone_F1.wav,1.685,0.0,False,praat_control
praat7_filtered_v0.3,phone_F1.wav,1.695,0.0,False,praat_control
praat7_filtered_v0.3,phone_F1.wav,1.705,0.0,False,praat_control
praat7_filtered_v0.3,phone_F1.wav,1.715,0.0,False,praat_control
praat7_filtered_v0.3,phone_F1.wav,1.725,0.0,False,praat_control
praat7_filtered_v0.3,phone_F1.wav,1.735,0.0,False,praat_control
praat7_filtered_v0.3,phone_F1.wav,1.745,0.0,False,praat_control
praat7_filtered_v0.3,phone_F1.wav,1.755,0.0,False,praat_control
praat7_filtered_v0.3,phone_F1.wav,1.765,0.0,False,praat_control
praat7_filtered_v0.3,phone_F1.wav,1.775,0.0,False,praat_control
praat7_filtered_v0.3,phone_F1.wav,1.785,0.0,False,praat_control
praat7_filtered_v0.3,phone_F1.wav,1.795,0.0,False,praat_control
praat7_filtered_v0.3,phone_F1.wav,1.805,0.0,False,praat_control
praat7_filtered_v0.3,phone_F1.wav,1.815,0.0,False,praat_control
praat7_filtered_v0.3,phone_F1.wav,1.825,0.0,False,praat_control
praat7_filtered_v0.3,phone_F1.wav,1.835,225.7173191107258,True,praat_control
praat7_filtered_v0.3,phone_F1.wav,1.845,217.90010520086597,True,praat_control
praat7_filtered_v0.3,phone_F1.wav,1.855,0.0,False,praat_control
praat7_filtered_v0.3,phone_F1.wav,1.865,0.0,False,praat_control
praat7_filtered_v0.3,phone_F1.wav,1.875,0.0,False,praat_control
praat7_filtered_v0.3,phone_F1.wav,1.885,0.0,False,praat_control
praat7_filtered_v0.3,phone_F1.wav,1.895,0.0,False,praat_control
praat7_filtered_v0.3,phone_F1.wav,1.905,0.0,False,praat_control
praat7_filtered_v0.3,phone_F1.wav,1.915,218.50843271552583,True,praat_control
praat7_filtered_v0.3,phone_F1.wav,1.925,221.90795087831012,True,praat_control
praat7_filtered_v0.3,phone_F1.wav,1.935,224.1671115611526,True,praat_control
praat7_filtered_v0.3,phone_F1.wav,1.945,224.14527164198728,True,praat_control
praat7_filtered_v0.3,phone_F1.wav,1.955,223.42489870255767,True,praat_control
praat7_filtered_v0.3,phone_F1.wav,1.965,222.3498108139556,True,praat_control
praat7_filtered_v0.3,phone_F1.wav,1.975,221.00794083226455,True,praat_control
praat7_filtered_v0.3,phone_F1.wav,1.985,219.6631445814022,True,praat_control
praat7_filtered_v0.3,phone_F1.wav,1.995,218.28731098915657,True,praat_control
praat7_filtered_v0.3,phone_F1.wav,2.005,215.90997857388297,True,praat_control
praat7_filtered_v0.3,phone_F1.wav,2.015,213.03105986317743,True,praat_control
praat7_filtered_v0.3,phone_F1.wav,2.025,210.0731989820826,True,praat_control
praat7_filtered_v0.3,phone_F1.wav,2.035,201.18276128647753,True,praat_control
praat7_filtered_v0.3,phone_F1.wav,2.045,189.39707657060265,True,praat_control
praat7_filtered_v0.3,phone_F1.wav,2.055,189.3830834419815,True,praat_control
praat7_filtered_v0.3,phone_F1.wav,2.065,189.75752014892143,True,praat_control
praat7_filtered_v0.3,phone_F1.wav,2.075,196.31979870715543,True,praat_control
praat7_filtered_v0.3,phone_F1.wav,2.085,204.6340817153744,True,praat_control
praat7_filtered_v0.3,phone_F1.wav,2.095,202.97721606419117,True,praat_control
praat7_filtered_v0.3,phone_F1.wav,2.105,201.375236050317,True,praat_control
praat7_filtered_v0.3,phone_F1.wav,2.115,200.14788544338265,True,praat_control
praat7_filtered_v0.3,phone_F1.wav,2.125,198.78459429423904,True,praat_control
praat7_filtered_v0.3,phone_F1.wav,2.135,197.22883050601476,True,praat_control
praat7_filtered_v0.3,phone_F1.wav,2.145,196.46996068626328,True,praat_control
praat7_filtered_v0.3,phone_F1.wav,2.155,195.2552236005484,True,praat_control
praat7_filtered_v0.3,phone_F1.wav,2.165,194.4714237101641,True,praat_control
praat7_filtered_v0.3,phone_F1.wav,2.175,193.03496858732407,True,praat_control
praat7_filtered_v0.3,phone_F1.wav,2.185,190.77216185290416,True,praat_control
praat7_filtered_v0.3,phone_F1.wav,2.195,189.24587489692033,True,praat_control
praat7_filtered_v0.3,phone_F1.wav,2.205,0.0,False,praat_control
praat7_filtered_v0.3,phone_F1.wav,2.215,0.0,False,praat_control
praat7_filtered_v0.3,phone_F1.wav,2.225,0.0,False,praat_control
praat7_filtered_v0.3,phone_F1.wav,2.235,0.0,False,praat_control
praat7_filtered_v0.3,phone_F1.wav,2.245,0.0,False,praat_control
praat7_filtered_v0.3,phone_F1.wav,2.255,0.0,False,praat_control
praat7_filtered_v0.3,phone_F1.wav,2.265,0.0,False,praat_control
praat7_filtered_v0.3,phone_F1.wav,2.275,0.0,False,praat_control
praat7_filtered_v0.3,phone_F1.wav,2.285,240.3073116602516,True,praat_control
praat7_filtered_v0.3,phone_F1.wav,2.295,233.86350392141676,True,praat_control
praat7_filtered_v0.3,phone_F1.wav,2.305,234.2527037307956,True,praat_control
praat7_filtered_v0.3,phone_F1.wav,2.315,237.21912125832972,True,praat_control
praat7_filtered_v0.3,phone_F1.wav,2.325,241.26900337802928,True,praat_control
praat7_filtered_v0.3,phone_F1.wav,2.335,240.15481090160188,True,praat_control
praat7_filtered_v0.3,phone_F1.wav,2.345,0.0,False,praat_control
praat7_filtered_v0.3,phone_F1.wav,2.355,0.0,False,praat_control
praat7_filtered_v0.3,phone_F1.wav,2.365,0.0,False,praat_control
praat7_filtered_v0.3,phone_F1.wav,2.375,0.0,False,praat_control
praat7_filtered_v0.3,phone_F1.wav,2.385,0.0,False,praat_control
praat7_filtered_v0.3,phone_F1.wav,2.395,0.0,False,praat_control
praat7_filtered_v0.3,phone_F1.wav,2.405,255.80963167920584,True,praat_control
praat7_filtered_v0.3,phone_F1.wav,2.415,246.6515798670605,True,praat_control
praat7_filtered_v0.3,phone_F1.wav,2.425,233.23540680216496,True,praat_control
praat7_filtered_v0.3,phone_F1.wav,2.435,209.8496870911171,True,praat_control
praat7_filtered_v0.3,phone_F1.wav,2.445,198.30843917918793,True,praat_control
praat7_filtered_v0.3,phone_F1.wav,2.455,192.43627236909649,True,praat_control
praat7_filtered_v0.3,phone_F1.wav,2.465,197.12487288855576,True,praat_control
praat7_filtered_v0.3,phone_F1.wav,2.475,195.67331929711443,True,praat_control
praat7_filtered_v0.3,phone_F1.wav,2.485,193.99356943795823,True,praat_control
praat7_filtered_v0.3,phone_F1.wav,2.495,199.76699535700527,True,praat_control
praat7_filtered_v0.3,phone_F1.wav,2.505,211.06278024694768,True,praat_control
praat7_filtered_v0.3,phone_F1.wav,2.515,0.0,False,praat_control
praat7_filtered_v0.3,phone_F1.wav,2.525,0.0,False,praat_control
praat7_filtered_v0.3,phone_F1.wav,2.535,0.0,False,praat_control
praat7_filtered_v0.3,phone_F1.wav,2.545,0.0,False,praat_control
praat7_filtered_v0.3,phone_F1.wav,2.555,0.0,False,praat_control
praat7_filtered_v0.3,phone_F1.wav,2.565,0.0,False,praat_control
praat7_filtered_v0.3,phone_F1.wav,2.575,0.0,False,praat_control
praat7_filtered_v0.3,phone_F1.wav,2.585,0.0,False,praat_control
praat7_filtered_v0.3,phone_F1.wav,2.595,0.0,False,praat_control
praat7_filtered_v0.3,phone_F1.wav,2.605,0.0,False,praat_control
praat7_filtered_v0.3,phone_F1.wav,2.615,0.0,False,praat_control
praat7_filtered_v0.3,phone_F1.wav,2.625,0.0,False,praat_control
praat7_filtered_v0.3,phone_F1.wav,2.635,0.0,False,praat_control
praat7_filtered_v0.3,phone_F1.wav,2.645,0.0,False,praat_control
praat7_filtered_v0.3,phone_F1.wav,2.655,0.0,False,praat_control
praat7_filtered_v0.3,phone_F1.wav,2.665,212.75256949765105,True,praat_control
praat7_filtered_v0.3,phone_F1.wav,2.675,201.133679472232,True,praat_control
praat7_filtered_v0.3,phone_F1.wav,2.685,196.9618650053204,True,praat_control
praat7_filtered_v0.3,phone_F1.wav,2.695,194.97177753587516,True,praat_control
praat7_filtered_v0.3,phone_F1.wav,2.705,192.62133163473607,True,praat_control
praat7_filtered_v0.3,phone_F1.wav,2.715,189.93500433577285,True,praat_control
praat7_filtered_v0.3,phone_F1.wav,2.725,187.7511305729072,True,praat_control
praat7_filtered_v0.3,phone_F1.wav,2.735,184.53844387721648,True,praat_control
praat7_filtered_v0.3,phone_F1.wav,2.745,0.0,False,praat_control
praat7_filtered_v0.3,phone_F1.wav,2.755,0.0,False,praat_control
praat7_filtered_v0.3,phone_F1.wav,2.765,0.0,False,praat_control
praat7_filtered_v0.3,phone_F1.wav,2.775,0.0,False,praat_control
praat7_filtered_v0.3,phone_F1.wav,2.785,0.0,False,praat_control
praat7_filtered_v0.3,phone_F1.wav,2.795,0.0,False,praat_control
praat7_filtered_v0.3,phone_F1.wav,2.805,0.0,False,praat_control
praat7_filtered_v0.3,phone_F1.wav,2.815,0.0,False,praat_control
praat7_filtered_v0.3,phone_F1.wav,2.825,0.0,False,praat_control
praat7_filtered_v0.3,phone_F1.wav,2.835,0.0,False,praat_control
praat7_filtered_v0.3,phone_F1.wav,2.845,0.0,False,praat_control
praat7_filtered_v0.3,phone_F1.wav,2.855,0.0,False,praat_control
praat7_filtered_v0.3,phone_F1.wav,2.865,0.0,False,praat_control
praat7_filtered_v0.3,phone_F1.wav,2.875,0.0,False,praat_control
praat7_filtered_v0.3,phone_F1.wav,2.885,0.0,False,praat_control
praat7_filtered_v0.3,phone_F1.wav,2.895,0.0,False,praat_control
praat7_filtered_v0.3,phone_F1.wav,2.905,0.0,False,praat_control
praat7_filtered_v0.3,phone_F1.wav,2.915,0.0,False,praat_control
praat7_filtered_v0.3,phone_F1.wav,2.925,0.0,False,praat_control
praat7_filtered_v0.3,phone_F1.wav,2.935,0.0,False,praat_control
praat7_filtered_v0.3,phone_F1.wav,2.945,0.0,False,praat_control
praat7_filtered_v0.3,phone_F1.wav,2.955,0.0,False,praat_control
praat7_filtered_v0.3,phone_F1.wav,2.965,0.0,False,praat_control
praat7_filtered_v0.3,phone_F1.wav,2.975,0.0,False,praat_control
praat7_filtered_v0.3,phone_F1.wav,2.985,0.0,False,praat_control
praat7_filtered_v0.3,phone_F1.wav,2.995,0.0,False,praat_control
praat7_filtered_v0.3,phone_F1.wav,3.005,0.0,False,praat_control
praat7_filtered_v0.3,phone_F1.wav,3.015,0.0,False,praat_control
praat7_filtered_v0.3,phone_F1.wav,3.025,0.0,False,praat_control
praat7_filtered_v0.3,phone_F1.wav,3.035,0.0,False,praat_control
praat7_filtered_v0.3,phone_F1.wav,3.045,0.0,False,praat_control
praat7_filtered_v0.3,phone_F1.wav,3.055,0.0,False,praat_control
praat7_filtered_v0.3,phone_F1.wav,3.065,0.0,False,praat_control
praat7_filtered_v0.3,phone_F1.wav,3.075,0.0,False,praat_control
praat7_filtered_v0.3,phone_F1.wav,3.085,0.0,False,praat_control
praat7_filtered_v0.3,phone_F1.wav,3.095,0.0,False,praat_control
praat7_filtered_v0.3,phone_F1.wav,3.105,0.0,False,praat_control
praat7_filtered_v0.3,phone_F1.wav,3.115,0.0,False,praat_control
praat7_filtered_v0.3,phone_F1.wav,3.125,0.0,False,praat_control
praat7_filtered_v0.3,phone_F1.wav,3.135,0.0,False,praat_control
praat7_filtered_v0.3,phone_F1.wav,3.145,0.0,False,praat_control
praat7_filtered_v0.3,phone_F1.wav,3.155,0.0,False,praat_control
praat7_filtered_v0.3,phone_F1.wav,3.165,0.0,False,praat_control
praat7_filtered_v0.3,phone_F1.wav,3.175,0.0,False,praat_control
praat7_filtered_v0.3,phone_F1.wav,3.185,0.0,False,praat_control
praat7_filtered_v0.3,phone_F1.wav,3.195,0.0,False,praat_control
praat7_filtered_v0.3,phone_F1.wav,3.205,0.0,False,praat_control
praat7_filtered_v0.3,phone_F1.wav,3.215,0.0,False,praat_control
praat_gate_swipe_t0.2,phone_F1.wav,0.025,0.0,False,unvoiced
praat_gate_swipe_t0.2,phone_F1.wav,0.035,0.0,False,unvoiced
praat_gate_swipe_t0.2,phone_F1.wav,0.045,0.0,False,unvoiced
praat_gate_swipe_t0.2,phone_F1.wav,0.055,0.0,False,unvoiced
praat_gate_swipe_t0.2,phone_F1.wav,0.065,0.0,False,unvoiced
praat_gate_swipe_t0.2,phone_F1.wav,0.075,0.0,False,unvoiced
praat_gate_swipe_t0.2,phone_F1.wav,0.085,0.0,False,unvoiced
praat_gate_swipe_t0.2,phone_F1.wav,0.095,0.0,False,unvoiced
praat_gate_swipe_t0.2,phone_F1.wav,0.105,0.0,False,unvoiced
praat_gate_swipe_t0.2,phone_F1.wav,0.115,0.0,False,unvoiced
praat_gate_swipe_t0.2,phone_F1.wav,0.125,0.0,False,unvoiced
praat_gate_swipe_t0.2,phone_F1.wav,0.135,0.0,False,unvoiced
praat_gate_swipe_t0.2,phone_F1.wav,0.145,0.0,False,unvoiced
praat_gate_swipe_t0.2,phone_F1.wav,0.155,0.0,False,unvoiced
praat_gate_swipe_t0.2,phone_F1.wav,0.165,0.0,False,unvoiced
praat_gate_swipe_t0.2,phone_F1.wav,0.175,0.0,False,unvoiced
praat_gate_swipe_t0.2,phone_F1.wav,0.185,0.0,False,unvoiced
praat_gate_swipe_t0.2,phone_F1.wav,0.195,0.0,False,unvoiced
praat_gate_swipe_t0.2,phone_F1.wav,0.205,0.0,False,unvoiced
praat_gate_swipe_t0.2,phone_F1.wav,0.215,0.0,False,unvoiced
praat_gate_swipe_t0.2,phone_F1.wav,0.225,0.0,False,unvoiced
praat_gate_swipe_t0.2,phone_F1.wav,0.235,0.0,False,unvoiced
praat_gate_swipe_t0.2,phone_F1.wav,0.245,0.0,False,unvoiced
praat_gate_swipe_t0.2,phone_F1.wav,0.255,0.0,False,unvoiced
praat_gate_swipe_t0.2,phone_F1.wav,0.265,0.0,False,unvoiced
praat_gate_swipe_t0.2,phone_F1.wav,0.275,0.0,False,unvoiced
praat_gate_swipe_t0.2,phone_F1.wav,0.285,0.0,False,unvoiced
praat_gate_swipe_t0.2,phone_F1.wav,0.295,0.0,False,unvoiced
praat_gate_swipe_t0.2,phone_F1.wav,0.305,0.0,False,unvoiced
praat_gate_swipe_t0.2,phone_F1.wav,0.315,0.0,False,unvoiced
praat_gate_swipe_t0.2,phone_F1.wav,0.325,0.0,False,unvoiced
praat_gate_swipe_t0.2,phone_F1.wav,0.335,0.0,False,unvoiced
praat_gate_swipe_t0.2,phone_F1.wav,0.345,0.0,False,unvoiced
praat_gate_swipe_t0.2,phone_F1.wav,0.355,0.0,False,unvoiced
praat_gate_swipe_t0.2,phone_F1.wav,0.365,0.0,False,unvoiced
praat_gate_swipe_t0.2,phone_F1.wav,0.375,0.0,False,unvoiced
praat_gate_swipe_t0.2,phone_F1.wav,0.385,0.0,False,unvoiced
praat_gate_swipe_t0.2,phone_F1.wav,0.395,0.0,False,unvoiced
praat_gate_swipe_t0.2,phone_F1.wav,0.405,0.0,False,unvoiced
praat_gate_swipe_t0.2,phone_F1.wav,0.415,0.0,False,unvoiced
praat_gate_swipe_t0.2,phone_F1.wav,0.425,0.0,False,unvoiced
praat_gate_swipe_t0.2,phone_F1.wav,0.435,0.0,False,unvoiced
praat_gate_swipe_t0.2,phone_F1.wav,0.445,0.0,False,unvoiced
praat_gate_swipe_t0.2,phone_F1.wav,0.455,0.0,False,unvoiced
praat_gate_swipe_t0.2,phone_F1.wav,0.465,0.0,False,unvoiced
praat_gate_swipe_t0.2,phone_F1.wav,0.475,0.0,False,unvoiced
praat_gate_swipe_t0.2,phone_F1.wav,0.485,0.0,False,unvoiced
praat_gate_swipe_t0.2,phone_F1.wav,0.495,0.0,False,unvoiced
praat_gate_swipe_t0.2,phone_F1.wav,0.505,0.0,False,unvoiced
praat_gate_swipe_t0.2,phone_F1.wav,0.515,0.0,False,unvoiced
praat_gate_swipe_t0.2,phone_F1.wav,0.525,0.0,False,unvoiced
praat_gate_swipe_t0.2,phone_F1.wav,0.535,0.0,False,unvoiced
praat_gate_swipe_t0.2,phone_F1.wav,0.545,224.0735160407899,True,praat_fallback
praat_gate_swipe_t0.2,phone_F1.wav,0.555,222.438625443822,True,swipe
praat_gate_swipe_t0.2,phone_F1.wav,0.565,224.05051259492797,True,swipe
praat_gate_swipe_t0.2,phone_F1.wav,0.575,221.63659791125406,True,swipe
praat_gate_swipe_t0.2,phone_F1.wav,0.585,219.64589351771838,True,swipe
praat_gate_swipe_t0.2,phone_F1.wav,0.595,219.44763574499575,True,swipe
praat_gate_swipe_t0.2,phone_F1.wav,0.605,219.64589351771838,True,swipe
praat_gate_swipe_t0.2,phone_F1.wav,0.615,222.438625443822,True,swipe
praat_gate_swipe_t0.2,phone_F1.wav,0.625,224.45552785741324,True,swipe
praat_gate_swipe_t0.2,phone_F1.wav,0.635,227.72031921159086,True,swipe
praat_gate_swipe_t0.2,phone_F1.wav,0.645,229.57770228289584,True,swipe
praat_gate_swipe_t0.2,phone_F1.wav,0.655,230.6157150484969,True,swipe
praat_gate_swipe_t0.2,phone_F1.wav,0.665,230.1995841326973,True,swipe
praat_gate_swipe_t0.2,phone_F1.wav,0.675,228.74993400422045,True,swipe
praat_gate_swipe_t0.2,phone_F1.wav,0.685,229.5767952372065,True,swipe
praat_gate_swipe_t0.2,phone_F1.wav,0.695,229.5767952372065,True,swipe
praat_gate_swipe_t0.2,phone_F1.wav,0.705,230.1995841326973,True,swipe
praat_gate_swipe_t0.2,phone_F1.wav,0.715,231.03259820257594,True,swipe
praat_gate_swipe_t0.2,phone_F1.wav,0.725,232.0771891354914,True,swipe
praat_gate_swipe_t0.2,phone_F1.wav,0.735,232.28685695196862,True,swipe
praat_gate_swipe_t0.2,phone_F1.wav,0.745,232.49671419073866,True,swipe
praat_gate_swipe_t0.2,phone_F1.wav,0.755,233.54792497859148,True,swipe
praat_gate_swipe_t0.2,phone_F1.wav,0.765,232.91607738082283,True,swipe
praat_gate_swipe_t0.2,phone_F1.wav,0.775,232.28685695196862,True,swipe
praat_gate_swipe_t0.2,phone_F1.wav,0.785,230.40755564570503,True,swipe
praat_gate_swipe_t0.2,phone_F1.wav,0.795,227.10423779416826,True,swipe
praat_gate_swipe_t0.2,phone_F1.wav,0.805,222.8407269040131,True,swipe
praat_gate_swipe_t0.2,phone_F1.wav,0.815,232.91699761983824,True,swipe
praat_gate_swipe_t0.2,phone_F1.wav,0.825,236.09156971398448,True,swipe
praat_gate_swipe_t0.2,phone_F1.wav,0.835,236.30393065822102,True,swipe
praat_gate_swipe_t0.2,phone_F1.wav,0.845,237.5877457712939,True,swipe
praat_gate_swipe_t0.2,phone_F1.wav,0.855,239.5256117398336,True,swipe
praat_gate_swipe_t0.2,phone_F1.wav,0.865,241.26131863495507,True,swipe
praat_gate_swipe_t0.2,phone_F1.wav,0.875,243.00960321813255,True,swipe
praat_gate_swipe_t0.2,phone_F1.wav,0.885,244.9907241999174,True,swipe
praat_gate_swipe_t0.2,phone_F1.wav,0.895,248.10668832988,True,swipe
praat_gate_swipe_t0.2,phone_F1.wav,0.905,249.6790074397369,True,swipe
praat_gate_swipe_t0.2,phone_F1.wav,0.915,249.22847806449468,True,swipe
praat_gate_swipe_t0.2,phone_F1.wav,0.925,247.21211170382054,True,swipe
praat_gate_swipe_t0.2,phone_F1.wav,0.935,245.87726237945935,True,swipe
praat_gate_swipe_t0.2,phone_F1.wav,0.945,245.87726237945935,True,swipe
praat_gate_swipe_t0.2,phone_F1.wav,0.955,243.44792890708422,True,swipe
praat_gate_swipe_t0.2,phone_F1.wav,0.965,239.95765322048732,True,swipe
praat_gate_swipe_t0.2,phone_F1.wav,0.975,232.0771891354914,True,swipe
praat_gate_swipe_t0.2,phone_F1.wav,0.985,227.51477326412282,True,swipe
praat_gate_swipe_t0.2,phone_F1.wav,0.995,231.44932051081574,True,swipe
praat_gate_swipe_t0.2,phone_F1.wav,1.005,234.18148663316248,True,swipe
praat_gate_swipe_t0.2,phone_F1.wav,1.015,235.45284046305727,True,swipe
praat_gate_swipe_t0.2,phone_F1.wav,1.025,232.0771891354914,True,swipe
praat_gate_swipe_t0.2,phone_F1.wav,1.035,228.74993400422045,True,swipe
praat_gate_swipe_t0.2,phone_F1.wav,1.045,226.69444310851375,True,swipe
praat_gate_swipe_t0.2,phone_F1.wav,1.055,227.10423779416826,True,swipe
praat_gate_swipe_t0.2,phone_F1.wav,1.065,228.13106703589452,True,swipe
praat_gate_swipe_t0.2,phone_F1.wav,1.075,233.12650308249908,True,swipe
praat_gate_swipe_t0.2,phone_F1.wav,1.085,240.8259784264638,True,swipe
praat_gate_swipe_t0.2,phone_F1.wav,1.095,244.1083469889592,True,swipe
praat_gate_swipe_t0.2,phone_F1.wav,1.105,246.09939773415113,True,swipe
praat_gate_swipe_t0.2,phone_F1.wav,1.115,246.3217337748086,True,swipe
praat_gate_swipe_t0.2,phone_F1.wav,1.125,245.65532752958893,True,swipe
praat_gate_swipe_t0.2,phone_F1.wav,1.135,236.73109637809986,True,swipe
praat_gate_swipe_t0.2,phone_F1.wav,1.145,0.0,False,unvoiced
praat_gate_swipe_t0.2,phone_F1.wav,1.155,0.0,False,unvoiced
praat_gate_swipe_t0.2,phone_F1.wav,1.165,0.0,False,unvoiced
praat_gate_swipe_t0.2,phone_F1.wav,1.175,0.0,False,unvoiced
praat_gate_swipe_t0.2,phone_F1.wav,1.185,0.0,False,unvoiced
praat_gate_swipe_t0.2,phone_F1.wav,1.195,0.0,False,unvoiced
praat_gate_swipe_t0.2,phone_F1.wav,1.205,0.0,False,unvoiced
praat_gate_swipe_t0.2,phone_F1.wav,1.215,225.9302604632008,True,praat_fallback
praat_gate_swipe_t0.2,phone_F1.wav,1.225,194.44989114945514,True,swipe
praat_gate_swipe_t0.2,phone_F1.wav,1.235,187.72385954744246,True,swipe
praat_gate_swipe_t0.2,phone_F1.wav,1.245,185.0324913122966,True,swipe
praat_gate_swipe_t0.2,phone_F1.wav,1.255,185.0324913122966,True,swipe
praat_gate_swipe_t0.2,phone_F1.wav,1.265,182.21580833357365,True,swipe
praat_gate_swipe_t0.2,phone_F1.wav,1.275,180.74160350288906,True,swipe
praat_gate_swipe_t0.2,phone_F1.wav,1.285,180.08991928212677,True,swipe
praat_gate_swipe_t0.2,phone_F1.wav,1.295,180.57846169688986,True,swipe
praat_gate_swipe_t0.2,phone_F1.wav,1.305,181.39492926569122,True,swipe
praat_gate_swipe_t0.2,phone_F1.wav,1.315,182.05133587412303,True,swipe
praat_gate_swipe_t0.2,phone_F1.wav,1.325,181.55880870115345,True,swipe
praat_gate_swipe_t0.2,phone_F1.wav,1.335,178.95582785616548,True,swipe
praat_gate_swipe_t0.2,phone_F1.wav,1.345,171.52348540487853,True,swipe
praat_gate_swipe_t0.2,phone_F1.wav,1.355,0.0,False,unvoiced
praat_gate_swipe_t0.2,phone_F1.wav,1.365,0.0,False,unvoiced
praat_gate_swipe_t0.2,phone_F1.wav,1.375,0.0,False,unvoiced
praat_gate_swipe_t0.2,phone_F1.wav,1.385,0.0,False,unvoiced
praat_gate_swipe_t0.2,phone_F1.wav,1.395,0.0,False,unvoiced
praat_gate_swipe_t0.2,phone_F1.wav,1.405,0.0,False,unvoiced
praat_gate_swipe_t0.2,phone_F1.wav,1.415,0.0,False,unvoiced
praat_gate_swipe_t0.2,phone_F1.wav,1.425,0.0,False,unvoiced
praat_gate_swipe_t0.2,phone_F1.wav,1.435,0.0,False,unvoiced
praat_gate_swipe_t0.2,phone_F1.wav,1.445,0.0,False,unvoiced
praat_gate_swipe_t0.2,phone_F1.wav,1.455,216.88736761863115,True,swipe
praat_gate_swipe_t0.2,phone_F1.wav,1.465,210.3335990661066,True,swipe
praat_gate_swipe_t0.2,phone_F1.wav,1.475,205.45516896735168,True,swipe
praat_gate_swipe_t0.2,phone_F1.wav,1.485,200.68988807696934,True,swipe
praat_gate_swipe_t0.2,phone_F1.wav,1.495,197.63407734434912,True,swipe
praat_gate_swipe_t0.2,phone_F1.wav,1.505,197.63407734434912,True,swipe
praat_gate_swipe_t0.2,phone_F1.wav,1.515,196.2122380180184,True,swipe
praat_gate_swipe_t0.2,phone_F1.wav,1.525,194.62479600752013,True,swipe
praat_gate_swipe_t0.2,phone_F1.wav,1.535,193.22460636127587,True,swipe
praat_gate_swipe_t0.2,phone_F1.wav,1.545,192.0078010551678,True,swipe
praat_gate_swipe_t0.2,phone_F1.wav,1.555,190.45437476118528,True,swipe
praat_gate_swipe_t0.2,phone_F1.wav,1.565,188.74374409739482,True,swipe
praat_gate_swipe_t0.2,phone_F1.wav,1.575,187.04773902835453,True,swipe
praat_gate_swipe_t0.2,phone_F1.wav,1.585,187.55441538582062,True,swipe
praat_gate_swipe_t0.2,phone_F1.wav,1.595,227.3075094072663,True,praat_fallback
praat_gate_swipe_t0.2,phone_F1.wav,1.605,246.9889719861982,True,swipe
praat_gate_swipe_t0.2,phone_F1.wav,1.615,229.95963962648997,True,praat_fallback
praat_gate_swipe_t0.2,phone_F1.wav,1.625,0.0,False,unvoiced
praat_gate_swipe_t0.2,phone_F1.wav,1.635,0.0,False,unvoiced
praat_gate_swipe_t0.2,phone_F1.wav,1.645,0.0,False,unvoiced
praat_gate_swipe_t0.2,phone_F1.wav,1.655,0.0,False,unvoiced
praat_gate_swipe_t0.2,phone_F1.wav,1.665,0.0,False,unvoiced
praat_gate_swipe_t0.2,phone_F1.wav,1.675,0.0,False,unvoiced
praat_gate_swipe_t0.2,phone_F1.wav,1.685,0.0,False,unvoiced
praat_gate_swipe_t0.2,phone_F1.wav,1.695,0.0,False,unvoiced
praat_gate_swipe_t0.2,phone_F1.wav,1.705,0.0,False,unvoiced
praat_gate_swipe_t0.2,phone_F1.wav,1.715,0.0,False,unvoiced
praat_gate_swipe_t0.2,phone_F1.wav,1.725,0.0,False,unvoiced
praat_gate_swipe_t0.2,phone_F1.wav,1.735,0.0,False,unvoiced
praat_gate_swipe_t0.2,phone_F1.wav,1.745,0.0,False,unvoiced
praat_gate_swipe_t0.2,phone_F1.wav,1.755,0.0,False,unvoiced
praat_gate_swipe_t0.2,phone_F1.wav,1.765,0.0,False,unvoiced
praat_gate_swipe_t0.2,phone_F1.wav,1.775,0.0,False,unvoiced
praat_gate_swipe_t0.2,phone_F1.wav,1.785,0.0,False,unvoiced
praat_gate_swipe_t0.2,phone_F1.wav,1.795,0.0,False,unvoiced
praat_gate_swipe_t0.2,phone_F1.wav,1.805,0.0,False,unvoiced
praat_gate_swipe_t0.2,phone_F1.wav,1.815,0.0,False,unvoiced
praat_gate_swipe_t0.2,phone_F1.wav,1.825,0.0,False,unvoiced
praat_gate_swipe_t0.2,phone_F1.wav,1.835,225.7173191107258,True,praat_fallback
praat_gate_swipe_t0.2,phone_F1.wav,1.845,232.49671419073866,True,swipe
praat_gate_swipe_t0.2,phone_F1.wav,1.855,0.0,False,unvoiced
praat_gate_swipe_t0.2,phone_F1.wav,1.865,0.0,False,unvoiced
praat_gate_swipe_t0.2,phone_F1.wav,1.875,0.0,False,unvoiced
praat_gate_swipe_t0.2,phone_F1.wav,1.885,0.0,False,unvoiced
praat_gate_swipe_t0.2,phone_F1.wav,1.895,0.0,False,unvoiced
praat_gate_swipe_t0.2,phone_F1.wav,1.905,0.0,False,unvoiced
praat_gate_swipe_t0.2,phone_F1.wav,1.915,221.83683327996297,True,swipe
praat_gate_swipe_t0.2,phone_F1.wav,1.925,225.4703812203876,True,swipe
praat_gate_swipe_t0.2,phone_F1.wav,1.935,225.67408018230125,True,swipe
praat_gate_swipe_t0.2,phone_F1.wav,1.945,224.05051259492797,True,swipe
praat_gate_swipe_t0.2,phone_F1.wav,1.955,223.24267322157928,True,swipe
praat_gate_swipe_t0.2,phone_F1.wav,1.965,222.438625443822,True,swipe
praat_gate_swipe_t0.2,phone_F1.wav,1.975,220.63900059700399,True,swipe
praat_gate_swipe_t0.2,phone_F1.wav,1.985,219.44763574499575,True,swipe
praat_gate_swipe_t0.2,phone_F1.wav,1.995,217.86886308207644,True,swipe
praat_gate_swipe_t0.2,phone_F1.wav,2.005,217.86886308207644,True,swipe
praat_gate_swipe_t0.2,phone_F1.wav,2.015,213.39298157398724,True,swipe
praat_gate_swipe_t0.2,phone_F1.wav,2.025,213.39298157398724,True,swipe
praat_gate_swipe_t0.2,phone_F1.wav,2.035,202.1441744056262,True,swipe
praat_gate_swipe_t0.2,phone_F1.wav,2.045,202.1441744056262,True,swipe
praat_gate_swipe_t0.2,phone_F1.wav,2.055,196.38950400294613,True,swipe
praat_gate_swipe_t0.2,phone_F1.wav,2.065,196.38950400294613,True,swipe
praat_gate_swipe_t0.2,phone_F1.wav,2.075,205.26972009079202,True,swipe
praat_gate_swipe_t0.2,phone_F1.wav,2.085,205.26972009079202,True,swipe
praat_gate_swipe_t0.2,phone_F1.wav,2.095,202.50958966358985,True,swipe
praat_gate_swipe_t0.2,phone_F1.wav,2.105,202.50958966358985,True,swipe
praat_gate_swipe_t0.2,phone_F1.wav,2.115,199.60624067935876,True,swipe
praat_gate_swipe_t0.2,phone_F1.wav,2.125,199.60624067935876,True,swipe
praat_gate_swipe_t0.2,phone_F1.wav,2.135,197.81262787580224,True,swipe
praat_gate_swipe_t0.2,phone_F1.wav,2.145,196.5669301370558,True,swipe
praat_gate_swipe_t0.2,phone_F1.wav,2.155,195.32907700799345,True,swipe
praat_gate_swipe_t0.2,phone_F1.wav,2.165,193.57389774989014,True,swipe
praat_gate_swipe_t0.2,phone_F1.wav,2.175,192.35489282944195,True,swipe
praat_gate_swipe_t0.2,phone_F1.wav,2.185,191.3162511667771,True,swipe
praat_gate_swipe_t0.2,phone_F1.wav,2.195,189.939864192778,True,swipe
praat_gate_swipe_t0.2,phone_F1.wav,2.205,0.0,False,unvoiced
praat_gate_swipe_t0.2,phone_F1.wav,2.215,0.0,False,unvoiced
praat_gate_swipe_t0.2,phone_F1.wav,2.225,0.0,False,unvoiced
praat_gate_swipe_t0.2,phone_F1.wav,2.235,0.0,False,unvoiced
praat_gate_swipe_t0.2,phone_F1.wav,2.245,0.0,False,unvoiced
praat_gate_swipe_t0.2,phone_F1.wav,2.255,0.0,False,unvoiced
praat_gate_swipe_t0.2,phone_F1.wav,2.265,0.0,False,unvoiced
praat_gate_swipe_t0.2,phone_F1.wav,2.275,0.0,False,unvoiced
praat_gate_swipe_t0.2,phone_F1.wav,2.285,235.02798127204792,True,swipe
praat_gate_swipe_t0.2,phone_F1.wav,2.295,235.02798127204792,True,swipe
praat_gate_swipe_t0.2,phone_F1.wav,2.305,235.87846767041586,True,swipe
praat_gate_swipe_t0.2,phone_F1.wav,2.315,235.87846767041586,True,swipe
praat_gate_swipe_t0.2,phone_F1.wav,2.325,240.17444056346199,True,swipe
praat_gate_swipe_t0.2,phone_F1.wav,2.335,240.17444056346199,True,swipe
praat_gate_swipe_t0.2,phone_F1.wav,2.345,0.0,False,unvoiced
praat_gate_swipe_t0.2,phone_F1.wav,2.355,0.0,False,unvoiced
praat_gate_swipe_t0.2,phone_F1.wav,2.365,0.0,False,unvoiced
praat_gate_swipe_t0.2,phone_F1.wav,2.375,0.0,False,unvoiced
praat_gate_swipe_t0.2,phone_F1.wav,2.385,0.0,False,unvoiced
praat_gate_swipe_t0.2,phone_F1.wav,2.395,0.0,False,unvoiced
praat_gate_swipe_t0.2,phone_F1.wav,2.405,255.80963167920584,True,praat_fallback
praat_gate_swipe_t0.2,phone_F1.wav,2.415,244.9907241999174,True,swipe
praat_gate_swipe_t0.2,phone_F1.wav,2.425,237.15903428383177,True,swipe
praat_gate_swipe_t0.2,phone_F1.wav,2.435,217.47573302370424,True,swipe
praat_gate_swipe_t0.2,phone_F1.wav,2.445,208.82039553957176,True,swipe
praat_gate_swipe_t0.2,phone_F1.wav,2.455,198.3492479113839,True,swipe
praat_gate_swipe_t0.2,phone_F1.wav,2.465,197.12487288855576,True,praat_fallback
praat_gate_swipe_t0.2,phone_F1.wav,2.475,191.3162511667771,True,swipe
praat_gate_swipe_t0.2,phone_F1.wav,2.485,192.8767072886241,True,swipe
praat_gate_swipe_t0.2,phone_F1.wav,2.495,195.15276819049015,True,swipe
praat_gate_swipe_t0.2,phone_F1.wav,2.505,197.99133971694812,True,swipe
praat_gate_swipe_t0.2,phone_F1.wav,2.515,0.0,False,unvoiced
praat_gate_swipe_t0.2,phone_F1.wav,2.525,0.0,False,unvoiced
praat_gate_swipe_t0.2,phone_F1.wav,2.535,0.0,False,unvoiced
praat_gate_swipe_t0.2,phone_F1.wav,2.545,0.0,False,unvoiced
praat_gate_swipe_t0.2,phone_F1.wav,2.555,0.0,False,unvoiced
praat_gate_swipe_t0.2,phone_F1.wav,2.565,0.0,False,unvoiced
praat_gate_swipe_t0.2,phone_F1.wav,2.575,0.0,False,unvoiced
praat_gate_swipe_t0.2,phone_F1.wav,2.585,0.0,False,unvoiced
praat_gate_swipe_t0.2,phone_F1.wav,2.595,0.0,False,unvoiced
praat_gate_swipe_t0.2,phone_F1.wav,2.605,0.0,False,unvoiced
praat_gate_swipe_t0.2,phone_F1.wav,2.615,0.0,False,unvoiced
praat_gate_swipe_t0.2,phone_F1.wav,2.625,0.0,False,unvoiced
praat_gate_swipe_t0.2,phone_F1.wav,2.635,0.0,False,unvoiced
praat_gate_swipe_t0.2,phone_F1.wav,2.645,0.0,False,unvoiced
praat_gate_swipe_t0.2,phone_F1.wav,2.655,0.0,False,unvoiced
praat_gate_swipe_t0.2,phone_F1.wav,2.665,217.27943409109048,True,swipe
praat_gate_swipe_t0.2,phone_F1.wav,2.675,202.6925449279079,True,swipe
praat_gate_swipe_t0.2,phone_F1.wav,2.685,198.52844455653621,True,swipe
praat_gate_swipe_t0.2,phone_F1.wav,2.695,196.74451656503257,True,swipe
praat_gate_swipe_t0.2,phone_F1.wav,2.705,194.44912289132796,True,swipe
praat_gate_swipe_t0.2,phone_F1.wav,2.715,191.83449010283036,True,swipe
praat_gate_swipe_t0.2,phone_F1.wav,2.725,189.0841883867203,True,swipe
praat_gate_swipe_t0.2,phone_F1.wav,2.735,187.72385954744246,True,swipe
praat_gate_swipe_t0.2,phone_F1.wav,2.745,0.0,False,unvoiced
praat_gate_swipe_t0.2,phone_F1.wav,2.755,0.0,False,unvoiced
praat_gate_swipe_t0.2,phone_F1.wav,2.765,0.0,False,unvoiced
praat_gate_swipe_t0.2,phone_F1.wav,2.775,0.0,False,unvoiced
praat_gate_swipe_t0.2,phone_F1.wav,2.785,0.0,False,unvoiced
praat_gate_swipe_t0.2,phone_F1.wav,2.795,0.0,False,unvoiced
praat_gate_swipe_t0.2,phone_F1.wav,2.805,0.0,False,unvoiced
praat_gate_swipe_t0.2,phone_F1.wav,2.815,0.0,False,unvoiced
praat_gate_swipe_t0.2,phone_F1.wav,2.825,0.0,False,unvoiced
praat_gate_swipe_t0.2,phone_F1.wav,2.835,0.0,False,unvoiced
praat_gate_swipe_t0.2,phone_F1.wav,2.845,0.0,False,unvoiced
praat_gate_swipe_t0.2,phone_F1.wav,2.855,0.0,False,unvoiced
praat_gate_swipe_t0.2,phone_F1.wav,2.865,0.0,False,unvoiced
praat_gate_swipe_t0.2,phone_F1.wav,2.875,0.0,False,unvoiced
praat_gate_swipe_t0.2,phone_F1.wav,2.885,0.0,False,unvoiced
praat_gate_swipe_t0.2,phone_F1.wav,2.895,0.0,False,unvoiced
praat_gate_swipe_t0.2,phone_F1.wav,2.905,0.0,False,unvoiced
praat_gate_swipe_t0.2,phone_F1.wav,2.915,0.0,False,unvoiced
praat_gate_swipe_t0.2,phone_F1.wav,2.925,0.0,False,unvoiced
praat_gate_swipe_t0.2,phone_F1.wav,2.935,0.0,False,unvoiced
praat_gate_swipe_t0.2,phone_F1.wav,2.945,0.0,False,unvoiced
praat_gate_swipe_t0.2,phone_F1.wav,2.955,0.0,False,unvoiced
praat_gate_swipe_t0.2,phone_F1.wav,2.965,0.0,False,unvoiced
praat_gate_swipe_t0.2,phone_F1.wav,2.975,0.0,False,unvoiced
praat_gate_swipe_t0.2,phone_F1.wav,2.985,0.0,False,unvoiced
praat_gate_swipe_t0.2,phone_F1.wav,2.995,0.0,False,unvoiced
praat_gate_swipe_t0.2,phone_F1.wav,3.005,0.0,False,unvoiced
praat_gate_swipe_t0.2,phone_F1.wav,3.015,0.0,False,unvoiced
praat_gate_swipe_t0.2,phone_F1.wav,3.025,0.0,False,unvoiced
praat_gate_swipe_t0.2,phone_F1.wav,3.035,0.0,False,unvoiced
praat_gate_swipe_t0.2,phone_F1.wav,3.045,0.0,False,unvoiced
praat_gate_swipe_t0.2,phone_F1.wav,3.055,0.0,False,unvoiced
praat_gate_swipe_t0.2,phone_F1.wav,3.065,0.0,False,unvoiced
praat_gate_swipe_t0.2,phone_F1.wav,3.075,0.0,False,unvoiced
praat_gate_swipe_t0.2,phone_F1.wav,3.085,0.0,False,unvoiced
praat_gate_swipe_t0.2,phone_F1.wav,3.095,0.0,False,unvoiced
praat_gate_swipe_t0.2,phone_F1.wav,3.105,0.0,False,unvoiced
praat_gate_swipe_t0.2,phone_F1.wav,3.115,0.0,False,unvoiced
praat_gate_swipe_t0.2,phone_F1.wav,3.125,0.0,False,unvoiced
praat_gate_swipe_t0.2,phone_F1.wav,3.135,0.0,False,unvoiced
praat_gate_swipe_t0.2,phone_F1.wav,3.145,0.0,False,unvoiced
praat_gate_swipe_t0.2,phone_F1.wav,3.155,0.0,False,unvoiced
praat_gate_swipe_t0.2,phone_F1.wav,3.165,0.0,False,unvoiced
praat_gate_swipe_t0.2,phone_F1.wav,3.175,0.0,False,unvoiced
praat_gate_swipe_t0.2,phone_F1.wav,3.185,0.0,False,unvoiced
praat_gate_swipe_t0.2,phone_F1.wav,3.195,0.0,False,unvoiced
praat_gate_swipe_t0.2,phone_F1.wav,3.205,0.0,False,unvoiced
praat_gate_swipe_t0.2,phone_F1.wav,3.215,0.0,False,unvoiced
praat_gate_swipe_t0.3,phone_F1.wav,0.025,0.0,False,unvoiced
praat_gate_swipe_t0.3,phone_F1.wav,0.035,0.0,False,unvoiced
praat_gate_swipe_t0.3,phone_F1.wav,0.045,0.0,False,unvoiced
praat_gate_swipe_t0.3,phone_F1.wav,0.055,0.0,False,unvoiced
praat_gate_swipe_t0.3,phone_F1.wav,0.065,0.0,False,unvoiced
praat_gate_swipe_t0.3,phone_F1.wav,0.075,0.0,False,unvoiced
praat_gate_swipe_t0.3,phone_F1.wav,0.085,0.0,False,unvoiced
praat_gate_swipe_t0.3,phone_F1.wav,0.095,0.0,False,unvoiced
praat_gate_swipe_t0.3,phone_F1.wav,0.105,0.0,False,unvoiced
praat_gate_swipe_t0.3,phone_F1.wav,0.115,0.0,False,unvoiced
praat_gate_swipe_t0.3,phone_F1.wav,0.125,0.0,False,unvoiced
praat_gate_swipe_t0.3,phone_F1.wav,0.135,0.0,False,unvoiced
praat_gate_swipe_t0.3,phone_F1.wav,0.145,0.0,False,unvoiced
praat_gate_swipe_t0.3,phone_F1.wav,0.155,0.0,False,unvoiced
praat_gate_swipe_t0.3,phone_F1.wav,0.165,0.0,False,unvoiced
praat_gate_swipe_t0.3,phone_F1.wav,0.175,0.0,False,unvoiced
praat_gate_swipe_t0.3,phone_F1.wav,0.185,0.0,False,unvoiced
praat_gate_swipe_t0.3,phone_F1.wav,0.195,0.0,False,unvoiced
praat_gate_swipe_t0.3,phone_F1.wav,0.205,0.0,False,unvoiced
praat_gate_swipe_t0.3,phone_F1.wav,0.215,0.0,False,unvoiced
praat_gate_swipe_t0.3,phone_F1.wav,0.225,0.0,False,unvoiced
praat_gate_swipe_t0.3,phone_F1.wav,0.235,0.0,False,unvoiced
praat_gate_swipe_t0.3,phone_F1.wav,0.245,0.0,False,unvoiced
praat_gate_swipe_t0.3,phone_F1.wav,0.255,0.0,False,unvoiced
praat_gate_swipe_t0.3,phone_F1.wav,0.265,0.0,False,unvoiced
praat_gate_swipe_t0.3,phone_F1.wav,0.275,0.0,False,unvoiced
praat_gate_swipe_t0.3,phone_F1.wav,0.285,0.0,False,unvoiced
praat_gate_swipe_t0.3,phone_F1.wav,0.295,0.0,False,unvoiced
praat_gate_swipe_t0.3,phone_F1.wav,0.305,0.0,False,unvoiced
praat_gate_swipe_t0.3,phone_F1.wav,0.315,0.0,False,unvoiced
praat_gate_swipe_t0.3,phone_F1.wav,0.325,0.0,False,unvoiced
praat_gate_swipe_t0.3,phone_F1.wav,0.335,0.0,False,unvoiced
praat_gate_swipe_t0.3,phone_F1.wav,0.345,0.0,False,unvoiced
praat_gate_swipe_t0.3,phone_F1.wav,0.355,0.0,False,unvoiced
praat_gate_swipe_t0.3,phone_F1.wav,0.365,0.0,False,unvoiced
praat_gate_swipe_t0.3,phone_F1.wav,0.375,0.0,False,unvoiced
praat_gate_swipe_t0.3,phone_F1.wav,0.385,0.0,False,unvoiced
praat_gate_swipe_t0.3,phone_F1.wav,0.395,0.0,False,unvoiced
praat_gate_swipe_t0.3,phone_F1.wav,0.405,0.0,False,unvoiced
praat_gate_swipe_t0.3,phone_F1.wav,0.415,0.0,False,unvoiced
praat_gate_swipe_t0.3,phone_F1.wav,0.425,0.0,False,unvoiced
praat_gate_swipe_t0.3,phone_F1.wav,0.435,0.0,False,unvoiced
praat_gate_swipe_t0.3,phone_F1.wav,0.445,0.0,False,unvoiced
praat_gate_swipe_t0.3,phone_F1.wav,0.455,0.0,False,unvoiced
praat_gate_swipe_t0.3,phone_F1.wav,0.465,0.0,False,unvoiced
praat_gate_swipe_t0.3,phone_F1.wav,0.475,0.0,False,unvoiced
praat_gate_swipe_t0.3,phone_F1.wav,0.485,0.0,False,unvoiced
praat_gate_swipe_t0.3,phone_F1.wav,0.495,0.0,False,unvoiced
praat_gate_swipe_t0.3,phone_F1.wav,0.505,0.0,False,unvoiced
praat_gate_swipe_t0.3,phone_F1.wav,0.515,0.0,False,unvoiced
praat_gate_swipe_t0.3,phone_F1.wav,0.525,0.0,False,unvoiced
praat_gate_swipe_t0.3,phone_F1.wav,0.535,0.0,False,unvoiced
praat_gate_swipe_t0.3,phone_F1.wav,0.545,224.0735160407899,True,praat_fallback
praat_gate_swipe_t0.3,phone_F1.wav,0.555,222.438625443822,True,swipe
praat_gate_swipe_t0.3,phone_F1.wav,0.565,224.05051259492797,True,swipe
praat_gate_swipe_t0.3,phone_F1.wav,0.575,221.63659791125406,True,swipe
praat_gate_swipe_t0.3,phone_F1.wav,0.585,219.64589351771838,True,swipe
praat_gate_swipe_t0.3,phone_F1.wav,0.595,219.44763574499575,True,swipe
praat_gate_swipe_t0.3,phone_F1.wav,0.605,219.64589351771838,True,swipe
praat_gate_swipe_t0.3,phone_F1.wav,0.615,222.438625443822,True,swipe
praat_gate_swipe_t0.3,phone_F1.wav,0.625,224.45552785741324,True,swipe
praat_gate_swipe_t0.3,phone_F1.wav,0.635,227.72031921159086,True,swipe
praat_gate_swipe_t0.3,phone_F1.wav,0.645,229.57770228289584,True,swipe
praat_gate_swipe_t0.3,phone_F1.wav,0.655,230.6157150484969,True,swipe
praat_gate_swipe_t0.3,phone_F1.wav,0.665,230.1995841326973,True,swipe
praat_gate_swipe_t0.3,phone_F1.wav,0.675,228.74993400422045,True,swipe
praat_gate_swipe_t0.3,phone_F1.wav,0.685,229.5767952372065,True,swipe
praat_gate_swipe_t0.3,phone_F1.wav,0.695,229.5767952372065,True,swipe
praat_gate_swipe_t0.3,phone_F1.wav,0.705,230.1995841326973,True,swipe
praat_gate_swipe_t0.3,phone_F1.wav,0.715,231.03259820257594,True,swipe
praat_gate_swipe_t0.3,phone_F1.wav,0.725,232.0771891354914,True,swipe
praat_gate_swipe_t0.3,phone_F1.wav,0.735,232.28685695196862,True,swipe
praat_gate_swipe_t0.3,phone_F1.wav,0.745,232.49671419073866,True,swipe
praat_gate_swipe_t0.3,phone_F1.wav,0.755,233.54792497859148,True,swipe
praat_gate_swipe_t0.3,phone_F1.wav,0.765,232.91607738082283,True,swipe
praat_gate_swipe_t0.3,phone_F1.wav,0.775,232.28685695196862,True,swipe
praat_gate_swipe_t0.3,phone_F1.wav,0.785,230.40755564570503,True,swipe
praat_gate_swipe_t0.3,phone_F1.wav,0.795,227.10423779416826,True,swipe
praat_gate_swipe_t0.3,phone_F1.wav,0.805,222.8407269040131,True,swipe
praat_gate_swipe_t0.3,phone_F1.wav,0.815,232.91699761983824,True,swipe
praat_gate_swipe_t0.3,phone_F1.wav,0.825,236.09156971398448,True,swipe
praat_gate_swipe_t0.3,phone_F1.wav,0.835,236.30393065822102,True,swipe
praat_gate_swipe_t0.3,phone_F1.wav,0.845,237.5877457712939,True,swipe
praat_gate_swipe_t0.3,phone_F1.wav,0.855,239.5256117398336,True,swipe
praat_gate_swipe_t0.3,phone_F1.wav,0.865,241.26131863495507,True,swipe
praat_gate_swipe_t0.3,phone_F1.wav,0.875,243.00960321813255,True,swipe
praat_gate_swipe_t0.3,phone_F1.wav,0.885,244.9907241999174,True,swipe
praat_gate_swipe_t0.3,phone_F1.wav,0.895,248.10668832988,True,swipe
praat_gate_swipe_t0.3,phone_F1.wav,0.905,249.6790074397369,True,swipe
praat_gate_swipe_t0.3,phone_F1.wav,0.915,249.22847806449468,True,swipe
praat_gate_swipe_t0.3,phone_F1.wav,0.925,247.21211170382054,True,swipe
praat_gate_swipe_t0.3,phone_F1.wav,0.935,245.87726237945935,True,swipe
praat_gate_swipe_t0.3,phone_F1.wav,0.945,245.87726237945935,True,swipe
praat_gate_swipe_t0.3,phone_F1.wav,0.955,243.44792890708422,True,swipe
praat_gate_swipe_t0.3,phone_F1.wav,0.965,239.95765322048732,True,swipe
praat_gate_swipe_t0.3,phone_F1.wav,0.975,232.0771891354914,True,swipe
praat_gate_swipe_t0.3,phone_F1.wav,0.985,227.51477326412282,True,swipe
praat_gate_swipe_t0.3,phone_F1.wav,0.995,231.44932051081574,True,swipe
praat_gate_swipe_t0.3,phone_F1.wav,1.005,234.18148663316248,True,swipe
praat_gate_swipe_t0.3,phone_F1.wav,1.015,235.45284046305727,True,swipe
praat_gate_swipe_t0.3,phone_F1.wav,1.025,232.0771891354914,True,swipe
praat_gate_swipe_t0.3,phone_F1.wav,1.035,228.74993400422045,True,swipe
praat_gate_swipe_t0.3,phone_F1.wav,1.045,226.69444310851375,True,swipe
praat_gate_swipe_t0.3,phone_F1.wav,1.055,227.10423779416826,True,swipe
praat_gate_swipe_t0.3,phone_F1.wav,1.065,228.13106703589452,True,swipe
praat_gate_swipe_t0.3,phone_F1.wav,1.075,233.12650308249908,True,swipe
praat_gate_swipe_t0.3,phone_F1.wav,1.085,240.8259784264638,True,swipe
praat_gate_swipe_t0.3,phone_F1.wav,1.095,244.1083469889592,True,swipe
praat_gate_swipe_t0.3,phone_F1.wav,1.105,246.09939773415113,True,swipe
praat_gate_swipe_t0.3,phone_F1.wav,1.115,246.3217337748086,True,swipe
praat_gate_swipe_t0.3,phone_F1.wav,1.125,245.65532752958893,True,swipe
praat_gate_swipe_t0.3,phone_F1.wav,1.135,236.73109637809986,True,swipe
praat_gate_swipe_t0.3,phone_F1.wav,1.145,0.0,False,unvoiced
praat_gate_swipe_t0.3,phone_F1.wav,1.155,0.0,False,unvoiced
praat_gate_swipe_t0.3,phone_F1.wav,1.165,0.0,False,unvoiced
praat_gate_swipe_t0.3,phone_F1.wav,1.175,0.0,False,unvoiced
praat_gate_swipe_t0.3,phone_F1.wav,1.185,0.0,False,unvoiced
praat_gate_swipe_t0.3,phone_F1.wav,1.195,0.0,False,unvoiced
praat_gate_swipe_t0.3,phone_F1.wav,1.205,0.0,False,unvoiced
praat_gate_swipe_t0.3,phone_F1.wav,1.215,225.9302604632008,True,praat_fallback
praat_gate_swipe_t0.3,phone_F1.wav,1.225,205.16599655586484,True,praat_fallback
praat_gate_swipe_t0.3,phone_F1.wav,1.235,187.72385954744246,True,swipe
praat_gate_swipe_t0.3,phone_F1.wav,1.245,185.0324913122966,True,swipe
praat_gate_swipe_t0.3,phone_F1.wav,1.255,185.0324913122966,True,swipe
praat_gate_swipe_t0.3,phone_F1.wav,1.265,182.21580833357365,True,swipe
praat_gate_swipe_t0.3,phone_F1.wav,1.275,180.74160350288906,True,swipe
praat_gate_swipe_t0.3,phone_F1.wav,1.285,180.08991928212677,True,swipe
praat_gate_swipe_t0.3,phone_F1.wav,1.295,180.57846169688986,True,swipe
praat_gate_swipe_t0.3,phone_F1.wav,1.305,181.39492926569122,True,swipe
praat_gate_swipe_t0.3,phone_F1.wav,1.315,182.05133587412303,True,swipe
praat_gate_swipe_t0.3,phone_F1.wav,1.325,181.55880870115345,True,swipe
praat_gate_swipe_t0.3,phone_F1.wav,1.335,178.95582785616548,True,swipe
praat_gate_swipe_t0.3,phone_F1.wav,1.345,171.52348540487853,True,swipe
praat_gate_swipe_t0.3,phone_F1.wav,1.355,0.0,False,unvoiced
praat_gate_swipe_t0.3,phone_F1.wav,1.365,0.0,False,unvoiced
praat_gate_swipe_t0.3,phone_F1.wav,1.375,0.0,False,unvoiced
praat_gate_swipe_t0.3,phone_F1.wav,1.385,0.0,False,unvoiced
praat_gate_swipe_t0.3,phone_F1.wav,1.395,0.0,False,unvoiced
praat_gate_swipe_t0.3,phone_F1.wav,1.405,0.0,False,unvoiced
praat_gate_swipe_t0.3,phone_F1.wav,1.415,0.0,False,unvoiced
praat_gate_swipe_t0.3,phone_F1.wav,1.425,0.0,False,unvoiced
praat_gate_swipe_t0.3,phone_F1.wav,1.435,0.0,False,unvoiced
praat_gate_swipe_t0.3,phone_F1.wav,1.445,0.0,False,unvoiced
praat_gate_swipe_t0.3,phone_F1.wav,1.455,216.88736761863115,True,swipe
praat_gate_swipe_t0.3,phone_F1.wav,1.465,210.3335990661066,True,swipe
praat_gate_swipe_t0.3,phone_F1.wav,1.475,205.45516896735168,True,swipe
praat_gate_swipe_t0.3,phone_F1.wav,1.485,200.68988807696934,True,swipe
praat_gate_swipe_t0.3,phone_F1.wav,1.495,197.63407734434912,True,swipe
praat_gate_swipe_t0.3,phone_F1.wav,1.505,197.63407734434912,True,swipe
praat_gate_swipe_t0.3,phone_F1.wav,1.515,196.2122380180184,True,swipe
praat_gate_swipe_t0.3,phone_F1.wav,1.525,194.62479600752013,True,swipe
praat_gate_swipe_t0.3,phone_F1.wav,1.535,193.22460636127587,True,swipe
praat_gate_swipe_t0.3,phone_F1.wav,1.545,192.0078010551678,True,swipe
praat_gate_swipe_t0.3,phone_F1.wav,1.555,190.45437476118528,True,swipe
praat_gate_swipe_t0.3,phone_F1.wav,1.565,188.74374409739482,True,swipe
praat_gate_swipe_t0.3,phone_F1.wav,1.575,187.04773902835453,True,swipe
praat_gate_swipe_t0.3,phone_F1.wav,1.585,197.70368817349527,True,praat_fallback
praat_gate_swipe_t0.3,phone_F1.wav,1.595,227.3075094072663,True,praat_fallback
praat_gate_swipe_t0.3,phone_F1.wav,1.605,247.8394397434645,True,praat_fallback
praat_gate_swipe_t0.3,phone_F1.wav,1.615,229.95963962648997,True,praat_fallback
praat_gate_swipe_t0.3,phone_F1.wav,1.625,0.0,False,unvoiced
praat_gate_swipe_t0.3,phone_F1.wav,1.635,0.0,False,unvoiced
praat_gate_swipe_t0.3,phone_F1.wav,1.645,0.0,False,unvoiced
praat_gate_swipe_t0.3,phone_F1.wav,1.655,0.0,False,unvoiced
praat_gate_swipe_t0.3,phone_F1.wav,1.665,0.0,False,unvoiced
praat_gate_swipe_t0.3,phone_F1.wav,1.675,0.0,False,unvoiced
praat_gate_swipe_t0.3,phone_F1.wav,1.685,0.0,False,unvoiced
praat_gate_swipe_t0.3,phone_F1.wav,1.695,0.0,False,unvoiced
praat_gate_swipe_t0.3,phone_F1.wav,1.705,0.0,False,unvoiced
praat_gate_swipe_t0.3,phone_F1.wav,1.715,0.0,False,unvoiced
praat_gate_swipe_t0.3,phone_F1.wav,1.725,0.0,False,unvoiced
praat_gate_swipe_t0.3,phone_F1.wav,1.735,0.0,False,unvoiced
praat_gate_swipe_t0.3,phone_F1.wav,1.745,0.0,False,unvoiced
praat_gate_swipe_t0.3,phone_F1.wav,1.755,0.0,False,unvoiced
praat_gate_swipe_t0.3,phone_F1.wav,1.765,0.0,False,unvoiced
praat_gate_swipe_t0.3,phone_F1.wav,1.775,0.0,False,unvoiced
praat_gate_swipe_t0.3,phone_F1.wav,1.785,0.0,False,unvoiced
praat_gate_swipe_t0.3,phone_F1.wav,1.795,0.0,False,unvoiced
praat_gate_swipe_t0.3,phone_F1.wav,1.805,0.0,False,unvoiced
praat_gate_swipe_t0.3,phone_F1.wav,1.815,0.0,False,unvoiced
praat_gate_swipe_t0.3,phone_F1.wav,1.825,0.0,False,unvoiced
praat_gate_swipe_t0.3,phone_F1.wav,1.835,225.7173191107258,True,praat_fallback
praat_gate_swipe_t0.3,phone_F1.wav,1.845,217.90010520086597,True,praat_fallback
praat_gate_swipe_t0.3,phone_F1.wav,1.855,0.0,False,unvoiced
praat_gate_swipe_t0.3,phone_F1.wav,1.865,0.0,False,unvoiced
praat_gate_swipe_t0.3,phone_F1.wav,1.875,0.0,False,unvoiced
praat_gate_swipe_t0.3,phone_F1.wav,1.885,0.0,False,unvoiced
praat_gate_swipe_t0.3,phone_F1.wav,1.895,0.0,False,unvoiced
praat_gate_swipe_t0.3,phone_F1.wav,1.905,0.0,False,unvoiced
praat_gate_swipe_t0.3,phone_F1.wav,1.915,221.83683327996297,True,swipe
praat_gate_swipe_t0.3,phone_F1.wav,1.925,225.4703812203876,True,swipe
praat_gate_swipe_t0.3,phone_F1.wav,1.935,225.67408018230125,True,swipe
praat_gate_swipe_t0.3,phone_F1.wav,1.945,224.05051259492797,True,swipe
praat_gate_swipe_t0.3,phone_F1.wav,1.955,223.24267322157928,True,swipe
praat_gate_swipe_t0.3,phone_F1.wav,1.965,222.438625443822,True,swipe
praat_gate_swipe_t0.3,phone_F1.wav,1.975,220.63900059700399,True,swipe
praat_gate_swipe_t0.3,phone_F1.wav,1.985,219.44763574499575,True,swipe
praat_gate_swipe_t0.3,phone_F1.wav,1.995,217.86886308207644,True,swipe
praat_gate_swipe_t0.3,phone_F1.wav,2.005,217.86886308207644,True,swipe
praat_gate_swipe_t0.3,phone_F1.wav,2.015,213.39298157398724,True,swipe
praat_gate_swipe_t0.3,phone_F1.wav,2.025,213.39298157398724,True,swipe
praat_gate_swipe_t0.3,phone_F1.wav,2.035,202.1441744056262,True,swipe
praat_gate_swipe_t0.3,phone_F1.wav,2.045,202.1441744056262,True,swipe
praat_gate_swipe_t0.3,phone_F1.wav,2.055,196.38950400294613,True,swipe
praat_gate_swipe_t0.3,phone_F1.wav,2.065,196.38950400294613,True,swipe
praat_gate_swipe_t0.3,phone_F1.wav,2.075,205.26972009079202,True,swipe
praat_gate_swipe_t0.3,phone_F1.wav,2.085,205.26972009079202,True,swipe
praat_gate_swipe_t0.3,phone_F1.wav,2.095,202.50958966358985,True,swipe
praat_gate_swipe_t0.3,phone_F1.wav,2.105,202.50958966358985,True,swipe
praat_gate_swipe_t0.3,phone_F1.wav,2.115,199.60624067935876,True,swipe
praat_gate_swipe_t0.3,phone_F1.wav,2.125,199.60624067935876,True,swipe
praat_gate_swipe_t0.3,phone_F1.wav,2.135,197.81262787580224,True,swipe
praat_gate_swipe_t0.3,phone_F1.wav,2.145,196.5669301370558,True,swipe
praat_gate_swipe_t0.3,phone_F1.wav,2.155,195.32907700799345,True,swipe
praat_gate_swipe_t0.3,phone_F1.wav,2.165,193.57389774989014,True,swipe
praat_gate_swipe_t0.3,phone_F1.wav,2.175,192.35489282944195,True,swipe
praat_gate_swipe_t0.3,phone_F1.wav,2.185,191.3162511667771,True,swipe
praat_gate_swipe_t0.3,phone_F1.wav,2.195,189.939864192778,True,swipe
praat_gate_swipe_t0.3,phone_F1.wav,2.205,0.0,False,unvoiced
praat_gate_swipe_t0.3,phone_F1.wav,2.215,0.0,False,unvoiced
praat_gate_swipe_t0.3,phone_F1.wav,2.225,0.0,False,unvoiced
praat_gate_swipe_t0.3,phone_F1.wav,2.235,0.0,False,unvoiced
praat_gate_swipe_t0.3,phone_F1.wav,2.245,0.0,False,unvoiced
praat_gate_swipe_t0.3,phone_F1.wav,2.255,0.0,False,unvoiced
praat_gate_swipe_t0.3,phone_F1.wav,2.265,0.0,False,unvoiced
praat_gate_swipe_t0.3,phone_F1.wav,2.275,0.0,False,unvoiced
praat_gate_swipe_t0.3,phone_F1.wav,2.285,235.02798127204792,True,swipe
praat_gate_swipe_t0.3,phone_F1.wav,2.295,235.02798127204792,True,swipe
praat_gate_swipe_t0.3,phone_F1.wav,2.305,235.87846767041586,True,swipe
praat_gate_swipe_t0.3,phone_F1.wav,2.315,235.87846767041586,True,swipe
praat_gate_swipe_t0.3,phone_F1.wav,2.325,240.17444056346199,True,swipe
praat_gate_swipe_t0.3,phone_F1.wav,2.335,240.17444056346199,True,swipe
praat_gate_swipe_t0.3,phone_F1.wav,2.345,0.0,False,unvoiced
praat_gate_swipe_t0.3,phone_F1.wav,2.355,0.0,False,unvoiced
praat_gate_swipe_t0.3,phone_F1.wav,2.365,0.0,False,unvoiced
praat_gate_swipe_t0.3,phone_F1.wav,2.375,0.0,False,unvoiced
praat_gate_swipe_t0.3,phone_F1.wav,2.385,0.0,False,unvoiced
praat_gate_swipe_t0.3,phone_F1.wav,2.395,0.0,False,unvoiced
praat_gate_swipe_t0.3,phone_F1.wav,2.405,255.80963167920584,True,praat_fallback
praat_gate_swipe_t0.3,phone_F1.wav,2.415,244.9907241999174,True,swipe
praat_gate_swipe_t0.3,phone_F1.wav,2.425,237.15903428383177,True,swipe
praat_gate_swipe_t0.3,phone_F1.wav,2.435,217.47573302370424,True,swipe
praat_gate_swipe_t0.3,phone_F1.wav,2.445,208.82039553957176,True,swipe
praat_gate_swipe_t0.3,phone_F1.wav,2.455,198.3492479113839,True,swipe
praat_gate_swipe_t0.3,phone_F1.wav,2.465,197.12487288855576,True,praat_fallback
praat_gate_swipe_t0.3,phone_F1.wav,2.475,195.67331929711443,True,praat_fallback
praat_gate_swipe_t0.3,phone_F1.wav,2.485,192.8767072886241,True,swipe
praat_gate_swipe_t0.3,phone_F1.wav,2.495,199.76699535700527,True,praat_fallback
praat_gate_swipe_t0.3,phone_F1.wav,2.505,211.06278024694768,True,praat_fallback
praat_gate_swipe_t0.3,phone_F1.wav,2.515,0.0,False,unvoiced
praat_gate_swipe_t0.3,phone_F1.wav,2.525,0.0,False,unvoiced
praat_gate_swipe_t0.3,phone_F1.wav,2.535,0.0,False,unvoiced
praat_gate_swipe_t0.3,phone_F1.wav,2.545,0.0,False,unvoiced
praat_gate_swipe_t0.3,phone_F1.wav,2.555,0.0,False,unvoiced
praat_gate_swipe_t0.3,phone_F1.wav,2.565,0.0,False,unvoiced
praat_gate_swipe_t0.3,phone_F1.wav,2.575,0.0,False,unvoiced
praat_gate_swipe_t0.3,phone_F1.wav,2.585,0.0,False,unvoiced
praat_gate_swipe_t0.3,phone_F1.wav,2.595,0.0,False,unvoiced
praat_gate_swipe_t0.3,phone_F1.wav,2.605,0.0,False,unvoiced
praat_gate_swipe_t0.3,phone_F1.wav,2.615,0.0,False,unvoiced
praat_gate_swipe_t0.3,phone_F1.wav,2.625,0.0,False,unvoiced
praat_gate_swipe_t0.3,phone_F1.wav,2.635,0.0,False,unvoiced
praat_gate_swipe_t0.3,phone_F1.wav,2.645,0.0,False,unvoiced
praat_gate_swipe_t0.3,phone_F1.wav,2.655,0.0,False,unvoiced
praat_gate_swipe_t0.3,phone_F1.wav,2.665,212.75256949765105,True,praat_fallback
praat_gate_swipe_t0.3,phone_F1.wav,2.675,202.6925449279079,True,swipe
praat_gate_swipe_t0.3,phone_F1.wav,2.685,198.52844455653621,True,swipe
praat_gate_swipe_t0.3,phone_F1.wav,2.695,196.74451656503257,True,swipe
praat_gate_swipe_t0.3,phone_F1.wav,2.705,194.44912289132796,True,swipe
praat_gate_swipe_t0.3,phone_F1.wav,2.715,191.83449010283036,True,swipe
praat_gate_swipe_t0.3,phone_F1.wav,2.725,189.0841883867203,True,swipe
praat_gate_swipe_t0.3,phone_F1.wav,2.735,187.72385954744246,True,swipe
praat_gate_swipe_t0.3,phone_F1.wav,2.745,0.0,False,unvoiced
praat_gate_swipe_t0.3,phone_F1.wav,2.755,0.0,False,unvoiced
praat_gate_swipe_t0.3,phone_F1.wav,2.765,0.0,False,unvoiced
praat_gate_swipe_t0.3,phone_F1.wav,2.775,0.0,False,unvoiced
praat_gate_swipe_t0.3,phone_F1.wav,2.785,0.0,False,unvoiced
praat_gate_swipe_t0.3,phone_F1.wav,2.795,0.0,False,unvoiced
praat_gate_swipe_t0.3,phone_F1.wav,2.805,0.0,False,unvoiced
praat_gate_swipe_t0.3,phone_F1.wav,2.815,0.0,False,unvoiced
praat_gate_swipe_t0.3,phone_F1.wav,2.825,0.0,False,unvoiced
praat_gate_swipe_t0.3,phone_F1.wav,2.835,0.0,False,unvoiced
praat_gate_swipe_t0.3,phone_F1.wav,2.845,0.0,False,unvoiced
praat_gate_swipe_t0.3,phone_F1.wav,2.855,0.0,False,unvoiced
praat_gate_swipe_t0.3,phone_F1.wav,2.865,0.0,False,unvoiced
praat_gate_swipe_t0.3,phone_F1.wav,2.875,0.0,False,unvoiced
praat_gate_swipe_t0.3,phone_F1.wav,2.885,0.0,False,unvoiced
praat_gate_swipe_t0.3,phone_F1.wav,2.895,0.0,False,unvoiced
praat_gate_swipe_t0.3,phone_F1.wav,2.905,0.0,False,unvoiced
praat_gate_swipe_t0.3,phone_F1.wav,2.915,0.0,False,unvoiced
praat_gate_swipe_t0.3,phone_F1.wav,2.925,0.0,False,unvoiced
praat_gate_swipe_t0.3,phone_F1.wav,2.935,0.0,False,unvoiced
praat_gate_swipe_t0.3,phone_F1.wav,2.945,0.0,False,unvoiced
praat_gate_swipe_t0.3,phone_F1.wav,2.955,0.0,False,unvoiced
praat_gate_swipe_t0.3,phone_F1.wav,2.965,0.0,False,unvoiced
praat_gate_swipe_t0.3,phone_F1.wav,2.975,0.0,False,unvoiced
praat_gate_swipe_t0.3,phone_F1.wav,2.985,0.0,False,unvoiced
praat_gate_swipe_t0.3,phone_F1.wav,2.995,0.0,False,unvoiced
praat_gate_swipe_t0.3,phone_F1.wav,3.005,0.0,False,unvoiced
praat_gate_swipe_t0.3,phone_F1.wav,3.015,0.0,False,unvoiced
praat_gate_swipe_t0.3,phone_F1.wav,3.025,0.0,False,unvoiced
praat_gate_swipe_t0.3,phone_F1.wav,3.035,0.0,False,unvoiced
praat_gate_swipe_t0.3,phone_F1.wav,3.045,0.0,False,unvoiced
praat_gate_swipe_t0.3,phone_F1.wav,3.055,0.0,False,unvoiced
praat_gate_swipe_t0.3,phone_F1.wav,3.065,0.0,False,unvoiced
praat_gate_swipe_t0.3,phone_F1.wav,3.075,0.0,False,unvoiced
praat_gate_swipe_t0.3,phone_F1.wav,3.085,0.0,False,unvoiced
praat_gate_swipe_t0.3,phone_F1.wav,3.095,0.0,False,unvoiced
praat_gate_swipe_t0.3,phone_F1.wav,3.105,0.0,False,unvoiced
praat_gate_swipe_t0.3,phone_F1.wav,3.115,0.0,False,unvoiced
praat_gate_swipe_t0.3,phone_F1.wav,3.125,0.0,False,unvoiced
praat_gate_swipe_t0.3,phone_F1.wav,3.135,0.0,False,unvoiced
praat_gate_swipe_t0.3,phone_F1.wav,3.145,0.0,False,unvoiced
praat_gate_swipe_t0.3,phone_F1.wav,3.155,0.0,False,unvoiced
praat_gate_swipe_t0.3,phone_F1.wav,3.165,0.0,False,unvoiced
praat_gate_swipe_t0.3,phone_F1.wav,3.175,0.0,False,unvoiced
praat_gate_swipe_t0.3,phone_F1.wav,3.185,0.0,False,unvoiced
praat_gate_swipe_t0.3,phone_F1.wav,3.195,0.0,False,unvoiced
praat_gate_swipe_t0.3,phone_F1.wav,3.205,0.0,False,unvoiced
praat_gate_swipe_t0.3,phone_F1.wav,3.215,0.0,False,unvoiced
praat7_filtered_v0.3,phone_M1.wav,0.025,0.0,False,praat_control
praat7_filtered_v0.3,phone_M1.wav,0.035,0.0,False,praat_control
praat7_filtered_v0.3,phone_M1.wav,0.045,0.0,False,praat_control
praat7_filtered_v0.3,phone_M1.wav,0.055,0.0,False,praat_control
praat7_filtered_v0.3,phone_M1.wav,0.065,0.0,False,praat_control
praat7_filtered_v0.3,phone_M1.wav,0.075,0.0,False,praat_control
praat7_filtered_v0.3,phone_M1.wav,0.085,0.0,False,praat_control
praat7_filtered_v0.3,phone_M1.wav,0.095,0.0,False,praat_control
praat7_filtered_v0.3,phone_M1.wav,0.105,0.0,False,praat_control
praat7_filtered_v0.3,phone_M1.wav,0.115,0.0,False,praat_control
praat7_filtered_v0.3,phone_M1.wav,0.125,0.0,False,praat_control
praat7_filtered_v0.3,phone_M1.wav,0.135,0.0,False,praat_control
praat7_filtered_v0.3,phone_M1.wav,0.145,0.0,False,praat_control
praat7_filtered_v0.3,phone_M1.wav,0.155,0.0,False,praat_control
praat7_filtered_v0.3,phone_M1.wav,0.165,0.0,False,praat_control
praat7_filtered_v0.3,phone_M1.wav,0.175,0.0,False,praat_control
praat7_filtered_v0.3,phone_M1.wav,0.185,0.0,False,praat_control
praat7_filtered_v0.3,phone_M1.wav,0.195,0.0,False,praat_control
praat7_filtered_v0.3,phone_M1.wav,0.205,0.0,False,praat_control
praat7_filtered_v0.3,phone_M1.wav,0.215,0.0,False,praat_control
praat7_filtered_v0.3,phone_M1.wav,0.225,0.0,False,praat_control
praat7_filtered_v0.3,phone_M1.wav,0.235,0.0,False,praat_control
praat7_filtered_v0.3,phone_M1.wav,0.245,0.0,False,praat_control
praat7_filtered_v0.3,phone_M1.wav,0.255,0.0,False,praat_control
praat7_filtered_v0.3,phone_M1.wav,0.265,0.0,False,praat_control
praat7_filtered_v0.3,phone_M1.wav,0.275,0.0,False,praat_control
praat7_filtered_v0.3,phone_M1.wav,0.285,0.0,False,praat_control
praat7_filtered_v0.3,phone_M1.wav,0.295,0.0,False,praat_control
praat7_filtered_v0.3,phone_M1.wav,0.305,0.0,False,praat_control
praat7_filtered_v0.3,phone_M1.wav,0.315,0.0,False,praat_control
praat7_filtered_v0.3,phone_M1.wav,0.325,0.0,False,praat_control
praat7_filtered_v0.3,phone_M1.wav,0.335,0.0,False,praat_control
praat7_filtered_v0.3,phone_M1.wav,0.345,0.0,False,praat_control
praat7_filtered_v0.3,phone_M1.wav,0.355,0.0,False,praat_control
praat7_filtered_v0.3,phone_M1.wav,0.365,0.0,False,praat_control
praat7_filtered_v0.3,phone_M1.wav,0.375,0.0,False,praat_control
praat7_filtered_v0.3,phone_M1.wav,0.385,0.0,False,praat_control
praat7_filtered_v0.3,phone_M1.wav,0.395,0.0,False,praat_control
praat7_filtered_v0.3,phone_M1.wav,0.405,0.0,False,praat_control
praat7_filtered_v0.3,phone_M1.wav,0.415,0.0,False,praat_control
praat7_filtered_v0.3,phone_M1.wav,0.425,0.0,False,praat_control
praat7_filtered_v0.3,phone_M1.wav,0.435,0.0,False,praat_control
praat7_filtered_v0.3,phone_M1.wav,0.445,0.0,False,praat_control
praat7_filtered_v0.3,phone_M1.wav,0.455,0.0,False,praat_control
praat7_filtered_v0.3,phone_M1.wav,0.465,0.0,False,praat_control
praat7_filtered_v0.3,phone_M1.wav,0.475,138.9088485650244,True,praat_control
praat7_filtered_v0.3,phone_M1.wav,0.485,136.9354530616309,True,praat_control
praat7_filtered_v0.3,phone_M1.wav,0.495,136.33263828102875,True,praat_control
praat7_filtered_v0.3,phone_M1.wav,0.505,136.35805846818354,True,praat_control
praat7_filtered_v0.3,phone_M1.wav,0.515,135.7466745053719,True,praat_control
praat7_filtered_v0.3,phone_M1.wav,0.525,134.72748434791188,True,praat_control
praat7_filtered_v0.3,phone_M1.wav,0.535,134.8482636913602,True,praat_control
praat7_filtered_v0.3,phone_M1.wav,0.545,136.1947976286359,True,praat_control
praat7_filtered_v0.3,phone_M1.wav,0.555,137.70480228065725,True,praat_control
praat7_filtered_v0.3,phone_M1.wav,0.565,137.66124322323464,True,praat_control
praat7_filtered_v0.3,phone_M1.wav,0.575,137.13804440459435,True,praat_control
praat7_filtered_v0.3,phone_M1.wav,0.585,137.69149868895843,True,praat_control
praat7_filtered_v0.3,phone_M1.wav,0.595,137.86569841133579,True,praat_control
praat7_filtered_v0.3,phone_M1.wav,0.605,138.34644689184603,True,praat_control
praat7_filtered_v0.3,phone_M1.wav,0.615,138.85166304073087,True,praat_control
praat7_filtered_v0.3,phone_M1.wav,0.625,139.51455007848696,True,praat_control
praat7_filtered_v0.3,phone_M1.wav,0.635,139.97486877246095,True,praat_control
praat7_filtered_v0.3,phone_M1.wav,0.645,139.49767373377557,True,praat_control
praat7_filtered_v0.3,phone_M1.wav,0.655,137.80116403226918,True,praat_control
praat7_filtered_v0.3,phone_M1.wav,0.665,135.94523381088783,True,praat_control
praat7_filtered_v0.3,phone_M1.wav,0.675,134.2960954840052,True,praat_control
praat7_filtered_v0.3,phone_M1.wav,0.685,132.58091891031395,True,praat_control
praat7_filtered_v0.3,phone_M1.wav,0.695,130.9450919670001,True,praat_control
praat7_filtered_v0.3,phone_M1.wav,0.705,129.1816126622188,True,praat_control
praat7_filtered_v0.3,phone_M1.wav,0.715,127.75516826373332,True,praat_control
praat7_filtered_v0.3,phone_M1.wav,0.725,125.50463329407312,True,praat_control
praat7_filtered_v0.3,phone_M1.wav,0.735,123.58580591861595,True,praat_control
praat7_filtered_v0.3,phone_M1.wav,0.745,122.41349808410108,True,praat_control
praat7_filtered_v0.3,phone_M1.wav,0.755,121.11016505657769,True,praat_control
praat7_filtered_v0.3,phone_M1.wav,0.765,119.38380856248192,True,praat_control
praat7_filtered_v0.3,phone_M1.wav,0.775,117.91111263227016,True,praat_control
praat7_filtered_v0.3,phone_M1.wav,0.785,116.60535925914289,True,praat_control
praat7_filtered_v0.3,phone_M1.wav,0.795,114.34104801361336,True,praat_control
praat7_filtered_v0.3,phone_M1.wav,0.805,112.97934244776208,True,praat_control
praat7_filtered_v0.3,phone_M1.wav,0.815,112.27417832644667,True,praat_control
praat7_filtered_v0.3,phone_M1.wav,0.825,114.75825622448176,True,praat_control
praat7_filtered_v0.3,phone_M1.wav,0.835,115.35875818091786,True,praat_control
praat7_filtered_v0.3,phone_M1.wav,0.845,116.23661202654885,True,praat_control
praat7_filtered_v0.3,phone_M1.wav,0.855,118.43452983082231,True,praat_control
praat7_filtered_v0.3,phone_M1.wav,0.865,119.20656686769446,True,praat_control
praat7_filtered_v0.3,phone_M1.wav,0.875,120.69093197160652,True,praat_control
praat7_filtered_v0.3,phone_M1.wav,0.885,122.78306218323254,True,praat_control
praat7_filtered_v0.3,phone_M1.wav,0.895,124.1253380735767,True,praat_control
praat7_filtered_v0.3,phone_M1.wav,0.905,128.23393331768483,True,praat_control
praat7_filtered_v0.3,phone_M1.wav,0.915,132.86932828424662,True,praat_control
praat7_filtered_v0.3,phone_M1.wav,0.925,132.55837332255018,True,praat_control
praat7_filtered_v0.3,phone_M1.wav,0.935,133.90859892140773,True,praat_control
praat7_filtered_v0.3,phone_M1.wav,0.945,135.46936013880057,True,praat_control
praat7_filtered_v0.3,phone_M1.wav,0.955,137.61177438611577,True,praat_control
praat7_filtered_v0.3,phone_M1.wav,0.965,139.60552935527863,True,praat_control
praat7_filtered_v0.3,phone_M1.wav,0.975,141.59686357856899,True,praat_control
praat7_filtered_v0.3,phone_M1.wav,0.985,141.94696395913314,True,praat_control
praat7_filtered_v0.3,phone_M1.wav,0.995,140.32130048414868,True,praat_control
praat7_filtered_v0.3,phone_M1.wav,1.005,142.37027294384117,True,praat_control
praat7_filtered_v0.3,phone_M1.wav,1.015,146.7765363572416,True,praat_control
praat7_filtered_v0.3,phone_M1.wav,1.025,148.55301530087124,True,praat_control
praat7_filtered_v0.3,phone_M1.wav,1.035,149.35510544938595,True,praat_control
praat7_filtered_v0.3,phone_M1.wav,1.045,149.92884504879387,True,praat_control
praat7_filtered_v0.3,phone_M1.wav,1.055,149.80902517207227,True,praat_control
praat7_filtered_v0.3,phone_M1.wav,1.065,149.3530290636188,True,praat_control
praat7_filtered_v0.3,phone_M1.wav,1.075,148.33601126163907,True,praat_control
praat7_filtered_v0.3,phone_M1.wav,1.085,146.63205898265116,True,praat_control
praat7_filtered_v0.3,phone_M1.wav,1.095,144.83576141403347,True,praat_control
praat7_filtered_v0.3,phone_M1.wav,1.105,143.06284321961687,True,praat_control
praat7_filtered_v0.3,phone_M1.wav,1.115,141.5384361926565,True,praat_control
praat7_filtered_v0.3,phone_M1.wav,1.125,139.06951579519446,True,praat_control
praat7_filtered_v0.3,phone_M1.wav,1.135,142.96214042502092,True,praat_control
praat7_filtered_v0.3,phone_M1.wav,1.145,149.07585246875962,True,praat_control
praat7_filtered_v0.3,phone_M1.wav,1.155,152.92495164303847,True,praat_control
praat7_filtered_v0.3,phone_M1.wav,1.165,155.52369765893044,True,praat_control
praat7_filtered_v0.3,phone_M1.wav,1.175,156.2774068228227,True,praat_control
praat7_filtered_v0.3,phone_M1.wav,1.185,154.65568935886677,True,praat_control
praat7_filtered_v0.3,phone_M1.wav,1.195,153.6430245745723,True,praat_control
praat7_filtered_v0.3,phone_M1.wav,1.205,153.12024406690333,True,praat_control
praat7_filtered_v0.3,phone_M1.wav,1.215,150.99275691442466,True,praat_control
praat7_filtered_v0.3,phone_M1.wav,1.225,145.5289693692635,True,praat_control
praat7_filtered_v0.3,phone_M1.wav,1.235,150.6723944340197,True,praat_control
praat7_filtered_v0.3,phone_M1.wav,1.245,153.3308891364185,True,praat_control
praat7_filtered_v0.3,phone_M1.wav,1.255,155.11060887439595,True,praat_control
praat7_filtered_v0.3,phone_M1.wav,1.265,156.74903809593891,True,praat_control
praat7_filtered_v0.3,phone_M1.wav,1.275,157.37315439778706,True,praat_control
praat7_filtered_v0.3,phone_M1.wav,1.285,156.4810680260267,True,praat_control
praat7_filtered_v0.3,phone_M1.wav,1.295,154.5075121729987,True,praat_control
praat7_filtered_v0.3,phone_M1.wav,1.305,153.46559411543802,True,praat_control
praat7_filtered_v0.3,phone_M1.wav,1.315,152.56644379375427,True,praat_control
praat7_filtered_v0.3,phone_M1.wav,1.325,151.34556935564154,True,praat_control
praat7_filtered_v0.3,phone_M1.wav,1.335,152.83785951535845,True,praat_control
praat7_filtered_v0.3,phone_M1.wav,1.345,152.50710432850855,True,praat_control
praat7_filtered_v0.3,phone_M1.wav,1.355,153.07802459253583,True,praat_control
praat7_filtered_v0.3,phone_M1.wav,1.365,152.60240244073992,True,praat_control
praat7_filtered_v0.3,phone_M1.wav,1.375,147.17615172954223,True,praat_control
praat7_filtered_v0.3,phone_M1.wav,1.385,146.74995771436363,True,praat_control
praat7_filtered_v0.3,phone_M1.wav,1.395,0.0,False,praat_control
praat7_filtered_v0.3,phone_M1.wav,1.405,0.0,False,praat_control
praat7_filtered_v0.3,phone_M1.wav,1.415,0.0,False,praat_control
praat7_filtered_v0.3,phone_M1.wav,1.425,0.0,False,praat_control
praat7_filtered_v0.3,phone_M1.wav,1.435,0.0,False,praat_control
praat7_filtered_v0.3,phone_M1.wav,1.445,0.0,False,praat_control
praat7_filtered_v0.3,phone_M1.wav,1.455,0.0,False,praat_control
praat7_filtered_v0.3,phone_M1.wav,1.465,0.0,False,praat_control
praat7_filtered_v0.3,phone_M1.wav,1.475,0.0,False,praat_control
praat7_filtered_v0.3,phone_M1.wav,1.485,0.0,False,praat_control
praat7_filtered_v0.3,phone_M1.wav,1.495,0.0,False,praat_control
praat7_filtered_v0.3,phone_M1.wav,1.505,119.77441795223503,True,praat_control
praat7_filtered_v0.3,phone_M1.wav,1.515,115.61082486013431,True,praat_control
praat7_filtered_v0.3,phone_M1.wav,1.525,114.62428428859305,True,praat_control
praat7_filtered_v0.3,phone_M1.wav,1.535,114.80988343107542,True,praat_control
praat7_filtered_v0.3,phone_M1.wav,1.545,114.55904604417621,True,praat_control
praat7_filtered_v0.3,phone_M1.wav,1.555,113.86720232561464,True,praat_control
praat7_filtered_v0.3,phone_M1.wav,1.565,112.76725981975262,True,praat_control
praat7_filtered_v0.3,phone_M1.wav,1.575,111.73364780986692,True,praat_control
praat7_filtered_v0.3,phone_M1.wav,1.585,109.72149314908712,True,praat_control
praat7_filtered_v0.3,phone_M1.wav,1.595,108.556334986029,True,praat_control
praat7_filtered_v0.3,phone_M1.wav,1.605,109.73707433355294,True,praat_control
praat7_filtered_v0.3,phone_M1.wav,1.615,110.30848425593584,True,praat_control
praat7_filtered_v0.3,phone_M1.wav,1.625,108.5996093999815,True,praat_control
praat7_filtered_v0.3,phone_M1.wav,1.635,107.47287150692608,True,praat_control
praat7_filtered_v0.3,phone_M1.wav,1.645,107.40497846580016,True,praat_control
praat7_filtered_v0.3,phone_M1.wav,1.655,107.61305455855597,True,praat_control
praat7_filtered_v0.3,phone_M1.wav,1.665,107.1446594129983,True,praat_control
praat7_filtered_v0.3,phone_M1.wav,1.675,107.72379221988582,True,praat_control
praat7_filtered_v0.3,phone_M1.wav,1.685,109.2750081088538,True,praat_control
praat7_filtered_v0.3,phone_M1.wav,1.695,108.57573437140464,True,praat_control
praat7_filtered_v0.3,phone_M1.wav,1.705,0.0,False,praat_control
praat7_filtered_v0.3,phone_M1.wav,1.715,0.0,False,praat_control
praat7_filtered_v0.3,phone_M1.wav,1.725,0.0,False,praat_control
praat7_filtered_v0.3,phone_M1.wav,1.735,0.0,False,praat_control
praat7_filtered_v0.3,phone_M1.wav,1.745,0.0,False,praat_control
praat7_filtered_v0.3,phone_M1.wav,1.755,0.0,False,praat_control
praat7_filtered_v0.3,phone_M1.wav,1.765,0.0,False,praat_control
praat7_filtered_v0.3,phone_M1.wav,1.775,0.0,False,praat_control
praat7_filtered_v0.3,phone_M1.wav,1.785,0.0,False,praat_control
praat7_filtered_v0.3,phone_M1.wav,1.795,125.26892670469007,True,praat_control
praat7_filtered_v0.3,phone_M1.wav,1.805,122.92917761131696,True,praat_control
praat7_filtered_v0.3,phone_M1.wav,1.815,121.35768502542955,True,praat_control
praat7_filtered_v0.3,phone_M1.wav,1.825,121.41326760614088,True,praat_control
praat7_filtered_v0.3,phone_M1.wav,1.835,120.89998965116932,True,praat_control
praat7_filtered_v0.3,phone_M1.wav,1.845,120.4536594032999,True,praat_control
praat7_filtered_v0.3,phone_M1.wav,1.855,119.22121230356032,True,praat_control
praat7_filtered_v0.3,phone_M1.wav,1.865,117.38776274632346,True,praat_control
praat7_filtered_v0.3,phone_M1.wav,1.875,115.79169326968008,True,praat_control
praat7_filtered_v0.3,phone_M1.wav,1.885,113.86846838043428,True,praat_control
praat7_filtered_v0.3,phone_M1.wav,1.895,112.56141510938308,True,praat_control
praat7_filtered_v0.3,phone_M1.wav,1.905,111.36510763231564,True,praat_control
praat7_filtered_v0.3,phone_M1.wav,1.915,110.35990656188957,True,praat_control
praat7_filtered_v0.3,phone_M1.wav,1.925,109.80230674447255,True,praat_control
praat7_filtered_v0.3,phone_M1.wav,1.935,107.1983695810704,True,praat_control
praat7_filtered_v0.3,phone_M1.wav,1.945,102.82503152830944,True,praat_control
praat7_filtered_v0.3,phone_M1.wav,1.955,100.32382200101316,True,praat_control
praat7_filtered_v0.3,phone_M1.wav,1.965,98.23384796638572,True,praat_control
praat7_filtered_v0.3,phone_M1.wav,1.975,0.0,False,praat_control
praat7_filtered_v0.3,phone_M1.wav,1.985,473.45312592855447,True,praat_control
praat7_filtered_v0.3,phone_M1.wav,1.995,473.9153657679539,True,praat_control
praat7_filtered_v0.3,phone_M1.wav,2.005,0.0,False,praat_control
praat7_filtered_v0.3,phone_M1.wav,2.015,0.0,False,praat_control
praat7_filtered_v0.3,phone_M1.wav,2.025,100.2510295202328,True,praat_control
praat7_filtered_v0.3,phone_M1.wav,2.035,101.31493377447084,True,praat_control
praat7_filtered_v0.3,phone_M1.wav,2.045,101.88736273808692,True,praat_control
praat7_filtered_v0.3,phone_M1.wav,2.055,98.84775621790483,True,praat_control
praat7_filtered_v0.3,phone_M1.wav,2.065,96.7313529725541,True,praat_control
praat7_filtered_v0.3,phone_M1.wav,2.075,103.94125369514332,True,praat_control
praat7_filtered_v0.3,phone_M1.wav,2.085,106.05002106827313,True,praat_control
praat7_filtered_v0.3,phone_M1.wav,2.095,106.72470791477387,True,praat_control
praat7_filtered_v0.3,phone_M1.wav,2.105,107.4100770136494,True,praat_control
praat7_filtered_v0.3,phone_M1.wav,2.115,107.86309040722884,True,praat_control
praat7_filtered_v0.3,phone_M1.wav,2.125,108.02281834490763,True,praat_control
praat7_filtered_v0.3,phone_M1.wav,2.135,111.88225210863811,True,praat_control
praat7_filtered_v0.3,phone_M1.wav,2.145,118.00649200745256,True,praat_control
praat7_filtered_v0.3,phone_M1.wav,2.155,124.3848567746585,True,praat_control
praat7_filtered_v0.3,phone_M1.wav,2.165,122.95619682168704,True,praat_control
praat7_filtered_v0.3,phone_M1.wav,2.175,123.56984349641736,True,praat_control
praat7_filtered_v0.3,phone_M1.wav,2.185,123.07444706677369,True,praat_control
praat7_filtered_v0.3,phone_M1.wav,2.195,122.4221933124214,True,praat_control
praat7_filtered_v0.3,phone_M1.wav,2.205,121.6367856829138,True,praat_control
praat7_filtered_v0.3,phone_M1.wav,2.215,120.73263400830022,True,praat_control
praat7_filtered_v0.3,phone_M1.wav,2.225,120.14094557811012,True,praat_control
praat7_filtered_v0.3,phone_M1.wav,2.235,118.69131395207359,True,praat_control
praat7_filtered_v0.3,phone_M1.wav,2.245,116.9447979097844,True,praat_control
praat7_filtered_v0.3,phone_M1.wav,2.255,115.8009119023623,True,praat_control
praat7_filtered_v0.3,phone_M1.wav,2.265,115.47179091371278,True,praat_control
praat7_filtered_v0.3,phone_M1.wav,2.275,115.14306386909863,True,praat_control
praat7_filtered_v0.3,phone_M1.wav,2.285,114.14893833980284,True,praat_control
praat7_filtered_v0.3,phone_M1.wav,2.295,112.63941639570328,True,praat_control
praat7_filtered_v0.3,phone_M1.wav,2.305,111.92537674071832,True,praat_control
praat7_filtered_v0.3,phone_M1.wav,2.315,111.57656489314677,True,praat_control
praat7_filtered_v0.3,phone_M1.wav,2.325,110.37877004485938,True,praat_control
praat7_filtered_v0.3,phone_M1.wav,2.335,108.73659922317422,True,praat_control
praat7_filtered_v0.3,phone_M1.wav,2.345,109.25995831699488,True,praat_control
praat7_filtered_v0.3,phone_M1.wav,2.355,110.87975760228665,True,praat_control
praat7_filtered_v0.3,phone_M1.wav,2.365,111.3011126670187,True,praat_control
praat7_filtered_v0.3,phone_M1.wav,2.375,111.64809467689555,True,praat_control
praat7_filtered_v0.3,phone_M1.wav,2.385,113.95374483979148,True,praat_control
praat7_filtered_v0.3,phone_M1.wav,2.395,114.6112291757588,True,praat_control
praat7_filtered_v0.3,phone_M1.wav,2.405,111.33654638840537,True,praat_control
praat7_filtered_v0.3,phone_M1.wav,2.415,117.4564432341893,True,praat_control
praat7_filtered_v0.3,phone_M1.wav,2.425,124.6333617250546,True,praat_control
praat7_filtered_v0.3,phone_M1.wav,2.435,124.53436945774305,True,praat_control
praat7_filtered_v0.3,phone_M1.wav,2.445,125.91706989480763,True,praat_control
praat7_filtered_v0.3,phone_M1.wav,2.455,129.56278404425743,True,praat_control
praat7_filtered_v0.3,phone_M1.wav,2.465,126.3184714082784,True,praat_control
praat7_filtered_v0.3,phone_M1.wav,2.475,123.08582296697128,True,praat_control
praat7_filtered_v0.3,phone_M1.wav,2.485,121.25950485043388,True,praat_control
praat7_filtered_v0.3,phone_M1.wav,2.495,124.84752450501318,True,praat_control
praat7_filtered_v0.3,phone_M1.wav,2.505,114.09485258687683,True,praat_control
praat7_filtered_v0.3,phone_M1.wav,2.515,109.96891171142184,True,praat_control
praat7_filtered_v0.3,phone_M1.wav,2.525,110.91156323233103,True,praat_control
praat7_filtered_v0.3,phone_M1.wav,2.535,110.71972338426924,True,praat_control
praat7_filtered_v0.3,phone_M1.wav,2.545,110.80358310713876,True,praat_control
praat7_filtered_v0.3,phone_M1.wav,2.555,108.97471474607956,True,praat_control
praat7_filtered_v0.3,phone_M1.wav,2.565,108.93798536150376,True,praat_control
praat7_filtered_v0.3,phone_M1.wav,2.575,108.35634648161574,True,praat_control
praat7_filtered_v0.3,phone_M1.wav,2.585,107.89136320477652,True,praat_control
praat7_filtered_v0.3,phone_M1.wav,2.595,107.75121195397647,True,praat_control
praat7_filtered_v0.3,phone_M1.wav,2.605,108.55706306845008,True,praat_control
praat7_filtered_v0.3,phone_M1.wav,2.615,107.65075535771292,True,praat_control
praat7_filtered_v0.3,phone_M1.wav,2.625,106.79968575873691,True,praat_control
praat7_filtered_v0.3,phone_M1.wav,2.635,105.54543019505576,True,praat_control
praat7_filtered_v0.3,phone_M1.wav,2.645,104.70384773496964,True,praat_control
praat7_filtered_v0.3,phone_M1.wav,2.655,104.0736818325177,True,praat_control
praat7_filtered_v0.3,phone_M1.wav,2.665,103.14478545043433,True,praat_control
praat7_filtered_v0.3,phone_M1.wav,2.675,102.50718762125192,True,praat_control
praat7_filtered_v0.3,phone_M1.wav,2.685,102.75836821149925,True,praat_control
praat7_filtered_v0.3,phone_M1.wav,2.695,104.02664403445203,True,praat_control
praat7_filtered_v0.3,phone_M1.wav,2.705,105.44868473827896,True,praat_control
praat7_filtered_v0.3,phone_M1.wav,2.715,109.7753352394358,True,praat_control
praat7_filtered_v0.3,phone_M1.wav,2.725,0.0,False,praat_control
praat7_filtered_v0.3,phone_M1.wav,2.735,0.0,False,praat_control
praat7_filtered_v0.3,phone_M1.wav,2.745,0.0,False,praat_control
praat7_filtered_v0.3,phone_M1.wav,2.755,0.0,False,praat_control
praat7_filtered_v0.3,phone_M1.wav,2.765,0.0,False,praat_control
praat7_filtered_v0.3,phone_M1.wav,2.775,0.0,False,praat_control
praat7_filtered_v0.3,phone_M1.wav,2.785,0.0,False,praat_control
praat7_filtered_v0.3,phone_M1.wav,2.795,0.0,False,praat_control
praat7_filtered_v0.3,phone_M1.wav,2.805,0.0,False,praat_control
praat7_filtered_v0.3,phone_M1.wav,2.815,0.0,False,praat_control
praat7_filtered_v0.3,phone_M1.wav,2.825,0.0,False,praat_control
praat7_filtered_v0.3,phone_M1.wav,2.835,0.0,False,praat_control
praat7_filtered_v0.3,phone_M1.wav,2.845,0.0,False,praat_control
praat7_filtered_v0.3,phone_M1.wav,2.855,0.0,False,praat_control
praat7_filtered_v0.3,phone_M1.wav,2.865,0.0,False,praat_control
praat7_filtered_v0.3,phone_M1.wav,2.875,133.42839761657203,True,praat_control
praat7_filtered_v0.3,phone_M1.wav,2.885,135.03415750592836,True,praat_control
praat7_filtered_v0.3,phone_M1.wav,2.895,135.50089540820733,True,praat_control
praat7_filtered_v0.3,phone_M1.wav,2.905,135.40783590096015,True,praat_control
praat7_filtered_v0.3,phone_M1.wav,2.915,137.35003506751227,True,praat_control
praat7_filtered_v0.3,phone_M1.wav,2.925,139.55488975479207,True,praat_control
praat7_filtered_v0.3,phone_M1.wav,2.935,0.0,False,praat_control
praat7_filtered_v0.3,phone_M1.wav,2.945,0.0,False,praat_control
praat7_filtered_v0.3,phone_M1.wav,2.955,0.0,False,praat_control
praat7_filtered_v0.3,phone_M1.wav,2.965,0.0,False,praat_control
praat7_filtered_v0.3,phone_M1.wav,2.975,0.0,False,praat_control
praat7_filtered_v0.3,phone_M1.wav,2.985,0.0,False,praat_control
praat7_filtered_v0.3,phone_M1.wav,2.995,0.0,False,praat_control
praat7_filtered_v0.3,phone_M1.wav,3.005,0.0,False,praat_control
praat7_filtered_v0.3,phone_M1.wav,3.015,0.0,False,praat_control
praat7_filtered_v0.3,phone_M1.wav,3.025,0.0,False,praat_control
praat7_filtered_v0.3,phone_M1.wav,3.035,0.0,False,praat_control
praat7_filtered_v0.3,phone_M1.wav,3.045,0.0,False,praat_control
praat7_filtered_v0.3,phone_M1.wav,3.055,0.0,False,praat_control
praat7_filtered_v0.3,phone_M1.wav,3.065,0.0,False,praat_control
praat7_filtered_v0.3,phone_M1.wav,3.075,0.0,False,praat_control
praat7_filtered_v0.3,phone_M1.wav,3.085,0.0,False,praat_control
praat7_filtered_v0.3,phone_M1.wav,3.095,0.0,False,praat_control
praat7_filtered_v0.3,phone_M1.wav,3.105,104.06703203640188,True,praat_control
praat7_filtered_v0.3,phone_M1.wav,3.115,94.56668925541747,True,praat_control
praat7_filtered_v0.3,phone_M1.wav,3.125,97.46500827339034,True,praat_control
praat7_filtered_v0.3,phone_M1.wav,3.135,94.92531828116317,True,praat_control
praat7_filtered_v0.3,phone_M1.wav,3.145,93.10049556544288,True,praat_control
praat7_filtered_v0.3,phone_M1.wav,3.155,94.40126573548169,True,praat_control
praat7_filtered_v0.3,phone_M1.wav,3.165,95.87809911681168,True,praat_control
praat7_filtered_v0.3,phone_M1.wav,3.175,98.32427185353555,True,praat_control
praat7_filtered_v0.3,phone_M1.wav,3.185,101.7582661480768,True,praat_control
praat7_filtered_v0.3,phone_M1.wav,3.195,101.1890015508098,True,praat_control
praat7_filtered_v0.3,phone_M1.wav,3.205,100.47562679229497,True,praat_control
praat7_filtered_v0.3,phone_M1.wav,3.215,99.56446701940217,True,praat_control
praat7_filtered_v0.3,phone_M1.wav,3.225,99.19691538265705,True,praat_control
praat7_filtered_v0.3,phone_M1.wav,3.235,99.06159519730019,True,praat_control
praat7_filtered_v0.3,phone_M1.wav,3.245,99.87335505875993,True,praat_control
praat7_filtered_v0.3,phone_M1.wav,3.255,101.8654648415283,True,praat_control
praat7_filtered_v0.3,phone_M1.wav,3.265,106.3580984583638,True,praat_control
praat7_filtered_v0.3,phone_M1.wav,3.275,110.95058061392017,True,praat_control
praat7_filtered_v0.3,phone_M1.wav,3.285,110.58351630003392,True,praat_control
praat7_filtered_v0.3,phone_M1.wav,3.295,0.0,False,praat_control
praat7_filtered_v0.3,phone_M1.wav,3.305,0.0,False,praat_control
praat7_filtered_v0.3,phone_M1.wav,3.315,0.0,False,praat_control
praat7_filtered_v0.3,phone_M1.wav,3.325,0.0,False,praat_control
praat7_filtered_v0.3,phone_M1.wav,3.335,0.0,False,praat_control
praat7_filtered_v0.3,phone_M1.wav,3.345,0.0,False,praat_control
praat7_filtered_v0.3,phone_M1.wav,3.355,0.0,False,praat_control
praat7_filtered_v0.3,phone_M1.wav,3.365,0.0,False,praat_control
praat7_filtered_v0.3,phone_M1.wav,3.375,0.0,False,praat_control
praat7_filtered_v0.3,phone_M1.wav,3.385,0.0,False,praat_control
praat7_filtered_v0.3,phone_M1.wav,3.395,0.0,False,praat_control
praat7_filtered_v0.3,phone_M1.wav,3.405,0.0,False,praat_control
praat7_filtered_v0.3,phone_M1.wav,3.415,0.0,False,praat_control
praat7_filtered_v0.3,phone_M1.wav,3.425,0.0,False,praat_control
praat7_filtered_v0.3,phone_M1.wav,3.435,0.0,False,praat_control
praat7_filtered_v0.3,phone_M1.wav,3.445,141.8783415505278,True,praat_control
praat7_filtered_v0.3,phone_M1.wav,3.455,123.30162034721516,True,praat_control
praat7_filtered_v0.3,phone_M1.wav,3.465,115.32701668055437,True,praat_control
praat7_filtered_v0.3,phone_M1.wav,3.475,111.7266562080214,True,praat_control
praat7_filtered_v0.3,phone_M1.wav,3.485,108.584774594921,True,praat_control
praat7_filtered_v0.3,phone_M1.wav,3.495,105.63978792295556,True,praat_control
praat7_filtered_v0.3,phone_M1.wav,3.505,103.01058304400505,True,praat_control
praat7_filtered_v0.3,phone_M1.wav,3.515,101.90996019958574,True,praat_control
praat7_filtered_v0.3,phone_M1.wav,3.525,0.0,False,praat_control
praat7_filtered_v0.3,phone_M1.wav,3.535,0.0,False,praat_control
praat7_filtered_v0.3,phone_M1.wav,3.545,0.0,False,praat_control
praat7_filtered_v0.3,phone_M1.wav,3.555,0.0,False,praat_control
praat7_filtered_v0.3,phone_M1.wav,3.565,0.0,False,praat_control
praat7_filtered_v0.3,phone_M1.wav,3.575,0.0,False,praat_control
praat7_filtered_v0.3,phone_M1.wav,3.585,0.0,False,praat_control
praat7_filtered_v0.3,phone_M1.wav,3.595,0.0,False,praat_control
praat7_filtered_v0.3,phone_M1.wav,3.605,0.0,False,praat_control
praat7_filtered_v0.3,phone_M1.wav,3.615,0.0,False,praat_control
praat7_filtered_v0.3,phone_M1.wav,3.625,0.0,False,praat_control
praat7_filtered_v0.3,phone_M1.wav,3.635,0.0,False,praat_control
praat7_filtered_v0.3,phone_M1.wav,3.645,0.0,False,praat_control
praat7_filtered_v0.3,phone_M1.wav,3.655,0.0,False,praat_control
praat7_filtered_v0.3,phone_M1.wav,3.665,0.0,False,praat_control
praat7_filtered_v0.3,phone_M1.wav,3.675,0.0,False,praat_control
praat7_filtered_v0.3,phone_M1.wav,3.685,0.0,False,praat_control
praat7_filtered_v0.3,phone_M1.wav,3.695,0.0,False,praat_control
praat7_filtered_v0.3,phone_M1.wav,3.705,0.0,False,praat_control
praat7_filtered_v0.3,phone_M1.wav,3.715,0.0,False,praat_control
praat7_filtered_v0.3,phone_M1.wav,3.725,0.0,False,praat_control
praat7_filtered_v0.3,phone_M1.wav,3.735,0.0,False,praat_control
praat7_filtered_v0.3,phone_M1.wav,3.745,0.0,False,praat_control
praat7_filtered_v0.3,phone_M1.wav,3.755,0.0,False,praat_control
praat7_filtered_v0.3,phone_M1.wav,3.765,0.0,False,praat_control
praat7_filtered_v0.3,phone_M1.wav,3.775,0.0,False,praat_control
praat7_filtered_v0.3,phone_M1.wav,3.785,0.0,False,praat_control
praat7_filtered_v0.3,phone_M1.wav,3.795,0.0,False,praat_control
praat7_filtered_v0.3,phone_M1.wav,3.805,0.0,False,praat_control
praat7_filtered_v0.3,phone_M1.wav,3.815,0.0,False,praat_control
praat7_filtered_v0.3,phone_M1.wav,3.825,0.0,False,praat_control
praat7_filtered_v0.3,phone_M1.wav,3.835,0.0,False,praat_control
praat7_filtered_v0.3,phone_M1.wav,3.845,0.0,False,praat_control
praat7_filtered_v0.3,phone_M1.wav,3.855,0.0,False,praat_control
praat7_filtered_v0.3,phone_M1.wav,3.865,0.0,False,praat_control
praat7_filtered_v0.3,phone_M1.wav,3.875,0.0,False,praat_control
praat7_filtered_v0.3,phone_M1.wav,3.885,0.0,False,praat_control
praat7_filtered_v0.3,phone_M1.wav,3.895,0.0,False,praat_control
praat7_filtered_v0.3,phone_M1.wav,3.905,0.0,False,praat_control
praat7_filtered_v0.3,phone_M1.wav,3.915,0.0,False,praat_control
praat7_filtered_v0.3,phone_M1.wav,3.925,0.0,False,praat_control
praat7_filtered_v0.3,phone_M1.wav,3.935,0.0,False,praat_control
praat7_filtered_v0.3,phone_M1.wav,3.945,0.0,False,praat_control
praat7_filtered_v0.3,phone_M1.wav,3.955,0.0,False,praat_control
praat7_filtered_v0.3,phone_M1.wav,3.965,0.0,False,praat_control
praat7_filtered_v0.3,phone_M1.wav,3.975,0.0,False,praat_control
praat7_filtered_v0.3,phone_M1.wav,3.985,0.0,False,praat_control
praat7_filtered_v0.3,phone_M1.wav,3.995,0.0,False,praat_control
praat7_filtered_v0.3,phone_M1.wav,4.005,0.0,False,praat_control
praat7_filtered_v0.3,phone_M1.wav,4.015000000000001,0.0,False,praat_control
praat7_filtered_v0.3,phone_M1.wav,4.025,0.0,False,praat_control
praat7_filtered_v0.3,phone_M1.wav,4.035,0.0,False,praat_control
praat7_filtered_v0.3,phone_M1.wav,4.045000000000001,0.0,False,praat_control
praat7_filtered_v0.3,phone_M1.wav,4.055000000000001,0.0,False,praat_control
praat7_filtered_v0.3,phone_M1.wav,4.065,0.0,False,praat_control
praat7_filtered_v0.3,phone_M1.wav,4.075,0.0,False,praat_control
praat7_filtered_v0.3,phone_M1.wav,4.085000000000001,0.0,False,praat_control
praat7_filtered_v0.3,phone_M1.wav,4.095000000000001,0.0,False,praat_control
praat7_filtered_v0.3,phone_M1.wav,4.105,0.0,False,praat_control
praat7_filtered_v0.3,phone_M1.wav,4.115,0.0,False,praat_control
praat7_filtered_v0.3,phone_M1.wav,4.125,0.0,False,praat_control
praat7_filtered_v0.3,phone_M1.wav,4.135000000000001,0.0,False,praat_control
praat_gate_swipe_t0.2,phone_M1.wav,0.025,0.0,False,unvoiced
praat_gate_swipe_t0.2,phone_M1.wav,0.035,0.0,False,unvoiced
praat_gate_swipe_t0.2,phone_M1.wav,0.045,0.0,False,unvoiced
praat_gate_swipe_t0.2,phone_M1.wav,0.055,0.0,False,unvoiced
praat_gate_swipe_t0.2,phone_M1.wav,0.065,0.0,False,unvoiced
praat_gate_swipe_t0.2,phone_M1.wav,0.075,0.0,False,unvoiced
praat_gate_swipe_t0.2,phone_M1.wav,0.085,0.0,False,unvoiced
praat_gate_swipe_t0.2,phone_M1.wav,0.095,0.0,False,unvoiced
praat_gate_swipe_t0.2,phone_M1.wav,0.105,0.0,False,unvoiced
praat_gate_swipe_t0.2,phone_M1.wav,0.115,0.0,False,unvoiced
praat_gate_swipe_t0.2,phone_M1.wav,0.125,0.0,False,unvoiced
praat_gate_swipe_t0.2,phone_M1.wav,0.135,0.0,False,unvoiced
praat_gate_swipe_t0.2,phone_M1.wav,0.145,0.0,False,unvoiced
praat_gate_swipe_t0.2,phone_M1.wav,0.155,0.0,False,unvoiced
praat_gate_swipe_t0.2,phone_M1.wav,0.165,0.0,False,unvoiced
praat_gate_swipe_t0.2,phone_M1.wav,0.175,0.0,False,unvoiced
praat_gate_swipe_t0.2,phone_M1.wav,0.185,0.0,False,unvoiced
praat_gate_swipe_t0.2,phone_M1.wav,0.195,0.0,False,unvoiced
praat_gate_swipe_t0.2,phone_M1.wav,0.205,0.0,False,unvoiced
praat_gate_swipe_t0.2,phone_M1.wav,0.215,0.0,False,unvoiced
praat_gate_swipe_t0.2,phone_M1.wav,0.225,0.0,False,unvoiced
praat_gate_swipe_t0.2,phone_M1.wav,0.235,0.0,False,unvoiced
praat_gate_swipe_t0.2,phone_M1.wav,0.245,0.0,False,unvoiced
praat_gate_swipe_t0.2,phone_M1.wav,0.255,0.0,False,unvoiced
praat_gate_swipe_t0.2,phone_M1.wav,0.265,0.0,False,unvoiced
praat_gate_swipe_t0.2,phone_M1.wav,0.275,0.0,False,unvoiced
praat_gate_swipe_t0.2,phone_M1.wav,0.285,0.0,False,unvoiced
praat_gate_swipe_t0.2,phone_M1.wav,0.295,0.0,False,unvoiced
praat_gate_swipe_t0.2,phone_M1.wav,0.305,0.0,False,unvoiced
praat_gate_swipe_t0.2,phone_M1.wav,0.315,0.0,False,unvoiced
praat_gate_swipe_t0.2,phone_M1.wav,0.325,0.0,False,unvoiced
praat_gate_swipe_t0.2,phone_M1.wav,0.335,0.0,False,unvoiced
praat_gate_swipe_t0.2,phone_M1.wav,0.345,0.0,False,unvoiced
praat_gate_swipe_t0.2,phone_M1.wav,0.355,0.0,False,unvoiced
praat_gate_swipe_t0.2,phone_M1.wav,0.365,0.0,False,unvoiced
praat_gate_swipe_t0.2,phone_M1.wav,0.375,0.0,False,unvoiced
praat_gate_swipe_t0.2,phone_M1.wav,0.385,0.0,False,unvoiced
praat_gate_swipe_t0.2,phone_M1.wav,0.395,0.0,False,unvoiced
praat_gate_swipe_t0.2,phone_M1.wav,0.405,0.0,False,unvoiced
praat_gate_swipe_t0.2,phone_M1.wav,0.415,0.0,False,unvoiced
praat_gate_swipe_t0.2,phone_M1.wav,0.425,0.0,False,unvoiced
praat_gate_swipe_t0.2,phone_M1.wav,0.435,0.0,False,unvoiced
praat_gate_swipe_t0.2,phone_M1.wav,0.445,0.0,False,unvoiced
praat_gate_swipe_t0.2,phone_M1.wav,0.455,0.0,False,unvoiced
praat_gate_swipe_t0.2,phone_M1.wav,0.465,0.0,False,unvoiced
praat_gate_swipe_t0.2,phone_M1.wav,0.475,137.37257626325052,True,swipe
praat_gate_swipe_t0.2,phone_M1.wav,0.485,137.24858040534062,True,swipe
praat_gate_swipe_t0.2,phone_M1.wav,0.495,136.75371518096097,True,swipe
praat_gate_swipe_t0.2,phone_M1.wav,0.505,136.50695208103394,True,swipe
praat_gate_swipe_t0.2,phone_M1.wav,0.515,136.26117260742654,True,swipe
praat_gate_swipe_t0.2,phone_M1.wav,0.525,136.0152982682336,True,swipe
praat_gate_swipe_t0.2,phone_M1.wav,0.535,136.0152982682336,True,swipe
praat_gate_swipe_t0.2,phone_M1.wav,0.545,136.13817992972574,True,swipe
praat_gate_swipe_t0.2,phone_M1.wav,0.555,136.26117260742654,True,swipe
praat_gate_swipe_t0.2,phone_M1.wav,0.565,136.50695208103394,True,swipe
praat_gate_swipe_t0.2,phone_M1.wav,0.575,136.50695208103394,True,swipe
praat_gate_swipe_t0.2,phone_M1.wav,0.585,136.75371518096097,True,swipe
praat_gate_swipe_t0.2,phone_M1.wav,0.595,137.24858040534062,True,swipe
praat_gate_swipe_t0.2,phone_M1.wav,0.605,137.62036041801773,True,swipe
praat_gate_swipe_t0.2,phone_M1.wav,0.615,137.74469215686347,True,swipe
praat_gate_swipe_t0.2,phone_M1.wav,0.625,137.9936927148347,True,swipe
praat_gate_swipe_t0.2,phone_M1.wav,0.635,138.24314339017081,True,swipe
praat_gate_swipe_t0.2,phone_M1.wav,0.645,138.61761748272835,True,swipe
praat_gate_swipe_t0.2,phone_M1.wav,0.655,137.8691362219758,True,swipe
praat_gate_swipe_t0.2,phone_M1.wav,0.665,136.38427640163246,True,swipe
praat_gate_swipe_t0.2,phone_M1.wav,0.675,134.18638768585896,True,swipe
praat_gate_swipe_t0.2,phone_M1.wav,0.685,130.95578815067825,True,swipe
praat_gate_swipe_t0.2,phone_M1.wav,0.695,130.95578815067825,True,swipe
praat_gate_swipe_t0.2,phone_M1.wav,0.705,129.4284547080296,True,swipe
praat_gate_swipe_t0.2,phone_M1.wav,0.715,128.14966677027095,True,swipe
praat_gate_swipe_t0.2,phone_M1.wav,0.725,125.97117293221267,True,swipe
praat_gate_swipe_t0.2,phone_M1.wav,0.735,124.72654386811375,True,swipe
praat_gate_swipe_t0.2,phone_M1.wav,0.745,123.71745209300073,True,swipe
praat_gate_swipe_t0.2,phone_M1.wav,0.755,121.94373392260414,True,swipe
praat_gate_swipe_t0.2,phone_M1.wav,0.765,120.30403465153024,True,swipe
praat_gate_swipe_t0.2,phone_M1.wav,0.775,118.90093229153807,True,swipe
praat_gate_swipe_t0.2,phone_M1.wav,0.785,117.93897223790648,True,swipe
praat_gate_swipe_t0.2,phone_M1.wav,0.795,116.45824049698933,True,swipe
praat_gate_swipe_t0.2,phone_M1.wav,0.805,115.30760176351983,True,swipe
praat_gate_swipe_t0.2,phone_M1.wav,0.815,115.72440357018229,True,swipe
praat_gate_swipe_t0.2,phone_M1.wav,0.825,116.03833718619231,True,swipe
praat_gate_swipe_t0.2,phone_M1.wav,0.835,116.35312243169629,True,swipe
praat_gate_swipe_t0.2,phone_M1.wav,0.845,117.09048360128975,True,swipe
praat_gate_swipe_t0.2,phone_M1.wav,0.855,118.25844623511809,True,swipe
praat_gate_swipe_t0.2,phone_M1.wav,0.865,119.00788195637628,True,swipe
praat_gate_swipe_t0.2,phone_M1.wav,0.875,119.87026489649318,True,swipe
praat_gate_swipe_t0.2,phone_M1.wav,0.885,121.3948591311784,True,swipe
praat_gate_swipe_t0.2,phone_M1.wav,0.895,123.60578168520907,True,swipe
praat_gate_swipe_t0.2,phone_M1.wav,0.905,125.7438662218022,True,swipe
praat_gate_swipe_t0.2,phone_M1.wav,0.915,129.54538555155517,True,swipe
praat_gate_swipe_t0.2,phone_M1.wav,0.925,131.42967264735353,True,swipe
praat_gate_swipe_t0.2,phone_M1.wav,0.935,134.30761703636892,True,swipe
praat_gate_swipe_t0.2,phone_M1.wav,0.945,134.30761703636892,True,swipe
praat_gate_swipe_t0.2,phone_M1.wav,0.955,137.24858040534062,True,swipe
praat_gate_swipe_t0.2,phone_M1.wav,0.965,138.49304499654735,True,swipe
praat_gate_swipe_t0.2,phone_M1.wav,0.975,139.11922753615744,True,swipe
praat_gate_swipe_t0.2,phone_M1.wav,0.985,139.87449544944548,True,swipe
praat_gate_swipe_t0.2,phone_M1.wav,0.995,140.8880869582607,True,swipe
praat_gate_swipe_t0.2,phone_M1.wav,1.005,141.90902339256394,True,swipe
praat_gate_swipe_t0.2,phone_M1.wav,1.015,143.0664933040208,True,swipe
praat_gate_swipe_t0.2,phone_M1.wav,1.025,145.80371984556194,True,swipe
praat_gate_swipe_t0.2,phone_M1.wav,1.035,147.92449062141526,True,swipe
praat_gate_swipe_t0.2,phone_M1.wav,1.045,148.1918931624902,True,swipe
praat_gate_swipe_t0.2,phone_M1.wav,1.055,148.3257756469117,True,swipe
praat_gate_swipe_t0.2,phone_M1.wav,1.065,148.1918931624902,True,swipe
praat_gate_swipe_t0.2,phone_M1.wav,1.075,147.3917145341034,True,swipe
praat_gate_swipe_t0.2,phone_M1.wav,1.085,145.93544475867446,True,swipe
praat_gate_swipe_t0.2,phone_M1.wav,1.095,145.147450074701,True,swipe
praat_gate_swipe_t0.2,phone_M1.wav,1.105,143.45459970325194,True,swipe
praat_gate_swipe_t0.2,phone_M1.wav,1.115,142.55121414904295,True,swipe
praat_gate_swipe_t0.2,phone_M1.wav,1.125,141.27028384350726,True,swipe
praat_gate_swipe_t0.2,phone_M1.wav,1.135,149.94123884737442,True,swipe
praat_gate_swipe_t0.2,phone_M1.wav,1.145,151.84769691067916,True,swipe
praat_gate_swipe_t0.2,phone_M1.wav,1.155,153.08623083964508,True,swipe
praat_gate_swipe_t0.2,phone_M1.wav,1.165,153.7783950187843,True,swipe
praat_gate_swipe_t0.2,phone_M1.wav,1.175,154.1955603367561,True,swipe
praat_gate_swipe_t0.2,phone_M1.wav,1.185,153.9173245724602,True,swipe
praat_gate_swipe_t0.2,phone_M1.wav,1.195,153.36235831244127,True,swipe
praat_gate_swipe_t0.2,phone_M1.wav,1.205,152.39658001501834,True,swipe
praat_gate_swipe_t0.2,phone_M1.wav,1.215,151.84769691067916,True,swipe
praat_gate_swipe_t0.2,phone_M1.wav,1.225,151.84769691067916,True,swipe
praat_gate_swipe_t0.2,phone_M1.wav,1.235,152.53426118174298,True,swipe
praat_gate_swipe_t0.2,phone_M1.wav,1.245,153.6395908663322,True,swipe
praat_gate_swipe_t0.2,phone_M1.wav,1.255,153.6395908663322,True,swipe
praat_gate_swipe_t0.2,phone_M1.wav,1.265,154.75293025118282,True,swipe
praat_gate_swipe_t0.2,phone_M1.wav,1.275,155.59307237083087,True,swipe
praat_gate_swipe_t0.2,phone_M1.wav,1.285,156.8621551634181,True,swipe
praat_gate_swipe_t0.2,phone_M1.wav,1.295,155.45324443113762,True,swipe
praat_gate_swipe_t0.2,phone_M1.wav,1.305,154.6132464593188,True,swipe
praat_gate_swipe_t0.2,phone_M1.wav,1.315,153.6395908663322,True,swipe
praat_gate_swipe_t0.2,phone_M1.wav,1.325,153.22392968492824,True,swipe
praat_gate_swipe_t0.2,phone_M1.wav,1.335,153.08623083964508,True,swipe
praat_gate_swipe_t0.2,phone_M1.wav,1.345,153.08623083964508,True,swipe
praat_gate_swipe_t0.2,phone_M1.wav,1.355,152.53426118174298,True,swipe
praat_gate_swipe_t0.2,phone_M1.wav,1.365,151.71063545371112,True,swipe
praat_gate_swipe_t0.2,phone_M1.wav,1.375,148.99641590098756,True,swipe
praat_gate_swipe_t0.2,phone_M1.wav,1.385,148.72814926612915,True,swipe
praat_gate_swipe_t0.2,phone_M1.wav,1.395,0.0,False,unvoiced
praat_gate_swipe_t0.2,phone_M1.wav,1.405,0.0,False,unvoiced
praat_gate_swipe_t0.2,phone_M1.wav,1.415,0.0,False,unvoiced
praat_gate_swipe_t0.2,phone_M1.wav,1.425,0.0,False,unvoiced
praat_gate_swipe_t0.2,phone_M1.wav,1.435,0.0,False,unvoiced
praat_gate_swipe_t0.2,phone_M1.wav,1.445,0.0,False,unvoiced
praat_gate_swipe_t0.2,phone_M1.wav,1.455,0.0,False,unvoiced
praat_gate_swipe_t0.2,phone_M1.wav,1.465,0.0,False,unvoiced
praat_gate_swipe_t0.2,phone_M1.wav,1.475,0.0,False,unvoiced
praat_gate_swipe_t0.2,phone_M1.wav,1.485,0.0,False,unvoiced
praat_gate_swipe_t0.2,phone_M1.wav,1.495,0.0,False,unvoiced
praat_gate_swipe_t0.2,phone_M1.wav,1.505,119.77441795223503,True,praat_fallback
praat_gate_swipe_t0.2,phone_M1.wav,1.515,117.6198965865229,True,swipe
praat_gate_swipe_t0.2,phone_M1.wav,1.525,116.03833718619231,True,swipe
praat_gate_swipe_t0.2,phone_M1.wav,1.535,115.51604287822161,True,swipe
praat_gate_swipe_t0.2,phone_M1.wav,1.545,114.99564510115417,True,swipe
praat_gate_swipe_t0.2,phone_M1.wav,1.555,114.27147588806352,True,swipe
praat_gate_swipe_t0.2,phone_M1.wav,1.565,113.65445432980879,True,swipe
praat_gate_swipe_t0.2,phone_M1.wav,1.575,112.63318323240543,True,swipe
praat_gate_swipe_t0.2,phone_M1.wav,1.585,111.52033709332513,True,swipe
praat_gate_swipe_t0.2,phone_M1.wav,1.595,110.31925560229146,True,swipe
praat_gate_swipe_t0.2,phone_M1.wav,1.605,109.03260542188384,True,swipe
praat_gate_swipe_t0.2,phone_M1.wav,1.615,108.54141541852441,True,swipe
praat_gate_swipe_t0.2,phone_M1.wav,1.625,108.24819188184925,True,swipe
praat_gate_swipe_t0.2,phone_M1.wav,1.635,107.95533395982062,True,swipe
praat_gate_swipe_t0.2,phone_M1.wav,1.645,107.76053564793314,True,swipe
praat_gate_swipe_t0.2,phone_M1.wav,1.655,107.56651382469666,True,swipe
praat_gate_swipe_t0.2,phone_M1.wav,1.665,107.56608883680926,True,swipe
praat_gate_swipe_t0.2,phone_M1.wav,1.675,107.85789082659542,True,swipe
praat_gate_swipe_t0.2,phone_M1.wav,1.685,108.05286512707033,True,swipe
praat_gate_swipe_t0.2,phone_M1.wav,1.695,109.42672503091138,True,swipe
praat_gate_swipe_t0.2,phone_M1.wav,1.705,0.0,False,unvoiced
praat_gate_swipe_t0.2,phone_M1.wav,1.715,0.0,False,unvoiced
praat_gate_swipe_t0.2,phone_M1.wav,1.725,0.0,False,unvoiced
praat_gate_swipe_t0.2,phone_M1.wav,1.735,0.0,False,unvoiced
praat_gate_swipe_t0.2,phone_M1.wav,1.745,0.0,False,unvoiced
praat_gate_swipe_t0.2,phone_M1.wav,1.755,0.0,False,unvoiced
praat_gate_swipe_t0.2,phone_M1.wav,1.765,0.0,False,unvoiced
praat_gate_swipe_t0.2,phone_M1.wav,1.775,0.0,False,unvoiced
praat_gate_swipe_t0.2,phone_M1.wav,1.785,0.0,False,unvoiced
praat_gate_swipe_t0.2,phone_M1.wav,1.795,124.05306900612267,True,swipe
praat_gate_swipe_t0.2,phone_M1.wav,1.805,123.49421207386752,True,swipe
praat_gate_swipe_t0.2,phone_M1.wav,1.815,121.5045321030909,True,swipe
praat_gate_swipe_t0.2,phone_M1.wav,1.825,121.17581007854555,True,swipe
praat_gate_swipe_t0.2,phone_M1.wav,1.835,120.8479773884764,True,swipe
praat_gate_swipe_t0.2,phone_M1.wav,1.845,120.1954452780729,True,swipe
praat_gate_swipe_t0.2,phone_M1.wav,1.855,119.33072289194092,True,swipe
praat_gate_swipe_t0.2,phone_M1.wav,1.865,118.25844623511809,True,swipe
praat_gate_swipe_t0.2,phone_M1.wav,1.875,116.56299299597094,True,swipe
praat_gate_swipe_t0.2,phone_M1.wav,1.885,113.34697014235314,True,swipe
praat_gate_swipe_t0.2,phone_M1.wav,1.895,111.82286604661658,True,swipe
praat_gate_swipe_t0.2,phone_M1.wav,1.905,110.61852629851718,True,swipe
praat_gate_swipe_t0.2,phone_M1.wav,1.915,109.42672503091138,True,swipe
praat_gate_swipe_t0.2,phone_M1.wav,1.925,108.34555956112631,True,swipe
praat_gate_swipe_t0.2,phone_M1.wav,1.935,105.7375077127156,True,swipe
praat_gate_swipe_t0.2,phone_M1.wav,1.945,102.08044526820377,True,swipe
praat_gate_swipe_t0.2,phone_M1.wav,1.955,100.32382200101316,True,praat_fallback
praat_gate_swipe_t0.2,phone_M1.wav,1.965,98.23384796638572,True,praat_fallback
praat_gate_swipe_t0.2,phone_M1.wav,1.975,0.0,False,unvoiced
praat_gate_swipe_t0.2,phone_M1.wav,1.985,0.0,False,unvoiced
praat_gate_swipe_t0.2,phone_M1.wav,1.995,0.0,False,unvoiced
praat_gate_swipe_t0.2,phone_M1.wav,2.005,0.0,False,unvoiced
praat_gate_swipe_t0.2,phone_M1.wav,2.015,0.0,False,unvoiced
praat_gate_swipe_t0.2,phone_M1.wav,2.025,100.2510295202328,True,praat_fallback
praat_gate_swipe_t0.2,phone_M1.wav,2.035,101.31493377447084,True,praat_fallback
praat_gate_swipe_t0.2,phone_M1.wav,2.045,101.88736273808692,True,praat_fallback
praat_gate_swipe_t0.2,phone_M1.wav,2.055,98.84775621790483,True,praat_fallback
praat_gate_swipe_t0.2,phone_M1.wav,2.065,96.7313529725541,True,praat_fallback
praat_gate_swipe_t0.2,phone_M1.wav,2.075,104.78737635908558,True,swipe
praat_gate_swipe_t0.2,phone_M1.wav,2.085,104.78737635908558,True,swipe
praat_gate_swipe_t0.2,phone_M1.wav,2.095,106.88870622949688,True,swipe
praat_gate_swipe_t0.2,phone_M1.wav,2.105,106.88870622949688,True,swipe
praat_gate_swipe_t0.2,phone_M1.wav,2.115,109.42672503091138,True,swipe
praat_gate_swipe_t0.2,phone_M1.wav,2.125,109.42672503091138,True,swipe
praat_gate_swipe_t0.2,phone_M1.wav,2.135,113.96277265094635,True,swipe
praat_gate_swipe_t0.2,phone_M1.wav,2.145,118.6863833661385,True,swipe
praat_gate_swipe_t0.2,phone_M1.wav,2.155,122.82739132462034,True,swipe
praat_gate_swipe_t0.2,phone_M1.wav,2.165,123.16059370816279,True,swipe
praat_gate_swipe_t0.2,phone_M1.wav,2.175,123.38323064664074,True,swipe
praat_gate_swipe_t0.2,phone_M1.wav,2.185,123.38323064664074,True,swipe
praat_gate_swipe_t0.2,phone_M1.wav,2.195,122.93835850342221,True,swipe
praat_gate_swipe_t0.2,phone_M1.wav,2.205,121.94373392260414,True,swipe
praat_gate_swipe_t0.2,phone_M1.wav,2.215,121.5045321030909,True,swipe
praat_gate_swipe_t0.2,phone_M1.wav,2.225,121.06643381919788,True,swipe
praat_gate_swipe_t0.2,phone_M1.wav,2.235,118.5792541244221,True,swipe
praat_gate_swipe_t0.2,phone_M1.wav,2.245,118.0455230233533,True,swipe
praat_gate_swipe_t0.2,phone_M1.wav,2.255,117.72615910626234,True,swipe
praat_gate_swipe_t0.2,phone_M1.wav,2.265,114.99564510115417,True,swipe
praat_gate_swipe_t0.2,phone_M1.wav,2.275,114.99564510115417,True,swipe
praat_gate_swipe_t0.2,phone_M1.wav,2.285,114.0652805127784,True,swipe
praat_gate_swipe_t0.2,phone_M1.wav,2.295,114.0652805127784,True,swipe
praat_gate_swipe_t0.2,phone_M1.wav,2.305,112.22751499983661,True,swipe
praat_gate_swipe_t0.2,phone_M1.wav,2.315,112.22751499983661,True,swipe
praat_gate_swipe_t0.2,phone_M1.wav,2.325,110.02079456203035,True,swipe
praat_gate_swipe_t0.2,phone_M1.wav,2.335,110.02079456203035,True,swipe
praat_gate_swipe_t0.2,phone_M1.wav,2.345,111.01837852774057,True,swipe
praat_gate_swipe_t0.2,phone_M1.wav,2.355,111.01837852774057,True,swipe
praat_gate_swipe_t0.2,phone_M1.wav,2.365,111.52077770423675,True,swipe
praat_gate_swipe_t0.2,phone_M1.wav,2.375,111.52077770423675,True,swipe
praat_gate_swipe_t0.2,phone_M1.wav,2.385,112.0250078177698,True,swipe
praat_gate_swipe_t0.2,phone_M1.wav,2.395,113.65445432980879,True,swipe
praat_gate_swipe_t0.2,phone_M1.wav,2.405,114.4780440019471,True,swipe
praat_gate_swipe_t0.2,phone_M1.wav,2.415,116.24809924854827,True,swipe
praat_gate_swipe_t0.2,phone_M1.wav,2.425,120.73889703895848,True,swipe
praat_gate_swipe_t0.2,phone_M1.wav,2.435,124.72654386811375,True,swipe
praat_gate_swipe_t0.2,phone_M1.wav,2.445,125.17739227730708,True,swipe
praat_gate_swipe_t0.2,phone_M1.wav,2.455,125.17739227730708,True,swipe
praat_gate_swipe_t0.2,phone_M1.wav,2.465,125.29048254097698,True,swipe
praat_gate_swipe_t0.2,phone_M1.wav,2.475,124.83922681729538,True,swipe
praat_gate_swipe_t0.2,phone_M1.wav,2.485,124.05306900612267,True,swipe
praat_gate_swipe_t0.2,phone_M1.wav,2.495,120.95715628554555,True,swipe
praat_gate_swipe_t0.2,phone_M1.wav,2.505,113.65445432980879,True,swipe
praat_gate_swipe_t0.2,phone_M1.wav,2.515,111.11867697198436,True,swipe
praat_gate_swipe_t0.2,phone_M1.wav,2.525,111.11867697198436,True,swipe
praat_gate_swipe_t0.2,phone_M1.wav,2.535,110.8180531530469,True,swipe
praat_gate_swipe_t0.2,phone_M1.wav,2.545,110.8180531530469,True,swipe
praat_gate_swipe_t0.2,phone_M1.wav,2.555,109.42672503091138,True,swipe
praat_gate_swipe_t0.2,phone_M1.wav,2.565,109.42672503091138,True,swipe
praat_gate_swipe_t0.2,phone_M1.wav,2.575,108.7376253238137,True,swipe
praat_gate_swipe_t0.2,phone_M1.wav,2.585,108.7376253238137,True,swipe
praat_gate_swipe_t0.2,phone_M1.wav,2.595,108.05286512707033,True,swipe
praat_gate_swipe_t0.2,phone_M1.wav,2.605,108.05286512707033,True,swipe
praat_gate_swipe_t0.2,phone_M1.wav,2.615,107.17867063650209,True,swipe
praat_gate_swipe_t0.2,phone_M1.wav,2.625,107.17867063650209,True,swipe
praat_gate_swipe_t0.2,phone_M1.wav,2.635,106.59994746999132,True,swipe
praat_gate_swipe_t0.2,phone_M1.wav,2.645,105.54671132267076,True,swipe
praat_gate_swipe_t0.2,phone_M1.wav,2.655,104.59829441868366,True,swipe
praat_gate_swipe_t0.2,phone_M1.wav,2.665,104.12749231031978,True,swipe
praat_gate_swipe_t0.2,phone_M1.wav,2.675,103.84578265315206,True,swipe
praat_gate_swipe_t0.2,phone_M1.wav,2.685,103.47176379032986,True,swipe
praat_gate_swipe_t0.2,phone_M1.wav,2.695,103.19182816087051,True,swipe
praat_gate_swipe_t0.2,phone_M1.wav,2.705,103.37836763754864,True,swipe
praat_gate_swipe_t0.2,phone_M1.wav,2.715,104.97680010219456,True,swipe
praat_gate_swipe_t0.2,phone_M1.wav,2.725,0.0,False,unvoiced
praat_gate_swipe_t0.2,phone_M1.wav,2.735,0.0,False,unvoiced
praat_gate_swipe_t0.2,phone_M1.wav,2.745,0.0,False,unvoiced
praat_gate_swipe_t0.2,phone_M1.wav,2.755,0.0,False,unvoiced
praat_gate_swipe_t0.2,phone_M1.wav,2.765,0.0,False,unvoiced
praat_gate_swipe_t0.2,phone_M1.wav,2.775,0.0,False,unvoiced
praat_gate_swipe_t0.2,phone_M1.wav,2.785,0.0,False,unvoiced
praat_gate_swipe_t0.2,phone_M1.wav,2.795,0.0,False,unvoiced
praat_gate_swipe_t0.2,phone_M1.wav,2.805,0.0,False,unvoiced
praat_gate_swipe_t0.2,phone_M1.wav,2.815,0.0,False,unvoiced
praat_gate_swipe_t0.2,phone_M1.wav,2.825,0.0,False,unvoiced
praat_gate_swipe_t0.2,phone_M1.wav,2.835,0.0,False,unvoiced
praat_gate_swipe_t0.2,phone_M1.wav,2.845,0.0,False,unvoiced
praat_gate_swipe_t0.2,phone_M1.wav,2.855,0.0,False,unvoiced
praat_gate_swipe_t0.2,phone_M1.wav,2.865,0.0,False,unvoiced
praat_gate_swipe_t0.2,phone_M1.wav,2.875,135.4030866681273,True,swipe
praat_gate_swipe_t0.2,phone_M1.wav,2.885,135.15876068867072,True,swipe
praat_gate_swipe_t0.2,phone_M1.wav,2.895,135.4030866681273,True,swipe
praat_gate_swipe_t0.2,phone_M1.wav,2.905,135.76986759314178,True,swipe
praat_gate_swipe_t0.2,phone_M1.wav,2.915,136.26117260742654,True,swipe
praat_gate_swipe_t0.2,phone_M1.wav,2.925,136.6302779222483,True,swipe
praat_gate_swipe_t0.2,phone_M1.wav,2.935,0.0,False,unvoiced
praat_gate_swipe_t0.2,phone_M1.wav,2.945,0.0,False,unvoiced
praat_gate_swipe_t0.2,phone_M1.wav,2.955,0.0,False,unvoiced
praat_gate_swipe_t0.2,phone_M1.wav,2.965,0.0,False,unvoiced
praat_gate_swipe_t0.2,phone_M1.wav,2.975,0.0,False,unvoiced
praat_gate_swipe_t0.2,phone_M1.wav,2.985,0.0,False,unvoiced
praat_gate_swipe_t0.2,phone_M1.wav,2.995,0.0,False,unvoiced
praat_gate_swipe_t0.2,phone_M1.wav,3.005,0.0,False,unvoiced
praat_gate_swipe_t0.2,phone_M1.wav,3.015,0.0,False,unvoiced
praat_gate_swipe_t0.2,phone_M1.wav,3.025,0.0,False,unvoiced
praat_gate_swipe_t0.2,phone_M1.wav,3.035,0.0,False,unvoiced
praat_gate_swipe_t0.2,phone_M1.wav,3.045,0.0,False,unvoiced
praat_gate_swipe_t0.2,phone_M1.wav,3.055,0.0,False,unvoiced
praat_gate_swipe_t0.2,phone_M1.wav,3.065,0.0,False,unvoiced
praat_gate_swipe_t0.2,phone_M1.wav,3.075,0.0,False,unvoiced
praat_gate_swipe_t0.2,phone_M1.wav,3.085,0.0,False,unvoiced
praat_gate_swipe_t0.2,phone_M1.wav,3.095,0.0,False,unvoiced
praat_gate_swipe_t0.2,phone_M1.wav,3.105,104.06703203640188,True,praat_fallback
praat_gate_swipe_t0.2,phone_M1.wav,3.115,95.57157022740701,True,swipe
praat_gate_swipe_t0.2,phone_M1.wav,3.125,95.57157022740701,True,swipe
praat_gate_swipe_t0.2,phone_M1.wav,3.135,95.14102195499414,True,swipe
praat_gate_swipe_t0.2,phone_M1.wav,3.145,95.14102195499414,True,swipe
praat_gate_swipe_t0.2,phone_M1.wav,3.155,95.74433459269888,True,swipe
praat_gate_swipe_t0.2,phone_M1.wav,3.165,96.78673419486084,True,swipe
praat_gate_swipe_t0.2,phone_M1.wav,3.175,97.22472992313664,True,swipe
praat_gate_swipe_t0.2,phone_M1.wav,3.185,98.72762500337075,True,swipe
praat_gate_swipe_t0.2,phone_M1.wav,3.195,99.8930649008769,True,swipe
praat_gate_swipe_t0.2,phone_M1.wav,3.205,100.70783491494504,True,swipe
praat_gate_swipe_t0.2,phone_M1.wav,3.215,100.52611423922033,True,swipe
praat_gate_swipe_t0.2,phone_M1.wav,3.225,100.25414785886868,True,swipe
praat_gate_swipe_t0.2,phone_M1.wav,3.235,99.4430483696348,True,swipe
praat_gate_swipe_t0.2,phone_M1.wav,3.245,100.52611423922033,True,swipe
praat_gate_swipe_t0.2,phone_M1.wav,3.255,102.44943493897965,True,swipe
praat_gate_swipe_t0.2,phone_M1.wav,3.265,105.26116206759721,True,swipe
praat_gate_swipe_t0.2,phone_M1.wav,3.275,105.26116206759721,True,swipe
praat_gate_swipe_t0.2,phone_M1.wav,3.285,110.58351630003392,True,praat_fallback
praat_gate_swipe_t0.2,phone_M1.wav,3.295,0.0,False,unvoiced
praat_gate_swipe_t0.2,phone_M1.wav,3.305,0.0,False,unvoiced
praat_gate_swipe_t0.2,phone_M1.wav,3.315,0.0,False,unvoiced
praat_gate_swipe_t0.2,phone_M1.wav,3.325,0.0,False,unvoiced
praat_gate_swipe_t0.2,phone_M1.wav,3.335,0.0,False,unvoiced
praat_gate_swipe_t0.2,phone_M1.wav,3.345,0.0,False,unvoiced
praat_gate_swipe_t0.2,phone_M1.wav,3.355,0.0,False,unvoiced
praat_gate_swipe_t0.2,phone_M1.wav,3.365,0.0,False,unvoiced
praat_gate_swipe_t0.2,phone_M1.wav,3.375,0.0,False,unvoiced
praat_gate_swipe_t0.2,phone_M1.wav,3.385,0.0,False,unvoiced
praat_gate_swipe_t0.2,phone_M1.wav,3.395,0.0,False,unvoiced
praat_gate_swipe_t0.2,phone_M1.wav,3.405,0.0,False,unvoiced
praat_gate_swipe_t0.2,phone_M1.wav,3.415,0.0,False,unvoiced
praat_gate_swipe_t0.2,phone_M1.wav,3.425,0.0,False,unvoiced
praat_gate_swipe_t0.2,phone_M1.wav,3.435,0.0,False,unvoiced
praat_gate_swipe_t0.2,phone_M1.wav,3.445,141.8783415505278,True,praat_fallback
praat_gate_swipe_t0.2,phone_M1.wav,3.455,123.30162034721516,True,praat_fallback
praat_gate_swipe_t0.2,phone_M1.wav,3.465,117.19626782816006,True,swipe
praat_gate_swipe_t0.2,phone_M1.wav,3.475,111.42011631400612,True,swipe
praat_gate_swipe_t0.2,phone_M1.wav,3.485,109.22927169044631,True,swipe
praat_gate_swipe_t0.2,phone_M1.wav,3.495,108.15048440787815,True,swipe
praat_gate_swipe_t0.2,phone_M1.wav,3.505,106.98527376258657,True,swipe
praat_gate_swipe_t0.2,phone_M1.wav,3.515,102.8201646302466,True,swipe
praat_gate_swipe_t0.2,phone_M1.wav,3.525,0.0,False,unvoiced
praat_gate_swipe_t0.2,phone_M1.wav,3.535,0.0,False,unvoiced
praat_gate_swipe_t0.2,phone_M1.wav,3.545,0.0,False,unvoiced
praat_gate_swipe_t0.2,phone_M1.wav,3.555,0.0,False,unvoiced
praat_gate_swipe_t0.2,phone_M1.wav,3.565,0.0,False,unvoiced
praat_gate_swipe_t0.2,phone_M1.wav,3.575,0.0,False,unvoiced
praat_gate_swipe_t0.2,phone_M1.wav,3.585,0.0,False,unvoiced
praat_gate_swipe_t0.2,phone_M1.wav,3.595,0.0,False,unvoiced
praat_gate_swipe_t0.2,phone_M1.wav,3.605,0.0,False,unvoiced
praat_gate_swipe_t0.2,phone_M1.wav,3.615,0.0,False,unvoiced
praat_gate_swipe_t0.2,phone_M1.wav,3.625,0.0,False,unvoiced
praat_gate_swipe_t0.2,phone_M1.wav,3.635,0.0,False,unvoiced
praat_gate_swipe_t0.2,phone_M1.wav,3.645,0.0,False,unvoiced
praat_gate_swipe_t0.2,phone_M1.wav,3.655,0.0,False,unvoiced
praat_gate_swipe_t0.2,phone_M1.wav,3.665,0.0,False,unvoiced
praat_gate_swipe_t0.2,phone_M1.wav,3.675,0.0,False,unvoiced
praat_gate_swipe_t0.2,phone_M1.wav,3.685,0.0,False,unvoiced
praat_gate_swipe_t0.2,phone_M1.wav,3.695,0.0,False,unvoiced
praat_gate_swipe_t0.2,phone_M1.wav,3.705,0.0,False,unvoiced
praat_gate_swipe_t0.2,phone_M1.wav,3.715,0.0,False,unvoiced
praat_gate_swipe_t0.2,phone_M1.wav,3.725,0.0,False,unvoiced
praat_gate_swipe_t0.2,phone_M1.wav,3.735,0.0,False,unvoiced
praat_gate_swipe_t0.2,phone_M1.wav,3.745,0.0,False,unvoiced
praat_gate_swipe_t0.2,phone_M1.wav,3.755,0.0,False,unvoiced
praat_gate_swipe_t0.2,phone_M1.wav,3.765,0.0,False,unvoiced
praat_gate_swipe_t0.2,phone_M1.wav,3.775,0.0,False,unvoiced
praat_gate_swipe_t0.2,phone_M1.wav,3.785,0.0,False,unvoiced
praat_gate_swipe_t0.2,phone_M1.wav,3.795,0.0,False,unvoiced
praat_gate_swipe_t0.2,phone_M1.wav,3.805,0.0,False,unvoiced
praat_gate_swipe_t0.2,phone_M1.wav,3.815,0.0,False,unvoiced
praat_gate_swipe_t0.2,phone_M1.wav,3.825,0.0,False,unvoiced
praat_gate_swipe_t0.2,phone_M1.wav,3.835,0.0,False,unvoiced
praat_gate_swipe_t0.2,phone_M1.wav,3.845,0.0,False,unvoiced
praat_gate_swipe_t0.2,phone_M1.wav,3.855,0.0,False,unvoiced
praat_gate_swipe_t0.2,phone_M1.wav,3.865,0.0,False,unvoiced
praat_gate_swipe_t0.2,phone_M1.wav,3.875,0.0,False,unvoiced
praat_gate_swipe_t0.2,phone_M1.wav,3.885,0.0,False,unvoiced
praat_gate_swipe_t0.2,phone_M1.wav,3.895,0.0,False,unvoiced
praat_gate_swipe_t0.2,phone_M1.wav,3.905,0.0,False,unvoiced
praat_gate_swipe_t0.2,phone_M1.wav,3.915,0.0,False,unvoiced
praat_gate_swipe_t0.2,phone_M1.wav,3.925,0.0,False,unvoiced
praat_gate_swipe_t0.2,phone_M1.wav,3.935,0.0,False,unvoiced
praat_gate_swipe_t0.2,phone_M1.wav,3.945,0.0,False,unvoiced
praat_gate_swipe_t0.2,phone_M1.wav,3.955,0.0,False,unvoiced
praat_gate_swipe_t0.2,phone_M1.wav,3.965,0.0,False,unvoiced
praat_gate_swipe_t0.2,phone_M1.wav,3.975,0.0,False,unvoiced
praat_gate_swipe_t0.2,phone_M1.wav,3.985,0.0,False,unvoiced
praat_gate_swipe_t0.2,phone_M1.wav,3.995,0.0,False,unvoiced
praat_gate_swipe_t0.2,phone_M1.wav,4.005,0.0,False,unvoiced
praat_gate_swipe_t0.2,phone_M1.wav,4.015000000000001,0.0,False,unvoiced
praat_gate_swipe_t0.2,phone_M1.wav,4.025,0.0,False,unvoiced
praat_gate_swipe_t0.2,phone_M1.wav,4.035,0.0,False,unvoiced
praat_gate_swipe_t0.2,phone_M1.wav,4.045000000000001,0.0,False,unvoiced
praat_gate_swipe_t0.2,phone_M1.wav,4.055000000000001,0.0,False,unvoiced
praat_gate_swipe_t0.2,phone_M1.wav,4.065,0.0,False,unvoiced
praat_gate_swipe_t0.2,phone_M1.wav,4.075,0.0,False,unvoiced
praat_gate_swipe_t0.2,phone_M1.wav,4.085000000000001,0.0,False,unvoiced
praat_gate_swipe_t0.2,phone_M1.wav,4.095000000000001,0.0,False,unvoiced
praat_gate_swipe_t0.2,phone_M1.wav,4.105,0.0,False,unvoiced
praat_gate_swipe_t0.2,phone_M1.wav,4.115,0.0,False,unvoiced
praat_gate_swipe_t0.2,phone_M1.wav,4.125,0.0,False,unvoiced
praat_gate_swipe_t0.2,phone_M1.wav,4.135000000000001,0.0,False,unvoiced
praat_gate_swipe_t0.3,phone_M1.wav,0.025,0.0,False,unvoiced
praat_gate_swipe_t0.3,phone_M1.wav,0.035,0.0,False,unvoiced
praat_gate_swipe_t0.3,phone_M1.wav,0.045,0.0,False,unvoiced
praat_gate_swipe_t0.3,phone_M1.wav,0.055,0.0,False,unvoiced
praat_gate_swipe_t0.3,phone_M1.wav,0.065,0.0,False,unvoiced
praat_gate_swipe_t0.3,phone_M1.wav,0.075,0.0,False,unvoiced
praat_gate_swipe_t0.3,phone_M1.wav,0.085,0.0,False,unvoiced
praat_gate_swipe_t0.3,phone_M1.wav,0.095,0.0,False,unvoiced
praat_gate_swipe_t0.3,phone_M1.wav,0.105,0.0,False,unvoiced
praat_gate_swipe_t0.3,phone_M1.wav,0.115,0.0,False,unvoiced
praat_gate_swipe_t0.3,phone_M1.wav,0.125,0.0,False,unvoiced
praat_gate_swipe_t0.3,phone_M1.wav,0.135,0.0,False,unvoiced
praat_gate_swipe_t0.3,phone_M1.wav,0.145,0.0,False,unvoiced
praat_gate_swipe_t0.3,phone_M1.wav,0.155,0.0,False,unvoiced
praat_gate_swipe_t0.3,phone_M1.wav,0.165,0.0,False,unvoiced
praat_gate_swipe_t0.3,phone_M1.wav,0.175,0.0,False,unvoiced
praat_gate_swipe_t0.3,phone_M1.wav,0.185,0.0,False,unvoiced
praat_gate_swipe_t0.3,phone_M1.wav,0.195,0.0,False,unvoiced
praat_gate_swipe_t0.3,phone_M1.wav,0.205,0.0,False,unvoiced
praat_gate_swipe_t0.3,phone_M1.wav,0.215,0.0,False,unvoiced
praat_gate_swipe_t0.3,phone_M1.wav,0.225,0.0,False,unvoiced
praat_gate_swipe_t0.3,phone_M1.wav,0.235,0.0,False,unvoiced
praat_gate_swipe_t0.3,phone_M1.wav,0.245,0.0,False,unvoiced
praat_gate_swipe_t0.3,phone_M1.wav,0.255,0.0,False,unvoiced
praat_gate_swipe_t0.3,phone_M1.wav,0.265,0.0,False,unvoiced
praat_gate_swipe_t0.3,phone_M1.wav,0.275,0.0,False,unvoiced
praat_gate_swipe_t0.3,phone_M1.wav,0.285,0.0,False,unvoiced
praat_gate_swipe_t0.3,phone_M1.wav,0.295,0.0,False,unvoiced
praat_gate_swipe_t0.3,phone_M1.wav,0.305,0.0,False,unvoiced
praat_gate_swipe_t0.3,phone_M1.wav,0.315,0.0,False,unvoiced
praat_gate_swipe_t0.3,phone_M1.wav,0.325,0.0,False,unvoiced
praat_gate_swipe_t0.3,phone_M1.wav,0.335,0.0,False,unvoiced
praat_gate_swipe_t0.3,phone_M1.wav,0.345,0.0,False,unvoiced
praat_gate_swipe_t0.3,phone_M1.wav,0.355,0.0,False,unvoiced
praat_gate_swipe_t0.3,phone_M1.wav,0.365,0.0,False,unvoiced
praat_gate_swipe_t0.3,phone_M1.wav,0.375,0.0,False,unvoiced
praat_gate_swipe_t0.3,phone_M1.wav,0.385,0.0,False,unvoiced
praat_gate_swipe_t0.3,phone_M1.wav,0.395,0.0,False,unvoiced
praat_gate_swipe_t0.3,phone_M1.wav,0.405,0.0,False,unvoiced
praat_gate_swipe_t0.3,phone_M1.wav,0.415,0.0,False,unvoiced
praat_gate_swipe_t0.3,phone_M1.wav,0.425,0.0,False,unvoiced
praat_gate_swipe_t0.3,phone_M1.wav,0.435,0.0,False,unvoiced
praat_gate_swipe_t0.3,phone_M1.wav,0.445,0.0,False,unvoiced
praat_gate_swipe_t0.3,phone_M1.wav,0.455,0.0,False,unvoiced
praat_gate_swipe_t0.3,phone_M1.wav,0.465,0.0,False,unvoiced
praat_gate_swipe_t0.3,phone_M1.wav,0.475,138.9088485650244,True,praat_fallback
praat_gate_swipe_t0.3,phone_M1.wav,0.485,137.24858040534062,True,swipe
praat_gate_swipe_t0.3,phone_M1.wav,0.495,136.75371518096097,True,swipe
praat_gate_swipe_t0.3,phone_M1.wav,0.505,136.50695208103394,True,swipe
praat_gate_swipe_t0.3,phone_M1.wav,0.515,136.26117260742654,True,swipe
praat_gate_swipe_t0.3,phone_M1.wav,0.525,136.0152982682336,True,swipe
praat_gate_swipe_t0.3,phone_M1.wav,0.535,136.0152982682336,True,swipe
praat_gate_swipe_t0.3,phone_M1.wav,0.545,136.13817992972574,True,swipe
praat_gate_swipe_t0.3,phone_M1.wav,0.555,136.26117260742654,True,swipe
praat_gate_swipe_t0.3,phone_M1.wav,0.565,136.50695208103394,True,swipe
praat_gate_swipe_t0.3,phone_M1.wav,0.575,136.50695208103394,True,swipe
praat_gate_swipe_t0.3,phone_M1.wav,0.585,136.75371518096097,True,swipe
praat_gate_swipe_t0.3,phone_M1.wav,0.595,137.24858040534062,True,swipe
praat_gate_swipe_t0.3,phone_M1.wav,0.605,137.62036041801773,True,swipe
praat_gate_swipe_t0.3,phone_M1.wav,0.615,137.74469215686347,True,swipe
praat_gate_swipe_t0.3,phone_M1.wav,0.625,137.9936927148347,True,swipe
praat_gate_swipe_t0.3,phone_M1.wav,0.635,138.24314339017081,True,swipe
praat_gate_swipe_t0.3,phone_M1.wav,0.645,138.61761748272835,True,swipe
praat_gate_swipe_t0.3,phone_M1.wav,0.655,137.8691362219758,True,swipe
praat_gate_swipe_t0.3,phone_M1.wav,0.665,136.38427640163246,True,swipe
praat_gate_swipe_t0.3,phone_M1.wav,0.675,134.18638768585896,True,swipe
praat_gate_swipe_t0.3,phone_M1.wav,0.685,130.95578815067825,True,swipe
praat_gate_swipe_t0.3,phone_M1.wav,0.695,130.95578815067825,True,swipe
praat_gate_swipe_t0.3,phone_M1.wav,0.705,129.4284547080296,True,swipe
praat_gate_swipe_t0.3,phone_M1.wav,0.715,128.14966677027095,True,swipe
praat_gate_swipe_t0.3,phone_M1.wav,0.725,125.97117293221267,True,swipe
praat_gate_swipe_t0.3,phone_M1.wav,0.735,124.72654386811375,True,swipe
praat_gate_swipe_t0.3,phone_M1.wav,0.745,123.71745209300073,True,swipe
praat_gate_swipe_t0.3,phone_M1.wav,0.755,121.94373392260414,True,swipe
praat_gate_swipe_t0.3,phone_M1.wav,0.765,120.30403465153024,True,swipe
praat_gate_swipe_t0.3,phone_M1.wav,0.775,118.90093229153807,True,swipe
praat_gate_swipe_t0.3,phone_M1.wav,0.785,117.93897223790648,True,swipe
praat_gate_swipe_t0.3,phone_M1.wav,0.795,116.45824049698933,True,swipe
praat_gate_swipe_t0.3,phone_M1.wav,0.805,115.30760176351983,True,swipe
praat_gate_swipe_t0.3,phone_M1.wav,0.815,115.72440357018229,True,swipe
praat_gate_swipe_t0.3,phone_M1.wav,0.825,116.03833718619231,True,swipe
praat_gate_swipe_t0.3,phone_M1.wav,0.835,116.35312243169629,True,swipe
praat_gate_swipe_t0.3,phone_M1.wav,0.845,117.09048360128975,True,swipe
praat_gate_swipe_t0.3,phone_M1.wav,0.855,118.25844623511809,True,swipe
praat_gate_swipe_t0.3,phone_M1.wav,0.865,119.00788195637628,True,swipe
praat_gate_swipe_t0.3,phone_M1.wav,0.875,119.87026489649318,True,swipe
praat_gate_swipe_t0.3,phone_M1.wav,0.885,121.3948591311784,True,swipe
praat_gate_swipe_t0.3,phone_M1.wav,0.895,123.60578168520907,True,swipe
praat_gate_swipe_t0.3,phone_M1.wav,0.905,125.7438662218022,True,swipe
praat_gate_swipe_t0.3,phone_M1.wav,0.915,129.54538555155517,True,swipe
praat_gate_swipe_t0.3,phone_M1.wav,0.925,131.42967264735353,True,swipe
praat_gate_swipe_t0.3,phone_M1.wav,0.935,134.30761703636892,True,swipe
praat_gate_swipe_t0.3,phone_M1.wav,0.945,134.30761703636892,True,swipe
praat_gate_swipe_t0.3,phone_M1.wav,0.955,137.24858040534062,True,swipe
praat_gate_swipe_t0.3,phone_M1.wav,0.965,138.49304499654735,True,swipe
praat_gate_swipe_t0.3,phone_M1.wav,0.975,139.11922753615744,True,swipe
praat_gate_swipe_t0.3,phone_M1.wav,0.985,139.87449544944548,True,swipe
praat_gate_swipe_t0.3,phone_M1.wav,0.995,140.8880869582607,True,swipe
praat_gate_swipe_t0.3,phone_M1.wav,1.005,141.90902339256394,True,swipe
praat_gate_swipe_t0.3,phone_M1.wav,1.015,143.0664933040208,True,swipe
praat_gate_swipe_t0.3,phone_M1.wav,1.025,145.80371984556194,True,swipe
praat_gate_swipe_t0.3,phone_M1.wav,1.035,147.92449062141526,True,swipe
praat_gate_swipe_t0.3,phone_M1.wav,1.045,148.1918931624902,True,swipe
praat_gate_swipe_t0.3,phone_M1.wav,1.055,148.3257756469117,True,swipe
praat_gate_swipe_t0.3,phone_M1.wav,1.065,148.1918931624902,True,swipe
praat_gate_swipe_t0.3,phone_M1.wav,1.075,147.3917145341034,True,swipe
praat_gate_swipe_t0.3,phone_M1.wav,1.085,145.93544475867446,True,swipe
praat_gate_swipe_t0.3,phone_M1.wav,1.095,145.147450074701,True,swipe
praat_gate_swipe_t0.3,phone_M1.wav,1.105,143.45459970325194,True,swipe
praat_gate_swipe_t0.3,phone_M1.wav,1.115,142.55121414904295,True,swipe
praat_gate_swipe_t0.3,phone_M1.wav,1.125,141.27028384350726,True,swipe
praat_gate_swipe_t0.3,phone_M1.wav,1.135,149.94123884737442,True,swipe
praat_gate_swipe_t0.3,phone_M1.wav,1.145,151.84769691067916,True,swipe
praat_gate_swipe_t0.3,phone_M1.wav,1.155,153.08623083964508,True,swipe
praat_gate_swipe_t0.3,phone_M1.wav,1.165,153.7783950187843,True,swipe
praat_gate_swipe_t0.3,phone_M1.wav,1.175,154.1955603367561,True,swipe
praat_gate_swipe_t0.3,phone_M1.wav,1.185,153.9173245724602,True,swipe
praat_gate_swipe_t0.3,phone_M1.wav,1.195,153.36235831244127,True,swipe
praat_gate_swipe_t0.3,phone_M1.wav,1.205,152.39658001501834,True,swipe
praat_gate_swipe_t0.3,phone_M1.wav,1.215,151.84769691067916,True,swipe
praat_gate_swipe_t0.3,phone_M1.wav,1.225,151.84769691067916,True,swipe
praat_gate_swipe_t0.3,phone_M1.wav,1.235,152.53426118174298,True,swipe
praat_gate_swipe_t0.3,phone_M1.wav,1.245,153.6395908663322,True,swipe
praat_gate_swipe_t0.3,phone_M1.wav,1.255,153.6395908663322,True,swipe
praat_gate_swipe_t0.3,phone_M1.wav,1.265,154.75293025118282,True,swipe
praat_gate_swipe_t0.3,phone_M1.wav,1.275,155.59307237083087,True,swipe
praat_gate_swipe_t0.3,phone_M1.wav,1.285,156.8621551634181,True,swipe
praat_gate_swipe_t0.3,phone_M1.wav,1.295,155.45324443113762,True,swipe
praat_gate_swipe_t0.3,phone_M1.wav,1.305,154.6132464593188,True,swipe
praat_gate_swipe_t0.3,phone_M1.wav,1.315,153.6395908663322,True,swipe
praat_gate_swipe_t0.3,phone_M1.wav,1.325,153.22392968492824,True,swipe
praat_gate_swipe_t0.3,phone_M1.wav,1.335,153.08623083964508,True,swipe
praat_gate_swipe_t0.3,phone_M1.wav,1.345,153.08623083964508,True,swipe
praat_gate_swipe_t0.3,phone_M1.wav,1.355,152.53426118174298,True,swipe
praat_gate_swipe_t0.3,phone_M1.wav,1.365,151.71063545371112,True,swipe
praat_gate_swipe_t0.3,phone_M1.wav,1.375,148.99641590098756,True,swipe
praat_gate_swipe_t0.3,phone_M1.wav,1.385,146.74995771436363,True,praat_fallback
praat_gate_swipe_t0.3,phone_M1.wav,1.395,0.0,False,unvoiced
praat_gate_swipe_t0.3,phone_M1.wav,1.405,0.0,False,unvoiced
praat_gate_swipe_t0.3,phone_M1.wav,1.415,0.0,False,unvoiced
praat_gate_swipe_t0.3,phone_M1.wav,1.425,0.0,False,unvoiced
praat_gate_swipe_t0.3,phone_M1.wav,1.435,0.0,False,unvoiced
praat_gate_swipe_t0.3,phone_M1.wav,1.445,0.0,False,unvoiced
praat_gate_swipe_t0.3,phone_M1.wav,1.455,0.0,False,unvoiced
praat_gate_swipe_t0.3,phone_M1.wav,1.465,0.0,False,unvoiced
praat_gate_swipe_t0.3,phone_M1.wav,1.475,0.0,False,unvoiced
praat_gate_swipe_t0.3,phone_M1.wav,1.485,0.0,False,unvoiced
praat_gate_swipe_t0.3,phone_M1.wav,1.495,0.0,False,unvoiced
praat_gate_swipe_t0.3,phone_M1.wav,1.505,119.77441795223503,True,praat_fallback
praat_gate_swipe_t0.3,phone_M1.wav,1.515,115.61082486013431,True,praat_fallback
praat_gate_swipe_t0.3,phone_M1.wav,1.525,116.03833718619231,True,swipe
praat_gate_swipe_t0.3,phone_M1.wav,1.535,115.51604287822161,True,swipe
praat_gate_swipe_t0.3,phone_M1.wav,1.545,114.99564510115417,True,swipe
praat_gate_swipe_t0.3,phone_M1.wav,1.555,114.27147588806352,True,swipe
praat_gate_swipe_t0.3,phone_M1.wav,1.565,113.65445432980879,True,swipe
praat_gate_swipe_t0.3,phone_M1.wav,1.575,112.63318323240543,True,swipe
praat_gate_swipe_t0.3,phone_M1.wav,1.585,111.52033709332513,True,swipe
praat_gate_swipe_t0.3,phone_M1.wav,1.595,110.31925560229146,True,swipe
praat_gate_swipe_t0.3,phone_M1.wav,1.605,109.03260542188384,True,swipe
praat_gate_swipe_t0.3,phone_M1.wav,1.615,108.54141541852441,True,swipe
praat_gate_swipe_t0.3,phone_M1.wav,1.625,108.24819188184925,True,swipe
praat_gate_swipe_t0.3,phone_M1.wav,1.635,107.95533395982062,True,swipe
praat_gate_swipe_t0.3,phone_M1.wav,1.645,107.76053564793314,True,swipe
praat_gate_swipe_t0.3,phone_M1.wav,1.655,107.56651382469666,True,swipe
praat_gate_swipe_t0.3,phone_M1.wav,1.665,107.56608883680926,True,swipe
praat_gate_swipe_t0.3,phone_M1.wav,1.675,107.85789082659542,True,swipe
praat_gate_swipe_t0.3,phone_M1.wav,1.685,109.2750081088538,True,praat_fallback
praat_gate_swipe_t0.3,phone_M1.wav,1.695,108.57573437140464,True,praat_fallback
praat_gate_swipe_t0.3,phone_M1.wav,1.705,0.0,False,unvoiced
praat_gate_swipe_t0.3,phone_M1.wav,1.715,0.0,False,unvoiced
praat_gate_swipe_t0.3,phone_M1.wav,1.725,0.0,False,unvoiced
praat_gate_swipe_t0.3,phone_M1.wav,1.735,0.0,False,unvoiced
praat_gate_swipe_t0.3,phone_M1.wav,1.745,0.0,False,unvoiced
praat_gate_swipe_t0.3,phone_M1.wav,1.755,0.0,False,unvoiced
praat_gate_swipe_t0.3,phone_M1.wav,1.765,0.0,False,unvoiced
praat_gate_swipe_t0.3,phone_M1.wav,1.775,0.0,False,unvoiced
praat_gate_swipe_t0.3,phone_M1.wav,1.785,0.0,False,unvoiced
praat_gate_swipe_t0.3,phone_M1.wav,1.795,125.26892670469007,True,praat_fallback
praat_gate_swipe_t0.3,phone_M1.wav,1.805,123.49421207386752,True,swipe
praat_gate_swipe_t0.3,phone_M1.wav,1.815,121.5045321030909,True,swipe
praat_gate_swipe_t0.3,phone_M1.wav,1.825,121.17581007854555,True,swipe
praat_gate_swipe_t0.3,phone_M1.wav,1.835,120.8479773884764,True,swipe
praat_gate_swipe_t0.3,phone_M1.wav,1.845,120.1954452780729,True,swipe
praat_gate_swipe_t0.3,phone_M1.wav,1.855,119.33072289194092,True,swipe
praat_gate_swipe_t0.3,phone_M1.wav,1.865,118.25844623511809,True,swipe
praat_gate_swipe_t0.3,phone_M1.wav,1.875,116.56299299597094,True,swipe
praat_gate_swipe_t0.3,phone_M1.wav,1.885,113.34697014235314,True,swipe
praat_gate_swipe_t0.3,phone_M1.wav,1.895,111.82286604661658,True,swipe
praat_gate_swipe_t0.3,phone_M1.wav,1.905,110.61852629851718,True,swipe
praat_gate_swipe_t0.3,phone_M1.wav,1.915,109.42672503091138,True,swipe
praat_gate_swipe_t0.3,phone_M1.wav,1.925,109.80230674447255,True,praat_fallback
praat_gate_swipe_t0.3,phone_M1.wav,1.935,107.1983695810704,True,praat_fallback
praat_gate_swipe_t0.3,phone_M1.wav,1.945,102.82503152830944,True,praat_fallback
praat_gate_swipe_t0.3,phone_M1.wav,1.955,100.32382200101316,True,praat_fallback
praat_gate_swipe_t0.3,phone_M1.wav,1.965,98.23384796638572,True,praat_fallback
praat_gate_swipe_t0.3,phone_M1.wav,1.975,0.0,False,unvoiced
praat_gate_swipe_t0.3,phone_M1.wav,1.985,0.0,False,unvoiced
praat_gate_swipe_t0.3,phone_M1.wav,1.995,0.0,False,unvoiced
praat_gate_swipe_t0.3,phone_M1.wav,2.005,0.0,False,unvoiced
praat_gate_swipe_t0.3,phone_M1.wav,2.015,0.0,False,unvoiced
praat_gate_swipe_t0.3,phone_M1.wav,2.025,100.2510295202328,True,praat_fallback
praat_gate_swipe_t0.3,phone_M1.wav,2.035,101.31493377447084,True,praat_fallback
praat_gate_swipe_t0.3,phone_M1.wav,2.045,101.88736273808692,True,praat_fallback
praat_gate_swipe_t0.3,phone_M1.wav,2.055,98.84775621790483,True,praat_fallback
praat_gate_swipe_t0.3,phone_M1.wav,2.065,96.7313529725541,True,praat_fallback
praat_gate_swipe_t0.3,phone_M1.wav,2.075,103.94125369514332,True,praat_fallback
praat_gate_swipe_t0.3,phone_M1.wav,2.085,106.05002106827313,True,praat_fallback
praat_gate_swipe_t0.3,phone_M1.wav,2.095,106.88870622949688,True,swipe
praat_gate_swipe_t0.3,phone_M1.wav,2.105,106.88870622949688,True,swipe
praat_gate_swipe_t0.3,phone_M1.wav,2.115,109.42672503091138,True,swipe
praat_gate_swipe_t0.3,phone_M1.wav,2.125,109.42672503091138,True,swipe
praat_gate_swipe_t0.3,phone_M1.wav,2.135,111.88225210863811,True,praat_fallback
praat_gate_swipe_t0.3,phone_M1.wav,2.145,118.00649200745256,True,praat_fallback
praat_gate_swipe_t0.3,phone_M1.wav,2.155,122.82739132462034,True,swipe
praat_gate_swipe_t0.3,phone_M1.wav,2.165,123.16059370816279,True,swipe
praat_gate_swipe_t0.3,phone_M1.wav,2.175,123.38323064664074,True,swipe
praat_gate_swipe_t0.3,phone_M1.wav,2.185,123.38323064664074,True,swipe
praat_gate_swipe_t0.3,phone_M1.wav,2.195,122.93835850342221,True,swipe
praat_gate_swipe_t0.3,phone_M1.wav,2.205,121.94373392260414,True,swipe
praat_gate_swipe_t0.3,phone_M1.wav,2.215,121.5045321030909,True,swipe
praat_gate_swipe_t0.3,phone_M1.wav,2.225,121.06643381919788,True,swipe
praat_gate_swipe_t0.3,phone_M1.wav,2.235,118.5792541244221,True,swipe
praat_gate_swipe_t0.3,phone_M1.wav,2.245,118.0455230233533,True,swipe
praat_gate_swipe_t0.3,phone_M1.wav,2.255,117.72615910626234,True,swipe
praat_gate_swipe_t0.3,phone_M1.wav,2.265,114.99564510115417,True,swipe
praat_gate_swipe_t0.3,phone_M1.wav,2.275,114.99564510115417,True,swipe
praat_gate_swipe_t0.3,phone_M1.wav,2.285,114.0652805127784,True,swipe
praat_gate_swipe_t0.3,phone_M1.wav,2.295,114.0652805127784,True,swipe
praat_gate_swipe_t0.3,phone_M1.wav,2.305,112.22751499983661,True,swipe
praat_gate_swipe_t0.3,phone_M1.wav,2.315,112.22751499983661,True,swipe
praat_gate_swipe_t0.3,phone_M1.wav,2.325,110.02079456203035,True,swipe
praat_gate_swipe_t0.3,phone_M1.wav,2.335,110.02079456203035,True,swipe
praat_gate_swipe_t0.3,phone_M1.wav,2.345,111.01837852774057,True,swipe
praat_gate_swipe_t0.3,phone_M1.wav,2.355,111.01837852774057,True,swipe
praat_gate_swipe_t0.3,phone_M1.wav,2.365,111.52077770423675,True,swipe
praat_gate_swipe_t0.3,phone_M1.wav,2.375,111.52077770423675,True,swipe
praat_gate_swipe_t0.3,phone_M1.wav,2.385,112.0250078177698,True,swipe
praat_gate_swipe_t0.3,phone_M1.wav,2.395,113.65445432980879,True,swipe
praat_gate_swipe_t0.3,phone_M1.wav,2.405,114.4780440019471,True,swipe
praat_gate_swipe_t0.3,phone_M1.wav,2.415,116.24809924854827,True,swipe
praat_gate_swipe_t0.3,phone_M1.wav,2.425,120.73889703895848,True,swipe
praat_gate_swipe_t0.3,phone_M1.wav,2.435,124.72654386811375,True,swipe
praat_gate_swipe_t0.3,phone_M1.wav,2.445,125.17739227730708,True,swipe
praat_gate_swipe_t0.3,phone_M1.wav,2.455,125.17739227730708,True,swipe
praat_gate_swipe_t0.3,phone_M1.wav,2.465,125.29048254097698,True,swipe
praat_gate_swipe_t0.3,phone_M1.wav,2.475,124.83922681729538,True,swipe
praat_gate_swipe_t0.3,phone_M1.wav,2.485,124.05306900612267,True,swipe
praat_gate_swipe_t0.3,phone_M1.wav,2.495,124.84752450501318,True,praat_fallback
praat_gate_swipe_t0.3,phone_M1.wav,2.505,114.09485258687683,True,praat_fallback
praat_gate_swipe_t0.3,phone_M1.wav,2.515,111.11867697198436,True,swipe
praat_gate_swipe_t0.3,phone_M1.wav,2.525,111.11867697198436,True,swipe
praat_gate_swipe_t0.3,phone_M1.wav,2.535,110.8180531530469,True,swipe
praat_gate_swipe_t0.3,phone_M1.wav,2.545,110.8180531530469,True,swipe
praat_gate_swipe_t0.3,phone_M1.wav,2.555,109.42672503091138,True,swipe
praat_gate_swipe_t0.3,phone_M1.wav,2.565,109.42672503091138,True,swipe
praat_gate_swipe_t0.3,phone_M1.wav,2.575,108.7376253238137,True,swipe
praat_gate_swipe_t0.3,phone_M1.wav,2.585,108.7376253238137,True,swipe
praat_gate_swipe_t0.3,phone_M1.wav,2.595,108.05286512707033,True,swipe
praat_gate_swipe_t0.3,phone_M1.wav,2.605,108.05286512707033,True,swipe
praat_gate_swipe_t0.3,phone_M1.wav,2.615,107.17867063650209,True,swipe
praat_gate_swipe_t0.3,phone_M1.wav,2.625,107.17867063650209,True,swipe
praat_gate_swipe_t0.3,phone_M1.wav,2.635,106.59994746999132,True,swipe
praat_gate_swipe_t0.3,phone_M1.wav,2.645,105.54671132267076,True,swipe
praat_gate_swipe_t0.3,phone_M1.wav,2.655,104.59829441868366,True,swipe
praat_gate_swipe_t0.3,phone_M1.wav,2.665,104.12749231031978,True,swipe
praat_gate_swipe_t0.3,phone_M1.wav,2.675,103.84578265315206,True,swipe
praat_gate_swipe_t0.3,phone_M1.wav,2.685,103.47176379032986,True,swipe
praat_gate_swipe_t0.3,phone_M1.wav,2.695,103.19182816087051,True,swipe
praat_gate_swipe_t0.3,phone_M1.wav,2.705,103.37836763754864,True,swipe
praat_gate_swipe_t0.3,phone_M1.wav,2.715,109.7753352394358,True,praat_fallback
praat_gate_swipe_t0.3,phone_M1.wav,2.725,0.0,False,unvoiced
praat_gate_swipe_t0.3,phone_M1.wav,2.735,0.0,False,unvoiced
praat_gate_swipe_t0.3,phone_M1.wav,2.745,0.0,False,unvoiced
praat_gate_swipe_t0.3,phone_M1.wav,2.755,0.0,False,unvoiced
praat_gate_swipe_t0.3,phone_M1.wav,2.765,0.0,False,unvoiced
praat_gate_swipe_t0.3,phone_M1.wav,2.775,0.0,False,unvoiced
praat_gate_swipe_t0.3,phone_M1.wav,2.785,0.0,False,unvoiced
praat_gate_swipe_t0.3,phone_M1.wav,2.795,0.0,False,unvoiced
praat_gate_swipe_t0.3,phone_M1.wav,2.805,0.0,False,unvoiced
praat_gate_swipe_t0.3,phone_M1.wav,2.815,0.0,False,unvoiced
praat_gate_swipe_t0.3,phone_M1.wav,2.825,0.0,False,unvoiced
praat_gate_swipe_t0.3,phone_M1.wav,2.835,0.0,False,unvoiced
praat_gate_swipe_t0.3,phone_M1.wav,2.845,0.0,False,unvoiced
praat_gate_swipe_t0.3,phone_M1.wav,2.855,0.0,False,unvoiced
praat_gate_swipe_t0.3,phone_M1.wav,2.865,0.0,False,unvoiced
praat_gate_swipe_t0.3,phone_M1.wav,2.875,133.42839761657203,True,praat_fallback
praat_gate_swipe_t0.3,phone_M1.wav,2.885,135.03415750592836,True,praat_fallback
praat_gate_swipe_t0.3,phone_M1.wav,2.895,135.4030866681273,True,swipe
praat_gate_swipe_t0.3,phone_M1.wav,2.905,135.76986759314178,True,swipe
praat_gate_swipe_t0.3,phone_M1.wav,2.915,136.26117260742654,True,swipe
praat_gate_swipe_t0.3,phone_M1.wav,2.925,139.55488975479207,True,praat_fallback
praat_gate_swipe_t0.3,phone_M1.wav,2.935,0.0,False,unvoiced
praat_gate_swipe_t0.3,phone_M1.wav,2.945,0.0,False,unvoiced
praat_gate_swipe_t0.3,phone_M1.wav,2.955,0.0,False,unvoiced
praat_gate_swipe_t0.3,phone_M1.wav,2.965,0.0,False,unvoiced
praat_gate_swipe_t0.3,phone_M1.wav,2.975,0.0,False,unvoiced
praat_gate_swipe_t0.3,phone_M1.wav,2.985,0.0,False,unvoiced
praat_gate_swipe_t0.3,phone_M1.wav,2.995,0.0,False,unvoiced
praat_gate_swipe_t0.3,phone_M1.wav,3.005,0.0,False,unvoiced
praat_gate_swipe_t0.3,phone_M1.wav,3.015,0.0,False,unvoiced
praat_gate_swipe_t0.3,phone_M1.wav,3.025,0.0,False,unvoiced
praat_gate_swipe_t0.3,phone_M1.wav,3.035,0.0,False,unvoiced
praat_gate_swipe_t0.3,phone_M1.wav,3.045,0.0,False,unvoiced
praat_gate_swipe_t0.3,phone_M1.wav,3.055,0.0,False,unvoiced
praat_gate_swipe_t0.3,phone_M1.wav,3.065,0.0,False,unvoiced
praat_gate_swipe_t0.3,phone_M1.wav,3.075,0.0,False,unvoiced
praat_gate_swipe_t0.3,phone_M1.wav,3.085,0.0,False,unvoiced
praat_gate_swipe_t0.3,phone_M1.wav,3.095,0.0,False,unvoiced
praat_gate_swipe_t0.3,phone_M1.wav,3.105,104.06703203640188,True,praat_fallback
praat_gate_swipe_t0.3,phone_M1.wav,3.115,94.56668925541747,True,praat_fallback
praat_gate_swipe_t0.3,phone_M1.wav,3.125,97.46500827339034,True,praat_fallback
praat_gate_swipe_t0.3,phone_M1.wav,3.135,94.92531828116317,True,praat_fallback
praat_gate_swipe_t0.3,phone_M1.wav,3.145,95.14102195499414,True,swipe
praat_gate_swipe_t0.3,phone_M1.wav,3.155,95.74433459269888,True,swipe
praat_gate_swipe_t0.3,phone_M1.wav,3.165,96.78673419486084,True,swipe
praat_gate_swipe_t0.3,phone_M1.wav,3.175,97.22472992313664,True,swipe
praat_gate_swipe_t0.3,phone_M1.wav,3.185,98.72762500337075,True,swipe
praat_gate_swipe_t0.3,phone_M1.wav,3.195,99.8930649008769,True,swipe
praat_gate_swipe_t0.3,phone_M1.wav,3.205,100.70783491494504,True,swipe
praat_gate_swipe_t0.3,phone_M1.wav,3.215,100.52611423922033,True,swipe
praat_gate_swipe_t0.3,phone_M1.wav,3.225,100.25414785886868,True,swipe
praat_gate_swipe_t0.3,phone_M1.wav,3.235,99.4430483696348,True,swipe
praat_gate_swipe_t0.3,phone_M1.wav,3.245,99.87335505875993,True,praat_fallback
praat_gate_swipe_t0.3,phone_M1.wav,3.255,101.8654648415283,True,praat_fallback
praat_gate_swipe_t0.3,phone_M1.wav,3.265,106.3580984583638,True,praat_fallback
praat_gate_swipe_t0.3,phone_M1.wav,3.275,110.95058061392017,True,praat_fallback
praat_gate_swipe_t0.3,phone_M1.wav,3.285,110.58351630003392,True,praat_fallback
praat_gate_swipe_t0.3,phone_M1.wav,3.295,0.0,False,unvoiced
praat_gate_swipe_t0.3,phone_M1.wav,3.305,0.0,False,unvoiced
praat_gate_swipe_t0.3,phone_M1.wav,3.315,0.0,False,unvoiced
praat_gate_swipe_t0.3,phone_M1.wav,3.325,0.0,False,unvoiced
praat_gate_swipe_t0.3,phone_M1.wav,3.335,0.0,False,unvoiced
praat_gate_swipe_t0.3,phone_M1.wav,3.345,0.0,False,unvoiced
praat_gate_swipe_t0.3,phone_M1.wav,3.355,0.0,False,unvoiced
praat_gate_swipe_t0.3,phone_M1.wav,3.365,0.0,False,unvoiced
praat_gate_swipe_t0.3,phone_M1.wav,3.375,0.0,False,unvoiced
praat_gate_swipe_t0.3,phone_M1.wav,3.385,0.0,False,unvoiced
praat_gate_swipe_t0.3,phone_M1.wav,3.395,0.0,False,unvoiced
praat_gate_swipe_t0.3,phone_M1.wav,3.405,0.0,False,unvoiced
praat_gate_swipe_t0.3,phone_M1.wav,3.415,0.0,False,unvoiced
praat_gate_swipe_t0.3,phone_M1.wav,3.425,0.0,False,unvoiced
praat_gate_swipe_t0.3,phone_M1.wav,3.435,0.0,False,unvoiced
praat_gate_swipe_t0.3,phone_M1.wav,3.445,141.8783415505278,True,praat_fallback
praat_gate_swipe_t0.3,phone_M1.wav,3.455,123.30162034721516,True,praat_fallback
praat_gate_swipe_t0.3,phone_M1.wav,3.465,115.32701668055437,True,praat_fallback
praat_gate_swipe_t0.3,phone_M1.wav,3.475,111.7266562080214,True,praat_fallback
praat_gate_swipe_t0.3,phone_M1.wav,3.485,108.584774594921,True,praat_fallback
praat_gate_swipe_t0.3,phone_M1.wav,3.495,108.15048440787815,True,swipe
praat_gate_swipe_t0.3,phone_M1.wav,3.505,106.98527376258657,True,swipe
praat_gate_swipe_t0.3,phone_M1.wav,3.515,101.90996019958574,True,praat_fallback
praat_gate_swipe_t0.3,phone_M1.wav,3.525,0.0,False,unvoiced
praat_gate_swipe_t0.3,phone_M1.wav,3.535,0.0,False,unvoiced
praat_gate_swipe_t0.3,phone_M1.wav,3.545,0.0,False,unvoiced
praat_gate_swipe_t0.3,phone_M1.wav,3.555,0.0,False,unvoiced
praat_gate_swipe_t0.3,phone_M1.wav,3.565,0.0,False,unvoiced
praat_gate_swipe_t0.3,phone_M1.wav,3.575,0.0,False,unvoiced
praat_gate_swipe_t0.3,phone_M1.wav,3.585,0.0,False,unvoiced
praat_gate_swipe_t0.3,phone_M1.wav,3.595,0.0,False,unvoiced
praat_gate_swipe_t0.3,phone_M1.wav,3.605,0.0,False,unvoiced
praat_gate_swipe_t0.3,phone_M1.wav,3.615,0.0,False,unvoiced
praat_gate_swipe_t0.3,phone_M1.wav,3.625,0.0,False,unvoiced
praat_gate_swipe_t0.3,phone_M1.wav,3.635,0.0,False,unvoiced
praat_gate_swipe_t0.3,phone_M1.wav,3.645,0.0,False,unvoiced
praat_gate_swipe_t0.3,phone_M1.wav,3.655,0.0,False,unvoiced
praat_gate_swipe_t0.3,phone_M1.wav,3.665,0.0,False,unvoiced
praat_gate_swipe_t0.3,phone_M1.wav,3.675,0.0,False,unvoiced
praat_gate_swipe_t0.3,phone_M1.wav,3.685,0.0,False,unvoiced
praat_gate_swipe_t0.3,phone_M1.wav,3.695,0.0,False,unvoiced
praat_gate_swipe_t0.3,phone_M1.wav,3.705,0.0,False,unvoiced
praat_gate_swipe_t0.3,phone_M1.wav,3.715,0.0,False,unvoiced
praat_gate_swipe_t0.3,phone_M1.wav,3.725,0.0,False,unvoiced
praat_gate_swipe_t0.3,phone_M1.wav,3.735,0.0,False,unvoiced
praat_gate_swipe_t0.3,phone_M1.wav,3.745,0.0,False,unvoiced
praat_gate_swipe_t0.3,phone_M1.wav,3.755,0.0,False,unvoiced
praat_gate_swipe_t0.3,phone_M1.wav,3.765,0.0,False,unvoiced
praat_gate_swipe_t0.3,phone_M1.wav,3.775,0.0,False,unvoiced
praat_gate_swipe_t0.3,phone_M1.wav,3.785,0.0,False,unvoiced
praat_gate_swipe_t0.3,phone_M1.wav,3.795,0.0,False,unvoiced
praat_gate_swipe_t0.3,phone_M1.wav,3.805,0.0,False,unvoiced
praat_gate_swipe_t0.3,phone_M1.wav,3.815,0.0,False,unvoiced
praat_gate_swipe_t0.3,phone_M1.wav,3.825,0.0,False,unvoiced
praat_gate_swipe_t0.3,phone_M1.wav,3.835,0.0,False,unvoiced
praat_gate_swipe_t0.3,phone_M1.wav,3.845,0.0,False,unvoiced
praat_gate_swipe_t0.3,phone_M1.wav,3.855,0.0,False,unvoiced
praat_gate_swipe_t0.3,phone_M1.wav,3.865,0.0,False,unvoiced
praat_gate_swipe_t0.3,phone_M1.wav,3.875,0.0,False,unvoiced
praat_gate_swipe_t0.3,phone_M1.wav,3.885,0.0,False,unvoiced
praat_gate_swipe_t0.3,phone_M1.wav,3.895,0.0,False,unvoiced
praat_gate_swipe_t0.3,phone_M1.wav,3.905,0.0,False,unvoiced
praat_gate_swipe_t0.3,phone_M1.wav,3.915,0.0,False,unvoiced
praat_gate_swipe_t0.3,phone_M1.wav,3.925,0.0,False,unvoiced
praat_gate_swipe_t0.3,phone_M1.wav,3.935,0.0,False,unvoiced
praat_gate_swipe_t0.3,phone_M1.wav,3.945,0.0,False,unvoiced
praat_gate_swipe_t0.3,phone_M1.wav,3.955,0.0,False,unvoiced
praat_gate_swipe_t0.3,phone_M1.wav,3.965,0.0,False,unvoiced
praat_gate_swipe_t0.3,phone_M1.wav,3.975,0.0,False,unvoiced
praat_gate_swipe_t0.3,phone_M1.wav,3.985,0.0,False,unvoiced
praat_gate_swipe_t0.3,phone_M1.wav,3.995,0.0,False,unvoiced
praat_gate_swipe_t0.3,phone_M1.wav,4.005,0.0,False,unvoiced
praat_gate_swipe_t0.3,phone_M1.wav,4.015000000000001,0.0,False,unvoiced
praat_gate_swipe_t0.3,phone_M1.wav,4.025,0.0,False,unvoiced
praat_gate_swipe_t0.3,phone_M1.wav,4.035,0.0,False,unvoiced
praat_gate_swipe_t0.3,phone_M1.wav,4.045000000000001,0.0,False,unvoiced
praat_gate_swipe_t0.3,phone_M1.wav,4.055000000000001,0.0,False,unvoiced
praat_gate_swipe_t0.3,phone_M1.wav,4.065,0.0,False,unvoiced
praat_gate_swipe_t0.3,phone_M1.wav,4.075,0.0,False,unvoiced
praat_gate_swipe_t0.3,phone_M1.wav,4.085000000000001,0.0,False,unvoiced
praat_gate_swipe_t0.3,phone_M1.wav,4.095000000000001,0.0,False,unvoiced
praat_gate_swipe_t0.3,phone_M1.wav,4.105,0.0,False,unvoiced
praat_gate_swipe_t0.3,phone_M1.wav,4.115,0.0,False,unvoiced
praat_gate_swipe_t0.3,phone_M1.wav,4.125,0.0,False,unvoiced
praat_gate_swipe_t0.3,phone_M1.wav,4.135000000000001,0.0,False,unvoiced
praat7_filtered_v0.3,studio_F1.wav,0.021598639455782,0.0,False,praat_control
praat7_filtered_v0.3,studio_F1.wav,0.031598639455782,0.0,False,praat_control
praat7_filtered_v0.3,studio_F1.wav,0.041598639455782,0.0,False,praat_control
praat7_filtered_v0.3,studio_F1.wav,0.051598639455782,0.0,False,praat_control
praat7_filtered_v0.3,studio_F1.wav,0.061598639455782,0.0,False,praat_control
praat7_filtered_v0.3,studio_F1.wav,0.071598639455782,0.0,False,praat_control
praat7_filtered_v0.3,studio_F1.wav,0.081598639455782,0.0,False,praat_control
praat7_filtered_v0.3,studio_F1.wav,0.091598639455782,0.0,False,praat_control
praat7_filtered_v0.3,studio_F1.wav,0.101598639455782,0.0,False,praat_control
praat7_filtered_v0.3,studio_F1.wav,0.111598639455782,0.0,False,praat_control
praat7_filtered_v0.3,studio_F1.wav,0.121598639455782,0.0,False,praat_control
praat7_filtered_v0.3,studio_F1.wav,0.131598639455782,0.0,False,praat_control
praat7_filtered_v0.3,studio_F1.wav,0.141598639455782,0.0,False,praat_control
praat7_filtered_v0.3,studio_F1.wav,0.151598639455782,0.0,False,praat_control
praat7_filtered_v0.3,studio_F1.wav,0.161598639455782,0.0,False,praat_control
praat7_filtered_v0.3,studio_F1.wav,0.171598639455782,0.0,False,praat_control
praat7_filtered_v0.3,studio_F1.wav,0.181598639455782,0.0,False,praat_control
praat7_filtered_v0.3,studio_F1.wav,0.191598639455782,0.0,False,praat_control
praat7_filtered_v0.3,studio_F1.wav,0.201598639455782,0.0,False,praat_control
praat7_filtered_v0.3,studio_F1.wav,0.211598639455782,0.0,False,praat_control
praat7_filtered_v0.3,studio_F1.wav,0.221598639455782,0.0,False,praat_control
praat7_filtered_v0.3,studio_F1.wav,0.231598639455782,0.0,False,praat_control
praat7_filtered_v0.3,studio_F1.wav,0.241598639455782,0.0,False,praat_control
praat7_filtered_v0.3,studio_F1.wav,0.251598639455782,0.0,False,praat_control
praat7_filtered_v0.3,studio_F1.wav,0.261598639455782,0.0,False,praat_control
praat7_filtered_v0.3,studio_F1.wav,0.271598639455782,0.0,False,praat_control
praat7_filtered_v0.3,studio_F1.wav,0.281598639455782,0.0,False,praat_control
praat7_filtered_v0.3,studio_F1.wav,0.291598639455782,0.0,False,praat_control
praat7_filtered_v0.3,studio_F1.wav,0.301598639455782,0.0,False,praat_control
praat7_filtered_v0.3,studio_F1.wav,0.311598639455782,0.0,False,praat_control
praat7_filtered_v0.3,studio_F1.wav,0.321598639455782,0.0,False,praat_control
praat7_filtered_v0.3,studio_F1.wav,0.331598639455782,0.0,False,praat_control
praat7_filtered_v0.3,studio_F1.wav,0.341598639455782,0.0,False,praat_control
praat7_filtered_v0.3,studio_F1.wav,0.351598639455782,0.0,False,praat_control
praat7_filtered_v0.3,studio_F1.wav,0.361598639455782,0.0,False,praat_control
praat7_filtered_v0.3,studio_F1.wav,0.371598639455782,0.0,False,praat_control
praat7_filtered_v0.3,studio_F1.wav,0.381598639455782,0.0,False,praat_control
praat7_filtered_v0.3,studio_F1.wav,0.391598639455782,0.0,False,praat_control
praat7_filtered_v0.3,studio_F1.wav,0.401598639455782,0.0,False,praat_control
praat7_filtered_v0.3,studio_F1.wav,0.411598639455782,0.0,False,praat_control
praat7_filtered_v0.3,studio_F1.wav,0.421598639455782,0.0,False,praat_control
praat7_filtered_v0.3,studio_F1.wav,0.431598639455782,0.0,False,praat_control
praat7_filtered_v0.3,studio_F1.wav,0.441598639455782,0.0,False,praat_control
praat7_filtered_v0.3,studio_F1.wav,0.451598639455782,0.0,False,praat_control
praat7_filtered_v0.3,studio_F1.wav,0.461598639455782,0.0,False,praat_control
praat7_filtered_v0.3,studio_F1.wav,0.471598639455782,0.0,False,praat_control
praat7_filtered_v0.3,studio_F1.wav,0.481598639455782,0.0,False,praat_control
praat7_filtered_v0.3,studio_F1.wav,0.491598639455782,0.0,False,praat_control
praat7_filtered_v0.3,studio_F1.wav,0.501598639455782,0.0,False,praat_control
praat7_filtered_v0.3,studio_F1.wav,0.511598639455782,0.0,False,praat_control
praat7_filtered_v0.3,studio_F1.wav,0.521598639455782,0.0,False,praat_control
praat7_filtered_v0.3,studio_F1.wav,0.531598639455782,0.0,False,praat_control
praat7_filtered_v0.3,studio_F1.wav,0.541598639455782,0.0,False,praat_control
praat7_filtered_v0.3,studio_F1.wav,0.551598639455782,0.0,False,praat_control
praat7_filtered_v0.3,studio_F1.wav,0.561598639455782,0.0,False,praat_control
praat7_filtered_v0.3,studio_F1.wav,0.571598639455782,0.0,False,praat_control
praat7_filtered_v0.3,studio_F1.wav,0.581598639455782,0.0,False,praat_control
praat7_filtered_v0.3,studio_F1.wav,0.591598639455782,0.0,False,praat_control
praat7_filtered_v0.3,studio_F1.wav,0.601598639455782,0.0,False,praat_control
praat7_filtered_v0.3,studio_F1.wav,0.611598639455782,0.0,False,praat_control
praat7_filtered_v0.3,studio_F1.wav,0.621598639455782,0.0,False,praat_control
praat7_filtered_v0.3,studio_F1.wav,0.631598639455782,0.0,False,praat_control
praat7_filtered_v0.3,studio_F1.wav,0.641598639455782,0.0,False,praat_control
praat7_filtered_v0.3,studio_F1.wav,0.651598639455782,0.0,False,praat_control
praat7_filtered_v0.3,studio_F1.wav,0.661598639455782,0.0,False,praat_control
praat7_filtered_v0.3,studio_F1.wav,0.671598639455782,0.0,False,praat_control
praat7_filtered_v0.3,studio_F1.wav,0.681598639455782,0.0,False,praat_control
praat7_filtered_v0.3,studio_F1.wav,0.691598639455782,273.75356450735774,True,praat_control
praat7_filtered_v0.3,studio_F1.wav,0.701598639455782,271.5012405522591,True,praat_control
praat7_filtered_v0.3,studio_F1.wav,0.711598639455782,268.56593577936246,True,praat_control
praat7_filtered_v0.3,studio_F1.wav,0.721598639455782,264.88379645951085,True,praat_control
praat7_filtered_v0.3,studio_F1.wav,0.731598639455782,260.91183475666446,True,praat_control
praat7_filtered_v0.3,studio_F1.wav,0.741598639455782,258.4636179134388,True,praat_control
praat7_filtered_v0.3,studio_F1.wav,0.751598639455782,256.3276159040268,True,praat_control
praat7_filtered_v0.3,studio_F1.wav,0.761598639455782,253.64706829842763,True,praat_control
praat7_filtered_v0.3,studio_F1.wav,0.771598639455782,247.10040868155568,True,praat_control
praat7_filtered_v0.3,studio_F1.wav,0.781598639455782,238.28201791544933,True,praat_control
praat7_filtered_v0.3,studio_F1.wav,0.791598639455782,239.65151182460232,True,praat_control
praat7_filtered_v0.3,studio_F1.wav,0.801598639455782,245.18192742051573,True,praat_control
praat7_filtered_v0.3,studio_F1.wav,0.811598639455782,247.60027380842257,True,praat_control
praat7_filtered_v0.3,studio_F1.wav,0.821598639455782,247.22992277252376,True,praat_control
praat7_filtered_v0.3,studio_F1.wav,0.831598639455782,246.29892294996597,True,praat_control
praat7_filtered_v0.3,studio_F1.wav,0.841598639455782,245.6773936754288,True,praat_control
praat7_filtered_v0.3,studio_F1.wav,0.851598639455782,245.1995620579795,True,praat_control
praat7_filtered_v0.3,studio_F1.wav,0.861598639455782,244.04960614303312,True,praat_control
praat7_filtered_v0.3,studio_F1.wav,0.871598639455782,242.5696359961707,True,praat_control
praat7_filtered_v0.3,studio_F1.wav,0.881598639455782,241.02904628251397,True,praat_control
praat7_filtered_v0.3,studio_F1.wav,0.891598639455782,238.7376732791404,True,praat_control
praat7_filtered_v0.3,studio_F1.wav,0.901598639455782,232.5303690951584,True,praat_control
praat7_filtered_v0.3,studio_F1.wav,0.911598639455782,223.61394207825293,True,praat_control
praat7_filtered_v0.3,studio_F1.wav,0.921598639455782,223.43950057390373,True,praat_control
praat7_filtered_v0.3,studio_F1.wav,0.931598639455782,225.50285419301343,True,praat_control
praat7_filtered_v0.3,studio_F1.wav,0.941598639455782,230.19690359909788,True,praat_control
praat7_filtered_v0.3,studio_F1.wav,0.951598639455782,239.16883871801264,True,praat_control
praat7_filtered_v0.3,studio_F1.wav,0.961598639455782,251.3466159068859,True,praat_control
praat7_filtered_v0.3,studio_F1.wav,0.971598639455782,253.36411813086232,True,praat_control
praat7_filtered_v0.3,studio_F1.wav,0.981598639455782,249.2870763131172,True,praat_control
praat7_filtered_v0.3,studio_F1.wav,0.991598639455782,242.46293063219588,True,praat_control
praat7_filtered_v0.3,studio_F1.wav,1.001598639455782,243.96108341402393,True,praat_control
praat7_filtered_v0.3,studio_F1.wav,1.011598639455782,272.29342361748746,True,praat_control
praat7_filtered_v0.3,studio_F1.wav,1.021598639455782,276.1749867864865,True,praat_control
praat7_filtered_v0.3,studio_F1.wav,1.031598639455782,282.5040701561445,True,praat_control
praat7_filtered_v0.3,studio_F1.wav,1.041598639455782,288.83720388785633,True,praat_control
praat7_filtered_v0.3,studio_F1.wav,1.051598639455782,293.0825248937574,True,praat_control
praat7_filtered_v0.3,studio_F1.wav,1.061598639455782,293.5139586376508,True,praat_control
praat7_filtered_v0.3,studio_F1.wav,1.071598639455782,287.2428940507339,True,praat_control
praat7_filtered_v0.3,studio_F1.wav,1.081598639455782,278.15025347463734,True,praat_control
praat7_filtered_v0.3,studio_F1.wav,1.091598639455782,0.0,False,praat_control
praat7_filtered_v0.3,studio_F1.wav,1.101598639455782,0.0,False,praat_control
praat7_filtered_v0.3,studio_F1.wav,1.111598639455782,0.0,False,praat_control
praat7_filtered_v0.3,studio_F1.wav,1.121598639455782,298.71367714869126,True,praat_control
praat7_filtered_v0.3,studio_F1.wav,1.131598639455782,286.62743147244186,True,praat_control
praat7_filtered_v0.3,studio_F1.wav,1.141598639455782,269.99086640434075,True,praat_control
praat7_filtered_v0.3,studio_F1.wav,1.151598639455782,253.14345027998672,True,praat_control
praat7_filtered_v0.3,studio_F1.wav,1.161598639455782,246.0955616257472,True,praat_control
praat7_filtered_v0.3,studio_F1.wav,1.171598639455782,243.4496444924748,True,praat_control
praat7_filtered_v0.3,studio_F1.wav,1.181598639455782,243.06053505324607,True,praat_control
praat7_filtered_v0.3,studio_F1.wav,1.191598639455782,240.5534117585532,True,praat_control
praat7_filtered_v0.3,studio_F1.wav,1.201598639455782,228.8569988874069,True,praat_control
praat7_filtered_v0.3,studio_F1.wav,1.211598639455782,0.0,False,praat_control
praat7_filtered_v0.3,studio_F1.wav,1.221598639455782,0.0,False,praat_control
praat7_filtered_v0.3,studio_F1.wav,1.231598639455782,0.0,False,praat_control
praat7_filtered_v0.3,studio_F1.wav,1.241598639455782,0.0,False,praat_control
praat7_filtered_v0.3,studio_F1.wav,1.251598639455782,0.0,False,praat_control
praat7_filtered_v0.3,studio_F1.wav,1.261598639455782,307.4011687131925,True,praat_control
praat7_filtered_v0.3,studio_F1.wav,1.271598639455782,313.8065718581404,True,praat_control
praat7_filtered_v0.3,studio_F1.wav,1.281598639455782,315.08966394837574,True,praat_control
praat7_filtered_v0.3,studio_F1.wav,1.291598639455782,317.8404502327399,True,praat_control
praat7_filtered_v0.3,studio_F1.wav,1.301598639455782,316.871299329206,True,praat_control
praat7_filtered_v0.3,studio_F1.wav,1.311598639455782,308.73066638184537,True,praat_control
praat7_filtered_v0.3,studio_F1.wav,1.321598639455782,295.05441322061773,True,praat_control
praat7_filtered_v0.3,studio_F1.wav,1.331598639455782,279.7901598785315,True,praat_control
praat7_filtered_v0.3,studio_F1.wav,1.341598639455782,263.6179225036123,True,praat_control
praat7_filtered_v0.3,studio_F1.wav,1.351598639455782,244.12313190233763,True,praat_control
praat7_filtered_v0.3,studio_F1.wav,1.361598639455782,230.5370772939769,True,praat_control
praat7_filtered_v0.3,studio_F1.wav,1.371598639455782,218.83581193977295,True,praat_control
praat7_filtered_v0.3,studio_F1.wav,1.381598639455782,210.19092240901,True,praat_control
praat7_filtered_v0.3,studio_F1.wav,1.391598639455782,203.73360459878472,True,praat_control
praat7_filtered_v0.3,studio_F1.wav,1.401598639455782,199.3844737380857,True,praat_control
praat7_filtered_v0.3,studio_F1.wav,1.411598639455782,194.4430333354802,True,praat_control
praat7_filtered_v0.3,studio_F1.wav,1.421598639455782,191.36506131902303,True,praat_control
praat7_filtered_v0.3,studio_F1.wav,1.431598639455782,200.13091801329855,True,praat_control
praat7_filtered_v0.3,studio_F1.wav,1.441598639455782,202.0640747831672,True,praat_control
praat7_filtered_v0.3,studio_F1.wav,1.451598639455782,203.4294720104164,True,praat_control
praat7_filtered_v0.3,studio_F1.wav,1.461598639455782,206.54013819016268,True,praat_control
praat7_filtered_v0.3,studio_F1.wav,1.471598639455782,210.92607971063643,True,praat_control
praat7_filtered_v0.3,studio_F1.wav,1.481598639455782,214.6788591524029,True,praat_control
praat7_filtered_v0.3,studio_F1.wav,1.491598639455782,218.56372618184585,True,praat_control
praat7_filtered_v0.3,studio_F1.wav,1.501598639455782,218.1505801093796,True,praat_control
praat7_filtered_v0.3,studio_F1.wav,1.511598639455782,215.71195558809316,True,praat_control
praat7_filtered_v0.3,studio_F1.wav,1.521598639455782,213.17846232638092,True,praat_control
praat7_filtered_v0.3,studio_F1.wav,1.531598639455782,210.03726280049955,True,praat_control
praat7_filtered_v0.3,studio_F1.wav,1.541598639455782,206.42493771158416,True,praat_control
praat7_filtered_v0.3,studio_F1.wav,1.551598639455782,198.97126733794192,True,praat_control
praat7_filtered_v0.3,studio_F1.wav,1.561598639455782,196.82422064173647,True,praat_control
praat7_filtered_v0.3,studio_F1.wav,1.571598639455782,200.0999380662913,True,praat_control
praat7_filtered_v0.3,studio_F1.wav,1.581598639455782,199.30708888311528,True,praat_control
praat7_filtered_v0.3,studio_F1.wav,1.591598639455782,197.2368651372678,True,praat_control
praat7_filtered_v0.3,studio_F1.wav,1.601598639455782,196.9659210489488,True,praat_control
praat7_filtered_v0.3,studio_F1.wav,1.611598639455782,197.49520089765096,True,praat_control
praat7_filtered_v0.3,studio_F1.wav,1.621598639455782,195.32821749406688,True,praat_control
praat7_filtered_v0.3,studio_F1.wav,1.631598639455782,187.87057387625828,True,praat_control
praat7_filtered_v0.3,studio_F1.wav,1.641598639455782,178.862734226114,True,praat_control
praat7_filtered_v0.3,studio_F1.wav,1.651598639455782,0.0,False,praat_control
praat7_filtered_v0.3,studio_F1.wav,1.661598639455782,0.0,False,praat_control
praat7_filtered_v0.3,studio_F1.wav,1.671598639455782,0.0,False,praat_control
praat7_filtered_v0.3,studio_F1.wav,1.681598639455782,0.0,False,praat_control
praat7_filtered_v0.3,studio_F1.wav,1.691598639455782,0.0,False,praat_control
praat7_filtered_v0.3,studio_F1.wav,1.701598639455782,250.06335569213263,True,praat_control
praat7_filtered_v0.3,studio_F1.wav,1.711598639455782,241.60418065142304,True,praat_control
praat7_filtered_v0.3,studio_F1.wav,1.721598639455782,232.76963153945897,True,praat_control
praat7_filtered_v0.3,studio_F1.wav,1.731598639455782,227.30844339064336,True,praat_control
praat7_filtered_v0.3,studio_F1.wav,1.741598639455782,221.8669009880739,True,praat_control
praat7_filtered_v0.3,studio_F1.wav,1.751598639455782,210.8010297115502,True,praat_control
praat7_filtered_v0.3,studio_F1.wav,1.761598639455782,0.0,False,praat_control
praat7_filtered_v0.3,studio_F1.wav,1.771598639455782,0.0,False,praat_control
praat7_filtered_v0.3,studio_F1.wav,1.781598639455782,0.0,False,praat_control
praat7_filtered_v0.3,studio_F1.wav,1.791598639455782,0.0,False,praat_control
praat7_filtered_v0.3,studio_F1.wav,1.801598639455782,174.74005887608055,True,praat_control
praat7_filtered_v0.3,studio_F1.wav,1.811598639455782,185.677711831884,True,praat_control
praat7_filtered_v0.3,studio_F1.wav,1.821598639455782,197.91632095713015,True,praat_control
praat7_filtered_v0.3,studio_F1.wav,1.831598639455782,196.28347166924337,True,praat_control
praat7_filtered_v0.3,studio_F1.wav,1.841598639455782,198.92016746384328,True,praat_control
praat7_filtered_v0.3,studio_F1.wav,1.851598639455782,0.0,False,praat_control
praat7_filtered_v0.3,studio_F1.wav,1.861598639455782,0.0,False,praat_control
praat7_filtered_v0.3,studio_F1.wav,1.871598639455782,0.0,False,praat_control
praat7_filtered_v0.3,studio_F1.wav,1.881598639455782,0.0,False,praat_control
praat7_filtered_v0.3,studio_F1.wav,1.891598639455782,0.0,False,praat_control
praat7_filtered_v0.3,studio_F1.wav,1.901598639455782,0.0,False,praat_control
praat7_filtered_v0.3,studio_F1.wav,1.911598639455782,243.06398568956664,True,praat_control
praat7_filtered_v0.3,studio_F1.wav,1.921598639455782,227.47991792301707,True,praat_control
praat7_filtered_v0.3,studio_F1.wav,1.931598639455782,217.876169821719,True,praat_control
praat7_filtered_v0.3,studio_F1.wav,1.941598639455782,212.44005985714583,True,praat_control
praat7_filtered_v0.3,studio_F1.wav,1.951598639455782,209.48198254631373,True,praat_control
praat7_filtered_v0.3,studio_F1.wav,1.961598639455782,207.45165698280144,True,praat_control
praat7_filtered_v0.3,studio_F1.wav,1.971598639455782,205.55608308898667,True,praat_control
praat7_filtered_v0.3,studio_F1.wav,1.981598639455782,203.09644126100025,True,praat_control
praat7_filtered_v0.3,studio_F1.wav,1.991598639455782,201.22263977880553,True,praat_control
praat7_filtered_v0.3,studio_F1.wav,2.001598639455782,199.99645222375335,True,praat_control
praat7_filtered_v0.3,studio_F1.wav,2.011598639455782,198.69654090417436,True,praat_control
praat7_filtered_v0.3,studio_F1.wav,2.021598639455782,196.80762476564695,True,praat_control
praat7_filtered_v0.3,studio_F1.wav,2.031598639455782,195.2973099131036,True,praat_control
praat7_filtered_v0.3,studio_F1.wav,2.041598639455782,193.4242366915712,True,praat_control
praat7_filtered_v0.3,studio_F1.wav,2.051598639455782,190.9104718179155,True,praat_control
praat7_filtered_v0.3,studio_F1.wav,2.061598639455782,189.78363805075676,True,praat_control
praat7_filtered_v0.3,studio_F1.wav,2.071598639455782,189.71232347270643,True,praat_control
praat7_filtered_v0.3,studio_F1.wav,2.081598639455782,188.0985726694689,True,praat_control
praat7_filtered_v0.3,studio_F1.wav,2.091598639455782,186.17851703968583,True,praat_control
praat7_filtered_v0.3,studio_F1.wav,2.101598639455782,184.6329190114916,True,praat_control
praat7_filtered_v0.3,studio_F1.wav,2.111598639455782,182.16647281890891,True,praat_control
praat7_filtered_v0.3,studio_F1.wav,2.121598639455782,178.68887170774124,True,praat_control
praat7_filtered_v0.3,studio_F1.wav,2.131598639455782,172.3196801639259,True,praat_control
praat7_filtered_v0.3,studio_F1.wav,2.141598639455782,164.25478295181935,True,praat_control
praat7_filtered_v0.3,studio_F1.wav,2.151598639455782,0.0,False,praat_control
praat7_filtered_v0.3,studio_F1.wav,2.161598639455782,0.0,False,praat_control
praat7_filtered_v0.3,studio_F1.wav,2.171598639455782,0.0,False,praat_control
praat7_filtered_v0.3,studio_F1.wav,2.181598639455782,0.0,False,praat_control
praat7_filtered_v0.3,studio_F1.wav,2.191598639455782,0.0,False,praat_control
praat7_filtered_v0.3,studio_F1.wav,2.201598639455782,0.0,False,praat_control
praat7_filtered_v0.3,studio_F1.wav,2.211598639455782,0.0,False,praat_control
praat7_filtered_v0.3,studio_F1.wav,2.221598639455782,0.0,False,praat_control
praat7_filtered_v0.3,studio_F1.wav,2.231598639455782,0.0,False,praat_control
praat7_filtered_v0.3,studio_F1.wav,2.241598639455782,0.0,False,praat_control
praat7_filtered_v0.3,studio_F1.wav,2.251598639455782,0.0,False,praat_control
praat7_filtered_v0.3,studio_F1.wav,2.261598639455782,0.0,False,praat_control
praat7_filtered_v0.3,studio_F1.wav,2.271598639455782,0.0,False,praat_control
praat7_filtered_v0.3,studio_F1.wav,2.281598639455782,0.0,False,praat_control
praat7_filtered_v0.3,studio_F1.wav,2.291598639455782,0.0,False,praat_control
praat7_filtered_v0.3,studio_F1.wav,2.301598639455782,0.0,False,praat_control
praat7_filtered_v0.3,studio_F1.wav,2.311598639455782,0.0,False,praat_control
praat7_filtered_v0.3,studio_F1.wav,2.321598639455782,0.0,False,praat_control
praat7_filtered_v0.3,studio_F1.wav,2.331598639455782,0.0,False,praat_control
praat7_filtered_v0.3,studio_F1.wav,2.341598639455782,0.0,False,praat_control
praat7_filtered_v0.3,studio_F1.wav,2.351598639455782,0.0,False,praat_control
praat7_filtered_v0.3,studio_F1.wav,2.361598639455782,0.0,False,praat_control
praat7_filtered_v0.3,studio_F1.wav,2.371598639455782,0.0,False,praat_control
praat7_filtered_v0.3,studio_F1.wav,2.381598639455782,0.0,False,praat_control
praat7_filtered_v0.3,studio_F1.wav,2.391598639455782,0.0,False,praat_control
praat7_filtered_v0.3,studio_F1.wav,2.401598639455782,0.0,False,praat_control
praat7_filtered_v0.3,studio_F1.wav,2.411598639455782,0.0,False,praat_control
praat7_filtered_v0.3,studio_F1.wav,2.421598639455782,0.0,False,praat_control
praat7_filtered_v0.3,studio_F1.wav,2.431598639455782,0.0,False,praat_control
praat7_filtered_v0.3,studio_F1.wav,2.441598639455782,0.0,False,praat_control
praat7_filtered_v0.3,studio_F1.wav,2.451598639455782,0.0,False,praat_control
praat7_filtered_v0.3,studio_F1.wav,2.461598639455782,0.0,False,praat_control
praat7_filtered_v0.3,studio_F1.wav,2.471598639455782,0.0,False,praat_control
praat7_filtered_v0.3,studio_F1.wav,2.481598639455782,0.0,False,praat_control
praat7_filtered_v0.3,studio_F1.wav,2.491598639455782,0.0,False,praat_control
praat7_filtered_v0.3,studio_F1.wav,2.501598639455782,0.0,False,praat_control
praat7_filtered_v0.3,studio_F1.wav,2.511598639455782,0.0,False,praat_control
praat7_filtered_v0.3,studio_F1.wav,2.521598639455782,0.0,False,praat_control
praat7_filtered_v0.3,studio_F1.wav,2.531598639455782,0.0,False,praat_control
praat7_filtered_v0.3,studio_F1.wav,2.541598639455782,0.0,False,praat_control
praat7_filtered_v0.3,studio_F1.wav,2.551598639455782,0.0,False,praat_control
praat7_filtered_v0.3,studio_F1.wav,2.561598639455782,0.0,False,praat_control
praat7_filtered_v0.3,studio_F1.wav,2.571598639455782,0.0,False,praat_control
praat7_filtered_v0.3,studio_F1.wav,2.581598639455782,0.0,False,praat_control
praat7_filtered_v0.3,studio_F1.wav,2.591598639455782,0.0,False,praat_control
praat7_filtered_v0.3,studio_F1.wav,2.601598639455782,0.0,False,praat_control
praat7_filtered_v0.3,studio_F1.wav,2.611598639455782,0.0,False,praat_control
praat7_filtered_v0.3,studio_F1.wav,2.621598639455782,0.0,False,praat_control
praat7_filtered_v0.3,studio_F1.wav,2.631598639455782,0.0,False,praat_control
praat7_filtered_v0.3,studio_F1.wav,2.641598639455782,0.0,False,praat_control
praat7_filtered_v0.3,studio_F1.wav,2.651598639455782,0.0,False,praat_control
praat7_filtered_v0.3,studio_F1.wav,2.661598639455782,0.0,False,praat_control
praat7_filtered_v0.3,studio_F1.wav,2.671598639455782,0.0,False,praat_control
praat7_filtered_v0.3,studio_F1.wav,2.681598639455782,0.0,False,praat_control
praat7_filtered_v0.3,studio_F1.wav,2.691598639455782,0.0,False,praat_control
praat7_filtered_v0.3,studio_F1.wav,2.701598639455782,0.0,False,praat_control
praat7_filtered_v0.3,studio_F1.wav,2.711598639455782,0.0,False,praat_control
praat7_filtered_v0.3,studio_F1.wav,2.721598639455782,0.0,False,praat_control
praat7_filtered_v0.3,studio_F1.wav,2.731598639455782,0.0,False,praat_control
praat7_filtered_v0.3,studio_F1.wav,2.741598639455782,0.0,False,praat_control
praat7_filtered_v0.3,studio_F1.wav,2.751598639455782,0.0,False,praat_control
praat7_filtered_v0.3,studio_F1.wav,2.761598639455782,0.0,False,praat_control
praat7_filtered_v0.3,studio_F1.wav,2.771598639455782,0.0,False,praat_control
praat7_filtered_v0.3,studio_F1.wav,2.781598639455782,0.0,False,praat_control
praat7_filtered_v0.3,studio_F1.wav,2.791598639455782,0.0,False,praat_control
praat7_filtered_v0.3,studio_F1.wav,2.801598639455782,0.0,False,praat_control
praat7_filtered_v0.3,studio_F1.wav,2.811598639455782,0.0,False,praat_control
praat7_filtered_v0.3,studio_F1.wav,2.821598639455782,0.0,False,praat_control
praat7_filtered_v0.3,studio_F1.wav,2.831598639455782,0.0,False,praat_control
praat7_filtered_v0.3,studio_F1.wav,2.841598639455782,0.0,False,praat_control
praat_gate_swipe_t0.2,studio_F1.wav,0.021598639455782,0.0,False,unvoiced
praat_gate_swipe_t0.2,studio_F1.wav,0.031598639455782,0.0,False,unvoiced
praat_gate_swipe_t0.2,studio_F1.wav,0.041598639455782,0.0,False,unvoiced
praat_gate_swipe_t0.2,studio_F1.wav,0.051598639455782,0.0,False,unvoiced
praat_gate_swipe_t0.2,studio_F1.wav,0.061598639455782,0.0,False,unvoiced
praat_gate_swipe_t0.2,studio_F1.wav,0.071598639455782,0.0,False,unvoiced
praat_gate_swipe_t0.2,studio_F1.wav,0.081598639455782,0.0,False,unvoiced
praat_gate_swipe_t0.2,studio_F1.wav,0.091598639455782,0.0,False,unvoiced
praat_gate_swipe_t0.2,studio_F1.wav,0.101598639455782,0.0,False,unvoiced
praat_gate_swipe_t0.2,studio_F1.wav,0.111598639455782,0.0,False,unvoiced
praat_gate_swipe_t0.2,studio_F1.wav,0.121598639455782,0.0,False,unvoiced
praat_gate_swipe_t0.2,studio_F1.wav,0.131598639455782,0.0,False,unvoiced
praat_gate_swipe_t0.2,studio_F1.wav,0.141598639455782,0.0,False,unvoiced
praat_gate_swipe_t0.2,studio_F1.wav,0.151598639455782,0.0,False,unvoiced
praat_gate_swipe_t0.2,studio_F1.wav,0.161598639455782,0.0,False,unvoiced
praat_gate_swipe_t0.2,studio_F1.wav,0.171598639455782,0.0,False,unvoiced
praat_gate_swipe_t0.2,studio_F1.wav,0.181598639455782,0.0,False,unvoiced
praat_gate_swipe_t0.2,studio_F1.wav,0.191598639455782,0.0,False,unvoiced
praat_gate_swipe_t0.2,studio_F1.wav,0.201598639455782,0.0,False,unvoiced
praat_gate_swipe_t0.2,studio_F1.wav,0.211598639455782,0.0,False,unvoiced
praat_gate_swipe_t0.2,studio_F1.wav,0.221598639455782,0.0,False,unvoiced
praat_gate_swipe_t0.2,studio_F1.wav,0.231598639455782,0.0,False,unvoiced
praat_gate_swipe_t0.2,studio_F1.wav,0.241598639455782,0.0,False,unvoiced
praat_gate_swipe_t0.2,studio_F1.wav,0.251598639455782,0.0,False,unvoiced
praat_gate_swipe_t0.2,studio_F1.wav,0.261598639455782,0.0,False,unvoiced
praat_gate_swipe_t0.2,studio_F1.wav,0.271598639455782,0.0,False,unvoiced
praat_gate_swipe_t0.2,studio_F1.wav,0.281598639455782,0.0,False,unvoiced
praat_gate_swipe_t0.2,studio_F1.wav,0.291598639455782,0.0,False,unvoiced
praat_gate_swipe_t0.2,studio_F1.wav,0.301598639455782,0.0,False,unvoiced
praat_gate_swipe_t0.2,studio_F1.wav,0.311598639455782,0.0,False,unvoiced
praat_gate_swipe_t0.2,studio_F1.wav,0.321598639455782,0.0,False,unvoiced
praat_gate_swipe_t0.2,studio_F1.wav,0.331598639455782,0.0,False,unvoiced
praat_gate_swipe_t0.2,studio_F1.wav,0.341598639455782,0.0,False,unvoiced
praat_gate_swipe_t0.2,studio_F1.wav,0.351598639455782,0.0,False,unvoiced
praat_gate_swipe_t0.2,studio_F1.wav,0.361598639455782,0.0,False,unvoiced
praat_gate_swipe_t0.2,studio_F1.wav,0.371598639455782,0.0,False,unvoiced
praat_gate_swipe_t0.2,studio_F1.wav,0.381598639455782,0.0,False,unvoiced
praat_gate_swipe_t0.2,studio_F1.wav,0.391598639455782,0.0,False,unvoiced
praat_gate_swipe_t0.2,studio_F1.wav,0.401598639455782,0.0,False,unvoiced
praat_gate_swipe_t0.2,studio_F1.wav,0.411598639455782,0.0,False,unvoiced
praat_gate_swipe_t0.2,studio_F1.wav,0.421598639455782,0.0,False,unvoiced
praat_gate_swipe_t0.2,studio_F1.wav,0.431598639455782,0.0,False,unvoiced
praat_gate_swipe_t0.2,studio_F1.wav,0.441598639455782,0.0,False,unvoiced
praat_gate_swipe_t0.2,studio_F1.wav,0.451598639455782,0.0,False,unvoiced
praat_gate_swipe_t0.2,studio_F1.wav,0.461598639455782,0.0,False,unvoiced
praat_gate_swipe_t0.2,studio_F1.wav,0.471598639455782,0.0,False,unvoiced
praat_gate_swipe_t0.2,studio_F1.wav,0.481598639455782,0.0,False,unvoiced
praat_gate_swipe_t0.2,studio_F1.wav,0.491598639455782,0.0,False,unvoiced
praat_gate_swipe_t0.2,studio_F1.wav,0.501598639455782,0.0,False,unvoiced
praat_gate_swipe_t0.2,studio_F1.wav,0.511598639455782,0.0,False,unvoiced
praat_gate_swipe_t0.2,studio_F1.wav,0.521598639455782,0.0,False,unvoiced
praat_gate_swipe_t0.2,studio_F1.wav,0.531598639455782,0.0,False,unvoiced
praat_gate_swipe_t0.2,studio_F1.wav,0.541598639455782,0.0,False,unvoiced
praat_gate_swipe_t0.2,studio_F1.wav,0.551598639455782,0.0,False,unvoiced
praat_gate_swipe_t0.2,studio_F1.wav,0.561598639455782,0.0,False,unvoiced
praat_gate_swipe_t0.2,studio_F1.wav,0.571598639455782,0.0,False,unvoiced
praat_gate_swipe_t0.2,studio_F1.wav,0.581598639455782,0.0,False,unvoiced
praat_gate_swipe_t0.2,studio_F1.wav,0.591598639455782,0.0,False,unvoiced
praat_gate_swipe_t0.2,studio_F1.wav,0.601598639455782,0.0,False,unvoiced
praat_gate_swipe_t0.2,studio_F1.wav,0.611598639455782,0.0,False,unvoiced
praat_gate_swipe_t0.2,studio_F1.wav,0.621598639455782,0.0,False,unvoiced
praat_gate_swipe_t0.2,studio_F1.wav,0.631598639455782,0.0,False,unvoiced
praat_gate_swipe_t0.2,studio_F1.wav,0.641598639455782,0.0,False,unvoiced
praat_gate_swipe_t0.2,studio_F1.wav,0.651598639455782,0.0,False,unvoiced
praat_gate_swipe_t0.2,studio_F1.wav,0.661598639455782,0.0,False,unvoiced
praat_gate_swipe_t0.2,studio_F1.wav,0.671598639455782,0.0,False,unvoiced
praat_gate_swipe_t0.2,studio_F1.wav,0.681598639455782,0.0,False,unvoiced
praat_gate_swipe_t0.2,studio_F1.wav,0.691598639455782,264.764725851219,True,swipe
praat_gate_swipe_t0.2,studio_F1.wav,0.701598639455782,267.16435324494813,True,swipe
praat_gate_swipe_t0.2,studio_F1.wav,0.711598639455782,268.37337064224226,True,swipe
praat_gate_swipe_t0.2,studio_F1.wav,0.721598639455782,265.9618332470225,True,swipe
praat_gate_swipe_t0.2,studio_F1.wav,0.731598639455782,262.14877916062215,True,swipe
praat_gate_swipe_t0.2,studio_F1.wav,0.741598639455782,258.1571627389962,True,swipe
praat_gate_swipe_t0.2,studio_F1.wav,0.751598639455782,256.99518455204566,True,swipe
praat_gate_swipe_t0.2,studio_F1.wav,0.761598639455782,256.5314536155773,True,swipe
praat_gate_swipe_t0.2,studio_F1.wav,0.771598639455782,254.45600301883013,True,swipe
praat_gate_swipe_t0.2,studio_F1.wav,0.781598639455782,243.44792890708422,True,swipe
praat_gate_swipe_t0.2,studio_F1.wav,0.791598639455782,240.17444056346199,True,swipe
praat_gate_swipe_t0.2,studio_F1.wav,0.801598639455782,245.87726237945935,True,swipe
praat_gate_swipe_t0.2,studio_F1.wav,0.811598639455782,247.4354530147902,True,swipe
praat_gate_swipe_t0.2,studio_F1.wav,0.821598639455782,247.21211170382054,True,swipe
praat_gate_swipe_t0.2,studio_F1.wav,0.831598639455782,246.54427068273912,True,swipe
praat_gate_swipe_t0.2,studio_F1.wav,0.841598639455782,245.87726237945935,True,swipe
praat_gate_swipe_t0.2,studio_F1.wav,0.851598639455782,245.43359300355934,True,swipe
praat_gate_swipe_t0.2,studio_F1.wav,0.861598639455782,244.5496207226611,True,swipe
praat_gate_swipe_t0.2,studio_F1.wav,0.871598639455782,243.44792890708422,True,swipe
praat_gate_swipe_t0.2,studio_F1.wav,0.881598639455782,241.26131863495507,True,swipe
praat_gate_swipe_t0.2,studio_F1.wav,0.891598639455782,239.30941004567478,True,swipe
praat_gate_swipe_t0.2,studio_F1.wav,0.901598639455782,234.8158392495032,True,swipe
praat_gate_swipe_t0.2,studio_F1.wav,0.911598639455782,229.99180033988003,True,swipe
praat_gate_swipe_t0.2,studio_F1.wav,0.921598639455782,226.69444310851375,True,swipe
praat_gate_swipe_t0.2,studio_F1.wav,0.931598639455782,225.87796317400588,True,swipe
praat_gate_swipe_t0.2,studio_F1.wav,0.941598639455782,232.706761022933,True,swipe
praat_gate_swipe_t0.2,studio_F1.wav,0.951598639455782,240.3914237607947,True,swipe
praat_gate_swipe_t0.2,studio_F1.wav,0.961598639455782,248.10668832988,True,swipe
praat_gate_swipe_t0.2,studio_F1.wav,0.971598639455782,251.94290469105073,True,swipe
praat_gate_swipe_t0.2,studio_F1.wav,0.981598639455782,251.48829026186377,True,swipe
praat_gate_swipe_t0.2,studio_F1.wav,0.991598639455782,248.5551898500704,True,swipe
praat_gate_swipe_t0.2,studio_F1.wav,1.001598639455782,243.8880088055224,True,swipe
praat_gate_swipe_t0.2,studio_F1.wav,1.011598639455782,262.38561485448554,True,swipe
praat_gate_swipe_t0.2,studio_F1.wav,1.021598639455782,276.23733618736236,True,swipe
praat_gate_swipe_t0.2,studio_F1.wav,1.031598639455782,283.0519430290209,True,swipe
praat_gate_swipe_t0.2,studio_F1.wav,1.041598639455782,288.7280609301567,True,swipe
praat_gate_swipe_t0.2,studio_F1.wav,1.051598639455782,291.34487388406853,True,swipe
praat_gate_swipe_t0.2,studio_F1.wav,1.061598639455782,292.9277208183823,True,swipe
praat_gate_swipe_t0.2,studio_F1.wav,1.071598639455782,290.8203101995833,True,swipe
praat_gate_swipe_t0.2,studio_F1.wav,1.081598639455782,285.35950674602503,True,swipe
praat_gate_swipe_t0.2,studio_F1.wav,1.091598639455782,0.0,False,unvoiced
praat_gate_swipe_t0.2,studio_F1.wav,1.101598639455782,0.0,False,unvoiced
praat_gate_swipe_t0.2,studio_F1.wav,1.111598639455782,0.0,False,unvoiced
praat_gate_swipe_t0.2,studio_F1.wav,1.121598639455782,298.71367714869126,True,praat_fallback
praat_gate_swipe_t0.2,studio_F1.wav,1.131598639455782,279.74961140269676,True,swipe
praat_gate_swipe_t0.2,studio_F1.wav,1.141598639455782,273.75513512330923,True,swipe
praat_gate_swipe_t0.2,studio_F1.wav,1.151598639455782,255.60751043648915,True,swipe
praat_gate_swipe_t0.2,studio_F1.wav,1.161598639455782,247.4354530147902,True,swipe
praat_gate_swipe_t0.2,studio_F1.wav,1.171598639455782,245.65532752958893,True,swipe
praat_gate_swipe_t0.2,studio_F1.wav,1.181598639455782,245.21205862055362,True,swipe
praat_gate_swipe_t0.2,studio_F1.wav,1.191598639455782,244.9907241999174,True,swipe
praat_gate_swipe_t0.2,studio_F1.wav,1.201598639455782,244.1083469889592,True,swipe
praat_gate_swipe_t0.2,studio_F1.wav,1.211598639455782,0.0,False,unvoiced
praat_gate_swipe_t0.2,studio_F1.wav,1.221598639455782,0.0,False,unvoiced
praat_gate_swipe_t0.2,studio_F1.wav,1.231598639455782,0.0,False,unvoiced
praat_gate_swipe_t0.2,studio_F1.wav,1.241598639455782,0.0,False,unvoiced
praat_gate_swipe_t0.2,studio_F1.wav,1.251598639455782,0.0,False,unvoiced
praat_gate_swipe_t0.2,studio_F1.wav,1.261598639455782,307.4011687131925,True,praat_fallback
praat_gate_swipe_t0.2,studio_F1.wav,1.271598639455782,314.0084379109676,True,swipe
praat_gate_swipe_t0.2,studio_F1.wav,1.281598639455782,316.56962331085646,True,swipe
praat_gate_swipe_t0.2,studio_F1.wav,1.291598639455782,318.8636246661837,True,swipe
praat_gate_swipe_t0.2,studio_F1.wav,1.301598639455782,318.8636246661837,True,swipe
praat_gate_swipe_t0.2,studio_F1.wav,1.311598639455782,310.06604082111835,True,swipe
praat_gate_swipe_t0.2,studio_F1.wav,1.321598639455782,297.4569583121728,True,swipe
praat_gate_swipe_t0.2,studio_F1.wav,1.331598639455782,285.103060676209,True,swipe
praat_gate_swipe_t0.2,studio_F1.wav,1.341598639455782,268.13113025308894,True,swipe
praat_gate_swipe_t0.2,studio_F1.wav,1.351598639455782,250.80790625895102,True,swipe
praat_gate_swipe_t0.2,studio_F1.wav,1.361598639455782,234.8158392495032,True,swipe
praat_gate_swipe_t0.2,studio_F1.wav,1.371598639455782,220.4398464214646,True,swipe
praat_gate_swipe_t0.2,studio_F1.wav,1.381598639455782,212.81566176778236,True,swipe
praat_gate_swipe_t0.2,studio_F1.wav,1.391598639455782,203.9770623424163,True,swipe
praat_gate_swipe_t0.2,studio_F1.wav,1.401598639455782,200.87119935008025,True,swipe
praat_gate_swipe_t0.2,studio_F1.wav,1.411598639455782,196.2122380180184,True,swipe
praat_gate_swipe_t0.2,studio_F1.wav,1.421598639455782,194.44912289132796,True,swipe
praat_gate_swipe_t0.2,studio_F1.wav,1.431598639455782,197.81262787580224,True,swipe
praat_gate_swipe_t0.2,studio_F1.wav,1.441598639455782,201.23431345586047,True,swipe
praat_gate_swipe_t0.2,studio_F1.wav,1.451598639455782,203.60899912635657,True,swipe
praat_gate_swipe_t0.2,studio_F1.wav,1.461598639455782,206.19782673062153,True,swipe
praat_gate_swipe_t0.2,studio_F1.wav,1.471598639455782,210.14374679884256,True,swipe
praat_gate_swipe_t0.2,studio_F1.wav,1.481598639455782,215.52154933742995,True,swipe
praat_gate_swipe_t0.2,studio_F1.wav,1.491598639455782,217.47573302370424,True,swipe
praat_gate_swipe_t0.2,studio_F1.wav,1.501598639455782,216.88736761863115,True,swipe
praat_gate_swipe_t0.2,studio_F1.wav,1.511598639455782,215.9111468253588,True,swipe
praat_gate_swipe_t0.2,studio_F1.wav,1.521598639455782,213.00792794991432,True,swipe
praat_gate_swipe_t0.2,studio_F1.wav,1.531598639455782,209.954065896893,True,swipe
praat_gate_swipe_t0.2,studio_F1.wav,1.541598639455782,208.06747006967962,True,swipe
praat_gate_swipe_t0.2,studio_F1.wav,1.551598639455782,204.8993243586999,True,swipe
praat_gate_swipe_t0.2,studio_F1.wav,1.561598639455782,200.68988807696934,True,swipe
praat_gate_swipe_t0.2,studio_F1.wav,1.571598639455782,199.78657294206144,True,swipe
praat_gate_swipe_t0.2,studio_F1.wav,1.581598639455782,198.7070180142625,True,swipe
praat_gate_swipe_t0.2,studio_F1.wav,1.591598639455782,197.100170881982,True,swipe
praat_gate_swipe_t0.2,studio_F1.wav,1.601598639455782,195.32907700799345,True,swipe
praat_gate_swipe_t0.2,studio_F1.wav,1.611598639455782,193.92382055122386,True,swipe
praat_gate_swipe_t0.2,studio_F1.wav,1.621598639455782,190.62643886211416,True,swipe
praat_gate_swipe_t0.2,studio_F1.wav,1.631598639455782,187.3858645173009,True,swipe
praat_gate_swipe_t0.2,studio_F1.wav,1.641598639455782,183.03967900247477,True,swipe
praat_gate_swipe_t0.2,studio_F1.wav,1.651598639455782,0.0,False,unvoiced
praat_gate_swipe_t0.2,studio_F1.wav,1.661598639455782,0.0,False,unvoiced
praat_gate_swipe_t0.2,studio_F1.wav,1.671598639455782,0.0,False,unvoiced
praat_gate_swipe_t0.2,studio_F1.wav,1.681598639455782,0.0,False,unvoiced
praat_gate_swipe_t0.2,studio_F1.wav,1.691598639455782,0.0,False,unvoiced
praat_gate_swipe_t0.2,studio_F1.wav,1.701598639455782,252.3973437165574,True,swipe
praat_gate_swipe_t0.2,studio_F1.wav,1.711598639455782,239.5256117398336,True,swipe
praat_gate_swipe_t0.2,studio_F1.wav,1.721598639455782,235.02798127204792,True,swipe
praat_gate_swipe_t0.2,studio_F1.wav,1.731598639455782,228.74993400422045,True,swipe
praat_gate_swipe_t0.2,studio_F1.wav,1.741598639455782,223.64622815589098,True,swipe
praat_gate_swipe_t0.2,studio_F1.wav,1.751598639455782,219.44763574499575,True,swipe
praat_gate_swipe_t0.2,studio_F1.wav,1.761598639455782,0.0,False,unvoiced
praat_gate_swipe_t0.2,studio_F1.wav,1.771598639455782,0.0,False,unvoiced
praat_gate_swipe_t0.2,studio_F1.wav,1.781598639455782,0.0,False,unvoiced
praat_gate_swipe_t0.2,studio_F1.wav,1.791598639455782,0.0,False,unvoiced
praat_gate_swipe_t0.2,studio_F1.wav,1.801598639455782,174.74005887608055,True,praat_fallback
praat_gate_swipe_t0.2,studio_F1.wav,1.811598639455782,187.2167254382864,True,swipe
praat_gate_swipe_t0.2,studio_F1.wav,1.821598639455782,190.62643886211416,True,swipe
praat_gate_swipe_t0.2,studio_F1.wav,1.831598639455782,192.0078010551678,True,swipe
praat_gate_swipe_t0.2,studio_F1.wav,1.841598639455782,191.66133558521074,True,swipe
praat_gate_swipe_t0.2,studio_F1.wav,1.851598639455782,0.0,False,unvoiced
praat_gate_swipe_t0.2,studio_F1.wav,1.861598639455782,0.0,False,unvoiced
praat_gate_swipe_t0.2,studio_F1.wav,1.871598639455782,0.0,False,unvoiced
praat_gate_swipe_t0.2,studio_F1.wav,1.881598639455782,0.0,False,unvoiced
praat_gate_swipe_t0.2,studio_F1.wav,1.891598639455782,0.0,False,unvoiced
praat_gate_swipe_t0.2,studio_F1.wav,1.901598639455782,0.0,False,unvoiced
praat_gate_swipe_t0.2,studio_F1.wav,1.911598639455782,243.06398568956664,True,praat_fallback
praat_gate_swipe_t0.2,studio_F1.wav,1.921598639455782,224.05051259492797,True,swipe
praat_gate_swipe_t0.2,studio_F1.wav,1.931598639455782,221.03784888217993,True,swipe
praat_gate_swipe_t0.2,studio_F1.wav,1.941598639455782,213.39298157398724,True,swipe
praat_gate_swipe_t0.2,studio_F1.wav,1.951598639455782,209.19705285076444,True,swipe
praat_gate_swipe_t0.2,studio_F1.wav,1.961598639455782,207.50537790231996,True,swipe
praat_gate_swipe_t0.2,studio_F1.wav,1.971598639455782,205.8265694976362,True,swipe
praat_gate_swipe_t0.2,studio_F1.wav,1.981598639455782,203.79294764116307,True,swipe
praat_gate_swipe_t0.2,studio_F1.wav,1.991598639455782,201.77941851550275,True,swipe
praat_gate_swipe_t0.2,studio_F1.wav,2.001598639455782,199.60624067935876,True,swipe
praat_gate_swipe_t0.2,studio_F1.wav,2.011598639455782,198.17021301352014,True,swipe
praat_gate_swipe_t0.2,studio_F1.wav,2.021598639455782,196.74451656503257,True,swipe
praat_gate_swipe_t0.2,studio_F1.wav,2.031598639455782,194.9766185136513,True,swipe
praat_gate_swipe_t0.2,studio_F1.wav,2.041598639455782,193.3991732002502,True,swipe
praat_gate_swipe_t0.2,studio_F1.wav,2.051598639455782,191.83449010283036,True,swipe
praat_gate_swipe_t0.2,studio_F1.wav,2.061598639455782,190.45437476118528,True,swipe
praat_gate_swipe_t0.2,studio_F1.wav,2.071598639455782,189.25501460646677,True,swipe
praat_gate_swipe_t0.2,studio_F1.wav,2.081598639455782,187.89345679169807,True,swipe
praat_gate_swipe_t0.2,studio_F1.wav,2.091598639455782,186.54169443564854,True,swipe
praat_gate_swipe_t0.2,studio_F1.wav,2.101598639455782,185.1996570668255,True,swipe
praat_gate_swipe_t0.2,studio_F1.wav,2.111598639455782,182.70939591992357,True,swipe
praat_gate_swipe_t0.2,studio_F1.wav,2.121598639455782,181.23119775182835,True,swipe
praat_gate_swipe_t0.2,studio_F1.wav,2.131598639455782,175.43772720902183,True,swipe
praat_gate_swipe_t0.2,studio_F1.wav,2.141598639455782,171.21398253753202,True,swipe
praat_gate_swipe_t0.2,studio_F1.wav,2.151598639455782,0.0,False,unvoiced
praat_gate_swipe_t0.2,studio_F1.wav,2.161598639455782,0.0,False,unvoiced
praat_gate_swipe_t0.2,studio_F1.wav,2.171598639455782,0.0,False,unvoiced
praat_gate_swipe_t0.2,studio_F1.wav,2.181598639455782,0.0,False,unvoiced
praat_gate_swipe_t0.2,studio_F1.wav,2.191598639455782,0.0,False,unvoiced
praat_gate_swipe_t0.2,studio_F1.wav,2.201598639455782,0.0,False,unvoiced
praat_gate_swipe_t0.2,studio_F1.wav,2.211598639455782,0.0,False,unvoiced
praat_gate_swipe_t0.2,studio_F1.wav,2.221598639455782,0.0,False,unvoiced
praat_gate_swipe_t0.2,studio_F1.wav,2.231598639455782,0.0,False,unvoiced
praat_gate_swipe_t0.2,studio_F1.wav,2.241598639455782,0.0,False,unvoiced
praat_gate_swipe_t0.2,studio_F1.wav,2.251598639455782,0.0,False,unvoiced
praat_gate_swipe_t0.2,studio_F1.wav,2.261598639455782,0.0,False,unvoiced
praat_gate_swipe_t0.2,studio_F1.wav,2.271598639455782,0.0,False,unvoiced
praat_gate_swipe_t0.2,studio_F1.wav,2.281598639455782,0.0,False,unvoiced
praat_gate_swipe_t0.2,studio_F1.wav,2.291598639455782,0.0,False,unvoiced
praat_gate_swipe_t0.2,studio_F1.wav,2.301598639455782,0.0,False,unvoiced
praat_gate_swipe_t0.2,studio_F1.wav,2.311598639455782,0.0,False,unvoiced
praat_gate_swipe_t0.2,studio_F1.wav,2.321598639455782,0.0,False,unvoiced
praat_gate_swipe_t0.2,studio_F1.wav,2.331598639455782,0.0,False,unvoiced
praat_gate_swipe_t0.2,studio_F1.wav,2.341598639455782,0.0,False,unvoiced
praat_gate_swipe_t0.2,studio_F1.wav,2.351598639455782,0.0,False,unvoiced
praat_gate_swipe_t0.2,studio_F1.wav,2.361598639455782,0.0,False,unvoiced
praat_gate_swipe_t0.2,studio_F1.wav,2.371598639455782,0.0,False,unvoiced
praat_gate_swipe_t0.2,studio_F1.wav,2.381598639455782,0.0,False,unvoiced
praat_gate_swipe_t0.2,studio_F1.wav,2.391598639455782,0.0,False,unvoiced
praat_gate_swipe_t0.2,studio_F1.wav,2.401598639455782,0.0,False,unvoiced
praat_gate_swipe_t0.2,studio_F1.wav,2.411598639455782,0.0,False,unvoiced
praat_gate_swipe_t0.2,studio_F1.wav,2.421598639455782,0.0,False,unvoiced
praat_gate_swipe_t0.2,studio_F1.wav,2.431598639455782,0.0,False,unvoiced
praat_gate_swipe_t0.2,studio_F1.wav,2.441598639455782,0.0,False,unvoiced
praat_gate_swipe_t0.2,studio_F1.wav,2.451598639455782,0.0,False,unvoiced
praat_gate_swipe_t0.2,studio_F1.wav,2.461598639455782,0.0,False,unvoiced
praat_gate_swipe_t0.2,studio_F1.wav,2.471598639455782,0.0,False,unvoiced
praat_gate_swipe_t0.2,studio_F1.wav,2.481598639455782,0.0,False,unvoiced
praat_gate_swipe_t0.2,studio_F1.wav,2.491598639455782,0.0,False,unvoiced
praat_gate_swipe_t0.2,studio_F1.wav,2.501598639455782,0.0,False,unvoiced
praat_gate_swipe_t0.2,studio_F1.wav,2.511598639455782,0.0,False,unvoiced
praat_gate_swipe_t0.2,studio_F1.wav,2.521598639455782,0.0,False,unvoiced
praat_gate_swipe_t0.2,studio_F1.wav,2.531598639455782,0.0,False,unvoiced
praat_gate_swipe_t0.2,studio_F1.wav,2.541598639455782,0.0,False,unvoiced
praat_gate_swipe_t0.2,studio_F1.wav,2.551598639455782,0.0,False,unvoiced
praat_gate_swipe_t0.2,studio_F1.wav,2.561598639455782,0.0,False,unvoiced
praat_gate_swipe_t0.2,studio_F1.wav,2.571598639455782,0.0,False,unvoiced
praat_gate_swipe_t0.2,studio_F1.wav,2.581598639455782,0.0,False,unvoiced
praat_gate_swipe_t0.2,studio_F1.wav,2.591598639455782,0.0,False,unvoiced
praat_gate_swipe_t0.2,studio_F1.wav,2.601598639455782,0.0,False,unvoiced
praat_gate_swipe_t0.2,studio_F1.wav,2.611598639455782,0.0,False,unvoiced
praat_gate_swipe_t0.2,studio_F1.wav,2.621598639455782,0.0,False,unvoiced
praat_gate_swipe_t0.2,studio_F1.wav,2.631598639455782,0.0,False,unvoiced
praat_gate_swipe_t0.2,studio_F1.wav,2.641598639455782,0.0,False,unvoiced
praat_gate_swipe_t0.2,studio_F1.wav,2.651598639455782,0.0,False,unvoiced
praat_gate_swipe_t0.2,studio_F1.wav,2.661598639455782,0.0,False,unvoiced
praat_gate_swipe_t0.2,studio_F1.wav,2.671598639455782,0.0,False,unvoiced
praat_gate_swipe_t0.2,studio_F1.wav,2.681598639455782,0.0,False,unvoiced
praat_gate_swipe_t0.2,studio_F1.wav,2.691598639455782,0.0,False,unvoiced
praat_gate_swipe_t0.2,studio_F1.wav,2.701598639455782,0.0,False,unvoiced
praat_gate_swipe_t0.2,studio_F1.wav,2.711598639455782,0.0,False,unvoiced
praat_gate_swipe_t0.2,studio_F1.wav,2.721598639455782,0.0,False,unvoiced
praat_gate_swipe_t0.2,studio_F1.wav,2.731598639455782,0.0,False,unvoiced
praat_gate_swipe_t0.2,studio_F1.wav,2.741598639455782,0.0,False,unvoiced
praat_gate_swipe_t0.2,studio_F1.wav,2.751598639455782,0.0,False,unvoiced
praat_gate_swipe_t0.2,studio_F1.wav,2.761598639455782,0.0,False,unvoiced
praat_gate_swipe_t0.2,studio_F1.wav,2.771598639455782,0.0,False,unvoiced
praat_gate_swipe_t0.2,studio_F1.wav,2.781598639455782,0.0,False,unvoiced
praat_gate_swipe_t0.2,studio_F1.wav,2.791598639455782,0.0,False,unvoiced
praat_gate_swipe_t0.2,studio_F1.wav,2.801598639455782,0.0,False,unvoiced
praat_gate_swipe_t0.2,studio_F1.wav,2.811598639455782,0.0,False,unvoiced
praat_gate_swipe_t0.2,studio_F1.wav,2.821598639455782,0.0,False,unvoiced
praat_gate_swipe_t0.2,studio_F1.wav,2.831598639455782,0.0,False,unvoiced
praat_gate_swipe_t0.2,studio_F1.wav,2.841598639455782,0.0,False,unvoiced
praat_gate_swipe_t0.3,studio_F1.wav,0.021598639455782,0.0,False,unvoiced
praat_gate_swipe_t0.3,studio_F1.wav,0.031598639455782,0.0,False,unvoiced
praat_gate_swipe_t0.3,studio_F1.wav,0.041598639455782,0.0,False,unvoiced
praat_gate_swipe_t0.3,studio_F1.wav,0.051598639455782,0.0,False,unvoiced
praat_gate_swipe_t0.3,studio_F1.wav,0.061598639455782,0.0,False,unvoiced
praat_gate_swipe_t0.3,studio_F1.wav,0.071598639455782,0.0,False,unvoiced
praat_gate_swipe_t0.3,studio_F1.wav,0.081598639455782,0.0,False,unvoiced
praat_gate_swipe_t0.3,studio_F1.wav,0.091598639455782,0.0,False,unvoiced
praat_gate_swipe_t0.3,studio_F1.wav,0.101598639455782,0.0,False,unvoiced
praat_gate_swipe_t0.3,studio_F1.wav,0.111598639455782,0.0,False,unvoiced
praat_gate_swipe_t0.3,studio_F1.wav,0.121598639455782,0.0,False,unvoiced
praat_gate_swipe_t0.3,studio_F1.wav,0.131598639455782,0.0,False,unvoiced
praat_gate_swipe_t0.3,studio_F1.wav,0.141598639455782,0.0,False,unvoiced
praat_gate_swipe_t0.3,studio_F1.wav,0.151598639455782,0.0,False,unvoiced
praat_gate_swipe_t0.3,studio_F1.wav,0.161598639455782,0.0,False,unvoiced
praat_gate_swipe_t0.3,studio_F1.wav,0.171598639455782,0.0,False,unvoiced
praat_gate_swipe_t0.3,studio_F1.wav,0.181598639455782,0.0,False,unvoiced
praat_gate_swipe_t0.3,studio_F1.wav,0.191598639455782,0.0,False,unvoiced
praat_gate_swipe_t0.3,studio_F1.wav,0.201598639455782,0.0,False,unvoiced
praat_gate_swipe_t0.3,studio_F1.wav,0.211598639455782,0.0,False,unvoiced
praat_gate_swipe_t0.3,studio_F1.wav,0.221598639455782,0.0,False,unvoiced
praat_gate_swipe_t0.3,studio_F1.wav,0.231598639455782,0.0,False,unvoiced
praat_gate_swipe_t0.3,studio_F1.wav,0.241598639455782,0.0,False,unvoiced
praat_gate_swipe_t0.3,studio_F1.wav,0.251598639455782,0.0,False,unvoiced
praat_gate_swipe_t0.3,studio_F1.wav,0.261598639455782,0.0,False,unvoiced
praat_gate_swipe_t0.3,studio_F1.wav,0.271598639455782,0.0,False,unvoiced
praat_gate_swipe_t0.3,studio_F1.wav,0.281598639455782,0.0,False,unvoiced
praat_gate_swipe_t0.3,studio_F1.wav,0.291598639455782,0.0,False,unvoiced
praat_gate_swipe_t0.3,studio_F1.wav,0.301598639455782,0.0,False,unvoiced
praat_gate_swipe_t0.3,studio_F1.wav,0.311598639455782,0.0,False,unvoiced
praat_gate_swipe_t0.3,studio_F1.wav,0.321598639455782,0.0,False,unvoiced
praat_gate_swipe_t0.3,studio_F1.wav,0.331598639455782,0.0,False,unvoiced
praat_gate_swipe_t0.3,studio_F1.wav,0.341598639455782,0.0,False,unvoiced
praat_gate_swipe_t0.3,studio_F1.wav,0.351598639455782,0.0,False,unvoiced
praat_gate_swipe_t0.3,studio_F1.wav,0.361598639455782,0.0,False,unvoiced
praat_gate_swipe_t0.3,studio_F1.wav,0.371598639455782,0.0,False,unvoiced
praat_gate_swipe_t0.3,studio_F1.wav,0.381598639455782,0.0,False,unvoiced
praat_gate_swipe_t0.3,studio_F1.wav,0.391598639455782,0.0,False,unvoiced
praat_gate_swipe_t0.3,studio_F1.wav,0.401598639455782,0.0,False,unvoiced
praat_gate_swipe_t0.3,studio_F1.wav,0.411598639455782,0.0,False,unvoiced
praat_gate_swipe_t0.3,studio_F1.wav,0.421598639455782,0.0,False,unvoiced
praat_gate_swipe_t0.3,studio_F1.wav,0.431598639455782,0.0,False,unvoiced
praat_gate_swipe_t0.3,studio_F1.wav,0.441598639455782,0.0,False,unvoiced
praat_gate_swipe_t0.3,studio_F1.wav,0.451598639455782,0.0,False,unvoiced
praat_gate_swipe_t0.3,studio_F1.wav,0.461598639455782,0.0,False,unvoiced
praat_gate_swipe_t0.3,studio_F1.wav,0.471598639455782,0.0,False,unvoiced
praat_gate_swipe_t0.3,studio_F1.wav,0.481598639455782,0.0,False,unvoiced
praat_gate_swipe_t0.3,studio_F1.wav,0.491598639455782,0.0,False,unvoiced
praat_gate_swipe_t0.3,studio_F1.wav,0.501598639455782,0.0,False,unvoiced
praat_gate_swipe_t0.3,studio_F1.wav,0.511598639455782,0.0,False,unvoiced
praat_gate_swipe_t0.3,studio_F1.wav,0.521598639455782,0.0,False,unvoiced
praat_gate_swipe_t0.3,studio_F1.wav,0.531598639455782,0.0,False,unvoiced
praat_gate_swipe_t0.3,studio_F1.wav,0.541598639455782,0.0,False,unvoiced
praat_gate_swipe_t0.3,studio_F1.wav,0.551598639455782,0.0,False,unvoiced
praat_gate_swipe_t0.3,studio_F1.wav,0.561598639455782,0.0,False,unvoiced
praat_gate_swipe_t0.3,studio_F1.wav,0.571598639455782,0.0,False,unvoiced
praat_gate_swipe_t0.3,studio_F1.wav,0.581598639455782,0.0,False,unvoiced
praat_gate_swipe_t0.3,studio_F1.wav,0.591598639455782,0.0,False,unvoiced
praat_gate_swipe_t0.3,studio_F1.wav,0.601598639455782,0.0,False,unvoiced
praat_gate_swipe_t0.3,studio_F1.wav,0.611598639455782,0.0,False,unvoiced
praat_gate_swipe_t0.3,studio_F1.wav,0.621598639455782,0.0,False,unvoiced
praat_gate_swipe_t0.3,studio_F1.wav,0.631598639455782,0.0,False,unvoiced
praat_gate_swipe_t0.3,studio_F1.wav,0.641598639455782,0.0,False,unvoiced
praat_gate_swipe_t0.3,studio_F1.wav,0.651598639455782,0.0,False,unvoiced
praat_gate_swipe_t0.3,studio_F1.wav,0.661598639455782,0.0,False,unvoiced
praat_gate_swipe_t0.3,studio_F1.wav,0.671598639455782,0.0,False,unvoiced
praat_gate_swipe_t0.3,studio_F1.wav,0.681598639455782,0.0,False,unvoiced
praat_gate_swipe_t0.3,studio_F1.wav,0.691598639455782,273.75356450735774,True,praat_fallback
praat_gate_swipe_t0.3,studio_F1.wav,0.701598639455782,267.16435324494813,True,swipe
praat_gate_swipe_t0.3,studio_F1.wav,0.711598639455782,268.37337064224226,True,swipe
praat_gate_swipe_t0.3,studio_F1.wav,0.721598639455782,265.9618332470225,True,swipe
praat_gate_swipe_t0.3,studio_F1.wav,0.731598639455782,262.14877916062215,True,swipe
praat_gate_swipe_t0.3,studio_F1.wav,0.741598639455782,258.1571627389962,True,swipe
praat_gate_swipe_t0.3,studio_F1.wav,0.751598639455782,256.99518455204566,True,swipe
praat_gate_swipe_t0.3,studio_F1.wav,0.761598639455782,256.5314536155773,True,swipe
praat_gate_swipe_t0.3,studio_F1.wav,0.771598639455782,254.45600301883013,True,swipe
praat_gate_swipe_t0.3,studio_F1.wav,0.781598639455782,243.44792890708422,True,swipe
praat_gate_swipe_t0.3,studio_F1.wav,0.791598639455782,240.17444056346199,True,swipe
praat_gate_swipe_t0.3,studio_F1.wav,0.801598639455782,245.87726237945935,True,swipe
praat_gate_swipe_t0.3,studio_F1.wav,0.811598639455782,247.4354530147902,True,swipe
praat_gate_swipe_t0.3,studio_F1.wav,0.821598639455782,247.21211170382054,True,swipe
praat_gate_swipe_t0.3,studio_F1.wav,0.831598639455782,246.54427068273912,True,swipe
praat_gate_swipe_t0.3,studio_F1.wav,0.841598639455782,245.87726237945935,True,swipe
praat_gate_swipe_t0.3,studio_F1.wav,0.851598639455782,245.43359300355934,True,swipe
praat_gate_swipe_t0.3,studio_F1.wav,0.861598639455782,244.5496207226611,True,swipe
praat_gate_swipe_t0.3,studio_F1.wav,0.871598639455782,243.44792890708422,True,swipe
praat_gate_swipe_t0.3,studio_F1.wav,0.881598639455782,241.26131863495507,True,swipe
praat_gate_swipe_t0.3,studio_F1.wav,0.891598639455782,239.30941004567478,True,swipe
praat_gate_swipe_t0.3,studio_F1.wav,0.901598639455782,234.8158392495032,True,swipe
praat_gate_swipe_t0.3,studio_F1.wav,0.911598639455782,229.99180033988003,True,swipe
praat_gate_swipe_t0.3,studio_F1.wav,0.921598639455782,226.69444310851375,True,swipe
praat_gate_swipe_t0.3,studio_F1.wav,0.931598639455782,225.87796317400588,True,swipe
praat_gate_swipe_t0.3,studio_F1.wav,0.941598639455782,232.706761022933,True,swipe
praat_gate_swipe_t0.3,studio_F1.wav,0.951598639455782,240.3914237607947,True,swipe
praat_gate_swipe_t0.3,studio_F1.wav,0.961598639455782,248.10668832988,True,swipe
praat_gate_swipe_t0.3,studio_F1.wav,0.971598639455782,251.94290469105073,True,swipe
praat_gate_swipe_t0.3,studio_F1.wav,0.981598639455782,251.48829026186377,True,swipe
praat_gate_swipe_t0.3,studio_F1.wav,0.991598639455782,248.5551898500704,True,swipe
praat_gate_swipe_t0.3,studio_F1.wav,1.001598639455782,243.8880088055224,True,swipe
praat_gate_swipe_t0.3,studio_F1.wav,1.011598639455782,262.38561485448554,True,swipe
praat_gate_swipe_t0.3,studio_F1.wav,1.021598639455782,276.23733618736236,True,swipe
praat_gate_swipe_t0.3,studio_F1.wav,1.031598639455782,283.0519430290209,True,swipe
praat_gate_swipe_t0.3,studio_F1.wav,1.041598639455782,288.7280609301567,True,swipe
praat_gate_swipe_t0.3,studio_F1.wav,1.051598639455782,291.34487388406853,True,swipe
praat_gate_swipe_t0.3,studio_F1.wav,1.061598639455782,292.9277208183823,True,swipe
praat_gate_swipe_t0.3,studio_F1.wav,1.071598639455782,290.8203101995833,True,swipe
praat_gate_swipe_t0.3,studio_F1.wav,1.081598639455782,285.35950674602503,True,swipe
praat_gate_swipe_t0.3,studio_F1.wav,1.091598639455782,0.0,False,unvoiced
praat_gate_swipe_t0.3,studio_F1.wav,1.101598639455782,0.0,False,unvoiced
praat_gate_swipe_t0.3,studio_F1.wav,1.111598639455782,0.0,False,unvoiced
praat_gate_swipe_t0.3,studio_F1.wav,1.121598639455782,298.71367714869126,True,praat_fallback
praat_gate_swipe_t0.3,studio_F1.wav,1.131598639455782,286.62743147244186,True,praat_fallback
praat_gate_swipe_t0.3,studio_F1.wav,1.141598639455782,273.75513512330923,True,swipe
praat_gate_swipe_t0.3,studio_F1.wav,1.151598639455782,255.60751043648915,True,swipe
praat_gate_swipe_t0.3,studio_F1.wav,1.161598639455782,247.4354530147902,True,swipe
praat_gate_swipe_t0.3,studio_F1.wav,1.171598639455782,245.65532752958893,True,swipe
praat_gate_swipe_t0.3,studio_F1.wav,1.181598639455782,245.21205862055362,True,swipe
praat_gate_swipe_t0.3,studio_F1.wav,1.191598639455782,244.9907241999174,True,swipe
praat_gate_swipe_t0.3,studio_F1.wav,1.201598639455782,244.1083469889592,True,swipe
praat_gate_swipe_t0.3,studio_F1.wav,1.211598639455782,0.0,False,unvoiced
praat_gate_swipe_t0.3,studio_F1.wav,1.221598639455782,0.0,False,unvoiced
praat_gate_swipe_t0.3,studio_F1.wav,1.231598639455782,0.0,False,unvoiced
praat_gate_swipe_t0.3,studio_F1.wav,1.241598639455782,0.0,False,unvoiced
praat_gate_swipe_t0.3,studio_F1.wav,1.251598639455782,0.0,False,unvoiced
praat_gate_swipe_t0.3,studio_F1.wav,1.261598639455782,307.4011687131925,True,praat_fallback
praat_gate_swipe_t0.3,studio_F1.wav,1.271598639455782,314.0084379109676,True,swipe
praat_gate_swipe_t0.3,studio_F1.wav,1.281598639455782,316.56962331085646,True,swipe
praat_gate_swipe_t0.3,studio_F1.wav,1.291598639455782,318.8636246661837,True,swipe
praat_gate_swipe_t0.3,studio_F1.wav,1.301598639455782,318.8636246661837,True,swipe
praat_gate_swipe_t0.3,studio_F1.wav,1.311598639455782,310.06604082111835,True,swipe
praat_gate_swipe_t0.3,studio_F1.wav,1.321598639455782,297.4569583121728,True,swipe
praat_gate_swipe_t0.3,studio_F1.wav,1.331598639455782,285.103060676209,True,swipe
praat_gate_swipe_t0.3,studio_F1.wav,1.341598639455782,268.13113025308894,True,swipe
praat_gate_swipe_t0.3,studio_F1.wav,1.351598639455782,250.80790625895102,True,swipe
praat_gate_swipe_t0.3,studio_F1.wav,1.361598639455782,234.8158392495032,True,swipe
praat_gate_swipe_t0.3,studio_F1.wav,1.371598639455782,220.4398464214646,True,swipe
praat_gate_swipe_t0.3,studio_F1.wav,1.381598639455782,212.81566176778236,True,swipe
praat_gate_swipe_t0.3,studio_F1.wav,1.391598639455782,203.9770623424163,True,swipe
praat_gate_swipe_t0.3,studio_F1.wav,1.401598639455782,200.87119935008025,True,swipe
praat_gate_swipe_t0.3,studio_F1.wav,1.411598639455782,196.2122380180184,True,swipe
praat_gate_swipe_t0.3,studio_F1.wav,1.421598639455782,194.44912289132796,True,swipe
praat_gate_swipe_t0.3,studio_F1.wav,1.431598639455782,197.81262787580224,True,swipe
praat_gate_swipe_t0.3,studio_F1.wav,1.441598639455782,201.23431345586047,True,swipe
praat_gate_swipe_t0.3,studio_F1.wav,1.451598639455782,203.60899912635657,True,swipe
praat_gate_swipe_t0.3,studio_F1.wav,1.461598639455782,206.19782673062153,True,swipe
praat_gate_swipe_t0.3,studio_F1.wav,1.471598639455782,210.14374679884256,True,swipe
praat_gate_swipe_t0.3,studio_F1.wav,1.481598639455782,215.52154933742995,True,swipe
praat_gate_swipe_t0.3,studio_F1.wav,1.491598639455782,217.47573302370424,True,swipe
praat_gate_swipe_t0.3,studio_F1.wav,1.501598639455782,216.88736761863115,True,swipe
praat_gate_swipe_t0.3,studio_F1.wav,1.511598639455782,215.9111468253588,True,swipe
praat_gate_swipe_t0.3,studio_F1.wav,1.521598639455782,213.00792794991432,True,swipe
praat_gate_swipe_t0.3,studio_F1.wav,1.531598639455782,209.954065896893,True,swipe
praat_gate_swipe_t0.3,studio_F1.wav,1.541598639455782,208.06747006967962,True,swipe
praat_gate_swipe_t0.3,studio_F1.wav,1.551598639455782,204.8993243586999,True,swipe
praat_gate_swipe_t0.3,studio_F1.wav,1.561598639455782,200.68988807696934,True,swipe
praat_gate_swipe_t0.3,studio_F1.wav,1.571598639455782,199.78657294206144,True,swipe
praat_gate_swipe_t0.3,studio_F1.wav,1.581598639455782,198.7070180142625,True,swipe
praat_gate_swipe_t0.3,studio_F1.wav,1.591598639455782,197.100170881982,True,swipe
praat_gate_swipe_t0.3,studio_F1.wav,1.601598639455782,195.32907700799345,True,swipe
praat_gate_swipe_t0.3,studio_F1.wav,1.611598639455782,193.92382055122386,True,swipe
praat_gate_swipe_t0.3,studio_F1.wav,1.621598639455782,190.62643886211416,True,swipe
praat_gate_swipe_t0.3,studio_F1.wav,1.631598639455782,187.3858645173009,True,swipe
praat_gate_swipe_t0.3,studio_F1.wav,1.641598639455782,183.03967900247477,True,swipe
praat_gate_swipe_t0.3,studio_F1.wav,1.651598639455782,0.0,False,unvoiced
praat_gate_swipe_t0.3,studio_F1.wav,1.661598639455782,0.0,False,unvoiced
praat_gate_swipe_t0.3,studio_F1.wav,1.671598639455782,0.0,False,unvoiced
praat_gate_swipe_t0.3,studio_F1.wav,1.681598639455782,0.0,False,unvoiced
praat_gate_swipe_t0.3,studio_F1.wav,1.691598639455782,0.0,False,unvoiced
praat_gate_swipe_t0.3,studio_F1.wav,1.701598639455782,250.06335569213263,True,praat_fallback
praat_gate_swipe_t0.3,studio_F1.wav,1.711598639455782,239.5256117398336,True,swipe
praat_gate_swipe_t0.3,studio_F1.wav,1.721598639455782,235.02798127204792,True,swipe
praat_gate_swipe_t0.3,studio_F1.wav,1.731598639455782,228.74993400422045,True,swipe
praat_gate_swipe_t0.3,studio_F1.wav,1.741598639455782,223.64622815589098,True,swipe
praat_gate_swipe_t0.3,studio_F1.wav,1.751598639455782,210.8010297115502,True,praat_fallback
praat_gate_swipe_t0.3,studio_F1.wav,1.761598639455782,0.0,False,unvoiced
praat_gate_swipe_t0.3,studio_F1.wav,1.771598639455782,0.0,False,unvoiced
praat_gate_swipe_t0.3,studio_F1.wav,1.781598639455782,0.0,False,unvoiced
praat_gate_swipe_t0.3,studio_F1.wav,1.791598639455782,0.0,False,unvoiced
praat_gate_swipe_t0.3,studio_F1.wav,1.801598639455782,174.74005887608055,True,praat_fallback
praat_gate_swipe_t0.3,studio_F1.wav,1.811598639455782,187.2167254382864,True,swipe
praat_gate_swipe_t0.3,studio_F1.wav,1.821598639455782,190.62643886211416,True,swipe
praat_gate_swipe_t0.3,studio_F1.wav,1.831598639455782,192.0078010551678,True,swipe
praat_gate_swipe_t0.3,studio_F1.wav,1.841598639455782,191.66133558521074,True,swipe
praat_gate_swipe_t0.3,studio_F1.wav,1.851598639455782,0.0,False,unvoiced
praat_gate_swipe_t0.3,studio_F1.wav,1.861598639455782,0.0,False,unvoiced
praat_gate_swipe_t0.3,studio_F1.wav,1.871598639455782,0.0,False,unvoiced
praat_gate_swipe_t0.3,studio_F1.wav,1.881598639455782,0.0,False,unvoiced
praat_gate_swipe_t0.3,studio_F1.wav,1.891598639455782,0.0,False,unvoiced
praat_gate_swipe_t0.3,studio_F1.wav,1.901598639455782,0.0,False,unvoiced
praat_gate_swipe_t0.3,studio_F1.wav,1.911598639455782,243.06398568956664,True,praat_fallback
praat_gate_swipe_t0.3,studio_F1.wav,1.921598639455782,227.47991792301707,True,praat_fallback
praat_gate_swipe_t0.3,studio_F1.wav,1.931598639455782,221.03784888217993,True,swipe
praat_gate_swipe_t0.3,studio_F1.wav,1.941598639455782,213.39298157398724,True,swipe
praat_gate_swipe_t0.3,studio_F1.wav,1.951598639455782,209.19705285076444,True,swipe
praat_gate_swipe_t0.3,studio_F1.wav,1.961598639455782,207.50537790231996,True,swipe
praat_gate_swipe_t0.3,studio_F1.wav,1.971598639455782,205.8265694976362,True,swipe
praat_gate_swipe_t0.3,studio_F1.wav,1.981598639455782,203.79294764116307,True,swipe
praat_gate_swipe_t0.3,studio_F1.wav,1.991598639455782,201.77941851550275,True,swipe
praat_gate_swipe_t0.3,studio_F1.wav,2.001598639455782,199.60624067935876,True,swipe
praat_gate_swipe_t0.3,studio_F1.wav,2.011598639455782,198.17021301352014,True,swipe
praat_gate_swipe_t0.3,studio_F1.wav,2.021598639455782,196.74451656503257,True,swipe
praat_gate_swipe_t0.3,studio_F1.wav,2.031598639455782,194.9766185136513,True,swipe
praat_gate_swipe_t0.3,studio_F1.wav,2.041598639455782,193.3991732002502,True,swipe
praat_gate_swipe_t0.3,studio_F1.wav,2.051598639455782,191.83449010283036,True,swipe
praat_gate_swipe_t0.3,studio_F1.wav,2.061598639455782,190.45437476118528,True,swipe
praat_gate_swipe_t0.3,studio_F1.wav,2.071598639455782,189.25501460646677,True,swipe
praat_gate_swipe_t0.3,studio_F1.wav,2.081598639455782,187.89345679169807,True,swipe
praat_gate_swipe_t0.3,studio_F1.wav,2.091598639455782,186.54169443564854,True,swipe
praat_gate_swipe_t0.3,studio_F1.wav,2.101598639455782,185.1996570668255,True,swipe
praat_gate_swipe_t0.3,studio_F1.wav,2.111598639455782,182.70939591992357,True,swipe
praat_gate_swipe_t0.3,studio_F1.wav,2.121598639455782,181.23119775182835,True,swipe
praat_gate_swipe_t0.3,studio_F1.wav,2.131598639455782,175.43772720902183,True,swipe
praat_gate_swipe_t0.3,studio_F1.wav,2.141598639455782,171.21398253753202,True,swipe
praat_gate_swipe_t0.3,studio_F1.wav,2.151598639455782,0.0,False,unvoiced
praat_gate_swipe_t0.3,studio_F1.wav,2.161598639455782,0.0,False,unvoiced
praat_gate_swipe_t0.3,studio_F1.wav,2.171598639455782,0.0,False,unvoiced
praat_gate_swipe_t0.3,studio_F1.wav,2.181598639455782,0.0,False,unvoiced
praat_gate_swipe_t0.3,studio_F1.wav,2.191598639455782,0.0,False,unvoiced
praat_gate_swipe_t0.3,studio_F1.wav,2.201598639455782,0.0,False,unvoiced
praat_gate_swipe_t0.3,studio_F1.wav,2.211598639455782,0.0,False,unvoiced
praat_gate_swipe_t0.3,studio_F1.wav,2.221598639455782,0.0,False,unvoiced
praat_gate_swipe_t0.3,studio_F1.wav,2.231598639455782,0.0,False,unvoiced
praat_gate_swipe_t0.3,studio_F1.wav,2.241598639455782,0.0,False,unvoiced
praat_gate_swipe_t0.3,studio_F1.wav,2.251598639455782,0.0,False,unvoiced
praat_gate_swipe_t0.3,studio_F1.wav,2.261598639455782,0.0,False,unvoiced
praat_gate_swipe_t0.3,studio_F1.wav,2.271598639455782,0.0,False,unvoiced
praat_gate_swipe_t0.3,studio_F1.wav,2.281598639455782,0.0,False,unvoiced
praat_gate_swipe_t0.3,studio_F1.wav,2.291598639455782,0.0,False,unvoiced
praat_gate_swipe_t0.3,studio_F1.wav,2.301598639455782,0.0,False,unvoiced
praat_gate_swipe_t0.3,studio_F1.wav,2.311598639455782,0.0,False,unvoiced
praat_gate_swipe_t0.3,studio_F1.wav,2.321598639455782,0.0,False,unvoiced
praat_gate_swipe_t0.3,studio_F1.wav,2.331598639455782,0.0,False,unvoiced
praat_gate_swipe_t0.3,studio_F1.wav,2.341598639455782,0.0,False,unvoiced
praat_gate_swipe_t0.3,studio_F1.wav,2.351598639455782,0.0,False,unvoiced
praat_gate_swipe_t0.3,studio_F1.wav,2.361598639455782,0.0,False,unvoiced
praat_gate_swipe_t0.3,studio_F1.wav,2.371598639455782,0.0,False,unvoiced
praat_gate_swipe_t0.3,studio_F1.wav,2.381598639455782,0.0,False,unvoiced
praat_gate_swipe_t0.3,studio_F1.wav,2.391598639455782,0.0,False,unvoiced
praat_gate_swipe_t0.3,studio_F1.wav,2.401598639455782,0.0,False,unvoiced
praat_gate_swipe_t0.3,studio_F1.wav,2.411598639455782,0.0,False,unvoiced
praat_gate_swipe_t0.3,studio_F1.wav,2.421598639455782,0.0,False,unvoiced
praat_gate_swipe_t0.3,studio_F1.wav,2.431598639455782,0.0,False,unvoiced
praat_gate_swipe_t0.3,studio_F1.wav,2.441598639455782,0.0,False,unvoiced
praat_gate_swipe_t0.3,studio_F1.wav,2.451598639455782,0.0,False,unvoiced
praat_gate_swipe_t0.3,studio_F1.wav,2.461598639455782,0.0,False,unvoiced
praat_gate_swipe_t0.3,studio_F1.wav,2.471598639455782,0.0,False,unvoiced
praat_gate_swipe_t0.3,studio_F1.wav,2.481598639455782,0.0,False,unvoiced
praat_gate_swipe_t0.3,studio_F1.wav,2.491598639455782,0.0,False,unvoiced
praat_gate_swipe_t0.3,studio_F1.wav,2.501598639455782,0.0,False,unvoiced
praat_gate_swipe_t0.3,studio_F1.wav,2.511598639455782,0.0,False,unvoiced
praat_gate_swipe_t0.3,studio_F1.wav,2.521598639455782,0.0,False,unvoiced
praat_gate_swipe_t0.3,studio_F1.wav,2.531598639455782,0.0,False,unvoiced
praat_gate_swipe_t0.3,studio_F1.wav,2.541598639455782,0.0,False,unvoiced
praat_gate_swipe_t0.3,studio_F1.wav,2.551598639455782,0.0,False,unvoiced
praat_gate_swipe_t0.3,studio_F1.wav,2.561598639455782,0.0,False,unvoiced
praat_gate_swipe_t0.3,studio_F1.wav,2.571598639455782,0.0,False,unvoiced
praat_gate_swipe_t0.3,studio_F1.wav,2.581598639455782,0.0,False,unvoiced
praat_gate_swipe_t0.3,studio_F1.wav,2.591598639455782,0.0,False,unvoiced
praat_gate_swipe_t0.3,studio_F1.wav,2.601598639455782,0.0,False,unvoiced
praat_gate_swipe_t0.3,studio_F1.wav,2.611598639455782,0.0,False,unvoiced
praat_gate_swipe_t0.3,studio_F1.wav,2.621598639455782,0.0,False,unvoiced
praat_gate_swipe_t0.3,studio_F1.wav,2.631598639455782,0.0,False,unvoiced
praat_gate_swipe_t0.3,studio_F1.wav,2.641598639455782,0.0,False,unvoiced
praat_gate_swipe_t0.3,studio_F1.wav,2.651598639455782,0.0,False,unvoiced
praat_gate_swipe_t0.3,studio_F1.wav,2.661598639455782,0.0,False,unvoiced
praat_gate_swipe_t0.3,studio_F1.wav,2.671598639455782,0.0,False,unvoiced
praat_gate_swipe_t0.3,studio_F1.wav,2.681598639455782,0.0,False,unvoiced
praat_gate_swipe_t0.3,studio_F1.wav,2.691598639455782,0.0,False,unvoiced
praat_gate_swipe_t0.3,studio_F1.wav,2.701598639455782,0.0,False,unvoiced
praat_gate_swipe_t0.3,studio_F1.wav,2.711598639455782,0.0,False,unvoiced
praat_gate_swipe_t0.3,studio_F1.wav,2.721598639455782,0.0,False,unvoiced
praat_gate_swipe_t0.3,studio_F1.wav,2.731598639455782,0.0,False,unvoiced
praat_gate_swipe_t0.3,studio_F1.wav,2.741598639455782,0.0,False,unvoiced
praat_gate_swipe_t0.3,studio_F1.wav,2.751598639455782,0.0,False,unvoiced
praat_gate_swipe_t0.3,studio_F1.wav,2.761598639455782,0.0,False,unvoiced
praat_gate_swipe_t0.3,studio_F1.wav,2.771598639455782,0.0,False,unvoiced
praat_gate_swipe_t0.3,studio_F1.wav,2.781598639455782,0.0,False,unvoiced
praat_gate_swipe_t0.3,studio_F1.wav,2.791598639455782,0.0,False,unvoiced
praat_gate_swipe_t0.3,studio_F1.wav,2.801598639455782,0.0,False,unvoiced
praat_gate_swipe_t0.3,studio_F1.wav,2.811598639455782,0.0,False,unvoiced
praat_gate_swipe_t0.3,studio_F1.wav,2.821598639455782,0.0,False,unvoiced
praat_gate_swipe_t0.3,studio_F1.wav,2.831598639455782,0.0,False,unvoiced
praat_gate_swipe_t0.3,studio_F1.wav,2.841598639455782,0.0,False,unvoiced
praat7_filtered_v0.3,studio_M1.wav,0.025079365079365,0.0,False,praat_control
praat7_filtered_v0.3,studio_M1.wav,0.035079365079365,0.0,False,praat_control
praat7_filtered_v0.3,studio_M1.wav,0.045079365079365,0.0,False,praat_control
praat7_filtered_v0.3,studio_M1.wav,0.055079365079365,0.0,False,praat_control
praat7_filtered_v0.3,studio_M1.wav,0.065079365079365,0.0,False,praat_control
praat7_filtered_v0.3,studio_M1.wav,0.075079365079365,0.0,False,praat_control
praat7_filtered_v0.3,studio_M1.wav,0.085079365079365,0.0,False,praat_control
praat7_filtered_v0.3,studio_M1.wav,0.095079365079365,0.0,False,praat_control
praat7_filtered_v0.3,studio_M1.wav,0.105079365079365,0.0,False,praat_control
praat7_filtered_v0.3,studio_M1.wav,0.115079365079365,0.0,False,praat_control
praat7_filtered_v0.3,studio_M1.wav,0.125079365079365,0.0,False,praat_control
praat7_filtered_v0.3,studio_M1.wav,0.135079365079365,0.0,False,praat_control
praat7_filtered_v0.3,studio_M1.wav,0.145079365079365,0.0,False,praat_control
praat7_filtered_v0.3,studio_M1.wav,0.155079365079365,0.0,False,praat_control
praat7_filtered_v0.3,studio_M1.wav,0.165079365079365,0.0,False,praat_control
praat7_filtered_v0.3,studio_M1.wav,0.175079365079365,0.0,False,praat_control
praat7_filtered_v0.3,studio_M1.wav,0.185079365079365,0.0,False,praat_control
praat7_filtered_v0.3,studio_M1.wav,0.195079365079365,0.0,False,praat_control
praat7_filtered_v0.3,studio_M1.wav,0.205079365079365,0.0,False,praat_control
praat7_filtered_v0.3,studio_M1.wav,0.215079365079365,0.0,False,praat_control
praat7_filtered_v0.3,studio_M1.wav,0.225079365079365,0.0,False,praat_control
praat7_filtered_v0.3,studio_M1.wav,0.235079365079365,0.0,False,praat_control
praat7_filtered_v0.3,studio_M1.wav,0.245079365079365,0.0,False,praat_control
praat7_filtered_v0.3,studio_M1.wav,0.255079365079365,0.0,False,praat_control
praat7_filtered_v0.3,studio_M1.wav,0.265079365079365,0.0,False,praat_control
praat7_filtered_v0.3,studio_M1.wav,0.275079365079365,0.0,False,praat_control
praat7_filtered_v0.3,studio_M1.wav,0.285079365079365,0.0,False,praat_control
praat7_filtered_v0.3,studio_M1.wav,0.295079365079365,0.0,False,praat_control
praat7_filtered_v0.3,studio_M1.wav,0.305079365079365,0.0,False,praat_control
praat7_filtered_v0.3,studio_M1.wav,0.315079365079365,0.0,False,praat_control
praat7_filtered_v0.3,studio_M1.wav,0.325079365079365,0.0,False,praat_control
praat7_filtered_v0.3,studio_M1.wav,0.335079365079365,0.0,False,praat_control
praat7_filtered_v0.3,studio_M1.wav,0.345079365079365,0.0,False,praat_control
praat7_filtered_v0.3,studio_M1.wav,0.355079365079365,0.0,False,praat_control
praat7_filtered_v0.3,studio_M1.wav,0.365079365079365,0.0,False,praat_control
praat7_filtered_v0.3,studio_M1.wav,0.375079365079365,0.0,False,praat_control
praat7_filtered_v0.3,studio_M1.wav,0.385079365079365,0.0,False,praat_control
praat7_filtered_v0.3,studio_M1.wav,0.395079365079365,0.0,False,praat_control
praat7_filtered_v0.3,studio_M1.wav,0.405079365079365,0.0,False,praat_control
praat7_filtered_v0.3,studio_M1.wav,0.415079365079365,0.0,False,praat_control
praat7_filtered_v0.3,studio_M1.wav,0.425079365079365,0.0,False,praat_control
praat7_filtered_v0.3,studio_M1.wav,0.435079365079365,0.0,False,praat_control
praat7_filtered_v0.3,studio_M1.wav,0.445079365079365,0.0,False,praat_control
praat7_filtered_v0.3,studio_M1.wav,0.455079365079365,0.0,False,praat_control
praat7_filtered_v0.3,studio_M1.wav,0.465079365079365,0.0,False,praat_control
praat7_filtered_v0.3,studio_M1.wav,0.475079365079365,0.0,False,praat_control
praat7_filtered_v0.3,studio_M1.wav,0.485079365079365,0.0,False,praat_control
praat7_filtered_v0.3,studio_M1.wav,0.495079365079365,0.0,False,praat_control
praat7_filtered_v0.3,studio_M1.wav,0.505079365079365,0.0,False,praat_control
praat7_filtered_v0.3,studio_M1.wav,0.515079365079365,0.0,False,praat_control
praat7_filtered_v0.3,studio_M1.wav,0.525079365079365,0.0,False,praat_control
praat7_filtered_v0.3,studio_M1.wav,0.535079365079365,0.0,False,praat_control
praat7_filtered_v0.3,studio_M1.wav,0.545079365079365,0.0,False,praat_control
praat7_filtered_v0.3,studio_M1.wav,0.555079365079365,0.0,False,praat_control
praat7_filtered_v0.3,studio_M1.wav,0.565079365079365,0.0,False,praat_control
praat7_filtered_v0.3,studio_M1.wav,0.575079365079365,0.0,False,praat_control
praat7_filtered_v0.3,studio_M1.wav,0.585079365079365,0.0,False,praat_control
praat7_filtered_v0.3,studio_M1.wav,0.595079365079365,0.0,False,praat_control
praat7_filtered_v0.3,studio_M1.wav,0.605079365079365,0.0,False,praat_control
praat7_filtered_v0.3,studio_M1.wav,0.615079365079365,0.0,False,praat_control
praat7_filtered_v0.3,studio_M1.wav,0.625079365079365,0.0,False,praat_control
praat7_filtered_v0.3,studio_M1.wav,0.635079365079365,0.0,False,praat_control
praat7_filtered_v0.3,studio_M1.wav,0.645079365079365,0.0,False,praat_control
praat7_filtered_v0.3,studio_M1.wav,0.655079365079365,0.0,False,praat_control
praat7_filtered_v0.3,studio_M1.wav,0.665079365079365,0.0,False,praat_control
praat7_filtered_v0.3,studio_M1.wav,0.675079365079365,0.0,False,praat_control
praat7_filtered_v0.3,studio_M1.wav,0.685079365079365,0.0,False,praat_control
praat7_filtered_v0.3,studio_M1.wav,0.695079365079365,0.0,False,praat_control
praat7_filtered_v0.3,studio_M1.wav,0.705079365079365,0.0,False,praat_control
praat7_filtered_v0.3,studio_M1.wav,0.715079365079365,0.0,False,praat_control
praat7_filtered_v0.3,studio_M1.wav,0.725079365079365,0.0,False,praat_control
praat7_filtered_v0.3,studio_M1.wav,0.735079365079365,0.0,False,praat_control
praat7_filtered_v0.3,studio_M1.wav,0.745079365079365,0.0,False,praat_control
praat7_filtered_v0.3,studio_M1.wav,0.755079365079365,0.0,False,praat_control
praat7_filtered_v0.3,studio_M1.wav,0.765079365079365,0.0,False,praat_control
praat7_filtered_v0.3,studio_M1.wav,0.775079365079365,0.0,False,praat_control
praat7_filtered_v0.3,studio_M1.wav,0.785079365079365,0.0,False,praat_control
praat7_filtered_v0.3,studio_M1.wav,0.795079365079365,0.0,False,praat_control
praat7_filtered_v0.3,studio_M1.wav,0.805079365079365,0.0,False,praat_control
praat7_filtered_v0.3,studio_M1.wav,0.815079365079365,0.0,False,praat_control
praat7_filtered_v0.3,studio_M1.wav,0.825079365079365,0.0,False,praat_control
praat7_filtered_v0.3,studio_M1.wav,0.835079365079365,0.0,False,praat_control
praat7_filtered_v0.3,studio_M1.wav,0.845079365079365,0.0,False,praat_control
praat7_filtered_v0.3,studio_M1.wav,0.855079365079365,0.0,False,praat_control
praat7_filtered_v0.3,studio_M1.wav,0.865079365079365,0.0,False,praat_control
praat7_filtered_v0.3,studio_M1.wav,0.875079365079365,0.0,False,praat_control
praat7_filtered_v0.3,studio_M1.wav,0.885079365079365,0.0,False,praat_control
praat7_filtered_v0.3,studio_M1.wav,0.895079365079365,0.0,False,praat_control
praat7_filtered_v0.3,studio_M1.wav,0.905079365079365,0.0,False,praat_control
praat7_filtered_v0.3,studio_M1.wav,0.915079365079365,0.0,False,praat_control
praat7_filtered_v0.3,studio_M1.wav,0.925079365079365,153.7397190440944,True,praat_control
praat7_filtered_v0.3,studio_M1.wav,0.935079365079365,140.99228560384873,True,praat_control
praat7_filtered_v0.3,studio_M1.wav,0.945079365079365,138.34598524270967,True,praat_control
praat7_filtered_v0.3,studio_M1.wav,0.955079365079365,135.33726354543603,True,praat_control
praat7_filtered_v0.3,studio_M1.wav,0.965079365079365,133.42777124949885,True,praat_control
praat7_filtered_v0.3,studio_M1.wav,0.975079365079365,132.85707754795953,True,praat_control
praat7_filtered_v0.3,studio_M1.wav,0.985079365079365,131.8848710900044,True,praat_control
praat7_filtered_v0.3,studio_M1.wav,0.995079365079365,127.83841380747629,True,praat_control
praat7_filtered_v0.3,studio_M1.wav,1.005079365079365,123.73198702070793,True,praat_control
praat7_filtered_v0.3,studio_M1.wav,1.015079365079365,121.22228418444496,True,praat_control
praat7_filtered_v0.3,studio_M1.wav,1.025079365079365,119.81498337295372,True,praat_control
praat7_filtered_v0.3,studio_M1.wav,1.035079365079365,118.93667991862785,True,praat_control
praat7_filtered_v0.3,studio_M1.wav,1.045079365079365,118.48774715707792,True,praat_control
praat7_filtered_v0.3,studio_M1.wav,1.055079365079365,118.48447716577068,True,praat_control
praat7_filtered_v0.3,studio_M1.wav,1.065079365079365,117.38873584167033,True,praat_control
praat7_filtered_v0.3,studio_M1.wav,1.075079365079365,115.68223451865332,True,praat_control
praat7_filtered_v0.3,studio_M1.wav,1.085079365079365,117.04413296152784,True,praat_control
praat7_filtered_v0.3,studio_M1.wav,1.095079365079365,126.10102279105092,True,praat_control
praat7_filtered_v0.3,studio_M1.wav,1.105079365079365,130.65244919101653,True,praat_control
praat7_filtered_v0.3,studio_M1.wav,1.115079365079365,132.74121558878502,True,praat_control
praat7_filtered_v0.3,studio_M1.wav,1.125079365079365,135.35653486719156,True,praat_control
praat7_filtered_v0.3,studio_M1.wav,1.135079365079365,136.2610538197067,True,praat_control
praat7_filtered_v0.3,studio_M1.wav,1.145079365079365,139.22904309635635,True,praat_control
praat7_filtered_v0.3,studio_M1.wav,1.155079365079365,140.23622896135063,True,praat_control
praat7_filtered_v0.3,studio_M1.wav,1.165079365079365,134.41780382771864,True,praat_control
praat7_filtered_v0.3,studio_M1.wav,1.175079365079365,142.08245746002424,True,praat_control
praat7_filtered_v0.3,studio_M1.wav,1.185079365079365,0.0,False,praat_control
praat7_filtered_v0.3,studio_M1.wav,1.195079365079365,0.0,False,praat_control
praat7_filtered_v0.3,studio_M1.wav,1.205079365079365,165.6856068399136,True,praat_control
praat7_filtered_v0.3,studio_M1.wav,1.215079365079365,164.6782677792912,True,praat_control
praat7_filtered_v0.3,studio_M1.wav,1.225079365079365,170.6028851667022,True,praat_control
praat7_filtered_v0.3,studio_M1.wav,1.235079365079365,174.05590908990618,True,praat_control
praat7_filtered_v0.3,studio_M1.wav,1.245079365079365,174.75109435643918,True,praat_control
praat7_filtered_v0.3,studio_M1.wav,1.255079365079365,173.77754969996147,True,praat_control
praat7_filtered_v0.3,studio_M1.wav,1.265079365079365,171.84497639012298,True,praat_control
praat7_filtered_v0.3,studio_M1.wav,1.275079365079365,0.0,False,praat_control
praat7_filtered_v0.3,studio_M1.wav,1.285079365079365,0.0,False,praat_control
praat7_filtered_v0.3,studio_M1.wav,1.295079365079365,0.0,False,praat_control
praat7_filtered_v0.3,studio_M1.wav,1.305079365079365,0.0,False,praat_control
praat7_filtered_v0.3,studio_M1.wav,1.315079365079365,0.0,False,praat_control
praat7_filtered_v0.3,studio_M1.wav,1.325079365079365,170.40478146397152,True,praat_control
praat7_filtered_v0.3,studio_M1.wav,1.335079365079365,158.82682011023843,True,praat_control
praat7_filtered_v0.3,studio_M1.wav,1.345079365079365,145.24230143590069,True,praat_control
praat7_filtered_v0.3,studio_M1.wav,1.355079365079365,134.96995912999708,True,praat_control
praat7_filtered_v0.3,studio_M1.wav,1.365079365079365,123.90378968806128,True,praat_control
praat7_filtered_v0.3,studio_M1.wav,1.375079365079365,116.28241233977874,True,praat_control
praat7_filtered_v0.3,studio_M1.wav,1.385079365079365,109.58454522986344,True,praat_control
praat7_filtered_v0.3,studio_M1.wav,1.395079365079365,104.3531428915982,True,praat_control
praat7_filtered_v0.3,studio_M1.wav,1.405079365079365,101.65690566840384,True,praat_control
praat7_filtered_v0.3,studio_M1.wav,1.415079365079365,100.09060217809989,True,praat_control
praat7_filtered_v0.3,studio_M1.wav,1.425079365079365,99.45138695307377,True,praat_control
praat7_filtered_v0.3,studio_M1.wav,1.435079365079365,95.03493169116759,True,praat_control
praat7_filtered_v0.3,studio_M1.wav,1.445079365079365,92.22350336637545,True,praat_control
praat7_filtered_v0.3,studio_M1.wav,1.455079365079365,93.61223672253406,True,praat_control
praat7_filtered_v0.3,studio_M1.wav,1.465079365079365,93.85344948286938,True,praat_control
praat7_filtered_v0.3,studio_M1.wav,1.475079365079365,94.95491765733568,True,praat_control
praat7_filtered_v0.3,studio_M1.wav,1.485079365079365,96.38696936359821,True,praat_control
praat7_filtered_v0.3,studio_M1.wav,1.495079365079365,98.63973809468943,True,praat_control
praat7_filtered_v0.3,studio_M1.wav,1.505079365079365,97.96434946092737,True,praat_control
praat7_filtered_v0.3,studio_M1.wav,1.515079365079365,96.3549129343733,True,praat_control
praat7_filtered_v0.3,studio_M1.wav,1.525079365079365,95.4337883725896,True,praat_control
praat7_filtered_v0.3,studio_M1.wav,1.535079365079365,94.81763881788096,True,praat_control
praat7_filtered_v0.3,studio_M1.wav,1.545079365079365,92.63101727681745,True,praat_control
praat7_filtered_v0.3,studio_M1.wav,1.555079365079365,89.89579097464804,True,praat_control
praat7_filtered_v0.3,studio_M1.wav,1.565079365079365,91.81588925518146,True,praat_control
praat7_filtered_v0.3,studio_M1.wav,1.575079365079365,92.58507576635574,True,praat_control
praat7_filtered_v0.3,studio_M1.wav,1.585079365079365,0.0,False,praat_control
praat7_filtered_v0.3,studio_M1.wav,1.595079365079365,0.0,False,praat_control
praat7_filtered_v0.3,studio_M1.wav,1.605079365079365,0.0,False,praat_control
praat7_filtered_v0.3,studio_M1.wav,1.615079365079365,0.0,False,praat_control
praat7_filtered_v0.3,studio_M1.wav,1.625079365079365,0.0,False,praat_control
praat7_filtered_v0.3,studio_M1.wav,1.635079365079365,0.0,False,praat_control
praat7_filtered_v0.3,studio_M1.wav,1.645079365079365,0.0,False,praat_control
praat7_filtered_v0.3,studio_M1.wav,1.655079365079365,0.0,False,praat_control
praat7_filtered_v0.3,studio_M1.wav,1.665079365079365,118.88222277756208,True,praat_control
praat7_filtered_v0.3,studio_M1.wav,1.675079365079365,107.9845924636583,True,praat_control
praat7_filtered_v0.3,studio_M1.wav,1.685079365079365,94.33162371223011,True,praat_control
praat7_filtered_v0.3,studio_M1.wav,1.695079365079365,92.58395497686345,True,praat_control
praat7_filtered_v0.3,studio_M1.wav,1.705079365079365,0.0,False,praat_control
praat7_filtered_v0.3,studio_M1.wav,1.715079365079365,0.0,False,praat_control
praat7_filtered_v0.3,studio_M1.wav,1.725079365079365,0.0,False,praat_control
praat7_filtered_v0.3,studio_M1.wav,1.735079365079365,0.0,False,praat_control
praat7_filtered_v0.3,studio_M1.wav,1.745079365079365,0.0,False,praat_control
praat7_filtered_v0.3,studio_M1.wav,1.755079365079365,0.0,False,praat_control
praat7_filtered_v0.3,studio_M1.wav,1.765079365079365,0.0,False,praat_control
praat7_filtered_v0.3,studio_M1.wav,1.775079365079365,0.0,False,praat_control
praat7_filtered_v0.3,studio_M1.wav,1.785079365079365,0.0,False,praat_control
praat7_filtered_v0.3,studio_M1.wav,1.795079365079365,0.0,False,praat_control
praat7_filtered_v0.3,studio_M1.wav,1.805079365079365,0.0,False,praat_control
praat7_filtered_v0.3,studio_M1.wav,1.815079365079365,0.0,False,praat_control
praat7_filtered_v0.3,studio_M1.wav,1.825079365079365,0.0,False,praat_control
praat7_filtered_v0.3,studio_M1.wav,1.835079365079365,112.53842750509781,True,praat_control
praat7_filtered_v0.3,studio_M1.wav,1.845079365079365,105.52424392118894,True,praat_control
praat7_filtered_v0.3,studio_M1.wav,1.855079365079365,103.8241898574414,True,praat_control
praat7_filtered_v0.3,studio_M1.wav,1.865079365079365,102.2601509581586,True,praat_control
praat7_filtered_v0.3,studio_M1.wav,1.875079365079365,101.10826787274118,True,praat_control
praat7_filtered_v0.3,studio_M1.wav,1.885079365079365,100.32166163880125,True,praat_control
praat7_filtered_v0.3,studio_M1.wav,1.895079365079365,99.48185684123713,True,praat_control
praat7_filtered_v0.3,studio_M1.wav,1.905079365079365,98.96304389882312,True,praat_control
praat7_filtered_v0.3,studio_M1.wav,1.915079365079365,98.12775720590824,True,praat_control
praat7_filtered_v0.3,studio_M1.wav,1.925079365079365,97.67940701198052,True,praat_control
praat7_filtered_v0.3,studio_M1.wav,1.935079365079365,96.71851553583414,True,praat_control
praat7_filtered_v0.3,studio_M1.wav,1.945079365079365,95.17691231707698,True,praat_control
praat7_filtered_v0.3,studio_M1.wav,1.955079365079365,94.19748387230733,True,praat_control
praat7_filtered_v0.3,studio_M1.wav,1.965079365079365,93.42402590629837,True,praat_control
praat7_filtered_v0.3,studio_M1.wav,1.975079365079365,92.95722730734637,True,praat_control
praat7_filtered_v0.3,studio_M1.wav,1.985079365079365,92.45947143722236,True,praat_control
praat7_filtered_v0.3,studio_M1.wav,1.995079365079365,91.4839478310013,True,praat_control
praat7_filtered_v0.3,studio_M1.wav,2.005079365079365,90.62697041987218,True,praat_control
praat7_filtered_v0.3,studio_M1.wav,2.015079365079365,89.55540446298771,True,praat_control
praat7_filtered_v0.3,studio_M1.wav,2.025079365079365,88.94356189932952,True,praat_control
praat7_filtered_v0.3,studio_M1.wav,2.035079365079365,87.57981882517002,True,praat_control
praat7_filtered_v0.3,studio_M1.wav,2.045079365079365,90.16164138159368,True,praat_control
praat7_filtered_v0.3,studio_M1.wav,2.055079365079366,0.0,False,praat_control
praat7_filtered_v0.3,studio_M1.wav,2.065079365079365,0.0,False,praat_control
praat7_filtered_v0.3,studio_M1.wav,2.075079365079365,0.0,False,praat_control
praat7_filtered_v0.3,studio_M1.wav,2.085079365079365,0.0,False,praat_control
praat7_filtered_v0.3,studio_M1.wav,2.095079365079365,0.0,False,praat_control
praat7_filtered_v0.3,studio_M1.wav,2.105079365079365,0.0,False,praat_control
praat7_filtered_v0.3,studio_M1.wav,2.115079365079365,0.0,False,praat_control
praat7_filtered_v0.3,studio_M1.wav,2.125079365079365,0.0,False,praat_control
praat7_filtered_v0.3,studio_M1.wav,2.135079365079365,0.0,False,praat_control
praat7_filtered_v0.3,studio_M1.wav,2.145079365079365,0.0,False,praat_control
praat7_filtered_v0.3,studio_M1.wav,2.155079365079365,0.0,False,praat_control
praat7_filtered_v0.3,studio_M1.wav,2.165079365079365,0.0,False,praat_control
praat7_filtered_v0.3,studio_M1.wav,2.175079365079365,0.0,False,praat_control
praat7_filtered_v0.3,studio_M1.wav,2.185079365079365,0.0,False,praat_control
praat7_filtered_v0.3,studio_M1.wav,2.195079365079365,0.0,False,praat_control
praat7_filtered_v0.3,studio_M1.wav,2.205079365079365,0.0,False,praat_control
praat7_filtered_v0.3,studio_M1.wav,2.215079365079365,0.0,False,praat_control
praat7_filtered_v0.3,studio_M1.wav,2.225079365079365,0.0,False,praat_control
praat7_filtered_v0.3,studio_M1.wav,2.235079365079365,0.0,False,praat_control
praat7_filtered_v0.3,studio_M1.wav,2.245079365079365,0.0,False,praat_control
praat7_filtered_v0.3,studio_M1.wav,2.255079365079365,0.0,False,praat_control
praat7_filtered_v0.3,studio_M1.wav,2.265079365079365,0.0,False,praat_control
praat7_filtered_v0.3,studio_M1.wav,2.275079365079365,0.0,False,praat_control
praat7_filtered_v0.3,studio_M1.wav,2.285079365079365,0.0,False,praat_control
praat7_filtered_v0.3,studio_M1.wav,2.295079365079365,0.0,False,praat_control
praat7_filtered_v0.3,studio_M1.wav,2.305079365079366,0.0,False,praat_control
praat7_filtered_v0.3,studio_M1.wav,2.315079365079365,0.0,False,praat_control
praat7_filtered_v0.3,studio_M1.wav,2.325079365079366,0.0,False,praat_control
praat7_filtered_v0.3,studio_M1.wav,2.335079365079365,0.0,False,praat_control
praat7_filtered_v0.3,studio_M1.wav,2.345079365079365,0.0,False,praat_control
praat7_filtered_v0.3,studio_M1.wav,2.355079365079365,0.0,False,praat_control
praat7_filtered_v0.3,studio_M1.wav,2.365079365079365,0.0,False,praat_control
praat7_filtered_v0.3,studio_M1.wav,2.375079365079365,0.0,False,praat_control
praat7_filtered_v0.3,studio_M1.wav,2.385079365079365,0.0,False,praat_control
praat7_filtered_v0.3,studio_M1.wav,2.395079365079365,0.0,False,praat_control
praat7_filtered_v0.3,studio_M1.wav,2.405079365079365,0.0,False,praat_control
praat7_filtered_v0.3,studio_M1.wav,2.415079365079365,0.0,False,praat_control
praat7_filtered_v0.3,studio_M1.wav,2.425079365079365,0.0,False,praat_control
praat7_filtered_v0.3,studio_M1.wav,2.435079365079365,0.0,False,praat_control
praat7_filtered_v0.3,studio_M1.wav,2.445079365079365,0.0,False,praat_control
praat7_filtered_v0.3,studio_M1.wav,2.455079365079365,0.0,False,praat_control
praat7_filtered_v0.3,studio_M1.wav,2.465079365079365,0.0,False,praat_control
praat7_filtered_v0.3,studio_M1.wav,2.475079365079365,0.0,False,praat_control
praat7_filtered_v0.3,studio_M1.wav,2.485079365079365,0.0,False,praat_control
praat7_filtered_v0.3,studio_M1.wav,2.495079365079365,0.0,False,praat_control
praat7_filtered_v0.3,studio_M1.wav,2.505079365079365,0.0,False,praat_control
praat7_filtered_v0.3,studio_M1.wav,2.515079365079365,0.0,False,praat_control
praat7_filtered_v0.3,studio_M1.wav,2.525079365079365,0.0,False,praat_control
praat7_filtered_v0.3,studio_M1.wav,2.535079365079365,0.0,False,praat_control
praat7_filtered_v0.3,studio_M1.wav,2.545079365079365,0.0,False,praat_control
praat7_filtered_v0.3,studio_M1.wav,2.555079365079366,0.0,False,praat_control
praat7_filtered_v0.3,studio_M1.wav,2.565079365079365,0.0,False,praat_control
praat7_filtered_v0.3,studio_M1.wav,2.575079365079366,0.0,False,praat_control
praat7_filtered_v0.3,studio_M1.wav,2.585079365079365,0.0,False,praat_control
praat7_filtered_v0.3,studio_M1.wav,2.595079365079365,0.0,False,praat_control
praat7_filtered_v0.3,studio_M1.wav,2.605079365079365,0.0,False,praat_control
praat7_filtered_v0.3,studio_M1.wav,2.615079365079365,0.0,False,praat_control
praat7_filtered_v0.3,studio_M1.wav,2.625079365079365,0.0,False,praat_control
praat7_filtered_v0.3,studio_M1.wav,2.635079365079365,0.0,False,praat_control
praat7_filtered_v0.3,studio_M1.wav,2.645079365079365,0.0,False,praat_control
praat7_filtered_v0.3,studio_M1.wav,2.655079365079365,0.0,False,praat_control
praat7_filtered_v0.3,studio_M1.wav,2.665079365079365,0.0,False,praat_control
praat7_filtered_v0.3,studio_M1.wav,2.675079365079365,0.0,False,praat_control
praat7_filtered_v0.3,studio_M1.wav,2.685079365079365,0.0,False,praat_control
praat7_filtered_v0.3,studio_M1.wav,2.695079365079365,0.0,False,praat_control
praat7_filtered_v0.3,studio_M1.wav,2.705079365079365,0.0,False,praat_control
praat_gate_swipe_t0.2,studio_M1.wav,0.025079365079365,0.0,False,unvoiced
praat_gate_swipe_t0.2,studio_M1.wav,0.035079365079365,0.0,False,unvoiced
praat_gate_swipe_t0.2,studio_M1.wav,0.045079365079365,0.0,False,unvoiced
praat_gate_swipe_t0.2,studio_M1.wav,0.055079365079365,0.0,False,unvoiced
praat_gate_swipe_t0.2,studio_M1.wav,0.065079365079365,0.0,False,unvoiced
praat_gate_swipe_t0.2,studio_M1.wav,0.075079365079365,0.0,False,unvoiced
praat_gate_swipe_t0.2,studio_M1.wav,0.085079365079365,0.0,False,unvoiced
praat_gate_swipe_t0.2,studio_M1.wav,0.095079365079365,0.0,False,unvoiced
praat_gate_swipe_t0.2,studio_M1.wav,0.105079365079365,0.0,False,unvoiced
praat_gate_swipe_t0.2,studio_M1.wav,0.115079365079365,0.0,False,unvoiced
praat_gate_swipe_t0.2,studio_M1.wav,0.125079365079365,0.0,False,unvoiced
praat_gate_swipe_t0.2,studio_M1.wav,0.135079365079365,0.0,False,unvoiced
praat_gate_swipe_t0.2,studio_M1.wav,0.145079365079365,0.0,False,unvoiced
praat_gate_swipe_t0.2,studio_M1.wav,0.155079365079365,0.0,False,unvoiced
praat_gate_swipe_t0.2,studio_M1.wav,0.165079365079365,0.0,False,unvoiced
praat_gate_swipe_t0.2,studio_M1.wav,0.175079365079365,0.0,False,unvoiced
praat_gate_swipe_t0.2,studio_M1.wav,0.185079365079365,0.0,False,unvoiced
praat_gate_swipe_t0.2,studio_M1.wav,0.195079365079365,0.0,False,unvoiced
praat_gate_swipe_t0.2,studio_M1.wav,0.205079365079365,0.0,False,unvoiced
praat_gate_swipe_t0.2,studio_M1.wav,0.215079365079365,0.0,False,unvoiced
praat_gate_swipe_t0.2,studio_M1.wav,0.225079365079365,0.0,False,unvoiced
praat_gate_swipe_t0.2,studio_M1.wav,0.235079365079365,0.0,False,unvoiced
praat_gate_swipe_t0.2,studio_M1.wav,0.245079365079365,0.0,False,unvoiced
praat_gate_swipe_t0.2,studio_M1.wav,0.255079365079365,0.0,False,unvoiced
praat_gate_swipe_t0.2,studio_M1.wav,0.265079365079365,0.0,False,unvoiced
praat_gate_swipe_t0.2,studio_M1.wav,0.275079365079365,0.0,False,unvoiced
praat_gate_swipe_t0.2,studio_M1.wav,0.285079365079365,0.0,False,unvoiced
praat_gate_swipe_t0.2,studio_M1.wav,0.295079365079365,0.0,False,unvoiced
praat_gate_swipe_t0.2,studio_M1.wav,0.305079365079365,0.0,False,unvoiced
praat_gate_swipe_t0.2,studio_M1.wav,0.315079365079365,0.0,False,unvoiced
praat_gate_swipe_t0.2,studio_M1.wav,0.325079365079365,0.0,False,unvoiced
praat_gate_swipe_t0.2,studio_M1.wav,0.335079365079365,0.0,False,unvoiced
praat_gate_swipe_t0.2,studio_M1.wav,0.345079365079365,0.0,False,unvoiced
praat_gate_swipe_t0.2,studio_M1.wav,0.355079365079365,0.0,False,unvoiced
praat_gate_swipe_t0.2,studio_M1.wav,0.365079365079365,0.0,False,unvoiced
praat_gate_swipe_t0.2,studio_M1.wav,0.375079365079365,0.0,False,unvoiced
praat_gate_swipe_t0.2,studio_M1.wav,0.385079365079365,0.0,False,unvoiced
praat_gate_swipe_t0.2,studio_M1.wav,0.395079365079365,0.0,False,unvoiced
praat_gate_swipe_t0.2,studio_M1.wav,0.405079365079365,0.0,False,unvoiced
praat_gate_swipe_t0.2,studio_M1.wav,0.415079365079365,0.0,False,unvoiced
praat_gate_swipe_t0.2,studio_M1.wav,0.425079365079365,0.0,False,unvoiced
praat_gate_swipe_t0.2,studio_M1.wav,0.435079365079365,0.0,False,unvoiced
praat_gate_swipe_t0.2,studio_M1.wav,0.445079365079365,0.0,False,unvoiced
praat_gate_swipe_t0.2,studio_M1.wav,0.455079365079365,0.0,False,unvoiced
praat_gate_swipe_t0.2,studio_M1.wav,0.465079365079365,0.0,False,unvoiced
praat_gate_swipe_t0.2,studio_M1.wav,0.475079365079365,0.0,False,unvoiced
praat_gate_swipe_t0.2,studio_M1.wav,0.485079365079365,0.0,False,unvoiced
praat_gate_swipe_t0.2,studio_M1.wav,0.495079365079365,0.0,False,unvoiced
praat_gate_swipe_t0.2,studio_M1.wav,0.505079365079365,0.0,False,unvoiced
praat_gate_swipe_t0.2,studio_M1.wav,0.515079365079365,0.0,False,unvoiced
praat_gate_swipe_t0.2,studio_M1.wav,0.525079365079365,0.0,False,unvoiced
praat_gate_swipe_t0.2,studio_M1.wav,0.535079365079365,0.0,False,unvoiced
praat_gate_swipe_t0.2,studio_M1.wav,0.545079365079365,0.0,False,unvoiced
praat_gate_swipe_t0.2,studio_M1.wav,0.555079365079365,0.0,False,unvoiced
praat_gate_swipe_t0.2,studio_M1.wav,0.565079365079365,0.0,False,unvoiced
praat_gate_swipe_t0.2,studio_M1.wav,0.575079365079365,0.0,False,unvoiced
praat_gate_swipe_t0.2,studio_M1.wav,0.585079365079365,0.0,False,unvoiced
praat_gate_swipe_t0.2,studio_M1.wav,0.595079365079365,0.0,False,unvoiced
praat_gate_swipe_t0.2,studio_M1.wav,0.605079365079365,0.0,False,unvoiced
praat_gate_swipe_t0.2,studio_M1.wav,0.615079365079365,0.0,False,unvoiced
praat_gate_swipe_t0.2,studio_M1.wav,0.625079365079365,0.0,False,unvoiced
praat_gate_swipe_t0.2,studio_M1.wav,0.635079365079365,0.0,False,unvoiced
praat_gate_swipe_t0.2,studio_M1.wav,0.645079365079365,0.0,False,unvoiced
praat_gate_swipe_t0.2,studio_M1.wav,0.655079365079365,0.0,False,unvoiced
praat_gate_swipe_t0.2,studio_M1.wav,0.665079365079365,0.0,False,unvoiced
praat_gate_swipe_t0.2,studio_M1.wav,0.675079365079365,0.0,False,unvoiced
praat_gate_swipe_t0.2,studio_M1.wav,0.685079365079365,0.0,False,unvoiced
praat_gate_swipe_t0.2,studio_M1.wav,0.695079365079365,0.0,False,unvoiced
praat_gate_swipe_t0.2,studio_M1.wav,0.705079365079365,0.0,False,unvoiced
praat_gate_swipe_t0.2,studio_M1.wav,0.715079365079365,0.0,False,unvoiced
praat_gate_swipe_t0.2,studio_M1.wav,0.725079365079365,0.0,False,unvoiced
praat_gate_swipe_t0.2,studio_M1.wav,0.735079365079365,0.0,False,unvoiced
praat_gate_swipe_t0.2,studio_M1.wav,0.745079365079365,0.0,False,unvoiced
praat_gate_swipe_t0.2,studio_M1.wav,0.755079365079365,0.0,False,unvoiced
praat_gate_swipe_t0.2,studio_M1.wav,0.765079365079365,0.0,False,unvoiced
praat_gate_swipe_t0.2,studio_M1.wav,0.775079365079365,0.0,False,unvoiced
praat_gate_swipe_t0.2,studio_M1.wav,0.785079365079365,0.0,False,unvoiced
praat_gate_swipe_t0.2,studio_M1.wav,0.795079365079365,0.0,False,unvoiced
praat_gate_swipe_t0.2,studio_M1.wav,0.805079365079365,0.0,False,unvoiced
praat_gate_swipe_t0.2,studio_M1.wav,0.815079365079365,0.0,False,unvoiced
praat_gate_swipe_t0.2,studio_M1.wav,0.825079365079365,0.0,False,unvoiced
praat_gate_swipe_t0.2,studio_M1.wav,0.835079365079365,0.0,False,unvoiced
praat_gate_swipe_t0.2,studio_M1.wav,0.845079365079365,0.0,False,unvoiced
praat_gate_swipe_t0.2,studio_M1.wav,0.855079365079365,0.0,False,unvoiced
praat_gate_swipe_t0.2,studio_M1.wav,0.865079365079365,0.0,False,unvoiced
praat_gate_swipe_t0.2,studio_M1.wav,0.875079365079365,0.0,False,unvoiced
praat_gate_swipe_t0.2,studio_M1.wav,0.885079365079365,0.0,False,unvoiced
praat_gate_swipe_t0.2,studio_M1.wav,0.895079365079365,0.0,False,unvoiced
praat_gate_swipe_t0.2,studio_M1.wav,0.905079365079365,0.0,False,unvoiced
praat_gate_swipe_t0.2,studio_M1.wav,0.915079365079365,0.0,False,unvoiced
praat_gate_swipe_t0.2,studio_M1.wav,0.925079365079365,136.75371518096097,True,swipe
praat_gate_swipe_t0.2,studio_M1.wav,0.935079365079365,135.89252752274413,True,swipe
praat_gate_swipe_t0.2,studio_M1.wav,0.945079365079365,135.52541523316958,True,swipe
praat_gate_swipe_t0.2,studio_M1.wav,0.955079365079365,134.30761703636892,True,swipe
praat_gate_swipe_t0.2,studio_M1.wav,0.965079365079365,133.70256354243443,True,swipe
praat_gate_swipe_t0.2,studio_M1.wav,0.975079365079365,133.10076167597677,True,swipe
praat_gate_swipe_t0.2,studio_M1.wav,0.985079365079365,128.61339686723053,True,swipe
praat_gate_swipe_t0.2,studio_M1.wav,0.995079365079365,125.7438662218022,True,swipe
praat_gate_swipe_t0.2,studio_M1.wav,1.005079365079365,123.49421207386752,True,swipe
praat_gate_swipe_t0.2,studio_M1.wav,1.015079365079365,121.06643381919788,True,swipe
praat_gate_swipe_t0.2,studio_M1.wav,1.025079365079365,120.30403465153024,True,swipe
praat_gate_swipe_t0.2,studio_M1.wav,1.035079365079365,119.33072289194092,True,swipe
praat_gate_swipe_t0.2,studio_M1.wav,1.045079365079365,118.6863833661385,True,swipe
praat_gate_swipe_t0.2,studio_M1.wav,1.055079365079365,118.25844623511809,True,swipe
praat_gate_swipe_t0.2,studio_M1.wav,1.065079365079365,118.0455230233533,True,swipe
praat_gate_swipe_t0.2,studio_M1.wav,1.075079365079365,119.33072289194092,True,swipe
praat_gate_swipe_t0.2,studio_M1.wav,1.085079365079365,123.71745209300073,True,swipe
praat_gate_swipe_t0.2,studio_M1.wav,1.095079365079365,130.3663496564232,True,swipe
praat_gate_swipe_t0.2,studio_M1.wav,1.105079365079365,132.38206929245797,True,swipe
praat_gate_swipe_t0.2,studio_M1.wav,1.115079365079365,133.58240810294745,True,swipe
praat_gate_swipe_t0.2,studio_M1.wav,1.125079365079365,135.76986759314178,True,swipe
praat_gate_swipe_t0.2,studio_M1.wav,1.135079365079365,137.00092435360858,True,swipe
praat_gate_swipe_t0.2,studio_M1.wav,1.145079365079365,137.4966841439788,True,swipe
praat_gate_swipe_t0.2,studio_M1.wav,1.155079365079365,139.87449544944548,True,swipe
praat_gate_swipe_t0.2,studio_M1.wav,1.165079365079365,142.03722968110088,True,swipe
praat_gate_swipe_t0.2,studio_M1.wav,1.175079365079365,144.36371025576736,True,swipe
praat_gate_swipe_t0.2,studio_M1.wav,1.185079365079365,0.0,False,unvoiced
praat_gate_swipe_t0.2,studio_M1.wav,1.195079365079365,0.0,False,unvoiced
praat_gate_swipe_t0.2,studio_M1.wav,1.205079365079365,164.10317220007622,True,swipe
praat_gate_swipe_t0.2,studio_M1.wav,1.215079365079365,171.52348540487853,True,swipe
praat_gate_swipe_t0.2,studio_M1.wav,1.225079365079365,173.70435528637316,True,swipe
praat_gate_swipe_t0.2,studio_M1.wav,1.235079365079365,174.01835999109943,True,swipe
praat_gate_swipe_t0.2,studio_M1.wav,1.245079365079365,174.17557513879322,True,swipe
praat_gate_swipe_t0.2,studio_M1.wav,1.255079365079365,174.17557513879322,True,swipe
praat_gate_swipe_t0.2,studio_M1.wav,1.265079365079365,174.64738327948132,True,swipe
praat_gate_swipe_t0.2,studio_M1.wav,1.275079365079365,0.0,False,unvoiced
praat_gate_swipe_t0.2,studio_M1.wav,1.285079365079365,0.0,False,unvoiced
praat_gate_swipe_t0.2,studio_M1.wav,1.295079365079365,0.0,False,unvoiced
praat_gate_swipe_t0.2,studio_M1.wav,1.305079365079365,0.0,False,unvoiced
praat_gate_swipe_t0.2,studio_M1.wav,1.315079365079365,0.0,False,unvoiced
praat_gate_swipe_t0.2,studio_M1.wav,1.325079365079365,157.99884665257932,True,swipe
praat_gate_swipe_t0.2,studio_M1.wav,1.335079365079365,145.54120162969554,True,swipe
praat_gate_swipe_t0.2,studio_M1.wav,1.345079365079365,143.0664933040208,True,swipe
praat_gate_swipe_t0.2,studio_M1.wav,1.355079365079365,130.13111213819698,True,swipe
praat_gate_swipe_t0.2,studio_M1.wav,1.365079365079365,120.1954452780729,True,swipe
praat_gate_swipe_t0.2,studio_M1.wav,1.375079365079365,112.73494055581664,True,swipe
praat_gate_swipe_t0.2,studio_M1.wav,1.385079365079365,107.08192853864874,True,swipe
praat_gate_swipe_t0.2,studio_M1.wav,1.395079365079365,105.54671132267076,True,swipe
praat_gate_swipe_t0.2,studio_M1.wav,1.405079365079365,103.00603225216894,True,swipe
praat_gate_swipe_t0.2,studio_M1.wav,1.415079365079365,100.79842015244624,True,swipe
praat_gate_swipe_t0.2,studio_M1.wav,1.425079365079365,98.99545027929531,True,swipe
praat_gate_swipe_t0.2,studio_M1.wav,1.435079365079365,97.57616766413942,True,swipe
praat_gate_swipe_t0.2,studio_M1.wav,1.445079365079365,97.48809302107603,True,swipe
praat_gate_swipe_t0.2,studio_M1.wav,1.455079365079365,97.40009787634646,True,swipe
praat_gate_swipe_t0.2,studio_M1.wav,1.465079365079365,97.48809302107603,True,swipe
praat_gate_swipe_t0.2,studio_M1.wav,1.475079365079365,97.57616766413942,True,swipe
praat_gate_swipe_t0.2,studio_M1.wav,1.485079365079365,97.40009787634646,True,swipe
praat_gate_swipe_t0.2,studio_M1.wav,1.495079365079365,96.78673419486084,True,swipe
praat_gate_swipe_t0.2,studio_M1.wav,1.505079365079365,96.00368758435455,True,swipe
praat_gate_swipe_t0.2,studio_M1.wav,1.515079365079365,95.4853049831749,True,swipe
praat_gate_swipe_t0.2,studio_M1.wav,1.525079365079365,95.22697616016627,True,swipe
praat_gate_swipe_t0.2,studio_M1.wav,1.535079365079365,95.05552089201261,True,swipe
praat_gate_swipe_t0.2,studio_M1.wav,1.545079365079365,94.79835481984237,True,swipe
praat_gate_swipe_t0.2,studio_M1.wav,1.555079365079365,93.77737019656887,True,swipe
praat_gate_swipe_t0.2,studio_M1.wav,1.565079365079365,92.59962314064832,True,swipe
praat_gate_swipe_t0.2,studio_M1.wav,1.575079365079365,91.18965214040917,True,swipe
praat_gate_swipe_t0.2,studio_M1.wav,1.585079365079365,0.0,False,unvoiced
praat_gate_swipe_t0.2,studio_M1.wav,1.595079365079365,0.0,False,unvoiced
praat_gate_swipe_t0.2,studio_M1.wav,1.605079365079365,0.0,False,unvoiced
praat_gate_swipe_t0.2,studio_M1.wav,1.615079365079365,0.0,False,unvoiced
praat_gate_swipe_t0.2,studio_M1.wav,1.625079365079365,0.0,False,unvoiced
praat_gate_swipe_t0.2,studio_M1.wav,1.635079365079365,0.0,False,unvoiced
praat_gate_swipe_t0.2,studio_M1.wav,1.645079365079365,0.0,False,unvoiced
praat_gate_swipe_t0.2,studio_M1.wav,1.655079365079365,0.0,False,unvoiced
praat_gate_swipe_t0.2,studio_M1.wav,1.665079365079365,118.88222277756208,True,praat_fallback
praat_gate_swipe_t0.2,studio_M1.wav,1.675079365079365,107.9845924636583,True,praat_fallback
praat_gate_swipe_t0.2,studio_M1.wav,1.685079365079365,94.33162371223011,True,praat_fallback
praat_gate_swipe_t0.2,studio_M1.wav,1.695079365079365,92.58395497686345,True,praat_fallback
praat_gate_swipe_t0.2,studio_M1.wav,1.705079365079365,0.0,False,unvoiced
praat_gate_swipe_t0.2,studio_M1.wav,1.715079365079365,0.0,False,unvoiced
praat_gate_swipe_t0.2,studio_M1.wav,1.725079365079365,0.0,False,unvoiced
praat_gate_swipe_t0.2,studio_M1.wav,1.735079365079365,0.0,False,unvoiced
praat_gate_swipe_t0.2,studio_M1.wav,1.745079365079365,0.0,False,unvoiced
praat_gate_swipe_t0.2,studio_M1.wav,1.755079365079365,0.0,False,unvoiced
praat_gate_swipe_t0.2,studio_M1.wav,1.765079365079365,0.0,False,unvoiced
praat_gate_swipe_t0.2,studio_M1.wav,1.775079365079365,0.0,False,unvoiced
praat_gate_swipe_t0.2,studio_M1.wav,1.785079365079365,0.0,False,unvoiced
praat_gate_swipe_t0.2,studio_M1.wav,1.795079365079365,0.0,False,unvoiced
praat_gate_swipe_t0.2,studio_M1.wav,1.805079365079365,0.0,False,unvoiced
praat_gate_swipe_t0.2,studio_M1.wav,1.815079365079365,0.0,False,unvoiced
praat_gate_swipe_t0.2,studio_M1.wav,1.825079365079365,0.0,False,unvoiced
praat_gate_swipe_t0.2,studio_M1.wav,1.835079365079365,104.03350428088739,True,swipe
praat_gate_swipe_t0.2,studio_M1.wav,1.845079365079365,103.56524432093173,True,swipe
praat_gate_swipe_t0.2,studio_M1.wav,1.855079365079365,103.09868468485696,True,swipe
praat_gate_swipe_t0.2,studio_M1.wav,1.865079365079365,102.26497570223881,True,swipe
praat_gate_swipe_t0.2,studio_M1.wav,1.875079365079365,100.61693355218253,True,swipe
praat_gate_swipe_t0.2,studio_M1.wav,1.885079365079365,99.35368117379201,True,swipe
praat_gate_swipe_t0.2,studio_M1.wav,1.895079365079365,98.99545027929531,True,swipe
praat_gate_swipe_t0.2,studio_M1.wav,1.905079365079365,98.72762500337075,True,swipe
praat_gate_swipe_t0.2,studio_M1.wav,1.915079365079365,98.19453419878502,True,swipe
praat_gate_swipe_t0.2,studio_M1.wav,1.925079365079365,97.13697249640116,True,swipe
praat_gate_swipe_t0.2,studio_M1.wav,1.935079365079365,95.57157022740701,True,swipe
praat_gate_swipe_t0.2,studio_M1.wav,1.945079365079365,95.05552089201261,True,swipe
praat_gate_swipe_t0.2,studio_M1.wav,1.955079365079365,94.54188449251735,True,swipe
praat_gate_swipe_t0.2,studio_M1.wav,1.965079365079365,93.60815508938083,True,swipe
praat_gate_swipe_t0.2,studio_M1.wav,1.975079365079365,92.76701512845493,True,swipe
praat_gate_swipe_t0.2,studio_M1.wav,1.985079365079365,92.099621164477,True,swipe
praat_gate_swipe_t0.2,studio_M1.wav,1.995079365079365,91.76754560086653,True,swipe
praat_gate_swipe_t0.2,studio_M1.wav,2.005079365079365,91.35449532898228,True,swipe
praat_gate_swipe_t0.2,studio_M1.wav,2.015079365079365,89.80150490638617,True,swipe
praat_gate_swipe_t0.2,studio_M1.wav,2.025079365079365,89.39695067853869,True,swipe
praat_gate_swipe_t0.2,studio_M1.wav,2.035079365079365,87.87689054672114,True,swipe
praat_gate_swipe_t0.2,studio_M1.wav,2.045079365079365,87.56038645930508,True,swipe
praat_gate_swipe_t0.2,studio_M1.wav,2.055079365079366,0.0,False,unvoiced
praat_gate_swipe_t0.2,studio_M1.wav,2.065079365079365,0.0,False,unvoiced
praat_gate_swipe_t0.2,studio_M1.wav,2.075079365079365,0.0,False,unvoiced
praat_gate_swipe_t0.2,studio_M1.wav,2.085079365079365,0.0,False,unvoiced
praat_gate_swipe_t0.2,studio_M1.wav,2.095079365079365,0.0,False,unvoiced
praat_gate_swipe_t0.2,studio_M1.wav,2.105079365079365,0.0,False,unvoiced
praat_gate_swipe_t0.2,studio_M1.wav,2.115079365079365,0.0,False,unvoiced
praat_gate_swipe_t0.2,studio_M1.wav,2.125079365079365,0.0,False,unvoiced
praat_gate_swipe_t0.2,studio_M1.wav,2.135079365079365,0.0,False,unvoiced
praat_gate_swipe_t0.2,studio_M1.wav,2.145079365079365,0.0,False,unvoiced
praat_gate_swipe_t0.2,studio_M1.wav,2.155079365079365,0.0,False,unvoiced
praat_gate_swipe_t0.2,studio_M1.wav,2.165079365079365,0.0,False,unvoiced
praat_gate_swipe_t0.2,studio_M1.wav,2.175079365079365,0.0,False,unvoiced
praat_gate_swipe_t0.2,studio_M1.wav,2.185079365079365,0.0,False,unvoiced
praat_gate_swipe_t0.2,studio_M1.wav,2.195079365079365,0.0,False,unvoiced
praat_gate_swipe_t0.2,studio_M1.wav,2.205079365079365,0.0,False,unvoiced
praat_gate_swipe_t0.2,studio_M1.wav,2.215079365079365,0.0,False,unvoiced
praat_gate_swipe_t0.2,studio_M1.wav,2.225079365079365,0.0,False,unvoiced
praat_gate_swipe_t0.2,studio_M1.wav,2.235079365079365,0.0,False,unvoiced
praat_gate_swipe_t0.2,studio_M1.wav,2.245079365079365,0.0,False,unvoiced
praat_gate_swipe_t0.2,studio_M1.wav,2.255079365079365,0.0,False,unvoiced
praat_gate_swipe_t0.2,studio_M1.wav,2.265079365079365,0.0,False,unvoiced
praat_gate_swipe_t0.2,studio_M1.wav,2.275079365079365,0.0,False,unvoiced
praat_gate_swipe_t0.2,studio_M1.wav,2.285079365079365,0.0,False,unvoiced
praat_gate_swipe_t0.2,studio_M1.wav,2.295079365079365,0.0,False,unvoiced
praat_gate_swipe_t0.2,studio_M1.wav,2.305079365079366,0.0,False,unvoiced
praat_gate_swipe_t0.2,studio_M1.wav,2.315079365079365,0.0,False,unvoiced
praat_gate_swipe_t0.2,studio_M1.wav,2.325079365079366,0.0,False,unvoiced
praat_gate_swipe_t0.2,studio_M1.wav,2.335079365079365,0.0,False,unvoiced
praat_gate_swipe_t0.2,studio_M1.wav,2.345079365079365,0.0,False,unvoiced
praat_gate_swipe_t0.2,studio_M1.wav,2.355079365079365,0.0,False,unvoiced
praat_gate_swipe_t0.2,studio_M1.wav,2.365079365079365,0.0,False,unvoiced
praat_gate_swipe_t0.2,studio_M1.wav,2.375079365079365,0.0,False,unvoiced
praat_gate_swipe_t0.2,studio_M1.wav,2.385079365079365,0.0,False,unvoiced
praat_gate_swipe_t0.2,studio_M1.wav,2.395079365079365,0.0,False,unvoiced
praat_gate_swipe_t0.2,studio_M1.wav,2.405079365079365,0.0,False,unvoiced
praat_gate_swipe_t0.2,studio_M1.wav,2.415079365079365,0.0,False,unvoiced
praat_gate_swipe_t0.2,studio_M1.wav,2.425079365079365,0.0,False,unvoiced
praat_gate_swipe_t0.2,studio_M1.wav,2.435079365079365,0.0,False,unvoiced
praat_gate_swipe_t0.2,studio_M1.wav,2.445079365079365,0.0,False,unvoiced
praat_gate_swipe_t0.2,studio_M1.wav,2.455079365079365,0.0,False,unvoiced
praat_gate_swipe_t0.2,studio_M1.wav,2.465079365079365,0.0,False,unvoiced
praat_gate_swipe_t0.2,studio_M1.wav,2.475079365079365,0.0,False,unvoiced
praat_gate_swipe_t0.2,studio_M1.wav,2.485079365079365,0.0,False,unvoiced
praat_gate_swipe_t0.2,studio_M1.wav,2.495079365079365,0.0,False,unvoiced
praat_gate_swipe_t0.2,studio_M1.wav,2.505079365079365,0.0,False,unvoiced
praat_gate_swipe_t0.2,studio_M1.wav,2.515079365079365,0.0,False,unvoiced
praat_gate_swipe_t0.2,studio_M1.wav,2.525079365079365,0.0,False,unvoiced
praat_gate_swipe_t0.2,studio_M1.wav,2.535079365079365,0.0,False,unvoiced
praat_gate_swipe_t0.2,studio_M1.wav,2.545079365079365,0.0,False,unvoiced
praat_gate_swipe_t0.2,studio_M1.wav,2.555079365079366,0.0,False,unvoiced
praat_gate_swipe_t0.2,studio_M1.wav,2.565079365079365,0.0,False,unvoiced
praat_gate_swipe_t0.2,studio_M1.wav,2.575079365079366,0.0,False,unvoiced
praat_gate_swipe_t0.2,studio_M1.wav,2.585079365079365,0.0,False,unvoiced
praat_gate_swipe_t0.2,studio_M1.wav,2.595079365079365,0.0,False,unvoiced
praat_gate_swipe_t0.2,studio_M1.wav,2.605079365079365,0.0,False,unvoiced
praat_gate_swipe_t0.2,studio_M1.wav,2.615079365079365,0.0,False,unvoiced
praat_gate_swipe_t0.2,studio_M1.wav,2.625079365079365,0.0,False,unvoiced
praat_gate_swipe_t0.2,studio_M1.wav,2.635079365079365,0.0,False,unvoiced
praat_gate_swipe_t0.2,studio_M1.wav,2.645079365079365,0.0,False,unvoiced
praat_gate_swipe_t0.2,studio_M1.wav,2.655079365079365,0.0,False,unvoiced
praat_gate_swipe_t0.2,studio_M1.wav,2.665079365079365,0.0,False,unvoiced
praat_gate_swipe_t0.2,studio_M1.wav,2.675079365079365,0.0,False,unvoiced
praat_gate_swipe_t0.2,studio_M1.wav,2.685079365079365,0.0,False,unvoiced
praat_gate_swipe_t0.2,studio_M1.wav,2.695079365079365,0.0,False,unvoiced
praat_gate_swipe_t0.2,studio_M1.wav,2.705079365079365,0.0,False,unvoiced
praat_gate_swipe_t0.3,studio_M1.wav,0.025079365079365,0.0,False,unvoiced
praat_gate_swipe_t0.3,studio_M1.wav,0.035079365079365,0.0,False,unvoiced
praat_gate_swipe_t0.3,studio_M1.wav,0.045079365079365,0.0,False,unvoiced
praat_gate_swipe_t0.3,studio_M1.wav,0.055079365079365,0.0,False,unvoiced
praat_gate_swipe_t0.3,studio_M1.wav,0.065079365079365,0.0,False,unvoiced
praat_gate_swipe_t0.3,studio_M1.wav,0.075079365079365,0.0,False,unvoiced
praat_gate_swipe_t0.3,studio_M1.wav,0.085079365079365,0.0,False,unvoiced
praat_gate_swipe_t0.3,studio_M1.wav,0.095079365079365,0.0,False,unvoiced
praat_gate_swipe_t0.3,studio_M1.wav,0.105079365079365,0.0,False,unvoiced
praat_gate_swipe_t0.3,studio_M1.wav,0.115079365079365,0.0,False,unvoiced
praat_gate_swipe_t0.3,studio_M1.wav,0.125079365079365,0.0,False,unvoiced
praat_gate_swipe_t0.3,studio_M1.wav,0.135079365079365,0.0,False,unvoiced
praat_gate_swipe_t0.3,studio_M1.wav,0.145079365079365,0.0,False,unvoiced
praat_gate_swipe_t0.3,studio_M1.wav,0.155079365079365,0.0,False,unvoiced
praat_gate_swipe_t0.3,studio_M1.wav,0.165079365079365,0.0,False,unvoiced
praat_gate_swipe_t0.3,studio_M1.wav,0.175079365079365,0.0,False,unvoiced
praat_gate_swipe_t0.3,studio_M1.wav,0.185079365079365,0.0,False,unvoiced
praat_gate_swipe_t0.3,studio_M1.wav,0.195079365079365,0.0,False,unvoiced
praat_gate_swipe_t0.3,studio_M1.wav,0.205079365079365,0.0,False,unvoiced
praat_gate_swipe_t0.3,studio_M1.wav,0.215079365079365,0.0,False,unvoiced
praat_gate_swipe_t0.3,studio_M1.wav,0.225079365079365,0.0,False,unvoiced
praat_gate_swipe_t0.3,studio_M1.wav,0.235079365079365,0.0,False,unvoiced
praat_gate_swipe_t0.3,studio_M1.wav,0.245079365079365,0.0,False,unvoiced
praat_gate_swipe_t0.3,studio_M1.wav,0.255079365079365,0.0,False,unvoiced
praat_gate_swipe_t0.3,studio_M1.wav,0.265079365079365,0.0,False,unvoiced
praat_gate_swipe_t0.3,studio_M1.wav,0.275079365079365,0.0,False,unvoiced
praat_gate_swipe_t0.3,studio_M1.wav,0.285079365079365,0.0,False,unvoiced
praat_gate_swipe_t0.3,studio_M1.wav,0.295079365079365,0.0,False,unvoiced
praat_gate_swipe_t0.3,studio_M1.wav,0.305079365079365,0.0,False,unvoiced
praat_gate_swipe_t0.3,studio_M1.wav,0.315079365079365,0.0,False,unvoiced
praat_gate_swipe_t0.3,studio_M1.wav,0.325079365079365,0.0,False,unvoiced
praat_gate_swipe_t0.3,studio_M1.wav,0.335079365079365,0.0,False,unvoiced
praat_gate_swipe_t0.3,studio_M1.wav,0.345079365079365,0.0,False,unvoiced
praat_gate_swipe_t0.3,studio_M1.wav,0.355079365079365,0.0,False,unvoiced
praat_gate_swipe_t0.3,studio_M1.wav,0.365079365079365,0.0,False,unvoiced
praat_gate_swipe_t0.3,studio_M1.wav,0.375079365079365,0.0,False,unvoiced
praat_gate_swipe_t0.3,studio_M1.wav,0.385079365079365,0.0,False,unvoiced
praat_gate_swipe_t0.3,studio_M1.wav,0.395079365079365,0.0,False,unvoiced
praat_gate_swipe_t0.3,studio_M1.wav,0.405079365079365,0.0,False,unvoiced
praat_gate_swipe_t0.3,studio_M1.wav,0.415079365079365,0.0,False,unvoiced
praat_gate_swipe_t0.3,studio_M1.wav,0.425079365079365,0.0,False,unvoiced
praat_gate_swipe_t0.3,studio_M1.wav,0.435079365079365,0.0,False,unvoiced
praat_gate_swipe_t0.3,studio_M1.wav,0.445079365079365,0.0,False,unvoiced
praat_gate_swipe_t0.3,studio_M1.wav,0.455079365079365,0.0,False,unvoiced
praat_gate_swipe_t0.3,studio_M1.wav,0.465079365079365,0.0,False,unvoiced
praat_gate_swipe_t0.3,studio_M1.wav,0.475079365079365,0.0,False,unvoiced
praat_gate_swipe_t0.3,studio_M1.wav,0.485079365079365,0.0,False,unvoiced
praat_gate_swipe_t0.3,studio_M1.wav,0.495079365079365,0.0,False,unvoiced
praat_gate_swipe_t0.3,studio_M1.wav,0.505079365079365,0.0,False,unvoiced
praat_gate_swipe_t0.3,studio_M1.wav,0.515079365079365,0.0,False,unvoiced
praat_gate_swipe_t0.3,studio_M1.wav,0.525079365079365,0.0,False,unvoiced
praat_gate_swipe_t0.3,studio_M1.wav,0.535079365079365,0.0,False,unvoiced
praat_gate_swipe_t0.3,studio_M1.wav,0.545079365079365,0.0,False,unvoiced
praat_gate_swipe_t0.3,studio_M1.wav,0.555079365079365,0.0,False,unvoiced
praat_gate_swipe_t0.3,studio_M1.wav,0.565079365079365,0.0,False,unvoiced
praat_gate_swipe_t0.3,studio_M1.wav,0.575079365079365,0.0,False,unvoiced
praat_gate_swipe_t0.3,studio_M1.wav,0.585079365079365,0.0,False,unvoiced
praat_gate_swipe_t0.3,studio_M1.wav,0.595079365079365,0.0,False,unvoiced
praat_gate_swipe_t0.3,studio_M1.wav,0.605079365079365,0.0,False,unvoiced
praat_gate_swipe_t0.3,studio_M1.wav,0.615079365079365,0.0,False,unvoiced
praat_gate_swipe_t0.3,studio_M1.wav,0.625079365079365,0.0,False,unvoiced
praat_gate_swipe_t0.3,studio_M1.wav,0.635079365079365,0.0,False,unvoiced
praat_gate_swipe_t0.3,studio_M1.wav,0.645079365079365,0.0,False,unvoiced
praat_gate_swipe_t0.3,studio_M1.wav,0.655079365079365,0.0,False,unvoiced
praat_gate_swipe_t0.3,studio_M1.wav,0.665079365079365,0.0,False,unvoiced
praat_gate_swipe_t0.3,studio_M1.wav,0.675079365079365,0.0,False,unvoiced
praat_gate_swipe_t0.3,studio_M1.wav,0.685079365079365,0.0,False,unvoiced
praat_gate_swipe_t0.3,studio_M1.wav,0.695079365079365,0.0,False,unvoiced
praat_gate_swipe_t0.3,studio_M1.wav,0.705079365079365,0.0,False,unvoiced
praat_gate_swipe_t0.3,studio_M1.wav,0.715079365079365,0.0,False,unvoiced
praat_gate_swipe_t0.3,studio_M1.wav,0.725079365079365,0.0,False,unvoiced
praat_gate_swipe_t0.3,studio_M1.wav,0.735079365079365,0.0,False,unvoiced
praat_gate_swipe_t0.3,studio_M1.wav,0.745079365079365,0.0,False,unvoiced
praat_gate_swipe_t0.3,studio_M1.wav,0.755079365079365,0.0,False,unvoiced
praat_gate_swipe_t0.3,studio_M1.wav,0.765079365079365,0.0,False,unvoiced
praat_gate_swipe_t0.3,studio_M1.wav,0.775079365079365,0.0,False,unvoiced
praat_gate_swipe_t0.3,studio_M1.wav,0.785079365079365,0.0,False,unvoiced
praat_gate_swipe_t0.3,studio_M1.wav,0.795079365079365,0.0,False,unvoiced
praat_gate_swipe_t0.3,studio_M1.wav,0.805079365079365,0.0,False,unvoiced
praat_gate_swipe_t0.3,studio_M1.wav,0.815079365079365,0.0,False,unvoiced
praat_gate_swipe_t0.3,studio_M1.wav,0.825079365079365,0.0,False,unvoiced
praat_gate_swipe_t0.3,studio_M1.wav,0.835079365079365,0.0,False,unvoiced
praat_gate_swipe_t0.3,studio_M1.wav,0.845079365079365,0.0,False,unvoiced
praat_gate_swipe_t0.3,studio_M1.wav,0.855079365079365,0.0,False,unvoiced
praat_gate_swipe_t0.3,studio_M1.wav,0.865079365079365,0.0,False,unvoiced
praat_gate_swipe_t0.3,studio_M1.wav,0.875079365079365,0.0,False,unvoiced
praat_gate_swipe_t0.3,studio_M1.wav,0.885079365079365,0.0,False,unvoiced
praat_gate_swipe_t0.3,studio_M1.wav,0.895079365079365,0.0,False,unvoiced
praat_gate_swipe_t0.3,studio_M1.wav,0.905079365079365,0.0,False,unvoiced
praat_gate_swipe_t0.3,studio_M1.wav,0.915079365079365,0.0,False,unvoiced
praat_gate_swipe_t0.3,studio_M1.wav,0.925079365079365,153.7397190440944,True,praat_fallback
praat_gate_swipe_t0.3,studio_M1.wav,0.935079365079365,135.89252752274413,True,swipe
praat_gate_swipe_t0.3,studio_M1.wav,0.945079365079365,135.52541523316958,True,swipe
praat_gate_swipe_t0.3,studio_M1.wav,0.955079365079365,134.30761703636892,True,swipe
praat_gate_swipe_t0.3,studio_M1.wav,0.965079365079365,133.70256354243443,True,swipe
praat_gate_swipe_t0.3,studio_M1.wav,0.975079365079365,133.10076167597677,True,swipe
praat_gate_swipe_t0.3,studio_M1.wav,0.985079365079365,128.61339686723053,True,swipe
praat_gate_swipe_t0.3,studio_M1.wav,0.995079365079365,125.7438662218022,True,swipe
praat_gate_swipe_t0.3,studio_M1.wav,1.005079365079365,123.49421207386752,True,swipe
praat_gate_swipe_t0.3,studio_M1.wav,1.015079365079365,121.06643381919788,True,swipe
praat_gate_swipe_t0.3,studio_M1.wav,1.025079365079365,120.30403465153024,True,swipe
praat_gate_swipe_t0.3,studio_M1.wav,1.035079365079365,119.33072289194092,True,swipe
praat_gate_swipe_t0.3,studio_M1.wav,1.045079365079365,118.6863833661385,True,swipe
praat_gate_swipe_t0.3,studio_M1.wav,1.055079365079365,118.25844623511809,True,swipe
praat_gate_swipe_t0.3,studio_M1.wav,1.065079365079365,118.0455230233533,True,swipe
praat_gate_swipe_t0.3,studio_M1.wav,1.075079365079365,119.33072289194092,True,swipe
praat_gate_swipe_t0.3,studio_M1.wav,1.085079365079365,123.71745209300073,True,swipe
praat_gate_swipe_t0.3,studio_M1.wav,1.095079365079365,130.3663496564232,True,swipe
praat_gate_swipe_t0.3,studio_M1.wav,1.105079365079365,132.38206929245797,True,swipe
praat_gate_swipe_t0.3,studio_M1.wav,1.115079365079365,133.58240810294745,True,swipe
praat_gate_swipe_t0.3,studio_M1.wav,1.125079365079365,135.76986759314178,True,swipe
praat_gate_swipe_t0.3,studio_M1.wav,1.135079365079365,137.00092435360858,True,swipe
praat_gate_swipe_t0.3,studio_M1.wav,1.145079365079365,137.4966841439788,True,swipe
praat_gate_swipe_t0.3,studio_M1.wav,1.155079365079365,139.87449544944548,True,swipe
praat_gate_swipe_t0.3,studio_M1.wav,1.165079365079365,142.03722968110088,True,swipe
praat_gate_swipe_t0.3,studio_M1.wav,1.175079365079365,144.36371025576736,True,swipe
praat_gate_swipe_t0.3,studio_M1.wav,1.185079365079365,0.0,False,unvoiced
praat_gate_swipe_t0.3,studio_M1.wav,1.195079365079365,0.0,False,unvoiced
praat_gate_swipe_t0.3,studio_M1.wav,1.205079365079365,164.10317220007622,True,swipe
praat_gate_swipe_t0.3,studio_M1.wav,1.215079365079365,171.52348540487853,True,swipe
praat_gate_swipe_t0.3,studio_M1.wav,1.225079365079365,173.70435528637316,True,swipe
praat_gate_swipe_t0.3,studio_M1.wav,1.235079365079365,174.01835999109943,True,swipe
praat_gate_swipe_t0.3,studio_M1.wav,1.245079365079365,174.17557513879322,True,swipe
praat_gate_swipe_t0.3,studio_M1.wav,1.255079365079365,174.17557513879322,True,swipe
praat_gate_swipe_t0.3,studio_M1.wav,1.265079365079365,171.84497639012298,True,praat_fallback
praat_gate_swipe_t0.3,studio_M1.wav,1.275079365079365,0.0,False,unvoiced
praat_gate_swipe_t0.3,studio_M1.wav,1.285079365079365,0.0,False,unvoiced
praat_gate_swipe_t0.3,studio_M1.wav,1.295079365079365,0.0,False,unvoiced
praat_gate_swipe_t0.3,studio_M1.wav,1.305079365079365,0.0,False,unvoiced
praat_gate_swipe_t0.3,studio_M1.wav,1.315079365079365,0.0,False,unvoiced
praat_gate_swipe_t0.3,studio_M1.wav,1.325079365079365,170.40478146397152,True,praat_fallback
praat_gate_swipe_t0.3,studio_M1.wav,1.335079365079365,145.54120162969554,True,swipe
praat_gate_swipe_t0.3,studio_M1.wav,1.345079365079365,143.0664933040208,True,swipe
praat_gate_swipe_t0.3,studio_M1.wav,1.355079365079365,134.96995912999708,True,praat_fallback
praat_gate_swipe_t0.3,studio_M1.wav,1.365079365079365,120.1954452780729,True,swipe
praat_gate_swipe_t0.3,studio_M1.wav,1.375079365079365,112.73494055581664,True,swipe
praat_gate_swipe_t0.3,studio_M1.wav,1.385079365079365,107.08192853864874,True,swipe
praat_gate_swipe_t0.3,studio_M1.wav,1.395079365079365,105.54671132267076,True,swipe
praat_gate_swipe_t0.3,studio_M1.wav,1.405079365079365,103.00603225216894,True,swipe
praat_gate_swipe_t0.3,studio_M1.wav,1.415079365079365,100.79842015244624,True,swipe
praat_gate_swipe_t0.3,studio_M1.wav,1.425079365079365,98.99545027929531,True,swipe
praat_gate_swipe_t0.3,studio_M1.wav,1.435079365079365,97.57616766413942,True,swipe
praat_gate_swipe_t0.3,studio_M1.wav,1.445079365079365,97.48809302107603,True,swipe
praat_gate_swipe_t0.3,studio_M1.wav,1.455079365079365,97.40009787634646,True,swipe
praat_gate_swipe_t0.3,studio_M1.wav,1.465079365079365,97.48809302107603,True,swipe
praat_gate_swipe_t0.3,studio_M1.wav,1.475079365079365,97.57616766413942,True,swipe
praat_gate_swipe_t0.3,studio_M1.wav,1.485079365079365,97.40009787634646,True,swipe
praat_gate_swipe_t0.3,studio_M1.wav,1.495079365079365,96.78673419486084,True,swipe
praat_gate_swipe_t0.3,studio_M1.wav,1.505079365079365,96.00368758435455,True,swipe
praat_gate_swipe_t0.3,studio_M1.wav,1.515079365079365,95.4853049831749,True,swipe
praat_gate_swipe_t0.3,studio_M1.wav,1.525079365079365,95.22697616016627,True,swipe
praat_gate_swipe_t0.3,studio_M1.wav,1.535079365079365,95.05552089201261,True,swipe
praat_gate_swipe_t0.3,studio_M1.wav,1.545079365079365,94.79835481984237,True,swipe
praat_gate_swipe_t0.3,studio_M1.wav,1.555079365079365,93.77737019656887,True,swipe
praat_gate_swipe_t0.3,studio_M1.wav,1.565079365079365,92.59962314064832,True,swipe
praat_gate_swipe_t0.3,studio_M1.wav,1.575079365079365,91.18965214040917,True,swipe
praat_gate_swipe_t0.3,studio_M1.wav,1.585079365079365,0.0,False,unvoiced
praat_gate_swipe_t0.3,studio_M1.wav,1.595079365079365,0.0,False,unvoiced
praat_gate_swipe_t0.3,studio_M1.wav,1.605079365079365,0.0,False,unvoiced
praat_gate_swipe_t0.3,studio_M1.wav,1.615079365079365,0.0,False,unvoiced
praat_gate_swipe_t0.3,studio_M1.wav,1.625079365079365,0.0,False,unvoiced
praat_gate_swipe_t0.3,studio_M1.wav,1.635079365079365,0.0,False,unvoiced
praat_gate_swipe_t0.3,studio_M1.wav,1.645079365079365,0.0,False,unvoiced
praat_gate_swipe_t0.3,studio_M1.wav,1.655079365079365,0.0,False,unvoiced
praat_gate_swipe_t0.3,studio_M1.wav,1.665079365079365,118.88222277756208,True,praat_fallback
praat_gate_swipe_t0.3,studio_M1.wav,1.675079365079365,107.9845924636583,True,praat_fallback
praat_gate_swipe_t0.3,studio_M1.wav,1.685079365079365,94.33162371223011,True,praat_fallback
praat_gate_swipe_t0.3,studio_M1.wav,1.695079365079365,92.58395497686345,True,praat_fallback
praat_gate_swipe_t0.3,studio_M1.wav,1.705079365079365,0.0,False,unvoiced
praat_gate_swipe_t0.3,studio_M1.wav,1.715079365079365,0.0,False,unvoiced
praat_gate_swipe_t0.3,studio_M1.wav,1.725079365079365,0.0,False,unvoiced
praat_gate_swipe_t0.3,studio_M1.wav,1.735079365079365,0.0,False,unvoiced
praat_gate_swipe_t0.3,studio_M1.wav,1.745079365079365,0.0,False,unvoiced
praat_gate_swipe_t0.3,studio_M1.wav,1.755079365079365,0.0,False,unvoiced
praat_gate_swipe_t0.3,studio_M1.wav,1.765079365079365,0.0,False,unvoiced
praat_gate_swipe_t0.3,studio_M1.wav,1.775079365079365,0.0,False,unvoiced
praat_gate_swipe_t0.3,studio_M1.wav,1.785079365079365,0.0,False,unvoiced
praat_gate_swipe_t0.3,studio_M1.wav,1.795079365079365,0.0,False,unvoiced
praat_gate_swipe_t0.3,studio_M1.wav,1.805079365079365,0.0,False,unvoiced
praat_gate_swipe_t0.3,studio_M1.wav,1.815079365079365,0.0,False,unvoiced
praat_gate_swipe_t0.3,studio_M1.wav,1.825079365079365,0.0,False,unvoiced
praat_gate_swipe_t0.3,studio_M1.wav,1.835079365079365,112.53842750509781,True,praat_fallback
praat_gate_swipe_t0.3,studio_M1.wav,1.845079365079365,103.56524432093173,True,swipe
praat_gate_swipe_t0.3,studio_M1.wav,1.855079365079365,103.09868468485696,True,swipe
praat_gate_swipe_t0.3,studio_M1.wav,1.865079365079365,102.26497570223881,True,swipe
praat_gate_swipe_t0.3,studio_M1.wav,1.875079365079365,100.61693355218253,True,swipe
praat_gate_swipe_t0.3,studio_M1.wav,1.885079365079365,99.35368117379201,True,swipe
praat_gate_swipe_t0.3,studio_M1.wav,1.895079365079365,98.99545027929531,True,swipe
praat_gate_swipe_t0.3,studio_M1.wav,1.905079365079365,98.72762500337075,True,swipe
praat_gate_swipe_t0.3,studio_M1.wav,1.915079365079365,98.19453419878502,True,swipe
praat_gate_swipe_t0.3,studio_M1.wav,1.925079365079365,97.13697249640116,True,swipe
praat_gate_swipe_t0.3,studio_M1.wav,1.935079365079365,95.57157022740701,True,swipe
praat_gate_swipe_t0.3,studio_M1.wav,1.945079365079365,95.05552089201261,True,swipe
praat_gate_swipe_t0.3,studio_M1.wav,1.955079365079365,94.54188449251735,True,swipe
praat_gate_swipe_t0.3,studio_M1.wav,1.965079365079365,93.60815508938083,True,swipe
praat_gate_swipe_t0.3,studio_M1.wav,1.975079365079365,92.76701512845493,True,swipe
praat_gate_swipe_t0.3,studio_M1.wav,1.985079365079365,92.099621164477,True,swipe
praat_gate_swipe_t0.3,studio_M1.wav,1.995079365079365,91.76754560086653,True,swipe
praat_gate_swipe_t0.3,studio_M1.wav,2.005079365079365,91.35449532898228,True,swipe
praat_gate_swipe_t0.3,studio_M1.wav,2.015079365079365,89.80150490638617,True,swipe
praat_gate_swipe_t0.3,studio_M1.wav,2.025079365079365,89.39695067853869,True,swipe
praat_gate_swipe_t0.3,studio_M1.wav,2.035079365079365,87.87689054672114,True,swipe
praat_gate_swipe_t0.3,studio_M1.wav,2.045079365079365,87.56038645930508,True,swipe
praat_gate_swipe_t0.3,studio_M1.wav,2.055079365079366,0.0,False,unvoiced
praat_gate_swipe_t0.3,studio_M1.wav,2.065079365079365,0.0,False,unvoiced
praat_gate_swipe_t0.3,studio_M1.wav,2.075079365079365,0.0,False,unvoiced
praat_gate_swipe_t0.3,studio_M1.wav,2.085079365079365,0.0,False,unvoiced
praat_gate_swipe_t0.3,studio_M1.wav,2.095079365079365,0.0,False,unvoiced
praat_gate_swipe_t0.3,studio_M1.wav,2.105079365079365,0.0,False,unvoiced
praat_gate_swipe_t0.3,studio_M1.wav,2.115079365079365,0.0,False,unvoiced
praat_gate_swipe_t0.3,studio_M1.wav,2.125079365079365,0.0,False,unvoiced
praat_gate_swipe_t0.3,studio_M1.wav,2.135079365079365,0.0,False,unvoiced
praat_gate_swipe_t0.3,studio_M1.wav,2.145079365079365,0.0,False,unvoiced
praat_gate_swipe_t0.3,studio_M1.wav,2.155079365079365,0.0,False,unvoiced
praat_gate_swipe_t0.3,studio_M1.wav,2.165079365079365,0.0,False,unvoiced
praat_gate_swipe_t0.3,studio_M1.wav,2.175079365079365,0.0,False,unvoiced
praat_gate_swipe_t0.3,studio_M1.wav,2.185079365079365,0.0,False,unvoiced
praat_gate_swipe_t0.3,studio_M1.wav,2.195079365079365,0.0,False,unvoiced
praat_gate_swipe_t0.3,studio_M1.wav,2.205079365079365,0.0,False,unvoiced
praat_gate_swipe_t0.3,studio_M1.wav,2.215079365079365,0.0,False,unvoiced
praat_gate_swipe_t0.3,studio_M1.wav,2.225079365079365,0.0,False,unvoiced
praat_gate_swipe_t0.3,studio_M1.wav,2.235079365079365,0.0,False,unvoiced
praat_gate_swipe_t0.3,studio_M1.wav,2.245079365079365,0.0,False,unvoiced
praat_gate_swipe_t0.3,studio_M1.wav,2.255079365079365,0.0,False,unvoiced
praat_gate_swipe_t0.3,studio_M1.wav,2.265079365079365,0.0,False,unvoiced
praat_gate_swipe_t0.3,studio_M1.wav,2.275079365079365,0.0,False,unvoiced
praat_gate_swipe_t0.3,studio_M1.wav,2.285079365079365,0.0,False,unvoiced
praat_gate_swipe_t0.3,studio_M1.wav,2.295079365079365,0.0,False,unvoiced
praat_gate_swipe_t0.3,studio_M1.wav,2.305079365079366,0.0,False,unvoiced
praat_gate_swipe_t0.3,studio_M1.wav,2.315079365079365,0.0,False,unvoiced
praat_gate_swipe_t0.3,studio_M1.wav,2.325079365079366,0.0,False,unvoiced
praat_gate_swipe_t0.3,studio_M1.wav,2.335079365079365,0.0,False,unvoiced
praat_gate_swipe_t0.3,studio_M1.wav,2.345079365079365,0.0,False,unvoiced
praat_gate_swipe_t0.3,studio_M1.wav,2.355079365079365,0.0,False,unvoiced
praat_gate_swipe_t0.3,studio_M1.wav,2.365079365079365,0.0,False,unvoiced
praat_gate_swipe_t0.3,studio_M1.wav,2.375079365079365,0.0,False,unvoiced
praat_gate_swipe_t0.3,studio_M1.wav,2.385079365079365,0.0,False,unvoiced
praat_gate_swipe_t0.3,studio_M1.wav,2.395079365079365,0.0,False,unvoiced
praat_gate_swipe_t0.3,studio_M1.wav,2.405079365079365,0.0,False,unvoiced
praat_gate_swipe_t0.3,studio_M1.wav,2.415079365079365,0.0,False,unvoiced
praat_gate_swipe_t0.3,studio_M1.wav,2.425079365079365,0.0,False,unvoiced
praat_gate_swipe_t0.3,studio_M1.wav,2.435079365079365,0.0,False,unvoiced
praat_gate_swipe_t0.3,studio_M1.wav,2.445079365079365,0.0,False,unvoiced
praat_gate_swipe_t0.3,studio_M1.wav,2.455079365079365,0.0,False,unvoiced
praat_gate_swipe_t0.3,studio_M1.wav,2.465079365079365,0.0,False,unvoiced
praat_gate_swipe_t0.3,studio_M1.wav,2.475079365079365,0.0,False,unvoiced
praat_gate_swipe_t0.3,studio_M1.wav,2.485079365079365,0.0,False,unvoiced
praat_gate_swipe_t0.3,studio_M1.wav,2.495079365079365,0.0,False,unvoiced
praat_gate_swipe_t0.3,studio_M1.wav,2.505079365079365,0.0,False,unvoiced
praat_gate_swipe_t0.3,studio_M1.wav,2.515079365079365,0.0,False,unvoiced
praat_gate_swipe_t0.3,studio_M1.wav,2.525079365079365,0.0,False,unvoiced
praat_gate_swipe_t0.3,studio_M1.wav,2.535079365079365,0.0,False,unvoiced
praat_gate_swipe_t0.3,studio_M1.wav,2.545079365079365,0.0,False,unvoiced
praat_gate_swipe_t0.3,studio_M1.wav,2.555079365079366,0.0,False,unvoiced
praat_gate_swipe_t0.3,studio_M1.wav,2.565079365079365,0.0,False,unvoiced
praat_gate_swipe_t0.3,studio_M1.wav,2.575079365079366,0.0,False,unvoiced
praat_gate_swipe_t0.3,studio_M1.wav,2.585079365079365,0.0,False,unvoiced
praat_gate_swipe_t0.3,studio_M1.wav,2.595079365079365,0.0,False,unvoiced
praat_gate_swipe_t0.3,studio_M1.wav,2.605079365079365,0.0,False,unvoiced
praat_gate_swipe_t0.3,studio_M1.wav,2.615079365079365,0.0,False,unvoiced
praat_gate_swipe_t0.3,studio_M1.wav,2.625079365079365,0.0,False,unvoiced
praat_gate_swipe_t0.3,studio_M1.wav,2.635079365079365,0.0,False,unvoiced
praat_gate_swipe_t0.3,studio_M1.wav,2.645079365079365,0.0,False,unvoiced
praat_gate_swipe_t0.3,studio_M1.wav,2.655079365079365,0.0,False,unvoiced
praat_gate_swipe_t0.3,studio_M1.wav,2.665079365079365,0.0,False,unvoiced
praat_gate_swipe_t0.3,studio_M1.wav,2.675079365079365,0.0,False,unvoiced
praat_gate_swipe_t0.3,studio_M1.wav,2.685079365079365,0.0,False,unvoiced
praat_gate_swipe_t0.3,studio_M1.wav,2.695079365079365,0.0,False,unvoiced
praat_gate_swipe_t0.3,studio_M1.wav,2.705079365079365,0.0,False,unvoiced
