source_id,file,time_s,raw_f0_hz
praat7_filtered_v0.3,phone_F1.wav,0.025,0.0
praat7_filtered_v0.3,phone_F1.wav,0.035,0.0
praat7_filtered_v0.3,phone_F1.wav,0.045,0.0
praat7_filtered_v0.3,phone_F1.wav,0.055,0.0
praat7_filtered_v0.3,phone_F1.wav,0.065,0.0
praat7_filtered_v0.3,phone_F1.wav,0.075,0.0
praat7_filtered_v0.3,phone_F1.wav,0.085,0.0
praat7_filtered_v0.3,phone_F1.wav,0.095,0.0
praat7_filtered_v0.3,phone_F1.wav,0.105,0.0
praat7_filtered_v0.3,phone_F1.wav,0.115,0.0
praat7_filtered_v0.3,phone_F1.wav,0.125,0.0
praat7_filtered_v0.3,phone_F1.wav,0.135,0.0
praat7_filtered_v0.3,phone_F1.wav,0.145,0.0
praat7_filtered_v0.3,phone_F1.wav,0.155,0.0
praat7_filtered_v0.3,phone_F1.wav,0.165,0.0
praat7_filtered_v0.3,phone_F1.wav,0.175,0.0
praat7_filtered_v0.3,phone_F1.wav,0.185,0.0
praat7_filtered_v0.3,phone_F1.wav,0.195,0.0
praat7_filtered_v0.3,phone_F1.wav,0.205,0.0
praat7_filtered_v0.3,phone_F1.wav,0.215,0.0
praat7_filtered_v0.3,phone_F1.wav,0.225,0.0
praat7_filtered_v0.3,phone_F1.wav,0.235,0.0
praat7_filtered_v0.3,phone_F1.wav,0.245,0.0
praat7_filtered_v0.3,phone_F1.wav,0.255,0.0
praat7_filtered_v0.3,phone_F1.wav,0.265,0.0
praat7_filtered_v0.3,phone_F1.wav,0.275,0.0
praat7_filtered_v0.3,phone_F1.wav,0.285,0.0
praat7_filtered_v0.3,phone_F1.wav,0.295,0.0
praat7_filtered_v0.3,phone_F1.wav,0.305,0.0
praat7_filtered_v0.3,phone_F1.wav,0.315,0.0
praat7_filtered_v0.3,phone_F1.wav,0.325,0.0
praat7_filtered_v0.3,phone_F1.wav,0.335,0.0
praat7_filtered_v0.3,phone_F1.wav,0.345,0.0
praat7_filtered_v0.3,phone_F1.wav,0.355,0.0
praat7_filtered_v0.3,phone_F1.wav,0.365,0.0
praat7_filtered_v0.3,phone_F1.wav,0.375,0.0
praat7_filtered_v0.3,phone_F1.wav,0.385,0.0
praat7_filtered_v0.3,phone_F1.wav,0.395,0.0
praat7_filtered_v0.3,phone_F1.wav,0.405,0.0
praat7_filtered_v0.3,phone_F1.wav,0.415,0.0
praat7_filtered_v0.3,phone_F1.wav,0.425,0.0
praat7_filtered_v0.3,phone_F1.wav,0.435,0.0
praat7_filtered_v0.3,phone_F1.wav,0.445,0.0
praat7_filtered_v0.3,phone_F1.wav,0.455,0.0
praat7_filtered_v0.3,phone_F1.wav,0.465,0.0
praat7_filtered_v0.3,phone_F1.wav,0.475,0.0
praat7_filtered_v0.3,phone_F1.wav,0.485,0.0
praat7_filtered_v0.3,phone_F1.wav,0.495,0.0
praat7_filtered_v0.3,phone_F1.wav,0.505,0.0
praat7_filtered_v0.3,phone_F1.wav,0.515,0.0
praat7_filtered_v0.3,phone_F1.wav,0.525,0.0
praat7_filtered_v0.3,phone_F1.wav,0.535,0.0
praat7_filtered_v0.3,phone_F1.wav,0.545,224.0735160407899
praat7_filtered_v0.3,phone_F1.wav,0.555,223.5047031875168
praat7_filtered_v0.3,phone_F1.wav,0.565,219.08533742449825
praat7_filtered_v0.3,phone_F1.wav,0.575,217.38044082588976
praat7_filtered_v0.3,phone_F1.wav,0.585,218.4453788161298
praat7_filtered_v0.3,phone_F1.wav,0.595,218.12580709083696
praat7_filtered_v0.3,phone_F1.wav,0.605,218.47097952418827
praat7_filtered_v0.3,phone_F1.wav,0.615,219.9949444042771
praat7_filtered_v0.3,phone_F1.wav,0.625,223.8658883716753
praat7_filtered_v0.3,phone_F1.wav,0.635,227.83927652274312
praat7_filtered_v0.3,phone_F1.wav,0.645,231.81439445718203
praat7_filtered_v0.3,phone_F1.wav,0.655,233.28344188725552
praat7_filtered_v0.3,phone_F1.wav,0.665,231.23276017556924
praat7_filtered_v0.3,phone_F1.wav,0.675,228.61835659767152
praat7_filtered_v0.3,phone_F1.wav,0.685,229.05522300836327
praat7_filtered_v0.3,phone_F1.wav,0.695,229.73121869293516
praat7_filtered_v0.3,phone_F1.wav,0.705,230.49637853904616
praat7_filtered_v0.3,phone_F1.wav,0.715,231.39074213424632
praat7_filtered_v0.3,phone_F1.wav,0.725,232.3007754838184
praat7_filtered_v0.3,phone_F1.wav,0.735,231.5889785727706
praat7_filtered_v0.3,phone_F1.wav,0.745,229.01966098570165
praat7_filtered_v0.3,phone_F1.wav,0.755,234.37896978375767
praat7_filtered_v0.3,phone_F1.wav,0.765,232.4005588830252
praat7_filtered_v0.3,phone_F1.wav,0.775,229.004036395166
praat7_filtered_v0.3,phone_F1.wav,0.785,224.680292569356
praat7_filtered_v0.3,phone_F1.wav,0.795,218.62643558513463
praat7_filtered_v0.3,phone_F1.wav,0.805,223.4546760399243
praat7_filtered_v0.3,phone_F1.wav,0.815,234.50381398329563
praat7_filtered_v0.3,phone_F1.wav,0.825,235.0037756215252
praat7_filtered_v0.3,phone_F1.wav,0.835,236.8898087703165
praat7_filtered_v0.3,phone_F1.wav,0.845,238.68072314149688
praat7_filtered_v0.3,phone_F1.wav,0.855,241.24100670885664
praat7_filtered_v0.3,phone_F1.wav,0.865,242.72893552402408
praat7_filtered_v0.3,phone_F1.wav,0.875,242.42228471177407
praat7_filtered_v0.3,phone_F1.wav,0.885,245.32226796354675
praat7_filtered_v0.3,phone_F1.wav,0.895,249.42482053093804
praat7_filtered_v0.3,phone_F1.wav,0.905,249.32454393088483
praat7_filtered_v0.3,phone_F1.wav,0.915,248.15889946144287
praat7_filtered_v0.3,phone_F1.wav,0.925,246.5094090848584
praat7_filtered_v0.3,phone_F1.wav,0.935,244.7238030658125
praat7_filtered_v0.3,phone_F1.wav,0.945,243.0041515869096
praat7_filtered_v0.3,phone_F1.wav,0.955,239.0434658148308
praat7_filtered_v0.3,phone_F1.wav,0.965,233.12917693537528
praat7_filtered_v0.3,phone_F1.wav,0.975,223.4978511308196
praat7_filtered_v0.3,phone_F1.wav,0.985,209.86422912660703
praat7_filtered_v0.3,phone_F1.wav,0.995,231.30374990712784
praat7_filtered_v0.3,phone_F1.wav,1.005,236.35309989248285
praat7_filtered_v0.3,phone_F1.wav,1.015,236.78989711816473
praat7_filtered_v0.3,phone_F1.wav,1.025,234.19323316888696
praat7_filtered_v0.3,phone_F1.wav,1.035,228.73026663364143
praat7_filtered_v0.3,phone_F1.wav,1.045,225.91259219924547
praat7_filtered_v0.3,phone_F1.wav,1.055,224.9377766202344
praat7_filtered_v0.3,phone_F1.wav,1.065,227.0078322548543
praat7_filtered_v0.3,phone_F1.wav,1.075,234.94690459071697
praat7_filtered_v0.3,phone_F1.wav,1.085,238.69580959530072
praat7_filtered_v0.3,phone_F1.wav,1.095,246.27730144819012
praat7_filtered_v0.3,phone_F1.wav,1.105,247.01504819642824
praat7_filtered_v0.3,phone_F1.wav,1.115,245.31828606320056
praat7_filtered_v0.3,phone_F1.wav,1.125,241.8015161582236
praat7_filtered_v0.3,phone_F1.wav,1.135,237.377532865565
praat7_filtered_v0.3,phone_F1.wav,1.145,0.0
praat7_filtered_v0.3,phone_F1.wav,1.155,0.0
praat7_filtered_v0.3,phone_F1.wav,1.165,0.0
praat7_filtered_v0.3,phone_F1.wav,1.175,0.0
praat7_filtered_v0.3,phone_F1.wav,1.185,0.0
praat7_filtered_v0.3,phone_F1.wav,1.195,0.0
praat7_filtered_v0.3,phone_F1.wav,1.205,0.0
praat7_filtered_v0.3,phone_F1.wav,1.215,225.9302604632008
praat7_filtered_v0.3,phone_F1.wav,1.225,205.16599655586484
praat7_filtered_v0.3,phone_F1.wav,1.235,193.23451661858152
praat7_filtered_v0.3,phone_F1.wav,1.245,185.41064621725295
praat7_filtered_v0.3,phone_F1.wav,1.255,181.75104632315953
praat7_filtered_v0.3,phone_F1.wav,1.265,179.02903792740452
praat7_filtered_v0.3,phone_F1.wav,1.275,178.69812224206308
praat7_filtered_v0.3,phone_F1.wav,1.285,180.1207554363798
praat7_filtered_v0.3,phone_F1.wav,1.295,181.54739135191232
praat7_filtered_v0.3,phone_F1.wav,1.305,182.8775156996046
praat7_filtered_v0.3,phone_F1.wav,1.315,182.6919724891718
praat7_filtered_v0.3,phone_F1.wav,1.325,181.81063386147
praat7_filtered_v0.3,phone_F1.wav,1.335,179.07714752164327
praat7_filtered_v0.3,phone_F1.wav,1.345,171.9203815176599
praat7_filtered_v0.3,phone_F1.wav,1.355,0.0
praat7_filtered_v0.3,phone_F1.wav,1.365,0.0
praat7_filtered_v0.3,phone_F1.wav,1.375,0.0
praat7_filtered_v0.3,phone_F1.wav,1.385,0.0
praat7_filtered_v0.3,phone_F1.wav,1.395,0.0
praat7_filtered_v0.3,phone_F1.wav,1.405,0.0
praat7_filtered_v0.3,phone_F1.wav,1.415,0.0
praat7_filtered_v0.3,phone_F1.wav,1.425,0.0
praat7_filtered_v0.3,phone_F1.wav,1.435,0.0
praat7_filtered_v0.3,phone_F1.wav,1.445,0.0
praat7_filtered_v0.3,phone_F1.wav,1.455,225.84050501764787
praat7_filtered_v0.3,phone_F1.wav,1.465,216.16687122168972
praat7_filtered_v0.3,phone_F1.wav,1.475,207.13198865110067
praat7_filtered_v0.3,phone_F1.wav,1.485,201.5678319411472
praat7_filtered_v0.3,phone_F1.wav,1.495,198.4866024900381
praat7_filtered_v0.3,phone_F1.wav,1.505,196.46836900403767
praat7_filtered_v0.3,phone_F1.wav,1.515,195.30550007484865
praat7_filtered_v0.3,phone_F1.wav,1.525,193.8467756689604
praat7_filtered_v0.3,phone_F1.wav,1.535,192.51906515955352
praat7_filtered_v0.3,phone_F1.wav,1.545,191.2327264028168
praat7_filtered_v0.3,phone_F1.wav,1.555,189.40585504503025
praat7_filtered_v0.3,phone_F1.wav,1.565,187.46463151182624
praat7_filtered_v0.3,phone_F1.wav,1.575,187.11741360156375
praat7_filtered_v0.3,phone_F1.wav,1.585,197.70368817349527
praat7_filtered_v0.3,phone_F1.wav,1.595,227.3075094072663
praat7_filtered_v0.3,phone_F1.wav,1.605,247.8394397434645
praat7_filtered_v0.3,phone_F1.wav,1.615,229.95963962648997
praat7_filtered_v0.3,phone_F1.wav,1.625,0.0
praat7_filtered_v0.3,phone_F1.wav,1.635,0.0
praat7_filtered_v0.3,phone_F1.wav,1.645,0.0
praat7_filtered_v0.3,phone_F1.wav,1.655,0.0
praat7_filtered_v0.3,phone_F1.wav,1.665,0.0
praat7_filtered_v0.3,phone_F1.wav,1.675,0.0
praat7_filtered_v0.3,phone_F1.wav,1.685,0.0
praat7_filtered_v0.3,phone_F1.wav,1.695,0.0
praat7_filtered_v0.3,phone_F1.wav,1.705,0.0
praat7_filtered_v0.3,phone_F1.wav,1.715,0.0
praat7_filtered_v0.3,phone_F1.wav,1.725,0.0
praat7_filtered_v0.3,phone_F1.wav,1.735,0.0
praat7_filtered_v0.3,phone_F1.wav,1.745,0.0
praat7_filtered_v0.3,phone_F1.wav,1.755,0.0
praat7_filtered_v0.3,phone_F1.wav,1.765,0.0
praat7_filtered_v0.3,phone_F1.wav,1.775,0.0
praat7_filtered_v0.3,phone_F1.wav,1.785,0.0
praat7_filtered_v0.3,phone_F1.wav,1.795,0.0
praat7_filtered_v0.3,phone_F1.wav,1.805,0.0
praat7_filtered_v0.3,phone_F1.wav,1.815,0.0
praat7_filtered_v0.3,phone_F1.wav,1.825,0.0
praat7_filtered_v0.3,phone_F1.wav,1.835,225.7173191107258
praat7_filtered_v0.3,phone_F1.wav,1.845,217.90010520086597
praat7_filtered_v0.3,phone_F1.wav,1.855,0.0
praat7_filtered_v0.3,phone_F1.wav,1.865,0.0
praat7_filtered_v0.3,phone_F1.wav,1.875,0.0
praat7_filtered_v0.3,phone_F1.wav,1.885,0.0
praat7_filtered_v0.3,phone_F1.wav,1.895,0.0
praat7_filtered_v0.3,phone_F1.wav,1.905,0.0
praat7_filtered_v0.3,phone_F1.wav,1.915,218.50843271552583
praat7_filtered_v0.3,phone_F1.wav,1.925,221.90795087831012
praat7_filtered_v0.3,phone_F1.wav,1.935,224.1671115611526
praat7_filtered_v0.3,phone_F1.wav,1.945,224.14527164198728
praat7_filtered_v0.3,phone_F1.wav,1.955,223.42489870255767
praat7_filtered_v0.3,phone_F1.wav,1.965,222.3498108139556
praat7_filtered_v0.3,phone_F1.wav,1.975,221.00794083226455
praat7_filtered_v0.3,phone_F1.wav,1.985,219.6631445814022
praat7_filtered_v0.3,phone_F1.wav,1.995,218.28731098915657
praat7_filtered_v0.3,phone_F1.wav,2.005,215.90997857388297
praat7_filtered_v0.3,phone_F1.wav,2.015,213.03105986317743
praat7_filtered_v0.3,phone_F1.wav,2.025,210.0731989820826
praat7_filtered_v0.3,phone_F1.wav,2.035,201.18276128647753
praat7_filtered_v0.3,phone_F1.wav,2.045,189.39707657060265
praat7_filtered_v0.3,phone_F1.wav,2.055,189.3830834419815
praat7_filtered_v0.3,phone_F1.wav,2.065,189.75752014892143
praat7_filtered_v0.3,phone_F1.wav,2.075,196.31979870715543
praat7_filtered_v0.3,phone_F1.wav,2.085,204.6340817153744
praat7_filtered_v0.3,phone_F1.wav,2.095,202.97721606419117
praat7_filtered_v0.3,phone_F1.wav,2.105,201.375236050317
praat7_filtered_v0.3,phone_F1.wav,2.115,200.14788544338265
praat7_filtered_v0.3,phone_F1.wav,2.125,198.78459429423904
praat7_filtered_v0.3,phone_F1.wav,2.135,197.22883050601476
praat7_filtered_v0.3,phone_F1.wav,2.145,196.46996068626328
praat7_filtered_v0.3,phone_F1.wav,2.155,195.2552236005484
praat7_filtered_v0.3,phone_F1.wav,2.165,194.4714237101641
praat7_filtered_v0.3,phone_F1.wav,2.175,193.03496858732407
praat7_filtered_v0.3,phone_F1.wav,2.185,190.77216185290416
praat7_filtered_v0.3,phone_F1.wav,2.195,189.24587489692033
praat7_filtered_v0.3,phone_F1.wav,2.205,0.0
praat7_filtered_v0.3,phone_F1.wav,2.215,0.0
praat7_filtered_v0.3,phone_F1.wav,2.225,0.0
praat7_filtered_v0.3,phone_F1.wav,2.235,0.0
praat7_filtered_v0.3,phone_F1.wav,2.245,0.0
praat7_filtered_v0.3,phone_F1.wav,2.255,0.0
praat7_filtered_v0.3,phone_F1.wav,2.265,0.0
praat7_filtered_v0.3,phone_F1.wav,2.275,0.0
praat7_filtered_v0.3,phone_F1.wav,2.285,240.3073116602516
praat7_filtered_v0.3,phone_F1.wav,2.295,233.86350392141676
praat7_filtered_v0.3,phone_F1.wav,2.305,234.2527037307956
praat7_filtered_v0.3,phone_F1.wav,2.315,237.21912125832972
praat7_filtered_v0.3,phone_F1.wav,2.325,241.26900337802928
praat7_filtered_v0.3,phone_F1.wav,2.335,240.15481090160188
praat7_filtered_v0.3,phone_F1.wav,2.345,0.0
praat7_filtered_v0.3,phone_F1.wav,2.355,0.0
praat7_filtered_v0.3,phone_F1.wav,2.365,0.0
praat7_filtered_v0.3,phone_F1.wav,2.375,0.0
praat7_filtered_v0.3,phone_F1.wav,2.385,0.0
praat7_filtered_v0.3,phone_F1.wav,2.395,0.0
praat7_filtered_v0.3,phone_F1.wav,2.405,255.80963167920584
praat7_filtered_v0.3,phone_F1.wav,2.415,246.6515798670605
praat7_filtered_v0.3,phone_F1.wav,2.425,233.23540680216496
praat7_filtered_v0.3,phone_F1.wav,2.435,209.8496870911171
praat7_filtered_v0.3,phone_F1.wav,2.445,198.30843917918793
praat7_filtered_v0.3,phone_F1.wav,2.455,192.43627236909649
praat7_filtered_v0.3,phone_F1.wav,2.465,197.12487288855576
praat7_filtered_v0.3,phone_F1.wav,2.475,195.67331929711443
praat7_filtered_v0.3,phone_F1.wav,2.485,193.99356943795823
praat7_filtered_v0.3,phone_F1.wav,2.495,199.76699535700527
praat7_filtered_v0.3,phone_F1.wav,2.505,211.06278024694768
praat7_filtered_v0.3,phone_F1.wav,2.515,0.0
praat7_filtered_v0.3,phone_F1.wav,2.525,0.0
praat7_filtered_v0.3,phone_F1.wav,2.535,0.0
praat7_filtered_v0.3,phone_F1.wav,2.545,0.0
praat7_filtered_v0.3,phone_F1.wav,2.555,0.0
praat7_filtered_v0.3,phone_F1.wav,2.565,0.0
praat7_filtered_v0.3,phone_F1.wav,2.575,0.0
praat7_filtered_v0.3,phone_F1.wav,2.585,0.0
praat7_filtered_v0.3,phone_F1.wav,2.595,0.0
praat7_filtered_v0.3,phone_F1.wav,2.605,0.0
praat7_filtered_v0.3,phone_F1.wav,2.615,0.0
praat7_filtered_v0.3,phone_F1.wav,2.625,0.0
praat7_filtered_v0.3,phone_F1.wav,2.635,0.0
praat7_filtered_v0.3,phone_F1.wav,2.645,0.0
praat7_filtered_v0.3,phone_F1.wav,2.655,0.0
praat7_filtered_v0.3,phone_F1.wav,2.665,212.75256949765105
praat7_filtered_v0.3,phone_F1.wav,2.675,201.133679472232
praat7_filtered_v0.3,phone_F1.wav,2.685,196.9618650053204
praat7_filtered_v0.3,phone_F1.wav,2.695,194.97177753587516
praat7_filtered_v0.3,phone_F1.wav,2.705,192.62133163473607
praat7_filtered_v0.3,phone_F1.wav,2.715,189.93500433577285
praat7_filtered_v0.3,phone_F1.wav,2.725,187.7511305729072
praat7_filtered_v0.3,phone_F1.wav,2.735,184.53844387721648
praat7_filtered_v0.3,phone_F1.wav,2.745,0.0
praat7_filtered_v0.3,phone_F1.wav,2.755,0.0
praat7_filtered_v0.3,phone_F1.wav,2.765,0.0
praat7_filtered_v0.3,phone_F1.wav,2.775,0.0
praat7_filtered_v0.3,phone_F1.wav,2.785,0.0
praat7_filtered_v0.3,phone_F1.wav,2.795,0.0
praat7_filtered_v0.3,phone_F1.wav,2.805,0.0
praat7_filtered_v0.3,phone_F1.wav,2.815,0.0
praat7_filtered_v0.3,phone_F1.wav,2.825,0.0
praat7_filtered_v0.3,phone_F1.wav,2.835,0.0
praat7_filtered_v0.3,phone_F1.wav,2.845,0.0
praat7_filtered_v0.3,phone_F1.wav,2.855,0.0
praat7_filtered_v0.3,phone_F1.wav,2.865,0.0
praat7_filtered_v0.3,phone_F1.wav,2.875,0.0
praat7_filtered_v0.3,phone_F1.wav,2.885,0.0
praat7_filtered_v0.3,phone_F1.wav,2.895,0.0
praat7_filtered_v0.3,phone_F1.wav,2.905,0.0
praat7_filtered_v0.3,phone_F1.wav,2.915,0.0
praat7_filtered_v0.3,phone_F1.wav,2.925,0.0
praat7_filtered_v0.3,phone_F1.wav,2.935,0.0
praat7_filtered_v0.3,phone_F1.wav,2.945,0.0
praat7_filtered_v0.3,phone_F1.wav,2.955,0.0
praat7_filtered_v0.3,phone_F1.wav,2.965,0.0
praat7_filtered_v0.3,phone_F1.wav,2.975,0.0
praat7_filtered_v0.3,phone_F1.wav,2.985,0.0
praat7_filtered_v0.3,phone_F1.wav,2.995,0.0
praat7_filtered_v0.3,phone_F1.wav,3.005,0.0
praat7_filtered_v0.3,phone_F1.wav,3.015,0.0
praat7_filtered_v0.3,phone_F1.wav,3.025,0.0
praat7_filtered_v0.3,phone_F1.wav,3.035,0.0
praat7_filtered_v0.3,phone_F1.wav,3.045,0.0
praat7_filtered_v0.3,phone_F1.wav,3.055,0.0
praat7_filtered_v0.3,phone_F1.wav,3.065,0.0
praat7_filtered_v0.3,phone_F1.wav,3.075,0.0
praat7_filtered_v0.3,phone_F1.wav,3.085,0.0
praat7_filtered_v0.3,phone_F1.wav,3.095,0.0
praat7_filtered_v0.3,phone_F1.wav,3.105,0.0
praat7_filtered_v0.3,phone_F1.wav,3.115,0.0
praat7_filtered_v0.3,phone_F1.wav,3.125,0.0
praat7_filtered_v0.3,phone_F1.wav,3.135,0.0
praat7_filtered_v0.3,phone_F1.wav,3.145,0.0
praat7_filtered_v0.3,phone_F1.wav,3.155,0.0
praat7_filtered_v0.3,phone_F1.wav,3.165,0.0
praat7_filtered_v0.3,phone_F1.wav,3.175,0.0
praat7_filtered_v0.3,phone_F1.wav,3.185,0.0
praat7_filtered_v0.3,phone_F1.wav,3.195,0.0
praat7_filtered_v0.3,phone_F1.wav,3.205,0.0
praat7_filtered_v0.3,phone_F1.wav,3.215,0.0
swipe_t0.2,phone_F1.wav,0.0,0.0
swipe_t0.2,phone_F1.wav,0.01,0.0
swipe_t0.2,phone_F1.wav,0.02,0.0
swipe_t0.2,phone_F1.wav,0.03,0.0
swipe_t0.2,phone_F1.wav,0.04,0.0
swipe_t0.2,phone_F1.wav,0.05,0.0
swipe_t0.2,phone_F1.wav,0.06,0.0
swipe_t0.2,phone_F1.wav,0.07,0.0
swipe_t0.2,phone_F1.wav,0.08,0.0
swipe_t0.2,phone_F1.wav,0.09,0.0
swipe_t0.2,phone_F1.wav,0.1,0.0
swipe_t0.2,phone_F1.wav,0.11,0.0
swipe_t0.2,phone_F1.wav,0.12,0.0
swipe_t0.2,phone_F1.wav,0.13,0.0
swipe_t0.2,phone_F1.wav,0.14,0.0
swipe_t0.2,phone_F1.wav,0.15,0.0
swipe_t0.2,phone_F1.wav,0.16,0.0
swipe_t0.2,phone_F1.wav,0.17,0.0
swipe_t0.2,phone_F1.wav,0.18,0.0
swipe_t0.2,phone_F1.wav,0.19,0.0
swipe_t0.2,phone_F1.wav,0.2,0.0
swipe_t0.2,phone_F1.wav,0.21,0.0
swipe_t0.2,phone_F1.wav,0.22,0.0
swipe_t0.2,phone_F1.wav,0.23,0.0
swipe_t0.2,phone_F1.wav,0.24,0.0
swipe_t0.2,phone_F1.wav,0.25,0.0
swipe_t0.2,phone_F1.wav,0.26,0.0
swipe_t0.2,phone_F1.wav,0.27,0.0
swipe_t0.2,phone_F1.wav,0.28,0.0
swipe_t0.2,phone_F1.wav,0.29,0.0
swipe_t0.2,phone_F1.wav,0.3,0.0
swipe_t0.2,phone_F1.wav,0.31,0.0
swipe_t0.2,phone_F1.wav,0.32,0.0
swipe_t0.2,phone_F1.wav,0.33,0.0
swipe_t0.2,phone_F1.wav,0.34,0.0
swipe_t0.2,phone_F1.wav,0.35,0.0
swipe_t0.2,phone_F1.wav,0.36,0.0
swipe_t0.2,phone_F1.wav,0.37,0.0
swipe_t0.2,phone_F1.wav,0.38,0.0
swipe_t0.2,phone_F1.wav,0.39,0.0
swipe_t0.2,phone_F1.wav,0.4,0.0
swipe_t0.2,phone_F1.wav,0.41,0.0
swipe_t0.2,phone_F1.wav,0.42,0.0
swipe_t0.2,phone_F1.wav,0.43,0.0
swipe_t0.2,phone_F1.wav,0.44,0.0
swipe_t0.2,phone_F1.wav,0.45,0.0
swipe_t0.2,phone_F1.wav,0.46,0.0
swipe_t0.2,phone_F1.wav,0.47,0.0
swipe_t0.2,phone_F1.wav,0.48,0.0
swipe_t0.2,phone_F1.wav,0.49,0.0
swipe_t0.2,phone_F1.wav,0.5,0.0
swipe_t0.2,phone_F1.wav,0.51,0.0
swipe_t0.2,phone_F1.wav,0.52,0.0
swipe_t0.2,phone_F1.wav,0.53,0.0
swipe_t0.2,phone_F1.wav,0.54,0.0
swipe_t0.2,phone_F1.wav,0.55,222.438625443822
swipe_t0.2,phone_F1.wav,0.56,224.05051259492797
swipe_t0.2,phone_F1.wav,0.57,221.63659791125406
swipe_t0.2,phone_F1.wav,0.58,219.64589351771838
swipe_t0.2,phone_F1.wav,0.59,219.44763574499575
swipe_t0.2,phone_F1.wav,0.6,219.64589351771838
swipe_t0.2,phone_F1.wav,0.61,222.438625443822
swipe_t0.2,phone_F1.wav,0.62,224.45552785741324
swipe_t0.2,phone_F1.wav,0.63,227.72031921159086
swipe_t0.2,phone_F1.wav,0.64,229.57770228289584
swipe_t0.2,phone_F1.wav,0.65,230.6157150484969
swipe_t0.2,phone_F1.wav,0.66,230.1995841326973
swipe_t0.2,phone_F1.wav,0.67,228.74993400422045
swipe_t0.2,phone_F1.wav,0.68,229.16344439297686
swipe_t0.2,phone_F1.wav,0.69,229.5767952372065
swipe_t0.2,phone_F1.wav,0.7,230.1995841326973
swipe_t0.2,phone_F1.wav,0.71,231.03259820257594
swipe_t0.2,phone_F1.wav,0.72,232.0771891354914
swipe_t0.2,phone_F1.wav,0.73,232.28685695196862
swipe_t0.2,phone_F1.wav,0.74,232.49671419073866
swipe_t0.2,phone_F1.wav,0.75,233.54792497859148
swipe_t0.2,phone_F1.wav,0.76,232.91607738082283
swipe_t0.2,phone_F1.wav,0.77,232.28685695196862
swipe_t0.2,phone_F1.wav,0.78,230.40755564570503
swipe_t0.2,phone_F1.wav,0.79,227.10423779416826
swipe_t0.2,phone_F1.wav,0.8,222.8407269040131
swipe_t0.2,phone_F1.wav,0.81,232.91699761983824
swipe_t0.2,phone_F1.wav,0.82,236.09156971398448
swipe_t0.2,phone_F1.wav,0.83,236.30393065822102
swipe_t0.2,phone_F1.wav,0.84,237.5877457712939
swipe_t0.2,phone_F1.wav,0.85,239.5256117398336
swipe_t0.2,phone_F1.wav,0.86,241.26131863495507
swipe_t0.2,phone_F1.wav,0.87,243.00960321813255
swipe_t0.2,phone_F1.wav,0.88,244.9907241999174
swipe_t0.2,phone_F1.wav,0.89,248.10668832988
swipe_t0.2,phone_F1.wav,0.9,249.6790074397369
swipe_t0.2,phone_F1.wav,0.91,249.22847806449468
swipe_t0.2,phone_F1.wav,0.92,247.21211170382054
swipe_t0.2,phone_F1.wav,0.93,244.5496207226611
swipe_t0.2,phone_F1.wav,0.94,245.87726237945935
swipe_t0.2,phone_F1.wav,0.95,243.44792890708422
swipe_t0.2,phone_F1.wav,0.96,239.95765322048732
swipe_t0.2,phone_F1.wav,0.97,232.0771891354914
swipe_t0.2,phone_F1.wav,0.98,227.51477326412282
swipe_t0.2,phone_F1.wav,0.99,231.44932051081574
swipe_t0.2,phone_F1.wav,1.0,234.18148663316248
swipe_t0.2,phone_F1.wav,1.01,235.45284046305727
swipe_t0.2,phone_F1.wav,1.02,232.0771891354914
swipe_t0.2,phone_F1.wav,1.03,228.74993400422045
swipe_t0.2,phone_F1.wav,1.04,226.69444310851375
swipe_t0.2,phone_F1.wav,1.05,227.10423779416826
swipe_t0.2,phone_F1.wav,1.06,228.13106703589452
swipe_t0.2,phone_F1.wav,1.07,233.12650308249908
swipe_t0.2,phone_F1.wav,1.08,240.8259784264638
swipe_t0.2,phone_F1.wav,1.09,244.1083469889592
swipe_t0.2,phone_F1.wav,1.1,246.09939773415113
swipe_t0.2,phone_F1.wav,1.11,246.3217337748086
swipe_t0.2,phone_F1.wav,1.12,245.65532752958893
swipe_t0.2,phone_F1.wav,1.13,243.44792890708422
swipe_t0.2,phone_F1.wav,1.14,236.73109637809986
swipe_t0.2,phone_F1.wav,1.15,0.0
swipe_t0.2,phone_F1.wav,1.16,0.0
swipe_t0.2,phone_F1.wav,1.17,0.0
swipe_t0.2,phone_F1.wav,1.18,0.0
swipe_t0.2,phone_F1.wav,1.19,0.0
swipe_t0.2,phone_F1.wav,1.2,0.0
swipe_t0.2,phone_F1.wav,1.21,0.0
swipe_t0.2,phone_F1.wav,1.22,0.0
swipe_t0.2,phone_F1.wav,1.23,194.44989114945514
swipe_t0.2,phone_F1.wav,1.24,187.72385954744246
swipe_t0.2,phone_F1.wav,1.25,185.0324913122966
swipe_t0.2,phone_F1.wav,1.26,182.21580833357365
swipe_t0.2,phone_F1.wav,1.27,180.74160350288906
swipe_t0.2,phone_F1.wav,1.28,180.08991928212677
swipe_t0.2,phone_F1.wav,1.29,180.57846169688986
swipe_t0.2,phone_F1.wav,1.3,181.39492926569122
swipe_t0.2,phone_F1.wav,1.31,182.05133587412303
swipe_t0.2,phone_F1.wav,1.32,181.55880870115345
swipe_t0.2,phone_F1.wav,1.33,178.95582785616548
swipe_t0.2,phone_F1.wav,1.34,171.52348540487853
swipe_t0.2,phone_F1.wav,1.35,0.0
swipe_t0.2,phone_F1.wav,1.36,0.0
swipe_t0.2,phone_F1.wav,1.37,0.0
swipe_t0.2,phone_F1.wav,1.38,0.0
swipe_t0.2,phone_F1.wav,1.39,0.0
swipe_t0.2,phone_F1.wav,1.4,0.0
swipe_t0.2,phone_F1.wav,1.41,0.0
swipe_t0.2,phone_F1.wav,1.42,0.0
swipe_t0.2,phone_F1.wav,1.43,0.0
swipe_t0.2,phone_F1.wav,1.44,0.0
swipe_t0.2,phone_F1.wav,1.45,226.082030361761
swipe_t0.2,phone_F1.wav,1.46,216.88736761863115
swipe_t0.2,phone_F1.wav,1.47,210.3335990661066
swipe_t0.2,phone_F1.wav,1.48,205.45516896735168
swipe_t0.2,phone_F1.wav,1.49,200.68988807696934
swipe_t0.2,phone_F1.wav,1.5,197.63407734434912
swipe_t0.2,phone_F1.wav,1.51,196.2122380180184
swipe_t0.2,phone_F1.wav,1.52,194.62479600752013
swipe_t0.2,phone_F1.wav,1.53,193.22460636127587
swipe_t0.2,phone_F1.wav,1.54,192.0078010551678
swipe_t0.2,phone_F1.wav,1.55,190.45437476118528
swipe_t0.2,phone_F1.wav,1.56,188.74374409739482
swipe_t0.2,phone_F1.wav,1.57,187.04773902835453
swipe_t0.2,phone_F1.wav,1.58,187.55441538582062
swipe_t0.2,phone_F1.wav,1.59,0.0
swipe_t0.2,phone_F1.wav,1.6,246.9889719861982
swipe_t0.2,phone_F1.wav,1.61,0.0
swipe_t0.2,phone_F1.wav,1.62,0.0
swipe_t0.2,phone_F1.wav,1.63,0.0
swipe_t0.2,phone_F1.wav,1.64,0.0
swipe_t0.2,phone_F1.wav,1.65,0.0
swipe_t0.2,phone_F1.wav,1.66,244.5496207226611
swipe_t0.2,phone_F1.wav,1.67,247.21211170382054
swipe_t0.2,phone_F1.wav,1.68,248.77876163992877
swipe_t0.2,phone_F1.wav,1.69,249.4536410414956
swipe_t0.2,phone_F1.wav,1.7,0.0
swipe_t0.2,phone_F1.wav,1.71,0.0
swipe_t0.2,phone_F1.wav,1.72,0.0
swipe_t0.2,phone_F1.wav,1.73,0.0
swipe_t0.2,phone_F1.wav,1.74,0.0
swipe_t0.2,phone_F1.wav,1.75,0.0
swipe_t0.2,phone_F1.wav,1.76,0.0
swipe_t0.2,phone_F1.wav,1.77,0.0
swipe_t0.2,phone_F1.wav,1.78,0.0
swipe_t0.2,phone_F1.wav,1.79,0.0
swipe_t0.2,phone_F1.wav,1.8,0.0
swipe_t0.2,phone_F1.wav,1.81,0.0
swipe_t0.2,phone_F1.wav,1.82,0.0
swipe_t0.2,phone_F1.wav,1.83,0.0
swipe_t0.2,phone_F1.wav,1.84,232.49671419073866
swipe_t0.2,phone_F1.wav,1.85,223.04205013102307
swipe_t0.2,phone_F1.wav,1.86,218.65639256286727
swipe_t0.2,phone_F1.wav,1.87,212.23990385998744
swipe_t0.2,phone_F1.wav,1.88,208.44359284676636
swipe_t0.2,phone_F1.wav,1.89,207.31807845687152
swipe_t0.2,phone_F1.wav,1.9,213.39298157398724
swipe_t0.2,phone_F1.wav,1.91,219.24955692460313
swipe_t0.2,phone_F1.wav,1.92,221.83683327996297
swipe_t0.2,phone_F1.wav,1.93,225.4703812203876
swipe_t0.2,phone_F1.wav,1.94,225.67408018230125
swipe_t0.2,phone_F1.wav,1.95,224.05051259492797
swipe_t0.2,phone_F1.wav,1.96,223.24267322157928
swipe_t0.2,phone_F1.wav,1.97,222.438625443822
swipe_t0.2,phone_F1.wav,1.98,220.63900059700399
swipe_t0.2,phone_F1.wav,1.99,219.44763574499575
swipe_t0.2,phone_F1.wav,2.0,217.86886308207644
swipe_t0.2,phone_F1.wav,2.01,215.71626012663637
swipe_t0.2,phone_F1.wav,2.02,213.39298157398724
swipe_t0.2,phone_F1.wav,2.03,210.3335990661066
swipe_t0.2,phone_F1.wav,2.04,202.1441744056262
swipe_t0.2,phone_F1.wav,2.05,196.2122380180184
swipe_t0.2,phone_F1.wav,2.06,196.38950400294613
swipe_t0.2,phone_F1.wav,2.07,198.88653788323776
swipe_t0.2,phone_F1.wav,2.08,205.26972009079202
swipe_t0.2,phone_F1.wav,2.09,203.9770623424163
swipe_t0.2,phone_F1.wav,2.1,202.50958966358985
swipe_t0.2,phone_F1.wav,2.11,200.68988807696934
swipe_t0.2,phone_F1.wav,2.12,199.60624067935876
swipe_t0.2,phone_F1.wav,2.13,197.81262787580224
swipe_t0.2,phone_F1.wav,2.14,196.5669301370558
swipe_t0.2,phone_F1.wav,2.15,195.32907700799345
swipe_t0.2,phone_F1.wav,2.16,193.57389774989014
swipe_t0.2,phone_F1.wav,2.17,192.35489282944195
swipe_t0.2,phone_F1.wav,2.18,191.3162511667771
swipe_t0.2,phone_F1.wav,2.19,189.939864192778
swipe_t0.2,phone_F1.wav,2.2,188.40316840390327
swipe_t0.2,phone_F1.wav,2.21,0.0
swipe_t0.2,phone_F1.wav,2.22,0.0
swipe_t0.2,phone_F1.wav,2.23,0.0
swipe_t0.2,phone_F1.wav,2.24,0.0
swipe_t0.2,phone_F1.wav,2.25,0.0
swipe_t0.2,phone_F1.wav,2.26,0.0
swipe_t0.2,phone_F1.wav,2.27,0.0
swipe_t0.2,phone_F1.wav,2.28,0.0
swipe_t0.2,phone_F1.wav,2.29,235.02798127204792
swipe_t0.2,phone_F1.wav,2.3,234.6048156190211
swipe_t0.2,phone_F1.wav,2.31,235.87846767041586
swipe_t0.2,phone_F1.wav,2.32,239.09340350046966
swipe_t0.2,phone_F1.wav,2.33,240.17444056346199
swipe_t0.2,phone_F1.wav,2.34,241.9148491548023
swipe_t0.2,phone_F1.wav,2.35,0.0
swipe_t0.2,phone_F1.wav,2.36,0.0
swipe_t0.2,phone_F1.wav,2.37,0.0
swipe_t0.2,phone_F1.wav,2.38,0.0
swipe_t0.2,phone_F1.wav,2.39,0.0
swipe_t0.2,phone_F1.wav,2.4,0.0
swipe_t0.2,phone_F1.wav,2.41,244.9907241999174
swipe_t0.2,phone_F1.wav,2.42,237.15903428383177
swipe_t0.2,phone_F1.wav,2.43,217.47573302370424
swipe_t0.2,phone_F1.wav,2.44,208.82039553957176
swipe_t0.2,phone_F1.wav,2.45,198.3492479113839
swipe_t0.2,phone_F1.wav,2.46,0.0
swipe_t0.2,phone_F1.wav,2.47,191.3162511667771
swipe_t0.2,phone_F1.wav,2.48,192.8767072886241
swipe_t0.2,phone_F1.wav,2.49,195.15276819049015
swipe_t0.2,phone_F1.wav,2.5,197.99133971694812
swipe_t0.2,phone_F1.wav,2.51,0.0
swipe_t0.2,phone_F1.wav,2.52,0.0
swipe_t0.2,phone_F1.wav,2.53,0.0
swipe_t0.2,phone_F1.wav,2.54,0.0
swipe_t0.2,phone_F1.wav,2.55,0.0
swipe_t0.2,phone_F1.wav,2.56,0.0
swipe_t0.2,phone_F1.wav,2.57,0.0
swipe_t0.2,phone_F1.wav,2.58,0.0
swipe_t0.2,phone_F1.wav,2.59,0.0
swipe_t0.2,phone_F1.wav,2.6,0.0
swipe_t0.2,phone_F1.wav,2.61,0.0
swipe_t0.2,phone_F1.wav,2.62,0.0
swipe_t0.2,phone_F1.wav,2.63,0.0
swipe_t0.2,phone_F1.wav,2.64,0.0
swipe_t0.2,phone_F1.wav,2.65,0.0
swipe_t0.2,phone_F1.wav,2.66,217.27943409109048
swipe_t0.2,phone_F1.wav,2.67,202.6925449279079
swipe_t0.2,phone_F1.wav,2.68,198.52844455653621
swipe_t0.2,phone_F1.wav,2.69,196.74451656503257
swipe_t0.2,phone_F1.wav,2.7,194.44912289132796
swipe_t0.2,phone_F1.wav,2.71,191.83449010283036
swipe_t0.2,phone_F1.wav,2.72,189.0841883867203
swipe_t0.2,phone_F1.wav,2.73,187.72385954744246
swipe_t0.2,phone_F1.wav,2.74,0.0
swipe_t0.2,phone_F1.wav,2.75,0.0
swipe_t0.2,phone_F1.wav,2.76,0.0
swipe_t0.2,phone_F1.wav,2.77,0.0
swipe_t0.2,phone_F1.wav,2.78,0.0
swipe_t0.2,phone_F1.wav,2.79,0.0
swipe_t0.2,phone_F1.wav,2.8,0.0
swipe_t0.2,phone_F1.wav,2.81,0.0
swipe_t0.2,phone_F1.wav,2.82,0.0
swipe_t0.2,phone_F1.wav,2.83,0.0
swipe_t0.2,phone_F1.wav,2.84,0.0
swipe_t0.2,phone_F1.wav,2.85,0.0
swipe_t0.2,phone_F1.wav,2.86,0.0
swipe_t0.2,phone_F1.wav,2.87,0.0
swipe_t0.2,phone_F1.wav,2.88,0.0
swipe_t0.2,phone_F1.wav,2.89,0.0
swipe_t0.2,phone_F1.wav,2.9,0.0
swipe_t0.2,phone_F1.wav,2.91,0.0
swipe_t0.2,phone_F1.wav,2.92,0.0
swipe_t0.2,phone_F1.wav,2.93,0.0
swipe_t0.2,phone_F1.wav,2.94,0.0
swipe_t0.2,phone_F1.wav,2.95,0.0
swipe_t0.2,phone_F1.wav,2.96,0.0
swipe_t0.2,phone_F1.wav,2.97,0.0
swipe_t0.2,phone_F1.wav,2.98,0.0
swipe_t0.2,phone_F1.wav,2.99,0.0
swipe_t0.2,phone_F1.wav,3.0,0.0
swipe_t0.2,phone_F1.wav,3.01,0.0
swipe_t0.2,phone_F1.wav,3.02,0.0
swipe_t0.2,phone_F1.wav,3.03,0.0
swipe_t0.2,phone_F1.wav,3.04,0.0
swipe_t0.2,phone_F1.wav,3.05,0.0
swipe_t0.2,phone_F1.wav,3.06,0.0
swipe_t0.2,phone_F1.wav,3.07,0.0
swipe_t0.2,phone_F1.wav,3.08,0.0
swipe_t0.2,phone_F1.wav,3.09,0.0
swipe_t0.2,phone_F1.wav,3.1,0.0
swipe_t0.2,phone_F1.wav,3.11,0.0
swipe_t0.2,phone_F1.wav,3.12,0.0
swipe_t0.2,phone_F1.wav,3.13,0.0
swipe_t0.2,phone_F1.wav,3.14,0.0
swipe_t0.2,phone_F1.wav,3.15,0.0
swipe_t0.2,phone_F1.wav,3.16,0.0
swipe_t0.2,phone_F1.wav,3.17,0.0
swipe_t0.2,phone_F1.wav,3.18,0.0
swipe_t0.2,phone_F1.wav,3.19,0.0
swipe_t0.2,phone_F1.wav,3.2,0.0
swipe_t0.2,phone_F1.wav,3.21,0.0
swipe_t0.2,phone_F1.wav,3.22,0.0
swipe_t0.2,phone_F1.wav,3.23,0.0
swipe_t0.3,phone_F1.wav,0.0,0.0
swipe_t0.3,phone_F1.wav,0.01,0.0
swipe_t0.3,phone_F1.wav,0.02,0.0
swipe_t0.3,phone_F1.wav,0.03,0.0
swipe_t0.3,phone_F1.wav,0.04,0.0
swipe_t0.3,phone_F1.wav,0.05,0.0
swipe_t0.3,phone_F1.wav,0.06,0.0
swipe_t0.3,phone_F1.wav,0.07,0.0
swipe_t0.3,phone_F1.wav,0.08,0.0
swipe_t0.3,phone_F1.wav,0.09,0.0
swipe_t0.3,phone_F1.wav,0.1,0.0
swipe_t0.3,phone_F1.wav,0.11,0.0
swipe_t0.3,phone_F1.wav,0.12,0.0
swipe_t0.3,phone_F1.wav,0.13,0.0
swipe_t0.3,phone_F1.wav,0.14,0.0
swipe_t0.3,phone_F1.wav,0.15,0.0
swipe_t0.3,phone_F1.wav,0.16,0.0
swipe_t0.3,phone_F1.wav,0.17,0.0
swipe_t0.3,phone_F1.wav,0.18,0.0
swipe_t0.3,phone_F1.wav,0.19,0.0
swipe_t0.3,phone_F1.wav,0.2,0.0
swipe_t0.3,phone_F1.wav,0.21,0.0
swipe_t0.3,phone_F1.wav,0.22,0.0
swipe_t0.3,phone_F1.wav,0.23,0.0
swipe_t0.3,phone_F1.wav,0.24,0.0
swipe_t0.3,phone_F1.wav,0.25,0.0
swipe_t0.3,phone_F1.wav,0.26,0.0
swipe_t0.3,phone_F1.wav,0.27,0.0
swipe_t0.3,phone_F1.wav,0.28,0.0
swipe_t0.3,phone_F1.wav,0.29,0.0
swipe_t0.3,phone_F1.wav,0.3,0.0
swipe_t0.3,phone_F1.wav,0.31,0.0
swipe_t0.3,phone_F1.wav,0.32,0.0
swipe_t0.3,phone_F1.wav,0.33,0.0
swipe_t0.3,phone_F1.wav,0.34,0.0
swipe_t0.3,phone_F1.wav,0.35,0.0
swipe_t0.3,phone_F1.wav,0.36,0.0
swipe_t0.3,phone_F1.wav,0.37,0.0
swipe_t0.3,phone_F1.wav,0.38,0.0
swipe_t0.3,phone_F1.wav,0.39,0.0
swipe_t0.3,phone_F1.wav,0.4,0.0
swipe_t0.3,phone_F1.wav,0.41,0.0
swipe_t0.3,phone_F1.wav,0.42,0.0
swipe_t0.3,phone_F1.wav,0.43,0.0
swipe_t0.3,phone_F1.wav,0.44,0.0
swipe_t0.3,phone_F1.wav,0.45,0.0
swipe_t0.3,phone_F1.wav,0.46,0.0
swipe_t0.3,phone_F1.wav,0.47,0.0
swipe_t0.3,phone_F1.wav,0.48,0.0
swipe_t0.3,phone_F1.wav,0.49,0.0
swipe_t0.3,phone_F1.wav,0.5,0.0
swipe_t0.3,phone_F1.wav,0.51,0.0
swipe_t0.3,phone_F1.wav,0.52,0.0
swipe_t0.3,phone_F1.wav,0.53,0.0
swipe_t0.3,phone_F1.wav,0.54,0.0
swipe_t0.3,phone_F1.wav,0.55,222.438625443822
swipe_t0.3,phone_F1.wav,0.56,224.05051259492797
swipe_t0.3,phone_F1.wav,0.57,221.63659791125406
swipe_t0.3,phone_F1.wav,0.58,219.64589351771838
swipe_t0.3,phone_F1.wav,0.59,219.44763574499575
swipe_t0.3,phone_F1.wav,0.6,219.64589351771838
swipe_t0.3,phone_F1.wav,0.61,222.438625443822
swipe_t0.3,phone_F1.wav,0.62,224.45552785741324
swipe_t0.3,phone_F1.wav,0.63,227.72031921159086
swipe_t0.3,phone_F1.wav,0.64,229.57770228289584
swipe_t0.3,phone_F1.wav,0.65,230.6157150484969
swipe_t0.3,phone_F1.wav,0.66,230.1995841326973
swipe_t0.3,phone_F1.wav,0.67,228.74993400422045
swipe_t0.3,phone_F1.wav,0.68,229.16344439297686
swipe_t0.3,phone_F1.wav,0.69,229.5767952372065
swipe_t0.3,phone_F1.wav,0.7,230.1995841326973
swipe_t0.3,phone_F1.wav,0.71,231.03259820257594
swipe_t0.3,phone_F1.wav,0.72,232.0771891354914
swipe_t0.3,phone_F1.wav,0.73,232.28685695196862
swipe_t0.3,phone_F1.wav,0.74,232.49671419073866
swipe_t0.3,phone_F1.wav,0.75,233.54792497859148
swipe_t0.3,phone_F1.wav,0.76,232.91607738082283
swipe_t0.3,phone_F1.wav,0.77,232.28685695196862
swipe_t0.3,phone_F1.wav,0.78,230.40755564570503
swipe_t0.3,phone_F1.wav,0.79,227.10423779416826
swipe_t0.3,phone_F1.wav,0.8,222.8407269040131
swipe_t0.3,phone_F1.wav,0.81,232.91699761983824
swipe_t0.3,phone_F1.wav,0.82,236.09156971398448
swipe_t0.3,phone_F1.wav,0.83,236.30393065822102
swipe_t0.3,phone_F1.wav,0.84,237.5877457712939
swipe_t0.3,phone_F1.wav,0.85,239.5256117398336
swipe_t0.3,phone_F1.wav,0.86,241.26131863495507
swipe_t0.3,phone_F1.wav,0.87,243.00960321813255
swipe_t0.3,phone_F1.wav,0.88,244.9907241999174
swipe_t0.3,phone_F1.wav,0.89,248.10668832988
swipe_t0.3,phone_F1.wav,0.9,249.6790074397369
swipe_t0.3,phone_F1.wav,0.91,249.22847806449468
swipe_t0.3,phone_F1.wav,0.92,247.21211170382054
swipe_t0.3,phone_F1.wav,0.93,244.5496207226611
swipe_t0.3,phone_F1.wav,0.94,245.87726237945935
swipe_t0.3,phone_F1.wav,0.95,243.44792890708422
swipe_t0.3,phone_F1.wav,0.96,239.95765322048732
swipe_t0.3,phone_F1.wav,0.97,232.0771891354914
swipe_t0.3,phone_F1.wav,0.98,227.51477326412282
swipe_t0.3,phone_F1.wav,0.99,231.44932051081574
swipe_t0.3,phone_F1.wav,1.0,234.18148663316248
swipe_t0.3,phone_F1.wav,1.01,235.45284046305727
swipe_t0.3,phone_F1.wav,1.02,232.0771891354914
swipe_t0.3,phone_F1.wav,1.03,228.74993400422045
swipe_t0.3,phone_F1.wav,1.04,226.69444310851375
swipe_t0.3,phone_F1.wav,1.05,227.10423779416826
swipe_t0.3,phone_F1.wav,1.06,228.13106703589452
swipe_t0.3,phone_F1.wav,1.07,233.12650308249908
swipe_t0.3,phone_F1.wav,1.08,240.8259784264638
swipe_t0.3,phone_F1.wav,1.09,244.1083469889592
swipe_t0.3,phone_F1.wav,1.1,246.09939773415113
swipe_t0.3,phone_F1.wav,1.11,246.3217337748086
swipe_t0.3,phone_F1.wav,1.12,245.65532752958893
swipe_t0.3,phone_F1.wav,1.13,243.44792890708422
swipe_t0.3,phone_F1.wav,1.14,236.73109637809986
swipe_t0.3,phone_F1.wav,1.15,0.0
swipe_t0.3,phone_F1.wav,1.16,0.0
swipe_t0.3,phone_F1.wav,1.17,0.0
swipe_t0.3,phone_F1.wav,1.18,0.0
swipe_t0.3,phone_F1.wav,1.19,0.0
swipe_t0.3,phone_F1.wav,1.2,0.0
swipe_t0.3,phone_F1.wav,1.21,0.0
swipe_t0.3,phone_F1.wav,1.22,0.0
swipe_t0.3,phone_F1.wav,1.23,0.0
swipe_t0.3,phone_F1.wav,1.24,187.72385954744246
swipe_t0.3,phone_F1.wav,1.25,185.0324913122966
swipe_t0.3,phone_F1.wav,1.26,182.21580833357365
swipe_t0.3,phone_F1.wav,1.27,180.74160350288906
swipe_t0.3,phone_F1.wav,1.28,180.08991928212677
swipe_t0.3,phone_F1.wav,1.29,180.57846169688986
swipe_t0.3,phone_F1.wav,1.3,181.39492926569122
swipe_t0.3,phone_F1.wav,1.31,182.05133587412303
swipe_t0.3,phone_F1.wav,1.32,181.55880870115345
swipe_t0.3,phone_F1.wav,1.33,178.95582785616548
swipe_t0.3,phone_F1.wav,1.34,171.52348540487853
swipe_t0.3,phone_F1.wav,1.35,0.0
swipe_t0.3,phone_F1.wav,1.36,0.0
swipe_t0.3,phone_F1.wav,1.37,0.0
swipe_t0.3,phone_F1.wav,1.38,0.0
swipe_t0.3,phone_F1.wav,1.39,0.0
swipe_t0.3,phone_F1.wav,1.4,0.0
swipe_t0.3,phone_F1.wav,1.41,0.0
swipe_t0.3,phone_F1.wav,1.42,0.0
swipe_t0.3,phone_F1.wav,1.43,0.0
swipe_t0.3,phone_F1.wav,1.44,0.0
swipe_t0.3,phone_F1.wav,1.45,0.0
swipe_t0.3,phone_F1.wav,1.46,216.88736761863115
swipe_t0.3,phone_F1.wav,1.47,210.3335990661066
swipe_t0.3,phone_F1.wav,1.48,205.45516896735168
swipe_t0.3,phone_F1.wav,1.49,200.68988807696934
swipe_t0.3,phone_F1.wav,1.5,197.63407734434912
swipe_t0.3,phone_F1.wav,1.51,196.2122380180184
swipe_t0.3,phone_F1.wav,1.52,194.62479600752013
swipe_t0.3,phone_F1.wav,1.53,193.22460636127587
swipe_t0.3,phone_F1.wav,1.54,192.0078010551678
swipe_t0.3,phone_F1.wav,1.55,190.45437476118528
swipe_t0.3,phone_F1.wav,1.56,188.74374409739482
swipe_t0.3,phone_F1.wav,1.57,187.04773902835453
swipe_t0.3,phone_F1.wav,1.58,0.0
swipe_t0.3,phone_F1.wav,1.59,0.0
swipe_t0.3,phone_F1.wav,1.6,0.0
swipe_t0.3,phone_F1.wav,1.61,0.0
swipe_t0.3,phone_F1.wav,1.62,0.0
swipe_t0.3,phone_F1.wav,1.63,0.0
swipe_t0.3,phone_F1.wav,1.64,0.0
swipe_t0.3,phone_F1.wav,1.65,0.0
swipe_t0.3,phone_F1.wav,1.66,0.0
swipe_t0.3,phone_F1.wav,1.67,0.0
swipe_t0.3,phone_F1.wav,1.68,0.0
swipe_t0.3,phone_F1.wav,1.69,0.0
swipe_t0.3,phone_F1.wav,1.7,0.0
swipe_t0.3,phone_F1.wav,1.71,0.0
swipe_t0.3,phone_F1.wav,1.72,0.0
swipe_t0.3,phone_F1.wav,1.73,0.0
swipe_t0.3,phone_F1.wav,1.74,0.0
swipe_t0.3,phone_F1.wav,1.75,0.0
swipe_t0.3,phone_F1.wav,1.76,0.0
swipe_t0.3,phone_F1.wav,1.77,0.0
swipe_t0.3,phone_F1.wav,1.78,0.0
swipe_t0.3,phone_F1.wav,1.79,0.0
swipe_t0.3,phone_F1.wav,1.8,0.0
swipe_t0.3,phone_F1.wav,1.81,0.0
swipe_t0.3,phone_F1.wav,1.82,0.0
swipe_t0.3,phone_F1.wav,1.83,0.0
swipe_t0.3,phone_F1.wav,1.84,0.0
swipe_t0.3,phone_F1.wav,1.85,0.0
swipe_t0.3,phone_F1.wav,1.86,0.0
swipe_t0.3,phone_F1.wav,1.87,0.0
swipe_t0.3,phone_F1.wav,1.88,0.0
swipe_t0.3,phone_F1.wav,1.89,0.0
swipe_t0.3,phone_F1.wav,1.9,0.0
swipe_t0.3,phone_F1.wav,1.91,219.24955692460313
swipe_t0.3,phone_F1.wav,1.92,221.83683327996297
swipe_t0.3,phone_F1.wav,1.93,225.4703812203876
swipe_t0.3,phone_F1.wav,1.94,225.67408018230125
swipe_t0.3,phone_F1.wav,1.95,224.05051259492797
swipe_t0.3,phone_F1.wav,1.96,223.24267322157928
swipe_t0.3,phone_F1.wav,1.97,222.438625443822
swipe_t0.3,phone_F1.wav,1.98,220.63900059700399
swipe_t0.3,phone_F1.wav,1.99,219.44763574499575
swipe_t0.3,phone_F1.wav,2.0,217.86886308207644
swipe_t0.3,phone_F1.wav,2.01,215.71626012663637
swipe_t0.3,phone_F1.wav,2.02,213.39298157398724
swipe_t0.3,phone_F1.wav,2.03,210.3335990661066
swipe_t0.3,phone_F1.wav,2.04,202.1441744056262
swipe_t0.3,phone_F1.wav,2.05,196.2122380180184
swipe_t0.3,phone_F1.wav,2.06,196.38950400294613
swipe_t0.3,phone_F1.wav,2.07,198.88653788323776
swipe_t0.3,phone_F1.wav,2.08,205.26972009079202
swipe_t0.3,phone_F1.wav,2.09,203.9770623424163
swipe_t0.3,phone_F1.wav,2.1,202.50958966358985
swipe_t0.3,phone_F1.wav,2.11,200.68988807696934
swipe_t0.3,phone_F1.wav,2.12,199.60624067935876
swipe_t0.3,phone_F1.wav,2.13,197.81262787580224
swipe_t0.3,phone_F1.wav,2.14,196.5669301370558
swipe_t0.3,phone_F1.wav,2.15,195.32907700799345
swipe_t0.3,phone_F1.wav,2.16,193.57389774989014
swipe_t0.3,phone_F1.wav,2.17,192.35489282944195
swipe_t0.3,phone_F1.wav,2.18,191.3162511667771
swipe_t0.3,phone_F1.wav,2.19,189.939864192778
swipe_t0.3,phone_F1.wav,2.2,0.0
swipe_t0.3,phone_F1.wav,2.21,0.0
swipe_t0.3,phone_F1.wav,2.22,0.0
swipe_t0.3,phone_F1.wav,2.23,0.0
swipe_t0.3,phone_F1.wav,2.24,0.0
swipe_t0.3,phone_F1.wav,2.25,0.0
swipe_t0.3,phone_F1.wav,2.26,0.0
swipe_t0.3,phone_F1.wav,2.27,0.0
swipe_t0.3,phone_F1.wav,2.28,0.0
swipe_t0.3,phone_F1.wav,2.29,235.02798127204792
swipe_t0.3,phone_F1.wav,2.3,234.6048156190211
swipe_t0.3,phone_F1.wav,2.31,235.87846767041586
swipe_t0.3,phone_F1.wav,2.32,239.09340350046966
swipe_t0.3,phone_F1.wav,2.33,240.17444056346199
swipe_t0.3,phone_F1.wav,2.34,241.9148491548023
swipe_t0.3,phone_F1.wav,2.35,0.0
swipe_t0.3,phone_F1.wav,2.36,0.0
swipe_t0.3,phone_F1.wav,2.37,0.0
swipe_t0.3,phone_F1.wav,2.38,0.0
swipe_t0.3,phone_F1.wav,2.39,0.0
swipe_t0.3,phone_F1.wav,2.4,0.0
swipe_t0.3,phone_F1.wav,2.41,244.9907241999174
swipe_t0.3,phone_F1.wav,2.42,237.15903428383177
swipe_t0.3,phone_F1.wav,2.43,217.47573302370424
swipe_t0.3,phone_F1.wav,2.44,208.82039553957176
swipe_t0.3,phone_F1.wav,2.45,198.3492479113839
swipe_t0.3,phone_F1.wav,2.46,0.0
swipe_t0.3,phone_F1.wav,2.47,0.0
swipe_t0.3,phone_F1.wav,2.48,192.8767072886241
swipe_t0.3,phone_F1.wav,2.49,0.0
swipe_t0.3,phone_F1.wav,2.5,0.0
swipe_t0.3,phone_F1.wav,2.51,0.0
swipe_t0.3,phone_F1.wav,2.52,0.0
swipe_t0.3,phone_F1.wav,2.53,0.0
swipe_t0.3,phone_F1.wav,2.54,0.0
swipe_t0.3,phone_F1.wav,2.55,0.0
swipe_t0.3,phone_F1.wav,2.56,0.0
swipe_t0.3,phone_F1.wav,2.57,0.0
swipe_t0.3,phone_F1.wav,2.58,0.0
swipe_t0.3,phone_F1.wav,2.59,0.0
swipe_t0.3,phone_F1.wav,2.6,0.0
swipe_t0.3,phone_F1.wav,2.61,0.0
swipe_t0.3,phone_F1.wav,2.62,0.0
swipe_t0.3,phone_F1.wav,2.63,0.0
swipe_t0.3,phone_F1.wav,2.64,0.0
swipe_t0.3,phone_F1.wav,2.65,0.0
swipe_t0.3,phone_F1.wav,2.66,0.0
swipe_t0.3,phone_F1.wav,2.67,202.6925449279079
swipe_t0.3,phone_F1.wav,2.68,198.52844455653621
swipe_t0.3,phone_F1.wav,2.69,196.74451656503257
swipe_t0.3,phone_F1.wav,2.7,194.44912289132796
swipe_t0.3,phone_F1.wav,2.71,191.83449010283036
swipe_t0.3,phone_F1.wav,2.72,189.0841883867203
swipe_t0.3,phone_F1.wav,2.73,187.72385954744246
swipe_t0.3,phone_F1.wav,2.74,0.0
swipe_t0.3,phone_F1.wav,2.75,0.0
swipe_t0.3,phone_F1.wav,2.76,0.0
swipe_t0.3,phone_F1.wav,2.77,0.0
swipe_t0.3,phone_F1.wav,2.78,0.0
swipe_t0.3,phone_F1.wav,2.79,0.0
swipe_t0.3,phone_F1.wav,2.8,0.0
swipe_t0.3,phone_F1.wav,2.81,0.0
swipe_t0.3,phone_F1.wav,2.82,0.0
swipe_t0.3,phone_F1.wav,2.83,0.0
swipe_t0.3,phone_F1.wav,2.84,0.0
swipe_t0.3,phone_F1.wav,2.85,0.0
swipe_t0.3,phone_F1.wav,2.86,0.0
swipe_t0.3,phone_F1.wav,2.87,0.0
swipe_t0.3,phone_F1.wav,2.88,0.0
swipe_t0.3,phone_F1.wav,2.89,0.0
swipe_t0.3,phone_F1.wav,2.9,0.0
swipe_t0.3,phone_F1.wav,2.91,0.0
swipe_t0.3,phone_F1.wav,2.92,0.0
swipe_t0.3,phone_F1.wav,2.93,0.0
swipe_t0.3,phone_F1.wav,2.94,0.0
swipe_t0.3,phone_F1.wav,2.95,0.0
swipe_t0.3,phone_F1.wav,2.96,0.0
swipe_t0.3,phone_F1.wav,2.97,0.0
swipe_t0.3,phone_F1.wav,2.98,0.0
swipe_t0.3,phone_F1.wav,2.99,0.0
swipe_t0.3,phone_F1.wav,3.0,0.0
swipe_t0.3,phone_F1.wav,3.01,0.0
swipe_t0.3,phone_F1.wav,3.02,0.0
swipe_t0.3,phone_F1.wav,3.03,0.0
swipe_t0.3,phone_F1.wav,3.04,0.0
swipe_t0.3,phone_F1.wav,3.05,0.0
swipe_t0.3,phone_F1.wav,3.06,0.0
swipe_t0.3,phone_F1.wav,3.07,0.0
swipe_t0.3,phone_F1.wav,3.08,0.0
swipe_t0.3,phone_F1.wav,3.09,0.0
swipe_t0.3,phone_F1.wav,3.1,0.0
swipe_t0.3,phone_F1.wav,3.11,0.0
swipe_t0.3,phone_F1.wav,3.12,0.0
swipe_t0.3,phone_F1.wav,3.13,0.0
swipe_t0.3,phone_F1.wav,3.14,0.0
swipe_t0.3,phone_F1.wav,3.15,0.0
swipe_t0.3,phone_F1.wav,3.16,0.0
swipe_t0.3,phone_F1.wav,3.17,0.0
swipe_t0.3,phone_F1.wav,3.18,0.0
swipe_t0.3,phone_F1.wav,3.19,0.0
swipe_t0.3,phone_F1.wav,3.2,0.0
swipe_t0.3,phone_F1.wav,3.21,0.0
swipe_t0.3,phone_F1.wav,3.22,0.0
swipe_t0.3,phone_F1.wav,3.23,0.0
praat7_filtered_v0.3,phone_M1.wav,0.025,0.0
praat7_filtered_v0.3,phone_M1.wav,0.035,0.0
praat7_filtered_v0.3,phone_M1.wav,0.045,0.0
praat7_filtered_v0.3,phone_M1.wav,0.055,0.0
praat7_filtered_v0.3,phone_M1.wav,0.065,0.0
praat7_filtered_v0.3,phone_M1.wav,0.075,0.0
praat7_filtered_v0.3,phone_M1.wav,0.085,0.0
praat7_filtered_v0.3,phone_M1.wav,0.095,0.0
praat7_filtered_v0.3,phone_M1.wav,0.105,0.0
praat7_filtered_v0.3,phone_M1.wav,0.115,0.0
praat7_filtered_v0.3,phone_M1.wav,0.125,0.0
praat7_filtered_v0.3,phone_M1.wav,0.135,0.0
praat7_filtered_v0.3,phone_M1.wav,0.145,0.0
praat7_filtered_v0.3,phone_M1.wav,0.155,0.0
praat7_filtered_v0.3,phone_M1.wav,0.165,0.0
praat7_filtered_v0.3,phone_M1.wav,0.175,0.0
praat7_filtered_v0.3,phone_M1.wav,0.185,0.0
praat7_filtered_v0.3,phone_M1.wav,0.195,0.0
praat7_filtered_v0.3,phone_M1.wav,0.205,0.0
praat7_filtered_v0.3,phone_M1.wav,0.215,0.0
praat7_filtered_v0.3,phone_M1.wav,0.225,0.0
praat7_filtered_v0.3,phone_M1.wav,0.235,0.0
praat7_filtered_v0.3,phone_M1.wav,0.245,0.0
praat7_filtered_v0.3,phone_M1.wav,0.255,0.0
praat7_filtered_v0.3,phone_M1.wav,0.265,0.0
praat7_filtered_v0.3,phone_M1.wav,0.275,0.0
praat7_filtered_v0.3,phone_M1.wav,0.285,0.0
praat7_filtered_v0.3,phone_M1.wav,0.295,0.0
praat7_filtered_v0.3,phone_M1.wav,0.305,0.0
praat7_filtered_v0.3,phone_M1.wav,0.315,0.0
praat7_filtered_v0.3,phone_M1.wav,0.325,0.0
praat7_filtered_v0.3,phone_M1.wav,0.335,0.0
praat7_filtered_v0.3,phone_M1.wav,0.345,0.0
praat7_filtered_v0.3,phone_M1.wav,0.355,0.0
praat7_filtered_v0.3,phone_M1.wav,0.365,0.0
praat7_filtered_v0.3,phone_M1.wav,0.375,0.0
praat7_filtered_v0.3,phone_M1.wav,0.385,0.0
praat7_filtered_v0.3,phone_M1.wav,0.395,0.0
praat7_filtered_v0.3,phone_M1.wav,0.405,0.0
praat7_filtered_v0.3,phone_M1.wav,0.415,0.0
praat7_filtered_v0.3,phone_M1.wav,0.425,0.0
praat7_filtered_v0.3,phone_M1.wav,0.435,0.0
praat7_filtered_v0.3,phone_M1.wav,0.445,0.0
praat7_filtered_v0.3,phone_M1.wav,0.455,0.0
praat7_filtered_v0.3,phone_M1.wav,0.465,0.0
praat7_filtered_v0.3,phone_M1.wav,0.475,138.9088485650244
praat7_filtered_v0.3,phone_M1.wav,0.485,136.9354530616309
praat7_filtered_v0.3,phone_M1.wav,0.495,136.33263828102875
praat7_filtered_v0.3,phone_M1.wav,0.505,136.35805846818354
praat7_filtered_v0.3,phone_M1.wav,0.515,135.7466745053719
praat7_filtered_v0.3,phone_M1.wav,0.525,134.72748434791188
praat7_filtered_v0.3,phone_M1.wav,0.535,134.8482636913602
praat7_filtered_v0.3,phone_M1.wav,0.545,136.1947976286359
praat7_filtered_v0.3,phone_M1.wav,0.555,137.70480228065725
praat7_filtered_v0.3,phone_M1.wav,0.565,137.66124322323464
praat7_filtered_v0.3,phone_M1.wav,0.575,137.13804440459435
praat7_filtered_v0.3,phone_M1.wav,0.585,137.69149868895843
praat7_filtered_v0.3,phone_M1.wav,0.595,137.86569841133579
praat7_filtered_v0.3,phone_M1.wav,0.605,138.34644689184603
praat7_filtered_v0.3,phone_M1.wav,0.615,138.85166304073087
praat7_filtered_v0.3,phone_M1.wav,0.625,139.51455007848696
praat7_filtered_v0.3,phone_M1.wav,0.635,139.97486877246095
praat7_filtered_v0.3,phone_M1.wav,0.645,139.49767373377557
praat7_filtered_v0.3,phone_M1.wav,0.655,137.80116403226918
praat7_filtered_v0.3,phone_M1.wav,0.665,135.94523381088783
praat7_filtered_v0.3,phone_M1.wav,0.675,134.2960954840052
praat7_filtered_v0.3,phone_M1.wav,0.685,132.58091891031395
praat7_filtered_v0.3,phone_M1.wav,0.695,130.9450919670001
praat7_filtered_v0.3,phone_M1.wav,0.705,129.1816126622188
praat7_filtered_v0.3,phone_M1.wav,0.715,127.75516826373332
praat7_filtered_v0.3,phone_M1.wav,0.725,125.50463329407312
praat7_filtered_v0.3,phone_M1.wav,0.735,123.58580591861595
praat7_filtered_v0.3,phone_M1.wav,0.745,122.41349808410108
praat7_filtered_v0.3,phone_M1.wav,0.755,121.11016505657769
praat7_filtered_v0.3,phone_M1.wav,0.765,119.38380856248192
praat7_filtered_v0.3,phone_M1.wav,0.775,117.91111263227016
praat7_filtered_v0.3,phone_M1.wav,0.785,116.60535925914289
praat7_filtered_v0.3,phone_M1.wav,0.795,114.34104801361336
praat7_filtered_v0.3,phone_M1.wav,0.805,112.97934244776208
praat7_filtered_v0.3,phone_M1.wav,0.815,112.27417832644667
praat7_filtered_v0.3,phone_M1.wav,0.825,114.75825622448176
praat7_filtered_v0.3,phone_M1.wav,0.835,115.35875818091786
praat7_filtered_v0.3,phone_M1.wav,0.845,116.23661202654885
praat7_filtered_v0.3,phone_M1.wav,0.855,118.43452983082231
praat7_filtered_v0.3,phone_M1.wav,0.865,119.20656686769446
praat7_filtered_v0.3,phone_M1.wav,0.875,120.69093197160652
praat7_filtered_v0.3,phone_M1.wav,0.885,122.78306218323254
praat7_filtered_v0.3,phone_M1.wav,0.895,124.1253380735767
praat7_filtered_v0.3,phone_M1.wav,0.905,128.23393331768483
praat7_filtered_v0.3,phone_M1.wav,0.915,132.86932828424662
praat7_filtered_v0.3,phone_M1.wav,0.925,132.55837332255018
praat7_filtered_v0.3,phone_M1.wav,0.935,133.90859892140773
praat7_filtered_v0.3,phone_M1.wav,0.945,135.46936013880057
praat7_filtered_v0.3,phone_M1.wav,0.955,137.61177438611577
praat7_filtered_v0.3,phone_M1.wav,0.965,139.60552935527863
praat7_filtered_v0.3,phone_M1.wav,0.975,141.59686357856899
praat7_filtered_v0.3,phone_M1.wav,0.985,141.94696395913314
praat7_filtered_v0.3,phone_M1.wav,0.995,140.32130048414868
praat7_filtered_v0.3,phone_M1.wav,1.005,142.37027294384117
praat7_filtered_v0.3,phone_M1.wav,1.015,146.7765363572416
praat7_filtered_v0.3,phone_M1.wav,1.025,148.55301530087124
praat7_filtered_v0.3,phone_M1.wav,1.035,149.35510544938595
praat7_filtered_v0.3,phone_M1.wav,1.045,149.92884504879387
praat7_filtered_v0.3,phone_M1.wav,1.055,149.80902517207227
praat7_filtered_v0.3,phone_M1.wav,1.065,149.3530290636188
praat7_filtered_v0.3,phone_M1.wav,1.075,148.33601126163907
praat7_filtered_v0.3,phone_M1.wav,1.085,146.63205898265116
praat7_filtered_v0.3,phone_M1.wav,1.095,144.83576141403347
praat7_filtered_v0.3,phone_M1.wav,1.105,143.06284321961687
praat7_filtered_v0.3,phone_M1.wav,1.115,141.5384361926565
praat7_filtered_v0.3,phone_M1.wav,1.125,139.06951579519446
praat7_filtered_v0.3,phone_M1.wav,1.135,142.96214042502092
praat7_filtered_v0.3,phone_M1.wav,1.145,149.07585246875962
praat7_filtered_v0.3,phone_M1.wav,1.155,152.92495164303847
praat7_filtered_v0.3,phone_M1.wav,1.165,155.52369765893044
praat7_filtered_v0.3,phone_M1.wav,1.175,156.2774068228227
praat7_filtered_v0.3,phone_M1.wav,1.185,154.65568935886677
praat7_filtered_v0.3,phone_M1.wav,1.195,153.6430245745723
praat7_filtered_v0.3,phone_M1.wav,1.205,153.12024406690333
praat7_filtered_v0.3,phone_M1.wav,1.215,150.99275691442466
praat7_filtered_v0.3,phone_M1.wav,1.225,145.5289693692635
praat7_filtered_v0.3,phone_M1.wav,1.235,150.6723944340197
praat7_filtered_v0.3,phone_M1.wav,1.245,153.3308891364185
praat7_filtered_v0.3,phone_M1.wav,1.255,155.11060887439595
praat7_filtered_v0.3,phone_M1.wav,1.265,156.74903809593891
praat7_filtered_v0.3,phone_M1.wav,1.275,157.37315439778706
praat7_filtered_v0.3,phone_M1.wav,1.285,156.4810680260267
praat7_filtered_v0.3,phone_M1.wav,1.295,154.5075121729987
praat7_filtered_v0.3,phone_M1.wav,1.305,153.46559411543802
praat7_filtered_v0.3,phone_M1.wav,1.315,152.56644379375427
praat7_filtered_v0.3,phone_M1.wav,1.325,151.34556935564154
praat7_filtered_v0.3,phone_M1.wav,1.335,152.83785951535845
praat7_filtered_v0.3,phone_M1.wav,1.345,152.50710432850855
praat7_filtered_v0.3,phone_M1.wav,1.355,153.07802459253583
praat7_filtered_v0.3,phone_M1.wav,1.365,152.60240244073992
praat7_filtered_v0.3,phone_M1.wav,1.375,147.17615172954223
praat7_filtered_v0.3,phone_M1.wav,1.385,146.74995771436363
praat7_filtered_v0.3,phone_M1.wav,1.395,0.0
praat7_filtered_v0.3,phone_M1.wav,1.405,0.0
praat7_filtered_v0.3,phone_M1.wav,1.415,0.0
praat7_filtered_v0.3,phone_M1.wav,1.425,0.0
praat7_filtered_v0.3,phone_M1.wav,1.435,0.0
praat7_filtered_v0.3,phone_M1.wav,1.445,0.0
praat7_filtered_v0.3,phone_M1.wav,1.455,0.0
praat7_filtered_v0.3,phone_M1.wav,1.465,0.0
praat7_filtered_v0.3,phone_M1.wav,1.475,0.0
praat7_filtered_v0.3,phone_M1.wav,1.485,0.0
praat7_filtered_v0.3,phone_M1.wav,1.495,0.0
praat7_filtered_v0.3,phone_M1.wav,1.505,119.77441795223503
praat7_filtered_v0.3,phone_M1.wav,1.515,115.61082486013431
praat7_filtered_v0.3,phone_M1.wav,1.525,114.62428428859305
praat7_filtered_v0.3,phone_M1.wav,1.535,114.80988343107542
praat7_filtered_v0.3,phone_M1.wav,1.545,114.55904604417621
praat7_filtered_v0.3,phone_M1.wav,1.555,113.86720232561464
praat7_filtered_v0.3,phone_M1.wav,1.565,112.76725981975262
praat7_filtered_v0.3,phone_M1.wav,1.575,111.73364780986692
praat7_filtered_v0.3,phone_M1.wav,1.585,109.72149314908712
praat7_filtered_v0.3,phone_M1.wav,1.595,108.556334986029
praat7_filtered_v0.3,phone_M1.wav,1.605,109.73707433355294
praat7_filtered_v0.3,phone_M1.wav,1.615,110.30848425593584
praat7_filtered_v0.3,phone_M1.wav,1.625,108.5996093999815
praat7_filtered_v0.3,phone_M1.wav,1.635,107.47287150692608
praat7_filtered_v0.3,phone_M1.wav,1.645,107.40497846580016
praat7_filtered_v0.3,phone_M1.wav,1.655,107.61305455855597
praat7_filtered_v0.3,phone_M1.wav,1.665,107.1446594129983
praat7_filtered_v0.3,phone_M1.wav,1.675,107.72379221988582
praat7_filtered_v0.3,phone_M1.wav,1.685,109.2750081088538
praat7_filtered_v0.3,phone_M1.wav,1.695,108.57573437140464
praat7_filtered_v0.3,phone_M1.wav,1.705,0.0
praat7_filtered_v0.3,phone_M1.wav,1.715,0.0
praat7_filtered_v0.3,phone_M1.wav,1.725,0.0
praat7_filtered_v0.3,phone_M1.wav,1.735,0.0
praat7_filtered_v0.3,phone_M1.wav,1.745,0.0
praat7_filtered_v0.3,phone_M1.wav,1.755,0.0
praat7_filtered_v0.3,phone_M1.wav,1.765,0.0
praat7_filtered_v0.3,phone_M1.wav,1.775,0.0
praat7_filtered_v0.3,phone_M1.wav,1.785,0.0
praat7_filtered_v0.3,phone_M1.wav,1.795,125.26892670469007
praat7_filtered_v0.3,phone_M1.wav,1.805,122.92917761131696
praat7_filtered_v0.3,phone_M1.wav,1.815,121.35768502542955
praat7_filtered_v0.3,phone_M1.wav,1.825,121.41326760614088
praat7_filtered_v0.3,phone_M1.wav,1.835,120.89998965116932
praat7_filtered_v0.3,phone_M1.wav,1.845,120.4536594032999
praat7_filtered_v0.3,phone_M1.wav,1.855,119.22121230356032
praat7_filtered_v0.3,phone_M1.wav,1.865,117.38776274632346
praat7_filtered_v0.3,phone_M1.wav,1.875,115.79169326968008
praat7_filtered_v0.3,phone_M1.wav,1.885,113.86846838043428
praat7_filtered_v0.3,phone_M1.wav,1.895,112.56141510938308
praat7_filtered_v0.3,phone_M1.wav,1.905,111.36510763231564
praat7_filtered_v0.3,phone_M1.wav,1.915,110.35990656188957
praat7_filtered_v0.3,phone_M1.wav,1.925,109.80230674447255
praat7_filtered_v0.3,phone_M1.wav,1.935,107.1983695810704
praat7_filtered_v0.3,phone_M1.wav,1.945,102.82503152830944
praat7_filtered_v0.3,phone_M1.wav,1.955,100.32382200101316
praat7_filtered_v0.3,phone_M1.wav,1.965,98.23384796638572
praat7_filtered_v0.3,phone_M1.wav,1.975,0.0
praat7_filtered_v0.3,phone_M1.wav,1.985,473.45312592855447
praat7_filtered_v0.3,phone_M1.wav,1.995,473.9153657679539
praat7_filtered_v0.3,phone_M1.wav,2.005,0.0
praat7_filtered_v0.3,phone_M1.wav,2.015,0.0
praat7_filtered_v0.3,phone_M1.wav,2.025,100.2510295202328
praat7_filtered_v0.3,phone_M1.wav,2.035,101.31493377447084
praat7_filtered_v0.3,phone_M1.wav,2.045,101.88736273808692
praat7_filtered_v0.3,phone_M1.wav,2.055,98.84775621790483
praat7_filtered_v0.3,phone_M1.wav,2.065,96.7313529725541
praat7_filtered_v0.3,phone_M1.wav,2.075,103.94125369514332
praat7_filtered_v0.3,phone_M1.wav,2.085,106.05002106827313
praat7_filtered_v0.3,phone_M1.wav,2.095,106.72470791477387
praat7_filtered_v0.3,phone_M1.wav,2.105,107.4100770136494
praat7_filtered_v0.3,phone_M1.wav,2.115,107.86309040722884
praat7_filtered_v0.3,phone_M1.wav,2.125,108.02281834490763
praat7_filtered_v0.3,phone_M1.wav,2.135,111.88225210863811
praat7_filtered_v0.3,phone_M1.wav,2.145,118.00649200745256
praat7_filtered_v0.3,phone_M1.wav,2.155,124.3848567746585
praat7_filtered_v0.3,phone_M1.wav,2.165,122.95619682168704
praat7_filtered_v0.3,phone_M1.wav,2.175,123.56984349641736
praat7_filtered_v0.3,phone_M1.wav,2.185,123.07444706677369
praat7_filtered_v0.3,phone_M1.wav,2.195,122.4221933124214
praat7_filtered_v0.3,phone_M1.wav,2.205,121.6367856829138
praat7_filtered_v0.3,phone_M1.wav,2.215,120.73263400830022
praat7_filtered_v0.3,phone_M1.wav,2.225,120.14094557811012
praat7_filtered_v0.3,phone_M1.wav,2.235,118.69131395207359
praat7_filtered_v0.3,phone_M1.wav,2.245,116.9447979097844
praat7_filtered_v0.3,phone_M1.wav,2.255,115.8009119023623
praat7_filtered_v0.3,phone_M1.wav,2.265,115.47179091371278
praat7_filtered_v0.3,phone_M1.wav,2.275,115.14306386909863
praat7_filtered_v0.3,phone_M1.wav,2.285,114.14893833980284
praat7_filtered_v0.3,phone_M1.wav,2.295,112.63941639570328
praat7_filtered_v0.3,phone_M1.wav,2.305,111.92537674071832
praat7_filtered_v0.3,phone_M1.wav,2.315,111.57656489314677
praat7_filtered_v0.3,phone_M1.wav,2.325,110.37877004485938
praat7_filtered_v0.3,phone_M1.wav,2.335,108.73659922317422
praat7_filtered_v0.3,phone_M1.wav,2.345,109.25995831699488
praat7_filtered_v0.3,phone_M1.wav,2.355,110.87975760228665
praat7_filtered_v0.3,phone_M1.wav,2.365,111.3011126670187
praat7_filtered_v0.3,phone_M1.wav,2.375,111.64809467689555
praat7_filtered_v0.3,phone_M1.wav,2.385,113.95374483979148
praat7_filtered_v0.3,phone_M1.wav,2.395,114.6112291757588
praat7_filtered_v0.3,phone_M1.wav,2.405,111.33654638840537
praat7_filtered_v0.3,phone_M1.wav,2.415,117.4564432341893
praat7_filtered_v0.3,phone_M1.wav,2.425,124.6333617250546
praat7_filtered_v0.3,phone_M1.wav,2.435,124.53436945774305
praat7_filtered_v0.3,phone_M1.wav,2.445,125.91706989480763
praat7_filtered_v0.3,phone_M1.wav,2.455,129.56278404425743
praat7_filtered_v0.3,phone_M1.wav,2.465,126.3184714082784
praat7_filtered_v0.3,phone_M1.wav,2.475,123.08582296697128
praat7_filtered_v0.3,phone_M1.wav,2.485,121.25950485043388
praat7_filtered_v0.3,phone_M1.wav,2.495,124.84752450501318
praat7_filtered_v0.3,phone_M1.wav,2.505,114.09485258687683
praat7_filtered_v0.3,phone_M1.wav,2.515,109.96891171142184
praat7_filtered_v0.3,phone_M1.wav,2.525,110.91156323233103
praat7_filtered_v0.3,phone_M1.wav,2.535,110.71972338426924
praat7_filtered_v0.3,phone_M1.wav,2.545,110.80358310713876
praat7_filtered_v0.3,phone_M1.wav,2.555,108.97471474607956
praat7_filtered_v0.3,phone_M1.wav,2.565,108.93798536150376
praat7_filtered_v0.3,phone_M1.wav,2.575,108.35634648161574
praat7_filtered_v0.3,phone_M1.wav,2.585,107.89136320477652
praat7_filtered_v0.3,phone_M1.wav,2.595,107.75121195397647
praat7_filtered_v0.3,phone_M1.wav,2.605,108.55706306845008
praat7_filtered_v0.3,phone_M1.wav,2.615,107.65075535771292
praat7_filtered_v0.3,phone_M1.wav,2.625,106.79968575873691
praat7_filtered_v0.3,phone_M1.wav,2.635,105.54543019505576
praat7_filtered_v0.3,phone_M1.wav,2.645,104.70384773496964
praat7_filtered_v0.3,phone_M1.wav,2.655,104.0736818325177
praat7_filtered_v0.3,phone_M1.wav,2.665,103.14478545043433
praat7_filtered_v0.3,phone_M1.wav,2.675,102.50718762125192
praat7_filtered_v0.3,phone_M1.wav,2.685,102.75836821149925
praat7_filtered_v0.3,phone_M1.wav,2.695,104.02664403445203
praat7_filtered_v0.3,phone_M1.wav,2.705,105.44868473827896
praat7_filtered_v0.3,phone_M1.wav,2.715,109.7753352394358
praat7_filtered_v0.3,phone_M1.wav,2.725,0.0
praat7_filtered_v0.3,phone_M1.wav,2.735,0.0
praat7_filtered_v0.3,phone_M1.wav,2.745,0.0
praat7_filtered_v0.3,phone_M1.wav,2.755,0.0
praat7_filtered_v0.3,phone_M1.wav,2.765,0.0
praat7_filtered_v0.3,phone_M1.wav,2.775,0.0
praat7_filtered_v0.3,phone_M1.wav,2.785,0.0
praat7_filtered_v0.3,phone_M1.wav,2.795,0.0
praat7_filtered_v0.3,phone_M1.wav,2.805,0.0
praat7_filtered_v0.3,phone_M1.wav,2.815,0.0
praat7_filtered_v0.3,phone_M1.wav,2.825,0.0
praat7_filtered_v0.3,phone_M1.wav,2.835,0.0
praat7_filtered_v0.3,phone_M1.wav,2.845,0.0
praat7_filtered_v0.3,phone_M1.wav,2.855,0.0
praat7_filtered_v0.3,phone_M1.wav,2.865,0.0
praat7_filtered_v0.3,phone_M1.wav,2.875,133.42839761657203
praat7_filtered_v0.3,phone_M1.wav,2.885,135.03415750592836
praat7_filtered_v0.3,phone_M1.wav,2.895,135.50089540820733
praat7_filtered_v0.3,phone_M1.wav,2.905,135.40783590096015
praat7_filtered_v0.3,phone_M1.wav,2.915,137.35003506751227
praat7_filtered_v0.3,phone_M1.wav,2.925,139.55488975479207
praat7_filtered_v0.3,phone_M1.wav,2.935,0.0
praat7_filtered_v0.3,phone_M1.wav,2.945,0.0
praat7_filtered_v0.3,phone_M1.wav,2.955,0.0
praat7_filtered_v0.3,phone_M1.wav,2.965,0.0
praat7_filtered_v0.3,phone_M1.wav,2.975,0.0
praat7_filtered_v0.3,phone_M1.wav,2.985,0.0
praat7_filtered_v0.3,phone_M1.wav,2.995,0.0
praat7_filtered_v0.3,phone_M1.wav,3.005,0.0
praat7_filtered_v0.3,phone_M1.wav,3.015,0.0
praat7_filtered_v0.3,phone_M1.wav,3.025,0.0
praat7_filtered_v0.3,phone_M1.wav,3.035,0.0
praat7_filtered_v0.3,phone_M1.wav,3.045,0.0
praat7_filtered_v0.3,phone_M1.wav,3.055,0.0
praat7_filtered_v0.3,phone_M1.wav,3.065,0.0
praat7_filtered_v0.3,phone_M1.wav,3.075,0.0
praat7_filtered_v0.3,phone_M1.wav,3.085,0.0
praat7_filtered_v0.3,phone_M1.wav,3.095,0.0
praat7_filtered_v0.3,phone_M1.wav,3.105,104.06703203640188
praat7_filtered_v0.3,phone_M1.wav,3.115,94.56668925541747
praat7_filtered_v0.3,phone_M1.wav,3.125,97.46500827339034
praat7_filtered_v0.3,phone_M1.wav,3.135,94.92531828116317
praat7_filtered_v0.3,phone_M1.wav,3.145,93.10049556544288
praat7_filtered_v0.3,phone_M1.wav,3.155,94.40126573548169
praat7_filtered_v0.3,phone_M1.wav,3.165,95.87809911681168
praat7_filtered_v0.3,phone_M1.wav,3.175,98.32427185353555
praat7_filtered_v0.3,phone_M1.wav,3.185,101.7582661480768
praat7_filtered_v0.3,phone_M1.wav,3.195,101.1890015508098
praat7_filtered_v0.3,phone_M1.wav,3.205,100.47562679229497
praat7_filtered_v0.3,phone_M1.wav,3.215,99.56446701940217
praat7_filtered_v0.3,phone_M1.wav,3.225,99.19691538265705
praat7_filtered_v0.3,phone_M1.wav,3.235,99.06159519730019
praat7_filtered_v0.3,phone_M1.wav,3.245,99.87335505875993
praat7_filtered_v0.3,phone_M1.wav,3.255,101.8654648415283
praat7_filtered_v0.3,phone_M1.wav,3.265,106.3580984583638
praat7_filtered_v0.3,phone_M1.wav,3.275,110.95058061392017
praat7_filtered_v0.3,phone_M1.wav,3.285,110.58351630003392
praat7_filtered_v0.3,phone_M1.wav,3.295,0.0
praat7_filtered_v0.3,phone_M1.wav,3.305,0.0
praat7_filtered_v0.3,phone_M1.wav,3.315,0.0
praat7_filtered_v0.3,phone_M1.wav,3.325,0.0
praat7_filtered_v0.3,phone_M1.wav,3.335,0.0
praat7_filtered_v0.3,phone_M1.wav,3.345,0.0
praat7_filtered_v0.3,phone_M1.wav,3.355,0.0
praat7_filtered_v0.3,phone_M1.wav,3.365,0.0
praat7_filtered_v0.3,phone_M1.wav,3.375,0.0
praat7_filtered_v0.3,phone_M1.wav,3.385,0.0
praat7_filtered_v0.3,phone_M1.wav,3.395,0.0
praat7_filtered_v0.3,phone_M1.wav,3.405,0.0
praat7_filtered_v0.3,phone_M1.wav,3.415,0.0
praat7_filtered_v0.3,phone_M1.wav,3.425,0.0
praat7_filtered_v0.3,phone_M1.wav,3.435,0.0
praat7_filtered_v0.3,phone_M1.wav,3.445,141.8783415505278
praat7_filtered_v0.3,phone_M1.wav,3.455,123.30162034721516
praat7_filtered_v0.3,phone_M1.wav,3.465,115.32701668055437
praat7_filtered_v0.3,phone_M1.wav,3.475,111.7266562080214
praat7_filtered_v0.3,phone_M1.wav,3.485,108.584774594921
praat7_filtered_v0.3,phone_M1.wav,3.495,105.63978792295556
praat7_filtered_v0.3,phone_M1.wav,3.505,103.01058304400505
praat7_filtered_v0.3,phone_M1.wav,3.515,101.90996019958574
praat7_filtered_v0.3,phone_M1.wav,3.525,0.0
praat7_filtered_v0.3,phone_M1.wav,3.535,0.0
praat7_filtered_v0.3,phone_M1.wav,3.545,0.0
praat7_filtered_v0.3,phone_M1.wav,3.555,0.0
praat7_filtered_v0.3,phone_M1.wav,3.565,0.0
praat7_filtered_v0.3,phone_M1.wav,3.575,0.0
praat7_filtered_v0.3,phone_M1.wav,3.585,0.0
praat7_filtered_v0.3,phone_M1.wav,3.595,0.0
praat7_filtered_v0.3,phone_M1.wav,3.605,0.0
praat7_filtered_v0.3,phone_M1.wav,3.615,0.0
praat7_filtered_v0.3,phone_M1.wav,3.625,0.0
praat7_filtered_v0.3,phone_M1.wav,3.635,0.0
praat7_filtered_v0.3,phone_M1.wav,3.645,0.0
praat7_filtered_v0.3,phone_M1.wav,3.655,0.0
praat7_filtered_v0.3,phone_M1.wav,3.665,0.0
praat7_filtered_v0.3,phone_M1.wav,3.675,0.0
praat7_filtered_v0.3,phone_M1.wav,3.685,0.0
praat7_filtered_v0.3,phone_M1.wav,3.695,0.0
praat7_filtered_v0.3,phone_M1.wav,3.705,0.0
praat7_filtered_v0.3,phone_M1.wav,3.715,0.0
praat7_filtered_v0.3,phone_M1.wav,3.725,0.0
praat7_filtered_v0.3,phone_M1.wav,3.735,0.0
praat7_filtered_v0.3,phone_M1.wav,3.745,0.0
praat7_filtered_v0.3,phone_M1.wav,3.755,0.0
praat7_filtered_v0.3,phone_M1.wav,3.765,0.0
praat7_filtered_v0.3,phone_M1.wav,3.775,0.0
praat7_filtered_v0.3,phone_M1.wav,3.785,0.0
praat7_filtered_v0.3,phone_M1.wav,3.795,0.0
praat7_filtered_v0.3,phone_M1.wav,3.805,0.0
praat7_filtered_v0.3,phone_M1.wav,3.815,0.0
praat7_filtered_v0.3,phone_M1.wav,3.825,0.0
praat7_filtered_v0.3,phone_M1.wav,3.835,0.0
praat7_filtered_v0.3,phone_M1.wav,3.845,0.0
praat7_filtered_v0.3,phone_M1.wav,3.855,0.0
praat7_filtered_v0.3,phone_M1.wav,3.865,0.0
praat7_filtered_v0.3,phone_M1.wav,3.875,0.0
praat7_filtered_v0.3,phone_M1.wav,3.885,0.0
praat7_filtered_v0.3,phone_M1.wav,3.895,0.0
praat7_filtered_v0.3,phone_M1.wav,3.905,0.0
praat7_filtered_v0.3,phone_M1.wav,3.915,0.0
praat7_filtered_v0.3,phone_M1.wav,3.925,0.0
praat7_filtered_v0.3,phone_M1.wav,3.935,0.0
praat7_filtered_v0.3,phone_M1.wav,3.945,0.0
praat7_filtered_v0.3,phone_M1.wav,3.955,0.0
praat7_filtered_v0.3,phone_M1.wav,3.965,0.0
praat7_filtered_v0.3,phone_M1.wav,3.975,0.0
praat7_filtered_v0.3,phone_M1.wav,3.985,0.0
praat7_filtered_v0.3,phone_M1.wav,3.995,0.0
praat7_filtered_v0.3,phone_M1.wav,4.005,0.0
praat7_filtered_v0.3,phone_M1.wav,4.015000000000001,0.0
praat7_filtered_v0.3,phone_M1.wav,4.025,0.0
praat7_filtered_v0.3,phone_M1.wav,4.035,0.0
praat7_filtered_v0.3,phone_M1.wav,4.045000000000001,0.0
praat7_filtered_v0.3,phone_M1.wav,4.055000000000001,0.0
praat7_filtered_v0.3,phone_M1.wav,4.065,0.0
praat7_filtered_v0.3,phone_M1.wav,4.075,0.0
praat7_filtered_v0.3,phone_M1.wav,4.085000000000001,0.0
praat7_filtered_v0.3,phone_M1.wav,4.095000000000001,0.0
praat7_filtered_v0.3,phone_M1.wav,4.105,0.0
praat7_filtered_v0.3,phone_M1.wav,4.115,0.0
praat7_filtered_v0.3,phone_M1.wav,4.125,0.0
praat7_filtered_v0.3,phone_M1.wav,4.135000000000001,0.0
swipe_t0.2,phone_M1.wav,0.0,0.0
swipe_t0.2,phone_M1.wav,0.01,0.0
swipe_t0.2,phone_M1.wav,0.02,0.0
swipe_t0.2,phone_M1.wav,0.03,0.0
swipe_t0.2,phone_M1.wav,0.04,0.0
swipe_t0.2,phone_M1.wav,0.05,0.0
swipe_t0.2,phone_M1.wav,0.06,0.0
swipe_t0.2,phone_M1.wav,0.07,0.0
swipe_t0.2,phone_M1.wav,0.08,0.0
swipe_t0.2,phone_M1.wav,0.09,0.0
swipe_t0.2,phone_M1.wav,0.1,0.0
swipe_t0.2,phone_M1.wav,0.11,0.0
swipe_t0.2,phone_M1.wav,0.12,0.0
swipe_t0.2,phone_M1.wav,0.13,0.0
swipe_t0.2,phone_M1.wav,0.14,0.0
swipe_t0.2,phone_M1.wav,0.15,0.0
swipe_t0.2,phone_M1.wav,0.16,0.0
swipe_t0.2,phone_M1.wav,0.17,0.0
swipe_t0.2,phone_M1.wav,0.18,0.0
swipe_t0.2,phone_M1.wav,0.19,0.0
swipe_t0.2,phone_M1.wav,0.2,0.0
swipe_t0.2,phone_M1.wav,0.21,0.0
swipe_t0.2,phone_M1.wav,0.22,0.0
swipe_t0.2,phone_M1.wav,0.23,0.0
swipe_t0.2,phone_M1.wav,0.24,0.0
swipe_t0.2,phone_M1.wav,0.25,0.0
swipe_t0.2,phone_M1.wav,0.26,0.0
swipe_t0.2,phone_M1.wav,0.27,0.0
swipe_t0.2,phone_M1.wav,0.28,0.0
swipe_t0.2,phone_M1.wav,0.29,0.0
swipe_t0.2,phone_M1.wav,0.3,0.0
swipe_t0.2,phone_M1.wav,0.31,0.0
swipe_t0.2,phone_M1.wav,0.32,0.0
swipe_t0.2,phone_M1.wav,0.33,0.0
swipe_t0.2,phone_M1.wav,0.34,0.0
swipe_t0.2,phone_M1.wav,0.35,0.0
swipe_t0.2,phone_M1.wav,0.36,0.0
swipe_t0.2,phone_M1.wav,0.37,0.0
swipe_t0.2,phone_M1.wav,0.38,0.0
swipe_t0.2,phone_M1.wav,0.39,0.0
swipe_t0.2,phone_M1.wav,0.4,0.0
swipe_t0.2,phone_M1.wav,0.41,0.0
swipe_t0.2,phone_M1.wav,0.42,0.0
swipe_t0.2,phone_M1.wav,0.43,0.0
swipe_t0.2,phone_M1.wav,0.44,0.0
swipe_t0.2,phone_M1.wav,0.45,0.0
swipe_t0.2,phone_M1.wav,0.46,0.0
swipe_t0.2,phone_M1.wav,0.47,137.37257626325052
swipe_t0.2,phone_M1.wav,0.48,137.24858040534062
swipe_t0.2,phone_M1.wav,0.49,136.75371518096097
swipe_t0.2,phone_M1.wav,0.5,136.50695208103394
swipe_t0.2,phone_M1.wav,0.51,136.26117260742654
swipe_t0.2,phone_M1.wav,0.52,136.0152982682336
swipe_t0.2,phone_M1.wav,0.53,136.0152982682336
swipe_t0.2,phone_M1.wav,0.54,136.13817992972574
swipe_t0.2,phone_M1.wav,0.55,136.26117260742654
swipe_t0.2,phone_M1.wav,0.56,136.50695208103394
swipe_t0.2,phone_M1.wav,0.57,136.50695208103394
swipe_t0.2,phone_M1.wav,0.58,136.75371518096097
swipe_t0.2,phone_M1.wav,0.59,137.24858040534062
swipe_t0.2,phone_M1.wav,0.6,137.62036041801773
swipe_t0.2,phone_M1.wav,0.61,137.74469215686347
swipe_t0.2,phone_M1.wav,0.62,137.9936927148347
swipe_t0.2,phone_M1.wav,0.63,138.24314339017081
swipe_t0.2,phone_M1.wav,0.64,138.61761748272835
swipe_t0.2,phone_M1.wav,0.65,137.8691362219758
swipe_t0.2,phone_M1.wav,0.66,136.38427640163246
swipe_t0.2,phone_M1.wav,0.67,134.18638768585896
swipe_t0.2,phone_M1.wav,0.68,133.10076167597677
swipe_t0.2,phone_M1.wav,0.69,130.95578815067825
swipe_t0.2,phone_M1.wav,0.7,129.4284547080296
swipe_t0.2,phone_M1.wav,0.71,128.14966677027095
swipe_t0.2,phone_M1.wav,0.72,125.97117293221267
swipe_t0.2,phone_M1.wav,0.73,124.72654386811375
swipe_t0.2,phone_M1.wav,0.74,123.71745209300073
swipe_t0.2,phone_M1.wav,0.75,121.94373392260414
swipe_t0.2,phone_M1.wav,0.76,120.30403465153024
swipe_t0.2,phone_M1.wav,0.77,118.90093229153807
swipe_t0.2,phone_M1.wav,0.78,117.93897223790648
swipe_t0.2,phone_M1.wav,0.79,116.45824049698933
swipe_t0.2,phone_M1.wav,0.8,115.30760176351983
swipe_t0.2,phone_M1.wav,0.81,115.72440357018229
swipe_t0.2,phone_M1.wav,0.82,116.03833718619231
swipe_t0.2,phone_M1.wav,0.83,116.35312243169629
swipe_t0.2,phone_M1.wav,0.84,117.09048360128975
swipe_t0.2,phone_M1.wav,0.85,118.25844623511809
swipe_t0.2,phone_M1.wav,0.86,119.00788195637628
swipe_t0.2,phone_M1.wav,0.87,119.87026489649318
swipe_t0.2,phone_M1.wav,0.88,121.3948591311784
swipe_t0.2,phone_M1.wav,0.89,123.60578168520907
swipe_t0.2,phone_M1.wav,0.9,125.7438662218022
swipe_t0.2,phone_M1.wav,0.91,129.54538555155517
swipe_t0.2,phone_M1.wav,0.92,131.42967264735353
swipe_t0.2,phone_M1.wav,0.93,132.62137585740103
swipe_t0.2,phone_M1.wav,0.94,134.30761703636892
swipe_t0.2,phone_M1.wav,0.95,137.24858040534062
swipe_t0.2,phone_M1.wav,0.96,138.49304499654735
swipe_t0.2,phone_M1.wav,0.97,139.11922753615744
swipe_t0.2,phone_M1.wav,0.98,139.87449544944548
swipe_t0.2,phone_M1.wav,0.99,140.8880869582607
swipe_t0.2,phone_M1.wav,1.0,141.90902339256394
swipe_t0.2,phone_M1.wav,1.01,143.0664933040208
swipe_t0.2,phone_M1.wav,1.02,145.80371984556194
swipe_t0.2,phone_M1.wav,1.03,147.92449062141526
swipe_t0.2,phone_M1.wav,1.04,148.1918931624902
swipe_t0.2,phone_M1.wav,1.05,148.3257756469117
swipe_t0.2,phone_M1.wav,1.06,148.1918931624902
swipe_t0.2,phone_M1.wav,1.07,147.3917145341034
swipe_t0.2,phone_M1.wav,1.08,145.93544475867446
swipe_t0.2,phone_M1.wav,1.09,145.147450074701
swipe_t0.2,phone_M1.wav,1.1,143.45459970325194
swipe_t0.2,phone_M1.wav,1.11,142.55121414904295
swipe_t0.2,phone_M1.wav,1.12,141.27028384350726
swipe_t0.2,phone_M1.wav,1.13,143.3251140617565
swipe_t0.2,phone_M1.wav,1.14,149.94123884737442
swipe_t0.2,phone_M1.wav,1.15,151.84769691067916
swipe_t0.2,phone_M1.wav,1.16,153.08623083964508
swipe_t0.2,phone_M1.wav,1.17,153.7783950187843
swipe_t0.2,phone_M1.wav,1.18,154.1955603367561
swipe_t0.2,phone_M1.wav,1.19,153.9173245724602
swipe_t0.2,phone_M1.wav,1.2,153.36235831244127
swipe_t0.2,phone_M1.wav,1.21,152.39658001501834
swipe_t0.2,phone_M1.wav,1.22,151.84769691067916
swipe_t0.2,phone_M1.wav,1.23,151.84769691067916
swipe_t0.2,phone_M1.wav,1.24,152.53426118174298
swipe_t0.2,phone_M1.wav,1.25,153.6395908663322
swipe_t0.2,phone_M1.wav,1.26,154.75293025118282
swipe_t0.2,phone_M1.wav,1.27,155.59307237083087
swipe_t0.2,phone_M1.wav,1.28,156.8621551634181
swipe_t0.2,phone_M1.wav,1.29,155.45324443113762
swipe_t0.2,phone_M1.wav,1.3,154.6132464593188
swipe_t0.2,phone_M1.wav,1.31,153.6395908663322
swipe_t0.2,phone_M1.wav,1.32,153.22392968492824
swipe_t0.2,phone_M1.wav,1.33,153.08623083964508
swipe_t0.2,phone_M1.wav,1.34,153.08623083964508
swipe_t0.2,phone_M1.wav,1.35,152.53426118174298
swipe_t0.2,phone_M1.wav,1.36,151.71063545371112
swipe_t0.2,phone_M1.wav,1.37,148.99641590098756
swipe_t0.2,phone_M1.wav,1.38,146.72829712042875
swipe_t0.2,phone_M1.wav,1.39,148.72814926612915
swipe_t0.2,phone_M1.wav,1.4,0.0
swipe_t0.2,phone_M1.wav,1.41,0.0
swipe_t0.2,phone_M1.wav,1.42,0.0
swipe_t0.2,phone_M1.wav,1.43,0.0
swipe_t0.2,phone_M1.wav,1.44,0.0
swipe_t0.2,phone_M1.wav,1.45,0.0
swipe_t0.2,phone_M1.wav,1.46,0.0
swipe_t0.2,phone_M1.wav,1.47,0.0
swipe_t0.2,phone_M1.wav,1.48,0.0
swipe_t0.2,phone_M1.wav,1.49,0.0
swipe_t0.2,phone_M1.wav,1.5,0.0
swipe_t0.2,phone_M1.wav,1.51,117.6198965865229
swipe_t0.2,phone_M1.wav,1.52,116.03833718619231
swipe_t0.2,phone_M1.wav,1.53,115.51604287822161
swipe_t0.2,phone_M1.wav,1.54,114.99564510115417
swipe_t0.2,phone_M1.wav,1.55,114.27147588806352
swipe_t0.2,phone_M1.wav,1.56,113.65445432980879
swipe_t0.2,phone_M1.wav,1.57,112.63318323240543
swipe_t0.2,phone_M1.wav,1.58,111.52033709332513
swipe_t0.2,phone_M1.wav,1.59,110.31925560229146
swipe_t0.2,phone_M1.wav,1.6,109.03260542188384
swipe_t0.2,phone_M1.wav,1.61,108.54141541852441
swipe_t0.2,phone_M1.wav,1.62,108.24819188184925
swipe_t0.2,phone_M1.wav,1.63,108.15048440787815
swipe_t0.2,phone_M1.wav,1.64,107.95533395982062
swipe_t0.2,phone_M1.wav,1.65,107.76053564793314
swipe_t0.2,phone_M1.wav,1.66,107.56651382469666
swipe_t0.2,phone_M1.wav,1.67,107.56608883680926
swipe_t0.2,phone_M1.wav,1.68,107.85789082659542
swipe_t0.2,phone_M1.wav,1.69,108.05286512707033
swipe_t0.2,phone_M1.wav,1.7,109.42672503091138
swipe_t0.2,phone_M1.wav,1.71,0.0
swipe_t0.2,phone_M1.wav,1.72,0.0
swipe_t0.2,phone_M1.wav,1.73,0.0
swipe_t0.2,phone_M1.wav,1.74,0.0
swipe_t0.2,phone_M1.wav,1.75,0.0
swipe_t0.2,phone_M1.wav,1.76,0.0
swipe_t0.2,phone_M1.wav,1.77,0.0
swipe_t0.2,phone_M1.wav,1.78,0.0
swipe_t0.2,phone_M1.wav,1.79,124.05306900612267
swipe_t0.2,phone_M1.wav,1.8,123.49421207386752
swipe_t0.2,phone_M1.wav,1.81,121.5045321030909
swipe_t0.2,phone_M1.wav,1.82,121.17581007854555
swipe_t0.2,phone_M1.wav,1.83,120.8479773884764
swipe_t0.2,phone_M1.wav,1.84,120.1954452780729
swipe_t0.2,phone_M1.wav,1.85,119.33072289194092
swipe_t0.2,phone_M1.wav,1.86,118.25844623511809
swipe_t0.2,phone_M1.wav,1.87,116.56299299597094
swipe_t0.2,phone_M1.wav,1.88,114.5814680463777
swipe_t0.2,phone_M1.wav,1.89,113.34697014235314
swipe_t0.2,phone_M1.wav,1.9,111.82286604661658
swipe_t0.2,phone_M1.wav,1.91,110.61852629851718
swipe_t0.2,phone_M1.wav,1.92,109.42672503091138
swipe_t0.2,phone_M1.wav,1.93,108.34555956112631
swipe_t0.2,phone_M1.wav,1.94,105.7375077127156
swipe_t0.2,phone_M1.wav,1.95,102.08044526820377
swipe_t0.2,phone_M1.wav,1.96,0.0
swipe_t0.2,phone_M1.wav,1.97,0.0
swipe_t0.2,phone_M1.wav,1.98,0.0
swipe_t0.2,phone_M1.wav,1.99,0.0
swipe_t0.2,phone_M1.wav,2.0,0.0
swipe_t0.2,phone_M1.wav,2.01,0.0
swipe_t0.2,phone_M1.wav,2.02,0.0
swipe_t0.2,phone_M1.wav,2.03,0.0
swipe_t0.2,phone_M1.wav,2.04,0.0
swipe_t0.2,phone_M1.wav,2.05,0.0
swipe_t0.2,phone_M1.wav,2.06,0.0
swipe_t0.2,phone_M1.wav,2.07,103.65880930558437
swipe_t0.2,phone_M1.wav,2.08,104.78737635908558
swipe_t0.2,phone_M1.wav,2.09,106.02434918365917
swipe_t0.2,phone_M1.wav,2.1,106.88870622949688
swipe_t0.2,phone_M1.wav,2.11,108.15048440787815
swipe_t0.2,phone_M1.wav,2.12,109.42672503091138
swipe_t0.2,phone_M1.wav,2.13,113.96277265094635
swipe_t0.2,phone_M1.wav,2.14,118.6863833661385
swipe_t0.2,phone_M1.wav,2.15,122.82739132462034
swipe_t0.2,phone_M1.wav,2.16,123.16059370816279
swipe_t0.2,phone_M1.wav,2.17,123.38323064664074
swipe_t0.2,phone_M1.wav,2.18,123.38323064664074
swipe_t0.2,phone_M1.wav,2.19,122.93835850342221
swipe_t0.2,phone_M1.wav,2.2,121.94373392260414
swipe_t0.2,phone_M1.wav,2.21,121.5045321030909
swipe_t0.2,phone_M1.wav,2.22,121.06643381919788
swipe_t0.2,phone_M1.wav,2.23,118.5792541244221
swipe_t0.2,phone_M1.wav,2.24,118.0455230233533
swipe_t0.2,phone_M1.wav,2.25,117.72615910626234
swipe_t0.2,phone_M1.wav,2.26,115.72440357018229
swipe_t0.2,phone_M1.wav,2.27,114.99564510115417
swipe_t0.2,phone_M1.wav,2.28,114.68498552822727
swipe_t0.2,phone_M1.wav,2.29,114.0652805127784
swipe_t0.2,phone_M1.wav,2.3,112.63318323240543
swipe_t0.2,phone_M1.wav,2.31,112.22751499983661
swipe_t0.2,phone_M1.wav,2.32,111.72193198403603
swipe_t0.2,phone_M1.wav,2.33,110.02079456203035
swipe_t0.2,phone_M1.wav,2.34,109.92192138732788
swipe_t0.2,phone_M1.wav,2.35,111.01837852774057
swipe_t0.2,phone_M1.wav,2.36,111.31954578321616
swipe_t0.2,phone_M1.wav,2.37,111.52077770423675
swipe_t0.2,phone_M1.wav,2.38,112.0250078177698
swipe_t0.2,phone_M1.wav,2.39,113.65445432980879
swipe_t0.2,phone_M1.wav,2.4,114.4780440019471
swipe_t0.2,phone_M1.wav,2.41,116.24809924854827
swipe_t0.2,phone_M1.wav,2.42,120.73889703895848
swipe_t0.2,phone_M1.wav,2.43,124.72654386811375
swipe_t0.2,phone_M1.wav,2.44,125.17739227730708
swipe_t0.2,phone_M1.wav,2.45,125.17739227730708
swipe_t0.2,phone_M1.wav,2.46,125.29048254097698
swipe_t0.2,phone_M1.wav,2.47,124.83922681729538
swipe_t0.2,phone_M1.wav,2.48,124.05306900612267
swipe_t0.2,phone_M1.wav,2.49,120.95715628554555
swipe_t0.2,phone_M1.wav,2.5,113.65445432980879
swipe_t0.2,phone_M1.wav,2.51,111.21906602985484
swipe_t0.2,phone_M1.wav,2.52,111.11867697198436
swipe_t0.2,phone_M1.wav,2.53,111.01837852774057
swipe_t0.2,phone_M1.wav,2.54,110.8180531530469
swipe_t0.2,phone_M1.wav,2.55,109.62453530703166
swipe_t0.2,phone_M1.wav,2.56,109.42672503091138
swipe_t0.2,phone_M1.wav,2.57,109.22927169044631
swipe_t0.2,phone_M1.wav,2.58,108.7376253238137
swipe_t0.2,phone_M1.wav,2.59,108.24819188184925
swipe_t0.2,phone_M1.wav,2.6,108.05286512707033
swipe_t0.2,phone_M1.wav,2.61,107.66326834444389
swipe_t0.2,phone_M1.wav,2.62,107.17867063650209
swipe_t0.2,phone_M1.wav,2.63,106.59994746999132
swipe_t0.2,phone_M1.wav,2.64,105.54671132267076
swipe_t0.2,phone_M1.wav,2.65,104.59829441868366
swipe_t0.2,phone_M1.wav,2.66,104.12749231031978
swipe_t0.2,phone_M1.wav,2.67,103.84578265315206
swipe_t0.2,phone_M1.wav,2.68,103.47176379032986
swipe_t0.2,phone_M1.wav,2.69,103.19182816087051
swipe_t0.2,phone_M1.wav,2.7,103.37836763754864
swipe_t0.2,phone_M1.wav,2.71,104.97680010219456
swipe_t0.2,phone_M1.wav,2.72,106.98527376258657
swipe_t0.2,phone_M1.wav,2.73,0.0
swipe_t0.2,phone_M1.wav,2.74,0.0
swipe_t0.2,phone_M1.wav,2.75,0.0
swipe_t0.2,phone_M1.wav,2.76,0.0
swipe_t0.2,phone_M1.wav,2.77,0.0
swipe_t0.2,phone_M1.wav,2.78,0.0
swipe_t0.2,phone_M1.wav,2.79,0.0
swipe_t0.2,phone_M1.wav,2.8,0.0
swipe_t0.2,phone_M1.wav,2.81,0.0
swipe_t0.2,phone_M1.wav,2.82,0.0
swipe_t0.2,phone_M1.wav,2.83,0.0
swipe_t0.2,phone_M1.wav,2.84,0.0
swipe_t0.2,phone_M1.wav,2.85,0.0
swipe_t0.2,phone_M1.wav,2.86,0.0
swipe_t0.2,phone_M1.wav,2.87,135.4030866681273
swipe_t0.2,phone_M1.wav,2.88,135.15876068867072
swipe_t0.2,phone_M1.wav,2.89,135.4030866681273
swipe_t0.2,phone_M1.wav,2.9,135.76986759314178
swipe_t0.2,phone_M1.wav,2.91,136.26117260742654
swipe_t0.2,phone_M1.wav,2.92,136.6302779222483
swipe_t0.2,phone_M1.wav,2.93,0.0
swipe_t0.2,phone_M1.wav,2.94,0.0
swipe_t0.2,phone_M1.wav,2.95,0.0
swipe_t0.2,phone_M1.wav,2.96,0.0
swipe_t0.2,phone_M1.wav,2.97,0.0
swipe_t0.2,phone_M1.wav,2.98,0.0
swipe_t0.2,phone_M1.wav,2.99,0.0
swipe_t0.2,phone_M1.wav,3.0,0.0
swipe_t0.2,phone_M1.wav,3.01,0.0
swipe_t0.2,phone_M1.wav,3.02,0.0
swipe_t0.2,phone_M1.wav,3.03,0.0
swipe_t0.2,phone_M1.wav,3.04,0.0
swipe_t0.2,phone_M1.wav,3.05,0.0
swipe_t0.2,phone_M1.wav,3.06,0.0
swipe_t0.2,phone_M1.wav,3.07,0.0
swipe_t0.2,phone_M1.wav,3.08,0.0
swipe_t0.2,phone_M1.wav,3.09,0.0
swipe_t0.2,phone_M1.wav,3.1,0.0
swipe_t0.2,phone_M1.wav,3.11,96.96169520745133
swipe_t0.2,phone_M1.wav,3.12,95.57157022740701
swipe_t0.2,phone_M1.wav,3.13,95.14102195499414
swipe_t0.2,phone_M1.wav,3.14,95.14102195499414
swipe_t0.2,phone_M1.wav,3.15,95.74433459269888
swipe_t0.2,phone_M1.wav,3.16,96.78673419486084
swipe_t0.2,phone_M1.wav,3.17,97.22472992313664
swipe_t0.2,phone_M1.wav,3.18,98.72762500337075
swipe_t0.2,phone_M1.wav,3.19,99.8930649008769
swipe_t0.2,phone_M1.wav,3.2,100.70783491494504
swipe_t0.2,phone_M1.wav,3.21,100.52611423922033
swipe_t0.2,phone_M1.wav,3.22,100.25414785886868
swipe_t0.2,phone_M1.wav,3.23,99.4430483696348
swipe_t0.2,phone_M1.wav,3.24,100.52611423922033
swipe_t0.2,phone_M1.wav,3.25,102.44943493897965
swipe_t0.2,phone_M1.wav,3.26,104.03350428088739
swipe_t0.2,phone_M1.wav,3.27,105.26116206759721
swipe_t0.2,phone_M1.wav,3.28,105.54671132267076
swipe_t0.2,phone_M1.wav,3.29,0.0
swipe_t0.2,phone_M1.wav,3.3,0.0
swipe_t0.2,phone_M1.wav,3.31,0.0
swipe_t0.2,phone_M1.wav,3.32,0.0
swipe_t0.2,phone_M1.wav,3.33,0.0
swipe_t0.2,phone_M1.wav,3.34,0.0
swipe_t0.2,phone_M1.wav,3.35,0.0
swipe_t0.2,phone_M1.wav,3.36,0.0
swipe_t0.2,phone_M1.wav,3.37,0.0
swipe_t0.2,phone_M1.wav,3.38,0.0
swipe_t0.2,phone_M1.wav,3.39,0.0
swipe_t0.2,phone_M1.wav,3.4,0.0
swipe_t0.2,phone_M1.wav,3.41,0.0
swipe_t0.2,phone_M1.wav,3.42,0.0
swipe_t0.2,phone_M1.wav,3.43,0.0
swipe_t0.2,phone_M1.wav,3.44,0.0
swipe_t0.2,phone_M1.wav,3.45,0.0
swipe_t0.2,phone_M1.wav,3.46,117.19626782816006
swipe_t0.2,phone_M1.wav,3.47,111.42011631400612
swipe_t0.2,phone_M1.wav,3.48,109.22927169044631
swipe_t0.2,phone_M1.wav,3.49,108.15048440787815
swipe_t0.2,phone_M1.wav,3.5,106.98527376258657
swipe_t0.2,phone_M1.wav,3.51,105.45144227133586
swipe_t0.2,phone_M1.wav,3.52,102.8201646302466
swipe_t0.2,phone_M1.wav,3.53,102.91305648010118
swipe_t0.2,phone_M1.wav,3.54,0.0
swipe_t0.2,phone_M1.wav,3.55,0.0
swipe_t0.2,phone_M1.wav,3.56,0.0
swipe_t0.2,phone_M1.wav,3.57,0.0
swipe_t0.2,phone_M1.wav,3.58,0.0
swipe_t0.2,phone_M1.wav,3.59,0.0
swipe_t0.2,phone_M1.wav,3.6,0.0
swipe_t0.2,phone_M1.wav,3.61,0.0
swipe_t0.2,phone_M1.wav,3.62,0.0
swipe_t0.2,phone_M1.wav,3.63,0.0
swipe_t0.2,phone_M1.wav,3.64,0.0
swipe_t0.2,phone_M1.wav,3.65,0.0
swipe_t0.2,phone_M1.wav,3.66,0.0
swipe_t0.2,phone_M1.wav,3.67,0.0
swipe_t0.2,phone_M1.wav,3.68,0.0
swipe_t0.2,phone_M1.wav,3.69,0.0
swipe_t0.2,phone_M1.wav,3.7,0.0
swipe_t0.2,phone_M1.wav,3.71,0.0
swipe_t0.2,phone_M1.wav,3.72,0.0
swipe_t0.2,phone_M1.wav,3.73,0.0
swipe_t0.2,phone_M1.wav,3.74,0.0
swipe_t0.2,phone_M1.wav,3.75,0.0
swipe_t0.2,phone_M1.wav,3.76,0.0
swipe_t0.2,phone_M1.wav,3.77,0.0
swipe_t0.2,phone_M1.wav,3.78,0.0
swipe_t0.2,phone_M1.wav,3.79,0.0
swipe_t0.2,phone_M1.wav,3.8,0.0
swipe_t0.2,phone_M1.wav,3.81,0.0
swipe_t0.2,phone_M1.wav,3.82,0.0
swipe_t0.2,phone_M1.wav,3.83,0.0
swipe_t0.2,phone_M1.wav,3.84,134.54987280729026
swipe_t0.2,phone_M1.wav,3.85,0.0
swipe_t0.2,phone_M1.wav,3.86,0.0
swipe_t0.2,phone_M1.wav,3.87,0.0
swipe_t0.2,phone_M1.wav,3.88,0.0
swipe_t0.2,phone_M1.wav,3.89,0.0
swipe_t0.2,phone_M1.wav,3.9,0.0
swipe_t0.2,phone_M1.wav,3.91,0.0
swipe_t0.2,phone_M1.wav,3.92,0.0
swipe_t0.2,phone_M1.wav,3.93,0.0
swipe_t0.2,phone_M1.wav,3.94,0.0
swipe_t0.2,phone_M1.wav,3.95,0.0
swipe_t0.2,phone_M1.wav,3.96,0.0
swipe_t0.2,phone_M1.wav,3.97,0.0
swipe_t0.2,phone_M1.wav,3.98,0.0
swipe_t0.2,phone_M1.wav,3.99,0.0
swipe_t0.2,phone_M1.wav,4.0,0.0
swipe_t0.2,phone_M1.wav,4.01,0.0
swipe_t0.2,phone_M1.wav,4.02,0.0
swipe_t0.2,phone_M1.wav,4.03,0.0
swipe_t0.2,phone_M1.wav,4.04,0.0
swipe_t0.2,phone_M1.wav,4.05,0.0
swipe_t0.2,phone_M1.wav,4.06,0.0
swipe_t0.2,phone_M1.wav,4.07,0.0
swipe_t0.2,phone_M1.wav,4.08,0.0
swipe_t0.2,phone_M1.wav,4.09,0.0
swipe_t0.2,phone_M1.wav,4.1,0.0
swipe_t0.2,phone_M1.wav,4.11,0.0
swipe_t0.2,phone_M1.wav,4.12,0.0
swipe_t0.2,phone_M1.wav,4.13,0.0
swipe_t0.2,phone_M1.wav,4.14,0.0
swipe_t0.2,phone_M1.wav,4.15,0.0
swipe_t0.3,phone_M1.wav,0.0,0.0
swipe_t0.3,phone_M1.wav,0.01,0.0
swipe_t0.3,phone_M1.wav,0.02,0.0
swipe_t0.3,phone_M1.wav,0.03,0.0
swipe_t0.3,phone_M1.wav,0.04,0.0
swipe_t0.3,phone_M1.wav,0.05,0.0
swipe_t0.3,phone_M1.wav,0.06,0.0
swipe_t0.3,phone_M1.wav,0.07,0.0
swipe_t0.3,phone_M1.wav,0.08,0.0
swipe_t0.3,phone_M1.wav,0.09,0.0
swipe_t0.3,phone_M1.wav,0.1,0.0
swipe_t0.3,phone_M1.wav,0.11,0.0
swipe_t0.3,phone_M1.wav,0.12,0.0
swipe_t0.3,phone_M1.wav,0.13,0.0
swipe_t0.3,phone_M1.wav,0.14,0.0
swipe_t0.3,phone_M1.wav,0.15,0.0
swipe_t0.3,phone_M1.wav,0.16,0.0
swipe_t0.3,phone_M1.wav,0.17,0.0
swipe_t0.3,phone_M1.wav,0.18,0.0
swipe_t0.3,phone_M1.wav,0.19,0.0
swipe_t0.3,phone_M1.wav,0.2,0.0
swipe_t0.3,phone_M1.wav,0.21,0.0
swipe_t0.3,phone_M1.wav,0.22,0.0
swipe_t0.3,phone_M1.wav,0.23,0.0
swipe_t0.3,phone_M1.wav,0.24,0.0
swipe_t0.3,phone_M1.wav,0.25,0.0
swipe_t0.3,phone_M1.wav,0.26,0.0
swipe_t0.3,phone_M1.wav,0.27,0.0
swipe_t0.3,phone_M1.wav,0.28,0.0
swipe_t0.3,phone_M1.wav,0.29,0.0
swipe_t0.3,phone_M1.wav,0.3,0.0
swipe_t0.3,phone_M1.wav,0.31,0.0
swipe_t0.3,phone_M1.wav,0.32,0.0
swipe_t0.3,phone_M1.wav,0.33,0.0
swipe_t0.3,phone_M1.wav,0.34,0.0
swipe_t0.3,phone_M1.wav,0.35,0.0
swipe_t0.3,phone_M1.wav,0.36,0.0
swipe_t0.3,phone_M1.wav,0.37,0.0
swipe_t0.3,phone_M1.wav,0.38,0.0
swipe_t0.3,phone_M1.wav,0.39,0.0
swipe_t0.3,phone_M1.wav,0.4,0.0
swipe_t0.3,phone_M1.wav,0.41,0.0
swipe_t0.3,phone_M1.wav,0.42,0.0
swipe_t0.3,phone_M1.wav,0.43,0.0
swipe_t0.3,phone_M1.wav,0.44,0.0
swipe_t0.3,phone_M1.wav,0.45,0.0
swipe_t0.3,phone_M1.wav,0.46,0.0
swipe_t0.3,phone_M1.wav,0.47,0.0
swipe_t0.3,phone_M1.wav,0.48,137.24858040534062
swipe_t0.3,phone_M1.wav,0.49,136.75371518096097
swipe_t0.3,phone_M1.wav,0.5,136.50695208103394
swipe_t0.3,phone_M1.wav,0.51,136.26117260742654
swipe_t0.3,phone_M1.wav,0.52,136.0152982682336
swipe_t0.3,phone_M1.wav,0.53,136.0152982682336
swipe_t0.3,phone_M1.wav,0.54,136.13817992972574
swipe_t0.3,phone_M1.wav,0.55,136.26117260742654
swipe_t0.3,phone_M1.wav,0.56,136.50695208103394
swipe_t0.3,phone_M1.wav,0.57,136.50695208103394
swipe_t0.3,phone_M1.wav,0.58,136.75371518096097
swipe_t0.3,phone_M1.wav,0.59,137.24858040534062
swipe_t0.3,phone_M1.wav,0.6,137.62036041801773
swipe_t0.3,phone_M1.wav,0.61,137.74469215686347
swipe_t0.3,phone_M1.wav,0.62,137.9936927148347
swipe_t0.3,phone_M1.wav,0.63,138.24314339017081
swipe_t0.3,phone_M1.wav,0.64,138.61761748272835
swipe_t0.3,phone_M1.wav,0.65,137.8691362219758
swipe_t0.3,phone_M1.wav,0.66,136.38427640163246
swipe_t0.3,phone_M1.wav,0.67,134.18638768585896
swipe_t0.3,phone_M1.wav,0.68,133.10076167597677
swipe_t0.3,phone_M1.wav,0.69,130.95578815067825
swipe_t0.3,phone_M1.wav,0.7,129.4284547080296
swipe_t0.3,phone_M1.wav,0.71,128.14966677027095
swipe_t0.3,phone_M1.wav,0.72,125.97117293221267
swipe_t0.3,phone_M1.wav,0.73,124.72654386811375
swipe_t0.3,phone_M1.wav,0.74,123.71745209300073
swipe_t0.3,phone_M1.wav,0.75,121.94373392260414
swipe_t0.3,phone_M1.wav,0.76,120.30403465153024
swipe_t0.3,phone_M1.wav,0.77,118.90093229153807
swipe_t0.3,phone_M1.wav,0.78,117.93897223790648
swipe_t0.3,phone_M1.wav,0.79,116.45824049698933
swipe_t0.3,phone_M1.wav,0.8,115.30760176351983
swipe_t0.3,phone_M1.wav,0.81,115.72440357018229
swipe_t0.3,phone_M1.wav,0.82,116.03833718619231
swipe_t0.3,phone_M1.wav,0.83,116.35312243169629
swipe_t0.3,phone_M1.wav,0.84,117.09048360128975
swipe_t0.3,phone_M1.wav,0.85,118.25844623511809
swipe_t0.3,phone_M1.wav,0.86,119.00788195637628
swipe_t0.3,phone_M1.wav,0.87,119.87026489649318
swipe_t0.3,phone_M1.wav,0.88,121.3948591311784
swipe_t0.3,phone_M1.wav,0.89,123.60578168520907
swipe_t0.3,phone_M1.wav,0.9,125.7438662218022
swipe_t0.3,phone_M1.wav,0.91,129.54538555155517
swipe_t0.3,phone_M1.wav,0.92,131.42967264735353
swipe_t0.3,phone_M1.wav,0.93,132.62137585740103
swipe_t0.3,phone_M1.wav,0.94,134.30761703636892
swipe_t0.3,phone_M1.wav,0.95,137.24858040534062
swipe_t0.3,phone_M1.wav,0.96,138.49304499654735
swipe_t0.3,phone_M1.wav,0.97,139.11922753615744
swipe_t0.3,phone_M1.wav,0.98,139.87449544944548
swipe_t0.3,phone_M1.wav,0.99,140.8880869582607
swipe_t0.3,phone_M1.wav,1.0,141.90902339256394
swipe_t0.3,phone_M1.wav,1.01,143.0664933040208
swipe_t0.3,phone_M1.wav,1.02,145.80371984556194
swipe_t0.3,phone_M1.wav,1.03,147.92449062141526
swipe_t0.3,phone_M1.wav,1.04,148.1918931624902
swipe_t0.3,phone_M1.wav,1.05,148.3257756469117
swipe_t0.3,phone_M1.wav,1.06,148.1918931624902
swipe_t0.3,phone_M1.wav,1.07,147.3917145341034
swipe_t0.3,phone_M1.wav,1.08,145.93544475867446
swipe_t0.3,phone_M1.wav,1.09,145.147450074701
swipe_t0.3,phone_M1.wav,1.1,143.45459970325194
swipe_t0.3,phone_M1.wav,1.11,142.55121414904295
swipe_t0.3,phone_M1.wav,1.12,141.27028384350726
swipe_t0.3,phone_M1.wav,1.13,143.3251140617565
swipe_t0.3,phone_M1.wav,1.14,149.94123884737442
swipe_t0.3,phone_M1.wav,1.15,151.84769691067916
swipe_t0.3,phone_M1.wav,1.16,153.08623083964508
swipe_t0.3,phone_M1.wav,1.17,153.7783950187843
swipe_t0.3,phone_M1.wav,1.18,154.1955603367561
swipe_t0.3,phone_M1.wav,1.19,153.9173245724602
swipe_t0.3,phone_M1.wav,1.2,153.36235831244127
swipe_t0.3,phone_M1.wav,1.21,152.39658001501834
swipe_t0.3,phone_M1.wav,1.22,151.84769691067916
swipe_t0.3,phone_M1.wav,1.23,151.84769691067916
swipe_t0.3,phone_M1.wav,1.24,152.53426118174298
swipe_t0.3,phone_M1.wav,1.25,153.6395908663322
swipe_t0.3,phone_M1.wav,1.26,154.75293025118282
swipe_t0.3,phone_M1.wav,1.27,155.59307237083087
swipe_t0.3,phone_M1.wav,1.28,156.8621551634181
swipe_t0.3,phone_M1.wav,1.29,155.45324443113762
swipe_t0.3,phone_M1.wav,1.3,154.6132464593188
swipe_t0.3,phone_M1.wav,1.31,153.6395908663322
swipe_t0.3,phone_M1.wav,1.32,153.22392968492824
swipe_t0.3,phone_M1.wav,1.33,153.08623083964508
swipe_t0.3,phone_M1.wav,1.34,153.08623083964508
swipe_t0.3,phone_M1.wav,1.35,152.53426118174298
swipe_t0.3,phone_M1.wav,1.36,151.71063545371112
swipe_t0.3,phone_M1.wav,1.37,148.99641590098756
swipe_t0.3,phone_M1.wav,1.38,146.72829712042875
swipe_t0.3,phone_M1.wav,1.39,0.0
swipe_t0.3,phone_M1.wav,1.4,0.0
swipe_t0.3,phone_M1.wav,1.41,0.0
swipe_t0.3,phone_M1.wav,1.42,0.0
swipe_t0.3,phone_M1.wav,1.43,0.0
swipe_t0.3,phone_M1.wav,1.44,0.0
swipe_t0.3,phone_M1.wav,1.45,0.0
swipe_t0.3,phone_M1.wav,1.46,0.0
swipe_t0.3,phone_M1.wav,1.47,0.0
swipe_t0.3,phone_M1.wav,1.48,0.0
swipe_t0.3,phone_M1.wav,1.49,0.0
swipe_t0.3,phone_M1.wav,1.5,0.0
swipe_t0.3,phone_M1.wav,1.51,0.0
swipe_t0.3,phone_M1.wav,1.52,116.03833718619231
swipe_t0.3,phone_M1.wav,1.53,115.51604287822161
swipe_t0.3,phone_M1.wav,1.54,114.99564510115417
swipe_t0.3,phone_M1.wav,1.55,114.27147588806352
swipe_t0.3,phone_M1.wav,1.56,113.65445432980879
swipe_t0.3,phone_M1.wav,1.57,112.63318323240543
swipe_t0.3,phone_M1.wav,1.58,111.52033709332513
swipe_t0.3,phone_M1.wav,1.59,110.31925560229146
swipe_t0.3,phone_M1.wav,1.6,109.03260542188384
swipe_t0.3,phone_M1.wav,1.61,108.54141541852441
swipe_t0.3,phone_M1.wav,1.62,108.24819188184925
swipe_t0.3,phone_M1.wav,1.63,108.15048440787815
swipe_t0.3,phone_M1.wav,1.64,107.95533395982062
swipe_t0.3,phone_M1.wav,1.65,107.76053564793314
swipe_t0.3,phone_M1.wav,1.66,107.56651382469666
swipe_t0.3,phone_M1.wav,1.67,107.56608883680926
swipe_t0.3,phone_M1.wav,1.68,107.85789082659542
swipe_t0.3,phone_M1.wav,1.69,0.0
swipe_t0.3,phone_M1.wav,1.7,0.0
swipe_t0.3,phone_M1.wav,1.71,0.0
swipe_t0.3,phone_M1.wav,1.72,0.0
swipe_t0.3,phone_M1.wav,1.73,0.0
swipe_t0.3,phone_M1.wav,1.74,0.0
swipe_t0.3,phone_M1.wav,1.75,0.0
swipe_t0.3,phone_M1.wav,1.76,0.0
swipe_t0.3,phone_M1.wav,1.77,0.0
swipe_t0.3,phone_M1.wav,1.78,0.0
swipe_t0.3,phone_M1.wav,1.79,0.0
swipe_t0.3,phone_M1.wav,1.8,123.49421207386752
swipe_t0.3,phone_M1.wav,1.81,121.5045321030909
swipe_t0.3,phone_M1.wav,1.82,121.17581007854555
swipe_t0.3,phone_M1.wav,1.83,120.8479773884764
swipe_t0.3,phone_M1.wav,1.84,120.1954452780729
swipe_t0.3,phone_M1.wav,1.85,119.33072289194092
swipe_t0.3,phone_M1.wav,1.86,118.25844623511809
swipe_t0.3,phone_M1.wav,1.87,116.56299299597094
swipe_t0.3,phone_M1.wav,1.88,114.5814680463777
swipe_t0.3,phone_M1.wav,1.89,113.34697014235314
swipe_t0.3,phone_M1.wav,1.9,111.82286604661658
swipe_t0.3,phone_M1.wav,1.91,110.61852629851718
swipe_t0.3,phone_M1.wav,1.92,109.42672503091138
swipe_t0.3,phone_M1.wav,1.93,0.0
swipe_t0.3,phone_M1.wav,1.94,0.0
swipe_t0.3,phone_M1.wav,1.95,0.0
swipe_t0.3,phone_M1.wav,1.96,0.0
swipe_t0.3,phone_M1.wav,1.97,0.0
swipe_t0.3,phone_M1.wav,1.98,0.0
swipe_t0.3,phone_M1.wav,1.99,0.0
swipe_t0.3,phone_M1.wav,2.0,0.0
swipe_t0.3,phone_M1.wav,2.01,0.0
swipe_t0.3,phone_M1.wav,2.02,0.0
swipe_t0.3,phone_M1.wav,2.03,0.0
swipe_t0.3,phone_M1.wav,2.04,0.0
swipe_t0.3,phone_M1.wav,2.05,0.0
swipe_t0.3,phone_M1.wav,2.06,0.0
swipe_t0.3,phone_M1.wav,2.07,0.0
swipe_t0.3,phone_M1.wav,2.08,0.0
swipe_t0.3,phone_M1.wav,2.09,0.0
swipe_t0.3,phone_M1.wav,2.1,106.88870622949688
swipe_t0.3,phone_M1.wav,2.11,108.15048440787815
swipe_t0.3,phone_M1.wav,2.12,109.42672503091138
swipe_t0.3,phone_M1.wav,2.13,0.0
swipe_t0.3,phone_M1.wav,2.14,0.0
swipe_t0.3,phone_M1.wav,2.15,122.82739132462034
swipe_t0.3,phone_M1.wav,2.16,123.16059370816279
swipe_t0.3,phone_M1.wav,2.17,123.38323064664074
swipe_t0.3,phone_M1.wav,2.18,123.38323064664074
swipe_t0.3,phone_M1.wav,2.19,122.93835850342221
swipe_t0.3,phone_M1.wav,2.2,121.94373392260414
swipe_t0.3,phone_M1.wav,2.21,121.5045321030909
swipe_t0.3,phone_M1.wav,2.22,121.06643381919788
swipe_t0.3,phone_M1.wav,2.23,118.5792541244221
swipe_t0.3,phone_M1.wav,2.24,118.0455230233533
swipe_t0.3,phone_M1.wav,2.25,117.72615910626234
swipe_t0.3,phone_M1.wav,2.26,115.72440357018229
swipe_t0.3,phone_M1.wav,2.27,114.99564510115417
swipe_t0.3,phone_M1.wav,2.28,114.68498552822727
swipe_t0.3,phone_M1.wav,2.29,114.0652805127784
swipe_t0.3,phone_M1.wav,2.3,112.63318323240543
swipe_t0.3,phone_M1.wav,2.31,112.22751499983661
swipe_t0.3,phone_M1.wav,2.32,111.72193198403603
swipe_t0.3,phone_M1.wav,2.33,110.02079456203035
swipe_t0.3,phone_M1.wav,2.34,109.92192138732788
swipe_t0.3,phone_M1.wav,2.35,111.01837852774057
swipe_t0.3,phone_M1.wav,2.36,111.31954578321616
swipe_t0.3,phone_M1.wav,2.37,111.52077770423675
swipe_t0.3,phone_M1.wav,2.38,112.0250078177698
swipe_t0.3,phone_M1.wav,2.39,113.65445432980879
swipe_t0.3,phone_M1.wav,2.4,114.4780440019471
swipe_t0.3,phone_M1.wav,2.41,116.24809924854827
swipe_t0.3,phone_M1.wav,2.42,120.73889703895848
swipe_t0.3,phone_M1.wav,2.43,124.72654386811375
swipe_t0.3,phone_M1.wav,2.44,125.17739227730708
swipe_t0.3,phone_M1.wav,2.45,125.17739227730708
swipe_t0.3,phone_M1.wav,2.46,125.29048254097698
swipe_t0.3,phone_M1.wav,2.47,124.83922681729538
swipe_t0.3,phone_M1.wav,2.48,124.05306900612267
swipe_t0.3,phone_M1.wav,2.49,0.0
swipe_t0.3,phone_M1.wav,2.5,0.0
swipe_t0.3,phone_M1.wav,2.51,111.21906602985484
swipe_t0.3,phone_M1.wav,2.52,111.11867697198436
swipe_t0.3,phone_M1.wav,2.53,111.01837852774057
swipe_t0.3,phone_M1.wav,2.54,110.8180531530469
swipe_t0.3,phone_M1.wav,2.55,109.62453530703166
swipe_t0.3,phone_M1.wav,2.56,109.42672503091138
swipe_t0.3,phone_M1.wav,2.57,109.22927169044631
swipe_t0.3,phone_M1.wav,2.58,108.7376253238137
swipe_t0.3,phone_M1.wav,2.59,108.24819188184925
swipe_t0.3,phone_M1.wav,2.6,108.05286512707033
swipe_t0.3,phone_M1.wav,2.61,107.66326834444389
swipe_t0.3,phone_M1.wav,2.62,107.17867063650209
swipe_t0.3,phone_M1.wav,2.63,106.59994746999132
swipe_t0.3,phone_M1.wav,2.64,105.54671132267076
swipe_t0.3,phone_M1.wav,2.65,104.59829441868366
swipe_t0.3,phone_M1.wav,2.66,104.12749231031978
swipe_t0.3,phone_M1.wav,2.67,103.84578265315206
swipe_t0.3,phone_M1.wav,2.68,103.47176379032986
swipe_t0.3,phone_M1.wav,2.69,103.19182816087051
swipe_t0.3,phone_M1.wav,2.7,103.37836763754864
swipe_t0.3,phone_M1.wav,2.71,0.0
swipe_t0.3,phone_M1.wav,2.72,0.0
swipe_t0.3,phone_M1.wav,2.73,0.0
swipe_t0.3,phone_M1.wav,2.74,0.0
swipe_t0.3,phone_M1.wav,2.75,0.0
swipe_t0.3,phone_M1.wav,2.76,0.0
swipe_t0.3,phone_M1.wav,2.77,0.0
swipe_t0.3,phone_M1.wav,2.78,0.0
swipe_t0.3,phone_M1.wav,2.79,0.0
swipe_t0.3,phone_M1.wav,2.8,0.0
swipe_t0.3,phone_M1.wav,2.81,0.0
swipe_t0.3,phone_M1.wav,2.82,0.0
swipe_t0.3,phone_M1.wav,2.83,0.0
swipe_t0.3,phone_M1.wav,2.84,0.0
swipe_t0.3,phone_M1.wav,2.85,0.0
swipe_t0.3,phone_M1.wav,2.86,0.0
swipe_t0.3,phone_M1.wav,2.87,0.0
swipe_t0.3,phone_M1.wav,2.88,0.0
swipe_t0.3,phone_M1.wav,2.89,135.4030866681273
swipe_t0.3,phone_M1.wav,2.9,135.76986759314178
swipe_t0.3,phone_M1.wav,2.91,136.26117260742654
swipe_t0.3,phone_M1.wav,2.92,0.0
swipe_t0.3,phone_M1.wav,2.93,0.0
swipe_t0.3,phone_M1.wav,2.94,0.0
swipe_t0.3,phone_M1.wav,2.95,0.0
swipe_t0.3,phone_M1.wav,2.96,0.0
swipe_t0.3,phone_M1.wav,2.97,0.0
swipe_t0.3,phone_M1.wav,2.98,0.0
swipe_t0.3,phone_M1.wav,2.99,0.0
swipe_t0.3,phone_M1.wav,3.0,0.0
swipe_t0.3,phone_M1.wav,3.01,0.0
swipe_t0.3,phone_M1.wav,3.02,0.0
swipe_t0.3,phone_M1.wav,3.03,0.0
swipe_t0.3,phone_M1.wav,3.04,0.0
swipe_t0.3,phone_M1.wav,3.05,0.0
swipe_t0.3,phone_M1.wav,3.06,0.0
swipe_t0.3,phone_M1.wav,3.07,0.0
swipe_t0.3,phone_M1.wav,3.08,0.0
swipe_t0.3,phone_M1.wav,3.09,0.0
swipe_t0.3,phone_M1.wav,3.1,0.0
swipe_t0.3,phone_M1.wav,3.11,0.0
swipe_t0.3,phone_M1.wav,3.12,0.0
swipe_t0.3,phone_M1.wav,3.13,0.0
swipe_t0.3,phone_M1.wav,3.14,95.14102195499414
swipe_t0.3,phone_M1.wav,3.15,95.74433459269888
swipe_t0.3,phone_M1.wav,3.16,96.78673419486084
swipe_t0.3,phone_M1.wav,3.17,97.22472992313664
swipe_t0.3,phone_M1.wav,3.18,98.72762500337075
swipe_t0.3,phone_M1.wav,3.19,99.8930649008769
swipe_t0.3,phone_M1.wav,3.2,100.70783491494504
swipe_t0.3,phone_M1.wav,3.21,100.52611423922033
swipe_t0.3,phone_M1.wav,3.22,100.25414785886868
swipe_t0.3,phone_M1.wav,3.23,99.4430483696348
swipe_t0.3,phone_M1.wav,3.24,0.0
swipe_t0.3,phone_M1.wav,3.25,0.0
swipe_t0.3,phone_M1.wav,3.26,0.0
swipe_t0.3,phone_M1.wav,3.27,0.0
swipe_t0.3,phone_M1.wav,3.28,0.0
swipe_t0.3,phone_M1.wav,3.29,0.0
swipe_t0.3,phone_M1.wav,3.3,0.0
swipe_t0.3,phone_M1.wav,3.31,0.0
swipe_t0.3,phone_M1.wav,3.32,0.0
swipe_t0.3,phone_M1.wav,3.33,0.0
swipe_t0.3,phone_M1.wav,3.34,0.0
swipe_t0.3,phone_M1.wav,3.35,0.0
swipe_t0.3,phone_M1.wav,3.36,0.0
swipe_t0.3,phone_M1.wav,3.37,0.0
swipe_t0.3,phone_M1.wav,3.38,0.0
swipe_t0.3,phone_M1.wav,3.39,0.0
swipe_t0.3,phone_M1.wav,3.4,0.0
swipe_t0.3,phone_M1.wav,3.41,0.0
swipe_t0.3,phone_M1.wav,3.42,0.0
swipe_t0.3,phone_M1.wav,3.43,0.0
swipe_t0.3,phone_M1.wav,3.44,0.0
swipe_t0.3,phone_M1.wav,3.45,0.0
swipe_t0.3,phone_M1.wav,3.46,0.0
swipe_t0.3,phone_M1.wav,3.47,0.0
swipe_t0.3,phone_M1.wav,3.48,0.0
swipe_t0.3,phone_M1.wav,3.49,108.15048440787815
swipe_t0.3,phone_M1.wav,3.5,106.98527376258657
swipe_t0.3,phone_M1.wav,3.51,0.0
swipe_t0.3,phone_M1.wav,3.52,0.0
swipe_t0.3,phone_M1.wav,3.53,0.0
swipe_t0.3,phone_M1.wav,3.54,0.0
swipe_t0.3,phone_M1.wav,3.55,0.0
swipe_t0.3,phone_M1.wav,3.56,0.0
swipe_t0.3,phone_M1.wav,3.57,0.0
swipe_t0.3,phone_M1.wav,3.58,0.0
swipe_t0.3,phone_M1.wav,3.59,0.0
swipe_t0.3,phone_M1.wav,3.6,0.0
swipe_t0.3,phone_M1.wav,3.61,0.0
swipe_t0.3,phone_M1.wav,3.62,0.0
swipe_t0.3,phone_M1.wav,3.63,0.0
swipe_t0.3,phone_M1.wav,3.64,0.0
swipe_t0.3,phone_M1.wav,3.65,0.0
swipe_t0.3,phone_M1.wav,3.66,0.0
swipe_t0.3,phone_M1.wav,3.67,0.0
swipe_t0.3,phone_M1.wav,3.68,0.0
swipe_t0.3,phone_M1.wav,3.69,0.0
swipe_t0.3,phone_M1.wav,3.7,0.0
swipe_t0.3,phone_M1.wav,3.71,0.0
swipe_t0.3,phone_M1.wav,3.72,0.0
swipe_t0.3,phone_M1.wav,3.73,0.0
swipe_t0.3,phone_M1.wav,3.74,0.0
swipe_t0.3,phone_M1.wav,3.75,0.0
swipe_t0.3,phone_M1.wav,3.76,0.0
swipe_t0.3,phone_M1.wav,3.77,0.0
swipe_t0.3,phone_M1.wav,3.78,0.0
swipe_t0.3,phone_M1.wav,3.79,0.0
swipe_t0.3,phone_M1.wav,3.8,0.0
swipe_t0.3,phone_M1.wav,3.81,0.0
swipe_t0.3,phone_M1.wav,3.82,0.0
swipe_t0.3,phone_M1.wav,3.83,0.0
swipe_t0.3,phone_M1.wav,3.84,0.0
swipe_t0.3,phone_M1.wav,3.85,0.0
swipe_t0.3,phone_M1.wav,3.86,0.0
swipe_t0.3,phone_M1.wav,3.87,0.0
swipe_t0.3,phone_M1.wav,3.88,0.0
swipe_t0.3,phone_M1.wav,3.89,0.0
swipe_t0.3,phone_M1.wav,3.9,0.0
swipe_t0.3,phone_M1.wav,3.91,0.0
swipe_t0.3,phone_M1.wav,3.92,0.0
swipe_t0.3,phone_M1.wav,3.93,0.0
swipe_t0.3,phone_M1.wav,3.94,0.0
swipe_t0.3,phone_M1.wav,3.95,0.0
swipe_t0.3,phone_M1.wav,3.96,0.0
swipe_t0.3,phone_M1.wav,3.97,0.0
swipe_t0.3,phone_M1.wav,3.98,0.0
swipe_t0.3,phone_M1.wav,3.99,0.0
swipe_t0.3,phone_M1.wav,4.0,0.0
swipe_t0.3,phone_M1.wav,4.01,0.0
swipe_t0.3,phone_M1.wav,4.02,0.0
swipe_t0.3,phone_M1.wav,4.03,0.0
swipe_t0.3,phone_M1.wav,4.04,0.0
swipe_t0.3,phone_M1.wav,4.05,0.0
swipe_t0.3,phone_M1.wav,4.06,0.0
swipe_t0.3,phone_M1.wav,4.07,0.0
swipe_t0.3,phone_M1.wav,4.08,0.0
swipe_t0.3,phone_M1.wav,4.09,0.0
swipe_t0.3,phone_M1.wav,4.1,0.0
swipe_t0.3,phone_M1.wav,4.11,0.0
swipe_t0.3,phone_M1.wav,4.12,0.0
swipe_t0.3,phone_M1.wav,4.13,0.0
swipe_t0.3,phone_M1.wav,4.14,0.0
swipe_t0.3,phone_M1.wav,4.15,0.0
praat7_filtered_v0.3,studio_F1.wav,0.021598639455782,0.0
praat7_filtered_v0.3,studio_F1.wav,0.031598639455782,0.0
praat7_filtered_v0.3,studio_F1.wav,0.041598639455782,0.0
praat7_filtered_v0.3,studio_F1.wav,0.051598639455782,0.0
praat7_filtered_v0.3,studio_F1.wav,0.061598639455782,0.0
praat7_filtered_v0.3,studio_F1.wav,0.071598639455782,0.0
praat7_filtered_v0.3,studio_F1.wav,0.081598639455782,0.0
praat7_filtered_v0.3,studio_F1.wav,0.091598639455782,0.0
praat7_filtered_v0.3,studio_F1.wav,0.101598639455782,0.0
praat7_filtered_v0.3,studio_F1.wav,0.111598639455782,0.0
praat7_filtered_v0.3,studio_F1.wav,0.121598639455782,0.0
praat7_filtered_v0.3,studio_F1.wav,0.131598639455782,0.0
praat7_filtered_v0.3,studio_F1.wav,0.141598639455782,0.0
praat7_filtered_v0.3,studio_F1.wav,0.151598639455782,0.0
praat7_filtered_v0.3,studio_F1.wav,0.161598639455782,0.0
praat7_filtered_v0.3,studio_F1.wav,0.171598639455782,0.0
praat7_filtered_v0.3,studio_F1.wav,0.181598639455782,0.0
praat7_filtered_v0.3,studio_F1.wav,0.191598639455782,0.0
praat7_filtered_v0.3,studio_F1.wav,0.201598639455782,0.0
praat7_filtered_v0.3,studio_F1.wav,0.211598639455782,0.0
praat7_filtered_v0.3,studio_F1.wav,0.221598639455782,0.0
praat7_filtered_v0.3,studio_F1.wav,0.231598639455782,0.0
praat7_filtered_v0.3,studio_F1.wav,0.241598639455782,0.0
praat7_filtered_v0.3,studio_F1.wav,0.251598639455782,0.0
praat7_filtered_v0.3,studio_F1.wav,0.261598639455782,0.0
praat7_filtered_v0.3,studio_F1.wav,0.271598639455782,0.0
praat7_filtered_v0.3,studio_F1.wav,0.281598639455782,0.0
praat7_filtered_v0.3,studio_F1.wav,0.291598639455782,0.0
praat7_filtered_v0.3,studio_F1.wav,0.301598639455782,0.0
praat7_filtered_v0.3,studio_F1.wav,0.311598639455782,0.0
praat7_filtered_v0.3,studio_F1.wav,0.321598639455782,0.0
praat7_filtered_v0.3,studio_F1.wav,0.331598639455782,0.0
praat7_filtered_v0.3,studio_F1.wav,0.341598639455782,0.0
praat7_filtered_v0.3,studio_F1.wav,0.351598639455782,0.0
praat7_filtered_v0.3,studio_F1.wav,0.361598639455782,0.0
praat7_filtered_v0.3,studio_F1.wav,0.371598639455782,0.0
praat7_filtered_v0.3,studio_F1.wav,0.381598639455782,0.0
praat7_filtered_v0.3,studio_F1.wav,0.391598639455782,0.0
praat7_filtered_v0.3,studio_F1.wav,0.401598639455782,0.0
praat7_filtered_v0.3,studio_F1.wav,0.411598639455782,0.0
praat7_filtered_v0.3,studio_F1.wav,0.421598639455782,0.0
praat7_filtered_v0.3,studio_F1.wav,0.431598639455782,0.0
praat7_filtered_v0.3,studio_F1.wav,0.441598639455782,0.0
praat7_filtered_v0.3,studio_F1.wav,0.451598639455782,0.0
praat7_filtered_v0.3,studio_F1.wav,0.461598639455782,0.0
praat7_filtered_v0.3,studio_F1.wav,0.471598639455782,0.0
praat7_filtered_v0.3,studio_F1.wav,0.481598639455782,0.0
praat7_filtered_v0.3,studio_F1.wav,0.491598639455782,0.0
praat7_filtered_v0.3,studio_F1.wav,0.501598639455782,0.0
praat7_filtered_v0.3,studio_F1.wav,0.511598639455782,0.0
praat7_filtered_v0.3,studio_F1.wav,0.521598639455782,0.0
praat7_filtered_v0.3,studio_F1.wav,0.531598639455782,0.0
praat7_filtered_v0.3,studio_F1.wav,0.541598639455782,0.0
praat7_filtered_v0.3,studio_F1.wav,0.551598639455782,0.0
praat7_filtered_v0.3,studio_F1.wav,0.561598639455782,0.0
praat7_filtered_v0.3,studio_F1.wav,0.571598639455782,0.0
praat7_filtered_v0.3,studio_F1.wav,0.581598639455782,0.0
praat7_filtered_v0.3,studio_F1.wav,0.591598639455782,0.0
praat7_filtered_v0.3,studio_F1.wav,0.601598639455782,0.0
praat7_filtered_v0.3,studio_F1.wav,0.611598639455782,0.0
praat7_filtered_v0.3,studio_F1.wav,0.621598639455782,0.0
praat7_filtered_v0.3,studio_F1.wav,0.631598639455782,0.0
praat7_filtered_v0.3,studio_F1.wav,0.641598639455782,0.0
praat7_filtered_v0.3,studio_F1.wav,0.651598639455782,0.0
praat7_filtered_v0.3,studio_F1.wav,0.661598639455782,0.0
praat7_filtered_v0.3,studio_F1.wav,0.671598639455782,0.0
praat7_filtered_v0.3,studio_F1.wav,0.681598639455782,0.0
praat7_filtered_v0.3,studio_F1.wav,0.691598639455782,273.75356450735774
praat7_filtered_v0.3,studio_F1.wav,0.701598639455782,271.5012405522591
praat7_filtered_v0.3,studio_F1.wav,0.711598639455782,268.56593577936246
praat7_filtered_v0.3,studio_F1.wav,0.721598639455782,264.88379645951085
praat7_filtered_v0.3,studio_F1.wav,0.731598639455782,260.91183475666446
praat7_filtered_v0.3,studio_F1.wav,0.741598639455782,258.4636179134388
praat7_filtered_v0.3,studio_F1.wav,0.751598639455782,256.3276159040268
praat7_filtered_v0.3,studio_F1.wav,0.761598639455782,253.64706829842763
praat7_filtered_v0.3,studio_F1.wav,0.771598639455782,247.10040868155568
praat7_filtered_v0.3,studio_F1.wav,0.781598639455782,238.28201791544933
praat7_filtered_v0.3,studio_F1.wav,0.791598639455782,239.65151182460232
praat7_filtered_v0.3,studio_F1.wav,0.801598639455782,245.18192742051573
praat7_filtered_v0.3,studio_F1.wav,0.811598639455782,247.60027380842257
praat7_filtered_v0.3,studio_F1.wav,0.821598639455782,247.22992277252376
praat7_filtered_v0.3,studio_F1.wav,0.831598639455782,246.29892294996597
praat7_filtered_v0.3,studio_F1.wav,0.841598639455782,245.6773936754288
praat7_filtered_v0.3,studio_F1.wav,0.851598639455782,245.1995620579795
praat7_filtered_v0.3,studio_F1.wav,0.861598639455782,244.04960614303312
praat7_filtered_v0.3,studio_F1.wav,0.871598639455782,242.5696359961707
praat7_filtered_v0.3,studio_F1.wav,0.881598639455782,241.02904628251397
praat7_filtered_v0.3,studio_F1.wav,0.891598639455782,238.7376732791404
praat7_filtered_v0.3,studio_F1.wav,0.901598639455782,232.5303690951584
praat7_filtered_v0.3,studio_F1.wav,0.911598639455782,223.61394207825293
praat7_filtered_v0.3,studio_F1.wav,0.921598639455782,223.43950057390373
praat7_filtered_v0.3,studio_F1.wav,0.931598639455782,225.50285419301343
praat7_filtered_v0.3,studio_F1.wav,0.941598639455782,230.19690359909788
praat7_filtered_v0.3,studio_F1.wav,0.951598639455782,239.16883871801264
praat7_filtered_v0.3,studio_F1.wav,0.961598639455782,251.3466159068859
praat7_filtered_v0.3,studio_F1.wav,0.971598639455782,253.36411813086232
praat7_filtered_v0.3,studio_F1.wav,0.981598639455782,249.2870763131172
praat7_filtered_v0.3,studio_F1.wav,0.991598639455782,242.46293063219588
praat7_filtered_v0.3,studio_F1.wav,1.001598639455782,243.96108341402393
praat7_filtered_v0.3,studio_F1.wav,1.011598639455782,272.29342361748746
praat7_filtered_v0.3,studio_F1.wav,1.021598639455782,276.1749867864865
praat7_filtered_v0.3,studio_F1.wav,1.031598639455782,282.5040701561445
praat7_filtered_v0.3,studio_F1.wav,1.041598639455782,288.83720388785633
praat7_filtered_v0.3,studio_F1.wav,1.051598639455782,293.0825248937574
praat7_filtered_v0.3,studio_F1.wav,1.061598639455782,293.5139586376508
praat7_filtered_v0.3,studio_F1.wav,1.071598639455782,287.2428940507339
praat7_filtered_v0.3,studio_F1.wav,1.081598639455782,278.15025347463734
praat7_filtered_v0.3,studio_F1.wav,1.091598639455782,0.0
praat7_filtered_v0.3,studio_F1.wav,1.101598639455782,0.0
praat7_filtered_v0.3,studio_F1.wav,1.111598639455782,0.0
praat7_filtered_v0.3,studio_F1.wav,1.121598639455782,298.71367714869126
praat7_filtered_v0.3,studio_F1.wav,1.131598639455782,286.62743147244186
praat7_filtered_v0.3,studio_F1.wav,1.141598639455782,269.99086640434075
praat7_filtered_v0.3,studio_F1.wav,1.151598639455782,253.14345027998672
praat7_filtered_v0.3,studio_F1.wav,1.161598639455782,246.0955616257472
praat7_filtered_v0.3,studio_F1.wav,1.171598639455782,243.4496444924748
praat7_filtered_v0.3,studio_F1.wav,1.181598639455782,243.06053505324607
praat7_filtered_v0.3,studio_F1.wav,1.191598639455782,240.5534117585532
praat7_filtered_v0.3,studio_F1.wav,1.201598639455782,228.8569988874069
praat7_filtered_v0.3,studio_F1.wav,1.211598639455782,0.0
praat7_filtered_v0.3,studio_F1.wav,1.221598639455782,0.0
praat7_filtered_v0.3,studio_F1.wav,1.231598639455782,0.0
praat7_filtered_v0.3,studio_F1.wav,1.241598639455782,0.0
praat7_filtered_v0.3,studio_F1.wav,1.251598639455782,0.0
praat7_filtered_v0.3,studio_F1.wav,1.261598639455782,307.4011687131925
praat7_filtered_v0.3,studio_F1.wav,1.271598639455782,313.8065718581404
praat7_filtered_v0.3,studio_F1.wav,1.281598639455782,315.08966394837574
praat7_filtered_v0.3,studio_F1.wav,1.291598639455782,317.8404502327399
praat7_filtered_v0.3,studio_F1.wav,1.301598639455782,316.871299329206
praat7_filtered_v0.3,studio_F1.wav,1.311598639455782,308.73066638184537
praat7_filtered_v0.3,studio_F1.wav,1.321598639455782,295.05441322061773
praat7_filtered_v0.3,studio_F1.wav,1.331598639455782,279.7901598785315
praat7_filtered_v0.3,studio_F1.wav,1.341598639455782,263.6179225036123
praat7_filtered_v0.3,studio_F1.wav,1.351598639455782,244.12313190233763
praat7_filtered_v0.3,studio_F1.wav,1.361598639455782,230.5370772939769
praat7_filtered_v0.3,studio_F1.wav,1.371598639455782,218.83581193977295
praat7_filtered_v0.3,studio_F1.wav,1.381598639455782,210.19092240901
praat7_filtered_v0.3,studio_F1.wav,1.391598639455782,203.73360459878472
praat7_filtered_v0.3,studio_F1.wav,1.401598639455782,199.3844737380857
praat7_filtered_v0.3,studio_F1.wav,1.411598639455782,194.4430333354802
praat7_filtered_v0.3,studio_F1.wav,1.421598639455782,191.36506131902303
praat7_filtered_v0.3,studio_F1.wav,1.431598639455782,200.13091801329855
praat7_filtered_v0.3,studio_F1.wav,1.441598639455782,202.0640747831672
praat7_filtered_v0.3,studio_F1.wav,1.451598639455782,203.4294720104164
praat7_filtered_v0.3,studio_F1.wav,1.461598639455782,206.54013819016268
praat7_filtered_v0.3,studio_F1.wav,1.471598639455782,210.92607971063643
praat7_filtered_v0.3,studio_F1.wav,1.481598639455782,214.6788591524029
praat7_filtered_v0.3,studio_F1.wav,1.491598639455782,218.56372618184585
praat7_filtered_v0.3,studio_F1.wav,1.501598639455782,218.1505801093796
praat7_filtered_v0.3,studio_F1.wav,1.511598639455782,215.71195558809316
praat7_filtered_v0.3,studio_F1.wav,1.521598639455782,213.17846232638092
praat7_filtered_v0.3,studio_F1.wav,1.531598639455782,210.03726280049955
praat7_filtered_v0.3,studio_F1.wav,1.541598639455782,206.42493771158416
praat7_filtered_v0.3,studio_F1.wav,1.551598639455782,198.97126733794192
praat7_filtered_v0.3,studio_F1.wav,1.561598639455782,196.82422064173647
praat7_filtered_v0.3,studio_F1.wav,1.571598639455782,200.0999380662913
praat7_filtered_v0.3,studio_F1.wav,1.581598639455782,199.30708888311528
praat7_filtered_v0.3,studio_F1.wav,1.591598639455782,197.2368651372678
praat7_filtered_v0.3,studio_F1.wav,1.601598639455782,196.9659210489488
praat7_filtered_v0.3,studio_F1.wav,1.611598639455782,197.49520089765096
praat7_filtered_v0.3,studio_F1.wav,1.621598639455782,195.32821749406688
praat7_filtered_v0.3,studio_F1.wav,1.631598639455782,187.87057387625828
praat7_filtered_v0.3,studio_F1.wav,1.641598639455782,178.862734226114
praat7_filtered_v0.3,studio_F1.wav,1.651598639455782,0.0
praat7_filtered_v0.3,studio_F1.wav,1.661598639455782,0.0
praat7_filtered_v0.3,studio_F1.wav,1.671598639455782,0.0
praat7_filtered_v0.3,studio_F1.wav,1.681598639455782,0.0
praat7_filtered_v0.3,studio_F1.wav,1.691598639455782,0.0
praat7_filtered_v0.3,studio_F1.wav,1.701598639455782,250.06335569213263
praat7_filtered_v0.3,studio_F1.wav,1.711598639455782,241.60418065142304
praat7_filtered_v0.3,studio_F1.wav,1.721598639455782,232.76963153945897
praat7_filtered_v0.3,studio_F1.wav,1.731598639455782,227.30844339064336
praat7_filtered_v0.3,studio_F1.wav,1.741598639455782,221.8669009880739
praat7_filtered_v0.3,studio_F1.wav,1.751598639455782,210.8010297115502
praat7_filtered_v0.3,studio_F1.wav,1.761598639455782,0.0
praat7_filtered_v0.3,studio_F1.wav,1.771598639455782,0.0
praat7_filtered_v0.3,studio_F1.wav,1.781598639455782,0.0
praat7_filtered_v0.3,studio_F1.wav,1.791598639455782,0.0
praat7_filtered_v0.3,studio_F1.wav,1.801598639455782,174.74005887608055
praat7_filtered_v0.3,studio_F1.wav,1.811598639455782,185.677711831884
praat7_filtered_v0.3,studio_F1.wav,1.821598639455782,197.91632095713015
praat7_filtered_v0.3,studio_F1.wav,1.831598639455782,196.28347166924337
praat7_filtered_v0.3,studio_F1.wav,1.841598639455782,198.92016746384328
praat7_filtered_v0.3,studio_F1.wav,1.851598639455782,0.0
praat7_filtered_v0.3,studio_F1.wav,1.861598639455782,0.0
praat7_filtered_v0.3,studio_F1.wav,1.871598639455782,0.0
praat7_filtered_v0.3,studio_F1.wav,1.881598639455782,0.0
praat7_filtered_v0.3,studio_F1.wav,1.891598639455782,0.0
praat7_filtered_v0.3,studio_F1.wav,1.901598639455782,0.0
praat7_filtered_v0.3,studio_F1.wav,1.911598639455782,243.06398568956664
praat7_filtered_v0.3,studio_F1.wav,1.921598639455782,227.47991792301707
praat7_filtered_v0.3,studio_F1.wav,1.931598639455782,217.876169821719
praat7_filtered_v0.3,studio_F1.wav,1.941598639455782,212.44005985714583
praat7_filtered_v0.3,studio_F1.wav,1.951598639455782,209.48198254631373
praat7_filtered_v0.3,studio_F1.wav,1.961598639455782,207.45165698280144
praat7_filtered_v0.3,studio_F1.wav,1.971598639455782,205.55608308898667
praat7_filtered_v0.3,studio_F1.wav,1.981598639455782,203.09644126100025
praat7_filtered_v0.3,studio_F1.wav,1.991598639455782,201.22263977880553
praat7_filtered_v0.3,studio_F1.wav,2.001598639455782,199.99645222375335
praat7_filtered_v0.3,studio_F1.wav,2.011598639455782,198.69654090417436
praat7_filtered_v0.3,studio_F1.wav,2.021598639455782,196.80762476564695
praat7_filtered_v0.3,studio_F1.wav,2.031598639455782,195.2973099131036
praat7_filtered_v0.3,studio_F1.wav,2.041598639455782,193.4242366915712
praat7_filtered_v0.3,studio_F1.wav,2.051598639455782,190.9104718179155
praat7_filtered_v0.3,studio_F1.wav,2.061598639455782,189.78363805075676
praat7_filtered_v0.3,studio_F1.wav,2.071598639455782,189.71232347270643
praat7_filtered_v0.3,studio_F1.wav,2.081598639455782,188.0985726694689
praat7_filtered_v0.3,studio_F1.wav,2.091598639455782,186.17851703968583
praat7_filtered_v0.3,studio_F1.wav,2.101598639455782,184.6329190114916
praat7_filtered_v0.3,studio_F1.wav,2.111598639455782,182.16647281890891
praat7_filtered_v0.3,studio_F1.wav,2.121598639455782,178.68887170774124
praat7_filtered_v0.3,studio_F1.wav,2.131598639455782,172.3196801639259
praat7_filtered_v0.3,studio_F1.wav,2.141598639455782,164.25478295181935
praat7_filtered_v0.3,studio_F1.wav,2.151598639455782,0.0
praat7_filtered_v0.3,studio_F1.wav,2.161598639455782,0.0
praat7_filtered_v0.3,studio_F1.wav,2.171598639455782,0.0
praat7_filtered_v0.3,studio_F1.wav,2.181598639455782,0.0
praat7_filtered_v0.3,studio_F1.wav,2.191598639455782,0.0
praat7_filtered_v0.3,studio_F1.wav,2.201598639455782,0.0
praat7_filtered_v0.3,studio_F1.wav,2.211598639455782,0.0
praat7_filtered_v0.3,studio_F1.wav,2.221598639455782,0.0
praat7_filtered_v0.3,studio_F1.wav,2.231598639455782,0.0
praat7_filtered_v0.3,studio_F1.wav,2.241598639455782,0.0
praat7_filtered_v0.3,studio_F1.wav,2.251598639455782,0.0
praat7_filtered_v0.3,studio_F1.wav,2.261598639455782,0.0
praat7_filtered_v0.3,studio_F1.wav,2.271598639455782,0.0
praat7_filtered_v0.3,studio_F1.wav,2.281598639455782,0.0
praat7_filtered_v0.3,studio_F1.wav,2.291598639455782,0.0
praat7_filtered_v0.3,studio_F1.wav,2.301598639455782,0.0
praat7_filtered_v0.3,studio_F1.wav,2.311598639455782,0.0
praat7_filtered_v0.3,studio_F1.wav,2.321598639455782,0.0
praat7_filtered_v0.3,studio_F1.wav,2.331598639455782,0.0
praat7_filtered_v0.3,studio_F1.wav,2.341598639455782,0.0
praat7_filtered_v0.3,studio_F1.wav,2.351598639455782,0.0
praat7_filtered_v0.3,studio_F1.wav,2.361598639455782,0.0
praat7_filtered_v0.3,studio_F1.wav,2.371598639455782,0.0
praat7_filtered_v0.3,studio_F1.wav,2.381598639455782,0.0
praat7_filtered_v0.3,studio_F1.wav,2.391598639455782,0.0
praat7_filtered_v0.3,studio_F1.wav,2.401598639455782,0.0
praat7_filtered_v0.3,studio_F1.wav,2.411598639455782,0.0
praat7_filtered_v0.3,studio_F1.wav,2.421598639455782,0.0
praat7_filtered_v0.3,studio_F1.wav,2.431598639455782,0.0
praat7_filtered_v0.3,studio_F1.wav,2.441598639455782,0.0
praat7_filtered_v0.3,studio_F1.wav,2.451598639455782,0.0
praat7_filtered_v0.3,studio_F1.wav,2.461598639455782,0.0
praat7_filtered_v0.3,studio_F1.wav,2.471598639455782,0.0
praat7_filtered_v0.3,studio_F1.wav,2.481598639455782,0.0
praat7_filtered_v0.3,studio_F1.wav,2.491598639455782,0.0
praat7_filtered_v0.3,studio_F1.wav,2.501598639455782,0.0
praat7_filtered_v0.3,studio_F1.wav,2.511598639455782,0.0
praat7_filtered_v0.3,studio_F1.wav,2.521598639455782,0.0
praat7_filtered_v0.3,studio_F1.wav,2.531598639455782,0.0
praat7_filtered_v0.3,studio_F1.wav,2.541598639455782,0.0
praat7_filtered_v0.3,studio_F1.wav,2.551598639455782,0.0
praat7_filtered_v0.3,studio_F1.wav,2.561598639455782,0.0
praat7_filtered_v0.3,studio_F1.wav,2.571598639455782,0.0
praat7_filtered_v0.3,studio_F1.wav,2.581598639455782,0.0
praat7_filtered_v0.3,studio_F1.wav,2.591598639455782,0.0
praat7_filtered_v0.3,studio_F1.wav,2.601598639455782,0.0
praat7_filtered_v0.3,studio_F1.wav,2.611598639455782,0.0
praat7_filtered_v0.3,studio_F1.wav,2.621598639455782,0.0
praat7_filtered_v0.3,studio_F1.wav,2.631598639455782,0.0
praat7_filtered_v0.3,studio_F1.wav,2.641598639455782,0.0
praat7_filtered_v0.3,studio_F1.wav,2.651598639455782,0.0
praat7_filtered_v0.3,studio_F1.wav,2.661598639455782,0.0
praat7_filtered_v0.3,studio_F1.wav,2.671598639455782,0.0
praat7_filtered_v0.3,studio_F1.wav,2.681598639455782,0.0
praat7_filtered_v0.3,studio_F1.wav,2.691598639455782,0.0
praat7_filtered_v0.3,studio_F1.wav,2.701598639455782,0.0
praat7_filtered_v0.3,studio_F1.wav,2.711598639455782,0.0
praat7_filtered_v0.3,studio_F1.wav,2.721598639455782,0.0
praat7_filtered_v0.3,studio_F1.wav,2.731598639455782,0.0
praat7_filtered_v0.3,studio_F1.wav,2.741598639455782,0.0
praat7_filtered_v0.3,studio_F1.wav,2.751598639455782,0.0
praat7_filtered_v0.3,studio_F1.wav,2.761598639455782,0.0
praat7_filtered_v0.3,studio_F1.wav,2.771598639455782,0.0
praat7_filtered_v0.3,studio_F1.wav,2.781598639455782,0.0
praat7_filtered_v0.3,studio_F1.wav,2.791598639455782,0.0
praat7_filtered_v0.3,studio_F1.wav,2.801598639455782,0.0
praat7_filtered_v0.3,studio_F1.wav,2.811598639455782,0.0
praat7_filtered_v0.3,studio_F1.wav,2.821598639455782,0.0
praat7_filtered_v0.3,studio_F1.wav,2.831598639455782,0.0
praat7_filtered_v0.3,studio_F1.wav,2.841598639455782,0.0
swipe_t0.2,studio_F1.wav,0.0,0.0
swipe_t0.2,studio_F1.wav,0.01,0.0
swipe_t0.2,studio_F1.wav,0.02,0.0
swipe_t0.2,studio_F1.wav,0.03,0.0
swipe_t0.2,studio_F1.wav,0.04,0.0
swipe_t0.2,studio_F1.wav,0.05,0.0
swipe_t0.2,studio_F1.wav,0.06,0.0
swipe_t0.2,studio_F1.wav,0.07,0.0
swipe_t0.2,studio_F1.wav,0.08,0.0
swipe_t0.2,studio_F1.wav,0.09,0.0
swipe_t0.2,studio_F1.wav,0.1,0.0
swipe_t0.2,studio_F1.wav,0.11,0.0
swipe_t0.2,studio_F1.wav,0.12,0.0
swipe_t0.2,studio_F1.wav,0.13,0.0
swipe_t0.2,studio_F1.wav,0.14,0.0
swipe_t0.2,studio_F1.wav,0.15,0.0
swipe_t0.2,studio_F1.wav,0.16,0.0
swipe_t0.2,studio_F1.wav,0.17,0.0
swipe_t0.2,studio_F1.wav,0.18,0.0
swipe_t0.2,studio_F1.wav,0.19,0.0
swipe_t0.2,studio_F1.wav,0.2,0.0
swipe_t0.2,studio_F1.wav,0.21,0.0
swipe_t0.2,studio_F1.wav,0.22,0.0
swipe_t0.2,studio_F1.wav,0.23,0.0
swipe_t0.2,studio_F1.wav,0.24,0.0
swipe_t0.2,studio_F1.wav,0.25,0.0
swipe_t0.2,studio_F1.wav,0.26,0.0
swipe_t0.2,studio_F1.wav,0.27,0.0
swipe_t0.2,studio_F1.wav,0.28,0.0
swipe_t0.2,studio_F1.wav,0.29,0.0
swipe_t0.2,studio_F1.wav,0.3,0.0
swipe_t0.2,studio_F1.wav,0.31,0.0
swipe_t0.2,studio_F1.wav,0.32,0.0
swipe_t0.2,studio_F1.wav,0.33,0.0
swipe_t0.2,studio_F1.wav,0.34,0.0
swipe_t0.2,studio_F1.wav,0.35,0.0
swipe_t0.2,studio_F1.wav,0.36,0.0
swipe_t0.2,studio_F1.wav,0.37,0.0
swipe_t0.2,studio_F1.wav,0.38,0.0
swipe_t0.2,studio_F1.wav,0.39,0.0
swipe_t0.2,studio_F1.wav,0.4,0.0
swipe_t0.2,studio_F1.wav,0.41,0.0
swipe_t0.2,studio_F1.wav,0.42,0.0
swipe_t0.2,studio_F1.wav,0.43,0.0
swipe_t0.2,studio_F1.wav,0.44,0.0
swipe_t0.2,studio_F1.wav,0.45,0.0
swipe_t0.2,studio_F1.wav,0.46,0.0
swipe_t0.2,studio_F1.wav,0.47,0.0
swipe_t0.2,studio_F1.wav,0.48,0.0
swipe_t0.2,studio_F1.wav,0.49,0.0
swipe_t0.2,studio_F1.wav,0.5,0.0
swipe_t0.2,studio_F1.wav,0.51,0.0
swipe_t0.2,studio_F1.wav,0.52,0.0
swipe_t0.2,studio_F1.wav,0.53,0.0
swipe_t0.2,studio_F1.wav,0.54,0.0
swipe_t0.2,studio_F1.wav,0.55,0.0
swipe_t0.2,studio_F1.wav,0.56,0.0
swipe_t0.2,studio_F1.wav,0.57,0.0
swipe_t0.2,studio_F1.wav,0.58,0.0
swipe_t0.2,studio_F1.wav,0.59,0.0
swipe_t0.2,studio_F1.wav,0.6,0.0
swipe_t0.2,studio_F1.wav,0.61,0.0
swipe_t0.2,studio_F1.wav,0.62,0.0
swipe_t0.2,studio_F1.wav,0.63,0.0
swipe_t0.2,studio_F1.wav,0.64,0.0
swipe_t0.2,studio_F1.wav,0.65,0.0
swipe_t0.2,studio_F1.wav,0.66,251.26129076055463
swipe_t0.2,studio_F1.wav,0.67,0.0
swipe_t0.2,studio_F1.wav,0.68,0.0
swipe_t0.2,studio_F1.wav,0.69,264.764725851219
swipe_t0.2,studio_F1.wav,0.7,267.16435324494813
swipe_t0.2,studio_F1.wav,0.71,268.37337064224226
swipe_t0.2,studio_F1.wav,0.72,265.9618332470225
swipe_t0.2,studio_F1.wav,0.73,262.14877916062215
swipe_t0.2,studio_F1.wav,0.74,258.1571627389962
swipe_t0.2,studio_F1.wav,0.75,256.99518455204566
swipe_t0.2,studio_F1.wav,0.76,256.5314536155773
swipe_t0.2,studio_F1.wav,0.77,254.45600301883013
swipe_t0.2,studio_F1.wav,0.78,243.44792890708422
swipe_t0.2,studio_F1.wav,0.79,240.17444056346199
swipe_t0.2,studio_F1.wav,0.8,245.87726237945935
swipe_t0.2,studio_F1.wav,0.81,247.4354530147902
swipe_t0.2,studio_F1.wav,0.82,247.21211170382054
swipe_t0.2,studio_F1.wav,0.83,246.54427068273912
swipe_t0.2,studio_F1.wav,0.84,245.87726237945935
swipe_t0.2,studio_F1.wav,0.85,245.43359300355934
swipe_t0.2,studio_F1.wav,0.86,244.5496207226611
swipe_t0.2,studio_F1.wav,0.87,243.44792890708422
swipe_t0.2,studio_F1.wav,0.88,241.26131863495507
swipe_t0.2,studio_F1.wav,0.89,239.30941004567478
swipe_t0.2,studio_F1.wav,0.9,234.8158392495032
swipe_t0.2,studio_F1.wav,0.91,229.99180033988003
swipe_t0.2,studio_F1.wav,0.92,226.69444310851375
swipe_t0.2,studio_F1.wav,0.93,225.87796317400588
swipe_t0.2,studio_F1.wav,0.94,232.706761022933
swipe_t0.2,studio_F1.wav,0.95,240.3914237607947
swipe_t0.2,studio_F1.wav,0.96,248.10668832988
swipe_t0.2,studio_F1.wav,0.97,251.94290469105073
swipe_t0.2,studio_F1.wav,0.98,251.48829026186377
swipe_t0.2,studio_F1.wav,0.99,248.5551898500704
swipe_t0.2,studio_F1.wav,1.0,243.8880088055224
swipe_t0.2,studio_F1.wav,1.01,262.38561485448554
swipe_t0.2,studio_F1.wav,1.02,276.23733618736236
swipe_t0.2,studio_F1.wav,1.03,283.0519430290209
swipe_t0.2,studio_F1.wav,1.04,288.7280609301567
swipe_t0.2,studio_F1.wav,1.05,291.34487388406853
swipe_t0.2,studio_F1.wav,1.06,292.9277208183823
swipe_t0.2,studio_F1.wav,1.07,290.8203101995833
swipe_t0.2,studio_F1.wav,1.08,285.35950674602503
swipe_t0.2,studio_F1.wav,1.09,277.4863158506608
swipe_t0.2,studio_F1.wav,1.1,284.5886109228109
swipe_t0.2,studio_F1.wav,1.11,0.0
swipe_t0.2,studio_F1.wav,1.12,0.0
swipe_t0.2,studio_F1.wav,1.13,279.74961140269676
swipe_t0.2,studio_F1.wav,1.14,273.75513512330923
swipe_t0.2,studio_F1.wav,1.15,255.60751043648915
swipe_t0.2,studio_F1.wav,1.16,247.4354530147902
swipe_t0.2,studio_F1.wav,1.17,245.65532752958893
swipe_t0.2,studio_F1.wav,1.18,245.21205862055362
swipe_t0.2,studio_F1.wav,1.19,244.9907241999174
swipe_t0.2,studio_F1.wav,1.2,244.1083469889592
swipe_t0.2,studio_F1.wav,1.21,243.8880088055224
swipe_t0.2,studio_F1.wav,1.22,247.21211170382054
swipe_t0.2,studio_F1.wav,1.23,0.0
swipe_t0.2,studio_F1.wav,1.24,0.0
swipe_t0.2,studio_F1.wav,1.25,0.0
swipe_t0.2,studio_F1.wav,1.26,0.0
swipe_t0.2,studio_F1.wav,1.27,314.0084379109676
swipe_t0.2,studio_F1.wav,1.28,316.56962331085646
swipe_t0.2,studio_F1.wav,1.29,318.8636246661837
swipe_t0.2,studio_F1.wav,1.3,318.8636246661837
swipe_t0.2,studio_F1.wav,1.31,310.06604082111835
swipe_t0.2,studio_F1.wav,1.32,297.4569583121728
swipe_t0.2,studio_F1.wav,1.33,285.103060676209
swipe_t0.2,studio_F1.wav,1.34,268.13113025308894
swipe_t0.2,studio_F1.wav,1.35,250.80790625895102
swipe_t0.2,studio_F1.wav,1.36,234.8158392495032
swipe_t0.2,studio_F1.wav,1.37,220.4398464214646
swipe_t0.2,studio_F1.wav,1.38,212.81566176778236
swipe_t0.2,studio_F1.wav,1.39,203.9770623424163
swipe_t0.2,studio_F1.wav,1.4,200.87119935008025
swipe_t0.2,studio_F1.wav,1.41,196.2122380180184
swipe_t0.2,studio_F1.wav,1.42,194.44912289132796
swipe_t0.2,studio_F1.wav,1.43,197.81262787580224
swipe_t0.2,studio_F1.wav,1.44,201.23431345586047
swipe_t0.2,studio_F1.wav,1.45,203.60899912635657
swipe_t0.2,studio_F1.wav,1.46,206.19782673062153
swipe_t0.2,studio_F1.wav,1.47,210.14374679884256
swipe_t0.2,studio_F1.wav,1.48,215.52154933742995
swipe_t0.2,studio_F1.wav,1.49,217.47573302370424
swipe_t0.2,studio_F1.wav,1.5,216.88736761863115
swipe_t0.2,studio_F1.wav,1.51,215.9111468253588
swipe_t0.2,studio_F1.wav,1.52,213.00792794991432
swipe_t0.2,studio_F1.wav,1.53,209.954065896893
swipe_t0.2,studio_F1.wav,1.54,208.06747006967962
swipe_t0.2,studio_F1.wav,1.55,204.8993243586999
swipe_t0.2,studio_F1.wav,1.56,200.68988807696934
swipe_t0.2,studio_F1.wav,1.57,199.78657294206144
swipe_t0.2,studio_F1.wav,1.58,198.7070180142625
swipe_t0.2,studio_F1.wav,1.59,197.100170881982
swipe_t0.2,studio_F1.wav,1.6,195.32907700799345
swipe_t0.2,studio_F1.wav,1.61,193.92382055122386
swipe_t0.2,studio_F1.wav,1.62,190.62643886211416
swipe_t0.2,studio_F1.wav,1.63,187.3858645173009
swipe_t0.2,studio_F1.wav,1.64,183.03967900247477
swipe_t0.2,studio_F1.wav,1.65,181.88701187154993
swipe_t0.2,studio_F1.wav,1.66,182.05133587412303
swipe_t0.2,studio_F1.wav,1.67,0.0
swipe_t0.2,studio_F1.wav,1.68,0.0
swipe_t0.2,studio_F1.wav,1.69,0.0
swipe_t0.2,studio_F1.wav,1.7,252.3973437165574
swipe_t0.2,studio_F1.wav,1.71,239.5256117398336
swipe_t0.2,studio_F1.wav,1.72,235.02798127204792
swipe_t0.2,studio_F1.wav,1.73,228.74993400422045
swipe_t0.2,studio_F1.wav,1.74,223.64622815589098
swipe_t0.2,studio_F1.wav,1.75,219.44763574499575
swipe_t0.2,studio_F1.wav,1.76,0.0
swipe_t0.2,studio_F1.wav,1.77,0.0
swipe_t0.2,studio_F1.wav,1.78,0.0
swipe_t0.2,studio_F1.wav,1.79,0.0
swipe_t0.2,studio_F1.wav,1.8,0.0
swipe_t0.2,studio_F1.wav,1.81,187.2167254382864
swipe_t0.2,studio_F1.wav,1.82,190.62643886211416
swipe_t0.2,studio_F1.wav,1.83,192.0078010551678
swipe_t0.2,studio_F1.wav,1.84,191.66133558521074
swipe_t0.2,studio_F1.wav,1.85,189.76841981099136
swipe_t0.2,studio_F1.wav,1.86,187.89345679169807
swipe_t0.2,studio_F1.wav,1.87,0.0
swipe_t0.2,studio_F1.wav,1.88,0.0
swipe_t0.2,studio_F1.wav,1.89,0.0
swipe_t0.2,studio_F1.wav,1.9,0.0
swipe_t0.2,studio_F1.wav,1.91,0.0
swipe_t0.2,studio_F1.wav,1.92,224.05051259492797
swipe_t0.2,studio_F1.wav,1.93,221.03784888217993
swipe_t0.2,studio_F1.wav,1.94,213.39298157398724
swipe_t0.2,studio_F1.wav,1.95,209.19705285076444
swipe_t0.2,studio_F1.wav,1.96,207.50537790231996
swipe_t0.2,studio_F1.wav,1.97,205.8265694976362
swipe_t0.2,studio_F1.wav,1.98,203.79294764116307
swipe_t0.2,studio_F1.wav,1.99,201.77941851550275
swipe_t0.2,studio_F1.wav,2.0,199.60624067935876
swipe_t0.2,studio_F1.wav,2.01,198.17021301352014
swipe_t0.2,studio_F1.wav,2.02,196.74451656503257
swipe_t0.2,studio_F1.wav,2.03,194.9766185136513
swipe_t0.2,studio_F1.wav,2.04,193.3991732002502
swipe_t0.2,studio_F1.wav,2.05,191.83449010283036
swipe_t0.2,studio_F1.wav,2.06,190.45437476118528
swipe_t0.2,studio_F1.wav,2.07,189.25501460646677
swipe_t0.2,studio_F1.wav,2.08,187.89345679169807
swipe_t0.2,studio_F1.wav,2.09,186.54169443564854
swipe_t0.2,studio_F1.wav,2.1,185.1996570668255
swipe_t0.2,studio_F1.wav,2.11,182.70939591992357
swipe_t0.2,studio_F1.wav,2.12,181.23119775182835
swipe_t0.2,studio_F1.wav,2.13,175.43772720902183
swipe_t0.2,studio_F1.wav,2.14,171.21398253753202
swipe_t0.2,studio_F1.wav,2.15,166.94176478129066
swipe_t0.2,studio_F1.wav,2.16,164.99407608609204
swipe_t0.2,studio_F1.wav,2.17,166.64052932797804
swipe_t0.2,studio_F1.wav,2.18,170.59732524619218
swipe_t0.2,studio_F1.wav,2.19,171.36866409845038
swipe_t0.2,studio_F1.wav,2.2,171.9887890603097
swipe_t0.2,studio_F1.wav,2.21,173.3909171825193
swipe_t0.2,studio_F1.wav,2.22,0.0
swipe_t0.2,studio_F1.wav,2.23,0.0
swipe_t0.2,studio_F1.wav,2.24,0.0
swipe_t0.2,studio_F1.wav,2.25,0.0
swipe_t0.2,studio_F1.wav,2.26,0.0
swipe_t0.2,studio_F1.wav,2.27,187.04773902835453
swipe_t0.2,studio_F1.wav,2.28,187.89345679169807
swipe_t0.2,studio_F1.wav,2.29,185.0324913122966
swipe_t0.2,studio_F1.wav,2.3,0.0
swipe_t0.2,studio_F1.wav,2.31,0.0
swipe_t0.2,studio_F1.wav,2.32,0.0
swipe_t0.2,studio_F1.wav,2.33,0.0
swipe_t0.2,studio_F1.wav,2.34,0.0
swipe_t0.2,studio_F1.wav,2.35,0.0
swipe_t0.2,studio_F1.wav,2.36,0.0
swipe_t0.2,studio_F1.wav,2.37,0.0
swipe_t0.2,studio_F1.wav,2.38,0.0
swipe_t0.2,studio_F1.wav,2.39,0.0
swipe_t0.2,studio_F1.wav,2.4,0.0
swipe_t0.2,studio_F1.wav,2.41,0.0
swipe_t0.2,studio_F1.wav,2.42,0.0
swipe_t0.2,studio_F1.wav,2.43,0.0
swipe_t0.2,studio_F1.wav,2.44,0.0
swipe_t0.2,studio_F1.wav,2.45,0.0
swipe_t0.2,studio_F1.wav,2.46,0.0
swipe_t0.2,studio_F1.wav,2.47,0.0
swipe_t0.2,studio_F1.wav,2.48,148.99641590098756
swipe_t0.2,studio_F1.wav,2.49,0.0
swipe_t0.2,studio_F1.wav,2.5,0.0
swipe_t0.2,studio_F1.wav,2.51,0.0
swipe_t0.2,studio_F1.wav,2.52,0.0
swipe_t0.2,studio_F1.wav,2.53,0.0
swipe_t0.2,studio_F1.wav,2.54,0.0
swipe_t0.2,studio_F1.wav,2.55,0.0
swipe_t0.2,studio_F1.wav,2.56,0.0
swipe_t0.2,studio_F1.wav,2.57,0.0
swipe_t0.2,studio_F1.wav,2.58,0.0
swipe_t0.2,studio_F1.wav,2.59,0.0
swipe_t0.2,studio_F1.wav,2.6,0.0
swipe_t0.2,studio_F1.wav,2.61,0.0
swipe_t0.2,studio_F1.wav,2.62,0.0
swipe_t0.2,studio_F1.wav,2.63,0.0
swipe_t0.2,studio_F1.wav,2.64,0.0
swipe_t0.2,studio_F1.wav,2.65,0.0
swipe_t0.2,studio_F1.wav,2.66,0.0
swipe_t0.2,studio_F1.wav,2.67,0.0
swipe_t0.2,studio_F1.wav,2.68,0.0
swipe_t0.2,studio_F1.wav,2.69,0.0
swipe_t0.2,studio_F1.wav,2.7,0.0
swipe_t0.2,studio_F1.wav,2.71,0.0
swipe_t0.2,studio_F1.wav,2.72,0.0
swipe_t0.2,studio_F1.wav,2.73,0.0
swipe_t0.2,studio_F1.wav,2.74,0.0
swipe_t0.2,studio_F1.wav,2.75,0.0
swipe_t0.2,studio_F1.wav,2.76,0.0
swipe_t0.2,studio_F1.wav,2.77,0.0
swipe_t0.2,studio_F1.wav,2.78,0.0
swipe_t0.2,studio_F1.wav,2.79,0.0
swipe_t0.2,studio_F1.wav,2.8,0.0
swipe_t0.2,studio_F1.wav,2.81,0.0
swipe_t0.2,studio_F1.wav,2.82,0.0
swipe_t0.2,studio_F1.wav,2.83,0.0
swipe_t0.2,studio_F1.wav,2.84,0.0
swipe_t0.2,studio_F1.wav,2.85,0.0
swipe_t0.2,studio_F1.wav,2.86,0.0
swipe_t0.3,studio_F1.wav,0.0,0.0
swipe_t0.3,studio_F1.wav,0.01,0.0
swipe_t0.3,studio_F1.wav,0.02,0.0
swipe_t0.3,studio_F1.wav,0.03,0.0
swipe_t0.3,studio_F1.wav,0.04,0.0
swipe_t0.3,studio_F1.wav,0.05,0.0
swipe_t0.3,studio_F1.wav,0.06,0.0
swipe_t0.3,studio_F1.wav,0.07,0.0
swipe_t0.3,studio_F1.wav,0.08,0.0
swipe_t0.3,studio_F1.wav,0.09,0.0
swipe_t0.3,studio_F1.wav,0.1,0.0
swipe_t0.3,studio_F1.wav,0.11,0.0
swipe_t0.3,studio_F1.wav,0.12,0.0
swipe_t0.3,studio_F1.wav,0.13,0.0
swipe_t0.3,studio_F1.wav,0.14,0.0
swipe_t0.3,studio_F1.wav,0.15,0.0
swipe_t0.3,studio_F1.wav,0.16,0.0
swipe_t0.3,studio_F1.wav,0.17,0.0
swipe_t0.3,studio_F1.wav,0.18,0.0
swipe_t0.3,studio_F1.wav,0.19,0.0
swipe_t0.3,studio_F1.wav,0.2,0.0
swipe_t0.3,studio_F1.wav,0.21,0.0
swipe_t0.3,studio_F1.wav,0.22,0.0
swipe_t0.3,studio_F1.wav,0.23,0.0
swipe_t0.3,studio_F1.wav,0.24,0.0
swipe_t0.3,studio_F1.wav,0.25,0.0
swipe_t0.3,studio_F1.wav,0.26,0.0
swipe_t0.3,studio_F1.wav,0.27,0.0
swipe_t0.3,studio_F1.wav,0.28,0.0
swipe_t0.3,studio_F1.wav,0.29,0.0
swipe_t0.3,studio_F1.wav,0.3,0.0
swipe_t0.3,studio_F1.wav,0.31,0.0
swipe_t0.3,studio_F1.wav,0.32,0.0
swipe_t0.3,studio_F1.wav,0.33,0.0
swipe_t0.3,studio_F1.wav,0.34,0.0
swipe_t0.3,studio_F1.wav,0.35,0.0
swipe_t0.3,studio_F1.wav,0.36,0.0
swipe_t0.3,studio_F1.wav,0.37,0.0
swipe_t0.3,studio_F1.wav,0.38,0.0
swipe_t0.3,studio_F1.wav,0.39,0.0
swipe_t0.3,studio_F1.wav,0.4,0.0
swipe_t0.3,studio_F1.wav,0.41,0.0
swipe_t0.3,studio_F1.wav,0.42,0.0
swipe_t0.3,studio_F1.wav,0.43,0.0
swipe_t0.3,studio_F1.wav,0.44,0.0
swipe_t0.3,studio_F1.wav,0.45,0.0
swipe_t0.3,studio_F1.wav,0.46,0.0
swipe_t0.3,studio_F1.wav,0.47,0.0
swipe_t0.3,studio_F1.wav,0.48,0.0
swipe_t0.3,studio_F1.wav,0.49,0.0
swipe_t0.3,studio_F1.wav,0.5,0.0
swipe_t0.3,studio_F1.wav,0.51,0.0
swipe_t0.3,studio_F1.wav,0.52,0.0
swipe_t0.3,studio_F1.wav,0.53,0.0
swipe_t0.3,studio_F1.wav,0.54,0.0
swipe_t0.3,studio_F1.wav,0.55,0.0
swipe_t0.3,studio_F1.wav,0.56,0.0
swipe_t0.3,studio_F1.wav,0.57,0.0
swipe_t0.3,studio_F1.wav,0.58,0.0
swipe_t0.3,studio_F1.wav,0.59,0.0
swipe_t0.3,studio_F1.wav,0.6,0.0
swipe_t0.3,studio_F1.wav,0.61,0.0
swipe_t0.3,studio_F1.wav,0.62,0.0
swipe_t0.3,studio_F1.wav,0.63,0.0
swipe_t0.3,studio_F1.wav,0.64,0.0
swipe_t0.3,studio_F1.wav,0.65,0.0
swipe_t0.3,studio_F1.wav,0.66,0.0
swipe_t0.3,studio_F1.wav,0.67,0.0
swipe_t0.3,studio_F1.wav,0.68,0.0
swipe_t0.3,studio_F1.wav,0.69,0.0
swipe_t0.3,studio_F1.wav,0.7,267.16435324494813
swipe_t0.3,studio_F1.wav,0.71,268.37337064224226
swipe_t0.3,studio_F1.wav,0.72,265.9618332470225
swipe_t0.3,studio_F1.wav,0.73,262.14877916062215
swipe_t0.3,studio_F1.wav,0.74,258.1571627389962
swipe_t0.3,studio_F1.wav,0.75,256.99518455204566
swipe_t0.3,studio_F1.wav,0.76,256.5314536155773
swipe_t0.3,studio_F1.wav,0.77,254.45600301883013
swipe_t0.3,studio_F1.wav,0.78,243.44792890708422
swipe_t0.3,studio_F1.wav,0.79,240.17444056346199
swipe_t0.3,studio_F1.wav,0.8,245.87726237945935
swipe_t0.3,studio_F1.wav,0.81,247.4354530147902
swipe_t0.3,studio_F1.wav,0.82,247.21211170382054
swipe_t0.3,studio_F1.wav,0.83,246.54427068273912
swipe_t0.3,studio_F1.wav,0.84,245.87726237945935
swipe_t0.3,studio_F1.wav,0.85,245.43359300355934
swipe_t0.3,studio_F1.wav,0.86,244.5496207226611
swipe_t0.3,studio_F1.wav,0.87,243.44792890708422
swipe_t0.3,studio_F1.wav,0.88,241.26131863495507
swipe_t0.3,studio_F1.wav,0.89,239.30941004567478
swipe_t0.3,studio_F1.wav,0.9,234.8158392495032
swipe_t0.3,studio_F1.wav,0.91,229.99180033988003
swipe_t0.3,studio_F1.wav,0.92,226.69444310851375
swipe_t0.3,studio_F1.wav,0.93,225.87796317400588
swipe_t0.3,studio_F1.wav,0.94,232.706761022933
swipe_t0.3,studio_F1.wav,0.95,240.3914237607947
swipe_t0.3,studio_F1.wav,0.96,248.10668832988
swipe_t0.3,studio_F1.wav,0.97,251.94290469105073
swipe_t0.3,studio_F1.wav,0.98,251.48829026186377
swipe_t0.3,studio_F1.wav,0.99,248.5551898500704
swipe_t0.3,studio_F1.wav,1.0,243.8880088055224
swipe_t0.3,studio_F1.wav,1.01,262.38561485448554
swipe_t0.3,studio_F1.wav,1.02,276.23733618736236
swipe_t0.3,studio_F1.wav,1.03,283.0519430290209
swipe_t0.3,studio_F1.wav,1.04,288.7280609301567
swipe_t0.3,studio_F1.wav,1.05,291.34487388406853
swipe_t0.3,studio_F1.wav,1.06,292.9277208183823
swipe_t0.3,studio_F1.wav,1.07,290.8203101995833
swipe_t0.3,studio_F1.wav,1.08,285.35950674602503
swipe_t0.3,studio_F1.wav,1.09,0.0
swipe_t0.3,studio_F1.wav,1.1,0.0
swipe_t0.3,studio_F1.wav,1.11,0.0
swipe_t0.3,studio_F1.wav,1.12,0.0
swipe_t0.3,studio_F1.wav,1.13,0.0
swipe_t0.3,studio_F1.wav,1.14,273.75513512330923
swipe_t0.3,studio_F1.wav,1.15,255.60751043648915
swipe_t0.3,studio_F1.wav,1.16,247.4354530147902
swipe_t0.3,studio_F1.wav,1.17,245.65532752958893
swipe_t0.3,studio_F1.wav,1.18,245.21205862055362
swipe_t0.3,studio_F1.wav,1.19,244.9907241999174
swipe_t0.3,studio_F1.wav,1.2,244.1083469889592
swipe_t0.3,studio_F1.wav,1.21,243.8880088055224
swipe_t0.3,studio_F1.wav,1.22,0.0
swipe_t0.3,studio_F1.wav,1.23,0.0
swipe_t0.3,studio_F1.wav,1.24,0.0
swipe_t0.3,studio_F1.wav,1.25,0.0
swipe_t0.3,studio_F1.wav,1.26,0.0
swipe_t0.3,studio_F1.wav,1.27,314.0084379109676
swipe_t0.3,studio_F1.wav,1.28,316.56962331085646
swipe_t0.3,studio_F1.wav,1.29,318.8636246661837
swipe_t0.3,studio_F1.wav,1.3,318.8636246661837
swipe_t0.3,studio_F1.wav,1.31,310.06604082111835
swipe_t0.3,studio_F1.wav,1.32,297.4569583121728
swipe_t0.3,studio_F1.wav,1.33,285.103060676209
swipe_t0.3,studio_F1.wav,1.34,268.13113025308894
swipe_t0.3,studio_F1.wav,1.35,250.80790625895102
swipe_t0.3,studio_F1.wav,1.36,234.8158392495032
swipe_t0.3,studio_F1.wav,1.37,220.4398464214646
swipe_t0.3,studio_F1.wav,1.38,212.81566176778236
swipe_t0.3,studio_F1.wav,1.39,203.9770623424163
swipe_t0.3,studio_F1.wav,1.4,200.87119935008025
swipe_t0.3,studio_F1.wav,1.41,196.2122380180184
swipe_t0.3,studio_F1.wav,1.42,194.44912289132796
swipe_t0.3,studio_F1.wav,1.43,197.81262787580224
swipe_t0.3,studio_F1.wav,1.44,201.23431345586047
swipe_t0.3,studio_F1.wav,1.45,203.60899912635657
swipe_t0.3,studio_F1.wav,1.46,206.19782673062153
swipe_t0.3,studio_F1.wav,1.47,210.14374679884256
swipe_t0.3,studio_F1.wav,1.48,215.52154933742995
swipe_t0.3,studio_F1.wav,1.49,217.47573302370424
swipe_t0.3,studio_F1.wav,1.5,216.88736761863115
swipe_t0.3,studio_F1.wav,1.51,215.9111468253588
swipe_t0.3,studio_F1.wav,1.52,213.00792794991432
swipe_t0.3,studio_F1.wav,1.53,209.954065896893
swipe_t0.3,studio_F1.wav,1.54,208.06747006967962
swipe_t0.3,studio_F1.wav,1.55,204.8993243586999
swipe_t0.3,studio_F1.wav,1.56,200.68988807696934
swipe_t0.3,studio_F1.wav,1.57,199.78657294206144
swipe_t0.3,studio_F1.wav,1.58,198.7070180142625
swipe_t0.3,studio_F1.wav,1.59,197.100170881982
swipe_t0.3,studio_F1.wav,1.6,195.32907700799345
swipe_t0.3,studio_F1.wav,1.61,193.92382055122386
swipe_t0.3,studio_F1.wav,1.62,190.62643886211416
swipe_t0.3,studio_F1.wav,1.63,187.3858645173009
swipe_t0.3,studio_F1.wav,1.64,183.03967900247477
swipe_t0.3,studio_F1.wav,1.65,181.88701187154993
swipe_t0.3,studio_F1.wav,1.66,0.0
swipe_t0.3,studio_F1.wav,1.67,0.0
swipe_t0.3,studio_F1.wav,1.68,0.0
swipe_t0.3,studio_F1.wav,1.69,0.0
swipe_t0.3,studio_F1.wav,1.7,0.0
swipe_t0.3,studio_F1.wav,1.71,239.5256117398336
swipe_t0.3,studio_F1.wav,1.72,235.02798127204792
swipe_t0.3,studio_F1.wav,1.73,228.74993400422045
swipe_t0.3,studio_F1.wav,1.74,223.64622815589098
swipe_t0.3,studio_F1.wav,1.75,0.0
swipe_t0.3,studio_F1.wav,1.76,0.0
swipe_t0.3,studio_F1.wav,1.77,0.0
swipe_t0.3,studio_F1.wav,1.78,0.0
swipe_t0.3,studio_F1.wav,1.79,0.0
swipe_t0.3,studio_F1.wav,1.8,0.0
swipe_t0.3,studio_F1.wav,1.81,187.2167254382864
swipe_t0.3,studio_F1.wav,1.82,190.62643886211416
swipe_t0.3,studio_F1.wav,1.83,192.0078010551678
swipe_t0.3,studio_F1.wav,1.84,191.66133558521074
swipe_t0.3,studio_F1.wav,1.85,189.76841981099136
swipe_t0.3,studio_F1.wav,1.86,0.0
swipe_t0.3,studio_F1.wav,1.87,0.0
swipe_t0.3,studio_F1.wav,1.88,0.0
swipe_t0.3,studio_F1.wav,1.89,0.0
swipe_t0.3,studio_F1.wav,1.9,0.0
swipe_t0.3,studio_F1.wav,1.91,0.0
swipe_t0.3,studio_F1.wav,1.92,0.0
swipe_t0.3,studio_F1.wav,1.93,221.03784888217993
swipe_t0.3,studio_F1.wav,1.94,213.39298157398724
swipe_t0.3,studio_F1.wav,1.95,209.19705285076444
swipe_t0.3,studio_F1.wav,1.96,207.50537790231996
swipe_t0.3,studio_F1.wav,1.97,205.8265694976362
swipe_t0.3,studio_F1.wav,1.98,203.79294764116307
swipe_t0.3,studio_F1.wav,1.99,201.77941851550275
swipe_t0.3,studio_F1.wav,2.0,199.60624067935876
swipe_t0.3,studio_F1.wav,2.01,198.17021301352014
swipe_t0.3,studio_F1.wav,2.02,196.74451656503257
swipe_t0.3,studio_F1.wav,2.03,194.9766185136513
swipe_t0.3,studio_F1.wav,2.04,193.3991732002502
swipe_t0.3,studio_F1.wav,2.05,191.83449010283036
swipe_t0.3,studio_F1.wav,2.06,190.45437476118528
swipe_t0.3,studio_F1.wav,2.07,189.25501460646677
swipe_t0.3,studio_F1.wav,2.08,187.89345679169807
swipe_t0.3,studio_F1.wav,2.09,186.54169443564854
swipe_t0.3,studio_F1.wav,2.1,185.1996570668255
swipe_t0.3,studio_F1.wav,2.11,182.70939591992357
swipe_t0.3,studio_F1.wav,2.12,181.23119775182835
swipe_t0.3,studio_F1.wav,2.13,175.43772720902183
swipe_t0.3,studio_F1.wav,2.14,171.21398253753202
swipe_t0.3,studio_F1.wav,2.15,166.94176478129066
swipe_t0.3,studio_F1.wav,2.16,164.99407608609204
swipe_t0.3,studio_F1.wav,2.17,0.0
swipe_t0.3,studio_F1.wav,2.18,0.0
swipe_t0.3,studio_F1.wav,2.19,0.0
swipe_t0.3,studio_F1.wav,2.2,0.0
swipe_t0.3,studio_F1.wav,2.21,0.0
swipe_t0.3,studio_F1.wav,2.22,0.0
swipe_t0.3,studio_F1.wav,2.23,0.0
swipe_t0.3,studio_F1.wav,2.24,0.0
swipe_t0.3,studio_F1.wav,2.25,0.0
swipe_t0.3,studio_F1.wav,2.26,0.0
swipe_t0.3,studio_F1.wav,2.27,0.0
swipe_t0.3,studio_F1.wav,2.28,0.0
swipe_t0.3,studio_F1.wav,2.29,0.0
swipe_t0.3,studio_F1.wav,2.3,0.0
swipe_t0.3,studio_F1.wav,2.31,0.0
swipe_t0.3,studio_F1.wav,2.32,0.0
swipe_t0.3,studio_F1.wav,2.33,0.0
swipe_t0.3,studio_F1.wav,2.34,0.0
swipe_t0.3,studio_F1.wav,2.35,0.0
swipe_t0.3,studio_F1.wav,2.36,0.0
swipe_t0.3,studio_F1.wav,2.37,0.0
swipe_t0.3,studio_F1.wav,2.38,0.0
swipe_t0.3,studio_F1.wav,2.39,0.0
swipe_t0.3,studio_F1.wav,2.4,0.0
swipe_t0.3,studio_F1.wav,2.41,0.0
swipe_t0.3,studio_F1.wav,2.42,0.0
swipe_t0.3,studio_F1.wav,2.43,0.0
swipe_t0.3,studio_F1.wav,2.44,0.0
swipe_t0.3,studio_F1.wav,2.45,0.0
swipe_t0.3,studio_F1.wav,2.46,0.0
swipe_t0.3,studio_F1.wav,2.47,0.0
swipe_t0.3,studio_F1.wav,2.48,0.0
swipe_t0.3,studio_F1.wav,2.49,0.0
swipe_t0.3,studio_F1.wav,2.5,0.0
swipe_t0.3,studio_F1.wav,2.51,0.0
swipe_t0.3,studio_F1.wav,2.52,0.0
swipe_t0.3,studio_F1.wav,2.53,0.0
swipe_t0.3,studio_F1.wav,2.54,0.0
swipe_t0.3,studio_F1.wav,2.55,0.0
swipe_t0.3,studio_F1.wav,2.56,0.0
swipe_t0.3,studio_F1.wav,2.57,0.0
swipe_t0.3,studio_F1.wav,2.58,0.0
swipe_t0.3,studio_F1.wav,2.59,0.0
swipe_t0.3,studio_F1.wav,2.6,0.0
swipe_t0.3,studio_F1.wav,2.61,0.0
swipe_t0.3,studio_F1.wav,2.62,0.0
swipe_t0.3,studio_F1.wav,2.63,0.0
swipe_t0.3,studio_F1.wav,2.64,0.0
swipe_t0.3,studio_F1.wav,2.65,0.0
swipe_t0.3,studio_F1.wav,2.66,0.0
swipe_t0.3,studio_F1.wav,2.67,0.0
swipe_t0.3,studio_F1.wav,2.68,0.0
swipe_t0.3,studio_F1.wav,2.69,0.0
swipe_t0.3,studio_F1.wav,2.7,0.0
swipe_t0.3,studio_F1.wav,2.71,0.0
swipe_t0.3,studio_F1.wav,2.72,0.0
swipe_t0.3,studio_F1.wav,2.73,0.0
swipe_t0.3,studio_F1.wav,2.74,0.0
swipe_t0.3,studio_F1.wav,2.75,0.0
swipe_t0.3,studio_F1.wav,2.76,0.0
swipe_t0.3,studio_F1.wav,2.77,0.0
swipe_t0.3,studio_F1.wav,2.78,0.0
swipe_t0.3,studio_F1.wav,2.79,0.0
swipe_t0.3,studio_F1.wav,2.8,0.0
swipe_t0.3,studio_F1.wav,2.81,0.0
swipe_t0.3,studio_F1.wav,2.82,0.0
swipe_t0.3,studio_F1.wav,2.83,0.0
swipe_t0.3,studio_F1.wav,2.84,0.0
swipe_t0.3,studio_F1.wav,2.85,0.0
swipe_t0.3,studio_F1.wav,2.86,0.0
praat7_filtered_v0.3,studio_M1.wav,0.025079365079365,0.0
praat7_filtered_v0.3,studio_M1.wav,0.035079365079365,0.0
praat7_filtered_v0.3,studio_M1.wav,0.045079365079365,0.0
praat7_filtered_v0.3,studio_M1.wav,0.055079365079365,0.0
praat7_filtered_v0.3,studio_M1.wav,0.065079365079365,0.0
praat7_filtered_v0.3,studio_M1.wav,0.075079365079365,0.0
praat7_filtered_v0.3,studio_M1.wav,0.085079365079365,0.0
praat7_filtered_v0.3,studio_M1.wav,0.095079365079365,0.0
praat7_filtered_v0.3,studio_M1.wav,0.105079365079365,0.0
praat7_filtered_v0.3,studio_M1.wav,0.115079365079365,0.0
praat7_filtered_v0.3,studio_M1.wav,0.125079365079365,0.0
praat7_filtered_v0.3,studio_M1.wav,0.135079365079365,0.0
praat7_filtered_v0.3,studio_M1.wav,0.145079365079365,0.0
praat7_filtered_v0.3,studio_M1.wav,0.155079365079365,0.0
praat7_filtered_v0.3,studio_M1.wav,0.165079365079365,0.0
praat7_filtered_v0.3,studio_M1.wav,0.175079365079365,0.0
praat7_filtered_v0.3,studio_M1.wav,0.185079365079365,0.0
praat7_filtered_v0.3,studio_M1.wav,0.195079365079365,0.0
praat7_filtered_v0.3,studio_M1.wav,0.205079365079365,0.0
praat7_filtered_v0.3,studio_M1.wav,0.215079365079365,0.0
praat7_filtered_v0.3,studio_M1.wav,0.225079365079365,0.0
praat7_filtered_v0.3,studio_M1.wav,0.235079365079365,0.0
praat7_filtered_v0.3,studio_M1.wav,0.245079365079365,0.0
praat7_filtered_v0.3,studio_M1.wav,0.255079365079365,0.0
praat7_filtered_v0.3,studio_M1.wav,0.265079365079365,0.0
praat7_filtered_v0.3,studio_M1.wav,0.275079365079365,0.0
praat7_filtered_v0.3,studio_M1.wav,0.285079365079365,0.0
praat7_filtered_v0.3,studio_M1.wav,0.295079365079365,0.0
praat7_filtered_v0.3,studio_M1.wav,0.305079365079365,0.0
praat7_filtered_v0.3,studio_M1.wav,0.315079365079365,0.0
praat7_filtered_v0.3,studio_M1.wav,0.325079365079365,0.0
praat7_filtered_v0.3,studio_M1.wav,0.335079365079365,0.0
praat7_filtered_v0.3,studio_M1.wav,0.345079365079365,0.0
praat7_filtered_v0.3,studio_M1.wav,0.355079365079365,0.0
praat7_filtered_v0.3,studio_M1.wav,0.365079365079365,0.0
praat7_filtered_v0.3,studio_M1.wav,0.375079365079365,0.0
praat7_filtered_v0.3,studio_M1.wav,0.385079365079365,0.0
praat7_filtered_v0.3,studio_M1.wav,0.395079365079365,0.0
praat7_filtered_v0.3,studio_M1.wav,0.405079365079365,0.0
praat7_filtered_v0.3,studio_M1.wav,0.415079365079365,0.0
praat7_filtered_v0.3,studio_M1.wav,0.425079365079365,0.0
praat7_filtered_v0.3,studio_M1.wav,0.435079365079365,0.0
praat7_filtered_v0.3,studio_M1.wav,0.445079365079365,0.0
praat7_filtered_v0.3,studio_M1.wav,0.455079365079365,0.0
praat7_filtered_v0.3,studio_M1.wav,0.465079365079365,0.0
praat7_filtered_v0.3,studio_M1.wav,0.475079365079365,0.0
praat7_filtered_v0.3,studio_M1.wav,0.485079365079365,0.0
praat7_filtered_v0.3,studio_M1.wav,0.495079365079365,0.0
praat7_filtered_v0.3,studio_M1.wav,0.505079365079365,0.0
praat7_filtered_v0.3,studio_M1.wav,0.515079365079365,0.0
praat7_filtered_v0.3,studio_M1.wav,0.525079365079365,0.0
praat7_filtered_v0.3,studio_M1.wav,0.535079365079365,0.0
praat7_filtered_v0.3,studio_M1.wav,0.545079365079365,0.0
praat7_filtered_v0.3,studio_M1.wav,0.555079365079365,0.0
praat7_filtered_v0.3,studio_M1.wav,0.565079365079365,0.0
praat7_filtered_v0.3,studio_M1.wav,0.575079365079365,0.0
praat7_filtered_v0.3,studio_M1.wav,0.585079365079365,0.0
praat7_filtered_v0.3,studio_M1.wav,0.595079365079365,0.0
praat7_filtered_v0.3,studio_M1.wav,0.605079365079365,0.0
praat7_filtered_v0.3,studio_M1.wav,0.615079365079365,0.0
praat7_filtered_v0.3,studio_M1.wav,0.625079365079365,0.0
praat7_filtered_v0.3,studio_M1.wav,0.635079365079365,0.0
praat7_filtered_v0.3,studio_M1.wav,0.645079365079365,0.0
praat7_filtered_v0.3,studio_M1.wav,0.655079365079365,0.0
praat7_filtered_v0.3,studio_M1.wav,0.665079365079365,0.0
praat7_filtered_v0.3,studio_M1.wav,0.675079365079365,0.0
praat7_filtered_v0.3,studio_M1.wav,0.685079365079365,0.0
praat7_filtered_v0.3,studio_M1.wav,0.695079365079365,0.0
praat7_filtered_v0.3,studio_M1.wav,0.705079365079365,0.0
praat7_filtered_v0.3,studio_M1.wav,0.715079365079365,0.0
praat7_filtered_v0.3,studio_M1.wav,0.725079365079365,0.0
praat7_filtered_v0.3,studio_M1.wav,0.735079365079365,0.0
praat7_filtered_v0.3,studio_M1.wav,0.745079365079365,0.0
praat7_filtered_v0.3,studio_M1.wav,0.755079365079365,0.0
praat7_filtered_v0.3,studio_M1.wav,0.765079365079365,0.0
praat7_filtered_v0.3,studio_M1.wav,0.775079365079365,0.0
praat7_filtered_v0.3,studio_M1.wav,0.785079365079365,0.0
praat7_filtered_v0.3,studio_M1.wav,0.795079365079365,0.0
praat7_filtered_v0.3,studio_M1.wav,0.805079365079365,0.0
praat7_filtered_v0.3,studio_M1.wav,0.815079365079365,0.0
praat7_filtered_v0.3,studio_M1.wav,0.825079365079365,0.0
praat7_filtered_v0.3,studio_M1.wav,0.835079365079365,0.0
praat7_filtered_v0.3,studio_M1.wav,0.845079365079365,0.0
praat7_filtered_v0.3,studio_M1.wav,0.855079365079365,0.0
praat7_filtered_v0.3,studio_M1.wav,0.865079365079365,0.0
praat7_filtered_v0.3,studio_M1.wav,0.875079365079365,0.0
praat7_filtered_v0.3,studio_M1.wav,0.885079365079365,0.0
praat7_filtered_v0.3,studio_M1.wav,0.895079365079365,0.0
praat7_filtered_v0.3,studio_M1.wav,0.905079365079365,0.0
praat7_filtered_v0.3,studio_M1.wav,0.915079365079365,0.0
praat7_filtered_v0.3,studio_M1.wav,0.925079365079365,153.7397190440944
praat7_filtered_v0.3,studio_M1.wav,0.935079365079365,140.99228560384873
praat7_filtered_v0.3,studio_M1.wav,0.945079365079365,138.34598524270967
praat7_filtered_v0.3,studio_M1.wav,0.955079365079365,135.33726354543603
praat7_filtered_v0.3,studio_M1.wav,0.965079365079365,133.42777124949885
praat7_filtered_v0.3,studio_M1.wav,0.975079365079365,132.85707754795953
praat7_filtered_v0.3,studio_M1.wav,0.985079365079365,131.8848710900044
praat7_filtered_v0.3,studio_M1.wav,0.995079365079365,127.83841380747629
praat7_filtered_v0.3,studio_M1.wav,1.005079365079365,123.73198702070793
praat7_filtered_v0.3,studio_M1.wav,1.015079365079365,121.22228418444496
praat7_filtered_v0.3,studio_M1.wav,1.025079365079365,119.81498337295372
praat7_filtered_v0.3,studio_M1.wav,1.035079365079365,118.93667991862785
praat7_filtered_v0.3,studio_M1.wav,1.045079365079365,118.48774715707792
praat7_filtered_v0.3,studio_M1.wav,1.055079365079365,118.48447716577068
praat7_filtered_v0.3,studio_M1.wav,1.065079365079365,117.38873584167033
praat7_filtered_v0.3,studio_M1.wav,1.075079365079365,115.68223451865332
praat7_filtered_v0.3,studio_M1.wav,1.085079365079365,117.04413296152784
praat7_filtered_v0.3,studio_M1.wav,1.095079365079365,126.10102279105092
praat7_filtered_v0.3,studio_M1.wav,1.105079365079365,130.65244919101653
praat7_filtered_v0.3,studio_M1.wav,1.115079365079365,132.74121558878502
praat7_filtered_v0.3,studio_M1.wav,1.125079365079365,135.35653486719156
praat7_filtered_v0.3,studio_M1.wav,1.135079365079365,136.2610538197067
praat7_filtered_v0.3,studio_M1.wav,1.145079365079365,139.22904309635635
praat7_filtered_v0.3,studio_M1.wav,1.155079365079365,140.23622896135063
praat7_filtered_v0.3,studio_M1.wav,1.165079365079365,134.41780382771864
praat7_filtered_v0.3,studio_M1.wav,1.175079365079365,142.08245746002424
praat7_filtered_v0.3,studio_M1.wav,1.185079365079365,0.0
praat7_filtered_v0.3,studio_M1.wav,1.195079365079365,0.0
praat7_filtered_v0.3,studio_M1.wav,1.205079365079365,165.6856068399136
praat7_filtered_v0.3,studio_M1.wav,1.215079365079365,164.6782677792912
praat7_filtered_v0.3,studio_M1.wav,1.225079365079365,170.6028851667022
praat7_filtered_v0.3,studio_M1.wav,1.235079365079365,174.05590908990618
praat7_filtered_v0.3,studio_M1.wav,1.245079365079365,174.75109435643918
praat7_filtered_v0.3,studio_M1.wav,1.255079365079365,173.77754969996147
praat7_filtered_v0.3,studio_M1.wav,1.265079365079365,171.84497639012298
praat7_filtered_v0.3,studio_M1.wav,1.275079365079365,0.0
praat7_filtered_v0.3,studio_M1.wav,1.285079365079365,0.0
praat7_filtered_v0.3,studio_M1.wav,1.295079365079365,0.0
praat7_filtered_v0.3,studio_M1.wav,1.305079365079365,0.0
praat7_filtered_v0.3,studio_M1.wav,1.315079365079365,0.0
praat7_filtered_v0.3,studio_M1.wav,1.325079365079365,170.40478146397152
praat7_filtered_v0.3,studio_M1.wav,1.335079365079365,158.82682011023843
praat7_filtered_v0.3,studio_M1.wav,1.345079365079365,145.24230143590069
praat7_filtered_v0.3,studio_M1.wav,1.355079365079365,134.96995912999708
praat7_filtered_v0.3,studio_M1.wav,1.365079365079365,123.90378968806128
praat7_filtered_v0.3,studio_M1.wav,1.375079365079365,116.28241233977874
praat7_filtered_v0.3,studio_M1.wav,1.385079365079365,109.58454522986344
praat7_filtered_v0.3,studio_M1.wav,1.395079365079365,104.3531428915982
praat7_filtered_v0.3,studio_M1.wav,1.405079365079365,101.65690566840384
praat7_filtered_v0.3,studio_M1.wav,1.415079365079365,100.09060217809989
praat7_filtered_v0.3,studio_M1.wav,1.425079365079365,99.45138695307377
praat7_filtered_v0.3,studio_M1.wav,1.435079365079365,95.03493169116759
praat7_filtered_v0.3,studio_M1.wav,1.445079365079365,92.22350336637545
praat7_filtered_v0.3,studio_M1.wav,1.455079365079365,93.61223672253406
praat7_filtered_v0.3,studio_M1.wav,1.465079365079365,93.85344948286938
praat7_filtered_v0.3,studio_M1.wav,1.475079365079365,94.95491765733568
praat7_filtered_v0.3,studio_M1.wav,1.485079365079365,96.38696936359821
praat7_filtered_v0.3,studio_M1.wav,1.495079365079365,98.63973809468943
praat7_filtered_v0.3,studio_M1.wav,1.505079365079365,97.96434946092737
praat7_filtered_v0.3,studio_M1.wav,1.515079365079365,96.3549129343733
praat7_filtered_v0.3,studio_M1.wav,1.525079365079365,95.4337883725896
praat7_filtered_v0.3,studio_M1.wav,1.535079365079365,94.81763881788096
praat7_filtered_v0.3,studio_M1.wav,1.545079365079365,92.63101727681745
praat7_filtered_v0.3,studio_M1.wav,1.555079365079365,89.89579097464804
praat7_filtered_v0.3,studio_M1.wav,1.565079365079365,91.81588925518146
praat7_filtered_v0.3,studio_M1.wav,1.575079365079365,92.58507576635574
praat7_filtered_v0.3,studio_M1.wav,1.585079365079365,0.0
praat7_filtered_v0.3,studio_M1.wav,1.595079365079365,0.0
praat7_filtered_v0.3,studio_M1.wav,1.605079365079365,0.0
praat7_filtered_v0.3,studio_M1.wav,1.615079365079365,0.0
praat7_filtered_v0.3,studio_M1.wav,1.625079365079365,0.0
praat7_filtered_v0.3,studio_M1.wav,1.635079365079365,0.0
praat7_filtered_v0.3,studio_M1.wav,1.645079365079365,0.0
praat7_filtered_v0.3,studio_M1.wav,1.655079365079365,0.0
praat7_filtered_v0.3,studio_M1.wav,1.665079365079365,118.88222277756208
praat7_filtered_v0.3,studio_M1.wav,1.675079365079365,107.9845924636583
praat7_filtered_v0.3,studio_M1.wav,1.685079365079365,94.33162371223011
praat7_filtered_v0.3,studio_M1.wav,1.695079365079365,92.58395497686345
praat7_filtered_v0.3,studio_M1.wav,1.705079365079365,0.0
praat7_filtered_v0.3,studio_M1.wav,1.715079365079365,0.0
praat7_filtered_v0.3,studio_M1.wav,1.725079365079365,0.0
praat7_filtered_v0.3,studio_M1.wav,1.735079365079365,0.0
praat7_filtered_v0.3,studio_M1.wav,1.745079365079365,0.0
praat7_filtered_v0.3,studio_M1.wav,1.755079365079365,0.0
praat7_filtered_v0.3,studio_M1.wav,1.765079365079365,0.0
praat7_filtered_v0.3,studio_M1.wav,1.775079365079365,0.0
praat7_filtered_v0.3,studio_M1.wav,1.785079365079365,0.0
praat7_filtered_v0.3,studio_M1.wav,1.795079365079365,0.0
praat7_filtered_v0.3,studio_M1.wav,1.805079365079365,0.0
praat7_filtered_v0.3,studio_M1.wav,1.815079365079365,0.0
praat7_filtered_v0.3,studio_M1.wav,1.825079365079365,0.0
praat7_filtered_v0.3,studio_M1.wav,1.835079365079365,112.53842750509781
praat7_filtered_v0.3,studio_M1.wav,1.845079365079365,105.52424392118894
praat7_filtered_v0.3,studio_M1.wav,1.855079365079365,103.8241898574414
praat7_filtered_v0.3,studio_M1.wav,1.865079365079365,102.2601509581586
praat7_filtered_v0.3,studio_M1.wav,1.875079365079365,101.10826787274118
praat7_filtered_v0.3,studio_M1.wav,1.885079365079365,100.32166163880125
praat7_filtered_v0.3,studio_M1.wav,1.895079365079365,99.48185684123713
praat7_filtered_v0.3,studio_M1.wav,1.905079365079365,98.96304389882312
praat7_filtered_v0.3,studio_M1.wav,1.915079365079365,98.12775720590824
praat7_filtered_v0.3,studio_M1.wav,1.925079365079365,97.67940701198052
praat7_filtered_v0.3,studio_M1.wav,1.935079365079365,96.71851553583414
praat7_filtered_v0.3,studio_M1.wav,1.945079365079365,95.17691231707698
praat7_filtered_v0.3,studio_M1.wav,1.955079365079365,94.19748387230733
praat7_filtered_v0.3,studio_M1.wav,1.965079365079365,93.42402590629837
praat7_filtered_v0.3,studio_M1.wav,1.975079365079365,92.95722730734637
praat7_filtered_v0.3,studio_M1.wav,1.985079365079365,92.45947143722236
praat7_filtered_v0.3,studio_M1.wav,1.995079365079365,91.4839478310013
praat7_filtered_v0.3,studio_M1.wav,2.005079365079365,90.62697041987218
praat7_filtered_v0.3,studio_M1.wav,2.015079365079365,89.55540446298771
praat7_filtered_v0.3,studio_M1.wav,2.025079365079365,88.94356189932952
praat7_filtered_v0.3,studio_M1.wav,2.035079365079365,87.57981882517002
praat7_filtered_v0.3,studio_M1.wav,2.045079365079365,90.16164138159368
praat7_filtered_v0.3,studio_M1.wav,2.055079365079366,0.0
praat7_filtered_v0.3,studio_M1.wav,2.065079365079365,0.0
praat7_filtered_v0.3,studio_M1.wav,2.075079365079365,0.0
praat7_filtered_v0.3,studio_M1.wav,2.085079365079365,0.0
praat7_filtered_v0.3,studio_M1.wav,2.095079365079365,0.0
praat7_filtered_v0.3,studio_M1.wav,2.105079365079365,0.0
praat7_filtered_v0.3,studio_M1.wav,2.115079365079365,0.0
praat7_filtered_v0.3,studio_M1.wav,2.125079365079365,0.0
praat7_filtered_v0.3,studio_M1.wav,2.135079365079365,0.0
praat7_filtered_v0.3,studio_M1.wav,2.145079365079365,0.0
praat7_filtered_v0.3,studio_M1.wav,2.155079365079365,0.0
praat7_filtered_v0.3,studio_M1.wav,2.165079365079365,0.0
praat7_filtered_v0.3,studio_M1.wav,2.175079365079365,0.0
praat7_filtered_v0.3,studio_M1.wav,2.185079365079365,0.0
praat7_filtered_v0.3,studio_M1.wav,2.195079365079365,0.0
praat7_filtered_v0.3,studio_M1.wav,2.205079365079365,0.0
praat7_filtered_v0.3,studio_M1.wav,2.215079365079365,0.0
praat7_filtered_v0.3,studio_M1.wav,2.225079365079365,0.0
praat7_filtered_v0.3,studio_M1.wav,2.235079365079365,0.0
praat7_filtered_v0.3,studio_M1.wav,2.245079365079365,0.0
praat7_filtered_v0.3,studio_M1.wav,2.255079365079365,0.0
praat7_filtered_v0.3,studio_M1.wav,2.265079365079365,0.0
praat7_filtered_v0.3,studio_M1.wav,2.275079365079365,0.0
praat7_filtered_v0.3,studio_M1.wav,2.285079365079365,0.0
praat7_filtered_v0.3,studio_M1.wav,2.295079365079365,0.0
praat7_filtered_v0.3,studio_M1.wav,2.305079365079366,0.0
praat7_filtered_v0.3,studio_M1.wav,2.315079365079365,0.0
praat7_filtered_v0.3,studio_M1.wav,2.325079365079366,0.0
praat7_filtered_v0.3,studio_M1.wav,2.335079365079365,0.0
praat7_filtered_v0.3,studio_M1.wav,2.345079365079365,0.0
praat7_filtered_v0.3,studio_M1.wav,2.355079365079365,0.0
praat7_filtered_v0.3,studio_M1.wav,2.365079365079365,0.0
praat7_filtered_v0.3,studio_M1.wav,2.375079365079365,0.0
praat7_filtered_v0.3,studio_M1.wav,2.385079365079365,0.0
praat7_filtered_v0.3,studio_M1.wav,2.395079365079365,0.0
praat7_filtered_v0.3,studio_M1.wav,2.405079365079365,0.0
praat7_filtered_v0.3,studio_M1.wav,2.415079365079365,0.0
praat7_filtered_v0.3,studio_M1.wav,2.425079365079365,0.0
praat7_filtered_v0.3,studio_M1.wav,2.435079365079365,0.0
praat7_filtered_v0.3,studio_M1.wav,2.445079365079365,0.0
praat7_filtered_v0.3,studio_M1.wav,2.455079365079365,0.0
praat7_filtered_v0.3,studio_M1.wav,2.465079365079365,0.0
praat7_filtered_v0.3,studio_M1.wav,2.475079365079365,0.0
praat7_filtered_v0.3,studio_M1.wav,2.485079365079365,0.0
praat7_filtered_v0.3,studio_M1.wav,2.495079365079365,0.0
praat7_filtered_v0.3,studio_M1.wav,2.505079365079365,0.0
praat7_filtered_v0.3,studio_M1.wav,2.515079365079365,0.0
praat7_filtered_v0.3,studio_M1.wav,2.525079365079365,0.0
praat7_filtered_v0.3,studio_M1.wav,2.535079365079365,0.0
praat7_filtered_v0.3,studio_M1.wav,2.545079365079365,0.0
praat7_filtered_v0.3,studio_M1.wav,2.555079365079366,0.0
praat7_filtered_v0.3,studio_M1.wav,2.565079365079365,0.0
praat7_filtered_v0.3,studio_M1.wav,2.575079365079366,0.0
praat7_filtered_v0.3,studio_M1.wav,2.585079365079365,0.0
praat7_filtered_v0.3,studio_M1.wav,2.595079365079365,0.0
praat7_filtered_v0.3,studio_M1.wav,2.605079365079365,0.0
praat7_filtered_v0.3,studio_M1.wav,2.615079365079365,0.0
praat7_filtered_v0.3,studio_M1.wav,2.625079365079365,0.0
praat7_filtered_v0.3,studio_M1.wav,2.635079365079365,0.0
praat7_filtered_v0.3,studio_M1.wav,2.645079365079365,0.0
praat7_filtered_v0.3,studio_M1.wav,2.655079365079365,0.0
praat7_filtered_v0.3,studio_M1.wav,2.665079365079365,0.0
praat7_filtered_v0.3,studio_M1.wav,2.675079365079365,0.0
praat7_filtered_v0.3,studio_M1.wav,2.685079365079365,0.0
praat7_filtered_v0.3,studio_M1.wav,2.695079365079365,0.0
praat7_filtered_v0.3,studio_M1.wav,2.705079365079365,0.0
swipe_t0.2,studio_M1.wav,0.0,0.0
swipe_t0.2,studio_M1.wav,0.01,0.0
swipe_t0.2,studio_M1.wav,0.02,0.0
swipe_t0.2,studio_M1.wav,0.03,89.96348330553474
swipe_t0.2,studio_M1.wav,0.04,89.72044786468712
swipe_t0.2,studio_M1.wav,0.05,87.40238949106973
swipe_t0.2,studio_M1.wav,0.06,86.93045055670444
swipe_t0.2,studio_M1.wav,0.07,86.61735523948362
swipe_t0.2,studio_M1.wav,0.08,86.30504660350965
swipe_t0.2,studio_M1.wav,0.09,85.8390328942554
swipe_t0.2,studio_M1.wav,0.1,84.608371820995
swipe_t0.2,studio_M1.wav,0.11,80.9481114363707
swipe_t0.2,studio_M1.wav,0.12,80.87504568484468
swipe_t0.2,studio_M1.wav,0.13,0.0
swipe_t0.2,studio_M1.wav,0.14,0.0
swipe_t0.2,studio_M1.wav,0.15,0.0
swipe_t0.2,studio_M1.wav,0.16,0.0
swipe_t0.2,studio_M1.wav,0.17,0.0
swipe_t0.2,studio_M1.wav,0.18,0.0
swipe_t0.2,studio_M1.wav,0.19,0.0
swipe_t0.2,studio_M1.wav,0.2,0.0
swipe_t0.2,studio_M1.wav,0.21,0.0
swipe_t0.2,studio_M1.wav,0.22,0.0
swipe_t0.2,studio_M1.wav,0.23,0.0
swipe_t0.2,studio_M1.wav,0.24,0.0
swipe_t0.2,studio_M1.wav,0.25,0.0
swipe_t0.2,studio_M1.wav,0.26,137.00092435360858
swipe_t0.2,studio_M1.wav,0.27,140.63386365592038
swipe_t0.2,studio_M1.wav,0.28,141.14276981910115
swipe_t0.2,studio_M1.wav,0.29,141.14276981910115
swipe_t0.2,studio_M1.wav,0.3,141.14276981910115
swipe_t0.2,studio_M1.wav,0.31,141.01537089198223
swipe_t0.2,studio_M1.wav,0.32,140.76091791414078
swipe_t0.2,studio_M1.wav,0.33,140.38065371713114
swipe_t0.2,studio_M1.wav,0.34,140.1273460447569
swipe_t0.2,studio_M1.wav,0.35,0.0
swipe_t0.2,studio_M1.wav,0.36,0.0
swipe_t0.2,studio_M1.wav,0.37,0.0
swipe_t0.2,studio_M1.wav,0.38,0.0
swipe_t0.2,studio_M1.wav,0.39,0.0
swipe_t0.2,studio_M1.wav,0.4,0.0
swipe_t0.2,studio_M1.wav,0.41,0.0
swipe_t0.2,studio_M1.wav,0.42,0.0
swipe_t0.2,studio_M1.wav,0.43,0.0
swipe_t0.2,studio_M1.wav,0.44,0.0
swipe_t0.2,studio_M1.wav,0.45,0.0
swipe_t0.2,studio_M1.wav,0.46,0.0
swipe_t0.2,studio_M1.wav,0.47,0.0
swipe_t0.2,studio_M1.wav,0.48,0.0
swipe_t0.2,studio_M1.wav,0.49,0.0
swipe_t0.2,studio_M1.wav,0.5,0.0
swipe_t0.2,studio_M1.wav,0.51,0.0
swipe_t0.2,studio_M1.wav,0.52,0.0
swipe_t0.2,studio_M1.wav,0.53,0.0
swipe_t0.2,studio_M1.wav,0.54,0.0
swipe_t0.2,studio_M1.wav,0.55,0.0
swipe_t0.2,studio_M1.wav,0.56,0.0
swipe_t0.2,studio_M1.wav,0.57,0.0
swipe_t0.2,studio_M1.wav,0.58,0.0
swipe_t0.2,studio_M1.wav,0.59,0.0
swipe_t0.2,studio_M1.wav,0.6,0.0
swipe_t0.2,studio_M1.wav,0.61,0.0
swipe_t0.2,studio_M1.wav,0.62,0.0
swipe_t0.2,studio_M1.wav,0.63,0.0
swipe_t0.2,studio_M1.wav,0.64,0.0
swipe_t0.2,studio_M1.wav,0.65,0.0
swipe_t0.2,studio_M1.wav,0.66,0.0
swipe_t0.2,studio_M1.wav,0.67,0.0
swipe_t0.2,studio_M1.wav,0.68,141.14276981910115
swipe_t0.2,studio_M1.wav,0.69,142.1655517963274
swipe_t0.2,studio_M1.wav,0.7,143.0664933040208
swipe_t0.2,studio_M1.wav,0.71,147.25867515616054
swipe_t0.2,studio_M1.wav,0.72,157.28768601141863
swipe_t0.2,studio_M1.wav,0.73,146.72829712042875
swipe_t0.2,studio_M1.wav,0.74,145.93544475867446
swipe_t0.2,studio_M1.wav,0.75,145.54120162969554
swipe_t0.2,studio_M1.wav,0.76,145.147450074701
swipe_t0.2,studio_M1.wav,0.77,142.67943689954356
swipe_t0.2,studio_M1.wav,0.78,141.65295787746166
swipe_t0.2,studio_M1.wav,0.79,140.38065371713114
swipe_t0.2,studio_M1.wav,0.8,0.0
swipe_t0.2,studio_M1.wav,0.81,0.0
swipe_t0.2,studio_M1.wav,0.82,0.0
swipe_t0.2,studio_M1.wav,0.83,0.0
swipe_t0.2,studio_M1.wav,0.84,0.0
swipe_t0.2,studio_M1.wav,0.85,0.0
swipe_t0.2,studio_M1.wav,0.86,0.0
swipe_t0.2,studio_M1.wav,0.87,0.0
swipe_t0.2,studio_M1.wav,0.88,0.0
swipe_t0.2,studio_M1.wav,0.89,0.0
swipe_t0.2,studio_M1.wav,0.9,0.0
swipe_t0.2,studio_M1.wav,0.91,0.0
swipe_t0.2,studio_M1.wav,0.92,0.0
swipe_t0.2,studio_M1.wav,0.93,136.75371518096097
swipe_t0.2,studio_M1.wav,0.94,135.89252752274413
swipe_t0.2,studio_M1.wav,0.95,135.52541523316958
swipe_t0.2,studio_M1.wav,0.96,134.30761703636892
swipe_t0.2,studio_M1.wav,0.97,133.70256354243443
swipe_t0.2,studio_M1.wav,0.98,133.10076167597677
swipe_t0.2,studio_M1.wav,0.99,128.61339686723053
swipe_t0.2,studio_M1.wav,1.0,125.7438662218022
swipe_t0.2,studio_M1.wav,1.01,123.49421207386752
swipe_t0.2,studio_M1.wav,1.02,121.06643381919788
swipe_t0.2,studio_M1.wav,1.03,120.30403465153024
swipe_t0.2,studio_M1.wav,1.04,119.33072289194092
swipe_t0.2,studio_M1.wav,1.05,118.6863833661385
swipe_t0.2,studio_M1.wav,1.06,118.25844623511809
swipe_t0.2,studio_M1.wav,1.07,118.0455230233533
swipe_t0.2,studio_M1.wav,1.08,119.33072289194092
swipe_t0.2,studio_M1.wav,1.09,123.71745209300073
swipe_t0.2,studio_M1.wav,1.1,130.3663496564232
swipe_t0.2,studio_M1.wav,1.11,132.38206929245797
swipe_t0.2,studio_M1.wav,1.12,133.58240810294745
swipe_t0.2,studio_M1.wav,1.13,135.76986759314178
swipe_t0.2,studio_M1.wav,1.14,137.00092435360858
swipe_t0.2,studio_M1.wav,1.15,137.4966841439788
swipe_t0.2,studio_M1.wav,1.16,139.87449544944548
swipe_t0.2,studio_M1.wav,1.17,142.03722968110088
swipe_t0.2,studio_M1.wav,1.18,144.36371025576736
swipe_t0.2,studio_M1.wav,1.19,161.45858207636547
swipe_t0.2,studio_M1.wav,1.2,162.18924180810657
swipe_t0.2,studio_M1.wav,1.21,164.10317220007622
swipe_t0.2,studio_M1.wav,1.22,171.52348540487853
swipe_t0.2,studio_M1.wav,1.23,173.70435528637316
swipe_t0.2,studio_M1.wav,1.24,174.01835999109943
swipe_t0.2,studio_M1.wav,1.25,174.17557513879322
swipe_t0.2,studio_M1.wav,1.26,174.17557513879322
swipe_t0.2,studio_M1.wav,1.27,174.64738327948132
swipe_t0.2,studio_M1.wav,1.28,0.0
swipe_t0.2,studio_M1.wav,1.29,0.0
swipe_t0.2,studio_M1.wav,1.3,0.0
swipe_t0.2,studio_M1.wav,1.31,0.0
swipe_t0.2,studio_M1.wav,1.32,171.83354775938537
swipe_t0.2,studio_M1.wav,1.33,157.99884665257932
swipe_t0.2,studio_M1.wav,1.34,145.54120162969554
swipe_t0.2,studio_M1.wav,1.35,143.0664933040208
swipe_t0.2,studio_M1.wav,1.36,130.13111213819698
swipe_t0.2,studio_M1.wav,1.37,120.1954452780729
swipe_t0.2,studio_M1.wav,1.38,112.73494055581664
swipe_t0.2,studio_M1.wav,1.39,107.08192853864874
swipe_t0.2,studio_M1.wav,1.4,105.54671132267076
swipe_t0.2,studio_M1.wav,1.41,103.00603225216894
swipe_t0.2,studio_M1.wav,1.42,100.79842015244624
swipe_t0.2,studio_M1.wav,1.43,98.99545027929531
swipe_t0.2,studio_M1.wav,1.44,97.57616766413942
swipe_t0.2,studio_M1.wav,1.45,97.48809302107603
swipe_t0.2,studio_M1.wav,1.46,97.40009787634646
swipe_t0.2,studio_M1.wav,1.47,97.48809302107603
swipe_t0.2,studio_M1.wav,1.48,97.57616766413942
swipe_t0.2,studio_M1.wav,1.49,97.40009787634646
swipe_t0.2,studio_M1.wav,1.5,96.78673419486084
swipe_t0.2,studio_M1.wav,1.51,96.00368758435455
swipe_t0.2,studio_M1.wav,1.52,95.4853049831749
swipe_t0.2,studio_M1.wav,1.53,95.22697616016627
swipe_t0.2,studio_M1.wav,1.54,95.05552089201261
swipe_t0.2,studio_M1.wav,1.55,94.79835481984237
swipe_t0.2,studio_M1.wav,1.56,93.77737019656887
swipe_t0.2,studio_M1.wav,1.57,92.59962314064832
swipe_t0.2,studio_M1.wav,1.58,91.18965214040917
swipe_t0.2,studio_M1.wav,1.59,91.10770208321293
swipe_t0.2,studio_M1.wav,1.6,0.0
swipe_t0.2,studio_M1.wav,1.61,0.0
swipe_t0.2,studio_M1.wav,1.62,0.0
swipe_t0.2,studio_M1.wav,1.63,0.0
swipe_t0.2,studio_M1.wav,1.64,0.0
swipe_t0.2,studio_M1.wav,1.65,0.0
swipe_t0.2,studio_M1.wav,1.66,0.0
swipe_t0.2,studio_M1.wav,1.67,0.0
swipe_t0.2,studio_M1.wav,1.68,0.0
swipe_t0.2,studio_M1.wav,1.69,0.0
swipe_t0.2,studio_M1.wav,1.7,0.0
swipe_t0.2,studio_M1.wav,1.71,0.0
swipe_t0.2,studio_M1.wav,1.72,0.0
swipe_t0.2,studio_M1.wav,1.73,0.0
swipe_t0.2,studio_M1.wav,1.74,0.0
swipe_t0.2,studio_M1.wav,1.75,0.0
swipe_t0.2,studio_M1.wav,1.76,0.0
swipe_t0.2,studio_M1.wav,1.77,0.0
swipe_t0.2,studio_M1.wav,1.78,0.0
swipe_t0.2,studio_M1.wav,1.79,0.0
swipe_t0.2,studio_M1.wav,1.8,0.0
swipe_t0.2,studio_M1.wav,1.81,0.0
swipe_t0.2,studio_M1.wav,1.82,0.0
swipe_t0.2,studio_M1.wav,1.83,0.0
swipe_t0.2,studio_M1.wav,1.84,104.03350428088739
swipe_t0.2,studio_M1.wav,1.85,103.56524432093173
swipe_t0.2,studio_M1.wav,1.86,103.09868468485696
swipe_t0.2,studio_M1.wav,1.87,102.26497570223881
swipe_t0.2,studio_M1.wav,1.88,100.61693355218253
swipe_t0.2,studio_M1.wav,1.89,99.35368117379201
swipe_t0.2,studio_M1.wav,1.9,98.99545027929531
swipe_t0.2,studio_M1.wav,1.91,98.72762500337075
swipe_t0.2,studio_M1.wav,1.92,98.19453419878502
swipe_t0.2,studio_M1.wav,1.93,97.13697249640116
swipe_t0.2,studio_M1.wav,1.94,95.57157022740701
swipe_t0.2,studio_M1.wav,1.95,95.05552089201261
swipe_t0.2,studio_M1.wav,1.96,94.54188449251735
swipe_t0.2,studio_M1.wav,1.97,93.60815508938083
swipe_t0.2,studio_M1.wav,1.98,92.76701512845493
swipe_t0.2,studio_M1.wav,1.99,92.099621164477
swipe_t0.2,studio_M1.wav,2.0,91.76754560086653
swipe_t0.2,studio_M1.wav,2.01,91.35449532898228
swipe_t0.2,studio_M1.wav,2.02,89.80150490638617
swipe_t0.2,studio_M1.wav,2.03,89.39695067853869
swipe_t0.2,studio_M1.wav,2.04,87.87689054672114
swipe_t0.2,studio_M1.wav,2.05,87.56038645930508
swipe_t0.2,studio_M1.wav,2.06,86.3830180350826
swipe_t0.2,studio_M1.wav,2.07,0.0
swipe_t0.2,studio_M1.wav,2.08,0.0
swipe_t0.2,studio_M1.wav,2.09,0.0
swipe_t0.2,studio_M1.wav,2.1,0.0
swipe_t0.2,studio_M1.wav,2.11,0.0
swipe_t0.2,studio_M1.wav,2.12,0.0
swipe_t0.2,studio_M1.wav,2.13,0.0
swipe_t0.2,studio_M1.wav,2.14,0.0
swipe_t0.2,studio_M1.wav,2.15,0.0
swipe_t0.2,studio_M1.wav,2.16,0.0
swipe_t0.2,studio_M1.wav,2.17,0.0
swipe_t0.2,studio_M1.wav,2.18,0.0
swipe_t0.2,studio_M1.wav,2.19,0.0
swipe_t0.2,studio_M1.wav,2.2,0.0
swipe_t0.2,studio_M1.wav,2.21,0.0
swipe_t0.2,studio_M1.wav,2.22,0.0
swipe_t0.2,studio_M1.wav,2.23,0.0
swipe_t0.2,studio_M1.wav,2.24,0.0
swipe_t0.2,studio_M1.wav,2.25,0.0
swipe_t0.2,studio_M1.wav,2.26,0.0
swipe_t0.2,studio_M1.wav,2.27,0.0
swipe_t0.2,studio_M1.wav,2.28,0.0
swipe_t0.2,studio_M1.wav,2.29,0.0
swipe_t0.2,studio_M1.wav,2.3,0.0
swipe_t0.2,studio_M1.wav,2.31,0.0
swipe_t0.2,studio_M1.wav,2.32,0.0
swipe_t0.2,studio_M1.wav,2.33,0.0
swipe_t0.2,studio_M1.wav,2.34,0.0
swipe_t0.2,studio_M1.wav,2.35,0.0
swipe_t0.2,studio_M1.wav,2.36,0.0
swipe_t0.2,studio_M1.wav,2.37,0.0
swipe_t0.2,studio_M1.wav,2.38,0.0
swipe_t0.2,studio_M1.wav,2.39,0.0
swipe_t0.2,studio_M1.wav,2.4,0.0
swipe_t0.2,studio_M1.wav,2.41,0.0
swipe_t0.2,studio_M1.wav,2.42,0.0
swipe_t0.2,studio_M1.wav,2.43,0.0
swipe_t0.2,studio_M1.wav,2.44,0.0
swipe_t0.2,studio_M1.wav,2.45,0.0
swipe_t0.2,studio_M1.wav,2.46,139.24491341151713
swipe_t0.2,studio_M1.wav,2.47,139.74824129789093
swipe_t0.2,studio_M1.wav,2.48,140.0008636640511
swipe_t0.2,studio_M1.wav,2.49,140.1273460447569
swipe_t0.2,studio_M1.wav,2.5,139.87449544944548
swipe_t0.2,studio_M1.wav,2.51,139.74824129789093
swipe_t0.2,studio_M1.wav,2.52,139.3707128365244
swipe_t0.2,studio_M1.wav,2.53,137.37257626325052
swipe_t0.2,studio_M1.wav,2.54,137.24858040534062
swipe_t0.2,studio_M1.wav,2.55,137.24858040534062
swipe_t0.2,studio_M1.wav,2.56,137.37257626325052
swipe_t0.2,studio_M1.wav,2.57,137.37257626325052
swipe_t0.2,studio_M1.wav,2.58,138.49249782006527
swipe_t0.2,studio_M1.wav,2.59,139.24491341151713
swipe_t0.2,studio_M1.wav,2.6,139.62210110643142
swipe_t0.2,studio_M1.wav,2.61,139.24491341151713
swipe_t0.2,studio_M1.wav,2.62,137.37257626325052
swipe_t0.2,studio_M1.wav,2.63,137.37257626325052
swipe_t0.2,studio_M1.wav,2.64,139.24491341151713
swipe_t0.2,studio_M1.wav,2.65,139.24491341151713
swipe_t0.2,studio_M1.wav,2.66,137.12469646913436
swipe_t0.2,studio_M1.wav,2.67,136.75371518096097
swipe_t0.2,studio_M1.wav,2.68,136.50695208103394
swipe_t0.2,studio_M1.wav,2.69,256.99518455204566
swipe_t0.2,studio_M1.wav,2.7,256.99518455204566
swipe_t0.2,studio_M1.wav,2.71,253.53953494034062
swipe_t0.2,studio_M1.wav,2.72,250.1303512352233
swipe_t0.2,studio_M1.wav,2.73,0.0
swipe_t0.3,studio_M1.wav,0.0,0.0
swipe_t0.3,studio_M1.wav,0.01,0.0
swipe_t0.3,studio_M1.wav,0.02,0.0
swipe_t0.3,studio_M1.wav,0.03,0.0
swipe_t0.3,studio_M1.wav,0.04,0.0
swipe_t0.3,studio_M1.wav,0.05,0.0
swipe_t0.3,studio_M1.wav,0.06,0.0
swipe_t0.3,studio_M1.wav,0.07,0.0
swipe_t0.3,studio_M1.wav,0.08,0.0
swipe_t0.3,studio_M1.wav,0.09,0.0
swipe_t0.3,studio_M1.wav,0.1,0.0
swipe_t0.3,studio_M1.wav,0.11,0.0
swipe_t0.3,studio_M1.wav,0.12,0.0
swipe_t0.3,studio_M1.wav,0.13,0.0
swipe_t0.3,studio_M1.wav,0.14,0.0
swipe_t0.3,studio_M1.wav,0.15,0.0
swipe_t0.3,studio_M1.wav,0.16,0.0
swipe_t0.3,studio_M1.wav,0.17,0.0
swipe_t0.3,studio_M1.wav,0.18,0.0
swipe_t0.3,studio_M1.wav,0.19,0.0
swipe_t0.3,studio_M1.wav,0.2,0.0
swipe_t0.3,studio_M1.wav,0.21,0.0
swipe_t0.3,studio_M1.wav,0.22,0.0
swipe_t0.3,studio_M1.wav,0.23,0.0
swipe_t0.3,studio_M1.wav,0.24,0.0
swipe_t0.3,studio_M1.wav,0.25,0.0
swipe_t0.3,studio_M1.wav,0.26,0.0
swipe_t0.3,studio_M1.wav,0.27,0.0
swipe_t0.3,studio_M1.wav,0.28,0.0
swipe_t0.3,studio_M1.wav,0.29,141.14276981910115
swipe_t0.3,studio_M1.wav,0.3,141.14276981910115
swipe_t0.3,studio_M1.wav,0.31,0.0
swipe_t0.3,studio_M1.wav,0.32,0.0
swipe_t0.3,studio_M1.wav,0.33,0.0
swipe_t0.3,studio_M1.wav,0.34,0.0
swipe_t0.3,studio_M1.wav,0.35,0.0
swipe_t0.3,studio_M1.wav,0.36,0.0
swipe_t0.3,studio_M1.wav,0.37,0.0
swipe_t0.3,studio_M1.wav,0.38,0.0
swipe_t0.3,studio_M1.wav,0.39,0.0
swipe_t0.3,studio_M1.wav,0.4,0.0
swipe_t0.3,studio_M1.wav,0.41,0.0
swipe_t0.3,studio_M1.wav,0.42,0.0
swipe_t0.3,studio_M1.wav,0.43,0.0
swipe_t0.3,studio_M1.wav,0.44,0.0
swipe_t0.3,studio_M1.wav,0.45,0.0
swipe_t0.3,studio_M1.wav,0.46,0.0
swipe_t0.3,studio_M1.wav,0.47,0.0
swipe_t0.3,studio_M1.wav,0.48,0.0
swipe_t0.3,studio_M1.wav,0.49,0.0
swipe_t0.3,studio_M1.wav,0.5,0.0
swipe_t0.3,studio_M1.wav,0.51,0.0
swipe_t0.3,studio_M1.wav,0.52,0.0
swipe_t0.3,studio_M1.wav,0.53,0.0
swipe_t0.3,studio_M1.wav,0.54,0.0
swipe_t0.3,studio_M1.wav,0.55,0.0
swipe_t0.3,studio_M1.wav,0.56,0.0
swipe_t0.3,studio_M1.wav,0.57,0.0
swipe_t0.3,studio_M1.wav,0.58,0.0
swipe_t0.3,studio_M1.wav,0.59,0.0
swipe_t0.3,studio_M1.wav,0.6,0.0
swipe_t0.3,studio_M1.wav,0.61,0.0
swipe_t0.3,studio_M1.wav,0.62,0.0
swipe_t0.3,studio_M1.wav,0.63,0.0
swipe_t0.3,studio_M1.wav,0.64,0.0
swipe_t0.3,studio_M1.wav,0.65,0.0
swipe_t0.3,studio_M1.wav,0.66,0.0
swipe_t0.3,studio_M1.wav,0.67,0.0
swipe_t0.3,studio_M1.wav,0.68,0.0
swipe_t0.3,studio_M1.wav,0.69,0.0
swipe_t0.3,studio_M1.wav,0.7,143.0664933040208
swipe_t0.3,studio_M1.wav,0.71,147.25867515616054
swipe_t0.3,studio_M1.wav,0.72,157.28768601141863
swipe_t0.3,studio_M1.wav,0.73,146.72829712042875
swipe_t0.3,studio_M1.wav,0.74,145.93544475867446
swipe_t0.3,studio_M1.wav,0.75,145.54120162969554
swipe_t0.3,studio_M1.wav,0.76,0.0
swipe_t0.3,studio_M1.wav,0.77,0.0
swipe_t0.3,studio_M1.wav,0.78,0.0
swipe_t0.3,studio_M1.wav,0.79,0.0
swipe_t0.3,studio_M1.wav,0.8,0.0
swipe_t0.3,studio_M1.wav,0.81,0.0
swipe_t0.3,studio_M1.wav,0.82,0.0
swipe_t0.3,studio_M1.wav,0.83,0.0
swipe_t0.3,studio_M1.wav,0.84,0.0
swipe_t0.3,studio_M1.wav,0.85,0.0
swipe_t0.3,studio_M1.wav,0.86,0.0
swipe_t0.3,studio_M1.wav,0.87,0.0
swipe_t0.3,studio_M1.wav,0.88,0.0
swipe_t0.3,studio_M1.wav,0.89,0.0
swipe_t0.3,studio_M1.wav,0.9,0.0
swipe_t0.3,studio_M1.wav,0.91,0.0
swipe_t0.3,studio_M1.wav,0.92,0.0
swipe_t0.3,studio_M1.wav,0.93,0.0
swipe_t0.3,studio_M1.wav,0.94,135.89252752274413
swipe_t0.3,studio_M1.wav,0.95,135.52541523316958
swipe_t0.3,studio_M1.wav,0.96,134.30761703636892
swipe_t0.3,studio_M1.wav,0.97,133.70256354243443
swipe_t0.3,studio_M1.wav,0.98,133.10076167597677
swipe_t0.3,studio_M1.wav,0.99,128.61339686723053
swipe_t0.3,studio_M1.wav,1.0,125.7438662218022
swipe_t0.3,studio_M1.wav,1.01,123.49421207386752
swipe_t0.3,studio_M1.wav,1.02,121.06643381919788
swipe_t0.3,studio_M1.wav,1.03,120.30403465153024
swipe_t0.3,studio_M1.wav,1.04,119.33072289194092
swipe_t0.3,studio_M1.wav,1.05,118.6863833661385
swipe_t0.3,studio_M1.wav,1.06,118.25844623511809
swipe_t0.3,studio_M1.wav,1.07,118.0455230233533
swipe_t0.3,studio_M1.wav,1.08,119.33072289194092
swipe_t0.3,studio_M1.wav,1.09,123.71745209300073
swipe_t0.3,studio_M1.wav,1.1,130.3663496564232
swipe_t0.3,studio_M1.wav,1.11,132.38206929245797
swipe_t0.3,studio_M1.wav,1.12,133.58240810294745
swipe_t0.3,studio_M1.wav,1.13,135.76986759314178
swipe_t0.3,studio_M1.wav,1.14,137.00092435360858
swipe_t0.3,studio_M1.wav,1.15,137.4966841439788
swipe_t0.3,studio_M1.wav,1.16,139.87449544944548
swipe_t0.3,studio_M1.wav,1.17,142.03722968110088
swipe_t0.3,studio_M1.wav,1.18,144.36371025576736
swipe_t0.3,studio_M1.wav,1.19,161.45858207636547
swipe_t0.3,studio_M1.wav,1.2,162.18924180810657
swipe_t0.3,studio_M1.wav,1.21,164.10317220007622
swipe_t0.3,studio_M1.wav,1.22,171.52348540487853
swipe_t0.3,studio_M1.wav,1.23,173.70435528637316
swipe_t0.3,studio_M1.wav,1.24,174.01835999109943
swipe_t0.3,studio_M1.wav,1.25,174.17557513879322
swipe_t0.3,studio_M1.wav,1.26,174.17557513879322
swipe_t0.3,studio_M1.wav,1.27,0.0
swipe_t0.3,studio_M1.wav,1.28,0.0
swipe_t0.3,studio_M1.wav,1.29,0.0
swipe_t0.3,studio_M1.wav,1.3,0.0
swipe_t0.3,studio_M1.wav,1.31,0.0
swipe_t0.3,studio_M1.wav,1.32,0.0
swipe_t0.3,studio_M1.wav,1.33,0.0
swipe_t0.3,studio_M1.wav,1.34,145.54120162969554
swipe_t0.3,studio_M1.wav,1.35,143.0664933040208
swipe_t0.3,studio_M1.wav,1.36,0.0
swipe_t0.3,studio_M1.wav,1.37,120.1954452780729
swipe_t0.3,studio_M1.wav,1.38,112.73494055581664
swipe_t0.3,studio_M1.wav,1.39,107.08192853864874
swipe_t0.3,studio_M1.wav,1.4,105.54671132267076
swipe_t0.3,studio_M1.wav,1.41,103.00603225216894
swipe_t0.3,studio_M1.wav,1.42,100.79842015244624
swipe_t0.3,studio_M1.wav,1.43,98.99545027929531
swipe_t0.3,studio_M1.wav,1.44,97.57616766413942
swipe_t0.3,studio_M1.wav,1.45,97.48809302107603
swipe_t0.3,studio_M1.wav,1.46,97.40009787634646
swipe_t0.3,studio_M1.wav,1.47,97.48809302107603
swipe_t0.3,studio_M1.wav,1.48,97.57616766413942
swipe_t0.3,studio_M1.wav,1.49,97.40009787634646
swipe_t0.3,studio_M1.wav,1.5,96.78673419486084
swipe_t0.3,studio_M1.wav,1.51,96.00368758435455
swipe_t0.3,studio_M1.wav,1.52,95.4853049831749
swipe_t0.3,studio_M1.wav,1.53,95.22697616016627
swipe_t0.3,studio_M1.wav,1.54,95.05552089201261
swipe_t0.3,studio_M1.wav,1.55,94.79835481984237
swipe_t0.3,studio_M1.wav,1.56,93.77737019656887
swipe_t0.3,studio_M1.wav,1.57,92.59962314064832
swipe_t0.3,studio_M1.wav,1.58,91.18965214040917
swipe_t0.3,studio_M1.wav,1.59,0.0
swipe_t0.3,studio_M1.wav,1.6,0.0
swipe_t0.3,studio_M1.wav,1.61,0.0
swipe_t0.3,studio_M1.wav,1.62,0.0
swipe_t0.3,studio_M1.wav,1.63,0.0
swipe_t0.3,studio_M1.wav,1.64,0.0
swipe_t0.3,studio_M1.wav,1.65,0.0
swipe_t0.3,studio_M1.wav,1.66,0.0
swipe_t0.3,studio_M1.wav,1.67,0.0
swipe_t0.3,studio_M1.wav,1.68,0.0
swipe_t0.3,studio_M1.wav,1.69,0.0
swipe_t0.3,studio_M1.wav,1.7,0.0
swipe_t0.3,studio_M1.wav,1.71,0.0
swipe_t0.3,studio_M1.wav,1.72,0.0
swipe_t0.3,studio_M1.wav,1.73,0.0
swipe_t0.3,studio_M1.wav,1.74,0.0
swipe_t0.3,studio_M1.wav,1.75,0.0
swipe_t0.3,studio_M1.wav,1.76,0.0
swipe_t0.3,studio_M1.wav,1.77,0.0
swipe_t0.3,studio_M1.wav,1.78,0.0
swipe_t0.3,studio_M1.wav,1.79,0.0
swipe_t0.3,studio_M1.wav,1.8,0.0
swipe_t0.3,studio_M1.wav,1.81,0.0
swipe_t0.3,studio_M1.wav,1.82,0.0
swipe_t0.3,studio_M1.wav,1.83,0.0
swipe_t0.3,studio_M1.wav,1.84,0.0
swipe_t0.3,studio_M1.wav,1.85,103.56524432093173
swipe_t0.3,studio_M1.wav,1.86,103.09868468485696
swipe_t0.3,studio_M1.wav,1.87,102.26497570223881
swipe_t0.3,studio_M1.wav,1.88,100.61693355218253
swipe_t0.3,studio_M1.wav,1.89,99.35368117379201
swipe_t0.3,studio_M1.wav,1.9,98.99545027929531
swipe_t0.3,studio_M1.wav,1.91,98.72762500337075
swipe_t0.3,studio_M1.wav,1.92,98.19453419878502
swipe_t0.3,studio_M1.wav,1.93,97.13697249640116
swipe_t0.3,studio_M1.wav,1.94,95.57157022740701
swipe_t0.3,studio_M1.wav,1.95,95.05552089201261
swipe_t0.3,studio_M1.wav,1.96,94.54188449251735
swipe_t0.3,studio_M1.wav,1.97,93.60815508938083
swipe_t0.3,studio_M1.wav,1.98,92.76701512845493
swipe_t0.3,studio_M1.wav,1.99,92.099621164477
swipe_t0.3,studio_M1.wav,2.0,91.76754560086653
swipe_t0.3,studio_M1.wav,2.01,91.35449532898228
swipe_t0.3,studio_M1.wav,2.02,89.80150490638617
swipe_t0.3,studio_M1.wav,2.03,89.39695067853869
swipe_t0.3,studio_M1.wav,2.04,87.87689054672114
swipe_t0.3,studio_M1.wav,2.05,87.56038645930508
swipe_t0.3,studio_M1.wav,2.06,0.0
swipe_t0.3,studio_M1.wav,2.07,0.0
swipe_t0.3,studio_M1.wav,2.08,0.0
swipe_t0.3,studio_M1.wav,2.09,0.0
swipe_t0.3,studio_M1.wav,2.1,0.0
swipe_t0.3,studio_M1.wav,2.11,0.0
swipe_t0.3,studio_M1.wav,2.12,0.0
swipe_t0.3,studio_M1.wav,2.13,0.0
swipe_t0.3,studio_M1.wav,2.14,0.0
swipe_t0.3,studio_M1.wav,2.15,0.0
swipe_t0.3,studio_M1.wav,2.16,0.0
swipe_t0.3,studio_M1.wav,2.17,0.0
swipe_t0.3,studio_M1.wav,2.18,0.0
swipe_t0.3,studio_M1.wav,2.19,0.0
swipe_t0.3,studio_M1.wav,2.2,0.0
swipe_t0.3,studio_M1.wav,2.21,0.0
swipe_t0.3,studio_M1.wav,2.22,0.0
swipe_t0.3,studio_M1.wav,2.23,0.0
swipe_t0.3,studio_M1.wav,2.24,0.0
swipe_t0.3,studio_M1.wav,2.25,0.0
swipe_t0.3,studio_M1.wav,2.26,0.0
swipe_t0.3,studio_M1.wav,2.27,0.0
swipe_t0.3,studio_M1.wav,2.28,0.0
swipe_t0.3,studio_M1.wav,2.29,0.0
swipe_t0.3,studio_M1.wav,2.3,0.0
swipe_t0.3,studio_M1.wav,2.31,0.0
swipe_t0.3,studio_M1.wav,2.32,0.0
swipe_t0.3,studio_M1.wav,2.33,0.0
swipe_t0.3,studio_M1.wav,2.34,0.0
swipe_t0.3,studio_M1.wav,2.35,0.0
swipe_t0.3,studio_M1.wav,2.36,0.0
swipe_t0.3,studio_M1.wav,2.37,0.0
swipe_t0.3,studio_M1.wav,2.38,0.0
swipe_t0.3,studio_M1.wav,2.39,0.0
swipe_t0.3,studio_M1.wav,2.4,0.0
swipe_t0.3,studio_M1.wav,2.41,0.0
swipe_t0.3,studio_M1.wav,2.42,0.0
swipe_t0.3,studio_M1.wav,2.43,0.0
swipe_t0.3,studio_M1.wav,2.44,0.0
swipe_t0.3,studio_M1.wav,2.45,0.0
swipe_t0.3,studio_M1.wav,2.46,0.0
swipe_t0.3,studio_M1.wav,2.47,0.0
swipe_t0.3,studio_M1.wav,2.48,0.0
swipe_t0.3,studio_M1.wav,2.49,0.0
swipe_t0.3,studio_M1.wav,2.5,0.0
swipe_t0.3,studio_M1.wav,2.51,0.0
swipe_t0.3,studio_M1.wav,2.52,0.0
swipe_t0.3,studio_M1.wav,2.53,0.0
swipe_t0.3,studio_M1.wav,2.54,0.0
swipe_t0.3,studio_M1.wav,2.55,0.0
swipe_t0.3,studio_M1.wav,2.56,0.0
swipe_t0.3,studio_M1.wav,2.57,137.37257626325052
swipe_t0.3,studio_M1.wav,2.58,138.49249782006527
swipe_t0.3,studio_M1.wav,2.59,139.24491341151713
swipe_t0.3,studio_M1.wav,2.6,139.62210110643142
swipe_t0.3,studio_M1.wav,2.61,139.24491341151713
swipe_t0.3,studio_M1.wav,2.62,137.37257626325052
swipe_t0.3,studio_M1.wav,2.63,137.37257626325052
swipe_t0.3,studio_M1.wav,2.64,139.24491341151713
swipe_t0.3,studio_M1.wav,2.65,139.24491341151713
swipe_t0.3,studio_M1.wav,2.66,137.12469646913436
swipe_t0.3,studio_M1.wav,2.67,136.75371518096097
swipe_t0.3,studio_M1.wav,2.68,136.50695208103394
swipe_t0.3,studio_M1.wav,2.69,256.99518455204566
swipe_t0.3,studio_M1.wav,2.7,256.99518455204566
swipe_t0.3,studio_M1.wav,2.71,0.0
swipe_t0.3,studio_M1.wav,2.72,0.0
swipe_t0.3,studio_M1.wav,2.73,0.0
