option_id,file,time_s,raw_f0_hz,raw_voiced,hybrid_source
praat7_filtered_v0.3,phone_F1.wav,0.025,0.0,False,praat_control
praat7_filtered_v0.3,phone_F1.wav,0.035,0.0,False,praat_control
praat7_filtered_v0.3,phone_F1.wav,0.045,0.0,False,praat_control
praat7_filtered_v0.3,phone_F1.wav,0.055,0.0,False,praat_control
praat7_filtered_v0.3,phone_F1.wav,0.065,0.0,False,praat_control
praat7_filtered_v0.3,phone_F1.wav,0.075,0.0,False,praat_control
praat7_filtered_v0.3,phone_F1.wav,0.085,0.0,False,praat_control
praat7_filtered_v0.3,phone_F1.wav,0.095,0.0,False,praat_control
praat7_filtered_v0.3,phone_F1.wav,0.105,0.0,False,praat_control
praat7_filtered_v0.3,phone_F1.wav,0.115,0.0,False,praat_control
praat7_filtered_v0.3,phone_F1.wav,0.125,0.0,False,praat_control
praat7_filtered_v0.3,phone_F1.wav,0.135,0.0,False,praat_control
praat7_filtered_v0.3,phone_F1.wav,0.145,0.0,False,praat_control
praat7_filtered_v0.3,phone_F1.wav,0.155,0.0,False,praat_control
praat7_filtered_v0.3,phone_F1.wav,0.165,0.0,False,praat_control
praat7_filtered_v0.3,phone_F1.wav,0.175,0.0,False,praat_control
praat7_filtered_v0.3,phone_F1.wav,0.185,0.0,False,praat_control
praat7_filtered_v0.3,phone_F1.wav,0.195,0.0,False,praat_control
praat7_filtered_v0.3,phone_F1.wav,0.205,0.0,False,praat_control
praat7_filtered_v0.3,phone_F1.wav,0.215,0.0,False,praat_control
praat7_filtered_v0.3,phone_F1.wav,0.225,0.0,False,praat_control
praat7_filtered_v0.3,phone_F1.wav,0.235,0.0,False,praat_control
praat7_filtered_v0.3,phone_F1.wav,0.245,0.0,False,praat_control
praat7_filtered_v0.3,phone_F1.wav,0.255,0.0,False,praat_control
praat7_filtered_v0.3,phone_F1.wav,0.265,0.0,False,praat_control
praat7_filtered_v0.3,phone_F1.wav,0.275,0.0,False,praat_control
praat7_filtered_v0.3,phone_F1.wav,0.285,0.0,False,praat_control
praat7_filtered_v0.3,phone_F1.wav,0.295,0.0,False,praat_control
praat7_filtered_v0.3,phone_F1.wav,0.305,0.0,False,praat_control
praat7_filtered_v0.3,phone_F1.wav,0.315,0.0,False,praat_control
praat7_filtered_v0.3,phone_F1.wav,0.325,0.0,False,praat_control
praat7_filtered_v0.3,phone_F1.wav,0.335,0.0,False,praat_control
praat7_filtered_v0.3,phone_F1.wav,0.345,0.0,False,praat_control
praat7_filtered_v0.3,phone_F1.wav,0.355,0.0,False,praat_control
praat7_filtered_v0.3,phone_F1.wav,0.365,0.0,False,praat_control
praat7_filtered_v0.3,phone_F1.wav,0.375,0.0,False,praat_control
praat7_filtered_v0.3,phone_F1.wav,0.385,0.0,False,praat_control
praat7_filtered_v0.3,phone_F1.wav,0.395,0.0,False,praat_control
praat7_filtered_v0.3,phone_F1.wav,0.405,0.0,False,praat_control
praat7_filtered_v0.3,phone_F1.wav,0.415,0.0,False,praat_control
praat7_filtered_v0.3,phone_F1.wav,0.425,0.0,False,praat_control
praat7_filtered_v0.3,phone_F1.wav,0.435,0.0,False,praat_control
praat7_filtered_v0.3,phone_F1.wav,0.445,0.0,False,praat_control
praat7_filtered_v0.3,phone_F1.wav,0.455,0.0,False,praat_control
praat7_filtered_v0.3,phone_F1.wav,0.465,0.0,False,praat_control
praat7_filtered_v0.3,phone_F1.wav,0.475,0.0,False,praat_control
praat7_filtered_v0.3,phone_F1.wav,0.485,0.0,False,praat_control
praat7_filtered_v0.3,phone_F1.wav,0.495,0.0,False,praat_control
praat7_filtered_v0.3,phone_F1.wav,0.505,0.0,False,praat_control
praat7_filtered_v0.3,phone_F1.wav,0.515,0.0,False,praat_control
praat7_filtered_v0.3,phone_F1.wav,0.525,0.0,False,praat_control
praat7_filtered_v0.3,phone_F1.wav,0.535,0.0,False,praat_control
praat7_filtered_v0.3,phone_F1.wav,0.545,224.0735160407899,True,praat_control
praat7_filtered_v0.3,phone_F1.wav,0.555,223.5047031875168,True,praat_control
praat7_filtered_v0.3,phone_F1.wav,0.565,219.08533742449825,True,praat_control
praat7_filtered_v0.3,phone_F1.wav,0.575,217.38044082588976,True,praat_control
praat7_filtered_v0.3,phone_F1.wav,0.585,218.4453788161298,True,praat_control
praat7_filtered_v0.3,phone_F1.wav,0.595,218.12580709083696,True,praat_control
praat7_filtered_v0.3,phone_F1.wav,0.605,218.47097952418827,True,praat_control
praat7_filtered_v0.3,phone_F1.wav,0.615,219.9949444042771,True,praat_control
praat7_filtered_v0.3,phone_F1.wav,0.625,223.8658883716753,True,praat_control
praat7_filtered_v0.3,phone_F1.wav,0.635,227.83927652274312,True,praat_control
praat7_filtered_v0.3,phone_F1.wav,0.645,231.81439445718203,True,praat_control
praat7_filtered_v0.3,phone_F1.wav,0.655,233.28344188725552,True,praat_control
praat7_filtered_v0.3,phone_F1.wav,0.665,231.23276017556924,True,praat_control
praat7_filtered_v0.3,phone_F1.wav,0.675,228.61835659767152,True,praat_control
praat7_filtered_v0.3,phone_F1.wav,0.685,229.05522300836327,True,praat_control
praat7_filtered_v0.3,phone_F1.wav,0.695,229.73121869293516,True,praat_control
praat7_filtered_v0.3,phone_F1.wav,0.705,230.49637853904616,True,praat_control
praat7_filtered_v0.3,phone_F1.wav,0.715,231.39074213424632,True,praat_control
praat7_filtered_v0.3,phone_F1.wav,0.725,232.3007754838184,True,praat_control
praat7_filtered_v0.3,phone_F1.wav,0.735,231.5889785727706,True,praat_control
praat7_filtered_v0.3,phone_F1.wav,0.745,229.01966098570165,True,praat_control
praat7_filtered_v0.3,phone_F1.wav,0.755,234.37896978375767,True,praat_control
praat7_filtered_v0.3,phone_F1.wav,0.765,232.4005588830252,True,praat_control
praat7_filtered_v0.3,phone_F1.wav,0.775,229.004036395166,True,praat_control
praat7_filtered_v0.3,phone_F1.wav,0.785,224.680292569356,True,praat_control
praat7_filtered_v0.3,phone_F1.wav,0.795,218.62643558513463,True,praat_control
praat7_filtered_v0.3,phone_F1.wav,0.805,223.4546760399243,True,praat_control
praat7_filtered_v0.3,phone_F1.wav,0.815,234.50381398329563,True,praat_control
praat7_filtered_v0.3,phone_F1.wav,0.825,235.0037756215252,True,praat_control
praat7_filtered_v0.3,phone_F1.wav,0.835,236.8898087703165,True,praat_control
praat7_filtered_v0.3,phone_F1.wav,0.845,238.68072314149688,True,praat_control
praat7_filtered_v0.3,phone_F1.wav,0.855,241.24100670885664,True,praat_control
praat7_filtered_v0.3,phone_F1.wav,0.865,242.72893552402408,True,praat_control
praat7_filtered_v0.3,phone_F1.wav,0.875,242.42228471177407,True,praat_control
praat7_filtered_v0.3,phone_F1.wav,0.885,245.32226796354675,True,praat_control
praat7_filtered_v0.3,phone_F1.wav,0.895,249.42482053093804,True,praat_control
praat7_filtered_v0.3,phone_F1.wav,0.905,249.32454393088483,True,praat_control
praat7_filtered_v0.3,phone_F1.wav,0.915,248.15889946144287,True,praat_control
praat7_filtered_v0.3,phone_F1.wav,0.925,246.5094090848584,True,praat_control
praat7_filtered_v0.3,phone_F1.wav,0.935,244.7238030658125,True,praat_control
praat7_filtered_v0.3,phone_F1.wav,0.945,243.0041515869096,True,praat_control
praat7_filtered_v0.3,phone_F1.wav,0.955,239.0434658148308,True,praat_control
praat7_filtered_v0.3,phone_F1.wav,0.965,233.12917693537528,True,praat_control
praat7_filtered_v0.3,phone_F1.wav,0.975,223.4978511308196,True,praat_control
praat7_filtered_v0.3,phone_F1.wav,0.985,209.86422912660703,True,praat_control
praat7_filtered_v0.3,phone_F1.wav,0.995,231.30374990712784,True,praat_control
praat7_filtered_v0.3,phone_F1.wav,1.005,236.35309989248285,True,praat_control
praat7_filtered_v0.3,phone_F1.wav,1.015,236.78989711816473,True,praat_control
praat7_filtered_v0.3,phone_F1.wav,1.025,234.19323316888696,True,praat_control
praat7_filtered_v0.3,phone_F1.wav,1.035,228.73026663364143,True,praat_control
praat7_filtered_v0.3,phone_F1.wav,1.045,225.91259219924547,True,praat_control
praat7_filtered_v0.3,phone_F1.wav,1.055,224.9377766202344,True,praat_control
praat7_filtered_v0.3,phone_F1.wav,1.065,227.0078322548543,True,praat_control
praat7_filtered_v0.3,phone_F1.wav,1.075,234.94690459071697,True,praat_control
praat7_filtered_v0.3,phone_F1.wav,1.085,238.69580959530072,True,praat_control
praat7_filtered_v0.3,phone_F1.wav,1.095,246.27730144819012,True,praat_control
praat7_filtered_v0.3,phone_F1.wav,1.105,247.01504819642824,True,praat_control
praat7_filtered_v0.3,phone_F1.wav,1.115,245.31828606320056,True,praat_control
praat7_filtered_v0.3,phone_F1.wav,1.125,241.8015161582236,True,praat_control
praat7_filtered_v0.3,phone_F1.wav,1.135,237.377532865565,True,praat_control
praat7_filtered_v0.3,phone_F1.wav,1.145,0.0,False,praat_control
praat7_filtered_v0.3,phone_F1.wav,1.155,0.0,False,praat_control
praat7_filtered_v0.3,phone_F1.wav,1.165,0.0,False,praat_control
praat7_filtered_v0.3,phone_F1.wav,1.175,0.0,False,praat_control
praat7_filtered_v0.3,phone_F1.wav,1.185,0.0,False,praat_control
praat7_filtered_v0.3,phone_F1.wav,1.195,0.0,False,praat_control
praat7_filtered_v0.3,phone_F1.wav,1.205,0.0,False,praat_control
praat7_filtered_v0.3,phone_F1.wav,1.215,225.9302604632008,True,praat_control
praat7_filtered_v0.3,phone_F1.wav,1.225,205.16599655586484,True,praat_control
praat7_filtered_v0.3,phone_F1.wav,1.235,193.23451661858152,True,praat_control
praat7_filtered_v0.3,phone_F1.wav,1.245,185.41064621725295,True,praat_control
praat7_filtered_v0.3,phone_F1.wav,1.255,181.75104632315953,True,praat_control
praat7_filtered_v0.3,phone_F1.wav,1.265,179.02903792740452,True,praat_control
praat7_filtered_v0.3,phone_F1.wav,1.275,178.69812224206308,True,praat_control
praat7_filtered_v0.3,phone_F1.wav,1.285,180.1207554363798,True,praat_control
praat7_filtered_v0.3,phone_F1.wav,1.295,181.54739135191232,True,praat_control
praat7_filtered_v0.3,phone_F1.wav,1.305,182.8775156996046,True,praat_control
praat7_filtered_v0.3,phone_F1.wav,1.315,182.6919724891718,True,praat_control
praat7_filtered_v0.3,phone_F1.wav,1.325,181.81063386147,True,praat_control
praat7_filtered_v0.3,phone_F1.wav,1.335,179.07714752164327,True,praat_control
praat7_filtered_v0.3,phone_F1.wav,1.345,171.9203815176599,True,praat_control
praat7_filtered_v0.3,phone_F1.wav,1.355,0.0,False,praat_control
praat7_filtered_v0.3,phone_F1.wav,1.365,0.0,False,praat_control
praat7_filtered_v0.3,phone_F1.wav,1.375,0.0,False,praat_control
praat7_filtered_v0.3,phone_F1.wav,1.385,0.0,False,praat_control
praat7_filtered_v0.3,phone_F1.wav,1.395,0.0,False,praat_control
praat7_filtered_v0.3,phone_F1.wav,1.405,0.0,False,praat_control
praat7_filtered_v0.3,phone_F1.wav,1.415,0.0,False,praat_control
praat7_filtered_v0.3,phone_F1.wav,1.425,0.0,False,praat_control
praat7_filtered_v0.3,phone_F1.wav,1.435,0.0,False,praat_control
praat7_filtered_v0.3,phone_F1.wav,1.445,0.0,False,praat_control
praat7_filtered_v0.3,phone_F1.wav,1.455,225.84050501764787,True,praat_control
praat7_filtered_v0.3,phone_F1.wav,1.465,216.16687122168972,True,praat_control
praat7_filtered_v0.3,phone_F1.wav,1.475,207.13198865110067,True,praat_control
praat7_filtered_v0.3,phone_F1.wav,1.485,201.5678319411472,True,praat_control
praat7_filtered_v0.3,phone_F1.wav,1.495,198.4866024900381,True,praat_control
praat7_filtered_v0.3,phone_F1.wav,1.505,196.46836900403767,True,praat_control
praat7_filtered_v0.3,phone_F1.wav,1.515,195.30550007484865,True,praat_control
praat7_filtered_v0.3,phone_F1.wav,1.525,193.8467756689604,True,praat_control
praat7_filtered_v0.3,phone_F1.wav,1.535,192.51906515955352,True,praat_control
praat7_filtered_v0.3,phone_F1.wav,1.545,191.2327264028168,True,praat_control
praat7_filtered_v0.3,phone_F1.wav,1.555,189.40585504503025,True,praat_control
praat7_filtered_v0.3,phone_F1.wav,1.565,187.46463151182624,True,praat_control
praat7_filtered_v0.3,phone_F1.wav,1.575,187.11741360156375,True,praat_control
praat7_filtered_v0.3,phone_F1.wav,1.585,197.70368817349527,True,praat_control
praat7_filtered_v0.3,phone_F1.wav,1.595,227.3075094072663,True,praat_control
praat7_filtered_v0.3,phone_F1.wav,1.605,247.8394397434645,True,praat_control
praat7_filtered_v0.3,phone_F1.wav,1.615,229.95963962648997,True,praat_control
praat7_filtered_v0.3,phone_F1.wav,1.625,0.0,False,praat_control
praat7_filtered_v0.3,phone_F1.wav,1.635,0.0,False,praat_control
praat7_filtered_v0.3,phone_F1.wav,1.645,0.0,False,praat_control
praat7_filtered_v0.3,phone_F1.wav,1.655,0.0,False,praat_control
praat7_filtered_v0.3,phone_F1.wav,1.665,0.0,False,praat_control
praat7_filtered_v0.3,phone_F1.wav,1.675,0.0,False,praat_control
praat7_filtered_v0.3,phone_F1.wav,1.685,0.0,False,praat_control
praat7_filtered_v0.3,phone_F1.wav,1.695,0.0,False,praat_control
praat7_filtered_v0.3,phone_F1.wav,1.705,0.0,False,praat_control
praat7_filtered_v0.3,phone_F1.wav,1.715,0.0,False,praat_control
praat7_filtered_v0.3,phone_F1.wav,1.725,0.0,False,praat_control
praat7_filtered_v0.3,phone_F1.wav,1.735,0.0,False,praat_control
praat7_filtered_v0.3,phone_F1.wav,1.745,0.0,False,praat_control
praat7_filtered_v0.3,phone_F1.wav,1.755,0.0,False,praat_control
praat7_filtered_v0.3,phone_F1.wav,1.765,0.0,False,praat_control
praat7_filtered_v0.3,phone_F1.wav,1.775,0.0,False,praat_control
praat7_filtered_v0.3,phone_F1.wav,1.785,0.0,False,praat_control
praat7_filtered_v0.3,phone_F1.wav,1.795,0.0,False,praat_control
praat7_filtered_v0.3,phone_F1.wav,1.805,0.0,False,praat_control
praat7_filtered_v0.3,phone_F1.wav,1.815,0.0,False,praat_control
praat7_filtered_v0.3,phone_F1.wav,1.825,0.0,False,praat_control
praat7_filtered_v0.3,phone_F1.wav,1.835,225.7173191107258,True,praat_control
praat7_filtered_v0.3,phone_F1.wav,1.845,217.90010520086597,True,praat_control
praat7_filtered_v0.3,phone_F1.wav,1.855,0.0,False,praat_control
praat7_filtered_v0.3,phone_F1.wav,1.865,0.0,False,praat_control
praat7_filtered_v0.3,phone_F1.wav,1.875,0.0,False,praat_control
praat7_filtered_v0.3,phone_F1.wav,1.885,0.0,False,praat_control
praat7_filtered_v0.3,phone_F1.wav,1.895,0.0,False,praat_control
praat7_filtered_v0.3,phone_F1.wav,1.905,0.0,False,praat_control
praat7_filtered_v0.3,phone_F1.wav,1.915,218.50843271552583,True,praat_control
praat7_filtered_v0.3,phone_F1.wav,1.925,221.90795087831012,True,praat_control
praat7_filtered_v0.3,phone_F1.wav,1.935,224.1671115611526,True,praat_control
praat7_filtered_v0.3,phone_F1.wav,1.945,224.14527164198728,True,praat_control
praat7_filtered_v0.3,phone_F1.wav,1.955,223.42489870255767,True,praat_control
praat7_filtered_v0.3,phone_F1.wav,1.965,222.3498108139556,True,praat_control
praat7_filtered_v0.3,phone_F1.wav,1.975,221.00794083226455,True,praat_control
praat7_filtered_v0.3,phone_F1.wav,1.985,219.6631445814022,True,praat_control
praat7_filtered_v0.3,phone_F1.wav,1.995,218.28731098915657,True,praat_control
praat7_filtered_v0.3,phone_F1.wav,2.005,215.90997857388297,True,praat_control
praat7_filtered_v0.3,phone_F1.wav,2.015,213.03105986317743,True,praat_control
praat7_filtered_v0.3,phone_F1.wav,2.025,210.0731989820826,True,praat_control
praat7_filtered_v0.3,phone_F1.wav,2.035,201.18276128647753,True,praat_control
praat7_filtered_v0.3,phone_F1.wav,2.045,189.39707657060265,True,praat_control
praat7_filtered_v0.3,phone_F1.wav,2.055,189.3830834419815,True,praat_control
praat7_filtered_v0.3,phone_F1.wav,2.065,189.75752014892143,True,praat_control
praat7_filtered_v0.3,phone_F1.wav,2.075,196.31979870715543,True,praat_control
praat7_filtered_v0.3,phone_F1.wav,2.085,204.6340817153744,True,praat_control
praat7_filtered_v0.3,phone_F1.wav,2.095,202.97721606419117,True,praat_control
praat7_filtered_v0.3,phone_F1.wav,2.105,201.375236050317,True,praat_control
praat7_filtered_v0.3,phone_F1.wav,2.115,200.14788544338265,True,praat_control
praat7_filtered_v0.3,phone_F1.wav,2.125,198.78459429423904,True,praat_control
praat7_filtered_v0.3,phone_F1.wav,2.135,197.22883050601476,True,praat_control
praat7_filtered_v0.3,phone_F1.wav,2.145,196.46996068626328,True,praat_control
praat7_filtered_v0.3,phone_F1.wav,2.155,195.2552236005484,True,praat_control
praat7_filtered_v0.3,phone_F1.wav,2.165,194.4714237101641,True,praat_control
praat7_filtered_v0.3,phone_F1.wav,2.175,193.03496858732407,True,praat_control
praat7_filtered_v0.3,phone_F1.wav,2.185,190.77216185290416,True,praat_control
praat7_filtered_v0.3,phone_F1.wav,2.195,189.24587489692033,True,praat_control
praat7_filtered_v0.3,phone_F1.wav,2.205,0.0,False,praat_control
praat7_filtered_v0.3,phone_F1.wav,2.215,0.0,False,praat_control
praat7_filtered_v0.3,phone_F1.wav,2.225,0.0,False,praat_control
praat7_filtered_v0.3,phone_F1.wav,2.235,0.0,False,praat_control
praat7_filtered_v0.3,phone_F1.wav,2.245,0.0,False,praat_control
praat7_filtered_v0.3,phone_F1.wav,2.255,0.0,False,praat_control
praat7_filtered_v0.3,phone_F1.wav,2.265,0.0,False,praat_control
praat7_filtered_v0.3,phone_F1.wav,2.275,0.0,False,praat_control
praat7_filtered_v0.3,phone_F1.wav,2.285,240.3073116602516,True,praat_control
praat7_filtered_v0.3,phone_F1.wav,2.295,233.86350392141676,True,praat_control
praat7_filtered_v0.3,phone_F1.wav,2.305,234.2527037307956,True,praat_control
praat7_filtered_v0.3,phone_F1.wav,2.315,237.21912125832972,True,praat_control
praat7_filtered_v0.3,phone_F1.wav,2.325,241.26900337802928,True,praat_control
praat7_filtered_v0.3,phone_F1.wav,2.335,240.15481090160188,True,praat_control
praat7_filtered_v0.3,phone_F1.wav,2.345,0.0,False,praat_control
praat7_filtered_v0.3,phone_F1.wav,2.355,0.0,False,praat_control
praat7_filtered_v0.3,phone_F1.wav,2.365,0.0,False,praat_control
praat7_filtered_v0.3,phone_F1.wav,2.375,0.0,False,praat_control
praat7_filtered_v0.3,phone_F1.wav,2.385,0.0,False,praat_control
praat7_filtered_v0.3,phone_F1.wav,2.395,0.0,False,praat_control
praat7_filtered_v0.3,phone_F1.wav,2.405,255.80963167920584,True,praat_control
praat7_filtered_v0.3,phone_F1.wav,2.415,246.6515798670605,True,praat_control
praat7_filtered_v0.3,phone_F1.wav,2.425,233.23540680216496,True,praat_control
praat7_filtered_v0.3,phone_F1.wav,2.435,209.8496870911171,True,praat_control
praat7_filtered_v0.3,phone_F1.wav,2.445,198.30843917918793,True,praat_control
praat7_filtered_v0.3,phone_F1.wav,2.455,192.43627236909649,True,praat_control
praat7_filtered_v0.3,phone_F1.wav,2.465,197.12487288855576,True,praat_control
praat7_filtered_v0.3,phone_F1.wav,2.475,195.67331929711443,True,praat_control
praat7_filtered_v0.3,phone_F1.wav,2.485,193.99356943795823,True,praat_control
praat7_filtered_v0.3,phone_F1.wav,2.495,199.76699535700527,True,praat_control
praat7_filtered_v0.3,phone_F1.wav,2.505,211.06278024694768,True,praat_control
praat7_filtered_v0.3,phone_F1.wav,2.515,0.0,False,praat_control
praat7_filtered_v0.3,phone_F1.wav,2.525,0.0,False,praat_control
praat7_filtered_v0.3,phone_F1.wav,2.535,0.0,False,praat_control
praat7_filtered_v0.3,phone_F1.wav,2.545,0.0,False,praat_control
praat7_filtered_v0.3,phone_F1.wav,2.555,0.0,False,praat_control
praat7_filtered_v0.3,phone_F1.wav,2.565,0.0,False,praat_control
praat7_filtered_v0.3,phone_F1.wav,2.575,0.0,False,praat_control
praat7_filtered_v0.3,phone_F1.wav,2.585,0.0,False,praat_control
praat7_filtered_v0.3,phone_F1.wav,2.595,0.0,False,praat_control
praat7_filtered_v0.3,phone_F1.wav,2.605,0.0,False,praat_control
praat7_filtered_v0.3,phone_F1.wav,2.615,0.0,False,praat_control
praat7_filtered_v0.3,phone_F1.wav,2.625,0.0,False,praat_control
praat7_filtered_v0.3,phone_F1.wav,2.635,0.0,False,praat_control
praat7_filtered_v0.3,phone_F1.wav,2.645,0.0,False,praat_control
praat7_filtered_v0.3,phone_F1.wav,2.655,0.0,False,praat_control
praat7_filtered_v0.3,phone_F1.wav,2.665,212.75256949765105,True,praat_control
praat7_filtered_v0.3,phone_F1.wav,2.675,201.133679472232,True,praat_control
praat7_filtered_v0.3,phone_F1.wav,2.685,196.9618650053204,True,praat_control
praat7_filtered_v0.3,phone_F1.wav,2.695,194.97177753587516,True,praat_control
praat7_filtered_v0.3,phone_F1.wav,2.705,192.62133163473607,True,praat_control
praat7_filtered_v0.3,phone_F1.wav,2.715,189.93500433577285,True,praat_control
praat7_filtered_v0.3,phone_F1.wav,2.725,187.7511305729072,True,praat_control
praat7_filtered_v0.3,phone_F1.wav,2.735,184.53844387721648,True,praat_control
praat7_filtered_v0.3,phone_F1.wav,2.745,0.0,False,praat_control
praat7_filtered_v0.3,phone_F1.wav,2.755,0.0,False,praat_control
praat7_filtered_v0.3,phone_F1.wav,2.765,0.0,False,praat_control
praat7_filtered_v0.3,phone_F1.wav,2.775,0.0,False,praat_control
praat7_filtered_v0.3,phone_F1.wav,2.785,0.0,False,praat_control
praat7_filtered_v0.3,phone_F1.wav,2.795,0.0,False,praat_control
praat7_filtered_v0.3,phone_F1.wav,2.805,0.0,False,praat_control
praat7_filtered_v0.3,phone_F1.wav,2.815,0.0,False,praat_control
praat7_filtered_v0.3,phone_F1.wav,2.825,0.0,False,praat_control
praat7_filtered_v0.3,phone_F1.wav,2.835,0.0,False,praat_control
praat7_filtered_v0.3,phone_F1.wav,2.845,0.0,False,praat_control
praat7_filtered_v0.3,phone_F1.wav,2.855,0.0,False,praat_control
praat7_filtered_v0.3,phone_F1.wav,2.865,0.0,False,praat_control
praat7_filtered_v0.3,phone_F1.wav,2.875,0.0,False,praat_control
praat7_filtered_v0.3,phone_F1.wav,2.885,0.0,False,praat_control
praat7_filtered_v0.3,phone_F1.wav,2.895,0.0,False,praat_control
praat7_filtered_v0.3,phone_F1.wav,2.905,0.0,False,praat_control
praat7_filtered_v0.3,phone_F1.wav,2.915,0.0,False,praat_control
praat7_filtered_v0.3,phone_F1.wav,2.925,0.0,False,praat_control
praat7_filtered_v0.3,phone_F1.wav,2.935,0.0,False,praat_control
praat7_filtered_v0.3,phone_F1.wav,2.945,0.0,False,praat_control
praat7_filtered_v0.3,phone_F1.wav,2.955,0.0,False,praat_control
praat7_filtered_v0.3,phone_F1.wav,2.965,0.0,False,praat_control
praat7_filtered_v0.3,phone_F1.wav,2.975,0.0,False,praat_control
praat7_filtered_v0.3,phone_F1.wav,2.985,0.0,False,praat_control
praat7_filtered_v0.3,phone_F1.wav,2.995,0.0,False,praat_control
praat7_filtered_v0.3,phone_F1.wav,3.005,0.0,False,praat_control
praat7_filtered_v0.3,phone_F1.wav,3.015,0.0,False,praat_control
praat7_filtered_v0.3,phone_F1.wav,3.025,0.0,False,praat_control
praat7_filtered_v0.3,phone_F1.wav,3.035,0.0,False,praat_control
praat7_filtered_v0.3,phone_F1.wav,3.045,0.0,False,praat_control
praat7_filtered_v0.3,phone_F1.wav,3.055,0.0,False,praat_control
praat7_filtered_v0.3,phone_F1.wav,3.065,0.0,False,praat_control
praat7_filtered_v0.3,phone_F1.wav,3.075,0.0,False,praat_control
praat7_filtered_v0.3,phone_F1.wav,3.085,0.0,False,praat_control
praat7_filtered_v0.3,phone_F1.wav,3.095,0.0,False,praat_control
praat7_filtered_v0.3,phone_F1.wav,3.105,0.0,False,praat_control
praat7_filtered_v0.3,phone_F1.wav,3.115,0.0,False,praat_control
praat7_filtered_v0.3,phone_F1.wav,3.125,0.0,False,praat_control
praat7_filtered_v0.3,phone_F1.wav,3.135,0.0,False,praat_control
praat7_filtered_v0.3,phone_F1.wav,3.145,0.0,False,praat_control
praat7_filtered_v0.3,phone_F1.wav,3.155,0.0,False,praat_control
praat7_filtered_v0.3,phone_F1.wav,3.165,0.0,False,praat_control
praat7_filtered_v0.3,phone_F1.wav,3.175,0.0,False,praat_control
praat7_filtered_v0.3,phone_F1.wav,3.185,0.0,False,praat_control
praat7_filtered_v0.3,phone_F1.wav,3.195,0.0,False,praat_control
praat7_filtered_v0.3,phone_F1.wav,3.205,0.0,False,praat_control
praat7_filtered_v0.3,phone_F1.wav,3.215,0.0,False,praat_control
praat_gate_reaper_c0.9,phone_F1.wav,0.025,0.0,False,unvoiced
praat_gate_reaper_c0.9,phone_F1.wav,0.035,0.0,False,unvoiced
praat_gate_reaper_c0.9,phone_F1.wav,0.045,0.0,False,unvoiced
praat_gate_reaper_c0.9,phone_F1.wav,0.055,0.0,False,unvoiced
praat_gate_reaper_c0.9,phone_F1.wav,0.065,0.0,False,unvoiced
praat_gate_reaper_c0.9,phone_F1.wav,0.075,0.0,False,unvoiced
praat_gate_reaper_c0.9,phone_F1.wav,0.085,0.0,False,unvoiced
praat_gate_reaper_c0.9,phone_F1.wav,0.095,0.0,False,unvoiced
praat_gate_reaper_c0.9,phone_F1.wav,0.105,0.0,False,unvoiced
praat_gate_reaper_c0.9,phone_F1.wav,0.115,0.0,False,unvoiced
praat_gate_reaper_c0.9,phone_F1.wav,0.125,0.0,False,unvoiced
praat_gate_reaper_c0.9,phone_F1.wav,0.135,0.0,False,unvoiced
praat_gate_reaper_c0.9,phone_F1.wav,0.145,0.0,False,unvoiced
praat_gate_reaper_c0.9,phone_F1.wav,0.155,0.0,False,unvoiced
praat_gate_reaper_c0.9,phone_F1.wav,0.165,0.0,False,unvoiced
praat_gate_reaper_c0.9,phone_F1.wav,0.175,0.0,False,unvoiced
praat_gate_reaper_c0.9,phone_F1.wav,0.185,0.0,False,unvoiced
praat_gate_reaper_c0.9,phone_F1.wav,0.195,0.0,False,unvoiced
praat_gate_reaper_c0.9,phone_F1.wav,0.205,0.0,False,unvoiced
praat_gate_reaper_c0.9,phone_F1.wav,0.215,0.0,False,unvoiced
praat_gate_reaper_c0.9,phone_F1.wav,0.225,0.0,False,unvoiced
praat_gate_reaper_c0.9,phone_F1.wav,0.235,0.0,False,unvoiced
praat_gate_reaper_c0.9,phone_F1.wav,0.245,0.0,False,unvoiced
praat_gate_reaper_c0.9,phone_F1.wav,0.255,0.0,False,unvoiced
praat_gate_reaper_c0.9,phone_F1.wav,0.265,0.0,False,unvoiced
praat_gate_reaper_c0.9,phone_F1.wav,0.275,0.0,False,unvoiced
praat_gate_reaper_c0.9,phone_F1.wav,0.285,0.0,False,unvoiced
praat_gate_reaper_c0.9,phone_F1.wav,0.295,0.0,False,unvoiced
praat_gate_reaper_c0.9,phone_F1.wav,0.305,0.0,False,unvoiced
praat_gate_reaper_c0.9,phone_F1.wav,0.315,0.0,False,unvoiced
praat_gate_reaper_c0.9,phone_F1.wav,0.325,0.0,False,unvoiced
praat_gate_reaper_c0.9,phone_F1.wav,0.335,0.0,False,unvoiced
praat_gate_reaper_c0.9,phone_F1.wav,0.345,0.0,False,unvoiced
praat_gate_reaper_c0.9,phone_F1.wav,0.355,0.0,False,unvoiced
praat_gate_reaper_c0.9,phone_F1.wav,0.365,0.0,False,unvoiced
praat_gate_reaper_c0.9,phone_F1.wav,0.375,0.0,False,unvoiced
praat_gate_reaper_c0.9,phone_F1.wav,0.385,0.0,False,unvoiced
praat_gate_reaper_c0.9,phone_F1.wav,0.395,0.0,False,unvoiced
praat_gate_reaper_c0.9,phone_F1.wav,0.405,0.0,False,unvoiced
praat_gate_reaper_c0.9,phone_F1.wav,0.415,0.0,False,unvoiced
praat_gate_reaper_c0.9,phone_F1.wav,0.425,0.0,False,unvoiced
praat_gate_reaper_c0.9,phone_F1.wav,0.435,0.0,False,unvoiced
praat_gate_reaper_c0.9,phone_F1.wav,0.445,0.0,False,unvoiced
praat_gate_reaper_c0.9,phone_F1.wav,0.455,0.0,False,unvoiced
praat_gate_reaper_c0.9,phone_F1.wav,0.465,0.0,False,unvoiced
praat_gate_reaper_c0.9,phone_F1.wav,0.475,0.0,False,unvoiced
praat_gate_reaper_c0.9,phone_F1.wav,0.485,0.0,False,unvoiced
praat_gate_reaper_c0.9,phone_F1.wav,0.495,0.0,False,unvoiced
praat_gate_reaper_c0.9,phone_F1.wav,0.505,0.0,False,unvoiced
praat_gate_reaper_c0.9,phone_F1.wav,0.515,0.0,False,unvoiced
praat_gate_reaper_c0.9,phone_F1.wav,0.525,0.0,False,unvoiced
praat_gate_reaper_c0.9,phone_F1.wav,0.535,0.0,False,unvoiced
praat_gate_reaper_c0.9,phone_F1.wav,0.545,224.0735160407899,True,praat_missing
praat_gate_reaper_c0.9,phone_F1.wav,0.555,222.22222900390625,True,reaper
praat_gate_reaper_c0.9,phone_F1.wav,0.565,216.21621704101562,True,reaper
praat_gate_reaper_c0.9,phone_F1.wav,0.575,216.21621704101562,True,reaper
praat_gate_reaper_c0.9,phone_F1.wav,0.585,219.17808532714844,True,reaper
praat_gate_reaper_c0.9,phone_F1.wav,0.595,216.21621704101562,True,reaper
praat_gate_reaper_c0.9,phone_F1.wav,0.605,216.21621704101562,True,reaper
praat_gate_reaper_c0.9,phone_F1.wav,0.615,216.21621704101562,True,reaper
praat_gate_reaper_c0.9,phone_F1.wav,0.625,222.22222900390625,True,reaper
praat_gate_reaper_c0.9,phone_F1.wav,0.635,225.35211181640625,True,reaper
praat_gate_reaper_c0.9,phone_F1.wav,0.645,228.57142639160156,True,reaper
praat_gate_reaper_c0.9,phone_F1.wav,0.655,228.57142639160156,True,reaper
praat_gate_reaper_c0.9,phone_F1.wav,0.665,228.57142639160156,True,reaper
praat_gate_reaper_c0.9,phone_F1.wav,0.675,228.57142639160156,True,reaper
praat_gate_reaper_c0.9,phone_F1.wav,0.685,228.57142639160156,True,reaper
praat_gate_reaper_c0.9,phone_F1.wav,0.695,228.57142639160156,True,reaper
praat_gate_reaper_c0.9,phone_F1.wav,0.705,231.88406372070312,True,reaper
praat_gate_reaper_c0.9,phone_F1.wav,0.715,231.88406372070312,True,reaper
praat_gate_reaper_c0.9,phone_F1.wav,0.725,231.88406372070312,True,reaper
praat_gate_reaper_c0.9,phone_F1.wav,0.735,231.88406372070312,True,reaper
praat_gate_reaper_c0.9,phone_F1.wav,0.745,228.57142639160156,True,reaper
praat_gate_reaper_c0.9,phone_F1.wav,0.755,235.2941131591797,True,reaper
praat_gate_reaper_c0.9,phone_F1.wav,0.765,231.88406372070312,True,reaper
praat_gate_reaper_c0.9,phone_F1.wav,0.775,228.57142639160156,True,reaper
praat_gate_reaper_c0.9,phone_F1.wav,0.785,225.35211181640625,True,reaper
praat_gate_reaper_c0.9,phone_F1.wav,0.795,216.21621704101562,True,reaper
praat_gate_reaper_c0.9,phone_F1.wav,0.805,213.3333282470703,True,reaper
praat_gate_reaper_c0.9,phone_F1.wav,0.815,235.2941131591797,True,reaper
praat_gate_reaper_c0.9,phone_F1.wav,0.825,235.2941131591797,True,reaper
praat_gate_reaper_c0.9,phone_F1.wav,0.835,235.2941131591797,True,reaper
praat_gate_reaper_c0.9,phone_F1.wav,0.845,238.80596923828125,True,reaper
praat_gate_reaper_c0.9,phone_F1.wav,0.855,242.4242401123047,True,reaper
praat_gate_reaper_c0.9,phone_F1.wav,0.865,242.4242401123047,True,reaper
praat_gate_reaper_c0.9,phone_F1.wav,0.875,246.15383911132812,True,reaper
praat_gate_reaper_c0.9,phone_F1.wav,0.885,246.15383911132812,True,reaper
praat_gate_reaper_c0.9,phone_F1.wav,0.895,250.0,True,reaper
praat_gate_reaper_c0.9,phone_F1.wav,0.905,250.0,True,reaper
praat_gate_reaper_c0.9,phone_F1.wav,0.915,246.15383911132812,True,reaper
praat_gate_reaper_c0.9,phone_F1.wav,0.925,246.15383911132812,True,reaper
praat_gate_reaper_c0.9,phone_F1.wav,0.935,242.4242401123047,True,reaper
praat_gate_reaper_c0.9,phone_F1.wav,0.945,242.4242401123047,True,reaper
praat_gate_reaper_c0.9,phone_F1.wav,0.955,238.80596923828125,True,reaper
praat_gate_reaper_c0.9,phone_F1.wav,0.965,231.88406372070312,True,reaper
praat_gate_reaper_c0.9,phone_F1.wav,0.975,222.22222900390625,True,reaper
praat_gate_reaper_c0.9,phone_F1.wav,0.985,188.23529052734375,True,reaper
praat_gate_reaper_c0.9,phone_F1.wav,0.995,207.79220581054688,True,reaper
praat_gate_reaper_c0.9,phone_F1.wav,1.005,231.88406372070312,True,reaper
praat_gate_reaper_c0.9,phone_F1.wav,1.015,231.88406372070312,True,reaper
praat_gate_reaper_c0.9,phone_F1.wav,1.025,231.88406372070312,True,reaper
praat_gate_reaper_c0.9,phone_F1.wav,1.035,225.35211181640625,True,reaper
praat_gate_reaper_c0.9,phone_F1.wav,1.045,225.35211181640625,True,reaper
praat_gate_reaper_c0.9,phone_F1.wav,1.055,228.57142639160156,True,reaper
praat_gate_reaper_c0.9,phone_F1.wav,1.065,205.12820434570312,True,reaper
praat_gate_reaper_c0.9,phone_F1.wav,1.075,231.88406372070312,True,reaper
praat_gate_reaper_c0.9,phone_F1.wav,1.085,235.2941131591797,True,reaper
praat_gate_reaper_c0.9,phone_F1.wav,1.095,242.4242401123047,True,reaper
praat_gate_reaper_c0.9,phone_F1.wav,1.105,246.15383911132812,True,reaper
praat_gate_reaper_c0.9,phone_F1.wav,1.115,246.15383911132812,True,reaper
praat_gate_reaper_c0.9,phone_F1.wav,1.125,238.80596923828125,True,reaper
praat_gate_reaper_c0.9,phone_F1.wav,1.135,237.377532865565,True,praat_missing
praat_gate_reaper_c0.9,phone_F1.wav,1.145,0.0,False,unvoiced
praat_gate_reaper_c0.9,phone_F1.wav,1.155,0.0,False,unvoiced
praat_gate_reaper_c0.9,phone_F1.wav,1.165,0.0,False,unvoiced
praat_gate_reaper_c0.9,phone_F1.wav,1.175,0.0,False,unvoiced
praat_gate_reaper_c0.9,phone_F1.wav,1.185,0.0,False,unvoiced
praat_gate_reaper_c0.9,phone_F1.wav,1.195,0.0,False,unvoiced
praat_gate_reaper_c0.9,phone_F1.wav,1.205,0.0,False,unvoiced
praat_gate_reaper_c0.9,phone_F1.wav,1.215,202.53164672851562,True,reaper
praat_gate_reaper_c0.9,phone_F1.wav,1.225,188.23529052734375,True,reaper
praat_gate_reaper_c0.9,phone_F1.wav,1.235,186.0465087890625,True,reaper
praat_gate_reaper_c0.9,phone_F1.wav,1.245,181.81817626953125,True,reaper
praat_gate_reaper_c0.9,phone_F1.wav,1.255,181.81817626953125,True,reaper
praat_gate_reaper_c0.9,phone_F1.wav,1.265,177.77777099609375,True,reaper
praat_gate_reaper_c0.9,phone_F1.wav,1.275,179.77528381347656,True,reaper
praat_gate_reaper_c0.9,phone_F1.wav,1.285,183.90805053710938,True,reaper
praat_gate_reaper_c0.9,phone_F1.wav,1.295,181.81817626953125,True,reaper
praat_gate_reaper_c0.9,phone_F1.wav,1.305,186.0465087890625,True,reaper
praat_gate_reaper_c0.9,phone_F1.wav,1.315,181.81817626953125,True,reaper
praat_gate_reaper_c0.9,phone_F1.wav,1.325,89.88764190673828,True,reaper
praat_gate_reaper_c0.9,phone_F1.wav,1.335,89.88764190673828,True,reaper
praat_gate_reaper_c0.9,phone_F1.wav,1.345,79.20792388916016,True,reaper
praat_gate_reaper_c0.9,phone_F1.wav,1.355,0.0,False,unvoiced
praat_gate_reaper_c0.9,phone_F1.wav,1.365,0.0,False,unvoiced
praat_gate_reaper_c0.9,phone_F1.wav,1.375,0.0,False,unvoiced
praat_gate_reaper_c0.9,phone_F1.wav,1.385,0.0,False,unvoiced
praat_gate_reaper_c0.9,phone_F1.wav,1.395,0.0,False,unvoiced
praat_gate_reaper_c0.9,phone_F1.wav,1.405,0.0,False,unvoiced
praat_gate_reaper_c0.9,phone_F1.wav,1.415,0.0,False,unvoiced
praat_gate_reaper_c0.9,phone_F1.wav,1.425,0.0,False,unvoiced
praat_gate_reaper_c0.9,phone_F1.wav,1.435,0.0,False,unvoiced
praat_gate_reaper_c0.9,phone_F1.wav,1.445,0.0,False,unvoiced
praat_gate_reaper_c0.9,phone_F1.wav,1.455,222.22222900390625,True,reaper
praat_gate_reaper_c0.9,phone_F1.wav,1.465,207.79220581054688,True,reaper
praat_gate_reaper_c0.9,phone_F1.wav,1.475,202.53164672851562,True,reaper
praat_gate_reaper_c0.9,phone_F1.wav,1.485,197.53086853027344,True,reaper
praat_gate_reaper_c0.9,phone_F1.wav,1.495,197.53086853027344,True,reaper
praat_gate_reaper_c0.9,phone_F1.wav,1.505,197.53086853027344,True,reaper
praat_gate_reaper_c0.9,phone_F1.wav,1.515,195.1219482421875,True,reaper
praat_gate_reaper_c0.9,phone_F1.wav,1.525,192.77108764648438,True,reaper
praat_gate_reaper_c0.9,phone_F1.wav,1.535,192.77108764648438,True,reaper
praat_gate_reaper_c0.9,phone_F1.wav,1.545,190.4761962890625,True,reaper
praat_gate_reaper_c0.9,phone_F1.wav,1.555,190.4761962890625,True,reaper
praat_gate_reaper_c0.9,phone_F1.wav,1.565,186.0465087890625,True,reaper
praat_gate_reaper_c0.9,phone_F1.wav,1.575,188.23529052734375,True,reaper
praat_gate_reaper_c0.9,phone_F1.wav,1.585,213.3333282470703,True,reaper
praat_gate_reaper_c0.9,phone_F1.wav,1.595,153.84616088867188,True,reaper
praat_gate_reaper_c0.9,phone_F1.wav,1.605,94.67455291748047,True,reaper
praat_gate_reaper_c0.9,phone_F1.wav,1.615,92.48554992675781,True,reaper
praat_gate_reaper_c0.9,phone_F1.wav,1.625,0.0,False,unvoiced
praat_gate_reaper_c0.9,phone_F1.wav,1.635,0.0,False,unvoiced
praat_gate_reaper_c0.9,phone_F1.wav,1.645,0.0,False,unvoiced
praat_gate_reaper_c0.9,phone_F1.wav,1.655,0.0,False,unvoiced
praat_gate_reaper_c0.9,phone_F1.wav,1.665,0.0,False,unvoiced
praat_gate_reaper_c0.9,phone_F1.wav,1.675,0.0,False,unvoiced
praat_gate_reaper_c0.9,phone_F1.wav,1.685,0.0,False,unvoiced
praat_gate_reaper_c0.9,phone_F1.wav,1.695,0.0,False,unvoiced
praat_gate_reaper_c0.9,phone_F1.wav,1.705,0.0,False,unvoiced
praat_gate_reaper_c0.9,phone_F1.wav,1.715,0.0,False,unvoiced
praat_gate_reaper_c0.9,phone_F1.wav,1.725,0.0,False,unvoiced
praat_gate_reaper_c0.9,phone_F1.wav,1.735,0.0,False,unvoiced
praat_gate_reaper_c0.9,phone_F1.wav,1.745,0.0,False,unvoiced
praat_gate_reaper_c0.9,phone_F1.wav,1.755,0.0,False,unvoiced
praat_gate_reaper_c0.9,phone_F1.wav,1.765,0.0,False,unvoiced
praat_gate_reaper_c0.9,phone_F1.wav,1.775,0.0,False,unvoiced
praat_gate_reaper_c0.9,phone_F1.wav,1.785,0.0,False,unvoiced
praat_gate_reaper_c0.9,phone_F1.wav,1.795,0.0,False,unvoiced
praat_gate_reaper_c0.9,phone_F1.wav,1.805,0.0,False,unvoiced
praat_gate_reaper_c0.9,phone_F1.wav,1.815,0.0,False,unvoiced
praat_gate_reaper_c0.9,phone_F1.wav,1.825,0.0,False,unvoiced
praat_gate_reaper_c0.9,phone_F1.wav,1.835,225.7173191107258,True,praat_missing
praat_gate_reaper_c0.9,phone_F1.wav,1.845,217.90010520086597,True,praat_missing
praat_gate_reaper_c0.9,phone_F1.wav,1.855,0.0,False,unvoiced
praat_gate_reaper_c0.9,phone_F1.wav,1.865,0.0,False,unvoiced
praat_gate_reaper_c0.9,phone_F1.wav,1.875,0.0,False,unvoiced
praat_gate_reaper_c0.9,phone_F1.wav,1.885,0.0,False,unvoiced
praat_gate_reaper_c0.9,phone_F1.wav,1.895,0.0,False,unvoiced
praat_gate_reaper_c0.9,phone_F1.wav,1.905,0.0,False,unvoiced
praat_gate_reaper_c0.9,phone_F1.wav,1.915,219.17808532714844,True,reaper
praat_gate_reaper_c0.9,phone_F1.wav,1.925,228.57142639160156,True,reaper
praat_gate_reaper_c0.9,phone_F1.wav,1.935,225.35211181640625,True,reaper
praat_gate_reaper_c0.9,phone_F1.wav,1.945,222.22222900390625,True,reaper
praat_gate_reaper_c0.9,phone_F1.wav,1.955,222.22222900390625,True,reaper
praat_gate_reaper_c0.9,phone_F1.wav,1.965,222.22222900390625,True,reaper
praat_gate_reaper_c0.9,phone_F1.wav,1.975,219.17808532714844,True,reaper
praat_gate_reaper_c0.9,phone_F1.wav,1.985,219.17808532714844,True,reaper
praat_gate_reaper_c0.9,phone_F1.wav,1.995,216.21621704101562,True,reaper
praat_gate_reaper_c0.9,phone_F1.wav,2.005,216.21621704101562,True,reaper
praat_gate_reaper_c0.9,phone_F1.wav,2.015,210.5263214111328,True,reaper
praat_gate_reaper_c0.9,phone_F1.wav,2.025,210.5263214111328,True,reaper
praat_gate_reaper_c0.9,phone_F1.wav,2.035,190.4761962890625,True,reaper
praat_gate_reaper_c0.9,phone_F1.wav,2.045,190.4761962890625,True,reaper
praat_gate_reaper_c0.9,phone_F1.wav,2.055,190.4761962890625,True,reaper
praat_gate_reaper_c0.9,phone_F1.wav,2.065,190.4761962890625,True,reaper
praat_gate_reaper_c0.9,phone_F1.wav,2.075,205.12820434570312,True,reaper
praat_gate_reaper_c0.9,phone_F1.wav,2.085,205.12820434570312,True,reaper
praat_gate_reaper_c0.9,phone_F1.wav,2.095,200.0,True,reaper
praat_gate_reaper_c0.9,phone_F1.wav,2.105,200.0,True,reaper
praat_gate_reaper_c0.9,phone_F1.wav,2.115,197.53086853027344,True,reaper
praat_gate_reaper_c0.9,phone_F1.wav,2.125,197.53086853027344,True,reaper
praat_gate_reaper_c0.9,phone_F1.wav,2.135,195.1219482421875,True,reaper
praat_gate_reaper_c0.9,phone_F1.wav,2.145,195.1219482421875,True,reaper
praat_gate_reaper_c0.9,phone_F1.wav,2.155,192.77108764648438,True,reaper
praat_gate_reaper_c0.9,phone_F1.wav,2.165,192.77108764648438,True,reaper
praat_gate_reaper_c0.9,phone_F1.wav,2.175,192.77108764648438,True,reaper
praat_gate_reaper_c0.9,phone_F1.wav,2.185,188.23529052734375,True,reaper
praat_gate_reaper_c0.9,phone_F1.wav,2.195,189.24587489692033,True,praat_missing
praat_gate_reaper_c0.9,phone_F1.wav,2.205,0.0,False,unvoiced
praat_gate_reaper_c0.9,phone_F1.wav,2.215,0.0,False,unvoiced
praat_gate_reaper_c0.9,phone_F1.wav,2.225,0.0,False,unvoiced
praat_gate_reaper_c0.9,phone_F1.wav,2.235,0.0,False,unvoiced
praat_gate_reaper_c0.9,phone_F1.wav,2.245,0.0,False,unvoiced
praat_gate_reaper_c0.9,phone_F1.wav,2.255,0.0,False,unvoiced
praat_gate_reaper_c0.9,phone_F1.wav,2.265,0.0,False,unvoiced
praat_gate_reaper_c0.9,phone_F1.wav,2.275,0.0,False,unvoiced
praat_gate_reaper_c0.9,phone_F1.wav,2.285,235.2941131591797,True,reaper
praat_gate_reaper_c0.9,phone_F1.wav,2.295,235.2941131591797,True,reaper
praat_gate_reaper_c0.9,phone_F1.wav,2.305,235.2941131591797,True,reaper
praat_gate_reaper_c0.9,phone_F1.wav,2.315,235.2941131591797,True,reaper
praat_gate_reaper_c0.9,phone_F1.wav,2.325,242.4242401123047,True,reaper
praat_gate_reaper_c0.9,phone_F1.wav,2.335,242.4242401123047,True,reaper
praat_gate_reaper_c0.9,phone_F1.wav,2.345,0.0,False,unvoiced
praat_gate_reaper_c0.9,phone_F1.wav,2.355,0.0,False,unvoiced
praat_gate_reaper_c0.9,phone_F1.wav,2.365,0.0,False,unvoiced
praat_gate_reaper_c0.9,phone_F1.wav,2.375,0.0,False,unvoiced
praat_gate_reaper_c0.9,phone_F1.wav,2.385,0.0,False,unvoiced
praat_gate_reaper_c0.9,phone_F1.wav,2.395,0.0,False,unvoiced
praat_gate_reaper_c0.9,phone_F1.wav,2.405,255.80963167920584,True,praat_missing
praat_gate_reaper_c0.9,phone_F1.wav,2.415,262.2950744628906,True,reaper
praat_gate_reaper_c0.9,phone_F1.wav,2.425,219.17808532714844,True,reaper
praat_gate_reaper_c0.9,phone_F1.wav,2.435,207.79220581054688,True,reaper
praat_gate_reaper_c0.9,phone_F1.wav,2.445,192.77108764648438,True,reaper
praat_gate_reaper_c0.9,phone_F1.wav,2.455,99.3788833618164,True,reaper
praat_gate_reaper_c0.9,phone_F1.wav,2.465,99.3788833618164,True,reaper
praat_gate_reaper_c0.9,phone_F1.wav,2.475,95.23809814453125,True,reaper
praat_gate_reaper_c0.9,phone_F1.wav,2.485,98.76543426513672,True,reaper
praat_gate_reaper_c0.9,phone_F1.wav,2.495,105.96026611328125,True,reaper
praat_gate_reaper_c0.9,phone_F1.wav,2.505,98.15950775146484,True,reaper
praat_gate_reaper_c0.9,phone_F1.wav,2.515,0.0,False,unvoiced
praat_gate_reaper_c0.9,phone_F1.wav,2.525,0.0,False,unvoiced
praat_gate_reaper_c0.9,phone_F1.wav,2.535,0.0,False,unvoiced
praat_gate_reaper_c0.9,phone_F1.wav,2.545,0.0,False,unvoiced
praat_gate_reaper_c0.9,phone_F1.wav,2.555,0.0,False,unvoiced
praat_gate_reaper_c0.9,phone_F1.wav,2.565,0.0,False,unvoiced
praat_gate_reaper_c0.9,phone_F1.wav,2.575,0.0,False,unvoiced
praat_gate_reaper_c0.9,phone_F1.wav,2.585,0.0,False,unvoiced
praat_gate_reaper_c0.9,phone_F1.wav,2.595,0.0,False,unvoiced
praat_gate_reaper_c0.9,phone_F1.wav,2.605,0.0,False,unvoiced
praat_gate_reaper_c0.9,phone_F1.wav,2.615,0.0,False,unvoiced
praat_gate_reaper_c0.9,phone_F1.wav,2.625,0.0,False,unvoiced
praat_gate_reaper_c0.9,phone_F1.wav,2.635,0.0,False,unvoiced
praat_gate_reaper_c0.9,phone_F1.wav,2.645,0.0,False,unvoiced
praat_gate_reaper_c0.9,phone_F1.wav,2.655,0.0,False,unvoiced
praat_gate_reaper_c0.9,phone_F1.wav,2.665,222.22222900390625,True,reaper
praat_gate_reaper_c0.9,phone_F1.wav,2.675,200.0,True,reaper
praat_gate_reaper_c0.9,phone_F1.wav,2.685,197.53086853027344,True,reaper
praat_gate_reaper_c0.9,phone_F1.wav,2.695,195.1219482421875,True,reaper
praat_gate_reaper_c0.9,phone_F1.wav,2.705,192.77108764648438,True,reaper
praat_gate_reaper_c0.9,phone_F1.wav,2.715,190.4761962890625,True,reaper
praat_gate_reaper_c0.9,phone_F1.wav,2.725,186.0465087890625,True,reaper
praat_gate_reaper_c0.9,phone_F1.wav,2.735,184.53844387721648,True,praat_missing
praat_gate_reaper_c0.9,phone_F1.wav,2.745,0.0,False,unvoiced
praat_gate_reaper_c0.9,phone_F1.wav,2.755,0.0,False,unvoiced
praat_gate_reaper_c0.9,phone_F1.wav,2.765,0.0,False,unvoiced
praat_gate_reaper_c0.9,phone_F1.wav,2.775,0.0,False,unvoiced
praat_gate_reaper_c0.9,phone_F1.wav,2.785,0.0,False,unvoiced
praat_gate_reaper_c0.9,phone_F1.wav,2.795,0.0,False,unvoiced
praat_gate_reaper_c0.9,phone_F1.wav,2.805,0.0,False,unvoiced
praat_gate_reaper_c0.9,phone_F1.wav,2.815,0.0,False,unvoiced
praat_gate_reaper_c0.9,phone_F1.wav,2.825,0.0,False,unvoiced
praat_gate_reaper_c0.9,phone_F1.wav,2.835,0.0,False,unvoiced
praat_gate_reaper_c0.9,phone_F1.wav,2.845,0.0,False,unvoiced
praat_gate_reaper_c0.9,phone_F1.wav,2.855,0.0,False,unvoiced
praat_gate_reaper_c0.9,phone_F1.wav,2.865,0.0,False,unvoiced
praat_gate_reaper_c0.9,phone_F1.wav,2.875,0.0,False,unvoiced
praat_gate_reaper_c0.9,phone_F1.wav,2.885,0.0,False,unvoiced
praat_gate_reaper_c0.9,phone_F1.wav,2.895,0.0,False,unvoiced
praat_gate_reaper_c0.9,phone_F1.wav,2.905,0.0,False,unvoiced
praat_gate_reaper_c0.9,phone_F1.wav,2.915,0.0,False,unvoiced
praat_gate_reaper_c0.9,phone_F1.wav,2.925,0.0,False,unvoiced
praat_gate_reaper_c0.9,phone_F1.wav,2.935,0.0,False,unvoiced
praat_gate_reaper_c0.9,phone_F1.wav,2.945,0.0,False,unvoiced
praat_gate_reaper_c0.9,phone_F1.wav,2.955,0.0,False,unvoiced
praat_gate_reaper_c0.9,phone_F1.wav,2.965,0.0,False,unvoiced
praat_gate_reaper_c0.9,phone_F1.wav,2.975,0.0,False,unvoiced
praat_gate_reaper_c0.9,phone_F1.wav,2.985,0.0,False,unvoiced
praat_gate_reaper_c0.9,phone_F1.wav,2.995,0.0,False,unvoiced
praat_gate_reaper_c0.9,phone_F1.wav,3.005,0.0,False,unvoiced
praat_gate_reaper_c0.9,phone_F1.wav,3.015,0.0,False,unvoiced
praat_gate_reaper_c0.9,phone_F1.wav,3.025,0.0,False,unvoiced
praat_gate_reaper_c0.9,phone_F1.wav,3.035,0.0,False,unvoiced
praat_gate_reaper_c0.9,phone_F1.wav,3.045,0.0,False,unvoiced
praat_gate_reaper_c0.9,phone_F1.wav,3.055,0.0,False,unvoiced
praat_gate_reaper_c0.9,phone_F1.wav,3.065,0.0,False,unvoiced
praat_gate_reaper_c0.9,phone_F1.wav,3.075,0.0,False,unvoiced
praat_gate_reaper_c0.9,phone_F1.wav,3.085,0.0,False,unvoiced
praat_gate_reaper_c0.9,phone_F1.wav,3.095,0.0,False,unvoiced
praat_gate_reaper_c0.9,phone_F1.wav,3.105,0.0,False,unvoiced
praat_gate_reaper_c0.9,phone_F1.wav,3.115,0.0,False,unvoiced
praat_gate_reaper_c0.9,phone_F1.wav,3.125,0.0,False,unvoiced
praat_gate_reaper_c0.9,phone_F1.wav,3.135,0.0,False,unvoiced
praat_gate_reaper_c0.9,phone_F1.wav,3.145,0.0,False,unvoiced
praat_gate_reaper_c0.9,phone_F1.wav,3.155,0.0,False,unvoiced
praat_gate_reaper_c0.9,phone_F1.wav,3.165,0.0,False,unvoiced
praat_gate_reaper_c0.9,phone_F1.wav,3.175,0.0,False,unvoiced
praat_gate_reaper_c0.9,phone_F1.wav,3.185,0.0,False,unvoiced
praat_gate_reaper_c0.9,phone_F1.wav,3.195,0.0,False,unvoiced
praat_gate_reaper_c0.9,phone_F1.wav,3.205,0.0,False,unvoiced
praat_gate_reaper_c0.9,phone_F1.wav,3.215,0.0,False,unvoiced
praat_reaper_b100_a0.5,phone_F1.wav,0.025,0.0,False,unvoiced
praat_reaper_b100_a0.5,phone_F1.wav,0.035,0.0,False,unvoiced
praat_reaper_b100_a0.5,phone_F1.wav,0.045,0.0,False,unvoiced
praat_reaper_b100_a0.5,phone_F1.wav,0.055,0.0,False,unvoiced
praat_reaper_b100_a0.5,phone_F1.wav,0.065,0.0,False,unvoiced
praat_reaper_b100_a0.5,phone_F1.wav,0.075,0.0,False,unvoiced
praat_reaper_b100_a0.5,phone_F1.wav,0.085,0.0,False,unvoiced
praat_reaper_b100_a0.5,phone_F1.wav,0.095,0.0,False,unvoiced
praat_reaper_b100_a0.5,phone_F1.wav,0.105,0.0,False,unvoiced
praat_reaper_b100_a0.5,phone_F1.wav,0.115,0.0,False,unvoiced
praat_reaper_b100_a0.5,phone_F1.wav,0.125,0.0,False,unvoiced
praat_reaper_b100_a0.5,phone_F1.wav,0.135,0.0,False,unvoiced
praat_reaper_b100_a0.5,phone_F1.wav,0.145,0.0,False,unvoiced
praat_reaper_b100_a0.5,phone_F1.wav,0.155,0.0,False,unvoiced
praat_reaper_b100_a0.5,phone_F1.wav,0.165,0.0,False,unvoiced
praat_reaper_b100_a0.5,phone_F1.wav,0.175,0.0,False,unvoiced
praat_reaper_b100_a0.5,phone_F1.wav,0.185,0.0,False,unvoiced
praat_reaper_b100_a0.5,phone_F1.wav,0.195,0.0,False,unvoiced
praat_reaper_b100_a0.5,phone_F1.wav,0.205,0.0,False,unvoiced
praat_reaper_b100_a0.5,phone_F1.wav,0.215,0.0,False,unvoiced
praat_reaper_b100_a0.5,phone_F1.wav,0.225,0.0,False,unvoiced
praat_reaper_b100_a0.5,phone_F1.wav,0.235,0.0,False,unvoiced
praat_reaper_b100_a0.5,phone_F1.wav,0.245,0.0,False,unvoiced
praat_reaper_b100_a0.5,phone_F1.wav,0.255,0.0,False,unvoiced
praat_reaper_b100_a0.5,phone_F1.wav,0.265,0.0,False,unvoiced
praat_reaper_b100_a0.5,phone_F1.wav,0.275,0.0,False,unvoiced
praat_reaper_b100_a0.5,phone_F1.wav,0.285,0.0,False,unvoiced
praat_reaper_b100_a0.5,phone_F1.wav,0.295,0.0,False,unvoiced
praat_reaper_b100_a0.5,phone_F1.wav,0.305,0.0,False,unvoiced
praat_reaper_b100_a0.5,phone_F1.wav,0.315,0.0,False,unvoiced
praat_reaper_b100_a0.5,phone_F1.wav,0.325,0.0,False,unvoiced
praat_reaper_b100_a0.5,phone_F1.wav,0.335,0.0,False,unvoiced
praat_reaper_b100_a0.5,phone_F1.wav,0.345,0.0,False,unvoiced
praat_reaper_b100_a0.5,phone_F1.wav,0.355,0.0,False,unvoiced
praat_reaper_b100_a0.5,phone_F1.wav,0.365,0.0,False,unvoiced
praat_reaper_b100_a0.5,phone_F1.wav,0.375,0.0,False,unvoiced
praat_reaper_b100_a0.5,phone_F1.wav,0.385,0.0,False,unvoiced
praat_reaper_b100_a0.5,phone_F1.wav,0.395,0.0,False,unvoiced
praat_reaper_b100_a0.5,phone_F1.wav,0.405,0.0,False,unvoiced
praat_reaper_b100_a0.5,phone_F1.wav,0.415,0.0,False,unvoiced
praat_reaper_b100_a0.5,phone_F1.wav,0.425,0.0,False,unvoiced
praat_reaper_b100_a0.5,phone_F1.wav,0.435,0.0,False,unvoiced
praat_reaper_b100_a0.5,phone_F1.wav,0.445,0.0,False,unvoiced
praat_reaper_b100_a0.5,phone_F1.wav,0.455,0.0,False,unvoiced
praat_reaper_b100_a0.5,phone_F1.wav,0.465,0.0,False,unvoiced
praat_reaper_b100_a0.5,phone_F1.wav,0.475,0.0,False,unvoiced
praat_reaper_b100_a0.5,phone_F1.wav,0.485,0.0,False,unvoiced
praat_reaper_b100_a0.5,phone_F1.wav,0.495,0.0,False,unvoiced
praat_reaper_b100_a0.5,phone_F1.wav,0.505,0.0,False,unvoiced
praat_reaper_b100_a0.5,phone_F1.wav,0.515,0.0,False,unvoiced
praat_reaper_b100_a0.5,phone_F1.wav,0.525,0.0,False,unvoiced
praat_reaper_b100_a0.5,phone_F1.wav,0.535,0.0,False,unvoiced
praat_reaper_b100_a0.5,phone_F1.wav,0.545,224.0735160407899,True,praat_missing
praat_reaper_b100_a0.5,phone_F1.wav,0.555,222.86254358951052,True,blend_agree
praat_reaper_b100_a0.5,phone_F1.wav,0.565,217.64604950947196,True,blend_agree
praat_reaper_b100_a0.5,phone_F1.wav,0.575,216.7975474355792,True,blend_agree
praat_reaper_b100_a0.5,phone_F1.wav,0.585,218.8114253814981,True,blend_agree
praat_reaper_b100_a0.5,phone_F1.wav,0.595,217.1689131717501,True,blend_agree
praat_reaper_b100_a0.5,phone_F1.wav,0.605,217.34067434781997,True,blend_agree
praat_reaper_b100_a0.5,phone_F1.wav,0.615,218.0973971583369,True,blend_agree
praat_reaper_b100_a0.5,phone_F1.wav,0.625,223.0425446229784,True,blend_agree
praat_reaper_b100_a0.5,phone_F1.wav,0.635,226.5922816847969,True,blend_agree
praat_reaper_b100_a0.5,phone_F1.wav,0.645,230.18719946857064,True,blend_agree
praat_reaper_b100_a0.5,phone_F1.wav,0.655,230.9154153921134,True,blend_agree
praat_reaper_b100_a0.5,phone_F1.wav,0.665,229.89824231993808,True,blend_agree
praat_reaper_b100_a0.5,phone_F1.wav,0.675,228.59489029029845,True,blend_agree
praat_reaper_b100_a0.5,phone_F1.wav,0.685,228.81319683415998,True,blend_agree
praat_reaper_b100_a0.5,phone_F1.wav,0.695,229.15058879113775,True,blend_agree
praat_reaper_b100_a0.5,phone_F1.wav,0.705,231.18917995559283,True,blend_agree
praat_reaper_b100_a0.5,phone_F1.wav,0.715,231.63727159815684,True,blend_agree
praat_reaper_b100_a0.5,phone_F1.wav,0.725,232.09232607877956,True,blend_agree
praat_reaper_b100_a0.5,phone_F1.wav,0.735,231.73647417784886,True,blend_agree
praat_reaper_b100_a0.5,phone_F1.wav,0.745,228.7954339212714,True,blend_agree
praat_reaper_b100_a0.5,phone_F1.wav,0.755,234.83609568895372,True,blend_agree
praat_reaper_b100_a0.5,phone_F1.wav,0.765,232.14216765757652,True,blend_agree
praat_reaper_b100_a0.5,phone_F1.wav,0.775,228.78762914169408,True,blend_agree
praat_reaper_b100_a0.5,phone_F1.wav,0.785,225.01595146574044,True,blend_agree
praat_reaper_b100_a0.5,phone_F1.wav,0.795,217.41798648543102,True,blend_agree
praat_reaper_b100_a0.5,phone_F1.wav,0.805,218.33536074572976,True,blend_agree
praat_reaper_b100_a0.5,phone_F1.wav,0.815,234.89863120853792,True,blend_agree
praat_reaper_b100_a0.5,phone_F1.wav,0.825,235.14889958051174,True,blend_agree
praat_reaper_b100_a0.5,phone_F1.wav,0.835,236.09061283977218,True,blend_agree
praat_reaper_b100_a0.5,phone_F1.wav,0.845,238.74333797678847,True,blend_agree
praat_reaper_b100_a0.5,phone_F1.wav,0.855,241.83189974716316,True,blend_agree
praat_reaper_b100_a0.5,phone_F1.wav,0.865,242.57653997796268,True,blend_agree
praat_reaper_b100_a0.5,phone_F1.wav,0.875,244.2809367673674,True,blend_agree
praat_reaper_b100_a0.5,phone_F1.wav,0.885,245.7377017853081,True,blend_agree
praat_reaper_b100_a0.5,phone_F1.wav,0.895,249.7122446591968,True,blend_agree
praat_reaper_b100_a0.5,phone_F1.wav,0.905,249.6620435362997,True,blend_agree
praat_reaper_b100_a0.5,phone_F1.wav,0.915,247.15433601714594,True,blend_agree
praat_reaper_b100_a0.5,phone_F1.wav,0.925,246.3315599416825,True,blend_agree
praat_reaper_b100_a0.5,phone_F1.wav,0.935,243.57130782508614,True,blend_agree
praat_reaper_b100_a0.5,phone_F1.wav,0.945,242.71402265339327,True,blend_agree
praat_reaper_b100_a0.5,phone_F1.wav,0.955,238.92468801693275,True,blend_agree
praat_reaper_b100_a0.5,phone_F1.wav,0.965,232.5057868519354,True,blend_agree
praat_reaper_b100_a0.5,phone_F1.wav,0.975,222.85912737842702,True,blend_agree
praat_reaper_b100_a0.5,phone_F1.wav,0.985,209.86422912660703,True,praat_disagreement
praat_reaper_b100_a0.5,phone_F1.wav,0.995,231.30374990712784,True,praat_disagreement
praat_reaper_b100_a0.5,phone_F1.wav,1.005,234.1079180123009,True,blend_agree
praat_reaper_b100_a0.5,phone_F1.wav,1.015,234.3241421445243,True,blend_agree
praat_reaper_b100_a0.5,phone_F1.wav,1.025,233.0357882452643,True,blend_agree
praat_reaper_b100_a0.5,phone_F1.wav,1.035,227.0349061757261,True,blend_agree
praat_reaper_b100_a0.5,phone_F1.wav,1.045,225.63217797561268,True,blend_agree
praat_reaper_b100_a0.5,phone_F1.wav,1.055,226.74732292012285,True,blend_agree
praat_reaper_b100_a0.5,phone_F1.wav,1.065,227.0078322548543,True,praat_disagreement
praat_reaper_b100_a0.5,phone_F1.wav,1.075,233.41046033778304,True,blend_agree
praat_reaper_b100_a0.5,phone_F1.wav,1.085,236.98885803669904,True,blend_agree
praat_reaper_b100_a0.5,phone_F1.wav,1.095,244.3431760055649,True,blend_agree
praat_reaper_b100_a0.5,phone_F1.wav,1.105,246.58406767636174,True,blend_agree
praat_reaper_b100_a0.5,phone_F1.wav,1.115,245.73570745552604,True,blend_agree
praat_reaper_b100_a0.5,phone_F1.wav,1.125,240.29907496586523,True,blend_agree
praat_reaper_b100_a0.5,phone_F1.wav,1.135,237.377532865565,True,praat_missing
praat_reaper_b100_a0.5,phone_F1.wav,1.145,0.0,False,unvoiced
praat_reaper_b100_a0.5,phone_F1.wav,1.155,0.0,False,unvoiced
praat_reaper_b100_a0.5,phone_F1.wav,1.165,0.0,False,unvoiced
praat_reaper_b100_a0.5,phone_F1.wav,1.175,0.0,False,unvoiced
praat_reaper_b100_a0.5,phone_F1.wav,1.185,0.0,False,unvoiced
praat_reaper_b100_a0.5,phone_F1.wav,1.195,0.0,False,unvoiced
praat_reaper_b100_a0.5,phone_F1.wav,1.205,0.0,False,unvoiced
praat_reaper_b100_a0.5,phone_F1.wav,1.215,225.9302604632008,True,praat_disagreement
praat_reaper_b100_a0.5,phone_F1.wav,1.225,205.16599655586484,True,praat_disagreement
praat_reaper_b100_a0.5,phone_F1.wav,1.235,189.6064534619778,True,blend_agree
praat_reaper_b100_a0.5,phone_F1.wav,1.245,183.60562506681595,True,blend_agree
praat_reaper_b100_a0.5,phone_F1.wav,1.255,181.7846081976028,True,blend_agree
praat_reaper_b100_a0.5,phone_F1.wav,1.265,178.40230745791686,True,blend_agree
praat_reaper_b100_a0.5,phone_F1.wav,1.275,179.23589384663507,True,blend_agree
praat_reaper_b100_a0.5,phone_F1.wav,1.285,182.004552123226,True,blend_agree
praat_reaper_b100_a0.5,phone_F1.wav,1.295,181.68273336257238,True,blend_agree
praat_reaper_b100_a0.5,phone_F1.wav,1.305,184.4552068441778,True,blend_agree
praat_reaper_b100_a0.5,phone_F1.wav,1.315,182.2545507170248,True,blend_agree
praat_reaper_b100_a0.5,phone_F1.wav,1.325,181.81063386147,True,praat_disagreement
praat_reaper_b100_a0.5,phone_F1.wav,1.335,179.07714752164327,True,praat_disagreement
praat_reaper_b100_a0.5,phone_F1.wav,1.345,171.9203815176599,True,praat_disagreement
praat_reaper_b100_a0.5,phone_F1.wav,1.355,0.0,False,unvoiced
praat_reaper_b100_a0.5,phone_F1.wav,1.365,0.0,False,unvoiced
praat_reaper_b100_a0.5,phone_F1.wav,1.375,0.0,False,unvoiced
praat_reaper_b100_a0.5,phone_F1.wav,1.385,0.0,False,unvoiced
praat_reaper_b100_a0.5,phone_F1.wav,1.395,0.0,False,unvoiced
praat_reaper_b100_a0.5,phone_F1.wav,1.405,0.0,False,unvoiced
praat_reaper_b100_a0.5,phone_F1.wav,1.415,0.0,False,unvoiced
praat_reaper_b100_a0.5,phone_F1.wav,1.425,0.0,False,unvoiced
praat_reaper_b100_a0.5,phone_F1.wav,1.435,0.0,False,unvoiced
praat_reaper_b100_a0.5,phone_F1.wav,1.445,0.0,False,unvoiced
praat_reaper_b100_a0.5,phone_F1.wav,1.455,224.02406215491578,True,blend_agree
praat_reaper_b100_a0.5,phone_F1.wav,1.465,211.93817729309495,True,blend_agree
praat_reaper_b100_a0.5,phone_F1.wav,1.475,204.8189023299842,True,blend_agree
praat_reaper_b100_a0.5,phone_F1.wav,1.485,199.53914130089618,True,blend_agree
praat_reaper_b100_a0.5,phone_F1.wav,1.495,198.00815887604327,True,blend_agree
praat_reaper_b100_a0.5,phone_F1.wav,1.505,196.9989024540336,True,blend_agree
praat_reaper_b100_a0.5,phone_F1.wav,1.515,195.21370258519036,True,blend_agree
praat_reaper_b100_a0.5,phone_F1.wav,1.525,193.30818343378414,True,blend_agree
praat_reaper_b100_a0.5,phone_F1.wav,1.535,192.645035190351,True,blend_agree
praat_reaper_b100_a0.5,phone_F1.wav,1.545,190.85408649330918,True,blend_agree
praat_reaper_b100_a0.5,phone_F1.wav,1.555,189.94027172733777,True,blend_agree
praat_reaper_b100_a0.5,phone_F1.wav,1.565,186.75422408664096,True,blend_agree
praat_reaper_b100_a0.5,phone_F1.wav,1.575,187.6755197462244,True,blend_agree
praat_reaper_b100_a0.5,phone_F1.wav,1.585,197.70368817349527,True,praat_disagreement
praat_reaper_b100_a0.5,phone_F1.wav,1.595,227.3075094072663,True,praat_disagreement
praat_reaper_b100_a0.5,phone_F1.wav,1.605,247.8394397434645,True,praat_disagreement
praat_reaper_b100_a0.5,phone_F1.wav,1.615,229.95963962648997,True,praat_disagreement
praat_reaper_b100_a0.5,phone_F1.wav,1.625,0.0,False,unvoiced
praat_reaper_b100_a0.5,phone_F1.wav,1.635,0.0,False,unvoiced
praat_reaper_b100_a0.5,phone_F1.wav,1.645,0.0,False,unvoiced
praat_reaper_b100_a0.5,phone_F1.wav,1.655,0.0,False,unvoiced
praat_reaper_b100_a0.5,phone_F1.wav,1.665,0.0,False,unvoiced
praat_reaper_b100_a0.5,phone_F1.wav,1.675,0.0,False,unvoiced
praat_reaper_b100_a0.5,phone_F1.wav,1.685,0.0,False,unvoiced
praat_reaper_b100_a0.5,phone_F1.wav,1.695,0.0,False,unvoiced
praat_reaper_b100_a0.5,phone_F1.wav,1.705,0.0,False,unvoiced
praat_reaper_b100_a0.5,phone_F1.wav,1.715,0.0,False,unvoiced
praat_reaper_b100_a0.5,phone_F1.wav,1.725,0.0,False,unvoiced
praat_reaper_b100_a0.5,phone_F1.wav,1.735,0.0,False,unvoiced
praat_reaper_b100_a0.5,phone_F1.wav,1.745,0.0,False,unvoiced
praat_reaper_b100_a0.5,phone_F1.wav,1.755,0.0,False,unvoiced
praat_reaper_b100_a0.5,phone_F1.wav,1.765,0.0,False,unvoiced
praat_reaper_b100_a0.5,phone_F1.wav,1.775,0.0,False,unvoiced
praat_reaper_b100_a0.5,phone_F1.wav,1.785,0.0,False,unvoiced
praat_reaper_b100_a0.5,phone_F1.wav,1.795,0.0,False,unvoiced
praat_reaper_b100_a0.5,phone_F1.wav,1.805,0.0,False,unvoiced
praat_reaper_b100_a0.5,phone_F1.wav,1.815,0.0,False,unvoiced
praat_reaper_b100_a0.5,phone_F1.wav,1.825,0.0,False,unvoiced
praat_reaper_b100_a0.5,phone_F1.wav,1.835,225.7173191107258,True,praat_missing
praat_reaper_b100_a0.5,phone_F1.wav,1.845,217.90010520086597,True,praat_missing
praat_reaper_b100_a0.5,phone_F1.wav,1.855,0.0,False,unvoiced
praat_reaper_b100_a0.5,phone_F1.wav,1.865,0.0,False,unvoiced
praat_reaper_b100_a0.5,phone_F1.wav,1.875,0.0,False,unvoiced
praat_reaper_b100_a0.5,phone_F1.wav,1.885,0.0,False,unvoiced
praat_reaper_b100_a0.5,phone_F1.wav,1.895,0.0,False,unvoiced
praat_reaper_b100_a0.5,phone_F1.wav,1.905,0.0,False,unvoiced
praat_reaper_b100_a0.5,phone_F1.wav,1.915,218.84300288203184,True,blend_agree
praat_reaper_b100_a0.5,phone_F1.wav,1.925,225.2150458115373,True,blend_agree
praat_reaper_b100_a0.5,phone_F1.wav,1.935,224.75883072771526,True,blend_agree
praat_reaper_b100_a0.5,phone_F1.wav,1.945,223.18167909792336,True,blend_agree
praat_reaper_b100_a0.5,phone_F1.wav,1.955,222.82275243936456,True,blend_agree
praat_reaper_b100_a0.5,phone_F1.wav,1.965,222.2860107556795,True,blend_agree
praat_reaper_b100_a0.5,phone_F1.wav,1.975,220.0911113918766,True,blend_agree
praat_reaper_b100_a0.5,phone_F1.wav,1.985,219.42048091801348,True,blend_agree
praat_reaper_b100_a0.5,phone_F1.wav,1.995,217.24929599455834,True,blend_agree
praat_reaper_b100_a0.5,phone_F1.wav,2.005,216.0630435513019,True,blend_agree
praat_reaper_b100_a0.5,phone_F1.wav,2.015,211.77498761494385,True,blend_agree
praat_reaper_b100_a0.5,phone_F1.wav,2.025,210.29963815652846,True,blend_agree
praat_reaper_b100_a0.5,phone_F1.wav,2.035,195.75629524686735,True,blend_agree
praat_reaper_b100_a0.5,phone_F1.wav,2.045,189.9358700547021,True,blend_agree
praat_reaper_b100_a0.5,phone_F1.wav,2.055,189.92885345708464,True,blend_agree
praat_reaper_b100_a0.5,phone_F1.wav,2.065,190.11651862795,True,blend_agree
praat_reaper_b100_a0.5,phone_F1.wav,2.075,200.67567811348914,True,blend_agree
praat_reaper_b100_a0.5,phone_F1.wav,2.085,204.88099406779202,True,blend_agree
praat_reaper_b100_a0.5,phone_F1.wav,2.095,201.48310900132103,True,blend_agree
praat_reaper_b100_a0.5,phone_F1.wav,2.105,200.6864400253873,True,blend_agree
praat_reaper_b100_a0.5,phone_F1.wav,2.115,198.83507146911748,True,blend_agree
praat_reaper_b100_a0.5,phone_F1.wav,2.125,198.1567398838079,True,blend_agree
praat_reaper_b100_a0.5,phone_F1.wav,2.135,196.17256091987423,True,blend_agree
praat_reaper_b100_a0.5,phone_F1.wav,2.145,195.7947943643284,True,blend_agree
praat_reaper_b100_a0.5,phone_F1.wav,2.155,194.00917973677227,True,blend_agree
praat_reaper_b100_a0.5,phone_F1.wav,2.165,193.6193891756935,True,blend_agree
praat_reaper_b100_a0.5,phone_F1.wav,2.175,192.90298299503672,True,blend_agree
praat_reaper_b100_a0.5,phone_F1.wav,2.185,189.4994810307164,True,blend_agree
praat_reaper_b100_a0.5,phone_F1.wav,2.195,189.24587489692033,True,praat_missing
praat_reaper_b100_a0.5,phone_F1.wav,2.205,0.0,False,unvoiced
praat_reaper_b100_a0.5,phone_F1.wav,2.215,0.0,False,unvoiced
praat_reaper_b100_a0.5,phone_F1.wav,2.225,0.0,False,unvoiced
praat_reaper_b100_a0.5,phone_F1.wav,2.235,0.0,False,unvoiced
praat_reaper_b100_a0.5,phone_F1.wav,2.245,0.0,False,unvoiced
praat_reaper_b100_a0.5,phone_F1.wav,2.255,0.0,False,unvoiced
praat_reaper_b100_a0.5,phone_F1.wav,2.265,0.0,False,unvoiced
praat_reaper_b100_a0.5,phone_F1.wav,2.275,0.0,False,unvoiced
praat_reaper_b100_a0.5,phone_F1.wav,2.285,237.78750131738516,True,blend_agree
praat_reaper_b100_a0.5,phone_F1.wav,2.295,234.57771794330364,True,blend_agree
praat_reaper_b100_a0.5,phone_F1.wav,2.305,234.77283100792886,True,blend_agree
praat_reaper_b100_a0.5,phone_F1.wav,2.315,236.25465659088835,True,blend_agree
praat_reaper_b100_a0.5,phone_F1.wav,2.325,241.84593196200734,True,blend_agree
praat_reaper_b100_a0.5,phone_F1.wav,2.335,241.28685737547963,True,blend_agree
praat_reaper_b100_a0.5,phone_F1.wav,2.345,0.0,False,unvoiced
praat_reaper_b100_a0.5,phone_F1.wav,2.355,0.0,False,unvoiced
praat_reaper_b100_a0.5,phone_F1.wav,2.365,0.0,False,unvoiced
praat_reaper_b100_a0.5,phone_F1.wav,2.375,0.0,False,unvoiced
praat_reaper_b100_a0.5,phone_F1.wav,2.385,0.0,False,unvoiced
praat_reaper_b100_a0.5,phone_F1.wav,2.395,0.0,False,unvoiced
praat_reaper_b100_a0.5,phone_F1.wav,2.405,255.80963167920584,True,praat_missing
praat_reaper_b100_a0.5,phone_F1.wav,2.415,246.6515798670605,True,praat_disagreement
praat_reaper_b100_a0.5,phone_F1.wav,2.425,233.23540680216496,True,praat_disagreement
praat_reaper_b100_a0.5,phone_F1.wav,2.435,208.8184124288763,True,blend_agree
praat_reaper_b100_a0.5,phone_F1.wav,2.445,195.52016139019722,True,blend_agree
praat_reaper_b100_a0.5,phone_F1.wav,2.455,192.43627236909649,True,praat_disagreement
praat_reaper_b100_a0.5,phone_F1.wav,2.465,197.12487288855576,True,praat_disagreement
praat_reaper_b100_a0.5,phone_F1.wav,2.475,195.67331929711443,True,praat_disagreement
praat_reaper_b100_a0.5,phone_F1.wav,2.485,193.99356943795823,True,praat_disagreement
praat_reaper_b100_a0.5,phone_F1.wav,2.495,199.76699535700527,True,praat_disagreement
praat_reaper_b100_a0.5,phone_F1.wav,2.505,211.06278024694768,True,praat_disagreement
praat_reaper_b100_a0.5,phone_F1.wav,2.515,0.0,False,unvoiced
praat_reaper_b100_a0.5,phone_F1.wav,2.525,0.0,False,unvoiced
praat_reaper_b100_a0.5,phone_F1.wav,2.535,0.0,False,unvoiced
praat_reaper_b100_a0.5,phone_F1.wav,2.545,0.0,False,unvoiced
praat_reaper_b100_a0.5,phone_F1.wav,2.555,0.0,False,unvoiced
praat_reaper_b100_a0.5,phone_F1.wav,2.565,0.0,False,unvoiced
praat_reaper_b100_a0.5,phone_F1.wav,2.575,0.0,False,unvoiced
praat_reaper_b100_a0.5,phone_F1.wav,2.585,0.0,False,unvoiced
praat_reaper_b100_a0.5,phone_F1.wav,2.595,0.0,False,unvoiced
praat_reaper_b100_a0.5,phone_F1.wav,2.605,0.0,False,unvoiced
praat_reaper_b100_a0.5,phone_F1.wav,2.615,0.0,False,unvoiced
praat_reaper_b100_a0.5,phone_F1.wav,2.625,0.0,False,unvoiced
praat_reaper_b100_a0.5,phone_F1.wav,2.635,0.0,False,unvoiced
praat_reaper_b100_a0.5,phone_F1.wav,2.645,0.0,False,unvoiced
praat_reaper_b100_a0.5,phone_F1.wav,2.655,0.0,False,unvoiced
praat_reaper_b100_a0.5,phone_F1.wav,2.665,217.43585311552573,True,blend_agree
praat_reaper_b100_a0.5,phone_F1.wav,2.675,200.56603873648794,True,blend_agree
praat_reaper_b100_a0.5,phone_F1.wav,2.685,197.24616158963238,True,blend_agree
praat_reaper_b100_a0.5,phone_F1.wav,2.695,195.04684843658038,True,blend_agree
praat_reaper_b100_a0.5,phone_F1.wav,2.705,192.69619509254005,True,blend_agree
praat_reaper_b100_a0.5,phone_F1.wav,2.715,190.20540783065184,True,blend_agree
praat_reaper_b100_a0.5,phone_F1.wav,2.725,186.8968762828549,True,blend_agree
praat_reaper_b100_a0.5,phone_F1.wav,2.735,184.53844387721648,True,praat_missing
praat_reaper_b100_a0.5,phone_F1.wav,2.745,0.0,False,unvoiced
praat_reaper_b100_a0.5,phone_F1.wav,2.755,0.0,False,unvoiced
praat_reaper_b100_a0.5,phone_F1.wav,2.765,0.0,False,unvoiced
praat_reaper_b100_a0.5,phone_F1.wav,2.775,0.0,False,unvoiced
praat_reaper_b100_a0.5,phone_F1.wav,2.785,0.0,False,unvoiced
praat_reaper_b100_a0.5,phone_F1.wav,2.795,0.0,False,unvoiced
praat_reaper_b100_a0.5,phone_F1.wav,2.805,0.0,False,unvoiced
praat_reaper_b100_a0.5,phone_F1.wav,2.815,0.0,False,unvoiced
praat_reaper_b100_a0.5,phone_F1.wav,2.825,0.0,False,unvoiced
praat_reaper_b100_a0.5,phone_F1.wav,2.835,0.0,False,unvoiced
praat_reaper_b100_a0.5,phone_F1.wav,2.845,0.0,False,unvoiced
praat_reaper_b100_a0.5,phone_F1.wav,2.855,0.0,False,unvoiced
praat_reaper_b100_a0.5,phone_F1.wav,2.865,0.0,False,unvoiced
praat_reaper_b100_a0.5,phone_F1.wav,2.875,0.0,False,unvoiced
praat_reaper_b100_a0.5,phone_F1.wav,2.885,0.0,False,unvoiced
praat_reaper_b100_a0.5,phone_F1.wav,2.895,0.0,False,unvoiced
praat_reaper_b100_a0.5,phone_F1.wav,2.905,0.0,False,unvoiced
praat_reaper_b100_a0.5,phone_F1.wav,2.915,0.0,False,unvoiced
praat_reaper_b100_a0.5,phone_F1.wav,2.925,0.0,False,unvoiced
praat_reaper_b100_a0.5,phone_F1.wav,2.935,0.0,False,unvoiced
praat_reaper_b100_a0.5,phone_F1.wav,2.945,0.0,False,unvoiced
praat_reaper_b100_a0.5,phone_F1.wav,2.955,0.0,False,unvoiced
praat_reaper_b100_a0.5,phone_F1.wav,2.965,0.0,False,unvoiced
praat_reaper_b100_a0.5,phone_F1.wav,2.975,0.0,False,unvoiced
praat_reaper_b100_a0.5,phone_F1.wav,2.985,0.0,False,unvoiced
praat_reaper_b100_a0.5,phone_F1.wav,2.995,0.0,False,unvoiced
praat_reaper_b100_a0.5,phone_F1.wav,3.005,0.0,False,unvoiced
praat_reaper_b100_a0.5,phone_F1.wav,3.015,0.0,False,unvoiced
praat_reaper_b100_a0.5,phone_F1.wav,3.025,0.0,False,unvoiced
praat_reaper_b100_a0.5,phone_F1.wav,3.035,0.0,False,unvoiced
praat_reaper_b100_a0.5,phone_F1.wav,3.045,0.0,False,unvoiced
praat_reaper_b100_a0.5,phone_F1.wav,3.055,0.0,False,unvoiced
praat_reaper_b100_a0.5,phone_F1.wav,3.065,0.0,False,unvoiced
praat_reaper_b100_a0.5,phone_F1.wav,3.075,0.0,False,unvoiced
praat_reaper_b100_a0.5,phone_F1.wav,3.085,0.0,False,unvoiced
praat_reaper_b100_a0.5,phone_F1.wav,3.095,0.0,False,unvoiced
praat_reaper_b100_a0.5,phone_F1.wav,3.105,0.0,False,unvoiced
praat_reaper_b100_a0.5,phone_F1.wav,3.115,0.0,False,unvoiced
praat_reaper_b100_a0.5,phone_F1.wav,3.125,0.0,False,unvoiced
praat_reaper_b100_a0.5,phone_F1.wav,3.135,0.0,False,unvoiced
praat_reaper_b100_a0.5,phone_F1.wav,3.145,0.0,False,unvoiced
praat_reaper_b100_a0.5,phone_F1.wav,3.155,0.0,False,unvoiced
praat_reaper_b100_a0.5,phone_F1.wav,3.165,0.0,False,unvoiced
praat_reaper_b100_a0.5,phone_F1.wav,3.175,0.0,False,unvoiced
praat_reaper_b100_a0.5,phone_F1.wav,3.185,0.0,False,unvoiced
praat_reaper_b100_a0.5,phone_F1.wav,3.195,0.0,False,unvoiced
praat_reaper_b100_a0.5,phone_F1.wav,3.205,0.0,False,unvoiced
praat_reaper_b100_a0.5,phone_F1.wav,3.215,0.0,False,unvoiced
praat_reaper_b100_a1,phone_F1.wav,0.025,0.0,False,unvoiced
praat_reaper_b100_a1,phone_F1.wav,0.035,0.0,False,unvoiced
praat_reaper_b100_a1,phone_F1.wav,0.045,0.0,False,unvoiced
praat_reaper_b100_a1,phone_F1.wav,0.055,0.0,False,unvoiced
praat_reaper_b100_a1,phone_F1.wav,0.065,0.0,False,unvoiced
praat_reaper_b100_a1,phone_F1.wav,0.075,0.0,False,unvoiced
praat_reaper_b100_a1,phone_F1.wav,0.085,0.0,False,unvoiced
praat_reaper_b100_a1,phone_F1.wav,0.095,0.0,False,unvoiced
praat_reaper_b100_a1,phone_F1.wav,0.105,0.0,False,unvoiced
praat_reaper_b100_a1,phone_F1.wav,0.115,0.0,False,unvoiced
praat_reaper_b100_a1,phone_F1.wav,0.125,0.0,False,unvoiced
praat_reaper_b100_a1,phone_F1.wav,0.135,0.0,False,unvoiced
praat_reaper_b100_a1,phone_F1.wav,0.145,0.0,False,unvoiced
praat_reaper_b100_a1,phone_F1.wav,0.155,0.0,False,unvoiced
praat_reaper_b100_a1,phone_F1.wav,0.165,0.0,False,unvoiced
praat_reaper_b100_a1,phone_F1.wav,0.175,0.0,False,unvoiced
praat_reaper_b100_a1,phone_F1.wav,0.185,0.0,False,unvoiced
praat_reaper_b100_a1,phone_F1.wav,0.195,0.0,False,unvoiced
praat_reaper_b100_a1,phone_F1.wav,0.205,0.0,False,unvoiced
praat_reaper_b100_a1,phone_F1.wav,0.215,0.0,False,unvoiced
praat_reaper_b100_a1,phone_F1.wav,0.225,0.0,False,unvoiced
praat_reaper_b100_a1,phone_F1.wav,0.235,0.0,False,unvoiced
praat_reaper_b100_a1,phone_F1.wav,0.245,0.0,False,unvoiced
praat_reaper_b100_a1,phone_F1.wav,0.255,0.0,False,unvoiced
praat_reaper_b100_a1,phone_F1.wav,0.265,0.0,False,unvoiced
praat_reaper_b100_a1,phone_F1.wav,0.275,0.0,False,unvoiced
praat_reaper_b100_a1,phone_F1.wav,0.285,0.0,False,unvoiced
praat_reaper_b100_a1,phone_F1.wav,0.295,0.0,False,unvoiced
praat_reaper_b100_a1,phone_F1.wav,0.305,0.0,False,unvoiced
praat_reaper_b100_a1,phone_F1.wav,0.315,0.0,False,unvoiced
praat_reaper_b100_a1,phone_F1.wav,0.325,0.0,False,unvoiced
praat_reaper_b100_a1,phone_F1.wav,0.335,0.0,False,unvoiced
praat_reaper_b100_a1,phone_F1.wav,0.345,0.0,False,unvoiced
praat_reaper_b100_a1,phone_F1.wav,0.355,0.0,False,unvoiced
praat_reaper_b100_a1,phone_F1.wav,0.365,0.0,False,unvoiced
praat_reaper_b100_a1,phone_F1.wav,0.375,0.0,False,unvoiced
praat_reaper_b100_a1,phone_F1.wav,0.385,0.0,False,unvoiced
praat_reaper_b100_a1,phone_F1.wav,0.395,0.0,False,unvoiced
praat_reaper_b100_a1,phone_F1.wav,0.405,0.0,False,unvoiced
praat_reaper_b100_a1,phone_F1.wav,0.415,0.0,False,unvoiced
praat_reaper_b100_a1,phone_F1.wav,0.425,0.0,False,unvoiced
praat_reaper_b100_a1,phone_F1.wav,0.435,0.0,False,unvoiced
praat_reaper_b100_a1,phone_F1.wav,0.445,0.0,False,unvoiced
praat_reaper_b100_a1,phone_F1.wav,0.455,0.0,False,unvoiced
praat_reaper_b100_a1,phone_F1.wav,0.465,0.0,False,unvoiced
praat_reaper_b100_a1,phone_F1.wav,0.475,0.0,False,unvoiced
praat_reaper_b100_a1,phone_F1.wav,0.485,0.0,False,unvoiced
praat_reaper_b100_a1,phone_F1.wav,0.495,0.0,False,unvoiced
praat_reaper_b100_a1,phone_F1.wav,0.505,0.0,False,unvoiced
praat_reaper_b100_a1,phone_F1.wav,0.515,0.0,False,unvoiced
praat_reaper_b100_a1,phone_F1.wav,0.525,0.0,False,unvoiced
praat_reaper_b100_a1,phone_F1.wav,0.535,0.0,False,unvoiced
praat_reaper_b100_a1,phone_F1.wav,0.545,224.0735160407899,True,praat_missing
praat_reaper_b100_a1,phone_F1.wav,0.555,222.22222900390625,True,reaper_agree
praat_reaper_b100_a1,phone_F1.wav,0.565,216.21621704101562,True,reaper_agree
praat_reaper_b100_a1,phone_F1.wav,0.575,216.21621704101562,True,reaper_agree
praat_reaper_b100_a1,phone_F1.wav,0.585,219.17808532714844,True,reaper_agree
praat_reaper_b100_a1,phone_F1.wav,0.595,216.21621704101562,True,reaper_agree
praat_reaper_b100_a1,phone_F1.wav,0.605,216.21621704101562,True,reaper_agree
praat_reaper_b100_a1,phone_F1.wav,0.615,216.21621704101562,True,reaper_agree
praat_reaper_b100_a1,phone_F1.wav,0.625,222.22222900390625,True,reaper_agree
praat_reaper_b100_a1,phone_F1.wav,0.635,225.35211181640625,True,reaper_agree
praat_reaper_b100_a1,phone_F1.wav,0.645,228.57142639160156,True,reaper_agree
praat_reaper_b100_a1,phone_F1.wav,0.655,228.57142639160156,True,reaper_agree
praat_reaper_b100_a1,phone_F1.wav,0.665,228.57142639160156,True,reaper_agree
praat_reaper_b100_a1,phone_F1.wav,0.675,228.57142639160156,True,reaper_agree
praat_reaper_b100_a1,phone_F1.wav,0.685,228.57142639160156,True,reaper_agree
praat_reaper_b100_a1,phone_F1.wav,0.695,228.57142639160156,True,reaper_agree
praat_reaper_b100_a1,phone_F1.wav,0.705,231.88406372070312,True,reaper_agree
praat_reaper_b100_a1,phone_F1.wav,0.715,231.88406372070312,True,reaper_agree
praat_reaper_b100_a1,phone_F1.wav,0.725,231.88406372070312,True,reaper_agree
praat_reaper_b100_a1,phone_F1.wav,0.735,231.88406372070312,True,reaper_agree
praat_reaper_b100_a1,phone_F1.wav,0.745,228.57142639160156,True,reaper_agree
praat_reaper_b100_a1,phone_F1.wav,0.755,235.2941131591797,True,reaper_agree
praat_reaper_b100_a1,phone_F1.wav,0.765,231.88406372070312,True,reaper_agree
praat_reaper_b100_a1,phone_F1.wav,0.775,228.57142639160156,True,reaper_agree
praat_reaper_b100_a1,phone_F1.wav,0.785,225.35211181640625,True,reaper_agree
praat_reaper_b100_a1,phone_F1.wav,0.795,216.21621704101562,True,reaper_agree
praat_reaper_b100_a1,phone_F1.wav,0.805,213.3333282470703,True,reaper_agree
praat_reaper_b100_a1,phone_F1.wav,0.815,235.2941131591797,True,reaper_agree
praat_reaper_b100_a1,phone_F1.wav,0.825,235.2941131591797,True,reaper_agree
praat_reaper_b100_a1,phone_F1.wav,0.835,235.2941131591797,True,reaper_agree
praat_reaper_b100_a1,phone_F1.wav,0.845,238.80596923828125,True,reaper_agree
praat_reaper_b100_a1,phone_F1.wav,0.855,242.4242401123047,True,reaper_agree
praat_reaper_b100_a1,phone_F1.wav,0.865,242.4242401123047,True,reaper_agree
praat_reaper_b100_a1,phone_F1.wav,0.875,246.15383911132812,True,reaper_agree
praat_reaper_b100_a1,phone_F1.wav,0.885,246.15383911132812,True,reaper_agree
praat_reaper_b100_a1,phone_F1.wav,0.895,250.0,True,reaper_agree
praat_reaper_b100_a1,phone_F1.wav,0.905,250.0,True,reaper_agree
praat_reaper_b100_a1,phone_F1.wav,0.915,246.15383911132812,True,reaper_agree
praat_reaper_b100_a1,phone_F1.wav,0.925,246.15383911132812,True,reaper_agree
praat_reaper_b100_a1,phone_F1.wav,0.935,242.4242401123047,True,reaper_agree
praat_reaper_b100_a1,phone_F1.wav,0.945,242.4242401123047,True,reaper_agree
praat_reaper_b100_a1,phone_F1.wav,0.955,238.80596923828125,True,reaper_agree
praat_reaper_b100_a1,phone_F1.wav,0.965,231.88406372070312,True,reaper_agree
praat_reaper_b100_a1,phone_F1.wav,0.975,222.22222900390625,True,reaper_agree
praat_reaper_b100_a1,phone_F1.wav,0.985,209.86422912660703,True,praat_disagreement
praat_reaper_b100_a1,phone_F1.wav,0.995,231.30374990712784,True,praat_disagreement
praat_reaper_b100_a1,phone_F1.wav,1.005,231.88406372070312,True,reaper_agree
praat_reaper_b100_a1,phone_F1.wav,1.015,231.88406372070312,True,reaper_agree
praat_reaper_b100_a1,phone_F1.wav,1.025,231.88406372070312,True,reaper_agree
praat_reaper_b100_a1,phone_F1.wav,1.035,225.35211181640625,True,reaper_agree
praat_reaper_b100_a1,phone_F1.wav,1.045,225.35211181640625,True,reaper_agree
praat_reaper_b100_a1,phone_F1.wav,1.055,228.57142639160156,True,reaper_agree
praat_reaper_b100_a1,phone_F1.wav,1.065,227.0078322548543,True,praat_disagreement
praat_reaper_b100_a1,phone_F1.wav,1.075,231.88406372070312,True,reaper_agree
praat_reaper_b100_a1,phone_F1.wav,1.085,235.2941131591797,True,reaper_agree
praat_reaper_b100_a1,phone_F1.wav,1.095,242.4242401123047,True,reaper_agree
praat_reaper_b100_a1,phone_F1.wav,1.105,246.15383911132812,True,reaper_agree
praat_reaper_b100_a1,phone_F1.wav,1.115,246.15383911132812,True,reaper_agree
praat_reaper_b100_a1,phone_F1.wav,1.125,238.80596923828125,True,reaper_agree
praat_reaper_b100_a1,phone_F1.wav,1.135,237.377532865565,True,praat_missing
praat_reaper_b100_a1,phone_F1.wav,1.145,0.0,False,unvoiced
praat_reaper_b100_a1,phone_F1.wav,1.155,0.0,False,unvoiced
praat_reaper_b100_a1,phone_F1.wav,1.165,0.0,False,unvoiced
praat_reaper_b100_a1,phone_F1.wav,1.175,0.0,False,unvoiced
praat_reaper_b100_a1,phone_F1.wav,1.185,0.0,False,unvoiced
praat_reaper_b100_a1,phone_F1.wav,1.195,0.0,False,unvoiced
praat_reaper_b100_a1,phone_F1.wav,1.205,0.0,False,unvoiced
praat_reaper_b100_a1,phone_F1.wav,1.215,225.9302604632008,True,praat_disagreement
praat_reaper_b100_a1,phone_F1.wav,1.225,205.16599655586484,True,praat_disagreement
praat_reaper_b100_a1,phone_F1.wav,1.235,186.0465087890625,True,reaper_agree
praat_reaper_b100_a1,phone_F1.wav,1.245,181.81817626953125,True,reaper_agree
praat_reaper_b100_a1,phone_F1.wav,1.255,181.81817626953125,True,reaper_agree
praat_reaper_b100_a1,phone_F1.wav,1.265,177.77777099609375,True,reaper_agree
praat_reaper_b100_a1,phone_F1.wav,1.275,179.77528381347656,True,reaper_agree
praat_reaper_b100_a1,phone_F1.wav,1.285,183.90805053710938,True,reaper_agree
praat_reaper_b100_a1,phone_F1.wav,1.295,181.81817626953125,True,reaper_agree
praat_reaper_b100_a1,phone_F1.wav,1.305,186.0465087890625,True,reaper_agree
praat_reaper_b100_a1,phone_F1.wav,1.315,181.81817626953125,True,reaper_agree
praat_reaper_b100_a1,phone_F1.wav,1.325,181.81063386147,True,praat_disagreement
praat_reaper_b100_a1,phone_F1.wav,1.335,179.07714752164327,True,praat_disagreement
praat_reaper_b100_a1,phone_F1.wav,1.345,171.9203815176599,True,praat_disagreement
praat_reaper_b100_a1,phone_F1.wav,1.355,0.0,False,unvoiced
praat_reaper_b100_a1,phone_F1.wav,1.365,0.0,False,unvoiced
praat_reaper_b100_a1,phone_F1.wav,1.375,0.0,False,unvoiced
praat_reaper_b100_a1,phone_F1.wav,1.385,0.0,False,unvoiced
praat_reaper_b100_a1,phone_F1.wav,1.395,0.0,False,unvoiced
praat_reaper_b100_a1,phone_F1.wav,1.405,0.0,False,unvoiced
praat_reaper_b100_a1,phone_F1.wav,1.415,0.0,False,unvoiced
praat_reaper_b100_a1,phone_F1.wav,1.425,0.0,False,unvoiced
praat_reaper_b100_a1,phone_F1.wav,1.435,0.0,False,unvoiced
praat_reaper_b100_a1,phone_F1.wav,1.445,0.0,False,unvoiced
praat_reaper_b100_a1,phone_F1.wav,1.455,222.22222900390625,True,reaper_agree
praat_reaper_b100_a1,phone_F1.wav,1.465,207.79220581054688,True,reaper_agree
praat_reaper_b100_a1,phone_F1.wav,1.475,202.53164672851562,True,reaper_agree
praat_reaper_b100_a1,phone_F1.wav,1.485,197.53086853027344,True,reaper_agree
praat_reaper_b100_a1,phone_F1.wav,1.495,197.53086853027344,True,reaper_agree
praat_reaper_b100_a1,phone_F1.wav,1.505,197.53086853027344,True,reaper_agree
praat_reaper_b100_a1,phone_F1.wav,1.515,195.1219482421875,True,reaper_agree
praat_reaper_b100_a1,phone_F1.wav,1.525,192.77108764648438,True,reaper_agree
praat_reaper_b100_a1,phone_F1.wav,1.535,192.77108764648438,True,reaper_agree
praat_reaper_b100_a1,phone_F1.wav,1.545,190.4761962890625,True,reaper_agree
praat_reaper_b100_a1,phone_F1.wav,1.555,190.4761962890625,True,reaper_agree
praat_reaper_b100_a1,phone_F1.wav,1.565,186.0465087890625,True,reaper_agree
praat_reaper_b100_a1,phone_F1.wav,1.575,188.23529052734375,True,reaper_agree
praat_reaper_b100_a1,phone_F1.wav,1.585,197.70368817349527,True,praat_disagreement
praat_reaper_b100_a1,phone_F1.wav,1.595,227.3075094072663,True,praat_disagreement
praat_reaper_b100_a1,phone_F1.wav,1.605,247.8394397434645,True,praat_disagreement
praat_reaper_b100_a1,phone_F1.wav,1.615,229.95963962648997,True,praat_disagreement
praat_reaper_b100_a1,phone_F1.wav,1.625,0.0,False,unvoiced
praat_reaper_b100_a1,phone_F1.wav,1.635,0.0,False,unvoiced
praat_reaper_b100_a1,phone_F1.wav,1.645,0.0,False,unvoiced
praat_reaper_b100_a1,phone_F1.wav,1.655,0.0,False,unvoiced
praat_reaper_b100_a1,phone_F1.wav,1.665,0.0,False,unvoiced
praat_reaper_b100_a1,phone_F1.wav,1.675,0.0,False,unvoiced
praat_reaper_b100_a1,phone_F1.wav,1.685,0.0,False,unvoiced
praat_reaper_b100_a1,phone_F1.wav,1.695,0.0,False,unvoiced
praat_reaper_b100_a1,phone_F1.wav,1.705,0.0,False,unvoiced
praat_reaper_b100_a1,phone_F1.wav,1.715,0.0,False,unvoiced
praat_reaper_b100_a1,phone_F1.wav,1.725,0.0,False,unvoiced
praat_reaper_b100_a1,phone_F1.wav,1.735,0.0,False,unvoiced
praat_reaper_b100_a1,phone_F1.wav,1.745,0.0,False,unvoiced
praat_reaper_b100_a1,phone_F1.wav,1.755,0.0,False,unvoiced
praat_reaper_b100_a1,phone_F1.wav,1.765,0.0,False,unvoiced
praat_reaper_b100_a1,phone_F1.wav,1.775,0.0,False,unvoiced
praat_reaper_b100_a1,phone_F1.wav,1.785,0.0,False,unvoiced
praat_reaper_b100_a1,phone_F1.wav,1.795,0.0,False,unvoiced
praat_reaper_b100_a1,phone_F1.wav,1.805,0.0,False,unvoiced
praat_reaper_b100_a1,phone_F1.wav,1.815,0.0,False,unvoiced
praat_reaper_b100_a1,phone_F1.wav,1.825,0.0,False,unvoiced
praat_reaper_b100_a1,phone_F1.wav,1.835,225.7173191107258,True,praat_missing
praat_reaper_b100_a1,phone_F1.wav,1.845,217.90010520086597,True,praat_missing
praat_reaper_b100_a1,phone_F1.wav,1.855,0.0,False,unvoiced
praat_reaper_b100_a1,phone_F1.wav,1.865,0.0,False,unvoiced
praat_reaper_b100_a1,phone_F1.wav,1.875,0.0,False,unvoiced
praat_reaper_b100_a1,phone_F1.wav,1.885,0.0,False,unvoiced
praat_reaper_b100_a1,phone_F1.wav,1.895,0.0,False,unvoiced
praat_reaper_b100_a1,phone_F1.wav,1.905,0.0,False,unvoiced
praat_reaper_b100_a1,phone_F1.wav,1.915,219.17808532714844,True,reaper_agree
praat_reaper_b100_a1,phone_F1.wav,1.925,228.57142639160156,True,reaper_agree
praat_reaper_b100_a1,phone_F1.wav,1.935,225.35211181640625,True,reaper_agree
praat_reaper_b100_a1,phone_F1.wav,1.945,222.22222900390625,True,reaper_agree
praat_reaper_b100_a1,phone_F1.wav,1.955,222.22222900390625,True,reaper_agree
praat_reaper_b100_a1,phone_F1.wav,1.965,222.22222900390625,True,reaper_agree
praat_reaper_b100_a1,phone_F1.wav,1.975,219.17808532714844,True,reaper_agree
praat_reaper_b100_a1,phone_F1.wav,1.985,219.17808532714844,True,reaper_agree
praat_reaper_b100_a1,phone_F1.wav,1.995,216.21621704101562,True,reaper_agree
praat_reaper_b100_a1,phone_F1.wav,2.005,216.21621704101562,True,reaper_agree
praat_reaper_b100_a1,phone_F1.wav,2.015,210.5263214111328,True,reaper_agree
praat_reaper_b100_a1,phone_F1.wav,2.025,210.5263214111328,True,reaper_agree
praat_reaper_b100_a1,phone_F1.wav,2.035,190.4761962890625,True,reaper_agree
praat_reaper_b100_a1,phone_F1.wav,2.045,190.4761962890625,True,reaper_agree
praat_reaper_b100_a1,phone_F1.wav,2.055,190.4761962890625,True,reaper_agree
praat_reaper_b100_a1,phone_F1.wav,2.065,190.4761962890625,True,reaper_agree
praat_reaper_b100_a1,phone_F1.wav,2.075,205.12820434570312,True,reaper_agree
praat_reaper_b100_a1,phone_F1.wav,2.085,205.12820434570312,True,reaper_agree
praat_reaper_b100_a1,phone_F1.wav,2.095,200.0,True,reaper_agree
praat_reaper_b100_a1,phone_F1.wav,2.105,200.0,True,reaper_agree
praat_reaper_b100_a1,phone_F1.wav,2.115,197.53086853027344,True,reaper_agree
praat_reaper_b100_a1,phone_F1.wav,2.125,197.53086853027344,True,reaper_agree
praat_reaper_b100_a1,phone_F1.wav,2.135,195.1219482421875,True,reaper_agree
praat_reaper_b100_a1,phone_F1.wav,2.145,195.1219482421875,True,reaper_agree
praat_reaper_b100_a1,phone_F1.wav,2.155,192.77108764648438,True,reaper_agree
praat_reaper_b100_a1,phone_F1.wav,2.165,192.77108764648438,True,reaper_agree
praat_reaper_b100_a1,phone_F1.wav,2.175,192.77108764648438,True,reaper_agree
praat_reaper_b100_a1,phone_F1.wav,2.185,188.23529052734375,True,reaper_agree
praat_reaper_b100_a1,phone_F1.wav,2.195,189.24587489692033,True,praat_missing
praat_reaper_b100_a1,phone_F1.wav,2.205,0.0,False,unvoiced
praat_reaper_b100_a1,phone_F1.wav,2.215,0.0,False,unvoiced
praat_reaper_b100_a1,phone_F1.wav,2.225,0.0,False,unvoiced
praat_reaper_b100_a1,phone_F1.wav,2.235,0.0,False,unvoiced
praat_reaper_b100_a1,phone_F1.wav,2.245,0.0,False,unvoiced
praat_reaper_b100_a1,phone_F1.wav,2.255,0.0,False,unvoiced
praat_reaper_b100_a1,phone_F1.wav,2.265,0.0,False,unvoiced
praat_reaper_b100_a1,phone_F1.wav,2.275,0.0,False,unvoiced
praat_reaper_b100_a1,phone_F1.wav,2.285,235.2941131591797,True,reaper_agree
praat_reaper_b100_a1,phone_F1.wav,2.295,235.2941131591797,True,reaper_agree
praat_reaper_b100_a1,phone_F1.wav,2.305,235.2941131591797,True,reaper_agree
praat_reaper_b100_a1,phone_F1.wav,2.315,235.2941131591797,True,reaper_agree
praat_reaper_b100_a1,phone_F1.wav,2.325,242.4242401123047,True,reaper_agree
praat_reaper_b100_a1,phone_F1.wav,2.335,242.4242401123047,True,reaper_agree
praat_reaper_b100_a1,phone_F1.wav,2.345,0.0,False,unvoiced
praat_reaper_b100_a1,phone_F1.wav,2.355,0.0,False,unvoiced
praat_reaper_b100_a1,phone_F1.wav,2.365,0.0,False,unvoiced
praat_reaper_b100_a1,phone_F1.wav,2.375,0.0,False,unvoiced
praat_reaper_b100_a1,phone_F1.wav,2.385,0.0,False,unvoiced
praat_reaper_b100_a1,phone_F1.wav,2.395,0.0,False,unvoiced
praat_reaper_b100_a1,phone_F1.wav,2.405,255.80963167920584,True,praat_missing
praat_reaper_b100_a1,phone_F1.wav,2.415,246.6515798670605,True,praat_disagreement
praat_reaper_b100_a1,phone_F1.wav,2.425,233.23540680216496,True,praat_disagreement
praat_reaper_b100_a1,phone_F1.wav,2.435,207.79220581054688,True,reaper_agree
praat_reaper_b100_a1,phone_F1.wav,2.445,192.77108764648438,True,reaper_agree
praat_reaper_b100_a1,phone_F1.wav,2.455,192.43627236909649,True,praat_disagreement
praat_reaper_b100_a1,phone_F1.wav,2.465,197.12487288855576,True,praat_disagreement
praat_reaper_b100_a1,phone_F1.wav,2.475,195.67331929711443,True,praat_disagreement
praat_reaper_b100_a1,phone_F1.wav,2.485,193.99356943795823,True,praat_disagreement
praat_reaper_b100_a1,phone_F1.wav,2.495,199.76699535700527,True,praat_disagreement
praat_reaper_b100_a1,phone_F1.wav,2.505,211.06278024694768,True,praat_disagreement
praat_reaper_b100_a1,phone_F1.wav,2.515,0.0,False,unvoiced
praat_reaper_b100_a1,phone_F1.wav,2.525,0.0,False,unvoiced
praat_reaper_b100_a1,phone_F1.wav,2.535,0.0,False,unvoiced
praat_reaper_b100_a1,phone_F1.wav,2.545,0.0,False,unvoiced
praat_reaper_b100_a1,phone_F1.wav,2.555,0.0,False,unvoiced
praat_reaper_b100_a1,phone_F1.wav,2.565,0.0,False,unvoiced
praat_reaper_b100_a1,phone_F1.wav,2.575,0.0,False,unvoiced
praat_reaper_b100_a1,phone_F1.wav,2.585,0.0,False,unvoiced
praat_reaper_b100_a1,phone_F1.wav,2.595,0.0,False,unvoiced
praat_reaper_b100_a1,phone_F1.wav,2.605,0.0,False,unvoiced
praat_reaper_b100_a1,phone_F1.wav,2.615,0.0,False,unvoiced
praat_reaper_b100_a1,phone_F1.wav,2.625,0.0,False,unvoiced
praat_reaper_b100_a1,phone_F1.wav,2.635,0.0,False,unvoiced
praat_reaper_b100_a1,phone_F1.wav,2.645,0.0,False,unvoiced
praat_reaper_b100_a1,phone_F1.wav,2.655,0.0,False,unvoiced
praat_reaper_b100_a1,phone_F1.wav,2.665,222.22222900390625,True,reaper_agree
praat_reaper_b100_a1,phone_F1.wav,2.675,200.0,True,reaper_agree
praat_reaper_b100_a1,phone_F1.wav,2.685,197.53086853027344,True,reaper_agree
praat_reaper_b100_a1,phone_F1.wav,2.695,195.1219482421875,True,reaper_agree
praat_reaper_b100_a1,phone_F1.wav,2.705,192.77108764648438,True,reaper_agree
praat_reaper_b100_a1,phone_F1.wav,2.715,190.4761962890625,True,reaper_agree
praat_reaper_b100_a1,phone_F1.wav,2.725,186.0465087890625,True,reaper_agree
praat_reaper_b100_a1,phone_F1.wav,2.735,184.53844387721648,True,praat_missing
praat_reaper_b100_a1,phone_F1.wav,2.745,0.0,False,unvoiced
praat_reaper_b100_a1,phone_F1.wav,2.755,0.0,False,unvoiced
praat_reaper_b100_a1,phone_F1.wav,2.765,0.0,False,unvoiced
praat_reaper_b100_a1,phone_F1.wav,2.775,0.0,False,unvoiced
praat_reaper_b100_a1,phone_F1.wav,2.785,0.0,False,unvoiced
praat_reaper_b100_a1,phone_F1.wav,2.795,0.0,False,unvoiced
praat_reaper_b100_a1,phone_F1.wav,2.805,0.0,False,unvoiced
praat_reaper_b100_a1,phone_F1.wav,2.815,0.0,False,unvoiced
praat_reaper_b100_a1,phone_F1.wav,2.825,0.0,False,unvoiced
praat_reaper_b100_a1,phone_F1.wav,2.835,0.0,False,unvoiced
praat_reaper_b100_a1,phone_F1.wav,2.845,0.0,False,unvoiced
praat_reaper_b100_a1,phone_F1.wav,2.855,0.0,False,unvoiced
praat_reaper_b100_a1,phone_F1.wav,2.865,0.0,False,unvoiced
praat_reaper_b100_a1,phone_F1.wav,2.875,0.0,False,unvoiced
praat_reaper_b100_a1,phone_F1.wav,2.885,0.0,False,unvoiced
praat_reaper_b100_a1,phone_F1.wav,2.895,0.0,False,unvoiced
praat_reaper_b100_a1,phone_F1.wav,2.905,0.0,False,unvoiced
praat_reaper_b100_a1,phone_F1.wav,2.915,0.0,False,unvoiced
praat_reaper_b100_a1,phone_F1.wav,2.925,0.0,False,unvoiced
praat_reaper_b100_a1,phone_F1.wav,2.935,0.0,False,unvoiced
praat_reaper_b100_a1,phone_F1.wav,2.945,0.0,False,unvoiced
praat_reaper_b100_a1,phone_F1.wav,2.955,0.0,False,unvoiced
praat_reaper_b100_a1,phone_F1.wav,2.965,0.0,False,unvoiced
praat_reaper_b100_a1,phone_F1.wav,2.975,0.0,False,unvoiced
praat_reaper_b100_a1,phone_F1.wav,2.985,0.0,False,unvoiced
praat_reaper_b100_a1,phone_F1.wav,2.995,0.0,False,unvoiced
praat_reaper_b100_a1,phone_F1.wav,3.005,0.0,False,unvoiced
praat_reaper_b100_a1,phone_F1.wav,3.015,0.0,False,unvoiced
praat_reaper_b100_a1,phone_F1.wav,3.025,0.0,False,unvoiced
praat_reaper_b100_a1,phone_F1.wav,3.035,0.0,False,unvoiced
praat_reaper_b100_a1,phone_F1.wav,3.045,0.0,False,unvoiced
praat_reaper_b100_a1,phone_F1.wav,3.055,0.0,False,unvoiced
praat_reaper_b100_a1,phone_F1.wav,3.065,0.0,False,unvoiced
praat_reaper_b100_a1,phone_F1.wav,3.075,0.0,False,unvoiced
praat_reaper_b100_a1,phone_F1.wav,3.085,0.0,False,unvoiced
praat_reaper_b100_a1,phone_F1.wav,3.095,0.0,False,unvoiced
praat_reaper_b100_a1,phone_F1.wav,3.105,0.0,False,unvoiced
praat_reaper_b100_a1,phone_F1.wav,3.115,0.0,False,unvoiced
praat_reaper_b100_a1,phone_F1.wav,3.125,0.0,False,unvoiced
praat_reaper_b100_a1,phone_F1.wav,3.135,0.0,False,unvoiced
praat_reaper_b100_a1,phone_F1.wav,3.145,0.0,False,unvoiced
praat_reaper_b100_a1,phone_F1.wav,3.155,0.0,False,unvoiced
praat_reaper_b100_a1,phone_F1.wav,3.165,0.0,False,unvoiced
praat_reaper_b100_a1,phone_F1.wav,3.175,0.0,False,unvoiced
praat_reaper_b100_a1,phone_F1.wav,3.185,0.0,False,unvoiced
praat_reaper_b100_a1,phone_F1.wav,3.195,0.0,False,unvoiced
praat_reaper_b100_a1,phone_F1.wav,3.205,0.0,False,unvoiced
praat_reaper_b100_a1,phone_F1.wav,3.215,0.0,False,unvoiced
praat_reaper_b200_a0.5,phone_F1.wav,0.025,0.0,False,unvoiced
praat_reaper_b200_a0.5,phone_F1.wav,0.035,0.0,False,unvoiced
praat_reaper_b200_a0.5,phone_F1.wav,0.045,0.0,False,unvoiced
praat_reaper_b200_a0.5,phone_F1.wav,0.055,0.0,False,unvoiced
praat_reaper_b200_a0.5,phone_F1.wav,0.065,0.0,False,unvoiced
praat_reaper_b200_a0.5,phone_F1.wav,0.075,0.0,False,unvoiced
praat_reaper_b200_a0.5,phone_F1.wav,0.085,0.0,False,unvoiced
praat_reaper_b200_a0.5,phone_F1.wav,0.095,0.0,False,unvoiced
praat_reaper_b200_a0.5,phone_F1.wav,0.105,0.0,False,unvoiced
praat_reaper_b200_a0.5,phone_F1.wav,0.115,0.0,False,unvoiced
praat_reaper_b200_a0.5,phone_F1.wav,0.125,0.0,False,unvoiced
praat_reaper_b200_a0.5,phone_F1.wav,0.135,0.0,False,unvoiced
praat_reaper_b200_a0.5,phone_F1.wav,0.145,0.0,False,unvoiced
praat_reaper_b200_a0.5,phone_F1.wav,0.155,0.0,False,unvoiced
praat_reaper_b200_a0.5,phone_F1.wav,0.165,0.0,False,unvoiced
praat_reaper_b200_a0.5,phone_F1.wav,0.175,0.0,False,unvoiced
praat_reaper_b200_a0.5,phone_F1.wav,0.185,0.0,False,unvoiced
praat_reaper_b200_a0.5,phone_F1.wav,0.195,0.0,False,unvoiced
praat_reaper_b200_a0.5,phone_F1.wav,0.205,0.0,False,unvoiced
praat_reaper_b200_a0.5,phone_F1.wav,0.215,0.0,False,unvoiced
praat_reaper_b200_a0.5,phone_F1.wav,0.225,0.0,False,unvoiced
praat_reaper_b200_a0.5,phone_F1.wav,0.235,0.0,False,unvoiced
praat_reaper_b200_a0.5,phone_F1.wav,0.245,0.0,False,unvoiced
praat_reaper_b200_a0.5,phone_F1.wav,0.255,0.0,False,unvoiced
praat_reaper_b200_a0.5,phone_F1.wav,0.265,0.0,False,unvoiced
praat_reaper_b200_a0.5,phone_F1.wav,0.275,0.0,False,unvoiced
praat_reaper_b200_a0.5,phone_F1.wav,0.285,0.0,False,unvoiced
praat_reaper_b200_a0.5,phone_F1.wav,0.295,0.0,False,unvoiced
praat_reaper_b200_a0.5,phone_F1.wav,0.305,0.0,False,unvoiced
praat_reaper_b200_a0.5,phone_F1.wav,0.315,0.0,False,unvoiced
praat_reaper_b200_a0.5,phone_F1.wav,0.325,0.0,False,unvoiced
praat_reaper_b200_a0.5,phone_F1.wav,0.335,0.0,False,unvoiced
praat_reaper_b200_a0.5,phone_F1.wav,0.345,0.0,False,unvoiced
praat_reaper_b200_a0.5,phone_F1.wav,0.355,0.0,False,unvoiced
praat_reaper_b200_a0.5,phone_F1.wav,0.365,0.0,False,unvoiced
praat_reaper_b200_a0.5,phone_F1.wav,0.375,0.0,False,unvoiced
praat_reaper_b200_a0.5,phone_F1.wav,0.385,0.0,False,unvoiced
praat_reaper_b200_a0.5,phone_F1.wav,0.395,0.0,False,unvoiced
praat_reaper_b200_a0.5,phone_F1.wav,0.405,0.0,False,unvoiced
praat_reaper_b200_a0.5,phone_F1.wav,0.415,0.0,False,unvoiced
praat_reaper_b200_a0.5,phone_F1.wav,0.425,0.0,False,unvoiced
praat_reaper_b200_a0.5,phone_F1.wav,0.435,0.0,False,unvoiced
praat_reaper_b200_a0.5,phone_F1.wav,0.445,0.0,False,unvoiced
praat_reaper_b200_a0.5,phone_F1.wav,0.455,0.0,False,unvoiced
praat_reaper_b200_a0.5,phone_F1.wav,0.465,0.0,False,unvoiced
praat_reaper_b200_a0.5,phone_F1.wav,0.475,0.0,False,unvoiced
praat_reaper_b200_a0.5,phone_F1.wav,0.485,0.0,False,unvoiced
praat_reaper_b200_a0.5,phone_F1.wav,0.495,0.0,False,unvoiced
praat_reaper_b200_a0.5,phone_F1.wav,0.505,0.0,False,unvoiced
praat_reaper_b200_a0.5,phone_F1.wav,0.515,0.0,False,unvoiced
praat_reaper_b200_a0.5,phone_F1.wav,0.525,0.0,False,unvoiced
praat_reaper_b200_a0.5,phone_F1.wav,0.535,0.0,False,unvoiced
praat_reaper_b200_a0.5,phone_F1.wav,0.545,224.0735160407899,True,praat_missing
praat_reaper_b200_a0.5,phone_F1.wav,0.555,222.86254358951052,True,blend_agree
praat_reaper_b200_a0.5,phone_F1.wav,0.565,217.64604950947196,True,blend_agree
praat_reaper_b200_a0.5,phone_F1.wav,0.575,216.7975474355792,True,blend_agree
praat_reaper_b200_a0.5,phone_F1.wav,0.585,218.8114253814981,True,blend_agree
praat_reaper_b200_a0.5,phone_F1.wav,0.595,217.1689131717501,True,blend_agree
praat_reaper_b200_a0.5,phone_F1.wav,0.605,217.34067434781997,True,blend_agree
praat_reaper_b200_a0.5,phone_F1.wav,0.615,218.0973971583369,True,blend_agree
praat_reaper_b200_a0.5,phone_F1.wav,0.625,223.0425446229784,True,blend_agree
praat_reaper_b200_a0.5,phone_F1.wav,0.635,226.5922816847969,True,blend_agree
praat_reaper_b200_a0.5,phone_F1.wav,0.645,230.18719946857064,True,blend_agree
praat_reaper_b200_a0.5,phone_F1.wav,0.655,230.9154153921134,True,blend_agree
praat_reaper_b200_a0.5,phone_F1.wav,0.665,229.89824231993808,True,blend_agree
praat_reaper_b200_a0.5,phone_F1.wav,0.675,228.59489029029845,True,blend_agree
praat_reaper_b200_a0.5,phone_F1.wav,0.685,228.81319683415998,True,blend_agree
praat_reaper_b200_a0.5,phone_F1.wav,0.695,229.15058879113775,True,blend_agree
praat_reaper_b200_a0.5,phone_F1.wav,0.705,231.18917995559283,True,blend_agree
praat_reaper_b200_a0.5,phone_F1.wav,0.715,231.63727159815684,True,blend_agree
praat_reaper_b200_a0.5,phone_F1.wav,0.725,232.09232607877956,True,blend_agree
praat_reaper_b200_a0.5,phone_F1.wav,0.735,231.73647417784886,True,blend_agree
praat_reaper_b200_a0.5,phone_F1.wav,0.745,228.7954339212714,True,blend_agree
praat_reaper_b200_a0.5,phone_F1.wav,0.755,234.83609568895372,True,blend_agree
praat_reaper_b200_a0.5,phone_F1.wav,0.765,232.14216765757652,True,blend_agree
praat_reaper_b200_a0.5,phone_F1.wav,0.775,228.78762914169408,True,blend_agree
praat_reaper_b200_a0.5,phone_F1.wav,0.785,225.01595146574044,True,blend_agree
praat_reaper_b200_a0.5,phone_F1.wav,0.795,217.41798648543102,True,blend_agree
praat_reaper_b200_a0.5,phone_F1.wav,0.805,218.33536074572976,True,blend_agree
praat_reaper_b200_a0.5,phone_F1.wav,0.815,234.89863120853792,True,blend_agree
praat_reaper_b200_a0.5,phone_F1.wav,0.825,235.14889958051174,True,blend_agree
praat_reaper_b200_a0.5,phone_F1.wav,0.835,236.09061283977218,True,blend_agree
praat_reaper_b200_a0.5,phone_F1.wav,0.845,238.74333797678847,True,blend_agree
praat_reaper_b200_a0.5,phone_F1.wav,0.855,241.83189974716316,True,blend_agree
praat_reaper_b200_a0.5,phone_F1.wav,0.865,242.57653997796268,True,blend_agree
praat_reaper_b200_a0.5,phone_F1.wav,0.875,244.2809367673674,True,blend_agree
praat_reaper_b200_a0.5,phone_F1.wav,0.885,245.7377017853081,True,blend_agree
praat_reaper_b200_a0.5,phone_F1.wav,0.895,249.7122446591968,True,blend_agree
praat_reaper_b200_a0.5,phone_F1.wav,0.905,249.6620435362997,True,blend_agree
praat_reaper_b200_a0.5,phone_F1.wav,0.915,247.15433601714594,True,blend_agree
praat_reaper_b200_a0.5,phone_F1.wav,0.925,246.3315599416825,True,blend_agree
praat_reaper_b200_a0.5,phone_F1.wav,0.935,243.57130782508614,True,blend_agree
praat_reaper_b200_a0.5,phone_F1.wav,0.945,242.71402265339327,True,blend_agree
praat_reaper_b200_a0.5,phone_F1.wav,0.955,238.92468801693275,True,blend_agree
praat_reaper_b200_a0.5,phone_F1.wav,0.965,232.5057868519354,True,blend_agree
praat_reaper_b200_a0.5,phone_F1.wav,0.975,222.85912737842702,True,blend_agree
praat_reaper_b200_a0.5,phone_F1.wav,0.985,198.75576505083802,True,blend_agree
praat_reaper_b200_a0.5,phone_F1.wav,0.995,219.23301851101988,True,blend_agree
praat_reaper_b200_a0.5,phone_F1.wav,1.005,234.1079180123009,True,blend_agree
praat_reaper_b200_a0.5,phone_F1.wav,1.015,234.3241421445243,True,blend_agree
praat_reaper_b200_a0.5,phone_F1.wav,1.025,233.0357882452643,True,blend_agree
praat_reaper_b200_a0.5,phone_F1.wav,1.035,227.0349061757261,True,blend_agree
praat_reaper_b200_a0.5,phone_F1.wav,1.045,225.63217797561268,True,blend_agree
praat_reaper_b200_a0.5,phone_F1.wav,1.055,226.74732292012285,True,blend_agree
praat_reaper_b200_a0.5,phone_F1.wav,1.065,215.79089184404623,True,blend_agree
praat_reaper_b200_a0.5,phone_F1.wav,1.075,233.41046033778304,True,blend_agree
praat_reaper_b200_a0.5,phone_F1.wav,1.085,236.98885803669904,True,blend_agree
praat_reaper_b200_a0.5,phone_F1.wav,1.095,244.3431760055649,True,blend_agree
praat_reaper_b200_a0.5,phone_F1.wav,1.105,246.58406767636174,True,blend_agree
praat_reaper_b200_a0.5,phone_F1.wav,1.115,245.73570745552604,True,blend_agree
praat_reaper_b200_a0.5,phone_F1.wav,1.125,240.29907496586523,True,blend_agree
praat_reaper_b200_a0.5,phone_F1.wav,1.135,237.377532865565,True,praat_missing
praat_reaper_b200_a0.5,phone_F1.wav,1.145,0.0,False,unvoiced
praat_reaper_b200_a0.5,phone_F1.wav,1.155,0.0,False,unvoiced
praat_reaper_b200_a0.5,phone_F1.wav,1.165,0.0,False,unvoiced
praat_reaper_b200_a0.5,phone_F1.wav,1.175,0.0,False,unvoiced
praat_reaper_b200_a0.5,phone_F1.wav,1.185,0.0,False,unvoiced
praat_reaper_b200_a0.5,phone_F1.wav,1.195,0.0,False,unvoiced
praat_reaper_b200_a0.5,phone_F1.wav,1.205,0.0,False,unvoiced
praat_reaper_b200_a0.5,phone_F1.wav,1.215,213.9112612683458,True,blend_agree
praat_reaper_b200_a0.5,phone_F1.wav,1.225,196.5183985483934,True,blend_agree
praat_reaper_b200_a0.5,phone_F1.wav,1.235,189.6064534619778,True,blend_agree
praat_reaper_b200_a0.5,phone_F1.wav,1.245,183.60562506681595,True,blend_agree
praat_reaper_b200_a0.5,phone_F1.wav,1.255,181.7846081976028,True,blend_agree
praat_reaper_b200_a0.5,phone_F1.wav,1.265,178.40230745791686,True,blend_agree
praat_reaper_b200_a0.5,phone_F1.wav,1.275,179.23589384663507,True,blend_agree
praat_reaper_b200_a0.5,phone_F1.wav,1.285,182.004552123226,True,blend_agree
praat_reaper_b200_a0.5,phone_F1.wav,1.295,181.68273336257238,True,blend_agree
praat_reaper_b200_a0.5,phone_F1.wav,1.305,184.4552068441778,True,blend_agree
praat_reaper_b200_a0.5,phone_F1.wav,1.315,182.2545507170248,True,blend_agree
praat_reaper_b200_a0.5,phone_F1.wav,1.325,181.81063386147,True,praat_disagreement
praat_reaper_b200_a0.5,phone_F1.wav,1.335,179.07714752164327,True,praat_disagreement
praat_reaper_b200_a0.5,phone_F1.wav,1.345,171.9203815176599,True,praat_disagreement
praat_reaper_b200_a0.5,phone_F1.wav,1.355,0.0,False,unvoiced
praat_reaper_b200_a0.5,phone_F1.wav,1.365,0.0,False,unvoiced
praat_reaper_b200_a0.5,phone_F1.wav,1.375,0.0,False,unvoiced
praat_reaper_b200_a0.5,phone_F1.wav,1.385,0.0,False,unvoiced
praat_reaper_b200_a0.5,phone_F1.wav,1.395,0.0,False,unvoiced
praat_reaper_b200_a0.5,phone_F1.wav,1.405,0.0,False,unvoiced
praat_reaper_b200_a0.5,phone_F1.wav,1.415,0.0,False,unvoiced
praat_reaper_b200_a0.5,phone_F1.wav,1.425,0.0,False,unvoiced
praat_reaper_b200_a0.5,phone_F1.wav,1.435,0.0,False,unvoiced
praat_reaper_b200_a0.5,phone_F1.wav,1.445,0.0,False,unvoiced
praat_reaper_b200_a0.5,phone_F1.wav,1.455,224.02406215491578,True,blend_agree
praat_reaper_b200_a0.5,phone_F1.wav,1.465,211.93817729309495,True,blend_agree
praat_reaper_b200_a0.5,phone_F1.wav,1.475,204.8189023299842,True,blend_agree
praat_reaper_b200_a0.5,phone_F1.wav,1.485,199.53914130089618,True,blend_agree
praat_reaper_b200_a0.5,phone_F1.wav,1.495,198.00815887604327,True,blend_agree
praat_reaper_b200_a0.5,phone_F1.wav,1.505,196.9989024540336,True,blend_agree
praat_reaper_b200_a0.5,phone_F1.wav,1.515,195.21370258519036,True,blend_agree
praat_reaper_b200_a0.5,phone_F1.wav,1.525,193.30818343378414,True,blend_agree
praat_reaper_b200_a0.5,phone_F1.wav,1.535,192.645035190351,True,blend_agree
praat_reaper_b200_a0.5,phone_F1.wav,1.545,190.85408649330918,True,blend_agree
praat_reaper_b200_a0.5,phone_F1.wav,1.555,189.94027172733777,True,blend_agree
praat_reaper_b200_a0.5,phone_F1.wav,1.565,186.75422408664096,True,blend_agree
praat_reaper_b200_a0.5,phone_F1.wav,1.575,187.6755197462244,True,blend_agree
praat_reaper_b200_a0.5,phone_F1.wav,1.585,205.36987560198006,True,blend_agree
praat_reaper_b200_a0.5,phone_F1.wav,1.595,227.3075094072663,True,praat_disagreement
praat_reaper_b200_a0.5,phone_F1.wav,1.605,247.8394397434645,True,praat_disagreement
praat_reaper_b200_a0.5,phone_F1.wav,1.615,229.95963962648997,True,praat_disagreement
praat_reaper_b200_a0.5,phone_F1.wav,1.625,0.0,False,unvoiced
praat_reaper_b200_a0.5,phone_F1.wav,1.635,0.0,False,unvoiced
praat_reaper_b200_a0.5,phone_F1.wav,1.645,0.0,False,unvoiced
praat_reaper_b200_a0.5,phone_F1.wav,1.655,0.0,False,unvoiced
praat_reaper_b200_a0.5,phone_F1.wav,1.665,0.0,False,unvoiced
praat_reaper_b200_a0.5,phone_F1.wav,1.675,0.0,False,unvoiced
praat_reaper_b200_a0.5,phone_F1.wav,1.685,0.0,False,unvoiced
praat_reaper_b200_a0.5,phone_F1.wav,1.695,0.0,False,unvoiced
praat_reaper_b200_a0.5,phone_F1.wav,1.705,0.0,False,unvoiced
praat_reaper_b200_a0.5,phone_F1.wav,1.715,0.0,False,unvoiced
praat_reaper_b200_a0.5,phone_F1.wav,1.725,0.0,False,unvoiced
praat_reaper_b200_a0.5,phone_F1.wav,1.735,0.0,False,unvoiced
praat_reaper_b200_a0.5,phone_F1.wav,1.745,0.0,False,unvoiced
praat_reaper_b200_a0.5,phone_F1.wav,1.755,0.0,False,unvoiced
praat_reaper_b200_a0.5,phone_F1.wav,1.765,0.0,False,unvoiced
praat_reaper_b200_a0.5,phone_F1.wav,1.775,0.0,False,unvoiced
praat_reaper_b200_a0.5,phone_F1.wav,1.785,0.0,False,unvoiced
praat_reaper_b200_a0.5,phone_F1.wav,1.795,0.0,False,unvoiced
praat_reaper_b200_a0.5,phone_F1.wav,1.805,0.0,False,unvoiced
praat_reaper_b200_a0.5,phone_F1.wav,1.815,0.0,False,unvoiced
praat_reaper_b200_a0.5,phone_F1.wav,1.825,0.0,False,unvoiced
praat_reaper_b200_a0.5,phone_F1.wav,1.835,225.7173191107258,True,praat_missing
praat_reaper_b200_a0.5,phone_F1.wav,1.845,217.90010520086597,True,praat_missing
praat_reaper_b200_a0.5,phone_F1.wav,1.855,0.0,False,unvoiced
praat_reaper_b200_a0.5,phone_F1.wav,1.865,0.0,False,unvoiced
praat_reaper_b200_a0.5,phone_F1.wav,1.875,0.0,False,unvoiced
praat_reaper_b200_a0.5,phone_F1.wav,1.885,0.0,False,unvoiced
praat_reaper_b200_a0.5,phone_F1.wav,1.895,0.0,False,unvoiced
praat_reaper_b200_a0.5,phone_F1.wav,1.905,0.0,False,unvoiced
praat_reaper_b200_a0.5,phone_F1.wav,1.915,218.84300288203184,True,blend_agree
praat_reaper_b200_a0.5,phone_F1.wav,1.925,225.2150458115373,True,blend_agree
praat_reaper_b200_a0.5,phone_F1.wav,1.935,224.75883072771526,True,blend_agree
praat_reaper_b200_a0.5,phone_F1.wav,1.945,223.18167909792336,True,blend_agree
praat_reaper_b200_a0.5,phone_F1.wav,1.955,222.82275243936456,True,blend_agree
praat_reaper_b200_a0.5,phone_F1.wav,1.965,222.2860107556795,True,blend_agree
praat_reaper_b200_a0.5,phone_F1.wav,1.975,220.0911113918766,True,blend_agree
praat_reaper_b200_a0.5,phone_F1.wav,1.985,219.42048091801348,True,blend_agree
praat_reaper_b200_a0.5,phone_F1.wav,1.995,217.24929599455834,True,blend_agree
praat_reaper_b200_a0.5,phone_F1.wav,2.005,216.0630435513019,True,blend_agree
praat_reaper_b200_a0.5,phone_F1.wav,2.015,211.77498761494385,True,blend_agree
praat_reaper_b200_a0.5,phone_F1.wav,2.025,210.29963815652846,True,blend_agree
praat_reaper_b200_a0.5,phone_F1.wav,2.035,195.75629524686735,True,blend_agree
praat_reaper_b200_a0.5,phone_F1.wav,2.045,189.9358700547021,True,blend_agree
praat_reaper_b200_a0.5,phone_F1.wav,2.055,189.92885345708464,True,blend_agree
praat_reaper_b200_a0.5,phone_F1.wav,2.065,190.11651862795,True,blend_agree
praat_reaper_b200_a0.5,phone_F1.wav,2.075,200.67567811348914,True,blend_agree
praat_reaper_b200_a0.5,phone_F1.wav,2.085,204.88099406779202,True,blend_agree
praat_reaper_b200_a0.5,phone_F1.wav,2.095,201.48310900132103,True,blend_agree
praat_reaper_b200_a0.5,phone_F1.wav,2.105,200.6864400253873,True,blend_agree
praat_reaper_b200_a0.5,phone_F1.wav,2.115,198.83507146911748,True,blend_agree
praat_reaper_b200_a0.5,phone_F1.wav,2.125,198.1567398838079,True,blend_agree
praat_reaper_b200_a0.5,phone_F1.wav,2.135,196.17256091987423,True,blend_agree
praat_reaper_b200_a0.5,phone_F1.wav,2.145,195.7947943643284,True,blend_agree
praat_reaper_b200_a0.5,phone_F1.wav,2.155,194.00917973677227,True,blend_agree
praat_reaper_b200_a0.5,phone_F1.wav,2.165,193.6193891756935,True,blend_agree
praat_reaper_b200_a0.5,phone_F1.wav,2.175,192.90298299503672,True,blend_agree
praat_reaper_b200_a0.5,phone_F1.wav,2.185,189.4994810307164,True,blend_agree
praat_reaper_b200_a0.5,phone_F1.wav,2.195,189.24587489692033,True,praat_missing
praat_reaper_b200_a0.5,phone_F1.wav,2.205,0.0,False,unvoiced
praat_reaper_b200_a0.5,phone_F1.wav,2.215,0.0,False,unvoiced
praat_reaper_b200_a0.5,phone_F1.wav,2.225,0.0,False,unvoiced
praat_reaper_b200_a0.5,phone_F1.wav,2.235,0.0,False,unvoiced
praat_reaper_b200_a0.5,phone_F1.wav,2.245,0.0,False,unvoiced
praat_reaper_b200_a0.5,phone_F1.wav,2.255,0.0,False,unvoiced
praat_reaper_b200_a0.5,phone_F1.wav,2.265,0.0,False,unvoiced
praat_reaper_b200_a0.5,phone_F1.wav,2.275,0.0,False,unvoiced
praat_reaper_b200_a0.5,phone_F1.wav,2.285,237.78750131738516,True,blend_agree
praat_reaper_b200_a0.5,phone_F1.wav,2.295,234.57771794330364,True,blend_agree
praat_reaper_b200_a0.5,phone_F1.wav,2.305,234.77283100792886,True,blend_agree
praat_reaper_b200_a0.5,phone_F1.wav,2.315,236.25465659088835,True,blend_agree
praat_reaper_b200_a0.5,phone_F1.wav,2.325,241.84593196200734,True,blend_agree
praat_reaper_b200_a0.5,phone_F1.wav,2.335,241.28685737547963,True,blend_agree
praat_reaper_b200_a0.5,phone_F1.wav,2.345,0.0,False,unvoiced
praat_reaper_b200_a0.5,phone_F1.wav,2.355,0.0,False,unvoiced
praat_reaper_b200_a0.5,phone_F1.wav,2.365,0.0,False,unvoiced
praat_reaper_b200_a0.5,phone_F1.wav,2.375,0.0,False,unvoiced
praat_reaper_b200_a0.5,phone_F1.wav,2.385,0.0,False,unvoiced
praat_reaper_b200_a0.5,phone_F1.wav,2.395,0.0,False,unvoiced
praat_reaper_b200_a0.5,phone_F1.wav,2.405,255.80963167920584,True,praat_missing
praat_reaper_b200_a0.5,phone_F1.wav,2.415,254.35309022620564,True,blend_agree
praat_reaper_b200_a0.5,phone_F1.wav,2.425,226.09752297050287,True,blend_agree
praat_reaper_b200_a0.5,phone_F1.wav,2.435,208.8184124288763,True,blend_agree
praat_reaper_b200_a0.5,phone_F1.wav,2.445,195.52016139019722,True,blend_agree
praat_reaper_b200_a0.5,phone_F1.wav,2.455,192.43627236909649,True,praat_disagreement
praat_reaper_b200_a0.5,phone_F1.wav,2.465,197.12487288855576,True,praat_disagreement
praat_reaper_b200_a0.5,phone_F1.wav,2.475,195.67331929711443,True,praat_disagreement
praat_reaper_b200_a0.5,phone_F1.wav,2.485,193.99356943795823,True,praat_disagreement
praat_reaper_b200_a0.5,phone_F1.wav,2.495,199.76699535700527,True,praat_disagreement
praat_reaper_b200_a0.5,phone_F1.wav,2.505,211.06278024694768,True,praat_disagreement
praat_reaper_b200_a0.5,phone_F1.wav,2.515,0.0,False,unvoiced
praat_reaper_b200_a0.5,phone_F1.wav,2.525,0.0,False,unvoiced
praat_reaper_b200_a0.5,phone_F1.wav,2.535,0.0,False,unvoiced
praat_reaper_b200_a0.5,phone_F1.wav,2.545,0.0,False,unvoiced
praat_reaper_b200_a0.5,phone_F1.wav,2.555,0.0,False,unvoiced
praat_reaper_b200_a0.5,phone_F1.wav,2.565,0.0,False,unvoiced
praat_reaper_b200_a0.5,phone_F1.wav,2.575,0.0,False,unvoiced
praat_reaper_b200_a0.5,phone_F1.wav,2.585,0.0,False,unvoiced
praat_reaper_b200_a0.5,phone_F1.wav,2.595,0.0,False,unvoiced
praat_reaper_b200_a0.5,phone_F1.wav,2.605,0.0,False,unvoiced
praat_reaper_b200_a0.5,phone_F1.wav,2.615,0.0,False,unvoiced
praat_reaper_b200_a0.5,phone_F1.wav,2.625,0.0,False,unvoiced
praat_reaper_b200_a0.5,phone_F1.wav,2.635,0.0,False,unvoiced
praat_reaper_b200_a0.5,phone_F1.wav,2.645,0.0,False,unvoiced
praat_reaper_b200_a0.5,phone_F1.wav,2.655,0.0,False,unvoiced
praat_reaper_b200_a0.5,phone_F1.wav,2.665,217.43585311552573,True,blend_agree
praat_reaper_b200_a0.5,phone_F1.wav,2.675,200.56603873648794,True,blend_agree
praat_reaper_b200_a0.5,phone_F1.wav,2.685,197.24616158963238,True,blend_agree
praat_reaper_b200_a0.5,phone_F1.wav,2.695,195.04684843658038,True,blend_agree
praat_reaper_b200_a0.5,phone_F1.wav,2.705,192.69619509254005,True,blend_agree
praat_reaper_b200_a0.5,phone_F1.wav,2.715,190.20540783065184,True,blend_agree
praat_reaper_b200_a0.5,phone_F1.wav,2.725,186.8968762828549,True,blend_agree
praat_reaper_b200_a0.5,phone_F1.wav,2.735,184.53844387721648,True,praat_missing
praat_reaper_b200_a0.5,phone_F1.wav,2.745,0.0,False,unvoiced
praat_reaper_b200_a0.5,phone_F1.wav,2.755,0.0,False,unvoiced
praat_reaper_b200_a0.5,phone_F1.wav,2.765,0.0,False,unvoiced
praat_reaper_b200_a0.5,phone_F1.wav,2.775,0.0,False,unvoiced
praat_reaper_b200_a0.5,phone_F1.wav,2.785,0.0,False,unvoiced
praat_reaper_b200_a0.5,phone_F1.wav,2.795,0.0,False,unvoiced
praat_reaper_b200_a0.5,phone_F1.wav,2.805,0.0,False,unvoiced
praat_reaper_b200_a0.5,phone_F1.wav,2.815,0.0,False,unvoiced
praat_reaper_b200_a0.5,phone_F1.wav,2.825,0.0,False,unvoiced
praat_reaper_b200_a0.5,phone_F1.wav,2.835,0.0,False,unvoiced
praat_reaper_b200_a0.5,phone_F1.wav,2.845,0.0,False,unvoiced
praat_reaper_b200_a0.5,phone_F1.wav,2.855,0.0,False,unvoiced
praat_reaper_b200_a0.5,phone_F1.wav,2.865,0.0,False,unvoiced
praat_reaper_b200_a0.5,phone_F1.wav,2.875,0.0,False,unvoiced
praat_reaper_b200_a0.5,phone_F1.wav,2.885,0.0,False,unvoiced
praat_reaper_b200_a0.5,phone_F1.wav,2.895,0.0,False,unvoiced
praat_reaper_b200_a0.5,phone_F1.wav,2.905,0.0,False,unvoiced
praat_reaper_b200_a0.5,phone_F1.wav,2.915,0.0,False,unvoiced
praat_reaper_b200_a0.5,phone_F1.wav,2.925,0.0,False,unvoiced
praat_reaper_b200_a0.5,phone_F1.wav,2.935,0.0,False,unvoiced
praat_reaper_b200_a0.5,phone_F1.wav,2.945,0.0,False,unvoiced
praat_reaper_b200_a0.5,phone_F1.wav,2.955,0.0,False,unvoiced
praat_reaper_b200_a0.5,phone_F1.wav,2.965,0.0,False,unvoiced
praat_reaper_b200_a0.5,phone_F1.wav,2.975,0.0,False,unvoiced
praat_reaper_b200_a0.5,phone_F1.wav,2.985,0.0,False,unvoiced
praat_reaper_b200_a0.5,phone_F1.wav,2.995,0.0,False,unvoiced
praat_reaper_b200_a0.5,phone_F1.wav,3.005,0.0,False,unvoiced
praat_reaper_b200_a0.5,phone_F1.wav,3.015,0.0,False,unvoiced
praat_reaper_b200_a0.5,phone_F1.wav,3.025,0.0,False,unvoiced
praat_reaper_b200_a0.5,phone_F1.wav,3.035,0.0,False,unvoiced
praat_reaper_b200_a0.5,phone_F1.wav,3.045,0.0,False,unvoiced
praat_reaper_b200_a0.5,phone_F1.wav,3.055,0.0,False,unvoiced
praat_reaper_b200_a0.5,phone_F1.wav,3.065,0.0,False,unvoiced
praat_reaper_b200_a0.5,phone_F1.wav,3.075,0.0,False,unvoiced
praat_reaper_b200_a0.5,phone_F1.wav,3.085,0.0,False,unvoiced
praat_reaper_b200_a0.5,phone_F1.wav,3.095,0.0,False,unvoiced
praat_reaper_b200_a0.5,phone_F1.wav,3.105,0.0,False,unvoiced
praat_reaper_b200_a0.5,phone_F1.wav,3.115,0.0,False,unvoiced
praat_reaper_b200_a0.5,phone_F1.wav,3.125,0.0,False,unvoiced
praat_reaper_b200_a0.5,phone_F1.wav,3.135,0.0,False,unvoiced
praat_reaper_b200_a0.5,phone_F1.wav,3.145,0.0,False,unvoiced
praat_reaper_b200_a0.5,phone_F1.wav,3.155,0.0,False,unvoiced
praat_reaper_b200_a0.5,phone_F1.wav,3.165,0.0,False,unvoiced
praat_reaper_b200_a0.5,phone_F1.wav,3.175,0.0,False,unvoiced
praat_reaper_b200_a0.5,phone_F1.wav,3.185,0.0,False,unvoiced
praat_reaper_b200_a0.5,phone_F1.wav,3.195,0.0,False,unvoiced
praat_reaper_b200_a0.5,phone_F1.wav,3.205,0.0,False,unvoiced
praat_reaper_b200_a0.5,phone_F1.wav,3.215,0.0,False,unvoiced
praat_reaper_b200_a1,phone_F1.wav,0.025,0.0,False,unvoiced
praat_reaper_b200_a1,phone_F1.wav,0.035,0.0,False,unvoiced
praat_reaper_b200_a1,phone_F1.wav,0.045,0.0,False,unvoiced
praat_reaper_b200_a1,phone_F1.wav,0.055,0.0,False,unvoiced
praat_reaper_b200_a1,phone_F1.wav,0.065,0.0,False,unvoiced
praat_reaper_b200_a1,phone_F1.wav,0.075,0.0,False,unvoiced
praat_reaper_b200_a1,phone_F1.wav,0.085,0.0,False,unvoiced
praat_reaper_b200_a1,phone_F1.wav,0.095,0.0,False,unvoiced
praat_reaper_b200_a1,phone_F1.wav,0.105,0.0,False,unvoiced
praat_reaper_b200_a1,phone_F1.wav,0.115,0.0,False,unvoiced
praat_reaper_b200_a1,phone_F1.wav,0.125,0.0,False,unvoiced
praat_reaper_b200_a1,phone_F1.wav,0.135,0.0,False,unvoiced
praat_reaper_b200_a1,phone_F1.wav,0.145,0.0,False,unvoiced
praat_reaper_b200_a1,phone_F1.wav,0.155,0.0,False,unvoiced
praat_reaper_b200_a1,phone_F1.wav,0.165,0.0,False,unvoiced
praat_reaper_b200_a1,phone_F1.wav,0.175,0.0,False,unvoiced
praat_reaper_b200_a1,phone_F1.wav,0.185,0.0,False,unvoiced
praat_reaper_b200_a1,phone_F1.wav,0.195,0.0,False,unvoiced
praat_reaper_b200_a1,phone_F1.wav,0.205,0.0,False,unvoiced
praat_reaper_b200_a1,phone_F1.wav,0.215,0.0,False,unvoiced
praat_reaper_b200_a1,phone_F1.wav,0.225,0.0,False,unvoiced
praat_reaper_b200_a1,phone_F1.wav,0.235,0.0,False,unvoiced
praat_reaper_b200_a1,phone_F1.wav,0.245,0.0,False,unvoiced
praat_reaper_b200_a1,phone_F1.wav,0.255,0.0,False,unvoiced
praat_reaper_b200_a1,phone_F1.wav,0.265,0.0,False,unvoiced
praat_reaper_b200_a1,phone_F1.wav,0.275,0.0,False,unvoiced
praat_reaper_b200_a1,phone_F1.wav,0.285,0.0,False,unvoiced
praat_reaper_b200_a1,phone_F1.wav,0.295,0.0,False,unvoiced
praat_reaper_b200_a1,phone_F1.wav,0.305,0.0,False,unvoiced
praat_reaper_b200_a1,phone_F1.wav,0.315,0.0,False,unvoiced
praat_reaper_b200_a1,phone_F1.wav,0.325,0.0,False,unvoiced
praat_reaper_b200_a1,phone_F1.wav,0.335,0.0,False,unvoiced
praat_reaper_b200_a1,phone_F1.wav,0.345,0.0,False,unvoiced
praat_reaper_b200_a1,phone_F1.wav,0.355,0.0,False,unvoiced
praat_reaper_b200_a1,phone_F1.wav,0.365,0.0,False,unvoiced
praat_reaper_b200_a1,phone_F1.wav,0.375,0.0,False,unvoiced
praat_reaper_b200_a1,phone_F1.wav,0.385,0.0,False,unvoiced
praat_reaper_b200_a1,phone_F1.wav,0.395,0.0,False,unvoiced
praat_reaper_b200_a1,phone_F1.wav,0.405,0.0,False,unvoiced
praat_reaper_b200_a1,phone_F1.wav,0.415,0.0,False,unvoiced
praat_reaper_b200_a1,phone_F1.wav,0.425,0.0,False,unvoiced
praat_reaper_b200_a1,phone_F1.wav,0.435,0.0,False,unvoiced
praat_reaper_b200_a1,phone_F1.wav,0.445,0.0,False,unvoiced
praat_reaper_b200_a1,phone_F1.wav,0.455,0.0,False,unvoiced
praat_reaper_b200_a1,phone_F1.wav,0.465,0.0,False,unvoiced
praat_reaper_b200_a1,phone_F1.wav,0.475,0.0,False,unvoiced
praat_reaper_b200_a1,phone_F1.wav,0.485,0.0,False,unvoiced
praat_reaper_b200_a1,phone_F1.wav,0.495,0.0,False,unvoiced
praat_reaper_b200_a1,phone_F1.wav,0.505,0.0,False,unvoiced
praat_reaper_b200_a1,phone_F1.wav,0.515,0.0,False,unvoiced
praat_reaper_b200_a1,phone_F1.wav,0.525,0.0,False,unvoiced
praat_reaper_b200_a1,phone_F1.wav,0.535,0.0,False,unvoiced
praat_reaper_b200_a1,phone_F1.wav,0.545,224.0735160407899,True,praat_missing
praat_reaper_b200_a1,phone_F1.wav,0.555,222.22222900390625,True,reaper_agree
praat_reaper_b200_a1,phone_F1.wav,0.565,216.21621704101562,True,reaper_agree
praat_reaper_b200_a1,phone_F1.wav,0.575,216.21621704101562,True,reaper_agree
praat_reaper_b200_a1,phone_F1.wav,0.585,219.17808532714844,True,reaper_agree
praat_reaper_b200_a1,phone_F1.wav,0.595,216.21621704101562,True,reaper_agree
praat_reaper_b200_a1,phone_F1.wav,0.605,216.21621704101562,True,reaper_agree
praat_reaper_b200_a1,phone_F1.wav,0.615,216.21621704101562,True,reaper_agree
praat_reaper_b200_a1,phone_F1.wav,0.625,222.22222900390625,True,reaper_agree
praat_reaper_b200_a1,phone_F1.wav,0.635,225.35211181640625,True,reaper_agree
praat_reaper_b200_a1,phone_F1.wav,0.645,228.57142639160156,True,reaper_agree
praat_reaper_b200_a1,phone_F1.wav,0.655,228.57142639160156,True,reaper_agree
praat_reaper_b200_a1,phone_F1.wav,0.665,228.57142639160156,True,reaper_agree
praat_reaper_b200_a1,phone_F1.wav,0.675,228.57142639160156,True,reaper_agree
praat_reaper_b200_a1,phone_F1.wav,0.685,228.57142639160156,True,reaper_agree
praat_reaper_b200_a1,phone_F1.wav,0.695,228.57142639160156,True,reaper_agree
praat_reaper_b200_a1,phone_F1.wav,0.705,231.88406372070312,True,reaper_agree
praat_reaper_b200_a1,phone_F1.wav,0.715,231.88406372070312,True,reaper_agree
praat_reaper_b200_a1,phone_F1.wav,0.725,231.88406372070312,True,reaper_agree
praat_reaper_b200_a1,phone_F1.wav,0.735,231.88406372070312,True,reaper_agree
praat_reaper_b200_a1,phone_F1.wav,0.745,228.57142639160156,True,reaper_agree
praat_reaper_b200_a1,phone_F1.wav,0.755,235.2941131591797,True,reaper_agree
praat_reaper_b200_a1,phone_F1.wav,0.765,231.88406372070312,True,reaper_agree
praat_reaper_b200_a1,phone_F1.wav,0.775,228.57142639160156,True,reaper_agree
praat_reaper_b200_a1,phone_F1.wav,0.785,225.35211181640625,True,reaper_agree
praat_reaper_b200_a1,phone_F1.wav,0.795,216.21621704101562,True,reaper_agree
praat_reaper_b200_a1,phone_F1.wav,0.805,213.3333282470703,True,reaper_agree
praat_reaper_b200_a1,phone_F1.wav,0.815,235.2941131591797,True,reaper_agree
praat_reaper_b200_a1,phone_F1.wav,0.825,235.2941131591797,True,reaper_agree
praat_reaper_b200_a1,phone_F1.wav,0.835,235.2941131591797,True,reaper_agree
praat_reaper_b200_a1,phone_F1.wav,0.845,238.80596923828125,True,reaper_agree
praat_reaper_b200_a1,phone_F1.wav,0.855,242.4242401123047,True,reaper_agree
praat_reaper_b200_a1,phone_F1.wav,0.865,242.4242401123047,True,reaper_agree
praat_reaper_b200_a1,phone_F1.wav,0.875,246.15383911132812,True,reaper_agree
praat_reaper_b200_a1,phone_F1.wav,0.885,246.15383911132812,True,reaper_agree
praat_reaper_b200_a1,phone_F1.wav,0.895,250.0,True,reaper_agree
praat_reaper_b200_a1,phone_F1.wav,0.905,250.0,True,reaper_agree
praat_reaper_b200_a1,phone_F1.wav,0.915,246.15383911132812,True,reaper_agree
praat_reaper_b200_a1,phone_F1.wav,0.925,246.15383911132812,True,reaper_agree
praat_reaper_b200_a1,phone_F1.wav,0.935,242.4242401123047,True,reaper_agree
praat_reaper_b200_a1,phone_F1.wav,0.945,242.4242401123047,True,reaper_agree
praat_reaper_b200_a1,phone_F1.wav,0.955,238.80596923828125,True,reaper_agree
praat_reaper_b200_a1,phone_F1.wav,0.965,231.88406372070312,True,reaper_agree
praat_reaper_b200_a1,phone_F1.wav,0.975,222.22222900390625,True,reaper_agree
praat_reaper_b200_a1,phone_F1.wav,0.985,188.23529052734375,True,reaper_agree
praat_reaper_b200_a1,phone_F1.wav,0.995,207.79220581054688,True,reaper_agree
praat_reaper_b200_a1,phone_F1.wav,1.005,231.88406372070312,True,reaper_agree
praat_reaper_b200_a1,phone_F1.wav,1.015,231.88406372070312,True,reaper_agree
praat_reaper_b200_a1,phone_F1.wav,1.025,231.88406372070312,True,reaper_agree
praat_reaper_b200_a1,phone_F1.wav,1.035,225.35211181640625,True,reaper_agree
praat_reaper_b200_a1,phone_F1.wav,1.045,225.35211181640625,True,reaper_agree
praat_reaper_b200_a1,phone_F1.wav,1.055,228.57142639160156,True,reaper_agree
praat_reaper_b200_a1,phone_F1.wav,1.065,205.12820434570312,True,reaper_agree
praat_reaper_b200_a1,phone_F1.wav,1.075,231.88406372070312,True,reaper_agree
praat_reaper_b200_a1,phone_F1.wav,1.085,235.2941131591797,True,reaper_agree
praat_reaper_b200_a1,phone_F1.wav,1.095,242.4242401123047,True,reaper_agree
praat_reaper_b200_a1,phone_F1.wav,1.105,246.15383911132812,True,reaper_agree
praat_reaper_b200_a1,phone_F1.wav,1.115,246.15383911132812,True,reaper_agree
praat_reaper_b200_a1,phone_F1.wav,1.125,238.80596923828125,True,reaper_agree
praat_reaper_b200_a1,phone_F1.wav,1.135,237.377532865565,True,praat_missing
praat_reaper_b200_a1,phone_F1.wav,1.145,0.0,False,unvoiced
praat_reaper_b200_a1,phone_F1.wav,1.155,0.0,False,unvoiced
praat_reaper_b200_a1,phone_F1.wav,1.165,0.0,False,unvoiced
praat_reaper_b200_a1,phone_F1.wav,1.175,0.0,False,unvoiced
praat_reaper_b200_a1,phone_F1.wav,1.185,0.0,False,unvoiced
praat_reaper_b200_a1,phone_F1.wav,1.195,0.0,False,unvoiced
praat_reaper_b200_a1,phone_F1.wav,1.205,0.0,False,unvoiced
praat_reaper_b200_a1,phone_F1.wav,1.215,202.53164672851562,True,reaper_agree
praat_reaper_b200_a1,phone_F1.wav,1.225,188.23529052734375,True,reaper_agree
praat_reaper_b200_a1,phone_F1.wav,1.235,186.0465087890625,True,reaper_agree
praat_reaper_b200_a1,phone_F1.wav,1.245,181.81817626953125,True,reaper_agree
praat_reaper_b200_a1,phone_F1.wav,1.255,181.81817626953125,True,reaper_agree
praat_reaper_b200_a1,phone_F1.wav,1.265,177.77777099609375,True,reaper_agree
praat_reaper_b200_a1,phone_F1.wav,1.275,179.77528381347656,True,reaper_agree
praat_reaper_b200_a1,phone_F1.wav,1.285,183.90805053710938,True,reaper_agree
praat_reaper_b200_a1,phone_F1.wav,1.295,181.81817626953125,True,reaper_agree
praat_reaper_b200_a1,phone_F1.wav,1.305,186.0465087890625,True,reaper_agree
praat_reaper_b200_a1,phone_F1.wav,1.315,181.81817626953125,True,reaper_agree
praat_reaper_b200_a1,phone_F1.wav,1.325,181.81063386147,True,praat_disagreement
praat_reaper_b200_a1,phone_F1.wav,1.335,179.07714752164327,True,praat_disagreement
praat_reaper_b200_a1,phone_F1.wav,1.345,171.9203815176599,True,praat_disagreement
praat_reaper_b200_a1,phone_F1.wav,1.355,0.0,False,unvoiced
praat_reaper_b200_a1,phone_F1.wav,1.365,0.0,False,unvoiced
praat_reaper_b200_a1,phone_F1.wav,1.375,0.0,False,unvoiced
praat_reaper_b200_a1,phone_F1.wav,1.385,0.0,False,unvoiced
praat_reaper_b200_a1,phone_F1.wav,1.395,0.0,False,unvoiced
praat_reaper_b200_a1,phone_F1.wav,1.405,0.0,False,unvoiced
praat_reaper_b200_a1,phone_F1.wav,1.415,0.0,False,unvoiced
praat_reaper_b200_a1,phone_F1.wav,1.425,0.0,False,unvoiced
praat_reaper_b200_a1,phone_F1.wav,1.435,0.0,False,unvoiced
praat_reaper_b200_a1,phone_F1.wav,1.445,0.0,False,unvoiced
praat_reaper_b200_a1,phone_F1.wav,1.455,222.22222900390625,True,reaper_agree
praat_reaper_b200_a1,phone_F1.wav,1.465,207.79220581054688,True,reaper_agree
praat_reaper_b200_a1,phone_F1.wav,1.475,202.53164672851562,True,reaper_agree
praat_reaper_b200_a1,phone_F1.wav,1.485,197.53086853027344,True,reaper_agree
praat_reaper_b200_a1,phone_F1.wav,1.495,197.53086853027344,True,reaper_agree
praat_reaper_b200_a1,phone_F1.wav,1.505,197.53086853027344,True,reaper_agree
praat_reaper_b200_a1,phone_F1.wav,1.515,195.1219482421875,True,reaper_agree
praat_reaper_b200_a1,phone_F1.wav,1.525,192.77108764648438,True,reaper_agree
praat_reaper_b200_a1,phone_F1.wav,1.535,192.77108764648438,True,reaper_agree
praat_reaper_b200_a1,phone_F1.wav,1.545,190.4761962890625,True,reaper_agree
praat_reaper_b200_a1,phone_F1.wav,1.555,190.4761962890625,True,reaper_agree
praat_reaper_b200_a1,phone_F1.wav,1.565,186.0465087890625,True,reaper_agree
praat_reaper_b200_a1,phone_F1.wav,1.575,188.23529052734375,True,reaper_agree
praat_reaper_b200_a1,phone_F1.wav,1.585,213.3333282470703,True,reaper_agree
praat_reaper_b200_a1,phone_F1.wav,1.595,227.3075094072663,True,praat_disagreement
praat_reaper_b200_a1,phone_F1.wav,1.605,247.8394397434645,True,praat_disagreement
praat_reaper_b200_a1,phone_F1.wav,1.615,229.95963962648997,True,praat_disagreement
praat_reaper_b200_a1,phone_F1.wav,1.625,0.0,False,unvoiced
praat_reaper_b200_a1,phone_F1.wav,1.635,0.0,False,unvoiced
praat_reaper_b200_a1,phone_F1.wav,1.645,0.0,False,unvoiced
praat_reaper_b200_a1,phone_F1.wav,1.655,0.0,False,unvoiced
praat_reaper_b200_a1,phone_F1.wav,1.665,0.0,False,unvoiced
praat_reaper_b200_a1,phone_F1.wav,1.675,0.0,False,unvoiced
praat_reaper_b200_a1,phone_F1.wav,1.685,0.0,False,unvoiced
praat_reaper_b200_a1,phone_F1.wav,1.695,0.0,False,unvoiced
praat_reaper_b200_a1,phone_F1.wav,1.705,0.0,False,unvoiced
praat_reaper_b200_a1,phone_F1.wav,1.715,0.0,False,unvoiced
praat_reaper_b200_a1,phone_F1.wav,1.725,0.0,False,unvoiced
praat_reaper_b200_a1,phone_F1.wav,1.735,0.0,False,unvoiced
praat_reaper_b200_a1,phone_F1.wav,1.745,0.0,False,unvoiced
praat_reaper_b200_a1,phone_F1.wav,1.755,0.0,False,unvoiced
praat_reaper_b200_a1,phone_F1.wav,1.765,0.0,False,unvoiced
praat_reaper_b200_a1,phone_F1.wav,1.775,0.0,False,unvoiced
praat_reaper_b200_a1,phone_F1.wav,1.785,0.0,False,unvoiced
praat_reaper_b200_a1,phone_F1.wav,1.795,0.0,False,unvoiced
praat_reaper_b200_a1,phone_F1.wav,1.805,0.0,False,unvoiced
praat_reaper_b200_a1,phone_F1.wav,1.815,0.0,False,unvoiced
praat_reaper_b200_a1,phone_F1.wav,1.825,0.0,False,unvoiced
praat_reaper_b200_a1,phone_F1.wav,1.835,225.7173191107258,True,praat_missing
praat_reaper_b200_a1,phone_F1.wav,1.845,217.90010520086597,True,praat_missing
praat_reaper_b200_a1,phone_F1.wav,1.855,0.0,False,unvoiced
praat_reaper_b200_a1,phone_F1.wav,1.865,0.0,False,unvoiced
praat_reaper_b200_a1,phone_F1.wav,1.875,0.0,False,unvoiced
praat_reaper_b200_a1,phone_F1.wav,1.885,0.0,False,unvoiced
praat_reaper_b200_a1,phone_F1.wav,1.895,0.0,False,unvoiced
praat_reaper_b200_a1,phone_F1.wav,1.905,0.0,False,unvoiced
praat_reaper_b200_a1,phone_F1.wav,1.915,219.17808532714844,True,reaper_agree
praat_reaper_b200_a1,phone_F1.wav,1.925,228.57142639160156,True,reaper_agree
praat_reaper_b200_a1,phone_F1.wav,1.935,225.35211181640625,True,reaper_agree
praat_reaper_b200_a1,phone_F1.wav,1.945,222.22222900390625,True,reaper_agree
praat_reaper_b200_a1,phone_F1.wav,1.955,222.22222900390625,True,reaper_agree
praat_reaper_b200_a1,phone_F1.wav,1.965,222.22222900390625,True,reaper_agree
praat_reaper_b200_a1,phone_F1.wav,1.975,219.17808532714844,True,reaper_agree
praat_reaper_b200_a1,phone_F1.wav,1.985,219.17808532714844,True,reaper_agree
praat_reaper_b200_a1,phone_F1.wav,1.995,216.21621704101562,True,reaper_agree
praat_reaper_b200_a1,phone_F1.wav,2.005,216.21621704101562,True,reaper_agree
praat_reaper_b200_a1,phone_F1.wav,2.015,210.5263214111328,True,reaper_agree
praat_reaper_b200_a1,phone_F1.wav,2.025,210.5263214111328,True,reaper_agree
praat_reaper_b200_a1,phone_F1.wav,2.035,190.4761962890625,True,reaper_agree
praat_reaper_b200_a1,phone_F1.wav,2.045,190.4761962890625,True,reaper_agree
praat_reaper_b200_a1,phone_F1.wav,2.055,190.4761962890625,True,reaper_agree
praat_reaper_b200_a1,phone_F1.wav,2.065,190.4761962890625,True,reaper_agree
praat_reaper_b200_a1,phone_F1.wav,2.075,205.12820434570312,True,reaper_agree
praat_reaper_b200_a1,phone_F1.wav,2.085,205.12820434570312,True,reaper_agree
praat_reaper_b200_a1,phone_F1.wav,2.095,200.0,True,reaper_agree
praat_reaper_b200_a1,phone_F1.wav,2.105,200.0,True,reaper_agree
praat_reaper_b200_a1,phone_F1.wav,2.115,197.53086853027344,True,reaper_agree
praat_reaper_b200_a1,phone_F1.wav,2.125,197.53086853027344,True,reaper_agree
praat_reaper_b200_a1,phone_F1.wav,2.135,195.1219482421875,True,reaper_agree
praat_reaper_b200_a1,phone_F1.wav,2.145,195.1219482421875,True,reaper_agree
praat_reaper_b200_a1,phone_F1.wav,2.155,192.77108764648438,True,reaper_agree
praat_reaper_b200_a1,phone_F1.wav,2.165,192.77108764648438,True,reaper_agree
praat_reaper_b200_a1,phone_F1.wav,2.175,192.77108764648438,True,reaper_agree
praat_reaper_b200_a1,phone_F1.wav,2.185,188.23529052734375,True,reaper_agree
praat_reaper_b200_a1,phone_F1.wav,2.195,189.24587489692033,True,praat_missing
praat_reaper_b200_a1,phone_F1.wav,2.205,0.0,False,unvoiced
praat_reaper_b200_a1,phone_F1.wav,2.215,0.0,False,unvoiced
praat_reaper_b200_a1,phone_F1.wav,2.225,0.0,False,unvoiced
praat_reaper_b200_a1,phone_F1.wav,2.235,0.0,False,unvoiced
praat_reaper_b200_a1,phone_F1.wav,2.245,0.0,False,unvoiced
praat_reaper_b200_a1,phone_F1.wav,2.255,0.0,False,unvoiced
praat_reaper_b200_a1,phone_F1.wav,2.265,0.0,False,unvoiced
praat_reaper_b200_a1,phone_F1.wav,2.275,0.0,False,unvoiced
praat_reaper_b200_a1,phone_F1.wav,2.285,235.2941131591797,True,reaper_agree
praat_reaper_b200_a1,phone_F1.wav,2.295,235.2941131591797,True,reaper_agree
praat_reaper_b200_a1,phone_F1.wav,2.305,235.2941131591797,True,reaper_agree
praat_reaper_b200_a1,phone_F1.wav,2.315,235.2941131591797,True,reaper_agree
praat_reaper_b200_a1,phone_F1.wav,2.325,242.4242401123047,True,reaper_agree
praat_reaper_b200_a1,phone_F1.wav,2.335,242.4242401123047,True,reaper_agree
praat_reaper_b200_a1,phone_F1.wav,2.345,0.0,False,unvoiced
praat_reaper_b200_a1,phone_F1.wav,2.355,0.0,False,unvoiced
praat_reaper_b200_a1,phone_F1.wav,2.365,0.0,False,unvoiced
praat_reaper_b200_a1,phone_F1.wav,2.375,0.0,False,unvoiced
praat_reaper_b200_a1,phone_F1.wav,2.385,0.0,False,unvoiced
praat_reaper_b200_a1,phone_F1.wav,2.395,0.0,False,unvoiced
praat_reaper_b200_a1,phone_F1.wav,2.405,255.80963167920584,True,praat_missing
praat_reaper_b200_a1,phone_F1.wav,2.415,262.2950744628906,True,reaper_agree
praat_reaper_b200_a1,phone_F1.wav,2.425,219.17808532714844,True,reaper_agree
praat_reaper_b200_a1,phone_F1.wav,2.435,207.79220581054688,True,reaper_agree
praat_reaper_b200_a1,phone_F1.wav,2.445,192.77108764648438,True,reaper_agree
praat_reaper_b200_a1,phone_F1.wav,2.455,192.43627236909649,True,praat_disagreement
praat_reaper_b200_a1,phone_F1.wav,2.465,197.12487288855576,True,praat_disagreement
praat_reaper_b200_a1,phone_F1.wav,2.475,195.67331929711443,True,praat_disagreement
praat_reaper_b200_a1,phone_F1.wav,2.485,193.99356943795823,True,praat_disagreement
praat_reaper_b200_a1,phone_F1.wav,2.495,199.76699535700527,True,praat_disagreement
praat_reaper_b200_a1,phone_F1.wav,2.505,211.06278024694768,True,praat_disagreement
praat_reaper_b200_a1,phone_F1.wav,2.515,0.0,False,unvoiced
praat_reaper_b200_a1,phone_F1.wav,2.525,0.0,False,unvoiced
praat_reaper_b200_a1,phone_F1.wav,2.535,0.0,False,unvoiced
praat_reaper_b200_a1,phone_F1.wav,2.545,0.0,False,unvoiced
praat_reaper_b200_a1,phone_F1.wav,2.555,0.0,False,unvoiced
praat_reaper_b200_a1,phone_F1.wav,2.565,0.0,False,unvoiced
praat_reaper_b200_a1,phone_F1.wav,2.575,0.0,False,unvoiced
praat_reaper_b200_a1,phone_F1.wav,2.585,0.0,False,unvoiced
praat_reaper_b200_a1,phone_F1.wav,2.595,0.0,False,unvoiced
praat_reaper_b200_a1,phone_F1.wav,2.605,0.0,False,unvoiced
praat_reaper_b200_a1,phone_F1.wav,2.615,0.0,False,unvoiced
praat_reaper_b200_a1,phone_F1.wav,2.625,0.0,False,unvoiced
praat_reaper_b200_a1,phone_F1.wav,2.635,0.0,False,unvoiced
praat_reaper_b200_a1,phone_F1.wav,2.645,0.0,False,unvoiced
praat_reaper_b200_a1,phone_F1.wav,2.655,0.0,False,unvoiced
praat_reaper_b200_a1,phone_F1.wav,2.665,222.22222900390625,True,reaper_agree
praat_reaper_b200_a1,phone_F1.wav,2.675,200.0,True,reaper_agree
praat_reaper_b200_a1,phone_F1.wav,2.685,197.53086853027344,True,reaper_agree
praat_reaper_b200_a1,phone_F1.wav,2.695,195.1219482421875,True,reaper_agree
praat_reaper_b200_a1,phone_F1.wav,2.705,192.77108764648438,True,reaper_agree
praat_reaper_b200_a1,phone_F1.wav,2.715,190.4761962890625,True,reaper_agree
praat_reaper_b200_a1,phone_F1.wav,2.725,186.0465087890625,True,reaper_agree
praat_reaper_b200_a1,phone_F1.wav,2.735,184.53844387721648,True,praat_missing
praat_reaper_b200_a1,phone_F1.wav,2.745,0.0,False,unvoiced
praat_reaper_b200_a1,phone_F1.wav,2.755,0.0,False,unvoiced
praat_reaper_b200_a1,phone_F1.wav,2.765,0.0,False,unvoiced
praat_reaper_b200_a1,phone_F1.wav,2.775,0.0,False,unvoiced
praat_reaper_b200_a1,phone_F1.wav,2.785,0.0,False,unvoiced
praat_reaper_b200_a1,phone_F1.wav,2.795,0.0,False,unvoiced
praat_reaper_b200_a1,phone_F1.wav,2.805,0.0,False,unvoiced
praat_reaper_b200_a1,phone_F1.wav,2.815,0.0,False,unvoiced
praat_reaper_b200_a1,phone_F1.wav,2.825,0.0,False,unvoiced
praat_reaper_b200_a1,phone_F1.wav,2.835,0.0,False,unvoiced
praat_reaper_b200_a1,phone_F1.wav,2.845,0.0,False,unvoiced
praat_reaper_b200_a1,phone_F1.wav,2.855,0.0,False,unvoiced
praat_reaper_b200_a1,phone_F1.wav,2.865,0.0,False,unvoiced
praat_reaper_b200_a1,phone_F1.wav,2.875,0.0,False,unvoiced
praat_reaper_b200_a1,phone_F1.wav,2.885,0.0,False,unvoiced
praat_reaper_b200_a1,phone_F1.wav,2.895,0.0,False,unvoiced
praat_reaper_b200_a1,phone_F1.wav,2.905,0.0,False,unvoiced
praat_reaper_b200_a1,phone_F1.wav,2.915,0.0,False,unvoiced
praat_reaper_b200_a1,phone_F1.wav,2.925,0.0,False,unvoiced
praat_reaper_b200_a1,phone_F1.wav,2.935,0.0,False,unvoiced
praat_reaper_b200_a1,phone_F1.wav,2.945,0.0,False,unvoiced
praat_reaper_b200_a1,phone_F1.wav,2.955,0.0,False,unvoiced
praat_reaper_b200_a1,phone_F1.wav,2.965,0.0,False,unvoiced
praat_reaper_b200_a1,phone_F1.wav,2.975,0.0,False,unvoiced
praat_reaper_b200_a1,phone_F1.wav,2.985,0.0,False,unvoiced
praat_reaper_b200_a1,phone_F1.wav,2.995,0.0,False,unvoiced
praat_reaper_b200_a1,phone_F1.wav,3.005,0.0,False,unvoiced
praat_reaper_b200_a1,phone_F1.wav,3.015,0.0,False,unvoiced
praat_reaper_b200_a1,phone_F1.wav,3.025,0.0,False,unvoiced
praat_reaper_b200_a1,phone_F1.wav,3.035,0.0,False,unvoiced
praat_reaper_b200_a1,phone_F1.wav,3.045,0.0,False,unvoiced
praat_reaper_b200_a1,phone_F1.wav,3.055,0.0,False,unvoiced
praat_reaper_b200_a1,phone_F1.wav,3.065,0.0,False,unvoiced
praat_reaper_b200_a1,phone_F1.wav,3.075,0.0,False,unvoiced
praat_reaper_b200_a1,phone_F1.wav,3.085,0.0,False,unvoiced
praat_reaper_b200_a1,phone_F1.wav,3.095,0.0,False,unvoiced
praat_reaper_b200_a1,phone_F1.wav,3.105,0.0,False,unvoiced
praat_reaper_b200_a1,phone_F1.wav,3.115,0.0,False,unvoiced
praat_reaper_b200_a1,phone_F1.wav,3.125,0.0,False,unvoiced
praat_reaper_b200_a1,phone_F1.wav,3.135,0.0,False,unvoiced
praat_reaper_b200_a1,phone_F1.wav,3.145,0.0,False,unvoiced
praat_reaper_b200_a1,phone_F1.wav,3.155,0.0,False,unvoiced
praat_reaper_b200_a1,phone_F1.wav,3.165,0.0,False,unvoiced
praat_reaper_b200_a1,phone_F1.wav,3.175,0.0,False,unvoiced
praat_reaper_b200_a1,phone_F1.wav,3.185,0.0,False,unvoiced
praat_reaper_b200_a1,phone_F1.wav,3.195,0.0,False,unvoiced
praat_reaper_b200_a1,phone_F1.wav,3.205,0.0,False,unvoiced
praat_reaper_b200_a1,phone_F1.wav,3.215,0.0,False,unvoiced
praat7_filtered_v0.3,phone_M1.wav,0.025,0.0,False,praat_control
praat7_filtered_v0.3,phone_M1.wav,0.035,0.0,False,praat_control
praat7_filtered_v0.3,phone_M1.wav,0.045,0.0,False,praat_control
praat7_filtered_v0.3,phone_M1.wav,0.055,0.0,False,praat_control
praat7_filtered_v0.3,phone_M1.wav,0.065,0.0,False,praat_control
praat7_filtered_v0.3,phone_M1.wav,0.075,0.0,False,praat_control
praat7_filtered_v0.3,phone_M1.wav,0.085,0.0,False,praat_control
praat7_filtered_v0.3,phone_M1.wav,0.095,0.0,False,praat_control
praat7_filtered_v0.3,phone_M1.wav,0.105,0.0,False,praat_control
praat7_filtered_v0.3,phone_M1.wav,0.115,0.0,False,praat_control
praat7_filtered_v0.3,phone_M1.wav,0.125,0.0,False,praat_control
praat7_filtered_v0.3,phone_M1.wav,0.135,0.0,False,praat_control
praat7_filtered_v0.3,phone_M1.wav,0.145,0.0,False,praat_control
praat7_filtered_v0.3,phone_M1.wav,0.155,0.0,False,praat_control
praat7_filtered_v0.3,phone_M1.wav,0.165,0.0,False,praat_control
praat7_filtered_v0.3,phone_M1.wav,0.175,0.0,False,praat_control
praat7_filtered_v0.3,phone_M1.wav,0.185,0.0,False,praat_control
praat7_filtered_v0.3,phone_M1.wav,0.195,0.0,False,praat_control
praat7_filtered_v0.3,phone_M1.wav,0.205,0.0,False,praat_control
praat7_filtered_v0.3,phone_M1.wav,0.215,0.0,False,praat_control
praat7_filtered_v0.3,phone_M1.wav,0.225,0.0,False,praat_control
praat7_filtered_v0.3,phone_M1.wav,0.235,0.0,False,praat_control
praat7_filtered_v0.3,phone_M1.wav,0.245,0.0,False,praat_control
praat7_filtered_v0.3,phone_M1.wav,0.255,0.0,False,praat_control
praat7_filtered_v0.3,phone_M1.wav,0.265,0.0,False,praat_control
praat7_filtered_v0.3,phone_M1.wav,0.275,0.0,False,praat_control
praat7_filtered_v0.3,phone_M1.wav,0.285,0.0,False,praat_control
praat7_filtered_v0.3,phone_M1.wav,0.295,0.0,False,praat_control
praat7_filtered_v0.3,phone_M1.wav,0.305,0.0,False,praat_control
praat7_filtered_v0.3,phone_M1.wav,0.315,0.0,False,praat_control
praat7_filtered_v0.3,phone_M1.wav,0.325,0.0,False,praat_control
praat7_filtered_v0.3,phone_M1.wav,0.335,0.0,False,praat_control
praat7_filtered_v0.3,phone_M1.wav,0.345,0.0,False,praat_control
praat7_filtered_v0.3,phone_M1.wav,0.355,0.0,False,praat_control
praat7_filtered_v0.3,phone_M1.wav,0.365,0.0,False,praat_control
praat7_filtered_v0.3,phone_M1.wav,0.375,0.0,False,praat_control
praat7_filtered_v0.3,phone_M1.wav,0.385,0.0,False,praat_control
praat7_filtered_v0.3,phone_M1.wav,0.395,0.0,False,praat_control
praat7_filtered_v0.3,phone_M1.wav,0.405,0.0,False,praat_control
praat7_filtered_v0.3,phone_M1.wav,0.415,0.0,False,praat_control
praat7_filtered_v0.3,phone_M1.wav,0.425,0.0,False,praat_control
praat7_filtered_v0.3,phone_M1.wav,0.435,0.0,False,praat_control
praat7_filtered_v0.3,phone_M1.wav,0.445,0.0,False,praat_control
praat7_filtered_v0.3,phone_M1.wav,0.455,0.0,False,praat_control
praat7_filtered_v0.3,phone_M1.wav,0.465,0.0,False,praat_control
praat7_filtered_v0.3,phone_M1.wav,0.475,138.9088485650244,True,praat_control
praat7_filtered_v0.3,phone_M1.wav,0.485,136.9354530616309,True,praat_control
praat7_filtered_v0.3,phone_M1.wav,0.495,136.33263828102875,True,praat_control
praat7_filtered_v0.3,phone_M1.wav,0.505,136.35805846818354,True,praat_control
praat7_filtered_v0.3,phone_M1.wav,0.515,135.7466745053719,True,praat_control
praat7_filtered_v0.3,phone_M1.wav,0.525,134.72748434791188,True,praat_control
praat7_filtered_v0.3,phone_M1.wav,0.535,134.8482636913602,True,praat_control
praat7_filtered_v0.3,phone_M1.wav,0.545,136.1947976286359,True,praat_control
praat7_filtered_v0.3,phone_M1.wav,0.555,137.70480228065725,True,praat_control
praat7_filtered_v0.3,phone_M1.wav,0.565,137.66124322323464,True,praat_control
praat7_filtered_v0.3,phone_M1.wav,0.575,137.13804440459435,True,praat_control
praat7_filtered_v0.3,phone_M1.wav,0.585,137.69149868895843,True,praat_control
praat7_filtered_v0.3,phone_M1.wav,0.595,137.86569841133579,True,praat_control
praat7_filtered_v0.3,phone_M1.wav,0.605,138.34644689184603,True,praat_control
praat7_filtered_v0.3,phone_M1.wav,0.615,138.85166304073087,True,praat_control
praat7_filtered_v0.3,phone_M1.wav,0.625,139.51455007848696,True,praat_control
praat7_filtered_v0.3,phone_M1.wav,0.635,139.97486877246095,True,praat_control
praat7_filtered_v0.3,phone_M1.wav,0.645,139.49767373377557,True,praat_control
praat7_filtered_v0.3,phone_M1.wav,0.655,137.80116403226918,True,praat_control
praat7_filtered_v0.3,phone_M1.wav,0.665,135.94523381088783,True,praat_control
praat7_filtered_v0.3,phone_M1.wav,0.675,134.2960954840052,True,praat_control
praat7_filtered_v0.3,phone_M1.wav,0.685,132.58091891031395,True,praat_control
praat7_filtered_v0.3,phone_M1.wav,0.695,130.9450919670001,True,praat_control
praat7_filtered_v0.3,phone_M1.wav,0.705,129.1816126622188,True,praat_control
praat7_filtered_v0.3,phone_M1.wav,0.715,127.75516826373332,True,praat_control
praat7_filtered_v0.3,phone_M1.wav,0.725,125.50463329407312,True,praat_control
praat7_filtered_v0.3,phone_M1.wav,0.735,123.58580591861595,True,praat_control
praat7_filtered_v0.3,phone_M1.wav,0.745,122.41349808410108,True,praat_control
praat7_filtered_v0.3,phone_M1.wav,0.755,121.11016505657769,True,praat_control
praat7_filtered_v0.3,phone_M1.wav,0.765,119.38380856248192,True,praat_control
praat7_filtered_v0.3,phone_M1.wav,0.775,117.91111263227016,True,praat_control
praat7_filtered_v0.3,phone_M1.wav,0.785,116.60535925914289,True,praat_control
praat7_filtered_v0.3,phone_M1.wav,0.795,114.34104801361336,True,praat_control
praat7_filtered_v0.3,phone_M1.wav,0.805,112.97934244776208,True,praat_control
praat7_filtered_v0.3,phone_M1.wav,0.815,112.27417832644667,True,praat_control
praat7_filtered_v0.3,phone_M1.wav,0.825,114.75825622448176,True,praat_control
praat7_filtered_v0.3,phone_M1.wav,0.835,115.35875818091786,True,praat_control
praat7_filtered_v0.3,phone_M1.wav,0.845,116.23661202654885,True,praat_control
praat7_filtered_v0.3,phone_M1.wav,0.855,118.43452983082231,True,praat_control
praat7_filtered_v0.3,phone_M1.wav,0.865,119.20656686769446,True,praat_control
praat7_filtered_v0.3,phone_M1.wav,0.875,120.69093197160652,True,praat_control
praat7_filtered_v0.3,phone_M1.wav,0.885,122.78306218323254,True,praat_control
praat7_filtered_v0.3,phone_M1.wav,0.895,124.1253380735767,True,praat_control
praat7_filtered_v0.3,phone_M1.wav,0.905,128.23393331768483,True,praat_control
praat7_filtered_v0.3,phone_M1.wav,0.915,132.86932828424662,True,praat_control
praat7_filtered_v0.3,phone_M1.wav,0.925,132.55837332255018,True,praat_control
praat7_filtered_v0.3,phone_M1.wav,0.935,133.90859892140773,True,praat_control
praat7_filtered_v0.3,phone_M1.wav,0.945,135.46936013880057,True,praat_control
praat7_filtered_v0.3,phone_M1.wav,0.955,137.61177438611577,True,praat_control
praat7_filtered_v0.3,phone_M1.wav,0.965,139.60552935527863,True,praat_control
praat7_filtered_v0.3,phone_M1.wav,0.975,141.59686357856899,True,praat_control
praat7_filtered_v0.3,phone_M1.wav,0.985,141.94696395913314,True,praat_control
praat7_filtered_v0.3,phone_M1.wav,0.995,140.32130048414868,True,praat_control
praat7_filtered_v0.3,phone_M1.wav,1.005,142.37027294384117,True,praat_control
praat7_filtered_v0.3,phone_M1.wav,1.015,146.7765363572416,True,praat_control
praat7_filtered_v0.3,phone_M1.wav,1.025,148.55301530087124,True,praat_control
praat7_filtered_v0.3,phone_M1.wav,1.035,149.35510544938595,True,praat_control
praat7_filtered_v0.3,phone_M1.wav,1.045,149.92884504879387,True,praat_control
praat7_filtered_v0.3,phone_M1.wav,1.055,149.80902517207227,True,praat_control
praat7_filtered_v0.3,phone_M1.wav,1.065,149.3530290636188,True,praat_control
praat7_filtered_v0.3,phone_M1.wav,1.075,148.33601126163907,True,praat_control
praat7_filtered_v0.3,phone_M1.wav,1.085,146.63205898265116,True,praat_control
praat7_filtered_v0.3,phone_M1.wav,1.095,144.83576141403347,True,praat_control
praat7_filtered_v0.3,phone_M1.wav,1.105,143.06284321961687,True,praat_control
praat7_filtered_v0.3,phone_M1.wav,1.115,141.5384361926565,True,praat_control
praat7_filtered_v0.3,phone_M1.wav,1.125,139.06951579519446,True,praat_control
praat7_filtered_v0.3,phone_M1.wav,1.135,142.96214042502092,True,praat_control
praat7_filtered_v0.3,phone_M1.wav,1.145,149.07585246875962,True,praat_control
praat7_filtered_v0.3,phone_M1.wav,1.155,152.92495164303847,True,praat_control
praat7_filtered_v0.3,phone_M1.wav,1.165,155.52369765893044,True,praat_control
praat7_filtered_v0.3,phone_M1.wav,1.175,156.2774068228227,True,praat_control
praat7_filtered_v0.3,phone_M1.wav,1.185,154.65568935886677,True,praat_control
praat7_filtered_v0.3,phone_M1.wav,1.195,153.6430245745723,True,praat_control
praat7_filtered_v0.3,phone_M1.wav,1.205,153.12024406690333,True,praat_control
praat7_filtered_v0.3,phone_M1.wav,1.215,150.99275691442466,True,praat_control
praat7_filtered_v0.3,phone_M1.wav,1.225,145.5289693692635,True,praat_control
praat7_filtered_v0.3,phone_M1.wav,1.235,150.6723944340197,True,praat_control
praat7_filtered_v0.3,phone_M1.wav,1.245,153.3308891364185,True,praat_control
praat7_filtered_v0.3,phone_M1.wav,1.255,155.11060887439595,True,praat_control
praat7_filtered_v0.3,phone_M1.wav,1.265,156.74903809593891,True,praat_control
praat7_filtered_v0.3,phone_M1.wav,1.275,157.37315439778706,True,praat_control
praat7_filtered_v0.3,phone_M1.wav,1.285,156.4810680260267,True,praat_control
praat7_filtered_v0.3,phone_M1.wav,1.295,154.5075121729987,True,praat_control
praat7_filtered_v0.3,phone_M1.wav,1.305,153.46559411543802,True,praat_control
praat7_filtered_v0.3,phone_M1.wav,1.315,152.56644379375427,True,praat_control
praat7_filtered_v0.3,phone_M1.wav,1.325,151.34556935564154,True,praat_control
praat7_filtered_v0.3,phone_M1.wav,1.335,152.83785951535845,True,praat_control
praat7_filtered_v0.3,phone_M1.wav,1.345,152.50710432850855,True,praat_control
praat7_filtered_v0.3,phone_M1.wav,1.355,153.07802459253583,True,praat_control
praat7_filtered_v0.3,phone_M1.wav,1.365,152.60240244073992,True,praat_control
praat7_filtered_v0.3,phone_M1.wav,1.375,147.17615172954223,True,praat_control
praat7_filtered_v0.3,phone_M1.wav,1.385,146.74995771436363,True,praat_control
praat7_filtered_v0.3,phone_M1.wav,1.395,0.0,False,praat_control
praat7_filtered_v0.3,phone_M1.wav,1.405,0.0,False,praat_control
praat7_filtered_v0.3,phone_M1.wav,1.415,0.0,False,praat_control
praat7_filtered_v0.3,phone_M1.wav,1.425,0.0,False,praat_control
praat7_filtered_v0.3,phone_M1.wav,1.435,0.0,False,praat_control
praat7_filtered_v0.3,phone_M1.wav,1.445,0.0,False,praat_control
praat7_filtered_v0.3,phone_M1.wav,1.455,0.0,False,praat_control
praat7_filtered_v0.3,phone_M1.wav,1.465,0.0,False,praat_control
praat7_filtered_v0.3,phone_M1.wav,1.475,0.0,False,praat_control
praat7_filtered_v0.3,phone_M1.wav,1.485,0.0,False,praat_control
praat7_filtered_v0.3,phone_M1.wav,1.495,0.0,False,praat_control
praat7_filtered_v0.3,phone_M1.wav,1.505,119.77441795223503,True,praat_control
praat7_filtered_v0.3,phone_M1.wav,1.515,115.61082486013431,True,praat_control
praat7_filtered_v0.3,phone_M1.wav,1.525,114.62428428859305,True,praat_control
praat7_filtered_v0.3,phone_M1.wav,1.535,114.80988343107542,True,praat_control
praat7_filtered_v0.3,phone_M1.wav,1.545,114.55904604417621,True,praat_control
praat7_filtered_v0.3,phone_M1.wav,1.555,113.86720232561464,True,praat_control
praat7_filtered_v0.3,phone_M1.wav,1.565,112.76725981975262,True,praat_control
praat7_filtered_v0.3,phone_M1.wav,1.575,111.73364780986692,True,praat_control
praat7_filtered_v0.3,phone_M1.wav,1.585,109.72149314908712,True,praat_control
praat7_filtered_v0.3,phone_M1.wav,1.595,108.556334986029,True,praat_control
praat7_filtered_v0.3,phone_M1.wav,1.605,109.73707433355294,True,praat_control
praat7_filtered_v0.3,phone_M1.wav,1.615,110.30848425593584,True,praat_control
praat7_filtered_v0.3,phone_M1.wav,1.625,108.5996093999815,True,praat_control
praat7_filtered_v0.3,phone_M1.wav,1.635,107.47287150692608,True,praat_control
praat7_filtered_v0.3,phone_M1.wav,1.645,107.40497846580016,True,praat_control
praat7_filtered_v0.3,phone_M1.wav,1.655,107.61305455855597,True,praat_control
praat7_filtered_v0.3,phone_M1.wav,1.665,107.1446594129983,True,praat_control
praat7_filtered_v0.3,phone_M1.wav,1.675,107.72379221988582,True,praat_control
praat7_filtered_v0.3,phone_M1.wav,1.685,109.2750081088538,True,praat_control
praat7_filtered_v0.3,phone_M1.wav,1.695,108.57573437140464,True,praat_control
praat7_filtered_v0.3,phone_M1.wav,1.705,0.0,False,praat_control
praat7_filtered_v0.3,phone_M1.wav,1.715,0.0,False,praat_control
praat7_filtered_v0.3,phone_M1.wav,1.725,0.0,False,praat_control
praat7_filtered_v0.3,phone_M1.wav,1.735,0.0,False,praat_control
praat7_filtered_v0.3,phone_M1.wav,1.745,0.0,False,praat_control
praat7_filtered_v0.3,phone_M1.wav,1.755,0.0,False,praat_control
praat7_filtered_v0.3,phone_M1.wav,1.765,0.0,False,praat_control
praat7_filtered_v0.3,phone_M1.wav,1.775,0.0,False,praat_control
praat7_filtered_v0.3,phone_M1.wav,1.785,0.0,False,praat_control
praat7_filtered_v0.3,phone_M1.wav,1.795,125.26892670469007,True,praat_control
praat7_filtered_v0.3,phone_M1.wav,1.805,122.92917761131696,True,praat_control
praat7_filtered_v0.3,phone_M1.wav,1.815,121.35768502542955,True,praat_control
praat7_filtered_v0.3,phone_M1.wav,1.825,121.41326760614088,True,praat_control
praat7_filtered_v0.3,phone_M1.wav,1.835,120.89998965116932,True,praat_control
praat7_filtered_v0.3,phone_M1.wav,1.845,120.4536594032999,True,praat_control
praat7_filtered_v0.3,phone_M1.wav,1.855,119.22121230356032,True,praat_control
praat7_filtered_v0.3,phone_M1.wav,1.865,117.38776274632346,True,praat_control
praat7_filtered_v0.3,phone_M1.wav,1.875,115.79169326968008,True,praat_control
praat7_filtered_v0.3,phone_M1.wav,1.885,113.86846838043428,True,praat_control
praat7_filtered_v0.3,phone_M1.wav,1.895,112.56141510938308,True,praat_control
praat7_filtered_v0.3,phone_M1.wav,1.905,111.36510763231564,True,praat_control
praat7_filtered_v0.3,phone_M1.wav,1.915,110.35990656188957,True,praat_control
praat7_filtered_v0.3,phone_M1.wav,1.925,109.80230674447255,True,praat_control
praat7_filtered_v0.3,phone_M1.wav,1.935,107.1983695810704,True,praat_control
praat7_filtered_v0.3,phone_M1.wav,1.945,102.82503152830944,True,praat_control
praat7_filtered_v0.3,phone_M1.wav,1.955,100.32382200101316,True,praat_control
praat7_filtered_v0.3,phone_M1.wav,1.965,98.23384796638572,True,praat_control
praat7_filtered_v0.3,phone_M1.wav,1.975,0.0,False,praat_control
praat7_filtered_v0.3,phone_M1.wav,1.985,473.45312592855447,True,praat_control
praat7_filtered_v0.3,phone_M1.wav,1.995,473.9153657679539,True,praat_control
praat7_filtered_v0.3,phone_M1.wav,2.005,0.0,False,praat_control
praat7_filtered_v0.3,phone_M1.wav,2.015,0.0,False,praat_control
praat7_filtered_v0.3,phone_M1.wav,2.025,100.2510295202328,True,praat_control
praat7_filtered_v0.3,phone_M1.wav,2.035,101.31493377447084,True,praat_control
praat7_filtered_v0.3,phone_M1.wav,2.045,101.88736273808692,True,praat_control
praat7_filtered_v0.3,phone_M1.wav,2.055,98.84775621790483,True,praat_control
praat7_filtered_v0.3,phone_M1.wav,2.065,96.7313529725541,True,praat_control
praat7_filtered_v0.3,phone_M1.wav,2.075,103.94125369514332,True,praat_control
praat7_filtered_v0.3,phone_M1.wav,2.085,106.05002106827313,True,praat_control
praat7_filtered_v0.3,phone_M1.wav,2.095,106.72470791477387,True,praat_control
praat7_filtered_v0.3,phone_M1.wav,2.105,107.4100770136494,True,praat_control
praat7_filtered_v0.3,phone_M1.wav,2.115,107.86309040722884,True,praat_control
praat7_filtered_v0.3,phone_M1.wav,2.125,108.02281834490763,True,praat_control
praat7_filtered_v0.3,phone_M1.wav,2.135,111.88225210863811,True,praat_control
praat7_filtered_v0.3,phone_M1.wav,2.145,118.00649200745256,True,praat_control
praat7_filtered_v0.3,phone_M1.wav,2.155,124.3848567746585,True,praat_control
praat7_filtered_v0.3,phone_M1.wav,2.165,122.95619682168704,True,praat_control
praat7_filtered_v0.3,phone_M1.wav,2.175,123.56984349641736,True,praat_control
praat7_filtered_v0.3,phone_M1.wav,2.185,123.07444706677369,True,praat_control
praat7_filtered_v0.3,phone_M1.wav,2.195,122.4221933124214,True,praat_control
praat7_filtered_v0.3,phone_M1.wav,2.205,121.6367856829138,True,praat_control
praat7_filtered_v0.3,phone_M1.wav,2.215,120.73263400830022,True,praat_control
praat7_filtered_v0.3,phone_M1.wav,2.225,120.14094557811012,True,praat_control
praat7_filtered_v0.3,phone_M1.wav,2.235,118.69131395207359,True,praat_control
praat7_filtered_v0.3,phone_M1.wav,2.245,116.9447979097844,True,praat_control
praat7_filtered_v0.3,phone_M1.wav,2.255,115.8009119023623,True,praat_control
praat7_filtered_v0.3,phone_M1.wav,2.265,115.47179091371278,True,praat_control
praat7_filtered_v0.3,phone_M1.wav,2.275,115.14306386909863,True,praat_control
praat7_filtered_v0.3,phone_M1.wav,2.285,114.14893833980284,True,praat_control
praat7_filtered_v0.3,phone_M1.wav,2.295,112.63941639570328,True,praat_control
praat7_filtered_v0.3,phone_M1.wav,2.305,111.92537674071832,True,praat_control
praat7_filtered_v0.3,phone_M1.wav,2.315,111.57656489314677,True,praat_control
praat7_filtered_v0.3,phone_M1.wav,2.325,110.37877004485938,True,praat_control
praat7_filtered_v0.3,phone_M1.wav,2.335,108.73659922317422,True,praat_control
praat7_filtered_v0.3,phone_M1.wav,2.345,109.25995831699488,True,praat_control
praat7_filtered_v0.3,phone_M1.wav,2.355,110.87975760228665,True,praat_control
praat7_filtered_v0.3,phone_M1.wav,2.365,111.3011126670187,True,praat_control
praat7_filtered_v0.3,phone_M1.wav,2.375,111.64809467689555,True,praat_control
praat7_filtered_v0.3,phone_M1.wav,2.385,113.95374483979148,True,praat_control
praat7_filtered_v0.3,phone_M1.wav,2.395,114.6112291757588,True,praat_control
praat7_filtered_v0.3,phone_M1.wav,2.405,111.33654638840537,True,praat_control
praat7_filtered_v0.3,phone_M1.wav,2.415,117.4564432341893,True,praat_control
praat7_filtered_v0.3,phone_M1.wav,2.425,124.6333617250546,True,praat_control
praat7_filtered_v0.3,phone_M1.wav,2.435,124.53436945774305,True,praat_control
praat7_filtered_v0.3,phone_M1.wav,2.445,125.91706989480763,True,praat_control
praat7_filtered_v0.3,phone_M1.wav,2.455,129.56278404425743,True,praat_control
praat7_filtered_v0.3,phone_M1.wav,2.465,126.3184714082784,True,praat_control
praat7_filtered_v0.3,phone_M1.wav,2.475,123.08582296697128,True,praat_control
praat7_filtered_v0.3,phone_M1.wav,2.485,121.25950485043388,True,praat_control
praat7_filtered_v0.3,phone_M1.wav,2.495,124.84752450501318,True,praat_control
praat7_filtered_v0.3,phone_M1.wav,2.505,114.09485258687683,True,praat_control
praat7_filtered_v0.3,phone_M1.wav,2.515,109.96891171142184,True,praat_control
praat7_filtered_v0.3,phone_M1.wav,2.525,110.91156323233103,True,praat_control
praat7_filtered_v0.3,phone_M1.wav,2.535,110.71972338426924,True,praat_control
praat7_filtered_v0.3,phone_M1.wav,2.545,110.80358310713876,True,praat_control
praat7_filtered_v0.3,phone_M1.wav,2.555,108.97471474607956,True,praat_control
praat7_filtered_v0.3,phone_M1.wav,2.565,108.93798536150376,True,praat_control
praat7_filtered_v0.3,phone_M1.wav,2.575,108.35634648161574,True,praat_control
praat7_filtered_v0.3,phone_M1.wav,2.585,107.89136320477652,True,praat_control
praat7_filtered_v0.3,phone_M1.wav,2.595,107.75121195397647,True,praat_control
praat7_filtered_v0.3,phone_M1.wav,2.605,108.55706306845008,True,praat_control
praat7_filtered_v0.3,phone_M1.wav,2.615,107.65075535771292,True,praat_control
praat7_filtered_v0.3,phone_M1.wav,2.625,106.79968575873691,True,praat_control
praat7_filtered_v0.3,phone_M1.wav,2.635,105.54543019505576,True,praat_control
praat7_filtered_v0.3,phone_M1.wav,2.645,104.70384773496964,True,praat_control
praat7_filtered_v0.3,phone_M1.wav,2.655,104.0736818325177,True,praat_control
praat7_filtered_v0.3,phone_M1.wav,2.665,103.14478545043433,True,praat_control
praat7_filtered_v0.3,phone_M1.wav,2.675,102.50718762125192,True,praat_control
praat7_filtered_v0.3,phone_M1.wav,2.685,102.75836821149925,True,praat_control
praat7_filtered_v0.3,phone_M1.wav,2.695,104.02664403445203,True,praat_control
praat7_filtered_v0.3,phone_M1.wav,2.705,105.44868473827896,True,praat_control
praat7_filtered_v0.3,phone_M1.wav,2.715,109.7753352394358,True,praat_control
praat7_filtered_v0.3,phone_M1.wav,2.725,0.0,False,praat_control
praat7_filtered_v0.3,phone_M1.wav,2.735,0.0,False,praat_control
praat7_filtered_v0.3,phone_M1.wav,2.745,0.0,False,praat_control
praat7_filtered_v0.3,phone_M1.wav,2.755,0.0,False,praat_control
praat7_filtered_v0.3,phone_M1.wav,2.765,0.0,False,praat_control
praat7_filtered_v0.3,phone_M1.wav,2.775,0.0,False,praat_control
praat7_filtered_v0.3,phone_M1.wav,2.785,0.0,False,praat_control
praat7_filtered_v0.3,phone_M1.wav,2.795,0.0,False,praat_control
praat7_filtered_v0.3,phone_M1.wav,2.805,0.0,False,praat_control
praat7_filtered_v0.3,phone_M1.wav,2.815,0.0,False,praat_control
praat7_filtered_v0.3,phone_M1.wav,2.825,0.0,False,praat_control
praat7_filtered_v0.3,phone_M1.wav,2.835,0.0,False,praat_control
praat7_filtered_v0.3,phone_M1.wav,2.845,0.0,False,praat_control
praat7_filtered_v0.3,phone_M1.wav,2.855,0.0,False,praat_control
praat7_filtered_v0.3,phone_M1.wav,2.865,0.0,False,praat_control
praat7_filtered_v0.3,phone_M1.wav,2.875,133.42839761657203,True,praat_control
praat7_filtered_v0.3,phone_M1.wav,2.885,135.03415750592836,True,praat_control
praat7_filtered_v0.3,phone_M1.wav,2.895,135.50089540820733,True,praat_control
praat7_filtered_v0.3,phone_M1.wav,2.905,135.40783590096015,True,praat_control
praat7_filtered_v0.3,phone_M1.wav,2.915,137.35003506751227,True,praat_control
praat7_filtered_v0.3,phone_M1.wav,2.925,139.55488975479207,True,praat_control
praat7_filtered_v0.3,phone_M1.wav,2.935,0.0,False,praat_control
praat7_filtered_v0.3,phone_M1.wav,2.945,0.0,False,praat_control
praat7_filtered_v0.3,phone_M1.wav,2.955,0.0,False,praat_control
praat7_filtered_v0.3,phone_M1.wav,2.965,0.0,False,praat_control
praat7_filtered_v0.3,phone_M1.wav,2.975,0.0,False,praat_control
praat7_filtered_v0.3,phone_M1.wav,2.985,0.0,False,praat_control
praat7_filtered_v0.3,phone_M1.wav,2.995,0.0,False,praat_control
praat7_filtered_v0.3,phone_M1.wav,3.005,0.0,False,praat_control
praat7_filtered_v0.3,phone_M1.wav,3.015,0.0,False,praat_control
praat7_filtered_v0.3,phone_M1.wav,3.025,0.0,False,praat_control
praat7_filtered_v0.3,phone_M1.wav,3.035,0.0,False,praat_control
praat7_filtered_v0.3,phone_M1.wav,3.045,0.0,False,praat_control
praat7_filtered_v0.3,phone_M1.wav,3.055,0.0,False,praat_control
praat7_filtered_v0.3,phone_M1.wav,3.065,0.0,False,praat_control
praat7_filtered_v0.3,phone_M1.wav,3.075,0.0,False,praat_control
praat7_filtered_v0.3,phone_M1.wav,3.085,0.0,False,praat_control
praat7_filtered_v0.3,phone_M1.wav,3.095,0.0,False,praat_control
praat7_filtered_v0.3,phone_M1.wav,3.105,104.06703203640188,True,praat_control
praat7_filtered_v0.3,phone_M1.wav,3.115,94.56668925541747,True,praat_control
praat7_filtered_v0.3,phone_M1.wav,3.125,97.46500827339034,True,praat_control
praat7_filtered_v0.3,phone_M1.wav,3.135,94.92531828116317,True,praat_control
praat7_filtered_v0.3,phone_M1.wav,3.145,93.10049556544288,True,praat_control
praat7_filtered_v0.3,phone_M1.wav,3.155,94.40126573548169,True,praat_control
praat7_filtered_v0.3,phone_M1.wav,3.165,95.87809911681168,True,praat_control
praat7_filtered_v0.3,phone_M1.wav,3.175,98.32427185353555,True,praat_control
praat7_filtered_v0.3,phone_M1.wav,3.185,101.7582661480768,True,praat_control
praat7_filtered_v0.3,phone_M1.wav,3.195,101.1890015508098,True,praat_control
praat7_filtered_v0.3,phone_M1.wav,3.205,100.47562679229497,True,praat_control
praat7_filtered_v0.3,phone_M1.wav,3.215,99.56446701940217,True,praat_control
praat7_filtered_v0.3,phone_M1.wav,3.225,99.19691538265705,True,praat_control
praat7_filtered_v0.3,phone_M1.wav,3.235,99.06159519730019,True,praat_control
praat7_filtered_v0.3,phone_M1.wav,3.245,99.87335505875993,True,praat_control
praat7_filtered_v0.3,phone_M1.wav,3.255,101.8654648415283,True,praat_control
praat7_filtered_v0.3,phone_M1.wav,3.265,106.3580984583638,True,praat_control
praat7_filtered_v0.3,phone_M1.wav,3.275,110.95058061392017,True,praat_control
praat7_filtered_v0.3,phone_M1.wav,3.285,110.58351630003392,True,praat_control
praat7_filtered_v0.3,phone_M1.wav,3.295,0.0,False,praat_control
praat7_filtered_v0.3,phone_M1.wav,3.305,0.0,False,praat_control
praat7_filtered_v0.3,phone_M1.wav,3.315,0.0,False,praat_control
praat7_filtered_v0.3,phone_M1.wav,3.325,0.0,False,praat_control
praat7_filtered_v0.3,phone_M1.wav,3.335,0.0,False,praat_control
praat7_filtered_v0.3,phone_M1.wav,3.345,0.0,False,praat_control
praat7_filtered_v0.3,phone_M1.wav,3.355,0.0,False,praat_control
praat7_filtered_v0.3,phone_M1.wav,3.365,0.0,False,praat_control
praat7_filtered_v0.3,phone_M1.wav,3.375,0.0,False,praat_control
praat7_filtered_v0.3,phone_M1.wav,3.385,0.0,False,praat_control
praat7_filtered_v0.3,phone_M1.wav,3.395,0.0,False,praat_control
praat7_filtered_v0.3,phone_M1.wav,3.405,0.0,False,praat_control
praat7_filtered_v0.3,phone_M1.wav,3.415,0.0,False,praat_control
praat7_filtered_v0.3,phone_M1.wav,3.425,0.0,False,praat_control
praat7_filtered_v0.3,phone_M1.wav,3.435,0.0,False,praat_control
praat7_filtered_v0.3,phone_M1.wav,3.445,141.8783415505278,True,praat_control
praat7_filtered_v0.3,phone_M1.wav,3.455,123.30162034721516,True,praat_control
praat7_filtered_v0.3,phone_M1.wav,3.465,115.32701668055437,True,praat_control
praat7_filtered_v0.3,phone_M1.wav,3.475,111.7266562080214,True,praat_control
praat7_filtered_v0.3,phone_M1.wav,3.485,108.584774594921,True,praat_control
praat7_filtered_v0.3,phone_M1.wav,3.495,105.63978792295556,True,praat_control
praat7_filtered_v0.3,phone_M1.wav,3.505,103.01058304400505,True,praat_control
praat7_filtered_v0.3,phone_M1.wav,3.515,101.90996019958574,True,praat_control
praat7_filtered_v0.3,phone_M1.wav,3.525,0.0,False,praat_control
praat7_filtered_v0.3,phone_M1.wav,3.535,0.0,False,praat_control
praat7_filtered_v0.3,phone_M1.wav,3.545,0.0,False,praat_control
praat7_filtered_v0.3,phone_M1.wav,3.555,0.0,False,praat_control
praat7_filtered_v0.3,phone_M1.wav,3.565,0.0,False,praat_control
praat7_filtered_v0.3,phone_M1.wav,3.575,0.0,False,praat_control
praat7_filtered_v0.3,phone_M1.wav,3.585,0.0,False,praat_control
praat7_filtered_v0.3,phone_M1.wav,3.595,0.0,False,praat_control
praat7_filtered_v0.3,phone_M1.wav,3.605,0.0,False,praat_control
praat7_filtered_v0.3,phone_M1.wav,3.615,0.0,False,praat_control
praat7_filtered_v0.3,phone_M1.wav,3.625,0.0,False,praat_control
praat7_filtered_v0.3,phone_M1.wav,3.635,0.0,False,praat_control
praat7_filtered_v0.3,phone_M1.wav,3.645,0.0,False,praat_control
praat7_filtered_v0.3,phone_M1.wav,3.655,0.0,False,praat_control
praat7_filtered_v0.3,phone_M1.wav,3.665,0.0,False,praat_control
praat7_filtered_v0.3,phone_M1.wav,3.675,0.0,False,praat_control
praat7_filtered_v0.3,phone_M1.wav,3.685,0.0,False,praat_control
praat7_filtered_v0.3,phone_M1.wav,3.695,0.0,False,praat_control
praat7_filtered_v0.3,phone_M1.wav,3.705,0.0,False,praat_control
praat7_filtered_v0.3,phone_M1.wav,3.715,0.0,False,praat_control
praat7_filtered_v0.3,phone_M1.wav,3.725,0.0,False,praat_control
praat7_filtered_v0.3,phone_M1.wav,3.735,0.0,False,praat_control
praat7_filtered_v0.3,phone_M1.wav,3.745,0.0,False,praat_control
praat7_filtered_v0.3,phone_M1.wav,3.755,0.0,False,praat_control
praat7_filtered_v0.3,phone_M1.wav,3.765,0.0,False,praat_control
praat7_filtered_v0.3,phone_M1.wav,3.775,0.0,False,praat_control
praat7_filtered_v0.3,phone_M1.wav,3.785,0.0,False,praat_control
praat7_filtered_v0.3,phone_M1.wav,3.795,0.0,False,praat_control
praat7_filtered_v0.3,phone_M1.wav,3.805,0.0,False,praat_control
praat7_filtered_v0.3,phone_M1.wav,3.815,0.0,False,praat_control
praat7_filtered_v0.3,phone_M1.wav,3.825,0.0,False,praat_control
praat7_filtered_v0.3,phone_M1.wav,3.835,0.0,False,praat_control
praat7_filtered_v0.3,phone_M1.wav,3.845,0.0,False,praat_control
praat7_filtered_v0.3,phone_M1.wav,3.855,0.0,False,praat_control
praat7_filtered_v0.3,phone_M1.wav,3.865,0.0,False,praat_control
praat7_filtered_v0.3,phone_M1.wav,3.875,0.0,False,praat_control
praat7_filtered_v0.3,phone_M1.wav,3.885,0.0,False,praat_control
praat7_filtered_v0.3,phone_M1.wav,3.895,0.0,False,praat_control
praat7_filtered_v0.3,phone_M1.wav,3.905,0.0,False,praat_control
praat7_filtered_v0.3,phone_M1.wav,3.915,0.0,False,praat_control
praat7_filtered_v0.3,phone_M1.wav,3.925,0.0,False,praat_control
praat7_filtered_v0.3,phone_M1.wav,3.935,0.0,False,praat_control
praat7_filtered_v0.3,phone_M1.wav,3.945,0.0,False,praat_control
praat7_filtered_v0.3,phone_M1.wav,3.955,0.0,False,praat_control
praat7_filtered_v0.3,phone_M1.wav,3.965,0.0,False,praat_control
praat7_filtered_v0.3,phone_M1.wav,3.975,0.0,False,praat_control
praat7_filtered_v0.3,phone_M1.wav,3.985,0.0,False,praat_control
praat7_filtered_v0.3,phone_M1.wav,3.995,0.0,False,praat_control
praat7_filtered_v0.3,phone_M1.wav,4.005,0.0,False,praat_control
praat7_filtered_v0.3,phone_M1.wav,4.015000000000001,0.0,False,praat_control
praat7_filtered_v0.3,phone_M1.wav,4.025,0.0,False,praat_control
praat7_filtered_v0.3,phone_M1.wav,4.035,0.0,False,praat_control
praat7_filtered_v0.3,phone_M1.wav,4.045000000000001,0.0,False,praat_control
praat7_filtered_v0.3,phone_M1.wav,4.055000000000001,0.0,False,praat_control
praat7_filtered_v0.3,phone_M1.wav,4.065,0.0,False,praat_control
praat7_filtered_v0.3,phone_M1.wav,4.075,0.0,False,praat_control
praat7_filtered_v0.3,phone_M1.wav,4.085000000000001,0.0,False,praat_control
praat7_filtered_v0.3,phone_M1.wav,4.095000000000001,0.0,False,praat_control
praat7_filtered_v0.3,phone_M1.wav,4.105,0.0,False,praat_control
praat7_filtered_v0.3,phone_M1.wav,4.115,0.0,False,praat_control
praat7_filtered_v0.3,phone_M1.wav,4.125,0.0,False,praat_control
praat7_filtered_v0.3,phone_M1.wav,4.135000000000001,0.0,False,praat_control
praat_gate_reaper_c0.9,phone_M1.wav,0.025,0.0,False,unvoiced
praat_gate_reaper_c0.9,phone_M1.wav,0.035,0.0,False,unvoiced
praat_gate_reaper_c0.9,phone_M1.wav,0.045,0.0,False,unvoiced
praat_gate_reaper_c0.9,phone_M1.wav,0.055,0.0,False,unvoiced
praat_gate_reaper_c0.9,phone_M1.wav,0.065,0.0,False,unvoiced
praat_gate_reaper_c0.9,phone_M1.wav,0.075,0.0,False,unvoiced
praat_gate_reaper_c0.9,phone_M1.wav,0.085,0.0,False,unvoiced
praat_gate_reaper_c0.9,phone_M1.wav,0.095,0.0,False,unvoiced
praat_gate_reaper_c0.9,phone_M1.wav,0.105,0.0,False,unvoiced
praat_gate_reaper_c0.9,phone_M1.wav,0.115,0.0,False,unvoiced
praat_gate_reaper_c0.9,phone_M1.wav,0.125,0.0,False,unvoiced
praat_gate_reaper_c0.9,phone_M1.wav,0.135,0.0,False,unvoiced
praat_gate_reaper_c0.9,phone_M1.wav,0.145,0.0,False,unvoiced
praat_gate_reaper_c0.9,phone_M1.wav,0.155,0.0,False,unvoiced
praat_gate_reaper_c0.9,phone_M1.wav,0.165,0.0,False,unvoiced
praat_gate_reaper_c0.9,phone_M1.wav,0.175,0.0,False,unvoiced
praat_gate_reaper_c0.9,phone_M1.wav,0.185,0.0,False,unvoiced
praat_gate_reaper_c0.9,phone_M1.wav,0.195,0.0,False,unvoiced
praat_gate_reaper_c0.9,phone_M1.wav,0.205,0.0,False,unvoiced
praat_gate_reaper_c0.9,phone_M1.wav,0.215,0.0,False,unvoiced
praat_gate_reaper_c0.9,phone_M1.wav,0.225,0.0,False,unvoiced
praat_gate_reaper_c0.9,phone_M1.wav,0.235,0.0,False,unvoiced
praat_gate_reaper_c0.9,phone_M1.wav,0.245,0.0,False,unvoiced
praat_gate_reaper_c0.9,phone_M1.wav,0.255,0.0,False,unvoiced
praat_gate_reaper_c0.9,phone_M1.wav,0.265,0.0,False,unvoiced
praat_gate_reaper_c0.9,phone_M1.wav,0.275,0.0,False,unvoiced
praat_gate_reaper_c0.9,phone_M1.wav,0.285,0.0,False,unvoiced
praat_gate_reaper_c0.9,phone_M1.wav,0.295,0.0,False,unvoiced
praat_gate_reaper_c0.9,phone_M1.wav,0.305,0.0,False,unvoiced
praat_gate_reaper_c0.9,phone_M1.wav,0.315,0.0,False,unvoiced
praat_gate_reaper_c0.9,phone_M1.wav,0.325,0.0,False,unvoiced
praat_gate_reaper_c0.9,phone_M1.wav,0.335,0.0,False,unvoiced
praat_gate_reaper_c0.9,phone_M1.wav,0.345,0.0,False,unvoiced
praat_gate_reaper_c0.9,phone_M1.wav,0.355,0.0,False,unvoiced
praat_gate_reaper_c0.9,phone_M1.wav,0.365,0.0,False,unvoiced
praat_gate_reaper_c0.9,phone_M1.wav,0.375,0.0,False,unvoiced
praat_gate_reaper_c0.9,phone_M1.wav,0.385,0.0,False,unvoiced
praat_gate_reaper_c0.9,phone_M1.wav,0.395,0.0,False,unvoiced
praat_gate_reaper_c0.9,phone_M1.wav,0.405,0.0,False,unvoiced
praat_gate_reaper_c0.9,phone_M1.wav,0.415,0.0,False,unvoiced
praat_gate_reaper_c0.9,phone_M1.wav,0.425,0.0,False,unvoiced
praat_gate_reaper_c0.9,phone_M1.wav,0.435,0.0,False,unvoiced
praat_gate_reaper_c0.9,phone_M1.wav,0.445,0.0,False,unvoiced
praat_gate_reaper_c0.9,phone_M1.wav,0.455,0.0,False,unvoiced
praat_gate_reaper_c0.9,phone_M1.wav,0.465,0.0,False,unvoiced
praat_gate_reaper_c0.9,phone_M1.wav,0.475,138.9088485650244,True,praat_missing
praat_gate_reaper_c0.9,phone_M1.wav,0.485,136.75213623046875,True,reaper
praat_gate_reaper_c0.9,phone_M1.wav,0.495,135.5932159423828,True,reaper
praat_gate_reaper_c0.9,phone_M1.wav,0.505,136.75213623046875,True,reaper
praat_gate_reaper_c0.9,phone_M1.wav,0.515,135.5932159423828,True,reaper
praat_gate_reaper_c0.9,phone_M1.wav,0.525,134.4537811279297,True,reaper
praat_gate_reaper_c0.9,phone_M1.wav,0.535,134.4537811279297,True,reaper
praat_gate_reaper_c0.9,phone_M1.wav,0.545,135.5932159423828,True,reaper
praat_gate_reaper_c0.9,phone_M1.wav,0.555,136.75213623046875,True,reaper
praat_gate_reaper_c0.9,phone_M1.wav,0.565,135.5932159423828,True,reaper
praat_gate_reaper_c0.9,phone_M1.wav,0.575,135.5932159423828,True,reaper
praat_gate_reaper_c0.9,phone_M1.wav,0.585,136.75213623046875,True,reaper
praat_gate_reaper_c0.9,phone_M1.wav,0.595,136.75213623046875,True,reaper
praat_gate_reaper_c0.9,phone_M1.wav,0.605,137.9310302734375,True,reaper
praat_gate_reaper_c0.9,phone_M1.wav,0.615,137.9310302734375,True,reaper
praat_gate_reaper_c0.9,phone_M1.wav,0.625,139.13043212890625,True,reaper
praat_gate_reaper_c0.9,phone_M1.wav,0.635,139.13043212890625,True,reaper
praat_gate_reaper_c0.9,phone_M1.wav,0.645,139.13043212890625,True,reaper
praat_gate_reaper_c0.9,phone_M1.wav,0.655,136.75213623046875,True,reaper
praat_gate_reaper_c0.9,phone_M1.wav,0.665,135.5932159423828,True,reaper
praat_gate_reaper_c0.9,phone_M1.wav,0.675,133.3333282470703,True,reaper
praat_gate_reaper_c0.9,phone_M1.wav,0.685,131.1475372314453,True,reaper
praat_gate_reaper_c0.9,phone_M1.wav,0.695,131.1475372314453,True,reaper
praat_gate_reaper_c0.9,phone_M1.wav,0.705,128.0,True,reaper
praat_gate_reaper_c0.9,phone_M1.wav,0.715,126.98412322998047,True,reaper
praat_gate_reaper_c0.9,phone_M1.wav,0.725,125.0,True,reaper
praat_gate_reaper_c0.9,phone_M1.wav,0.735,124.031005859375,True,reaper
praat_gate_reaper_c0.9,phone_M1.wav,0.745,122.13740539550781,True,reaper
praat_gate_reaper_c0.9,phone_M1.wav,0.755,120.30075073242188,True,reaper
praat_gate_reaper_c0.9,phone_M1.wav,0.765,118.51851654052734,True,reaper
praat_gate_reaper_c0.9,phone_M1.wav,0.775,117.64705657958984,True,reaper
praat_gate_reaper_c0.9,phone_M1.wav,0.785,116.78832244873047,True,reaper
praat_gate_reaper_c0.9,phone_M1.wav,0.795,115.94203186035156,True,reaper
praat_gate_reaper_c0.9,phone_M1.wav,0.805,114.28571319580078,True,reaper
praat_gate_reaper_c0.9,phone_M1.wav,0.815,109.58904266357422,True,reaper
praat_gate_reaper_c0.9,phone_M1.wav,0.825,116.78832244873047,True,reaper
praat_gate_reaper_c0.9,phone_M1.wav,0.835,115.94203186035156,True,reaper
praat_gate_reaper_c0.9,phone_M1.wav,0.845,116.78832244873047,True,reaper
praat_gate_reaper_c0.9,phone_M1.wav,0.855,117.64705657958984,True,reaper
praat_gate_reaper_c0.9,phone_M1.wav,0.865,119.40298461914062,True,reaper
praat_gate_reaper_c0.9,phone_M1.wav,0.875,121.21212005615234,True,reaper
praat_gate_reaper_c0.9,phone_M1.wav,0.885,123.07691955566406,True,reaper
praat_gate_reaper_c0.9,phone_M1.wav,0.895,124.031005859375,True,reaper
praat_gate_reaper_c0.9,phone_M1.wav,0.905,124.031005859375,True,reaper
praat_gate_reaper_c0.9,phone_M1.wav,0.915,131.1475372314453,True,reaper
praat_gate_reaper_c0.9,phone_M1.wav,0.925,131.1475372314453,True,reaper
praat_gate_reaper_c0.9,phone_M1.wav,0.935,135.5932159423828,True,reaper
praat_gate_reaper_c0.9,phone_M1.wav,0.945,135.5932159423828,True,reaper
praat_gate_reaper_c0.9,phone_M1.wav,0.955,137.9310302734375,True,reaper
praat_gate_reaper_c0.9,phone_M1.wav,0.965,141.59292602539062,True,reaper
praat_gate_reaper_c0.9,phone_M1.wav,0.975,141.59292602539062,True,reaper
praat_gate_reaper_c0.9,phone_M1.wav,0.985,144.14414978027344,True,reaper
praat_gate_reaper_c0.9,phone_M1.wav,0.995,142.85714721679688,True,reaper
praat_gate_reaper_c0.9,phone_M1.wav,1.005,142.85714721679688,True,reaper
praat_gate_reaper_c0.9,phone_M1.wav,1.015,148.1481475830078,True,reaper
praat_gate_reaper_c0.9,phone_M1.wav,1.025,148.1481475830078,True,reaper
praat_gate_reaper_c0.9,phone_M1.wav,1.035,148.1481475830078,True,reaper
praat_gate_reaper_c0.9,phone_M1.wav,1.045,149.53271484375,True,reaper
praat_gate_reaper_c0.9,phone_M1.wav,1.055,149.53271484375,True,reaper
praat_gate_reaper_c0.9,phone_M1.wav,1.065,149.53271484375,True,reaper
praat_gate_reaper_c0.9,phone_M1.wav,1.075,148.1481475830078,True,reaper
praat_gate_reaper_c0.9,phone_M1.wav,1.085,146.7889862060547,True,reaper
praat_gate_reaper_c0.9,phone_M1.wav,1.095,144.14414978027344,True,reaper
praat_gate_reaper_c0.9,phone_M1.wav,1.105,140.3508758544922,True,reaper
praat_gate_reaper_c0.9,phone_M1.wav,1.115,139.13043212890625,True,reaper
praat_gate_reaper_c0.9,phone_M1.wav,1.125,136.75213623046875,True,reaper
praat_gate_reaper_c0.9,phone_M1.wav,1.135,146.7889862060547,True,reaper
praat_gate_reaper_c0.9,phone_M1.wav,1.145,150.94338989257812,True,reaper
praat_gate_reaper_c0.9,phone_M1.wav,1.155,153.84616088867188,True,reaper
praat_gate_reaper_c0.9,phone_M1.wav,1.165,153.84616088867188,True,reaper
praat_gate_reaper_c0.9,phone_M1.wav,1.175,153.84616088867188,True,reaper
praat_gate_reaper_c0.9,phone_M1.wav,1.185,153.84616088867188,True,reaper
praat_gate_reaper_c0.9,phone_M1.wav,1.195,153.84616088867188,True,reaper
praat_gate_reaper_c0.9,phone_M1.wav,1.205,152.38095092773438,True,reaper
praat_gate_reaper_c0.9,phone_M1.wav,1.215,144.14414978027344,True,reaper
praat_gate_reaper_c0.9,phone_M1.wav,1.225,150.94338989257812,True,reaper
praat_gate_reaper_c0.9,phone_M1.wav,1.235,152.38095092773438,True,reaper
praat_gate_reaper_c0.9,phone_M1.wav,1.245,155.33981323242188,True,reaper
praat_gate_reaper_c0.9,phone_M1.wav,1.255,155.33981323242188,True,reaper
praat_gate_reaper_c0.9,phone_M1.wav,1.265,156.8627471923828,True,reaper
praat_gate_reaper_c0.9,phone_M1.wav,1.275,155.33981323242188,True,reaper
praat_gate_reaper_c0.9,phone_M1.wav,1.285,155.33981323242188,True,reaper
praat_gate_reaper_c0.9,phone_M1.wav,1.295,153.84616088867188,True,reaper
praat_gate_reaper_c0.9,phone_M1.wav,1.305,152.38095092773438,True,reaper
praat_gate_reaper_c0.9,phone_M1.wav,1.315,153.84616088867188,True,reaper
praat_gate_reaper_c0.9,phone_M1.wav,1.325,150.94338989257812,True,reaper
praat_gate_reaper_c0.9,phone_M1.wav,1.335,155.33981323242188,True,reaper
praat_gate_reaper_c0.9,phone_M1.wav,1.345,152.38095092773438,True,reaper
praat_gate_reaper_c0.9,phone_M1.wav,1.355,155.33981323242188,True,reaper
praat_gate_reaper_c0.9,phone_M1.wav,1.365,153.84616088867188,True,reaper
praat_gate_reaper_c0.9,phone_M1.wav,1.375,147.17615172954223,True,praat_missing
praat_gate_reaper_c0.9,phone_M1.wav,1.385,146.74995771436363,True,praat_missing
praat_gate_reaper_c0.9,phone_M1.wav,1.395,0.0,False,unvoiced
praat_gate_reaper_c0.9,phone_M1.wav,1.405,0.0,False,unvoiced
praat_gate_reaper_c0.9,phone_M1.wav,1.415,0.0,False,unvoiced
praat_gate_reaper_c0.9,phone_M1.wav,1.425,0.0,False,unvoiced
praat_gate_reaper_c0.9,phone_M1.wav,1.435,0.0,False,unvoiced
praat_gate_reaper_c0.9,phone_M1.wav,1.445,0.0,False,unvoiced
praat_gate_reaper_c0.9,phone_M1.wav,1.455,0.0,False,unvoiced
praat_gate_reaper_c0.9,phone_M1.wav,1.465,0.0,False,unvoiced
praat_gate_reaper_c0.9,phone_M1.wav,1.475,0.0,False,unvoiced
praat_gate_reaper_c0.9,phone_M1.wav,1.485,0.0,False,unvoiced
praat_gate_reaper_c0.9,phone_M1.wav,1.495,0.0,False,unvoiced
praat_gate_reaper_c0.9,phone_M1.wav,1.505,119.77441795223503,True,praat_missing
praat_gate_reaper_c0.9,phone_M1.wav,1.515,114.28571319580078,True,reaper
praat_gate_reaper_c0.9,phone_M1.wav,1.525,114.28571319580078,True,reaper
praat_gate_reaper_c0.9,phone_M1.wav,1.535,115.10791015625,True,reaper
praat_gate_reaper_c0.9,phone_M1.wav,1.545,114.28571319580078,True,reaper
praat_gate_reaper_c0.9,phone_M1.wav,1.555,114.28571319580078,True,reaper
praat_gate_reaper_c0.9,phone_M1.wav,1.565,112.67605590820312,True,reaper
praat_gate_reaper_c0.9,phone_M1.wav,1.575,112.67605590820312,True,reaper
praat_gate_reaper_c0.9,phone_M1.wav,1.585,109.58904266357422,True,reaper
praat_gate_reaper_c0.9,phone_M1.wav,1.595,108.84353637695312,True,reaper
praat_gate_reaper_c0.9,phone_M1.wav,1.605,111.88811492919922,True,reaper
praat_gate_reaper_c0.9,phone_M1.wav,1.615,110.3448257446289,True,reaper
praat_gate_reaper_c0.9,phone_M1.wav,1.625,108.10810852050781,True,reaper
praat_gate_reaper_c0.9,phone_M1.wav,1.635,106.66666412353516,True,reaper
praat_gate_reaper_c0.9,phone_M1.wav,1.645,107.38255310058594,True,reaper
praat_gate_reaper_c0.9,phone_M1.wav,1.655,109.58904266357422,True,reaper
praat_gate_reaper_c0.9,phone_M1.wav,1.665,108.84353637695312,True,reaper
praat_gate_reaper_c0.9,phone_M1.wav,1.675,112.67605590820312,True,reaper
praat_gate_reaper_c0.9,phone_M1.wav,1.685,110.3448257446289,True,reaper
praat_gate_reaper_c0.9,phone_M1.wav,1.695,108.57573437140464,True,praat_missing
praat_gate_reaper_c0.9,phone_M1.wav,1.705,0.0,False,unvoiced
praat_gate_reaper_c0.9,phone_M1.wav,1.715,0.0,False,unvoiced
praat_gate_reaper_c0.9,phone_M1.wav,1.725,0.0,False,unvoiced
praat_gate_reaper_c0.9,phone_M1.wav,1.735,0.0,False,unvoiced
praat_gate_reaper_c0.9,phone_M1.wav,1.745,0.0,False,unvoiced
praat_gate_reaper_c0.9,phone_M1.wav,1.755,0.0,False,unvoiced
praat_gate_reaper_c0.9,phone_M1.wav,1.765,0.0,False,unvoiced
praat_gate_reaper_c0.9,phone_M1.wav,1.775,0.0,False,unvoiced
praat_gate_reaper_c0.9,phone_M1.wav,1.785,0.0,False,unvoiced
praat_gate_reaper_c0.9,phone_M1.wav,1.795,125.26892670469007,True,praat_missing
praat_gate_reaper_c0.9,phone_M1.wav,1.805,124.031005859375,True,reaper
praat_gate_reaper_c0.9,phone_M1.wav,1.815,120.30075073242188,True,reaper
praat_gate_reaper_c0.9,phone_M1.wav,1.825,121.21212005615234,True,reaper
praat_gate_reaper_c0.9,phone_M1.wav,1.835,120.30075073242188,True,reaper
praat_gate_reaper_c0.9,phone_M1.wav,1.845,120.30075073242188,True,reaper
praat_gate_reaper_c0.9,phone_M1.wav,1.855,118.51851654052734,True,reaper
praat_gate_reaper_c0.9,phone_M1.wav,1.865,117.64705657958984,True,reaper
praat_gate_reaper_c0.9,phone_M1.wav,1.875,116.78832244873047,True,reaper
praat_gate_reaper_c0.9,phone_M1.wav,1.885,111.88811492919922,True,reaper
praat_gate_reaper_c0.9,phone_M1.wav,1.895,111.11111450195312,True,reaper
praat_gate_reaper_c0.9,phone_M1.wav,1.905,110.3448257446289,True,reaper
praat_gate_reaper_c0.9,phone_M1.wav,1.915,108.84353637695312,True,reaper
praat_gate_reaper_c0.9,phone_M1.wav,1.925,105.96026611328125,True,reaper
praat_gate_reaper_c0.9,phone_M1.wav,1.935,103.2258071899414,True,reaper
praat_gate_reaper_c0.9,phone_M1.wav,1.945,100.6289291381836,True,reaper
praat_gate_reaper_c0.9,phone_M1.wav,1.955,98.15950775146484,True,reaper
praat_gate_reaper_c0.9,phone_M1.wav,1.965,87.9120864868164,True,reaper
praat_gate_reaper_c0.9,phone_M1.wav,1.975,0.0,False,unvoiced
praat_gate_reaper_c0.9,phone_M1.wav,1.985,0.0,False,unvoiced
praat_gate_reaper_c0.9,phone_M1.wav,1.995,0.0,False,unvoiced
praat_gate_reaper_c0.9,phone_M1.wav,2.005,0.0,False,unvoiced
praat_gate_reaper_c0.9,phone_M1.wav,2.015,0.0,False,unvoiced
praat_gate_reaper_c0.9,phone_M1.wav,2.025,102.56410217285156,True,reaper
praat_gate_reaper_c0.9,phone_M1.wav,2.035,100.6289291381836,True,reaper
praat_gate_reaper_c0.9,phone_M1.wav,2.045,100.6289291381836,True,reaper
praat_gate_reaper_c0.9,phone_M1.wav,2.055,103.2258071899414,True,reaper
praat_gate_reaper_c0.9,phone_M1.wav,2.065,103.2258071899414,True,reaper
praat_gate_reaper_c0.9,phone_M1.wav,2.075,110.3448257446289,True,reaper
praat_gate_reaper_c0.9,phone_M1.wav,2.085,110.3448257446289,True,reaper
praat_gate_reaper_c0.9,phone_M1.wav,2.095,107.38255310058594,True,reaper
praat_gate_reaper_c0.9,phone_M1.wav,2.105,107.38255310058594,True,reaper
praat_gate_reaper_c0.9,phone_M1.wav,2.115,109.58904266357422,True,reaper
praat_gate_reaper_c0.9,phone_M1.wav,2.125,109.58904266357422,True,reaper
praat_gate_reaper_c0.9,phone_M1.wav,2.135,110.3448257446289,True,reaper
praat_gate_reaper_c0.9,phone_M1.wav,2.145,116.78832244873047,True,reaper
praat_gate_reaper_c0.9,phone_M1.wav,2.155,121.21212005615234,True,reaper
praat_gate_reaper_c0.9,phone_M1.wav,2.165,120.30075073242188,True,reaper
praat_gate_reaper_c0.9,phone_M1.wav,2.175,124.031005859375,True,reaper
praat_gate_reaper_c0.9,phone_M1.wav,2.185,123.07691955566406,True,reaper
praat_gate_reaper_c0.9,phone_M1.wav,2.195,123.07691955566406,True,reaper
praat_gate_reaper_c0.9,phone_M1.wav,2.205,121.21212005615234,True,reaper
praat_gate_reaper_c0.9,phone_M1.wav,2.215,120.30075073242188,True,reaper
praat_gate_reaper_c0.9,phone_M1.wav,2.225,120.30075073242188,True,reaper
praat_gate_reaper_c0.9,phone_M1.wav,2.235,118.51851654052734,True,reaper
praat_gate_reaper_c0.9,phone_M1.wav,2.245,117.64705657958984,True,reaper
praat_gate_reaper_c0.9,phone_M1.wav,2.255,116.78832244873047,True,reaper
praat_gate_reaper_c0.9,phone_M1.wav,2.265,115.10791015625,True,reaper
praat_gate_reaper_c0.9,phone_M1.wav,2.275,115.10791015625,True,reaper
praat_gate_reaper_c0.9,phone_M1.wav,2.285,113.47517395019531,True,reaper
praat_gate_reaper_c0.9,phone_M1.wav,2.295,113.47517395019531,True,reaper
praat_gate_reaper_c0.9,phone_M1.wav,2.305,111.88811492919922,True,reaper
praat_gate_reaper_c0.9,phone_M1.wav,2.315,111.88811492919922,True,reaper
praat_gate_reaper_c0.9,phone_M1.wav,2.325,109.58904266357422,True,reaper
praat_gate_reaper_c0.9,phone_M1.wav,2.335,109.58904266357422,True,reaper
praat_gate_reaper_c0.9,phone_M1.wav,2.345,111.11111450195312,True,reaper
praat_gate_reaper_c0.9,phone_M1.wav,2.355,111.11111450195312,True,reaper
praat_gate_reaper_c0.9,phone_M1.wav,2.365,111.88811492919922,True,reaper
praat_gate_reaper_c0.9,phone_M1.wav,2.375,111.88811492919922,True,reaper
praat_gate_reaper_c0.9,phone_M1.wav,2.385,114.28571319580078,True,reaper
praat_gate_reaper_c0.9,phone_M1.wav,2.395,115.94203186035156,True,reaper
praat_gate_reaper_c0.9,phone_M1.wav,2.405,111.88811492919922,True,reaper
praat_gate_reaper_c0.9,phone_M1.wav,2.415,121.21212005615234,True,reaper
praat_gate_reaper_c0.9,phone_M1.wav,2.425,125.9842529296875,True,reaper
praat_gate_reaper_c0.9,phone_M1.wav,2.435,125.9842529296875,True,reaper
praat_gate_reaper_c0.9,phone_M1.wav,2.445,124.031005859375,True,reaper
praat_gate_reaper_c0.9,phone_M1.wav,2.455,130.081298828125,True,reaper
praat_gate_reaper_c0.9,phone_M1.wav,2.465,125.9842529296875,True,reaper
praat_gate_reaper_c0.9,phone_M1.wav,2.475,123.07691955566406,True,reaper
praat_gate_reaper_c0.9,phone_M1.wav,2.485,121.21212005615234,True,reaper
praat_gate_reaper_c0.9,phone_M1.wav,2.495,123.07691955566406,True,reaper
praat_gate_reaper_c0.9,phone_M1.wav,2.505,109.58904266357422,True,reaper
praat_gate_reaper_c0.9,phone_M1.wav,2.515,111.11111450195312,True,reaper
praat_gate_reaper_c0.9,phone_M1.wav,2.525,111.11111450195312,True,reaper
praat_gate_reaper_c0.9,phone_M1.wav,2.535,111.11111450195312,True,reaper
praat_gate_reaper_c0.9,phone_M1.wav,2.545,111.11111450195312,True,reaper
praat_gate_reaper_c0.9,phone_M1.wav,2.555,109.58904266357422,True,reaper
praat_gate_reaper_c0.9,phone_M1.wav,2.565,109.58904266357422,True,reaper
praat_gate_reaper_c0.9,phone_M1.wav,2.575,108.84353637695312,True,reaper
praat_gate_reaper_c0.9,phone_M1.wav,2.585,108.84353637695312,True,reaper
praat_gate_reaper_c0.9,phone_M1.wav,2.595,105.2631607055664,True,reaper
praat_gate_reaper_c0.9,phone_M1.wav,2.605,105.2631607055664,True,reaper
praat_gate_reaper_c0.9,phone_M1.wav,2.615,103.2258071899414,True,reaper
praat_gate_reaper_c0.9,phone_M1.wav,2.625,103.2258071899414,True,reaper
praat_gate_reaper_c0.9,phone_M1.wav,2.635,104.57516479492188,True,reaper
praat_gate_reaper_c0.9,phone_M1.wav,2.645,104.57516479492188,True,reaper
praat_gate_reaper_c0.9,phone_M1.wav,2.655,106.66666412353516,True,reaper
praat_gate_reaper_c0.9,phone_M1.wav,2.665,103.2258071899414,True,reaper
praat_gate_reaper_c0.9,phone_M1.wav,2.675,102.56410217285156,True,reaper
praat_gate_reaper_c0.9,phone_M1.wav,2.685,104.57516479492188,True,reaper
praat_gate_reaper_c0.9,phone_M1.wav,2.695,103.2258071899414,True,reaper
praat_gate_reaper_c0.9,phone_M1.wav,2.705,104.57516479492188,True,reaper
praat_gate_reaper_c0.9,phone_M1.wav,2.715,112.67605590820312,True,reaper
praat_gate_reaper_c0.9,phone_M1.wav,2.725,0.0,False,unvoiced
praat_gate_reaper_c0.9,phone_M1.wav,2.735,0.0,False,unvoiced
praat_gate_reaper_c0.9,phone_M1.wav,2.745,0.0,False,unvoiced
praat_gate_reaper_c0.9,phone_M1.wav,2.755,0.0,False,unvoiced
praat_gate_reaper_c0.9,phone_M1.wav,2.765,0.0,False,unvoiced
praat_gate_reaper_c0.9,phone_M1.wav,2.775,0.0,False,unvoiced
praat_gate_reaper_c0.9,phone_M1.wav,2.785,0.0,False,unvoiced
praat_gate_reaper_c0.9,phone_M1.wav,2.795,0.0,False,unvoiced
praat_gate_reaper_c0.9,phone_M1.wav,2.805,0.0,False,unvoiced
praat_gate_reaper_c0.9,phone_M1.wav,2.815,0.0,False,unvoiced
praat_gate_reaper_c0.9,phone_M1.wav,2.825,0.0,False,unvoiced
praat_gate_reaper_c0.9,phone_M1.wav,2.835,0.0,False,unvoiced
praat_gate_reaper_c0.9,phone_M1.wav,2.845,0.0,False,unvoiced
praat_gate_reaper_c0.9,phone_M1.wav,2.855,0.0,False,unvoiced
praat_gate_reaper_c0.9,phone_M1.wav,2.865,0.0,False,unvoiced
praat_gate_reaper_c0.9,phone_M1.wav,2.875,131.1475372314453,True,reaper
praat_gate_reaper_c0.9,phone_M1.wav,2.885,135.5932159423828,True,reaper
praat_gate_reaper_c0.9,phone_M1.wav,2.895,134.4537811279297,True,reaper
praat_gate_reaper_c0.9,phone_M1.wav,2.905,135.5932159423828,True,reaper
praat_gate_reaper_c0.9,phone_M1.wav,2.915,135.5932159423828,True,reaper
praat_gate_reaper_c0.9,phone_M1.wav,2.925,139.13043212890625,True,reaper
praat_gate_reaper_c0.9,phone_M1.wav,2.935,0.0,False,unvoiced
praat_gate_reaper_c0.9,phone_M1.wav,2.945,0.0,False,unvoiced
praat_gate_reaper_c0.9,phone_M1.wav,2.955,0.0,False,unvoiced
praat_gate_reaper_c0.9,phone_M1.wav,2.965,0.0,False,unvoiced
praat_gate_reaper_c0.9,phone_M1.wav,2.975,0.0,False,unvoiced
praat_gate_reaper_c0.9,phone_M1.wav,2.985,0.0,False,unvoiced
praat_gate_reaper_c0.9,phone_M1.wav,2.995,0.0,False,unvoiced
praat_gate_reaper_c0.9,phone_M1.wav,3.005,0.0,False,unvoiced
praat_gate_reaper_c0.9,phone_M1.wav,3.015,0.0,False,unvoiced
praat_gate_reaper_c0.9,phone_M1.wav,3.025,0.0,False,unvoiced
praat_gate_reaper_c0.9,phone_M1.wav,3.035,0.0,False,unvoiced
praat_gate_reaper_c0.9,phone_M1.wav,3.045,0.0,False,unvoiced
praat_gate_reaper_c0.9,phone_M1.wav,3.055,0.0,False,unvoiced
praat_gate_reaper_c0.9,phone_M1.wav,3.065,0.0,False,unvoiced
praat_gate_reaper_c0.9,phone_M1.wav,3.075,0.0,False,unvoiced
praat_gate_reaper_c0.9,phone_M1.wav,3.085,0.0,False,unvoiced
praat_gate_reaper_c0.9,phone_M1.wav,3.095,0.0,False,unvoiced
praat_gate_reaper_c0.9,phone_M1.wav,3.105,104.06703203640188,True,praat_missing
praat_gate_reaper_c0.9,phone_M1.wav,3.115,100.0,True,reaper
praat_gate_reaper_c0.9,phone_M1.wav,3.125,100.0,True,reaper
praat_gate_reaper_c0.9,phone_M1.wav,3.135,91.95402526855469,True,reaper
praat_gate_reaper_c0.9,phone_M1.wav,3.145,94.11764526367188,True,reaper
praat_gate_reaper_c0.9,phone_M1.wav,3.155,94.11764526367188,True,reaper
praat_gate_reaper_c0.9,phone_M1.wav,3.165,95.80838012695312,True,reaper
praat_gate_reaper_c0.9,phone_M1.wav,3.175,96.38554382324219,True,reaper
praat_gate_reaper_c0.9,phone_M1.wav,3.185,100.0,True,reaper
praat_gate_reaper_c0.9,phone_M1.wav,3.195,101.26582336425781,True,reaper
praat_gate_reaper_c0.9,phone_M1.wav,3.205,100.6289291381836,True,reaper
praat_gate_reaper_c0.9,phone_M1.wav,3.215,100.0,True,reaper
praat_gate_reaper_c0.9,phone_M1.wav,3.225,98.76543426513672,True,reaper
praat_gate_reaper_c0.9,phone_M1.wav,3.235,98.15950775146484,True,reaper
praat_gate_reaper_c0.9,phone_M1.wav,3.245,98.76543426513672,True,reaper
praat_gate_reaper_c0.9,phone_M1.wav,3.255,100.6289291381836,True,reaper
praat_gate_reaper_c0.9,phone_M1.wav,3.265,111.11111450195312,True,reaper
praat_gate_reaper_c0.9,phone_M1.wav,3.275,111.11111450195312,True,reaper
praat_gate_reaper_c0.9,phone_M1.wav,3.285,110.58351630003392,True,praat_missing
praat_gate_reaper_c0.9,phone_M1.wav,3.295,0.0,False,unvoiced
praat_gate_reaper_c0.9,phone_M1.wav,3.305,0.0,False,unvoiced
praat_gate_reaper_c0.9,phone_M1.wav,3.315,0.0,False,unvoiced
praat_gate_reaper_c0.9,phone_M1.wav,3.325,0.0,False,unvoiced
praat_gate_reaper_c0.9,phone_M1.wav,3.335,0.0,False,unvoiced
praat_gate_reaper_c0.9,phone_M1.wav,3.345,0.0,False,unvoiced
praat_gate_reaper_c0.9,phone_M1.wav,3.355,0.0,False,unvoiced
praat_gate_reaper_c0.9,phone_M1.wav,3.365,0.0,False,unvoiced
praat_gate_reaper_c0.9,phone_M1.wav,3.375,0.0,False,unvoiced
praat_gate_reaper_c0.9,phone_M1.wav,3.385,0.0,False,unvoiced
praat_gate_reaper_c0.9,phone_M1.wav,3.395,0.0,False,unvoiced
praat_gate_reaper_c0.9,phone_M1.wav,3.405,0.0,False,unvoiced
praat_gate_reaper_c0.9,phone_M1.wav,3.415,0.0,False,unvoiced
praat_gate_reaper_c0.9,phone_M1.wav,3.425,0.0,False,unvoiced
praat_gate_reaper_c0.9,phone_M1.wav,3.435,0.0,False,unvoiced
praat_gate_reaper_c0.9,phone_M1.wav,3.445,141.8783415505278,True,praat_missing
praat_gate_reaper_c0.9,phone_M1.wav,3.455,141.59292602539062,True,reaper
praat_gate_reaper_c0.9,phone_M1.wav,3.465,117.64705657958984,True,reaper
praat_gate_reaper_c0.9,phone_M1.wav,3.475,110.3448257446289,True,reaper
praat_gate_reaper_c0.9,phone_M1.wav,3.485,108.10810852050781,True,reaper
praat_gate_reaper_c0.9,phone_M1.wav,3.495,105.2631607055664,True,reaper
praat_gate_reaper_c0.9,phone_M1.wav,3.505,102.56410217285156,True,reaper
praat_gate_reaper_c0.9,phone_M1.wav,3.515,101.90996019958574,True,praat_missing
praat_gate_reaper_c0.9,phone_M1.wav,3.525,0.0,False,unvoiced
praat_gate_reaper_c0.9,phone_M1.wav,3.535,0.0,False,unvoiced
praat_gate_reaper_c0.9,phone_M1.wav,3.545,0.0,False,unvoiced
praat_gate_reaper_c0.9,phone_M1.wav,3.555,0.0,False,unvoiced
praat_gate_reaper_c0.9,phone_M1.wav,3.565,0.0,False,unvoiced
praat_gate_reaper_c0.9,phone_M1.wav,3.575,0.0,False,unvoiced
praat_gate_reaper_c0.9,phone_M1.wav,3.585,0.0,False,unvoiced
praat_gate_reaper_c0.9,phone_M1.wav,3.595,0.0,False,unvoiced
praat_gate_reaper_c0.9,phone_M1.wav,3.605,0.0,False,unvoiced
praat_gate_reaper_c0.9,phone_M1.wav,3.615,0.0,False,unvoiced
praat_gate_reaper_c0.9,phone_M1.wav,3.625,0.0,False,unvoiced
praat_gate_reaper_c0.9,phone_M1.wav,3.635,0.0,False,unvoiced
praat_gate_reaper_c0.9,phone_M1.wav,3.645,0.0,False,unvoiced
praat_gate_reaper_c0.9,phone_M1.wav,3.655,0.0,False,unvoiced
praat_gate_reaper_c0.9,phone_M1.wav,3.665,0.0,False,unvoiced
praat_gate_reaper_c0.9,phone_M1.wav,3.675,0.0,False,unvoiced
praat_gate_reaper_c0.9,phone_M1.wav,3.685,0.0,False,unvoiced
praat_gate_reaper_c0.9,phone_M1.wav,3.695,0.0,False,unvoiced
praat_gate_reaper_c0.9,phone_M1.wav,3.705,0.0,False,unvoiced
praat_gate_reaper_c0.9,phone_M1.wav,3.715,0.0,False,unvoiced
praat_gate_reaper_c0.9,phone_M1.wav,3.725,0.0,False,unvoiced
praat_gate_reaper_c0.9,phone_M1.wav,3.735,0.0,False,unvoiced
praat_gate_reaper_c0.9,phone_M1.wav,3.745,0.0,False,unvoiced
praat_gate_reaper_c0.9,phone_M1.wav,3.755,0.0,False,unvoiced
praat_gate_reaper_c0.9,phone_M1.wav,3.765,0.0,False,unvoiced
praat_gate_reaper_c0.9,phone_M1.wav,3.775,0.0,False,unvoiced
praat_gate_reaper_c0.9,phone_M1.wav,3.785,0.0,False,unvoiced
praat_gate_reaper_c0.9,phone_M1.wav,3.795,0.0,False,unvoiced
praat_gate_reaper_c0.9,phone_M1.wav,3.805,0.0,False,unvoiced
praat_gate_reaper_c0.9,phone_M1.wav,3.815,0.0,False,unvoiced
praat_gate_reaper_c0.9,phone_M1.wav,3.825,0.0,False,unvoiced
praat_gate_reaper_c0.9,phone_M1.wav,3.835,0.0,False,unvoiced
praat_gate_reaper_c0.9,phone_M1.wav,3.845,0.0,False,unvoiced
praat_gate_reaper_c0.9,phone_M1.wav,3.855,0.0,False,unvoiced
praat_gate_reaper_c0.9,phone_M1.wav,3.865,0.0,False,unvoiced
praat_gate_reaper_c0.9,phone_M1.wav,3.875,0.0,False,unvoiced
praat_gate_reaper_c0.9,phone_M1.wav,3.885,0.0,False,unvoiced
praat_gate_reaper_c0.9,phone_M1.wav,3.895,0.0,False,unvoiced
praat_gate_reaper_c0.9,phone_M1.wav,3.905,0.0,False,unvoiced
praat_gate_reaper_c0.9,phone_M1.wav,3.915,0.0,False,unvoiced
praat_gate_reaper_c0.9,phone_M1.wav,3.925,0.0,False,unvoiced
praat_gate_reaper_c0.9,phone_M1.wav,3.935,0.0,False,unvoiced
praat_gate_reaper_c0.9,phone_M1.wav,3.945,0.0,False,unvoiced
praat_gate_reaper_c0.9,phone_M1.wav,3.955,0.0,False,unvoiced
praat_gate_reaper_c0.9,phone_M1.wav,3.965,0.0,False,unvoiced
praat_gate_reaper_c0.9,phone_M1.wav,3.975,0.0,False,unvoiced
praat_gate_reaper_c0.9,phone_M1.wav,3.985,0.0,False,unvoiced
praat_gate_reaper_c0.9,phone_M1.wav,3.995,0.0,False,unvoiced
praat_gate_reaper_c0.9,phone_M1.wav,4.005,0.0,False,unvoiced
praat_gate_reaper_c0.9,phone_M1.wav,4.015000000000001,0.0,False,unvoiced
praat_gate_reaper_c0.9,phone_M1.wav,4.025,0.0,False,unvoiced
praat_gate_reaper_c0.9,phone_M1.wav,4.035,0.0,False,unvoiced
praat_gate_reaper_c0.9,phone_M1.wav,4.045000000000001,0.0,False,unvoiced
praat_gate_reaper_c0.9,phone_M1.wav,4.055000000000001,0.0,False,unvoiced
praat_gate_reaper_c0.9,phone_M1.wav,4.065,0.0,False,unvoiced
praat_gate_reaper_c0.9,phone_M1.wav,4.075,0.0,False,unvoiced
praat_gate_reaper_c0.9,phone_M1.wav,4.085000000000001,0.0,False,unvoiced
praat_gate_reaper_c0.9,phone_M1.wav,4.095000000000001,0.0,False,unvoiced
praat_gate_reaper_c0.9,phone_M1.wav,4.105,0.0,False,unvoiced
praat_gate_reaper_c0.9,phone_M1.wav,4.115,0.0,False,unvoiced
praat_gate_reaper_c0.9,phone_M1.wav,4.125,0.0,False,unvoiced
praat_gate_reaper_c0.9,phone_M1.wav,4.135000000000001,0.0,False,unvoiced
praat_reaper_b100_a0.5,phone_M1.wav,0.025,0.0,False,unvoiced
praat_reaper_b100_a0.5,phone_M1.wav,0.035,0.0,False,unvoiced
praat_reaper_b100_a0.5,phone_M1.wav,0.045,0.0,False,unvoiced
praat_reaper_b100_a0.5,phone_M1.wav,0.055,0.0,False,unvoiced
praat_reaper_b100_a0.5,phone_M1.wav,0.065,0.0,False,unvoiced
praat_reaper_b100_a0.5,phone_M1.wav,0.075,0.0,False,unvoiced
praat_reaper_b100_a0.5,phone_M1.wav,0.085,0.0,False,unvoiced
praat_reaper_b100_a0.5,phone_M1.wav,0.095,0.0,False,unvoiced
praat_reaper_b100_a0.5,phone_M1.wav,0.105,0.0,False,unvoiced
praat_reaper_b100_a0.5,phone_M1.wav,0.115,0.0,False,unvoiced
praat_reaper_b100_a0.5,phone_M1.wav,0.125,0.0,False,unvoiced
praat_reaper_b100_a0.5,phone_M1.wav,0.135,0.0,False,unvoiced
praat_reaper_b100_a0.5,phone_M1.wav,0.145,0.0,False,unvoiced
praat_reaper_b100_a0.5,phone_M1.wav,0.155,0.0,False,unvoiced
praat_reaper_b100_a0.5,phone_M1.wav,0.165,0.0,False,unvoiced
praat_reaper_b100_a0.5,phone_M1.wav,0.175,0.0,False,unvoiced
praat_reaper_b100_a0.5,phone_M1.wav,0.185,0.0,False,unvoiced
praat_reaper_b100_a0.5,phone_M1.wav,0.195,0.0,False,unvoiced
praat_reaper_b100_a0.5,phone_M1.wav,0.205,0.0,False,unvoiced
praat_reaper_b100_a0.5,phone_M1.wav,0.215,0.0,False,unvoiced
praat_reaper_b100_a0.5,phone_M1.wav,0.225,0.0,False,unvoiced
praat_reaper_b100_a0.5,phone_M1.wav,0.235,0.0,False,unvoiced
praat_reaper_b100_a0.5,phone_M1.wav,0.245,0.0,False,unvoiced
praat_reaper_b100_a0.5,phone_M1.wav,0.255,0.0,False,unvoiced
praat_reaper_b100_a0.5,phone_M1.wav,0.265,0.0,False,unvoiced
praat_reaper_b100_a0.5,phone_M1.wav,0.275,0.0,False,unvoiced
praat_reaper_b100_a0.5,phone_M1.wav,0.285,0.0,False,unvoiced
praat_reaper_b100_a0.5,phone_M1.wav,0.295,0.0,False,unvoiced
praat_reaper_b100_a0.5,phone_M1.wav,0.305,0.0,False,unvoiced
praat_reaper_b100_a0.5,phone_M1.wav,0.315,0.0,False,unvoiced
praat_reaper_b100_a0.5,phone_M1.wav,0.325,0.0,False,unvoiced
praat_reaper_b100_a0.5,phone_M1.wav,0.335,0.0,False,unvoiced
praat_reaper_b100_a0.5,phone_M1.wav,0.345,0.0,False,unvoiced
praat_reaper_b100_a0.5,phone_M1.wav,0.355,0.0,False,unvoiced
praat_reaper_b100_a0.5,phone_M1.wav,0.365,0.0,False,unvoiced
praat_reaper_b100_a0.5,phone_M1.wav,0.375,0.0,False,unvoiced
praat_reaper_b100_a0.5,phone_M1.wav,0.385,0.0,False,unvoiced
praat_reaper_b100_a0.5,phone_M1.wav,0.395,0.0,False,unvoiced
praat_reaper_b100_a0.5,phone_M1.wav,0.405,0.0,False,unvoiced
praat_reaper_b100_a0.5,phone_M1.wav,0.415,0.0,False,unvoiced
praat_reaper_b100_a0.5,phone_M1.wav,0.425,0.0,False,unvoiced
praat_reaper_b100_a0.5,phone_M1.wav,0.435,0.0,False,unvoiced
praat_reaper_b100_a0.5,phone_M1.wav,0.445,0.0,False,unvoiced
praat_reaper_b100_a0.5,phone_M1.wav,0.455,0.0,False,unvoiced
praat_reaper_b100_a0.5,phone_M1.wav,0.465,0.0,False,unvoiced
praat_reaper_b100_a0.5,phone_M1.wav,0.475,138.9088485650244,True,praat_missing
praat_reaper_b100_a0.5,phone_M1.wav,0.485,136.84376394949507,True,blend_agree
praat_reaper_b100_a0.5,phone_M1.wav,0.495,135.96242445041312,True,blend_agree
praat_reaper_b100_a0.5,phone_M1.wav,0.505,136.5549551930037,True,blend_agree
praat_reaper_b100_a0.5,phone_M1.wav,0.515,135.66992352642964,True,blend_agree
praat_reaper_b100_a0.5,phone_M1.wav,0.525,134.59056316261814,True,blend_agree
praat_reaper_b100_a0.5,phone_M1.wav,0.535,134.65087794678317,True,blend_agree
praat_reaper_b100_a0.5,phone_M1.wav,0.545,135.89367389650175,True,blend_agree
praat_reaper_b100_a0.5,phone_M1.wav,0.555,137.22764255453137,True,blend_agree
praat_reaper_b100_a0.5,phone_M1.wav,0.565,136.62331674814865,True,blend_agree
praat_reaper_b100_a0.5,phone_M1.wav,0.575,136.36344256753063,True,blend_agree
praat_reaper_b100_a0.5,phone_M1.wav,0.585,137.22101364765484,True,blend_agree
praat_reaper_b100_a0.5,phone_M1.wav,0.595,137.30778845592022,True,blend_agree
praat_reaper_b100_a0.5,phone_M1.wav,0.605,138.13858242526499,True,blend_agree
praat_reaper_b100_a0.5,phone_M1.wav,0.615,138.39058110430855,True,blend_agree
praat_reaper_b100_a0.5,phone_M1.wav,0.625,139.32235872497208,True,blend_agree
praat_reaper_b100_a0.5,phone_M1.wav,0.635,139.55201173576626,True,blend_agree
praat_reaper_b100_a0.5,phone_M1.wav,0.645,139.31393192196307,True,blend_agree
praat_reaper_b100_a0.5,phone_M1.wav,0.655,137.2756480824551,True,blend_agree
praat_reaper_b100_a0.5,phone_M1.wav,0.665,135.7691107890799,True,blend_agree
praat_reaper_b100_a0.5,phone_M1.wav,0.675,133.8138460005869,True,blend_agree
praat_reaper_b100_a0.5,phone_M1.wav,0.685,131.8622804253348,True,blend_agree
praat_reaper_b100_a0.5,phone_M1.wav,0.695,131.04627550608666,True,blend_agree
praat_reaper_b100_a0.5,phone_M1.wav,0.705,128.5894491035871,True,blend_agree
praat_reaper_b100_a0.5,phone_M1.wav,0.715,127.36906229563286,True,blend_agree
praat_reaper_b100_a0.5,phone_M1.wav,0.725,125.25206250501083,True,blend_agree
praat_reaper_b100_a0.5,phone_M1.wav,0.735,123.80820577824171,True,blend_agree
praat_reaper_b100_a0.5,phone_M1.wav,0.745,122.27537381410892,True,blend_agree
praat_reaper_b100_a0.5,phone_M1.wav,0.755,120.70477943161089,True,blend_agree
praat_reaper_b100_a0.5,phone_M1.wav,0.765,118.95037574460902,True,blend_agree
praat_reaper_b100_a0.5,phone_M1.wav,0.775,117.77901060550256,True,blend_agree
praat_reaper_b100_a0.5,phone_M1.wav,0.785,116.6968049965672,True,blend_agree
praat_reaper_b100_a0.5,phone_M1.wav,0.795,115.13875729631759,True,blend_agree
praat_reaper_b100_a0.5,phone_M1.wav,0.805,113.6306504779195,True,blend_agree
praat_reaper_b100_a0.5,phone_M1.wav,0.815,110.92348587487999,True,blend_agree
praat_reaper_b100_a0.5,phone_M1.wav,0.825,115.76883964002923,True,blend_agree
praat_reaper_b100_a0.5,phone_M1.wav,0.835,115.65002730817905,True,blend_agree
praat_reaper_b100_a0.5,phone_M1.wav,0.845,116.51214067943543,True,blend_agree
praat_reaper_b100_a0.5,phone_M1.wav,0.855,118.04013652984257,True,blend_agree
praat_reaper_b100_a0.5,phone_M1.wav,0.865,119.30473532179626,True,blend_agree
praat_reaper_b100_a0.5,phone_M1.wav,0.875,120.95124528433459,True,blend_agree
praat_reaper_b100_a0.5,phone_M1.wav,0.885,122.92990306318397,True,blend_agree
praat_reaper_b100_a0.5,phone_M1.wav,0.895,124.07816300179775,True,blend_agree
praat_reaper_b100_a0.5,phone_M1.wav,0.905,126.11496237440058,True,blend_agree
praat_reaper_b100_a0.5,phone_M1.wav,0.915,132.00562555465345,True,blend_agree
praat_reaper_b100_a0.5,phone_M1.wav,0.925,131.85106825755713,True,blend_agree
praat_reaper_b100_a0.5,phone_M1.wav,0.935,134.74827483159987,True,blend_agree
praat_reaper_b100_a0.5,phone_M1.wav,0.945,135.53127389232657,True,blend_agree
praat_reaper_b100_a0.5,phone_M1.wav,0.955,137.77130985380376,True,blend_agree
praat_reaper_b100_a0.5,phone_M1.wav,0.965,140.59571611801502,True,blend_agree
praat_reaper_b100_a0.5,phone_M1.wav,0.975,141.59489478829258,True,blend_agree
praat_reaper_b100_a0.5,phone_M1.wav,0.985,143.04133819906886,True,blend_agree
praat_reaper_b100_a0.5,phone_M1.wav,0.995,141.583546646199,True,blend_agree
praat_reaper_b100_a0.5,phone_M1.wav,1.005,142.6135023103839,True,blend_agree
praat_reaper_b100_a0.5,phone_M1.wav,1.015,147.46074721760814,True,blend_agree
praat_reaper_b100_a0.5,phone_M1.wav,1.025,148.3504433248998,True,blend_agree
praat_reaper_b100_a0.5,phone_M1.wav,1.035,148.75040236715776,True,blend_agree
praat_reaper_b100_a0.5,phone_M1.wav,1.045,149.73064894514442,True,blend_agree
praat_reaper_b100_a0.5,phone_M1.wav,1.055,149.67080624515808,True,blend_agree
praat_reaper_b100_a0.5,phone_M1.wav,1.065,149.44284494755982,True,blend_agree
praat_reaper_b100_a0.5,phone_M1.wav,1.075,148.24204966292126,True,blend_agree
praat_reaper_b100_a0.5,phone_M1.wav,1.085,146.71050161242644,True,blend_agree
praat_reaper_b100_a0.5,phone_M1.wav,1.095,144.48954179041618,True,blend_agree
praat_reaper_b100_a0.5,phone_M1.wav,1.105,141.7003717288953,True,blend_agree
praat_reaper_b100_a0.5,phone_M1.wav,1.115,140.32926918620328,True,blend_agree
praat_reaper_b100_a0.5,phone_M1.wav,1.125,137.90595842649353,True,blend_agree
praat_reaper_b100_a0.5,phone_M1.wav,1.135,144.86292713747176,True,blend_agree
praat_reaper_b100_a0.5,phone_M1.wav,1.145,150.00671492556737,True,blend_agree
praat_reaper_b100_a0.5,phone_M1.wav,1.155,153.38486468477674,True,blend_agree
praat_reaper_b100_a0.5,phone_M1.wav,1.165,154.68265517515837,True,blend_agree
praat_reaper_b100_a0.5,phone_M1.wav,1.175,155.05701878124836,True,blend_agree
praat_reaper_b100_a0.5,phone_M1.wav,1.185,154.25039405931082,True,blend_agree
praat_reaper_b100_a0.5,phone_M1.wav,1.195,153.74455918217663,True,blend_agree
praat_reaper_b100_a0.5,phone_M1.wav,1.205,152.75015023626497,True,blend_agree
praat_reaper_b100_a0.5,phone_M1.wav,1.215,147.5287177752497,True,blend_agree
praat_reaper_b100_a0.5,phone_M1.wav,1.225,148.21145692614246,True,blend_agree
praat_reaper_b100_a0.5,phone_M1.wav,1.235,151.52426453348838,True,blend_agree
praat_reaper_b100_a0.5,phone_M1.wav,1.245,154.33208247546082,True,blend_agree
praat_reaper_b100_a0.5,phone_M1.wav,1.255,155.22516874822807,True,blend_agree
praat_reaper_b100_a0.5,phone_M1.wav,1.265,156.8058823370235,True,blend_agree
praat_reaper_b100_a0.5,phone_M1.wav,1.275,156.35317845170056,True,blend_agree
praat_reaper_b100_a0.5,phone_M1.wav,1.285,155.90939638640404,True,blend_agree
praat_reaper_b100_a0.5,phone_M1.wav,1.295,154.17648191691106,True,blend_agree
praat_reaper_b100_a0.5,phone_M1.wav,1.305,152.92231088366452,True,blend_agree
praat_reaper_b100_a0.5,phone_M1.wav,1.315,153.20496616659142,True,blend_agree
praat_reaper_b100_a0.5,phone_M1.wav,1.325,151.14434585442766,True,blend_agree
praat_reaper_b100_a0.5,phone_M1.wav,1.335,154.08375823544452,True,blend_agree
praat_reaper_b100_a0.5,phone_M1.wav,1.345,152.44401457851123,True,blend_agree
praat_reaper_b100_a0.5,phone_M1.wav,1.355,154.20477213819487,True,blend_agree
praat_reaper_b100_a0.5,phone_M1.wav,1.365,153.22301967359843,True,blend_agree
praat_reaper_b100_a0.5,phone_M1.wav,1.375,147.17615172954223,True,praat_missing
praat_reaper_b100_a0.5,phone_M1.wav,1.385,146.74995771436363,True,praat_missing
praat_reaper_b100_a0.5,phone_M1.wav,1.395,0.0,False,unvoiced
praat_reaper_b100_a0.5,phone_M1.wav,1.405,0.0,False,unvoiced
praat_reaper_b100_a0.5,phone_M1.wav,1.415,0.0,False,unvoiced
praat_reaper_b100_a0.5,phone_M1.wav,1.425,0.0,False,unvoiced
praat_reaper_b100_a0.5,phone_M1.wav,1.435,0.0,False,unvoiced
praat_reaper_b100_a0.5,phone_M1.wav,1.445,0.0,False,unvoiced
praat_reaper_b100_a0.5,phone_M1.wav,1.455,0.0,False,unvoiced
praat_reaper_b100_a0.5,phone_M1.wav,1.465,0.0,False,unvoiced
praat_reaper_b100_a0.5,phone_M1.wav,1.475,0.0,False,unvoiced
praat_reaper_b100_a0.5,phone_M1.wav,1.485,0.0,False,unvoiced
praat_reaper_b100_a0.5,phone_M1.wav,1.495,0.0,False,unvoiced
praat_reaper_b100_a0.5,phone_M1.wav,1.505,119.77441795223503,True,praat_missing
praat_reaper_b100_a0.5,phone_M1.wav,1.515,114.94635954346384,True,blend_agree
praat_reaper_b100_a0.5,phone_M1.wav,1.525,114.45487355058364,True,blend_agree
praat_reaper_b100_a0.5,phone_M1.wav,1.535,114.95880021570235,True,blend_agree
praat_reaper_b100_a0.5,phone_M1.wav,1.545,114.42229800257144,True,blend_agree
praat_reaper_b100_a0.5,phone_M1.wav,1.555,114.07626583734847,True,blend_agree
praat_reaper_b100_a0.5,phone_M1.wav,1.565,112.72164863975914,True,blend_agree
praat_reaper_b100_a0.5,phone_M1.wav,1.575,112.20386244444548,True,blend_agree
praat_reaper_b100_a0.5,phone_M1.wav,1.585,109.65524790828013,True,blend_agree
praat_reaper_b100_a0.5,phone_M1.wav,1.595,108.69984082785292,True,blend_agree
praat_reaper_b100_a0.5,phone_M1.wav,1.605,110.80737513823993,True,blend_agree
praat_reaper_b100_a0.5,phone_M1.wav,1.615,110.32665350392622,True,blend_agree
praat_reaper_b100_a0.5,phone_M1.wav,1.625,108.35358027447901,True,blend_agree
praat_reaper_b100_a0.5,phone_M1.wav,1.635,107.06900899616629,True,blend_agree
praat_reaper_b100_a0.5,phone_M1.wav,1.645,107.39376519785068,True,blend_agree
praat_reaper_b100_a0.5,phone_M1.wav,1.655,108.59655439826408,True,blend_agree
praat_reaper_b100_a0.5,phone_M1.wav,1.665,107.99075717122705,True,blend_agree
praat_reaper_b100_a0.5,phone_M1.wav,1.675,110.17210188977745,True,blend_agree
praat_reaper_b100_a0.5,phone_M1.wav,1.685,109.80861408839644,True,blend_agree
praat_reaper_b100_a0.5,phone_M1.wav,1.695,108.57573437140464,True,praat_missing
praat_reaper_b100_a0.5,phone_M1.wav,1.705,0.0,False,unvoiced
praat_reaper_b100_a0.5,phone_M1.wav,1.715,0.0,False,unvoiced
praat_reaper_b100_a0.5,phone_M1.wav,1.725,0.0,False,unvoiced
praat_reaper_b100_a0.5,phone_M1.wav,1.735,0.0,False,unvoiced
praat_reaper_b100_a0.5,phone_M1.wav,1.745,0.0,False,unvoiced
praat_reaper_b100_a0.5,phone_M1.wav,1.755,0.0,False,unvoiced
praat_reaper_b100_a0.5,phone_M1.wav,1.765,0.0,False,unvoiced
praat_reaper_b100_a0.5,phone_M1.wav,1.775,0.0,False,unvoiced
praat_reaper_b100_a0.5,phone_M1.wav,1.785,0.0,False,unvoiced
praat_reaper_b100_a0.5,phone_M1.wav,1.795,125.26892670469007,True,praat_missing
praat_reaper_b100_a0.5,phone_M1.wav,1.805,123.47886276038263,True,blend_agree
praat_reaper_b100_a0.5,phone_M1.wav,1.815,120.82806220290041,True,blend_agree
praat_reaper_b100_a0.5,phone_M1.wav,1.825,121.31265214100837,True,blend_agree
praat_reaper_b100_a0.5,phone_M1.wav,1.835,120.59999800405348,True,blend_agree
praat_reaper_b100_a0.5,phone_M1.wav,1.845,120.37718078890383,True,blend_agree
praat_reaper_b100_a0.5,phone_M1.wav,1.855,118.86934517520164,True,blend_agree
praat_reaper_b100_a0.5,phone_M1.wav,1.865,117.51733814875224,True,blend_agree
praat_reaper_b100_a0.5,phone_M1.wav,1.875,116.28894018978711,True,blend_agree
praat_reaper_b100_a0.5,phone_M1.wav,1.885,112.87394861951944,True,blend_agree
praat_reaper_b100_a0.5,phone_M1.wav,1.895,111.83391383082572,True,blend_agree
praat_reaper_b100_a0.5,phone_M1.wav,1.905,110.85379287926827,True,blend_agree
praat_reaper_b100_a0.5,phone_M1.wav,1.915,109.59909901283942,True,blend_agree
praat_reaper_b100_a0.5,phone_M1.wav,1.925,107.86418146213526,True,blend_agree
praat_reaper_b100_a0.5,phone_M1.wav,1.935,105.19333738146948,True,blend_agree
praat_reaper_b100_a0.5,phone_M1.wav,1.945,101.721053923432,True,blend_agree
praat_reaper_b100_a0.5,phone_M1.wav,1.955,99.23576463838549,True,blend_agree
praat_reaper_b100_a0.5,phone_M1.wav,1.965,98.23384796638572,True,praat_disagreement
praat_reaper_b100_a0.5,phone_M1.wav,1.975,0.0,False,unvoiced
praat_reaper_b100_a0.5,phone_M1.wav,1.985,0.0,False,unvoiced
praat_reaper_b100_a0.5,phone_M1.wav,1.995,0.0,False,unvoiced
praat_reaper_b100_a0.5,phone_M1.wav,2.005,0.0,False,unvoiced
praat_reaper_b100_a0.5,phone_M1.wav,2.015,0.0,False,unvoiced
praat_reaper_b100_a0.5,phone_M1.wav,2.025,101.40097058039785,True,blend_agree
praat_reaper_b100_a0.5,phone_M1.wav,2.035,100.97134886407628,True,blend_agree
praat_reaper_b100_a0.5,phone_M1.wav,2.045,101.25619094676317,True,blend_agree
praat_reaper_b100_a0.5,phone_M1.wav,2.055,101.01306561285905,True,blend_agree
praat_reaper_b100_a0.5,phone_M1.wav,2.065,96.7313529725541,True,praat_disagreement
praat_reaper_b100_a0.5,phone_M1.wav,2.075,103.94125369514332,True,praat_disagreement
praat_reaper_b100_a0.5,phone_M1.wav,2.085,108.17611148027476,True,blend_agree
praat_reaper_b100_a0.5,phone_M1.wav,2.095,107.05312519867283,True,blend_agree
praat_reaper_b100_a0.5,phone_M1.wav,2.105,107.39631417537679,True,blend_agree
praat_reaper_b100_a0.5,phone_M1.wav,2.115,108.72264169188841,True,blend_agree
praat_reaper_b100_a0.5,phone_M1.wav,2.125,108.80311230952724,True,blend_agree
praat_reaper_b100_a0.5,phone_M1.wav,2.135,111.11087981311431,True,blend_agree
praat_reaper_b100_a0.5,phone_M1.wav,2.145,117.3958271814203,True,blend_agree
praat_reaper_b100_a0.5,phone_M1.wav,2.155,122.78824126331152,True,blend_agree
praat_reaper_b100_a0.5,phone_M1.wav,2.165,121.62122670345173,True,blend_agree
praat_reaper_b100_a0.5,phone_M1.wav,2.175,123.80020994629288,True,blend_agree
praat_reaper_b100_a0.5,phone_M1.wav,2.185,123.07568330501,True,blend_agree
praat_reaper_b100_a0.5,phone_M1.wav,2.195,122.74911990780562,True,blend_agree
praat_reaper_b100_a0.5,phone_M1.wav,2.205,121.4242672180558,True,blend_agree
praat_reaper_b100_a0.5,phone_M1.wav,2.215,120.51649890824599,True,blend_agree
praat_reaper_b100_a0.5,phone_M1.wav,2.225,120.22082160237342,True,blend_agree
praat_reaper_b100_a0.5,phone_M1.wav,2.235,118.60488377737977,True,blend_agree
praat_reaper_b100_a0.5,phone_M1.wav,2.245,117.29540168472558,True,blend_agree
praat_reaper_b100_a0.5,phone_M1.wav,2.255,116.29356920788919,True,blend_agree
praat_reaper_b100_a0.5,phone_M1.wav,2.265,115.28970697367977,True,blend_agree
praat_reaper_b100_a0.5,phone_M1.wav,2.275,115.12548567089549,True,blend_agree
praat_reaper_b100_a0.5,phone_M1.wav,2.285,113.81155756046593,True,blend_agree
praat_reaper_b100_a0.5,phone_M1.wav,2.295,113.05652289519125,True,blend_agree
praat_reaper_b100_a0.5,phone_M1.wav,2.305,111.90674428406635,True,blend_agree
praat_reaper_b100_a0.5,phone_M1.wav,2.315,111.732231321896,True,blend_agree
praat_reaper_b100_a0.5,phone_M1.wav,2.325,109.98319753307294,True,blend_agree
praat_reaper_b100_a0.5,phone_M1.wav,2.335,109.16198885766246,True,blend_agree
praat_reaper_b100_a0.5,phone_M1.wav,2.345,110.18164883063898,True,blend_agree
praat_reaper_b100_a0.5,phone_M1.wav,2.355,110.99537577258111,True,blend_agree
praat_reaper_b100_a0.5,phone_M1.wav,2.365,111.59422783385862,True,blend_agree
praat_reaper_b100_a0.5,phone_M1.wav,2.375,111.76804037306283,True,blend_agree
praat_reaper_b100_a0.5,phone_M1.wav,2.385,114.11960830789718,True,blend_agree
praat_reaper_b100_a0.5,phone_M1.wav,2.395,115.27471008269718,True,blend_agree
praat_reaper_b100_a0.5,phone_M1.wav,2.405,111.61198993892195,True,blend_agree
praat_reaper_b100_a0.5,phone_M1.wav,2.415,119.31950594379441,True,blend_agree
praat_reaper_b100_a0.5,phone_M1.wav,2.425,125.30698690434828,True,blend_agree
praat_reaper_b100_a0.5,phone_M1.wav,2.435,125.25721336595133,True,blend_agree
praat_reaper_b100_a0.5,phone_M1.wav,2.445,124.97047984991579,True,blend_agree
praat_reaper_b100_a0.5,phone_M1.wav,2.455,129.82178256465625,True,blend_agree
praat_reaper_b100_a0.5,phone_M1.wav,2.465,126.15125148642811,True,blend_agree
praat_reaper_b100_a0.5,phone_M1.wav,2.475,123.08137118081115,True,blend_agree
praat_reaper_b100_a0.5,phone_M1.wav,2.485,121.23581013826056,True,blend_agree
praat_reaper_b100_a0.5,phone_M1.wav,2.495,123.9590607024242,True,blend_agree
praat_reaper_b100_a0.5,phone_M1.wav,2.505,111.81925445931687,True,blend_agree
praat_reaper_b100_a0.5,phone_M1.wav,2.515,110.53853780841754,True,blend_agree
praat_reaper_b100_a0.5,phone_M1.wav,2.525,111.01129402857235,True,blend_agree
praat_reaper_b100_a0.5,phone_M1.wav,2.535,110.91524630353634,True,blend_agree
praat_reaper_b100_a0.5,phone_M1.wav,2.545,110.9572422595478,True,blend_agree
praat_reaper_b100_a0.5,phone_M1.wav,2.555,109.28144702354075,True,blend_agree
praat_reaper_b100_a0.5,phone_M1.wav,2.565,109.26302908791087,True,blend_agree
praat_reaper_b100_a0.5,phone_M1.wav,2.575,108.5996682312864,True,blend_agree
praat_reaper_b100_a0.5,phone_M1.wav,2.585,108.36640399929377,True,blend_agree
praat_reaper_b100_a0.5,phone_M1.wav,2.595,106.49992084565586,True,blend_agree
praat_reaper_b100_a0.5,phone_M1.wav,2.605,106.89742548583001,True,blend_agree
praat_reaper_b100_a0.5,phone_M1.wav,2.615,105.41506588911676,True,blend_agree
praat_reaper_b100_a0.5,phone_M1.wav,2.625,104.9975417334983,True,blend_agree
praat_reaper_b100_a0.5,phone_M1.wav,2.635,105.05917740016281,True,blend_agree
praat_reaper_b100_a0.5,phone_M1.wav,2.645,104.63948648357776,True,blend_agree
praat_reaper_b100_a0.5,phone_M1.wav,2.655,105.36219656085778,True,blend_agree
praat_reaper_b100_a0.5,phone_M1.wav,2.665,103.18528836784057,True,blend_agree
praat_reaper_b100_a0.5,phone_M1.wav,2.675,102.53564094810028,True,blend_agree
praat_reaper_b100_a0.5,phone_M1.wav,2.685,103.6627864268311,True,blend_agree
praat_reaper_b100_a0.5,phone_M1.wav,2.695,103.62545198799862,True,blend_agree
praat_reaper_b100_a0.5,phone_M1.wav,2.705,105.0110164883346,True,blend_agree
praat_reaper_b100_a0.5,phone_M1.wav,2.715,111.21623897066658,True,blend_agree
praat_reaper_b100_a0.5,phone_M1.wav,2.725,0.0,False,unvoiced
praat_reaper_b100_a0.5,phone_M1.wav,2.735,0.0,False,unvoiced
praat_reaper_b100_a0.5,phone_M1.wav,2.745,0.0,False,unvoiced
praat_reaper_b100_a0.5,phone_M1.wav,2.755,0.0,False,unvoiced
praat_reaper_b100_a0.5,phone_M1.wav,2.765,0.0,False,unvoiced
praat_reaper_b100_a0.5,phone_M1.wav,2.775,0.0,False,unvoiced
praat_reaper_b100_a0.5,phone_M1.wav,2.785,0.0,False,unvoiced
praat_reaper_b100_a0.5,phone_M1.wav,2.795,0.0,False,unvoiced
praat_reaper_b100_a0.5,phone_M1.wav,2.805,0.0,False,unvoiced
praat_reaper_b100_a0.5,phone_M1.wav,2.815,0.0,False,unvoiced
praat_reaper_b100_a0.5,phone_M1.wav,2.825,0.0,False,unvoiced
praat_reaper_b100_a0.5,phone_M1.wav,2.835,0.0,False,unvoiced
praat_reaper_b100_a0.5,phone_M1.wav,2.845,0.0,False,unvoiced
praat_reaper_b100_a0.5,phone_M1.wav,2.855,0.0,False,unvoiced
praat_reaper_b100_a0.5,phone_M1.wav,2.865,0.0,False,unvoiced
praat_reaper_b100_a0.5,phone_M1.wav,2.875,132.28305161339256,True,blend_agree
praat_reaper_b100_a0.5,phone_M1.wav,2.885,135.31339799997292,True,blend_agree
praat_reaper_b100_a0.5,phone_M1.wav,2.895,134.97632286387716,True,blend_agree
praat_reaper_b100_a0.5,phone_M1.wav,2.905,135.5004942190604,True,blend_agree
praat_reaper_b100_a0.5,phone_M1.wav,2.915,136.46879850208634,True,blend_agree
praat_reaper_b100_a0.5,phone_M1.wav,2.925,139.34249932194447,True,blend_agree
praat_reaper_b100_a0.5,phone_M1.wav,2.935,0.0,False,unvoiced
praat_reaper_b100_a0.5,phone_M1.wav,2.945,0.0,False,unvoiced
praat_reaper_b100_a0.5,phone_M1.wav,2.955,0.0,False,unvoiced
praat_reaper_b100_a0.5,phone_M1.wav,2.965,0.0,False,unvoiced
praat_reaper_b100_a0.5,phone_M1.wav,2.975,0.0,False,unvoiced
praat_reaper_b100_a0.5,phone_M1.wav,2.985,0.0,False,unvoiced
praat_reaper_b100_a0.5,phone_M1.wav,2.995,0.0,False,unvoiced
praat_reaper_b100_a0.5,phone_M1.wav,3.005,0.0,False,unvoiced
praat_reaper_b100_a0.5,phone_M1.wav,3.015,0.0,False,unvoiced
praat_reaper_b100_a0.5,phone_M1.wav,3.025,0.0,False,unvoiced
praat_reaper_b100_a0.5,phone_M1.wav,3.035,0.0,False,unvoiced
praat_reaper_b100_a0.5,phone_M1.wav,3.045,0.0,False,unvoiced
praat_reaper_b100_a0.5,phone_M1.wav,3.055,0.0,False,unvoiced
praat_reaper_b100_a0.5,phone_M1.wav,3.065,0.0,False,unvoiced
praat_reaper_b100_a0.5,phone_M1.wav,3.075,0.0,False,unvoiced
praat_reaper_b100_a0.5,phone_M1.wav,3.085,0.0,False,unvoiced
praat_reaper_b100_a0.5,phone_M1.wav,3.095,0.0,False,unvoiced
praat_reaper_b100_a0.5,phone_M1.wav,3.105,104.06703203640188,True,praat_missing
praat_reaper_b100_a0.5,phone_M1.wav,3.115,97.24540567832376,True,blend_agree
praat_reaper_b100_a0.5,phone_M1.wav,3.125,98.72436795107397,True,blend_agree
praat_reaper_b100_a0.5,phone_M1.wav,3.135,93.42786049060352,True,blend_agree
praat_reaper_b100_a0.5,phone_M1.wav,3.145,93.60768886956035,True,blend_agree
praat_reaper_b100_a0.5,phone_M1.wav,3.155,94.25934882510961,True,blend_agree
praat_reaper_b100_a0.5,phone_M1.wav,3.165,95.84323328244507,True,blend_agree
praat_reaper_b100_a0.5,phone_M1.wav,3.175,97.35008173405568,True,blend_agree
praat_reaper_b100_a0.5,phone_M1.wav,3.185,100.87530230342647,True,blend_agree
praat_reaper_b100_a0.5,phone_M1.wav,3.195,101.22740516999298,True,blend_agree
praat_reaper_b100_a0.5,phone_M1.wav,3.205,100.55224874957514,True,blend_agree
praat_reaper_b100_a0.5,phone_M1.wav,3.215,99.78199588072096,True,blend_agree
praat_reaper_b100_a0.5,phone_M1.wav,3.225,98.98093970825967,True,blend_agree
praat_reaper_b100_a0.5,phone_M1.wav,3.235,98.60951993414159,True,blend_agree
praat_reaper_b100_a0.5,phone_M1.wav,3.245,99.31784977482455,True,blend_agree
praat_reaper_b100_a0.5,phone_M1.wav,3.255,101.24530924031139,True,blend_agree
praat_reaper_b100_a0.5,phone_M1.wav,3.265,108.70863284954537,True,blend_agree
praat_reaper_b100_a0.5,phone_M1.wav,3.275,111.03081854445398,True,blend_agree
praat_reaper_b100_a0.5,phone_M1.wav,3.285,110.58351630003392,True,praat_missing
praat_reaper_b100_a0.5,phone_M1.wav,3.295,0.0,False,unvoiced
praat_reaper_b100_a0.5,phone_M1.wav,3.305,0.0,False,unvoiced
praat_reaper_b100_a0.5,phone_M1.wav,3.315,0.0,False,unvoiced
praat_reaper_b100_a0.5,phone_M1.wav,3.325,0.0,False,unvoiced
praat_reaper_b100_a0.5,phone_M1.wav,3.335,0.0,False,unvoiced
praat_reaper_b100_a0.5,phone_M1.wav,3.345,0.0,False,unvoiced
praat_reaper_b100_a0.5,phone_M1.wav,3.355,0.0,False,unvoiced
praat_reaper_b100_a0.5,phone_M1.wav,3.365,0.0,False,unvoiced
praat_reaper_b100_a0.5,phone_M1.wav,3.375,0.0,False,unvoiced
praat_reaper_b100_a0.5,phone_M1.wav,3.385,0.0,False,unvoiced
praat_reaper_b100_a0.5,phone_M1.wav,3.395,0.0,False,unvoiced
praat_reaper_b100_a0.5,phone_M1.wav,3.405,0.0,False,unvoiced
praat_reaper_b100_a0.5,phone_M1.wav,3.415,0.0,False,unvoiced
praat_reaper_b100_a0.5,phone_M1.wav,3.425,0.0,False,unvoiced
praat_reaper_b100_a0.5,phone_M1.wav,3.435,0.0,False,unvoiced
praat_reaper_b100_a0.5,phone_M1.wav,3.445,141.8783415505278,True,praat_missing
praat_reaper_b100_a0.5,phone_M1.wav,3.455,123.30162034721516,True,praat_disagreement
praat_reaper_b100_a0.5,phone_M1.wav,3.465,116.48126053821915,True,blend_agree
praat_reaper_b100_a0.5,phone_M1.wav,3.475,111.0335913600212,True,blend_agree
praat_reaper_b100_a0.5,phone_M1.wav,3.485,108.34617942310014,True,blend_agree
praat_reaper_b100_a0.5,phone_M1.wav,3.495,105.45130617036484,True,blend_agree
praat_reaper_b100_a0.5,phone_M1.wav,3.505,102.78710018387689,True,blend_agree
praat_reaper_b100_a0.5,phone_M1.wav,3.515,101.90996019958574,True,praat_missing
praat_reaper_b100_a0.5,phone_M1.wav,3.525,0.0,False,unvoiced
praat_reaper_b100_a0.5,phone_M1.wav,3.535,0.0,False,unvoiced
praat_reaper_b100_a0.5,phone_M1.wav,3.545,0.0,False,unvoiced
praat_reaper_b100_a0.5,phone_M1.wav,3.555,0.0,False,unvoiced
praat_reaper_b100_a0.5,phone_M1.wav,3.565,0.0,False,unvoiced
praat_reaper_b100_a0.5,phone_M1.wav,3.575,0.0,False,unvoiced
praat_reaper_b100_a0.5,phone_M1.wav,3.585,0.0,False,unvoiced
praat_reaper_b100_a0.5,phone_M1.wav,3.595,0.0,False,unvoiced
praat_reaper_b100_a0.5,phone_M1.wav,3.605,0.0,False,unvoiced
praat_reaper_b100_a0.5,phone_M1.wav,3.615,0.0,False,unvoiced
praat_reaper_b100_a0.5,phone_M1.wav,3.625,0.0,False,unvoiced
praat_reaper_b100_a0.5,phone_M1.wav,3.635,0.0,False,unvoiced
praat_reaper_b100_a0.5,phone_M1.wav,3.645,0.0,False,unvoiced
praat_reaper_b100_a0.5,phone_M1.wav,3.655,0.0,False,unvoiced
praat_reaper_b100_a0.5,phone_M1.wav,3.665,0.0,False,unvoiced
praat_reaper_b100_a0.5,phone_M1.wav,3.675,0.0,False,unvoiced
praat_reaper_b100_a0.5,phone_M1.wav,3.685,0.0,False,unvoiced
praat_reaper_b100_a0.5,phone_M1.wav,3.695,0.0,False,unvoiced
praat_reaper_b100_a0.5,phone_M1.wav,3.705,0.0,False,unvoiced
praat_reaper_b100_a0.5,phone_M1.wav,3.715,0.0,False,unvoiced
praat_reaper_b100_a0.5,phone_M1.wav,3.725,0.0,False,unvoiced
praat_reaper_b100_a0.5,phone_M1.wav,3.735,0.0,False,unvoiced
praat_reaper_b100_a0.5,phone_M1.wav,3.745,0.0,False,unvoiced
praat_reaper_b100_a0.5,phone_M1.wav,3.755,0.0,False,unvoiced
praat_reaper_b100_a0.5,phone_M1.wav,3.765,0.0,False,unvoiced
praat_reaper_b100_a0.5,phone_M1.wav,3.775,0.0,False,unvoiced
praat_reaper_b100_a0.5,phone_M1.wav,3.785,0.0,False,unvoiced
praat_reaper_b100_a0.5,phone_M1.wav,3.795,0.0,False,unvoiced
praat_reaper_b100_a0.5,phone_M1.wav,3.805,0.0,False,unvoiced
praat_reaper_b100_a0.5,phone_M1.wav,3.815,0.0,False,unvoiced
praat_reaper_b100_a0.5,phone_M1.wav,3.825,0.0,False,unvoiced
praat_reaper_b100_a0.5,phone_M1.wav,3.835,0.0,False,unvoiced
praat_reaper_b100_a0.5,phone_M1.wav,3.845,0.0,False,unvoiced
praat_reaper_b100_a0.5,phone_M1.wav,3.855,0.0,False,unvoiced
praat_reaper_b100_a0.5,phone_M1.wav,3.865,0.0,False,unvoiced
praat_reaper_b100_a0.5,phone_M1.wav,3.875,0.0,False,unvoiced
praat_reaper_b100_a0.5,phone_M1.wav,3.885,0.0,False,unvoiced
praat_reaper_b100_a0.5,phone_M1.wav,3.895,0.0,False,unvoiced
praat_reaper_b100_a0.5,phone_M1.wav,3.905,0.0,False,unvoiced
praat_reaper_b100_a0.5,phone_M1.wav,3.915,0.0,False,unvoiced
praat_reaper_b100_a0.5,phone_M1.wav,3.925,0.0,False,unvoiced
praat_reaper_b100_a0.5,phone_M1.wav,3.935,0.0,False,unvoiced
praat_reaper_b100_a0.5,phone_M1.wav,3.945,0.0,False,unvoiced
praat_reaper_b100_a0.5,phone_M1.wav,3.955,0.0,False,unvoiced
praat_reaper_b100_a0.5,phone_M1.wav,3.965,0.0,False,unvoiced
praat_reaper_b100_a0.5,phone_M1.wav,3.975,0.0,False,unvoiced
praat_reaper_b100_a0.5,phone_M1.wav,3.985,0.0,False,unvoiced
praat_reaper_b100_a0.5,phone_M1.wav,3.995,0.0,False,unvoiced
praat_reaper_b100_a0.5,phone_M1.wav,4.005,0.0,False,unvoiced
praat_reaper_b100_a0.5,phone_M1.wav,4.015000000000001,0.0,False,unvoiced
praat_reaper_b100_a0.5,phone_M1.wav,4.025,0.0,False,unvoiced
praat_reaper_b100_a0.5,phone_M1.wav,4.035,0.0,False,unvoiced
praat_reaper_b100_a0.5,phone_M1.wav,4.045000000000001,0.0,False,unvoiced
praat_reaper_b100_a0.5,phone_M1.wav,4.055000000000001,0.0,False,unvoiced
praat_reaper_b100_a0.5,phone_M1.wav,4.065,0.0,False,unvoiced
praat_reaper_b100_a0.5,phone_M1.wav,4.075,0.0,False,unvoiced
praat_reaper_b100_a0.5,phone_M1.wav,4.085000000000001,0.0,False,unvoiced
praat_reaper_b100_a0.5,phone_M1.wav,4.095000000000001,0.0,False,unvoiced
praat_reaper_b100_a0.5,phone_M1.wav,4.105,0.0,False,unvoiced
praat_reaper_b100_a0.5,phone_M1.wav,4.115,0.0,False,unvoiced
praat_reaper_b100_a0.5,phone_M1.wav,4.125,0.0,False,unvoiced
praat_reaper_b100_a0.5,phone_M1.wav,4.135000000000001,0.0,False,unvoiced
praat_reaper_b100_a1,phone_M1.wav,0.025,0.0,False,unvoiced
praat_reaper_b100_a1,phone_M1.wav,0.035,0.0,False,unvoiced
praat_reaper_b100_a1,phone_M1.wav,0.045,0.0,False,unvoiced
praat_reaper_b100_a1,phone_M1.wav,0.055,0.0,False,unvoiced
praat_reaper_b100_a1,phone_M1.wav,0.065,0.0,False,unvoiced
praat_reaper_b100_a1,phone_M1.wav,0.075,0.0,False,unvoiced
praat_reaper_b100_a1,phone_M1.wav,0.085,0.0,False,unvoiced
praat_reaper_b100_a1,phone_M1.wav,0.095,0.0,False,unvoiced
praat_reaper_b100_a1,phone_M1.wav,0.105,0.0,False,unvoiced
praat_reaper_b100_a1,phone_M1.wav,0.115,0.0,False,unvoiced
praat_reaper_b100_a1,phone_M1.wav,0.125,0.0,False,unvoiced
praat_reaper_b100_a1,phone_M1.wav,0.135,0.0,False,unvoiced
praat_reaper_b100_a1,phone_M1.wav,0.145,0.0,False,unvoiced
praat_reaper_b100_a1,phone_M1.wav,0.155,0.0,False,unvoiced
praat_reaper_b100_a1,phone_M1.wav,0.165,0.0,False,unvoiced
praat_reaper_b100_a1,phone_M1.wav,0.175,0.0,False,unvoiced
praat_reaper_b100_a1,phone_M1.wav,0.185,0.0,False,unvoiced
praat_reaper_b100_a1,phone_M1.wav,0.195,0.0,False,unvoiced
praat_reaper_b100_a1,phone_M1.wav,0.205,0.0,False,unvoiced
praat_reaper_b100_a1,phone_M1.wav,0.215,0.0,False,unvoiced
praat_reaper_b100_a1,phone_M1.wav,0.225,0.0,False,unvoiced
praat_reaper_b100_a1,phone_M1.wav,0.235,0.0,False,unvoiced
praat_reaper_b100_a1,phone_M1.wav,0.245,0.0,False,unvoiced
praat_reaper_b100_a1,phone_M1.wav,0.255,0.0,False,unvoiced
praat_reaper_b100_a1,phone_M1.wav,0.265,0.0,False,unvoiced
praat_reaper_b100_a1,phone_M1.wav,0.275,0.0,False,unvoiced
praat_reaper_b100_a1,phone_M1.wav,0.285,0.0,False,unvoiced
praat_reaper_b100_a1,phone_M1.wav,0.295,0.0,False,unvoiced
praat_reaper_b100_a1,phone_M1.wav,0.305,0.0,False,unvoiced
praat_reaper_b100_a1,phone_M1.wav,0.315,0.0,False,unvoiced
praat_reaper_b100_a1,phone_M1.wav,0.325,0.0,False,unvoiced
praat_reaper_b100_a1,phone_M1.wav,0.335,0.0,False,unvoiced
praat_reaper_b100_a1,phone_M1.wav,0.345,0.0,False,unvoiced
praat_reaper_b100_a1,phone_M1.wav,0.355,0.0,False,unvoiced
praat_reaper_b100_a1,phone_M1.wav,0.365,0.0,False,unvoiced
praat_reaper_b100_a1,phone_M1.wav,0.375,0.0,False,unvoiced
praat_reaper_b100_a1,phone_M1.wav,0.385,0.0,False,unvoiced
praat_reaper_b100_a1,phone_M1.wav,0.395,0.0,False,unvoiced
praat_reaper_b100_a1,phone_M1.wav,0.405,0.0,False,unvoiced
praat_reaper_b100_a1,phone_M1.wav,0.415,0.0,False,unvoiced
praat_reaper_b100_a1,phone_M1.wav,0.425,0.0,False,unvoiced
praat_reaper_b100_a1,phone_M1.wav,0.435,0.0,False,unvoiced
praat_reaper_b100_a1,phone_M1.wav,0.445,0.0,False,unvoiced
praat_reaper_b100_a1,phone_M1.wav,0.455,0.0,False,unvoiced
praat_reaper_b100_a1,phone_M1.wav,0.465,0.0,False,unvoiced
praat_reaper_b100_a1,phone_M1.wav,0.475,138.9088485650244,True,praat_missing
praat_reaper_b100_a1,phone_M1.wav,0.485,136.75213623046875,True,reaper_agree
praat_reaper_b100_a1,phone_M1.wav,0.495,135.5932159423828,True,reaper_agree
praat_reaper_b100_a1,phone_M1.wav,0.505,136.75213623046875,True,reaper_agree
praat_reaper_b100_a1,phone_M1.wav,0.515,135.5932159423828,True,reaper_agree
praat_reaper_b100_a1,phone_M1.wav,0.525,134.4537811279297,True,reaper_agree
praat_reaper_b100_a1,phone_M1.wav,0.535,134.4537811279297,True,reaper_agree
praat_reaper_b100_a1,phone_M1.wav,0.545,135.5932159423828,True,reaper_agree
praat_reaper_b100_a1,phone_M1.wav,0.555,136.75213623046875,True,reaper_agree
praat_reaper_b100_a1,phone_M1.wav,0.565,135.5932159423828,True,reaper_agree
praat_reaper_b100_a1,phone_M1.wav,0.575,135.5932159423828,True,reaper_agree
praat_reaper_b100_a1,phone_M1.wav,0.585,136.75213623046875,True,reaper_agree
praat_reaper_b100_a1,phone_M1.wav,0.595,136.75213623046875,True,reaper_agree
praat_reaper_b100_a1,phone_M1.wav,0.605,137.9310302734375,True,reaper_agree
praat_reaper_b100_a1,phone_M1.wav,0.615,137.9310302734375,True,reaper_agree
praat_reaper_b100_a1,phone_M1.wav,0.625,139.13043212890625,True,reaper_agree
praat_reaper_b100_a1,phone_M1.wav,0.635,139.13043212890625,True,reaper_agree
praat_reaper_b100_a1,phone_M1.wav,0.645,139.13043212890625,True,reaper_agree
praat_reaper_b100_a1,phone_M1.wav,0.655,136.75213623046875,True,reaper_agree
praat_reaper_b100_a1,phone_M1.wav,0.665,135.5932159423828,True,reaper_agree
praat_reaper_b100_a1,phone_M1.wav,0.675,133.3333282470703,True,reaper_agree
praat_reaper_b100_a1,phone_M1.wav,0.685,131.1475372314453,True,reaper_agree
praat_reaper_b100_a1,phone_M1.wav,0.695,131.1475372314453,True,reaper_agree
praat_reaper_b100_a1,phone_M1.wav,0.705,128.0,True,reaper_agree
praat_reaper_b100_a1,phone_M1.wav,0.715,126.98412322998047,True,reaper_agree
praat_reaper_b100_a1,phone_M1.wav,0.725,125.0,True,reaper_agree
praat_reaper_b100_a1,phone_M1.wav,0.735,124.031005859375,True,reaper_agree
praat_reaper_b100_a1,phone_M1.wav,0.745,122.13740539550781,True,reaper_agree
praat_reaper_b100_a1,phone_M1.wav,0.755,120.30075073242188,True,reaper_agree
praat_reaper_b100_a1,phone_M1.wav,0.765,118.51851654052734,True,reaper_agree
praat_reaper_b100_a1,phone_M1.wav,0.775,117.64705657958984,True,reaper_agree
praat_reaper_b100_a1,phone_M1.wav,0.785,116.78832244873047,True,reaper_agree
praat_reaper_b100_a1,phone_M1.wav,0.795,115.94203186035156,True,reaper_agree
praat_reaper_b100_a1,phone_M1.wav,0.805,114.28571319580078,True,reaper_agree
praat_reaper_b100_a1,phone_M1.wav,0.815,109.58904266357422,True,reaper_agree
praat_reaper_b100_a1,phone_M1.wav,0.825,116.78832244873047,True,reaper_agree
praat_reaper_b100_a1,phone_M1.wav,0.835,115.94203186035156,True,reaper_agree
praat_reaper_b100_a1,phone_M1.wav,0.845,116.78832244873047,True,reaper_agree
praat_reaper_b100_a1,phone_M1.wav,0.855,117.64705657958984,True,reaper_agree
praat_reaper_b100_a1,phone_M1.wav,0.865,119.40298461914062,True,reaper_agree
praat_reaper_b100_a1,phone_M1.wav,0.875,121.21212005615234,True,reaper_agree
praat_reaper_b100_a1,phone_M1.wav,0.885,123.07691955566406,True,reaper_agree
praat_reaper_b100_a1,phone_M1.wav,0.895,124.031005859375,True,reaper_agree
praat_reaper_b100_a1,phone_M1.wav,0.905,124.031005859375,True,reaper_agree
praat_reaper_b100_a1,phone_M1.wav,0.915,131.1475372314453,True,reaper_agree
praat_reaper_b100_a1,phone_M1.wav,0.925,131.1475372314453,True,reaper_agree
praat_reaper_b100_a1,phone_M1.wav,0.935,135.5932159423828,True,reaper_agree
praat_reaper_b100_a1,phone_M1.wav,0.945,135.5932159423828,True,reaper_agree
praat_reaper_b100_a1,phone_M1.wav,0.955,137.9310302734375,True,reaper_agree
praat_reaper_b100_a1,phone_M1.wav,0.965,141.59292602539062,True,reaper_agree
praat_reaper_b100_a1,phone_M1.wav,0.975,141.59292602539062,True,reaper_agree
praat_reaper_b100_a1,phone_M1.wav,0.985,144.14414978027344,True,reaper_agree
praat_reaper_b100_a1,phone_M1.wav,0.995,142.85714721679688,True,reaper_agree
praat_reaper_b100_a1,phone_M1.wav,1.005,142.85714721679688,True,reaper_agree
praat_reaper_b100_a1,phone_M1.wav,1.015,148.1481475830078,True,reaper_agree
praat_reaper_b100_a1,phone_M1.wav,1.025,148.1481475830078,True,reaper_agree
praat_reaper_b100_a1,phone_M1.wav,1.035,148.1481475830078,True,reaper_agree
praat_reaper_b100_a1,phone_M1.wav,1.045,149.53271484375,True,reaper_agree
praat_reaper_b100_a1,phone_M1.wav,1.055,149.53271484375,True,reaper_agree
praat_reaper_b100_a1,phone_M1.wav,1.065,149.53271484375,True,reaper_agree
praat_reaper_b100_a1,phone_M1.wav,1.075,148.1481475830078,True,reaper_agree
praat_reaper_b100_a1,phone_M1.wav,1.085,146.7889862060547,True,reaper_agree
praat_reaper_b100_a1,phone_M1.wav,1.095,144.14414978027344,True,reaper_agree
praat_reaper_b100_a1,phone_M1.wav,1.105,140.3508758544922,True,reaper_agree
praat_reaper_b100_a1,phone_M1.wav,1.115,139.13043212890625,True,reaper_agree
praat_reaper_b100_a1,phone_M1.wav,1.125,136.75213623046875,True,reaper_agree
praat_reaper_b100_a1,phone_M1.wav,1.135,146.7889862060547,True,reaper_agree
praat_reaper_b100_a1,phone_M1.wav,1.145,150.94338989257812,True,reaper_agree
praat_reaper_b100_a1,phone_M1.wav,1.155,153.84616088867188,True,reaper_agree
praat_reaper_b100_a1,phone_M1.wav,1.165,153.84616088867188,True,reaper_agree
praat_reaper_b100_a1,phone_M1.wav,1.175,153.84616088867188,True,reaper_agree
praat_reaper_b100_a1,phone_M1.wav,1.185,153.84616088867188,True,reaper_agree
praat_reaper_b100_a1,phone_M1.wav,1.195,153.84616088867188,True,reaper_agree
praat_reaper_b100_a1,phone_M1.wav,1.205,152.38095092773438,True,reaper_agree
praat_reaper_b100_a1,phone_M1.wav,1.215,144.14414978027344,True,reaper_agree
praat_reaper_b100_a1,phone_M1.wav,1.225,150.94338989257812,True,reaper_agree
praat_reaper_b100_a1,phone_M1.wav,1.235,152.38095092773438,True,reaper_agree
praat_reaper_b100_a1,phone_M1.wav,1.245,155.33981323242188,True,reaper_agree
praat_reaper_b100_a1,phone_M1.wav,1.255,155.33981323242188,True,reaper_agree
praat_reaper_b100_a1,phone_M1.wav,1.265,156.8627471923828,True,reaper_agree
praat_reaper_b100_a1,phone_M1.wav,1.275,155.33981323242188,True,reaper_agree
praat_reaper_b100_a1,phone_M1.wav,1.285,155.33981323242188,True,reaper_agree
praat_reaper_b100_a1,phone_M1.wav,1.295,153.84616088867188,True,reaper_agree
praat_reaper_b100_a1,phone_M1.wav,1.305,152.38095092773438,True,reaper_agree
praat_reaper_b100_a1,phone_M1.wav,1.315,153.84616088867188,True,reaper_agree
praat_reaper_b100_a1,phone_M1.wav,1.325,150.94338989257812,True,reaper_agree
praat_reaper_b100_a1,phone_M1.wav,1.335,155.33981323242188,True,reaper_agree
praat_reaper_b100_a1,phone_M1.wav,1.345,152.38095092773438,True,reaper_agree
praat_reaper_b100_a1,phone_M1.wav,1.355,155.33981323242188,True,reaper_agree
praat_reaper_b100_a1,phone_M1.wav,1.365,153.84616088867188,True,reaper_agree
praat_reaper_b100_a1,phone_M1.wav,1.375,147.17615172954223,True,praat_missing
praat_reaper_b100_a1,phone_M1.wav,1.385,146.74995771436363,True,praat_missing
praat_reaper_b100_a1,phone_M1.wav,1.395,0.0,False,unvoiced
praat_reaper_b100_a1,phone_M1.wav,1.405,0.0,False,unvoiced
praat_reaper_b100_a1,phone_M1.wav,1.415,0.0,False,unvoiced
praat_reaper_b100_a1,phone_M1.wav,1.425,0.0,False,unvoiced
praat_reaper_b100_a1,phone_M1.wav,1.435,0.0,False,unvoiced
praat_reaper_b100_a1,phone_M1.wav,1.445,0.0,False,unvoiced
praat_reaper_b100_a1,phone_M1.wav,1.455,0.0,False,unvoiced
praat_reaper_b100_a1,phone_M1.wav,1.465,0.0,False,unvoiced
praat_reaper_b100_a1,phone_M1.wav,1.475,0.0,False,unvoiced
praat_reaper_b100_a1,phone_M1.wav,1.485,0.0,False,unvoiced
praat_reaper_b100_a1,phone_M1.wav,1.495,0.0,False,unvoiced
praat_reaper_b100_a1,phone_M1.wav,1.505,119.77441795223503,True,praat_missing
praat_reaper_b100_a1,phone_M1.wav,1.515,114.28571319580078,True,reaper_agree
praat_reaper_b100_a1,phone_M1.wav,1.525,114.28571319580078,True,reaper_agree
praat_reaper_b100_a1,phone_M1.wav,1.535,115.10791015625,True,reaper_agree
praat_reaper_b100_a1,phone_M1.wav,1.545,114.28571319580078,True,reaper_agree
praat_reaper_b100_a1,phone_M1.wav,1.555,114.28571319580078,True,reaper_agree
praat_reaper_b100_a1,phone_M1.wav,1.565,112.67605590820312,True,reaper_agree
praat_reaper_b100_a1,phone_M1.wav,1.575,112.67605590820312,True,reaper_agree
praat_reaper_b100_a1,phone_M1.wav,1.585,109.58904266357422,True,reaper_agree
praat_reaper_b100_a1,phone_M1.wav,1.595,108.84353637695312,True,reaper_agree
praat_reaper_b100_a1,phone_M1.wav,1.605,111.88811492919922,True,reaper_agree
praat_reaper_b100_a1,phone_M1.wav,1.615,110.3448257446289,True,reaper_agree
praat_reaper_b100_a1,phone_M1.wav,1.625,108.10810852050781,True,reaper_agree
praat_reaper_b100_a1,phone_M1.wav,1.635,106.66666412353516,True,reaper_agree
praat_reaper_b100_a1,phone_M1.wav,1.645,107.38255310058594,True,reaper_agree
praat_reaper_b100_a1,phone_M1.wav,1.655,109.58904266357422,True,reaper_agree
praat_reaper_b100_a1,phone_M1.wav,1.665,108.84353637695312,True,reaper_agree
praat_reaper_b100_a1,phone_M1.wav,1.675,112.67605590820312,True,reaper_agree
praat_reaper_b100_a1,phone_M1.wav,1.685,110.3448257446289,True,reaper_agree
praat_reaper_b100_a1,phone_M1.wav,1.695,108.57573437140464,True,praat_missing
praat_reaper_b100_a1,phone_M1.wav,1.705,0.0,False,unvoiced
praat_reaper_b100_a1,phone_M1.wav,1.715,0.0,False,unvoiced
praat_reaper_b100_a1,phone_M1.wav,1.725,0.0,False,unvoiced
praat_reaper_b100_a1,phone_M1.wav,1.735,0.0,False,unvoiced
praat_reaper_b100_a1,phone_M1.wav,1.745,0.0,False,unvoiced
praat_reaper_b100_a1,phone_M1.wav,1.755,0.0,False,unvoiced
praat_reaper_b100_a1,phone_M1.wav,1.765,0.0,False,unvoiced
praat_reaper_b100_a1,phone_M1.wav,1.775,0.0,False,unvoiced
praat_reaper_b100_a1,phone_M1.wav,1.785,0.0,False,unvoiced
praat_reaper_b100_a1,phone_M1.wav,1.795,125.26892670469007,True,praat_missing
praat_reaper_b100_a1,phone_M1.wav,1.805,124.031005859375,True,reaper_agree
praat_reaper_b100_a1,phone_M1.wav,1.815,120.30075073242188,True,reaper_agree
praat_reaper_b100_a1,phone_M1.wav,1.825,121.21212005615234,True,reaper_agree
praat_reaper_b100_a1,phone_M1.wav,1.835,120.30075073242188,True,reaper_agree
praat_reaper_b100_a1,phone_M1.wav,1.845,120.30075073242188,True,reaper_agree
praat_reaper_b100_a1,phone_M1.wav,1.855,118.51851654052734,True,reaper_agree
praat_reaper_b100_a1,phone_M1.wav,1.865,117.64705657958984,True,reaper_agree
praat_reaper_b100_a1,phone_M1.wav,1.875,116.78832244873047,True,reaper_agree
praat_reaper_b100_a1,phone_M1.wav,1.885,111.88811492919922,True,reaper_agree
praat_reaper_b100_a1,phone_M1.wav,1.895,111.11111450195312,True,reaper_agree
praat_reaper_b100_a1,phone_M1.wav,1.905,110.3448257446289,True,reaper_agree
praat_reaper_b100_a1,phone_M1.wav,1.915,108.84353637695312,True,reaper_agree
praat_reaper_b100_a1,phone_M1.wav,1.925,105.96026611328125,True,reaper_agree
praat_reaper_b100_a1,phone_M1.wav,1.935,103.2258071899414,True,reaper_agree
praat_reaper_b100_a1,phone_M1.wav,1.945,100.6289291381836,True,reaper_agree
praat_reaper_b100_a1,phone_M1.wav,1.955,98.15950775146484,True,reaper_agree
praat_reaper_b100_a1,phone_M1.wav,1.965,98.23384796638572,True,praat_disagreement
praat_reaper_b100_a1,phone_M1.wav,1.975,0.0,False,unvoiced
praat_reaper_b100_a1,phone_M1.wav,1.985,0.0,False,unvoiced
praat_reaper_b100_a1,phone_M1.wav,1.995,0.0,False,unvoiced
praat_reaper_b100_a1,phone_M1.wav,2.005,0.0,False,unvoiced
praat_reaper_b100_a1,phone_M1.wav,2.015,0.0,False,unvoiced
praat_reaper_b100_a1,phone_M1.wav,2.025,102.56410217285156,True,reaper_agree
praat_reaper_b100_a1,phone_M1.wav,2.035,100.6289291381836,True,reaper_agree
praat_reaper_b100_a1,phone_M1.wav,2.045,100.6289291381836,True,reaper_agree
praat_reaper_b100_a1,phone_M1.wav,2.055,103.2258071899414,True,reaper_agree
praat_reaper_b100_a1,phone_M1.wav,2.065,96.7313529725541,True,praat_disagreement
praat_reaper_b100_a1,phone_M1.wav,2.075,103.94125369514332,True,praat_disagreement
praat_reaper_b100_a1,phone_M1.wav,2.085,110.3448257446289,True,reaper_agree
praat_reaper_b100_a1,phone_M1.wav,2.095,107.38255310058594,True,reaper_agree
praat_reaper_b100_a1,phone_M1.wav,2.105,107.38255310058594,True,reaper_agree
praat_reaper_b100_a1,phone_M1.wav,2.115,109.58904266357422,True,reaper_agree
praat_reaper_b100_a1,phone_M1.wav,2.125,109.58904266357422,True,reaper_agree
praat_reaper_b100_a1,phone_M1.wav,2.135,110.3448257446289,True,reaper_agree
praat_reaper_b100_a1,phone_M1.wav,2.145,116.78832244873047,True,reaper_agree
praat_reaper_b100_a1,phone_M1.wav,2.155,121.21212005615234,True,reaper_agree
praat_reaper_b100_a1,phone_M1.wav,2.165,120.30075073242188,True,reaper_agree
praat_reaper_b100_a1,phone_M1.wav,2.175,124.031005859375,True,reaper_agree
praat_reaper_b100_a1,phone_M1.wav,2.185,123.07691955566406,True,reaper_agree
praat_reaper_b100_a1,phone_M1.wav,2.195,123.07691955566406,True,reaper_agree
praat_reaper_b100_a1,phone_M1.wav,2.205,121.21212005615234,True,reaper_agree
praat_reaper_b100_a1,phone_M1.wav,2.215,120.30075073242188,True,reaper_agree
praat_reaper_b100_a1,phone_M1.wav,2.225,120.30075073242188,True,reaper_agree
praat_reaper_b100_a1,phone_M1.wav,2.235,118.51851654052734,True,reaper_agree
praat_reaper_b100_a1,phone_M1.wav,2.245,117.64705657958984,True,reaper_agree
praat_reaper_b100_a1,phone_M1.wav,2.255,116.78832244873047,True,reaper_agree
praat_reaper_b100_a1,phone_M1.wav,2.265,115.10791015625,True,reaper_agree
praat_reaper_b100_a1,phone_M1.wav,2.275,115.10791015625,True,reaper_agree
praat_reaper_b100_a1,phone_M1.wav,2.285,113.47517395019531,True,reaper_agree
praat_reaper_b100_a1,phone_M1.wav,2.295,113.47517395019531,True,reaper_agree
praat_reaper_b100_a1,phone_M1.wav,2.305,111.88811492919922,True,reaper_agree
praat_reaper_b100_a1,phone_M1.wav,2.315,111.88811492919922,True,reaper_agree
praat_reaper_b100_a1,phone_M1.wav,2.325,109.58904266357422,True,reaper_agree
praat_reaper_b100_a1,phone_M1.wav,2.335,109.58904266357422,True,reaper_agree
praat_reaper_b100_a1,phone_M1.wav,2.345,111.11111450195312,True,reaper_agree
praat_reaper_b100_a1,phone_M1.wav,2.355,111.11111450195312,True,reaper_agree
praat_reaper_b100_a1,phone_M1.wav,2.365,111.88811492919922,True,reaper_agree
praat_reaper_b100_a1,phone_M1.wav,2.375,111.88811492919922,True,reaper_agree
praat_reaper_b100_a1,phone_M1.wav,2.385,114.28571319580078,True,reaper_agree
praat_reaper_b100_a1,phone_M1.wav,2.395,115.94203186035156,True,reaper_agree
praat_reaper_b100_a1,phone_M1.wav,2.405,111.88811492919922,True,reaper_agree
praat_reaper_b100_a1,phone_M1.wav,2.415,121.21212005615234,True,reaper_agree
praat_reaper_b100_a1,phone_M1.wav,2.425,125.9842529296875,True,reaper_agree
praat_reaper_b100_a1,phone_M1.wav,2.435,125.9842529296875,True,reaper_agree
praat_reaper_b100_a1,phone_M1.wav,2.445,124.031005859375,True,reaper_agree
praat_reaper_b100_a1,phone_M1.wav,2.455,130.081298828125,True,reaper_agree
praat_reaper_b100_a1,phone_M1.wav,2.465,125.9842529296875,True,reaper_agree
praat_reaper_b100_a1,phone_M1.wav,2.475,123.07691955566406,True,reaper_agree
praat_reaper_b100_a1,phone_M1.wav,2.485,121.21212005615234,True,reaper_agree
praat_reaper_b100_a1,phone_M1.wav,2.495,123.07691955566406,True,reaper_agree
praat_reaper_b100_a1,phone_M1.wav,2.505,109.58904266357422,True,reaper_agree
praat_reaper_b100_a1,phone_M1.wav,2.515,111.11111450195312,True,reaper_agree
praat_reaper_b100_a1,phone_M1.wav,2.525,111.11111450195312,True,reaper_agree
praat_reaper_b100_a1,phone_M1.wav,2.535,111.11111450195312,True,reaper_agree
praat_reaper_b100_a1,phone_M1.wav,2.545,111.11111450195312,True,reaper_agree
praat_reaper_b100_a1,phone_M1.wav,2.555,109.58904266357422,True,reaper_agree
praat_reaper_b100_a1,phone_M1.wav,2.565,109.58904266357422,True,reaper_agree
praat_reaper_b100_a1,phone_M1.wav,2.575,108.84353637695312,True,reaper_agree
praat_reaper_b100_a1,phone_M1.wav,2.585,108.84353637695312,True,reaper_agree
praat_reaper_b100_a1,phone_M1.wav,2.595,105.2631607055664,True,reaper_agree
praat_reaper_b100_a1,phone_M1.wav,2.605,105.2631607055664,True,reaper_agree
praat_reaper_b100_a1,phone_M1.wav,2.615,103.2258071899414,True,reaper_agree
praat_reaper_b100_a1,phone_M1.wav,2.625,103.2258071899414,True,reaper_agree
praat_reaper_b100_a1,phone_M1.wav,2.635,104.57516479492188,True,reaper_agree
praat_reaper_b100_a1,phone_M1.wav,2.645,104.57516479492188,True,reaper_agree
praat_reaper_b100_a1,phone_M1.wav,2.655,106.66666412353516,True,reaper_agree
praat_reaper_b100_a1,phone_M1.wav,2.665,103.2258071899414,True,reaper_agree
praat_reaper_b100_a1,phone_M1.wav,2.675,102.56410217285156,True,reaper_agree
praat_reaper_b100_a1,phone_M1.wav,2.685,104.57516479492188,True,reaper_agree
praat_reaper_b100_a1,phone_M1.wav,2.695,103.2258071899414,True,reaper_agree
praat_reaper_b100_a1,phone_M1.wav,2.705,104.57516479492188,True,reaper_agree
praat_reaper_b100_a1,phone_M1.wav,2.715,112.67605590820312,True,reaper_agree
praat_reaper_b100_a1,phone_M1.wav,2.725,0.0,False,unvoiced
praat_reaper_b100_a1,phone_M1.wav,2.735,0.0,False,unvoiced
praat_reaper_b100_a1,phone_M1.wav,2.745,0.0,False,unvoiced
praat_reaper_b100_a1,phone_M1.wav,2.755,0.0,False,unvoiced
praat_reaper_b100_a1,phone_M1.wav,2.765,0.0,False,unvoiced
praat_reaper_b100_a1,phone_M1.wav,2.775,0.0,False,unvoiced
praat_reaper_b100_a1,phone_M1.wav,2.785,0.0,False,unvoiced
praat_reaper_b100_a1,phone_M1.wav,2.795,0.0,False,unvoiced
praat_reaper_b100_a1,phone_M1.wav,2.805,0.0,False,unvoiced
praat_reaper_b100_a1,phone_M1.wav,2.815,0.0,False,unvoiced
praat_reaper_b100_a1,phone_M1.wav,2.825,0.0,False,unvoiced
praat_reaper_b100_a1,phone_M1.wav,2.835,0.0,False,unvoiced
praat_reaper_b100_a1,phone_M1.wav,2.845,0.0,False,unvoiced
praat_reaper_b100_a1,phone_M1.wav,2.855,0.0,False,unvoiced
praat_reaper_b100_a1,phone_M1.wav,2.865,0.0,False,unvoiced
praat_reaper_b100_a1,phone_M1.wav,2.875,131.1475372314453,True,reaper_agree
praat_reaper_b100_a1,phone_M1.wav,2.885,135.5932159423828,True,reaper_agree
praat_reaper_b100_a1,phone_M1.wav,2.895,134.4537811279297,True,reaper_agree
praat_reaper_b100_a1,phone_M1.wav,2.905,135.5932159423828,True,reaper_agree
praat_reaper_b100_a1,phone_M1.wav,2.915,135.5932159423828,True,reaper_agree
praat_reaper_b100_a1,phone_M1.wav,2.925,139.13043212890625,True,reaper_agree
praat_reaper_b100_a1,phone_M1.wav,2.935,0.0,False,unvoiced
praat_reaper_b100_a1,phone_M1.wav,2.945,0.0,False,unvoiced
praat_reaper_b100_a1,phone_M1.wav,2.955,0.0,False,unvoiced
praat_reaper_b100_a1,phone_M1.wav,2.965,0.0,False,unvoiced
praat_reaper_b100_a1,phone_M1.wav,2.975,0.0,False,unvoiced
praat_reaper_b100_a1,phone_M1.wav,2.985,0.0,False,unvoiced
praat_reaper_b100_a1,phone_M1.wav,2.995,0.0,False,unvoiced
praat_reaper_b100_a1,phone_M1.wav,3.005,0.0,False,unvoiced
praat_reaper_b100_a1,phone_M1.wav,3.015,0.0,False,unvoiced
praat_reaper_b100_a1,phone_M1.wav,3.025,0.0,False,unvoiced
praat_reaper_b100_a1,phone_M1.wav,3.035,0.0,False,unvoiced
praat_reaper_b100_a1,phone_M1.wav,3.045,0.0,False,unvoiced
praat_reaper_b100_a1,phone_M1.wav,3.055,0.0,False,unvoiced
praat_reaper_b100_a1,phone_M1.wav,3.065,0.0,False,unvoiced
praat_reaper_b100_a1,phone_M1.wav,3.075,0.0,False,unvoiced
praat_reaper_b100_a1,phone_M1.wav,3.085,0.0,False,unvoiced
praat_reaper_b100_a1,phone_M1.wav,3.095,0.0,False,unvoiced
praat_reaper_b100_a1,phone_M1.wav,3.105,104.06703203640188,True,praat_missing
praat_reaper_b100_a1,phone_M1.wav,3.115,100.0,True,reaper_agree
praat_reaper_b100_a1,phone_M1.wav,3.125,100.0,True,reaper_agree
praat_reaper_b100_a1,phone_M1.wav,3.135,91.95402526855469,True,reaper_agree
praat_reaper_b100_a1,phone_M1.wav,3.145,94.11764526367188,True,reaper_agree
praat_reaper_b100_a1,phone_M1.wav,3.155,94.11764526367188,True,reaper_agree
praat_reaper_b100_a1,phone_M1.wav,3.165,95.80838012695312,True,reaper_agree
praat_reaper_b100_a1,phone_M1.wav,3.175,96.38554382324219,True,reaper_agree
praat_reaper_b100_a1,phone_M1.wav,3.185,100.0,True,reaper_agree
praat_reaper_b100_a1,phone_M1.wav,3.195,101.26582336425781,True,reaper_agree
praat_reaper_b100_a1,phone_M1.wav,3.205,100.6289291381836,True,reaper_agree
praat_reaper_b100_a1,phone_M1.wav,3.215,100.0,True,reaper_agree
praat_reaper_b100_a1,phone_M1.wav,3.225,98.76543426513672,True,reaper_agree
praat_reaper_b100_a1,phone_M1.wav,3.235,98.15950775146484,True,reaper_agree
praat_reaper_b100_a1,phone_M1.wav,3.245,98.76543426513672,True,reaper_agree
praat_reaper_b100_a1,phone_M1.wav,3.255,100.6289291381836,True,reaper_agree
praat_reaper_b100_a1,phone_M1.wav,3.265,111.11111450195312,True,reaper_agree
praat_reaper_b100_a1,phone_M1.wav,3.275,111.11111450195312,True,reaper_agree
praat_reaper_b100_a1,phone_M1.wav,3.285,110.58351630003392,True,praat_missing
praat_reaper_b100_a1,phone_M1.wav,3.295,0.0,False,unvoiced
praat_reaper_b100_a1,phone_M1.wav,3.305,0.0,False,unvoiced
praat_reaper_b100_a1,phone_M1.wav,3.315,0.0,False,unvoiced
praat_reaper_b100_a1,phone_M1.wav,3.325,0.0,False,unvoiced
praat_reaper_b100_a1,phone_M1.wav,3.335,0.0,False,unvoiced
praat_reaper_b100_a1,phone_M1.wav,3.345,0.0,False,unvoiced
praat_reaper_b100_a1,phone_M1.wav,3.355,0.0,False,unvoiced
praat_reaper_b100_a1,phone_M1.wav,3.365,0.0,False,unvoiced
praat_reaper_b100_a1,phone_M1.wav,3.375,0.0,False,unvoiced
praat_reaper_b100_a1,phone_M1.wav,3.385,0.0,False,unvoiced
praat_reaper_b100_a1,phone_M1.wav,3.395,0.0,False,unvoiced
praat_reaper_b100_a1,phone_M1.wav,3.405,0.0,False,unvoiced
praat_reaper_b100_a1,phone_M1.wav,3.415,0.0,False,unvoiced
praat_reaper_b100_a1,phone_M1.wav,3.425,0.0,False,unvoiced
praat_reaper_b100_a1,phone_M1.wav,3.435,0.0,False,unvoiced
praat_reaper_b100_a1,phone_M1.wav,3.445,141.8783415505278,True,praat_missing
praat_reaper_b100_a1,phone_M1.wav,3.455,123.30162034721516,True,praat_disagreement
praat_reaper_b100_a1,phone_M1.wav,3.465,117.64705657958984,True,reaper_agree
praat_reaper_b100_a1,phone_M1.wav,3.475,110.3448257446289,True,reaper_agree
praat_reaper_b100_a1,phone_M1.wav,3.485,108.10810852050781,True,reaper_agree
praat_reaper_b100_a1,phone_M1.wav,3.495,105.2631607055664,True,reaper_agree
praat_reaper_b100_a1,phone_M1.wav,3.505,102.56410217285156,True,reaper_agree
praat_reaper_b100_a1,phone_M1.wav,3.515,101.90996019958574,True,praat_missing
praat_reaper_b100_a1,phone_M1.wav,3.525,0.0,False,unvoiced
praat_reaper_b100_a1,phone_M1.wav,3.535,0.0,False,unvoiced
praat_reaper_b100_a1,phone_M1.wav,3.545,0.0,False,unvoiced
praat_reaper_b100_a1,phone_M1.wav,3.555,0.0,False,unvoiced
praat_reaper_b100_a1,phone_M1.wav,3.565,0.0,False,unvoiced
praat_reaper_b100_a1,phone_M1.wav,3.575,0.0,False,unvoiced
praat_reaper_b100_a1,phone_M1.wav,3.585,0.0,False,unvoiced
praat_reaper_b100_a1,phone_M1.wav,3.595,0.0,False,unvoiced
praat_reaper_b100_a1,phone_M1.wav,3.605,0.0,False,unvoiced
praat_reaper_b100_a1,phone_M1.wav,3.615,0.0,False,unvoiced
praat_reaper_b100_a1,phone_M1.wav,3.625,0.0,False,unvoiced
praat_reaper_b100_a1,phone_M1.wav,3.635,0.0,False,unvoiced
praat_reaper_b100_a1,phone_M1.wav,3.645,0.0,False,unvoiced
praat_reaper_b100_a1,phone_M1.wav,3.655,0.0,False,unvoiced
praat_reaper_b100_a1,phone_M1.wav,3.665,0.0,False,unvoiced
praat_reaper_b100_a1,phone_M1.wav,3.675,0.0,False,unvoiced
praat_reaper_b100_a1,phone_M1.wav,3.685,0.0,False,unvoiced
praat_reaper_b100_a1,phone_M1.wav,3.695,0.0,False,unvoiced
praat_reaper_b100_a1,phone_M1.wav,3.705,0.0,False,unvoiced
praat_reaper_b100_a1,phone_M1.wav,3.715,0.0,False,unvoiced
praat_reaper_b100_a1,phone_M1.wav,3.725,0.0,False,unvoiced
praat_reaper_b100_a1,phone_M1.wav,3.735,0.0,False,unvoiced
praat_reaper_b100_a1,phone_M1.wav,3.745,0.0,False,unvoiced
praat_reaper_b100_a1,phone_M1.wav,3.755,0.0,False,unvoiced
praat_reaper_b100_a1,phone_M1.wav,3.765,0.0,False,unvoiced
praat_reaper_b100_a1,phone_M1.wav,3.775,0.0,False,unvoiced
praat_reaper_b100_a1,phone_M1.wav,3.785,0.0,False,unvoiced
praat_reaper_b100_a1,phone_M1.wav,3.795,0.0,False,unvoiced
praat_reaper_b100_a1,phone_M1.wav,3.805,0.0,False,unvoiced
praat_reaper_b100_a1,phone_M1.wav,3.815,0.0,False,unvoiced
praat_reaper_b100_a1,phone_M1.wav,3.825,0.0,False,unvoiced
praat_reaper_b100_a1,phone_M1.wav,3.835,0.0,False,unvoiced
praat_reaper_b100_a1,phone_M1.wav,3.845,0.0,False,unvoiced
praat_reaper_b100_a1,phone_M1.wav,3.855,0.0,False,unvoiced
praat_reaper_b100_a1,phone_M1.wav,3.865,0.0,False,unvoiced
praat_reaper_b100_a1,phone_M1.wav,3.875,0.0,False,unvoiced
praat_reaper_b100_a1,phone_M1.wav,3.885,0.0,False,unvoiced
praat_reaper_b100_a1,phone_M1.wav,3.895,0.0,False,unvoiced
praat_reaper_b100_a1,phone_M1.wav,3.905,0.0,False,unvoiced
praat_reaper_b100_a1,phone_M1.wav,3.915,0.0,False,unvoiced
praat_reaper_b100_a1,phone_M1.wav,3.925,0.0,False,unvoiced
praat_reaper_b100_a1,phone_M1.wav,3.935,0.0,False,unvoiced
praat_reaper_b100_a1,phone_M1.wav,3.945,0.0,False,unvoiced
praat_reaper_b100_a1,phone_M1.wav,3.955,0.0,False,unvoiced
praat_reaper_b100_a1,phone_M1.wav,3.965,0.0,False,unvoiced
praat_reaper_b100_a1,phone_M1.wav,3.975,0.0,False,unvoiced
praat_reaper_b100_a1,phone_M1.wav,3.985,0.0,False,unvoiced
praat_reaper_b100_a1,phone_M1.wav,3.995,0.0,False,unvoiced
praat_reaper_b100_a1,phone_M1.wav,4.005,0.0,False,unvoiced
praat_reaper_b100_a1,phone_M1.wav,4.015000000000001,0.0,False,unvoiced
praat_reaper_b100_a1,phone_M1.wav,4.025,0.0,False,unvoiced
praat_reaper_b100_a1,phone_M1.wav,4.035,0.0,False,unvoiced
praat_reaper_b100_a1,phone_M1.wav,4.045000000000001,0.0,False,unvoiced
praat_reaper_b100_a1,phone_M1.wav,4.055000000000001,0.0,False,unvoiced
praat_reaper_b100_a1,phone_M1.wav,4.065,0.0,False,unvoiced
praat_reaper_b100_a1,phone_M1.wav,4.075,0.0,False,unvoiced
praat_reaper_b100_a1,phone_M1.wav,4.085000000000001,0.0,False,unvoiced
praat_reaper_b100_a1,phone_M1.wav,4.095000000000001,0.0,False,unvoiced
praat_reaper_b100_a1,phone_M1.wav,4.105,0.0,False,unvoiced
praat_reaper_b100_a1,phone_M1.wav,4.115,0.0,False,unvoiced
praat_reaper_b100_a1,phone_M1.wav,4.125,0.0,False,unvoiced
praat_reaper_b100_a1,phone_M1.wav,4.135000000000001,0.0,False,unvoiced
praat_reaper_b200_a0.5,phone_M1.wav,0.025,0.0,False,unvoiced
praat_reaper_b200_a0.5,phone_M1.wav,0.035,0.0,False,unvoiced
praat_reaper_b200_a0.5,phone_M1.wav,0.045,0.0,False,unvoiced
praat_reaper_b200_a0.5,phone_M1.wav,0.055,0.0,False,unvoiced
praat_reaper_b200_a0.5,phone_M1.wav,0.065,0.0,False,unvoiced
praat_reaper_b200_a0.5,phone_M1.wav,0.075,0.0,False,unvoiced
praat_reaper_b200_a0.5,phone_M1.wav,0.085,0.0,False,unvoiced
praat_reaper_b200_a0.5,phone_M1.wav,0.095,0.0,False,unvoiced
praat_reaper_b200_a0.5,phone_M1.wav,0.105,0.0,False,unvoiced
praat_reaper_b200_a0.5,phone_M1.wav,0.115,0.0,False,unvoiced
praat_reaper_b200_a0.5,phone_M1.wav,0.125,0.0,False,unvoiced
praat_reaper_b200_a0.5,phone_M1.wav,0.135,0.0,False,unvoiced
praat_reaper_b200_a0.5,phone_M1.wav,0.145,0.0,False,unvoiced
praat_reaper_b200_a0.5,phone_M1.wav,0.155,0.0,False,unvoiced
praat_reaper_b200_a0.5,phone_M1.wav,0.165,0.0,False,unvoiced
praat_reaper_b200_a0.5,phone_M1.wav,0.175,0.0,False,unvoiced
praat_reaper_b200_a0.5,phone_M1.wav,0.185,0.0,False,unvoiced
praat_reaper_b200_a0.5,phone_M1.wav,0.195,0.0,False,unvoiced
praat_reaper_b200_a0.5,phone_M1.wav,0.205,0.0,False,unvoiced
praat_reaper_b200_a0.5,phone_M1.wav,0.215,0.0,False,unvoiced
praat_reaper_b200_a0.5,phone_M1.wav,0.225,0.0,False,unvoiced
praat_reaper_b200_a0.5,phone_M1.wav,0.235,0.0,False,unvoiced
praat_reaper_b200_a0.5,phone_M1.wav,0.245,0.0,False,unvoiced
praat_reaper_b200_a0.5,phone_M1.wav,0.255,0.0,False,unvoiced
praat_reaper_b200_a0.5,phone_M1.wav,0.265,0.0,False,unvoiced
praat_reaper_b200_a0.5,phone_M1.wav,0.275,0.0,False,unvoiced
praat_reaper_b200_a0.5,phone_M1.wav,0.285,0.0,False,unvoiced
praat_reaper_b200_a0.5,phone_M1.wav,0.295,0.0,False,unvoiced
praat_reaper_b200_a0.5,phone_M1.wav,0.305,0.0,False,unvoiced
praat_reaper_b200_a0.5,phone_M1.wav,0.315,0.0,False,unvoiced
praat_reaper_b200_a0.5,phone_M1.wav,0.325,0.0,False,unvoiced
praat_reaper_b200_a0.5,phone_M1.wav,0.335,0.0,False,unvoiced
praat_reaper_b200_a0.5,phone_M1.wav,0.345,0.0,False,unvoiced
praat_reaper_b200_a0.5,phone_M1.wav,0.355,0.0,False,unvoiced
praat_reaper_b200_a0.5,phone_M1.wav,0.365,0.0,False,unvoiced
praat_reaper_b200_a0.5,phone_M1.wav,0.375,0.0,False,unvoiced
praat_reaper_b200_a0.5,phone_M1.wav,0.385,0.0,False,unvoiced
praat_reaper_b200_a0.5,phone_M1.wav,0.395,0.0,False,unvoiced
praat_reaper_b200_a0.5,phone_M1.wav,0.405,0.0,False,unvoiced
praat_reaper_b200_a0.5,phone_M1.wav,0.415,0.0,False,unvoiced
praat_reaper_b200_a0.5,phone_M1.wav,0.425,0.0,False,unvoiced
praat_reaper_b200_a0.5,phone_M1.wav,0.435,0.0,False,unvoiced
praat_reaper_b200_a0.5,phone_M1.wav,0.445,0.0,False,unvoiced
praat_reaper_b200_a0.5,phone_M1.wav,0.455,0.0,False,unvoiced
praat_reaper_b200_a0.5,phone_M1.wav,0.465,0.0,False,unvoiced
praat_reaper_b200_a0.5,phone_M1.wav,0.475,138.9088485650244,True,praat_missing
praat_reaper_b200_a0.5,phone_M1.wav,0.485,136.84376394949507,True,blend_agree
praat_reaper_b200_a0.5,phone_M1.wav,0.495,135.96242445041312,True,blend_agree
praat_reaper_b200_a0.5,phone_M1.wav,0.505,136.5549551930037,True,blend_agree
praat_reaper_b200_a0.5,phone_M1.wav,0.515,135.66992352642964,True,blend_agree
praat_reaper_b200_a0.5,phone_M1.wav,0.525,134.59056316261814,True,blend_agree
praat_reaper_b200_a0.5,phone_M1.wav,0.535,134.65087794678317,True,blend_agree
praat_reaper_b200_a0.5,phone_M1.wav,0.545,135.89367389650175,True,blend_agree
praat_reaper_b200_a0.5,phone_M1.wav,0.555,137.22764255453137,True,blend_agree
praat_reaper_b200_a0.5,phone_M1.wav,0.565,136.62331674814865,True,blend_agree
praat_reaper_b200_a0.5,phone_M1.wav,0.575,136.36344256753063,True,blend_agree
praat_reaper_b200_a0.5,phone_M1.wav,0.585,137.22101364765484,True,blend_agree
praat_reaper_b200_a0.5,phone_M1.wav,0.595,137.30778845592022,True,blend_agree
praat_reaper_b200_a0.5,phone_M1.wav,0.605,138.13858242526499,True,blend_agree
praat_reaper_b200_a0.5,phone_M1.wav,0.615,138.39058110430855,True,blend_agree
praat_reaper_b200_a0.5,phone_M1.wav,0.625,139.32235872497208,True,blend_agree
praat_reaper_b200_a0.5,phone_M1.wav,0.635,139.55201173576626,True,blend_agree
praat_reaper_b200_a0.5,phone_M1.wav,0.645,139.31393192196307,True,blend_agree
praat_reaper_b200_a0.5,phone_M1.wav,0.655,137.2756480824551,True,blend_agree
praat_reaper_b200_a0.5,phone_M1.wav,0.665,135.7691107890799,True,blend_agree
praat_reaper_b200_a0.5,phone_M1.wav,0.675,133.8138460005869,True,blend_agree
praat_reaper_b200_a0.5,phone_M1.wav,0.685,131.8622804253348,True,blend_agree
praat_reaper_b200_a0.5,phone_M1.wav,0.695,131.04627550608666,True,blend_agree
praat_reaper_b200_a0.5,phone_M1.wav,0.705,128.5894491035871,True,blend_agree
praat_reaper_b200_a0.5,phone_M1.wav,0.715,127.36906229563286,True,blend_agree
praat_reaper_b200_a0.5,phone_M1.wav,0.725,125.25206250501083,True,blend_agree
praat_reaper_b200_a0.5,phone_M1.wav,0.735,123.80820577824171,True,blend_agree
praat_reaper_b200_a0.5,phone_M1.wav,0.745,122.27537381410892,True,blend_agree
praat_reaper_b200_a0.5,phone_M1.wav,0.755,120.70477943161089,True,blend_agree
praat_reaper_b200_a0.5,phone_M1.wav,0.765,118.95037574460902,True,blend_agree
praat_reaper_b200_a0.5,phone_M1.wav,0.775,117.77901060550256,True,blend_agree
praat_reaper_b200_a0.5,phone_M1.wav,0.785,116.6968049965672,True,blend_agree
praat_reaper_b200_a0.5,phone_M1.wav,0.795,115.13875729631759,True,blend_agree
praat_reaper_b200_a0.5,phone_M1.wav,0.805,113.6306504779195,True,blend_agree
praat_reaper_b200_a0.5,phone_M1.wav,0.815,110.92348587487999,True,blend_agree
praat_reaper_b200_a0.5,phone_M1.wav,0.825,115.76883964002923,True,blend_agree
praat_reaper_b200_a0.5,phone_M1.wav,0.835,115.65002730817905,True,blend_agree
praat_reaper_b200_a0.5,phone_M1.wav,0.845,116.51214067943543,True,blend_agree
praat_reaper_b200_a0.5,phone_M1.wav,0.855,118.04013652984257,True,blend_agree
praat_reaper_b200_a0.5,phone_M1.wav,0.865,119.30473532179626,True,blend_agree
praat_reaper_b200_a0.5,phone_M1.wav,0.875,120.95124528433459,True,blend_agree
praat_reaper_b200_a0.5,phone_M1.wav,0.885,122.92990306318397,True,blend_agree
praat_reaper_b200_a0.5,phone_M1.wav,0.895,124.07816300179775,True,blend_agree
praat_reaper_b200_a0.5,phone_M1.wav,0.905,126.11496237440058,True,blend_agree
praat_reaper_b200_a0.5,phone_M1.wav,0.915,132.00562555465345,True,blend_agree
praat_reaper_b200_a0.5,phone_M1.wav,0.925,131.85106825755713,True,blend_agree
praat_reaper_b200_a0.5,phone_M1.wav,0.935,134.74827483159987,True,blend_agree
praat_reaper_b200_a0.5,phone_M1.wav,0.945,135.53127389232657,True,blend_agree
praat_reaper_b200_a0.5,phone_M1.wav,0.955,137.77130985380376,True,blend_agree
praat_reaper_b200_a0.5,phone_M1.wav,0.965,140.59571611801502,True,blend_agree
praat_reaper_b200_a0.5,phone_M1.wav,0.975,141.59489478829258,True,blend_agree
praat_reaper_b200_a0.5,phone_M1.wav,0.985,143.04133819906886,True,blend_agree
praat_reaper_b200_a0.5,phone_M1.wav,0.995,141.583546646199,True,blend_agree
praat_reaper_b200_a0.5,phone_M1.wav,1.005,142.6135023103839,True,blend_agree
praat_reaper_b200_a0.5,phone_M1.wav,1.015,147.46074721760814,True,blend_agree
praat_reaper_b200_a0.5,phone_M1.wav,1.025,148.3504433248998,True,blend_agree
praat_reaper_b200_a0.5,phone_M1.wav,1.035,148.75040236715776,True,blend_agree
praat_reaper_b200_a0.5,phone_M1.wav,1.045,149.73064894514442,True,blend_agree
praat_reaper_b200_a0.5,phone_M1.wav,1.055,149.67080624515808,True,blend_agree
praat_reaper_b200_a0.5,phone_M1.wav,1.065,149.44284494755982,True,blend_agree
praat_reaper_b200_a0.5,phone_M1.wav,1.075,148.24204966292126,True,blend_agree
praat_reaper_b200_a0.5,phone_M1.wav,1.085,146.71050161242644,True,blend_agree
praat_reaper_b200_a0.5,phone_M1.wav,1.095,144.48954179041618,True,blend_agree
praat_reaper_b200_a0.5,phone_M1.wav,1.105,141.7003717288953,True,blend_agree
praat_reaper_b200_a0.5,phone_M1.wav,1.115,140.32926918620328,True,blend_agree
praat_reaper_b200_a0.5,phone_M1.wav,1.125,137.90595842649353,True,blend_agree
praat_reaper_b200_a0.5,phone_M1.wav,1.135,144.86292713747176,True,blend_agree
praat_reaper_b200_a0.5,phone_M1.wav,1.145,150.00671492556737,True,blend_agree
praat_reaper_b200_a0.5,phone_M1.wav,1.155,153.38486468477674,True,blend_agree
praat_reaper_b200_a0.5,phone_M1.wav,1.165,154.68265517515837,True,blend_agree
praat_reaper_b200_a0.5,phone_M1.wav,1.175,155.05701878124836,True,blend_agree
praat_reaper_b200_a0.5,phone_M1.wav,1.185,154.25039405931082,True,blend_agree
praat_reaper_b200_a0.5,phone_M1.wav,1.195,153.74455918217663,True,blend_agree
praat_reaper_b200_a0.5,phone_M1.wav,1.205,152.75015023626497,True,blend_agree
praat_reaper_b200_a0.5,phone_M1.wav,1.215,147.5287177752497,True,blend_agree
praat_reaper_b200_a0.5,phone_M1.wav,1.225,148.21145692614246,True,blend_agree
praat_reaper_b200_a0.5,phone_M1.wav,1.235,151.52426453348838,True,blend_agree
praat_reaper_b200_a0.5,phone_M1.wav,1.245,154.33208247546082,True,blend_agree
praat_reaper_b200_a0.5,phone_M1.wav,1.255,155.22516874822807,True,blend_agree
praat_reaper_b200_a0.5,phone_M1.wav,1.265,156.8058823370235,True,blend_agree
praat_reaper_b200_a0.5,phone_M1.wav,1.275,156.35317845170056,True,blend_agree
praat_reaper_b200_a0.5,phone_M1.wav,1.285,155.90939638640404,True,blend_agree
praat_reaper_b200_a0.5,phone_M1.wav,1.295,154.17648191691106,True,blend_agree
praat_reaper_b200_a0.5,phone_M1.wav,1.305,152.92231088366452,True,blend_agree
praat_reaper_b200_a0.5,phone_M1.wav,1.315,153.20496616659142,True,blend_agree
praat_reaper_b200_a0.5,phone_M1.wav,1.325,151.14434585442766,True,blend_agree
praat_reaper_b200_a0.5,phone_M1.wav,1.335,154.08375823544452,True,blend_agree
praat_reaper_b200_a0.5,phone_M1.wav,1.345,152.44401457851123,True,blend_agree
praat_reaper_b200_a0.5,phone_M1.wav,1.355,154.20477213819487,True,blend_agree
praat_reaper_b200_a0.5,phone_M1.wav,1.365,153.22301967359843,True,blend_agree
praat_reaper_b200_a0.5,phone_M1.wav,1.375,147.17615172954223,True,praat_missing
praat_reaper_b200_a0.5,phone_M1.wav,1.385,146.74995771436363,True,praat_missing
praat_reaper_b200_a0.5,phone_M1.wav,1.395,0.0,False,unvoiced
praat_reaper_b200_a0.5,phone_M1.wav,1.405,0.0,False,unvoiced
praat_reaper_b200_a0.5,phone_M1.wav,1.415,0.0,False,unvoiced
praat_reaper_b200_a0.5,phone_M1.wav,1.425,0.0,False,unvoiced
praat_reaper_b200_a0.5,phone_M1.wav,1.435,0.0,False,unvoiced
praat_reaper_b200_a0.5,phone_M1.wav,1.445,0.0,False,unvoiced
praat_reaper_b200_a0.5,phone_M1.wav,1.455,0.0,False,unvoiced
praat_reaper_b200_a0.5,phone_M1.wav,1.465,0.0,False,unvoiced
praat_reaper_b200_a0.5,phone_M1.wav,1.475,0.0,False,unvoiced
praat_reaper_b200_a0.5,phone_M1.wav,1.485,0.0,False,unvoiced
praat_reaper_b200_a0.5,phone_M1.wav,1.495,0.0,False,unvoiced
praat_reaper_b200_a0.5,phone_M1.wav,1.505,119.77441795223503,True,praat_missing
praat_reaper_b200_a0.5,phone_M1.wav,1.515,114.94635954346384,True,blend_agree
praat_reaper_b200_a0.5,phone_M1.wav,1.525,114.45487355058364,True,blend_agree
praat_reaper_b200_a0.5,phone_M1.wav,1.535,114.95880021570235,True,blend_agree
praat_reaper_b200_a0.5,phone_M1.wav,1.545,114.42229800257144,True,blend_agree
praat_reaper_b200_a0.5,phone_M1.wav,1.555,114.07626583734847,True,blend_agree
praat_reaper_b200_a0.5,phone_M1.wav,1.565,112.72164863975914,True,blend_agree
praat_reaper_b200_a0.5,phone_M1.wav,1.575,112.20386244444548,True,blend_agree
praat_reaper_b200_a0.5,phone_M1.wav,1.585,109.65524790828013,True,blend_agree
praat_reaper_b200_a0.5,phone_M1.wav,1.595,108.69984082785292,True,blend_agree
praat_reaper_b200_a0.5,phone_M1.wav,1.605,110.80737513823993,True,blend_agree
praat_reaper_b200_a0.5,phone_M1.wav,1.615,110.32665350392622,True,blend_agree
praat_reaper_b200_a0.5,phone_M1.wav,1.625,108.35358027447901,True,blend_agree
praat_reaper_b200_a0.5,phone_M1.wav,1.635,107.06900899616629,True,blend_agree
praat_reaper_b200_a0.5,phone_M1.wav,1.645,107.39376519785068,True,blend_agree
praat_reaper_b200_a0.5,phone_M1.wav,1.655,108.59655439826408,True,blend_agree
praat_reaper_b200_a0.5,phone_M1.wav,1.665,107.99075717122705,True,blend_agree
praat_reaper_b200_a0.5,phone_M1.wav,1.675,110.17210188977745,True,blend_agree
praat_reaper_b200_a0.5,phone_M1.wav,1.685,109.80861408839644,True,blend_agree
praat_reaper_b200_a0.5,phone_M1.wav,1.695,108.57573437140464,True,praat_missing
praat_reaper_b200_a0.5,phone_M1.wav,1.705,0.0,False,unvoiced
praat_reaper_b200_a0.5,phone_M1.wav,1.715,0.0,False,unvoiced
praat_reaper_b200_a0.5,phone_M1.wav,1.725,0.0,False,unvoiced
praat_reaper_b200_a0.5,phone_M1.wav,1.735,0.0,False,unvoiced
praat_reaper_b200_a0.5,phone_M1.wav,1.745,0.0,False,unvoiced
praat_reaper_b200_a0.5,phone_M1.wav,1.755,0.0,False,unvoiced
praat_reaper_b200_a0.5,phone_M1.wav,1.765,0.0,False,unvoiced
praat_reaper_b200_a0.5,phone_M1.wav,1.775,0.0,False,unvoiced
praat_reaper_b200_a0.5,phone_M1.wav,1.785,0.0,False,unvoiced
praat_reaper_b200_a0.5,phone_M1.wav,1.795,125.26892670469007,True,praat_missing
praat_reaper_b200_a0.5,phone_M1.wav,1.805,123.47886276038263,True,blend_agree
praat_reaper_b200_a0.5,phone_M1.wav,1.815,120.82806220290041,True,blend_agree
praat_reaper_b200_a0.5,phone_M1.wav,1.825,121.31265214100837,True,blend_agree
praat_reaper_b200_a0.5,phone_M1.wav,1.835,120.59999800405348,True,blend_agree
praat_reaper_b200_a0.5,phone_M1.wav,1.845,120.37718078890383,True,blend_agree
praat_reaper_b200_a0.5,phone_M1.wav,1.855,118.86934517520164,True,blend_agree
praat_reaper_b200_a0.5,phone_M1.wav,1.865,117.51733814875224,True,blend_agree
praat_reaper_b200_a0.5,phone_M1.wav,1.875,116.28894018978711,True,blend_agree
praat_reaper_b200_a0.5,phone_M1.wav,1.885,112.87394861951944,True,blend_agree
praat_reaper_b200_a0.5,phone_M1.wav,1.895,111.83391383082572,True,blend_agree
praat_reaper_b200_a0.5,phone_M1.wav,1.905,110.85379287926827,True,blend_agree
praat_reaper_b200_a0.5,phone_M1.wav,1.915,109.59909901283942,True,blend_agree
praat_reaper_b200_a0.5,phone_M1.wav,1.925,107.86418146213526,True,blend_agree
praat_reaper_b200_a0.5,phone_M1.wav,1.935,105.19333738146948,True,blend_agree
praat_reaper_b200_a0.5,phone_M1.wav,1.945,101.721053923432,True,blend_agree
praat_reaper_b200_a0.5,phone_M1.wav,1.955,99.23576463838549,True,blend_agree
praat_reaper_b200_a0.5,phone_M1.wav,1.965,92.92977207737935,True,blend_agree
praat_reaper_b200_a0.5,phone_M1.wav,1.975,0.0,False,unvoiced
praat_reaper_b200_a0.5,phone_M1.wav,1.985,0.0,False,unvoiced
praat_reaper_b200_a0.5,phone_M1.wav,1.995,0.0,False,unvoiced
praat_reaper_b200_a0.5,phone_M1.wav,2.005,0.0,False,unvoiced
praat_reaper_b200_a0.5,phone_M1.wav,2.015,0.0,False,unvoiced
praat_reaper_b200_a0.5,phone_M1.wav,2.025,101.40097058039785,True,blend_agree
praat_reaper_b200_a0.5,phone_M1.wav,2.035,100.97134886407628,True,blend_agree
praat_reaper_b200_a0.5,phone_M1.wav,2.045,101.25619094676317,True,blend_agree
praat_reaper_b200_a0.5,phone_M1.wav,2.055,101.01306561285905,True,blend_agree
praat_reaper_b200_a0.5,phone_M1.wav,2.065,99.92583245170914,True,blend_agree
praat_reaper_b200_a0.5,phone_M1.wav,2.075,107.09518909208221,True,blend_agree
praat_reaper_b200_a0.5,phone_M1.wav,2.085,108.17611148027476,True,blend_agree
praat_reaper_b200_a0.5,phone_M1.wav,2.095,107.05312519867283,True,blend_agree
praat_reaper_b200_a0.5,phone_M1.wav,2.105,107.39631417537679,True,blend_agree
praat_reaper_b200_a0.5,phone_M1.wav,2.115,108.72264169188841,True,blend_agree
praat_reaper_b200_a0.5,phone_M1.wav,2.125,108.80311230952724,True,blend_agree
praat_reaper_b200_a0.5,phone_M1.wav,2.135,111.11087981311431,True,blend_agree
praat_reaper_b200_a0.5,phone_M1.wav,2.145,117.3958271814203,True,blend_agree
praat_reaper_b200_a0.5,phone_M1.wav,2.155,122.78824126331152,True,blend_agree
praat_reaper_b200_a0.5,phone_M1.wav,2.165,121.62122670345173,True,blend_agree
praat_reaper_b200_a0.5,phone_M1.wav,2.175,123.80020994629288,True,blend_agree
praat_reaper_b200_a0.5,phone_M1.wav,2.185,123.07568330501,True,blend_agree
praat_reaper_b200_a0.5,phone_M1.wav,2.195,122.74911990780562,True,blend_agree
praat_reaper_b200_a0.5,phone_M1.wav,2.205,121.4242672180558,True,blend_agree
praat_reaper_b200_a0.5,phone_M1.wav,2.215,120.51649890824599,True,blend_agree
praat_reaper_b200_a0.5,phone_M1.wav,2.225,120.22082160237342,True,blend_agree
praat_reaper_b200_a0.5,phone_M1.wav,2.235,118.60488377737977,True,blend_agree
praat_reaper_b200_a0.5,phone_M1.wav,2.245,117.29540168472558,True,blend_agree
praat_reaper_b200_a0.5,phone_M1.wav,2.255,116.29356920788919,True,blend_agree
praat_reaper_b200_a0.5,phone_M1.wav,2.265,115.28970697367977,True,blend_agree
praat_reaper_b200_a0.5,phone_M1.wav,2.275,115.12548567089549,True,blend_agree
praat_reaper_b200_a0.5,phone_M1.wav,2.285,113.81155756046593,True,blend_agree
praat_reaper_b200_a0.5,phone_M1.wav,2.295,113.05652289519125,True,blend_agree
praat_reaper_b200_a0.5,phone_M1.wav,2.305,111.90674428406635,True,blend_agree
praat_reaper_b200_a0.5,phone_M1.wav,2.315,111.732231321896,True,blend_agree
praat_reaper_b200_a0.5,phone_M1.wav,2.325,109.98319753307294,True,blend_agree
praat_reaper_b200_a0.5,phone_M1.wav,2.335,109.16198885766246,True,blend_agree
praat_reaper_b200_a0.5,phone_M1.wav,2.345,110.18164883063898,True,blend_agree
praat_reaper_b200_a0.5,phone_M1.wav,2.355,110.99537577258111,True,blend_agree
praat_reaper_b200_a0.5,phone_M1.wav,2.365,111.59422783385862,True,blend_agree
praat_reaper_b200_a0.5,phone_M1.wav,2.375,111.76804037306283,True,blend_agree
praat_reaper_b200_a0.5,phone_M1.wav,2.385,114.11960830789718,True,blend_agree
praat_reaper_b200_a0.5,phone_M1.wav,2.395,115.27471008269718,True,blend_agree
praat_reaper_b200_a0.5,phone_M1.wav,2.405,111.61198993892195,True,blend_agree
praat_reaper_b200_a0.5,phone_M1.wav,2.415,119.31950594379441,True,blend_agree
praat_reaper_b200_a0.5,phone_M1.wav,2.425,125.30698690434828,True,blend_agree
praat_reaper_b200_a0.5,phone_M1.wav,2.435,125.25721336595133,True,blend_agree
praat_reaper_b200_a0.5,phone_M1.wav,2.445,124.97047984991579,True,blend_agree
praat_reaper_b200_a0.5,phone_M1.wav,2.455,129.82178256465625,True,blend_agree
praat_reaper_b200_a0.5,phone_M1.wav,2.465,126.15125148642811,True,blend_agree
praat_reaper_b200_a0.5,phone_M1.wav,2.475,123.08137118081115,True,blend_agree
praat_reaper_b200_a0.5,phone_M1.wav,2.485,121.23581013826056,True,blend_agree
praat_reaper_b200_a0.5,phone_M1.wav,2.495,123.9590607024242,True,blend_agree
praat_reaper_b200_a0.5,phone_M1.wav,2.505,111.81925445931687,True,blend_agree
praat_reaper_b200_a0.5,phone_M1.wav,2.515,110.53853780841754,True,blend_agree
praat_reaper_b200_a0.5,phone_M1.wav,2.525,111.01129402857235,True,blend_agree
praat_reaper_b200_a0.5,phone_M1.wav,2.535,110.91524630353634,True,blend_agree
praat_reaper_b200_a0.5,phone_M1.wav,2.545,110.9572422595478,True,blend_agree
praat_reaper_b200_a0.5,phone_M1.wav,2.555,109.28144702354075,True,blend_agree
praat_reaper_b200_a0.5,phone_M1.wav,2.565,109.26302908791087,True,blend_agree
praat_reaper_b200_a0.5,phone_M1.wav,2.575,108.5996682312864,True,blend_agree
praat_reaper_b200_a0.5,phone_M1.wav,2.585,108.36640399929377,True,blend_agree
praat_reaper_b200_a0.5,phone_M1.wav,2.595,106.49992084565586,True,blend_agree
praat_reaper_b200_a0.5,phone_M1.wav,2.605,106.89742548583001,True,blend_agree
praat_reaper_b200_a0.5,phone_M1.wav,2.615,105.41506588911676,True,blend_agree
praat_reaper_b200_a0.5,phone_M1.wav,2.625,104.9975417334983,True,blend_agree
praat_reaper_b200_a0.5,phone_M1.wav,2.635,105.05917740016281,True,blend_agree
praat_reaper_b200_a0.5,phone_M1.wav,2.645,104.63948648357776,True,blend_agree
praat_reaper_b200_a0.5,phone_M1.wav,2.655,105.36219656085778,True,blend_agree
praat_reaper_b200_a0.5,phone_M1.wav,2.665,103.18528836784057,True,blend_agree
praat_reaper_b200_a0.5,phone_M1.wav,2.675,102.53564094810028,True,blend_agree
praat_reaper_b200_a0.5,phone_M1.wav,2.685,103.6627864268311,True,blend_agree
praat_reaper_b200_a0.5,phone_M1.wav,2.695,103.62545198799862,True,blend_agree
praat_reaper_b200_a0.5,phone_M1.wav,2.705,105.0110164883346,True,blend_agree
praat_reaper_b200_a0.5,phone_M1.wav,2.715,111.21623897066658,True,blend_agree
praat_reaper_b200_a0.5,phone_M1.wav,2.725,0.0,False,unvoiced
praat_reaper_b200_a0.5,phone_M1.wav,2.735,0.0,False,unvoiced
praat_reaper_b200_a0.5,phone_M1.wav,2.745,0.0,False,unvoiced
praat_reaper_b200_a0.5,phone_M1.wav,2.755,0.0,False,unvoiced
praat_reaper_b200_a0.5,phone_M1.wav,2.765,0.0,False,unvoiced
praat_reaper_b200_a0.5,phone_M1.wav,2.775,0.0,False,unvoiced
praat_reaper_b200_a0.5,phone_M1.wav,2.785,0.0,False,unvoiced
praat_reaper_b200_a0.5,phone_M1.wav,2.795,0.0,False,unvoiced
praat_reaper_b200_a0.5,phone_M1.wav,2.805,0.0,False,unvoiced
praat_reaper_b200_a0.5,phone_M1.wav,2.815,0.0,False,unvoiced
praat_reaper_b200_a0.5,phone_M1.wav,2.825,0.0,False,unvoiced
praat_reaper_b200_a0.5,phone_M1.wav,2.835,0.0,False,unvoiced
praat_reaper_b200_a0.5,phone_M1.wav,2.845,0.0,False,unvoiced
praat_reaper_b200_a0.5,phone_M1.wav,2.855,0.0,False,unvoiced
praat_reaper_b200_a0.5,phone_M1.wav,2.865,0.0,False,unvoiced
praat_reaper_b200_a0.5,phone_M1.wav,2.875,132.28305161339256,True,blend_agree
praat_reaper_b200_a0.5,phone_M1.wav,2.885,135.31339799997292,True,blend_agree
praat_reaper_b200_a0.5,phone_M1.wav,2.895,134.97632286387716,True,blend_agree
praat_reaper_b200_a0.5,phone_M1.wav,2.905,135.5004942190604,True,blend_agree
praat_reaper_b200_a0.5,phone_M1.wav,2.915,136.46879850208634,True,blend_agree
praat_reaper_b200_a0.5,phone_M1.wav,2.925,139.34249932194447,True,blend_agree
praat_reaper_b200_a0.5,phone_M1.wav,2.935,0.0,False,unvoiced
praat_reaper_b200_a0.5,phone_M1.wav,2.945,0.0,False,unvoiced
praat_reaper_b200_a0.5,phone_M1.wav,2.955,0.0,False,unvoiced
praat_reaper_b200_a0.5,phone_M1.wav,2.965,0.0,False,unvoiced
praat_reaper_b200_a0.5,phone_M1.wav,2.975,0.0,False,unvoiced
praat_reaper_b200_a0.5,phone_M1.wav,2.985,0.0,False,unvoiced
praat_reaper_b200_a0.5,phone_M1.wav,2.995,0.0,False,unvoiced
praat_reaper_b200_a0.5,phone_M1.wav,3.005,0.0,False,unvoiced
praat_reaper_b200_a0.5,phone_M1.wav,3.015,0.0,False,unvoiced
praat_reaper_b200_a0.5,phone_M1.wav,3.025,0.0,False,unvoiced
praat_reaper_b200_a0.5,phone_M1.wav,3.035,0.0,False,unvoiced
praat_reaper_b200_a0.5,phone_M1.wav,3.045,0.0,False,unvoiced
praat_reaper_b200_a0.5,phone_M1.wav,3.055,0.0,False,unvoiced
praat_reaper_b200_a0.5,phone_M1.wav,3.065,0.0,False,unvoiced
praat_reaper_b200_a0.5,phone_M1.wav,3.075,0.0,False,unvoiced
praat_reaper_b200_a0.5,phone_M1.wav,3.085,0.0,False,unvoiced
praat_reaper_b200_a0.5,phone_M1.wav,3.095,0.0,False,unvoiced
praat_reaper_b200_a0.5,phone_M1.wav,3.105,104.06703203640188,True,praat_missing
praat_reaper_b200_a0.5,phone_M1.wav,3.115,97.24540567832376,True,blend_agree
praat_reaper_b200_a0.5,phone_M1.wav,3.125,98.72436795107397,True,blend_agree
praat_reaper_b200_a0.5,phone_M1.wav,3.135,93.42786049060352,True,blend_agree
praat_reaper_b200_a0.5,phone_M1.wav,3.145,93.60768886956035,True,blend_agree
praat_reaper_b200_a0.5,phone_M1.wav,3.155,94.25934882510961,True,blend_agree
praat_reaper_b200_a0.5,phone_M1.wav,3.165,95.84323328244507,True,blend_agree
praat_reaper_b200_a0.5,phone_M1.wav,3.175,97.35008173405568,True,blend_agree
praat_reaper_b200_a0.5,phone_M1.wav,3.185,100.87530230342647,True,blend_agree
praat_reaper_b200_a0.5,phone_M1.wav,3.195,101.22740516999298,True,blend_agree
praat_reaper_b200_a0.5,phone_M1.wav,3.205,100.55224874957514,True,blend_agree
praat_reaper_b200_a0.5,phone_M1.wav,3.215,99.78199588072096,True,blend_agree
praat_reaper_b200_a0.5,phone_M1.wav,3.225,98.98093970825967,True,blend_agree
praat_reaper_b200_a0.5,phone_M1.wav,3.235,98.60951993414159,True,blend_agree
praat_reaper_b200_a0.5,phone_M1.wav,3.245,99.31784977482455,True,blend_agree
praat_reaper_b200_a0.5,phone_M1.wav,3.255,101.24530924031139,True,blend_agree
praat_reaper_b200_a0.5,phone_M1.wav,3.265,108.70863284954537,True,blend_agree
praat_reaper_b200_a0.5,phone_M1.wav,3.275,111.03081854445398,True,blend_agree
praat_reaper_b200_a0.5,phone_M1.wav,3.285,110.58351630003392,True,praat_missing
praat_reaper_b200_a0.5,phone_M1.wav,3.295,0.0,False,unvoiced
praat_reaper_b200_a0.5,phone_M1.wav,3.305,0.0,False,unvoiced
praat_reaper_b200_a0.5,phone_M1.wav,3.315,0.0,False,unvoiced
praat_reaper_b200_a0.5,phone_M1.wav,3.325,0.0,False,unvoiced
praat_reaper_b200_a0.5,phone_M1.wav,3.335,0.0,False,unvoiced
praat_reaper_b200_a0.5,phone_M1.wav,3.345,0.0,False,unvoiced
praat_reaper_b200_a0.5,phone_M1.wav,3.355,0.0,False,unvoiced
praat_reaper_b200_a0.5,phone_M1.wav,3.365,0.0,False,unvoiced
praat_reaper_b200_a0.5,phone_M1.wav,3.375,0.0,False,unvoiced
praat_reaper_b200_a0.5,phone_M1.wav,3.385,0.0,False,unvoiced
praat_reaper_b200_a0.5,phone_M1.wav,3.395,0.0,False,unvoiced
praat_reaper_b200_a0.5,phone_M1.wav,3.405,0.0,False,unvoiced
praat_reaper_b200_a0.5,phone_M1.wav,3.415,0.0,False,unvoiced
praat_reaper_b200_a0.5,phone_M1.wav,3.425,0.0,False,unvoiced
praat_reaper_b200_a0.5,phone_M1.wav,3.435,0.0,False,unvoiced
praat_reaper_b200_a0.5,phone_M1.wav,3.445,141.8783415505278,True,praat_missing
praat_reaper_b200_a0.5,phone_M1.wav,3.455,123.30162034721516,True,praat_disagreement
praat_reaper_b200_a0.5,phone_M1.wav,3.465,116.48126053821915,True,blend_agree
praat_reaper_b200_a0.5,phone_M1.wav,3.475,111.0335913600212,True,blend_agree
praat_reaper_b200_a0.5,phone_M1.wav,3.485,108.34617942310014,True,blend_agree
praat_reaper_b200_a0.5,phone_M1.wav,3.495,105.45130617036484,True,blend_agree
praat_reaper_b200_a0.5,phone_M1.wav,3.505,102.78710018387689,True,blend_agree
praat_reaper_b200_a0.5,phone_M1.wav,3.515,101.90996019958574,True,praat_missing
praat_reaper_b200_a0.5,phone_M1.wav,3.525,0.0,False,unvoiced
praat_reaper_b200_a0.5,phone_M1.wav,3.535,0.0,False,unvoiced
praat_reaper_b200_a0.5,phone_M1.wav,3.545,0.0,False,unvoiced
praat_reaper_b200_a0.5,phone_M1.wav,3.555,0.0,False,unvoiced
praat_reaper_b200_a0.5,phone_M1.wav,3.565,0.0,False,unvoiced
praat_reaper_b200_a0.5,phone_M1.wav,3.575,0.0,False,unvoiced
praat_reaper_b200_a0.5,phone_M1.wav,3.585,0.0,False,unvoiced
praat_reaper_b200_a0.5,phone_M1.wav,3.595,0.0,False,unvoiced
praat_reaper_b200_a0.5,phone_M1.wav,3.605,0.0,False,unvoiced
praat_reaper_b200_a0.5,phone_M1.wav,3.615,0.0,False,unvoiced
praat_reaper_b200_a0.5,phone_M1.wav,3.625,0.0,False,unvoiced
praat_reaper_b200_a0.5,phone_M1.wav,3.635,0.0,False,unvoiced
praat_reaper_b200_a0.5,phone_M1.wav,3.645,0.0,False,unvoiced
praat_reaper_b200_a0.5,phone_M1.wav,3.655,0.0,False,unvoiced
praat_reaper_b200_a0.5,phone_M1.wav,3.665,0.0,False,unvoiced
praat_reaper_b200_a0.5,phone_M1.wav,3.675,0.0,False,unvoiced
praat_reaper_b200_a0.5,phone_M1.wav,3.685,0.0,False,unvoiced
praat_reaper_b200_a0.5,phone_M1.wav,3.695,0.0,False,unvoiced
praat_reaper_b200_a0.5,phone_M1.wav,3.705,0.0,False,unvoiced
praat_reaper_b200_a0.5,phone_M1.wav,3.715,0.0,False,unvoiced
praat_reaper_b200_a0.5,phone_M1.wav,3.725,0.0,False,unvoiced
praat_reaper_b200_a0.5,phone_M1.wav,3.735,0.0,False,unvoiced
praat_reaper_b200_a0.5,phone_M1.wav,3.745,0.0,False,unvoiced
praat_reaper_b200_a0.5,phone_M1.wav,3.755,0.0,False,unvoiced
praat_reaper_b200_a0.5,phone_M1.wav,3.765,0.0,False,unvoiced
praat_reaper_b200_a0.5,phone_M1.wav,3.775,0.0,False,unvoiced
praat_reaper_b200_a0.5,phone_M1.wav,3.785,0.0,False,unvoiced
praat_reaper_b200_a0.5,phone_M1.wav,3.795,0.0,False,unvoiced
praat_reaper_b200_a0.5,phone_M1.wav,3.805,0.0,False,unvoiced
praat_reaper_b200_a0.5,phone_M1.wav,3.815,0.0,False,unvoiced
praat_reaper_b200_a0.5,phone_M1.wav,3.825,0.0,False,unvoiced
praat_reaper_b200_a0.5,phone_M1.wav,3.835,0.0,False,unvoiced
praat_reaper_b200_a0.5,phone_M1.wav,3.845,0.0,False,unvoiced
praat_reaper_b200_a0.5,phone_M1.wav,3.855,0.0,False,unvoiced
praat_reaper_b200_a0.5,phone_M1.wav,3.865,0.0,False,unvoiced
praat_reaper_b200_a0.5,phone_M1.wav,3.875,0.0,False,unvoiced
praat_reaper_b200_a0.5,phone_M1.wav,3.885,0.0,False,unvoiced
praat_reaper_b200_a0.5,phone_M1.wav,3.895,0.0,False,unvoiced
praat_reaper_b200_a0.5,phone_M1.wav,3.905,0.0,False,unvoiced
praat_reaper_b200_a0.5,phone_M1.wav,3.915,0.0,False,unvoiced
praat_reaper_b200_a0.5,phone_M1.wav,3.925,0.0,False,unvoiced
praat_reaper_b200_a0.5,phone_M1.wav,3.935,0.0,False,unvoiced
praat_reaper_b200_a0.5,phone_M1.wav,3.945,0.0,False,unvoiced
praat_reaper_b200_a0.5,phone_M1.wav,3.955,0.0,False,unvoiced
praat_reaper_b200_a0.5,phone_M1.wav,3.965,0.0,False,unvoiced
praat_reaper_b200_a0.5,phone_M1.wav,3.975,0.0,False,unvoiced
praat_reaper_b200_a0.5,phone_M1.wav,3.985,0.0,False,unvoiced
praat_reaper_b200_a0.5,phone_M1.wav,3.995,0.0,False,unvoiced
praat_reaper_b200_a0.5,phone_M1.wav,4.005,0.0,False,unvoiced
praat_reaper_b200_a0.5,phone_M1.wav,4.015000000000001,0.0,False,unvoiced
praat_reaper_b200_a0.5,phone_M1.wav,4.025,0.0,False,unvoiced
praat_reaper_b200_a0.5,phone_M1.wav,4.035,0.0,False,unvoiced
praat_reaper_b200_a0.5,phone_M1.wav,4.045000000000001,0.0,False,unvoiced
praat_reaper_b200_a0.5,phone_M1.wav,4.055000000000001,0.0,False,unvoiced
praat_reaper_b200_a0.5,phone_M1.wav,4.065,0.0,False,unvoiced
praat_reaper_b200_a0.5,phone_M1.wav,4.075,0.0,False,unvoiced
praat_reaper_b200_a0.5,phone_M1.wav,4.085000000000001,0.0,False,unvoiced
praat_reaper_b200_a0.5,phone_M1.wav,4.095000000000001,0.0,False,unvoiced
praat_reaper_b200_a0.5,phone_M1.wav,4.105,0.0,False,unvoiced
praat_reaper_b200_a0.5,phone_M1.wav,4.115,0.0,False,unvoiced
praat_reaper_b200_a0.5,phone_M1.wav,4.125,0.0,False,unvoiced
praat_reaper_b200_a0.5,phone_M1.wav,4.135000000000001,0.0,False,unvoiced
praat_reaper_b200_a1,phone_M1.wav,0.025,0.0,False,unvoiced
praat_reaper_b200_a1,phone_M1.wav,0.035,0.0,False,unvoiced
praat_reaper_b200_a1,phone_M1.wav,0.045,0.0,False,unvoiced
praat_reaper_b200_a1,phone_M1.wav,0.055,0.0,False,unvoiced
praat_reaper_b200_a1,phone_M1.wav,0.065,0.0,False,unvoiced
praat_reaper_b200_a1,phone_M1.wav,0.075,0.0,False,unvoiced
praat_reaper_b200_a1,phone_M1.wav,0.085,0.0,False,unvoiced
praat_reaper_b200_a1,phone_M1.wav,0.095,0.0,False,unvoiced
praat_reaper_b200_a1,phone_M1.wav,0.105,0.0,False,unvoiced
praat_reaper_b200_a1,phone_M1.wav,0.115,0.0,False,unvoiced
praat_reaper_b200_a1,phone_M1.wav,0.125,0.0,False,unvoiced
praat_reaper_b200_a1,phone_M1.wav,0.135,0.0,False,unvoiced
praat_reaper_b200_a1,phone_M1.wav,0.145,0.0,False,unvoiced
praat_reaper_b200_a1,phone_M1.wav,0.155,0.0,False,unvoiced
praat_reaper_b200_a1,phone_M1.wav,0.165,0.0,False,unvoiced
praat_reaper_b200_a1,phone_M1.wav,0.175,0.0,False,unvoiced
praat_reaper_b200_a1,phone_M1.wav,0.185,0.0,False,unvoiced
praat_reaper_b200_a1,phone_M1.wav,0.195,0.0,False,unvoiced
praat_reaper_b200_a1,phone_M1.wav,0.205,0.0,False,unvoiced
praat_reaper_b200_a1,phone_M1.wav,0.215,0.0,False,unvoiced
praat_reaper_b200_a1,phone_M1.wav,0.225,0.0,False,unvoiced
praat_reaper_b200_a1,phone_M1.wav,0.235,0.0,False,unvoiced
praat_reaper_b200_a1,phone_M1.wav,0.245,0.0,False,unvoiced
praat_reaper_b200_a1,phone_M1.wav,0.255,0.0,False,unvoiced
praat_reaper_b200_a1,phone_M1.wav,0.265,0.0,False,unvoiced
praat_reaper_b200_a1,phone_M1.wav,0.275,0.0,False,unvoiced
praat_reaper_b200_a1,phone_M1.wav,0.285,0.0,False,unvoiced
praat_reaper_b200_a1,phone_M1.wav,0.295,0.0,False,unvoiced
praat_reaper_b200_a1,phone_M1.wav,0.305,0.0,False,unvoiced
praat_reaper_b200_a1,phone_M1.wav,0.315,0.0,False,unvoiced
praat_reaper_b200_a1,phone_M1.wav,0.325,0.0,False,unvoiced
praat_reaper_b200_a1,phone_M1.wav,0.335,0.0,False,unvoiced
praat_reaper_b200_a1,phone_M1.wav,0.345,0.0,False,unvoiced
praat_reaper_b200_a1,phone_M1.wav,0.355,0.0,False,unvoiced
praat_reaper_b200_a1,phone_M1.wav,0.365,0.0,False,unvoiced
praat_reaper_b200_a1,phone_M1.wav,0.375,0.0,False,unvoiced
praat_reaper_b200_a1,phone_M1.wav,0.385,0.0,False,unvoiced
praat_reaper_b200_a1,phone_M1.wav,0.395,0.0,False,unvoiced
praat_reaper_b200_a1,phone_M1.wav,0.405,0.0,False,unvoiced
praat_reaper_b200_a1,phone_M1.wav,0.415,0.0,False,unvoiced
praat_reaper_b200_a1,phone_M1.wav,0.425,0.0,False,unvoiced
praat_reaper_b200_a1,phone_M1.wav,0.435,0.0,False,unvoiced
praat_reaper_b200_a1,phone_M1.wav,0.445,0.0,False,unvoiced
praat_reaper_b200_a1,phone_M1.wav,0.455,0.0,False,unvoiced
praat_reaper_b200_a1,phone_M1.wav,0.465,0.0,False,unvoiced
praat_reaper_b200_a1,phone_M1.wav,0.475,138.9088485650244,True,praat_missing
praat_reaper_b200_a1,phone_M1.wav,0.485,136.75213623046875,True,reaper_agree
praat_reaper_b200_a1,phone_M1.wav,0.495,135.5932159423828,True,reaper_agree
praat_reaper_b200_a1,phone_M1.wav,0.505,136.75213623046875,True,reaper_agree
praat_reaper_b200_a1,phone_M1.wav,0.515,135.5932159423828,True,reaper_agree
praat_reaper_b200_a1,phone_M1.wav,0.525,134.4537811279297,True,reaper_agree
praat_reaper_b200_a1,phone_M1.wav,0.535,134.4537811279297,True,reaper_agree
praat_reaper_b200_a1,phone_M1.wav,0.545,135.5932159423828,True,reaper_agree
praat_reaper_b200_a1,phone_M1.wav,0.555,136.75213623046875,True,reaper_agree
praat_reaper_b200_a1,phone_M1.wav,0.565,135.5932159423828,True,reaper_agree
praat_reaper_b200_a1,phone_M1.wav,0.575,135.5932159423828,True,reaper_agree
praat_reaper_b200_a1,phone_M1.wav,0.585,136.75213623046875,True,reaper_agree
praat_reaper_b200_a1,phone_M1.wav,0.595,136.75213623046875,True,reaper_agree
praat_reaper_b200_a1,phone_M1.wav,0.605,137.9310302734375,True,reaper_agree
praat_reaper_b200_a1,phone_M1.wav,0.615,137.9310302734375,True,reaper_agree
praat_reaper_b200_a1,phone_M1.wav,0.625,139.13043212890625,True,reaper_agree
praat_reaper_b200_a1,phone_M1.wav,0.635,139.13043212890625,True,reaper_agree
praat_reaper_b200_a1,phone_M1.wav,0.645,139.13043212890625,True,reaper_agree
praat_reaper_b200_a1,phone_M1.wav,0.655,136.75213623046875,True,reaper_agree
praat_reaper_b200_a1,phone_M1.wav,0.665,135.5932159423828,True,reaper_agree
praat_reaper_b200_a1,phone_M1.wav,0.675,133.3333282470703,True,reaper_agree
praat_reaper_b200_a1,phone_M1.wav,0.685,131.1475372314453,True,reaper_agree
praat_reaper_b200_a1,phone_M1.wav,0.695,131.1475372314453,True,reaper_agree
praat_reaper_b200_a1,phone_M1.wav,0.705,128.0,True,reaper_agree
praat_reaper_b200_a1,phone_M1.wav,0.715,126.98412322998047,True,reaper_agree
praat_reaper_b200_a1,phone_M1.wav,0.725,125.0,True,reaper_agree
praat_reaper_b200_a1,phone_M1.wav,0.735,124.031005859375,True,reaper_agree
praat_reaper_b200_a1,phone_M1.wav,0.745,122.13740539550781,True,reaper_agree
praat_reaper_b200_a1,phone_M1.wav,0.755,120.30075073242188,True,reaper_agree
praat_reaper_b200_a1,phone_M1.wav,0.765,118.51851654052734,True,reaper_agree
praat_reaper_b200_a1,phone_M1.wav,0.775,117.64705657958984,True,reaper_agree
praat_reaper_b200_a1,phone_M1.wav,0.785,116.78832244873047,True,reaper_agree
praat_reaper_b200_a1,phone_M1.wav,0.795,115.94203186035156,True,reaper_agree
praat_reaper_b200_a1,phone_M1.wav,0.805,114.28571319580078,True,reaper_agree
praat_reaper_b200_a1,phone_M1.wav,0.815,109.58904266357422,True,reaper_agree
praat_reaper_b200_a1,phone_M1.wav,0.825,116.78832244873047,True,reaper_agree
praat_reaper_b200_a1,phone_M1.wav,0.835,115.94203186035156,True,reaper_agree
praat_reaper_b200_a1,phone_M1.wav,0.845,116.78832244873047,True,reaper_agree
praat_reaper_b200_a1,phone_M1.wav,0.855,117.64705657958984,True,reaper_agree
praat_reaper_b200_a1,phone_M1.wav,0.865,119.40298461914062,True,reaper_agree
praat_reaper_b200_a1,phone_M1.wav,0.875,121.21212005615234,True,reaper_agree
praat_reaper_b200_a1,phone_M1.wav,0.885,123.07691955566406,True,reaper_agree
praat_reaper_b200_a1,phone_M1.wav,0.895,124.031005859375,True,reaper_agree
praat_reaper_b200_a1,phone_M1.wav,0.905,124.031005859375,True,reaper_agree
praat_reaper_b200_a1,phone_M1.wav,0.915,131.1475372314453,True,reaper_agree
praat_reaper_b200_a1,phone_M1.wav,0.925,131.1475372314453,True,reaper_agree
praat_reaper_b200_a1,phone_M1.wav,0.935,135.5932159423828,True,reaper_agree
praat_reaper_b200_a1,phone_M1.wav,0.945,135.5932159423828,True,reaper_agree
praat_reaper_b200_a1,phone_M1.wav,0.955,137.9310302734375,True,reaper_agree
praat_reaper_b200_a1,phone_M1.wav,0.965,141.59292602539062,True,reaper_agree
praat_reaper_b200_a1,phone_M1.wav,0.975,141.59292602539062,True,reaper_agree
praat_reaper_b200_a1,phone_M1.wav,0.985,144.14414978027344,True,reaper_agree
praat_reaper_b200_a1,phone_M1.wav,0.995,142.85714721679688,True,reaper_agree
praat_reaper_b200_a1,phone_M1.wav,1.005,142.85714721679688,True,reaper_agree
praat_reaper_b200_a1,phone_M1.wav,1.015,148.1481475830078,True,reaper_agree
praat_reaper_b200_a1,phone_M1.wav,1.025,148.1481475830078,True,reaper_agree
praat_reaper_b200_a1,phone_M1.wav,1.035,148.1481475830078,True,reaper_agree
praat_reaper_b200_a1,phone_M1.wav,1.045,149.53271484375,True,reaper_agree
praat_reaper_b200_a1,phone_M1.wav,1.055,149.53271484375,True,reaper_agree
praat_reaper_b200_a1,phone_M1.wav,1.065,149.53271484375,True,reaper_agree
praat_reaper_b200_a1,phone_M1.wav,1.075,148.1481475830078,True,reaper_agree
praat_reaper_b200_a1,phone_M1.wav,1.085,146.7889862060547,True,reaper_agree
praat_reaper_b200_a1,phone_M1.wav,1.095,144.14414978027344,True,reaper_agree
praat_reaper_b200_a1,phone_M1.wav,1.105,140.3508758544922,True,reaper_agree
praat_reaper_b200_a1,phone_M1.wav,1.115,139.13043212890625,True,reaper_agree
praat_reaper_b200_a1,phone_M1.wav,1.125,136.75213623046875,True,reaper_agree
praat_reaper_b200_a1,phone_M1.wav,1.135,146.7889862060547,True,reaper_agree
praat_reaper_b200_a1,phone_M1.wav,1.145,150.94338989257812,True,reaper_agree
praat_reaper_b200_a1,phone_M1.wav,1.155,153.84616088867188,True,reaper_agree
praat_reaper_b200_a1,phone_M1.wav,1.165,153.84616088867188,True,reaper_agree
praat_reaper_b200_a1,phone_M1.wav,1.175,153.84616088867188,True,reaper_agree
praat_reaper_b200_a1,phone_M1.wav,1.185,153.84616088867188,True,reaper_agree
praat_reaper_b200_a1,phone_M1.wav,1.195,153.84616088867188,True,reaper_agree
praat_reaper_b200_a1,phone_M1.wav,1.205,152.38095092773438,True,reaper_agree
praat_reaper_b200_a1,phone_M1.wav,1.215,144.14414978027344,True,reaper_agree
praat_reaper_b200_a1,phone_M1.wav,1.225,150.94338989257812,True,reaper_agree
praat_reaper_b200_a1,phone_M1.wav,1.235,152.38095092773438,True,reaper_agree
praat_reaper_b200_a1,phone_M1.wav,1.245,155.33981323242188,True,reaper_agree
praat_reaper_b200_a1,phone_M1.wav,1.255,155.33981323242188,True,reaper_agree
praat_reaper_b200_a1,phone_M1.wav,1.265,156.8627471923828,True,reaper_agree
praat_reaper_b200_a1,phone_M1.wav,1.275,155.33981323242188,True,reaper_agree
praat_reaper_b200_a1,phone_M1.wav,1.285,155.33981323242188,True,reaper_agree
praat_reaper_b200_a1,phone_M1.wav,1.295,153.84616088867188,True,reaper_agree
praat_reaper_b200_a1,phone_M1.wav,1.305,152.38095092773438,True,reaper_agree
praat_reaper_b200_a1,phone_M1.wav,1.315,153.84616088867188,True,reaper_agree
praat_reaper_b200_a1,phone_M1.wav,1.325,150.94338989257812,True,reaper_agree
praat_reaper_b200_a1,phone_M1.wav,1.335,155.33981323242188,True,reaper_agree
praat_reaper_b200_a1,phone_M1.wav,1.345,152.38095092773438,True,reaper_agree
praat_reaper_b200_a1,phone_M1.wav,1.355,155.33981323242188,True,reaper_agree
praat_reaper_b200_a1,phone_M1.wav,1.365,153.84616088867188,True,reaper_agree
praat_reaper_b200_a1,phone_M1.wav,1.375,147.17615172954223,True,praat_missing
praat_reaper_b200_a1,phone_M1.wav,1.385,146.74995771436363,True,praat_missing
praat_reaper_b200_a1,phone_M1.wav,1.395,0.0,False,unvoiced
praat_reaper_b200_a1,phone_M1.wav,1.405,0.0,False,unvoiced
praat_reaper_b200_a1,phone_M1.wav,1.415,0.0,False,unvoiced
praat_reaper_b200_a1,phone_M1.wav,1.425,0.0,False,unvoiced
praat_reaper_b200_a1,phone_M1.wav,1.435,0.0,False,unvoiced
praat_reaper_b200_a1,phone_M1.wav,1.445,0.0,False,unvoiced
praat_reaper_b200_a1,phone_M1.wav,1.455,0.0,False,unvoiced
praat_reaper_b200_a1,phone_M1.wav,1.465,0.0,False,unvoiced
praat_reaper_b200_a1,phone_M1.wav,1.475,0.0,False,unvoiced
praat_reaper_b200_a1,phone_M1.wav,1.485,0.0,False,unvoiced
praat_reaper_b200_a1,phone_M1.wav,1.495,0.0,False,unvoiced
praat_reaper_b200_a1,phone_M1.wav,1.505,119.77441795223503,True,praat_missing
praat_reaper_b200_a1,phone_M1.wav,1.515,114.28571319580078,True,reaper_agree
praat_reaper_b200_a1,phone_M1.wav,1.525,114.28571319580078,True,reaper_agree
praat_reaper_b200_a1,phone_M1.wav,1.535,115.10791015625,True,reaper_agree
praat_reaper_b200_a1,phone_M1.wav,1.545,114.28571319580078,True,reaper_agree
praat_reaper_b200_a1,phone_M1.wav,1.555,114.28571319580078,True,reaper_agree
praat_reaper_b200_a1,phone_M1.wav,1.565,112.67605590820312,True,reaper_agree
praat_reaper_b200_a1,phone_M1.wav,1.575,112.67605590820312,True,reaper_agree
praat_reaper_b200_a1,phone_M1.wav,1.585,109.58904266357422,True,reaper_agree
praat_reaper_b200_a1,phone_M1.wav,1.595,108.84353637695312,True,reaper_agree
praat_reaper_b200_a1,phone_M1.wav,1.605,111.88811492919922,True,reaper_agree
praat_reaper_b200_a1,phone_M1.wav,1.615,110.3448257446289,True,reaper_agree
praat_reaper_b200_a1,phone_M1.wav,1.625,108.10810852050781,True,reaper_agree
praat_reaper_b200_a1,phone_M1.wav,1.635,106.66666412353516,True,reaper_agree
praat_reaper_b200_a1,phone_M1.wav,1.645,107.38255310058594,True,reaper_agree
praat_reaper_b200_a1,phone_M1.wav,1.655,109.58904266357422,True,reaper_agree
praat_reaper_b200_a1,phone_M1.wav,1.665,108.84353637695312,True,reaper_agree
praat_reaper_b200_a1,phone_M1.wav,1.675,112.67605590820312,True,reaper_agree
praat_reaper_b200_a1,phone_M1.wav,1.685,110.3448257446289,True,reaper_agree
praat_reaper_b200_a1,phone_M1.wav,1.695,108.57573437140464,True,praat_missing
praat_reaper_b200_a1,phone_M1.wav,1.705,0.0,False,unvoiced
praat_reaper_b200_a1,phone_M1.wav,1.715,0.0,False,unvoiced
praat_reaper_b200_a1,phone_M1.wav,1.725,0.0,False,unvoiced
praat_reaper_b200_a1,phone_M1.wav,1.735,0.0,False,unvoiced
praat_reaper_b200_a1,phone_M1.wav,1.745,0.0,False,unvoiced
praat_reaper_b200_a1,phone_M1.wav,1.755,0.0,False,unvoiced
praat_reaper_b200_a1,phone_M1.wav,1.765,0.0,False,unvoiced
praat_reaper_b200_a1,phone_M1.wav,1.775,0.0,False,unvoiced
praat_reaper_b200_a1,phone_M1.wav,1.785,0.0,False,unvoiced
praat_reaper_b200_a1,phone_M1.wav,1.795,125.26892670469007,True,praat_missing
praat_reaper_b200_a1,phone_M1.wav,1.805,124.031005859375,True,reaper_agree
praat_reaper_b200_a1,phone_M1.wav,1.815,120.30075073242188,True,reaper_agree
praat_reaper_b200_a1,phone_M1.wav,1.825,121.21212005615234,True,reaper_agree
praat_reaper_b200_a1,phone_M1.wav,1.835,120.30075073242188,True,reaper_agree
praat_reaper_b200_a1,phone_M1.wav,1.845,120.30075073242188,True,reaper_agree
praat_reaper_b200_a1,phone_M1.wav,1.855,118.51851654052734,True,reaper_agree
praat_reaper_b200_a1,phone_M1.wav,1.865,117.64705657958984,True,reaper_agree
praat_reaper_b200_a1,phone_M1.wav,1.875,116.78832244873047,True,reaper_agree
praat_reaper_b200_a1,phone_M1.wav,1.885,111.88811492919922,True,reaper_agree
praat_reaper_b200_a1,phone_M1.wav,1.895,111.11111450195312,True,reaper_agree
praat_reaper_b200_a1,phone_M1.wav,1.905,110.3448257446289,True,reaper_agree
praat_reaper_b200_a1,phone_M1.wav,1.915,108.84353637695312,True,reaper_agree
praat_reaper_b200_a1,phone_M1.wav,1.925,105.96026611328125,True,reaper_agree
praat_reaper_b200_a1,phone_M1.wav,1.935,103.2258071899414,True,reaper_agree
praat_reaper_b200_a1,phone_M1.wav,1.945,100.6289291381836,True,reaper_agree
praat_reaper_b200_a1,phone_M1.wav,1.955,98.15950775146484,True,reaper_agree
praat_reaper_b200_a1,phone_M1.wav,1.965,87.9120864868164,True,reaper_agree
praat_reaper_b200_a1,phone_M1.wav,1.975,0.0,False,unvoiced
praat_reaper_b200_a1,phone_M1.wav,1.985,0.0,False,unvoiced
praat_reaper_b200_a1,phone_M1.wav,1.995,0.0,False,unvoiced
praat_reaper_b200_a1,phone_M1.wav,2.005,0.0,False,unvoiced
praat_reaper_b200_a1,phone_M1.wav,2.015,0.0,False,unvoiced
praat_reaper_b200_a1,phone_M1.wav,2.025,102.56410217285156,True,reaper_agree
praat_reaper_b200_a1,phone_M1.wav,2.035,100.6289291381836,True,reaper_agree
praat_reaper_b200_a1,phone_M1.wav,2.045,100.6289291381836,True,reaper_agree
praat_reaper_b200_a1,phone_M1.wav,2.055,103.2258071899414,True,reaper_agree
praat_reaper_b200_a1,phone_M1.wav,2.065,103.2258071899414,True,reaper_agree
praat_reaper_b200_a1,phone_M1.wav,2.075,110.3448257446289,True,reaper_agree
praat_reaper_b200_a1,phone_M1.wav,2.085,110.3448257446289,True,reaper_agree
praat_reaper_b200_a1,phone_M1.wav,2.095,107.38255310058594,True,reaper_agree
praat_reaper_b200_a1,phone_M1.wav,2.105,107.38255310058594,True,reaper_agree
praat_reaper_b200_a1,phone_M1.wav,2.115,109.58904266357422,True,reaper_agree
praat_reaper_b200_a1,phone_M1.wav,2.125,109.58904266357422,True,reaper_agree
praat_reaper_b200_a1,phone_M1.wav,2.135,110.3448257446289,True,reaper_agree
praat_reaper_b200_a1,phone_M1.wav,2.145,116.78832244873047,True,reaper_agree
praat_reaper_b200_a1,phone_M1.wav,2.155,121.21212005615234,True,reaper_agree
praat_reaper_b200_a1,phone_M1.wav,2.165,120.30075073242188,True,reaper_agree
praat_reaper_b200_a1,phone_M1.wav,2.175,124.031005859375,True,reaper_agree
praat_reaper_b200_a1,phone_M1.wav,2.185,123.07691955566406,True,reaper_agree
praat_reaper_b200_a1,phone_M1.wav,2.195,123.07691955566406,True,reaper_agree
praat_reaper_b200_a1,phone_M1.wav,2.205,121.21212005615234,True,reaper_agree
praat_reaper_b200_a1,phone_M1.wav,2.215,120.30075073242188,True,reaper_agree
praat_reaper_b200_a1,phone_M1.wav,2.225,120.30075073242188,True,reaper_agree
praat_reaper_b200_a1,phone_M1.wav,2.235,118.51851654052734,True,reaper_agree
praat_reaper_b200_a1,phone_M1.wav,2.245,117.64705657958984,True,reaper_agree
praat_reaper_b200_a1,phone_M1.wav,2.255,116.78832244873047,True,reaper_agree
praat_reaper_b200_a1,phone_M1.wav,2.265,115.10791015625,True,reaper_agree
praat_reaper_b200_a1,phone_M1.wav,2.275,115.10791015625,True,reaper_agree
praat_reaper_b200_a1,phone_M1.wav,2.285,113.47517395019531,True,reaper_agree
praat_reaper_b200_a1,phone_M1.wav,2.295,113.47517395019531,True,reaper_agree
praat_reaper_b200_a1,phone_M1.wav,2.305,111.88811492919922,True,reaper_agree
praat_reaper_b200_a1,phone_M1.wav,2.315,111.88811492919922,True,reaper_agree
praat_reaper_b200_a1,phone_M1.wav,2.325,109.58904266357422,True,reaper_agree
praat_reaper_b200_a1,phone_M1.wav,2.335,109.58904266357422,True,reaper_agree
praat_reaper_b200_a1,phone_M1.wav,2.345,111.11111450195312,True,reaper_agree
praat_reaper_b200_a1,phone_M1.wav,2.355,111.11111450195312,True,reaper_agree
praat_reaper_b200_a1,phone_M1.wav,2.365,111.88811492919922,True,reaper_agree
praat_reaper_b200_a1,phone_M1.wav,2.375,111.88811492919922,True,reaper_agree
praat_reaper_b200_a1,phone_M1.wav,2.385,114.28571319580078,True,reaper_agree
praat_reaper_b200_a1,phone_M1.wav,2.395,115.94203186035156,True,reaper_agree
praat_reaper_b200_a1,phone_M1.wav,2.405,111.88811492919922,True,reaper_agree
praat_reaper_b200_a1,phone_M1.wav,2.415,121.21212005615234,True,reaper_agree
praat_reaper_b200_a1,phone_M1.wav,2.425,125.9842529296875,True,reaper_agree
praat_reaper_b200_a1,phone_M1.wav,2.435,125.9842529296875,True,reaper_agree
praat_reaper_b200_a1,phone_M1.wav,2.445,124.031005859375,True,reaper_agree
praat_reaper_b200_a1,phone_M1.wav,2.455,130.081298828125,True,reaper_agree
praat_reaper_b200_a1,phone_M1.wav,2.465,125.9842529296875,True,reaper_agree
praat_reaper_b200_a1,phone_M1.wav,2.475,123.07691955566406,True,reaper_agree
praat_reaper_b200_a1,phone_M1.wav,2.485,121.21212005615234,True,reaper_agree
praat_reaper_b200_a1,phone_M1.wav,2.495,123.07691955566406,True,reaper_agree
praat_reaper_b200_a1,phone_M1.wav,2.505,109.58904266357422,True,reaper_agree
praat_reaper_b200_a1,phone_M1.wav,2.515,111.11111450195312,True,reaper_agree
praat_reaper_b200_a1,phone_M1.wav,2.525,111.11111450195312,True,reaper_agree
praat_reaper_b200_a1,phone_M1.wav,2.535,111.11111450195312,True,reaper_agree
praat_reaper_b200_a1,phone_M1.wav,2.545,111.11111450195312,True,reaper_agree
praat_reaper_b200_a1,phone_M1.wav,2.555,109.58904266357422,True,reaper_agree
praat_reaper_b200_a1,phone_M1.wav,2.565,109.58904266357422,True,reaper_agree
praat_reaper_b200_a1,phone_M1.wav,2.575,108.84353637695312,True,reaper_agree
praat_reaper_b200_a1,phone_M1.wav,2.585,108.84353637695312,True,reaper_agree
praat_reaper_b200_a1,phone_M1.wav,2.595,105.2631607055664,True,reaper_agree
praat_reaper_b200_a1,phone_M1.wav,2.605,105.2631607055664,True,reaper_agree
praat_reaper_b200_a1,phone_M1.wav,2.615,103.2258071899414,True,reaper_agree
praat_reaper_b200_a1,phone_M1.wav,2.625,103.2258071899414,True,reaper_agree
praat_reaper_b200_a1,phone_M1.wav,2.635,104.57516479492188,True,reaper_agree
praat_reaper_b200_a1,phone_M1.wav,2.645,104.57516479492188,True,reaper_agree
praat_reaper_b200_a1,phone_M1.wav,2.655,106.66666412353516,True,reaper_agree
praat_reaper_b200_a1,phone_M1.wav,2.665,103.2258071899414,True,reaper_agree
praat_reaper_b200_a1,phone_M1.wav,2.675,102.56410217285156,True,reaper_agree
praat_reaper_b200_a1,phone_M1.wav,2.685,104.57516479492188,True,reaper_agree
praat_reaper_b200_a1,phone_M1.wav,2.695,103.2258071899414,True,reaper_agree
praat_reaper_b200_a1,phone_M1.wav,2.705,104.57516479492188,True,reaper_agree
praat_reaper_b200_a1,phone_M1.wav,2.715,112.67605590820312,True,reaper_agree
praat_reaper_b200_a1,phone_M1.wav,2.725,0.0,False,unvoiced
praat_reaper_b200_a1,phone_M1.wav,2.735,0.0,False,unvoiced
praat_reaper_b200_a1,phone_M1.wav,2.745,0.0,False,unvoiced
praat_reaper_b200_a1,phone_M1.wav,2.755,0.0,False,unvoiced
praat_reaper_b200_a1,phone_M1.wav,2.765,0.0,False,unvoiced
praat_reaper_b200_a1,phone_M1.wav,2.775,0.0,False,unvoiced
praat_reaper_b200_a1,phone_M1.wav,2.785,0.0,False,unvoiced
praat_reaper_b200_a1,phone_M1.wav,2.795,0.0,False,unvoiced
praat_reaper_b200_a1,phone_M1.wav,2.805,0.0,False,unvoiced
praat_reaper_b200_a1,phone_M1.wav,2.815,0.0,False,unvoiced
praat_reaper_b200_a1,phone_M1.wav,2.825,0.0,False,unvoiced
praat_reaper_b200_a1,phone_M1.wav,2.835,0.0,False,unvoiced
praat_reaper_b200_a1,phone_M1.wav,2.845,0.0,False,unvoiced
praat_reaper_b200_a1,phone_M1.wav,2.855,0.0,False,unvoiced
praat_reaper_b200_a1,phone_M1.wav,2.865,0.0,False,unvoiced
praat_reaper_b200_a1,phone_M1.wav,2.875,131.1475372314453,True,reaper_agree
praat_reaper_b200_a1,phone_M1.wav,2.885,135.5932159423828,True,reaper_agree
praat_reaper_b200_a1,phone_M1.wav,2.895,134.4537811279297,True,reaper_agree
praat_reaper_b200_a1,phone_M1.wav,2.905,135.5932159423828,True,reaper_agree
praat_reaper_b200_a1,phone_M1.wav,2.915,135.5932159423828,True,reaper_agree
praat_reaper_b200_a1,phone_M1.wav,2.925,139.13043212890625,True,reaper_agree
praat_reaper_b200_a1,phone_M1.wav,2.935,0.0,False,unvoiced
praat_reaper_b200_a1,phone_M1.wav,2.945,0.0,False,unvoiced
praat_reaper_b200_a1,phone_M1.wav,2.955,0.0,False,unvoiced
praat_reaper_b200_a1,phone_M1.wav,2.965,0.0,False,unvoiced
praat_reaper_b200_a1,phone_M1.wav,2.975,0.0,False,unvoiced
praat_reaper_b200_a1,phone_M1.wav,2.985,0.0,False,unvoiced
praat_reaper_b200_a1,phone_M1.wav,2.995,0.0,False,unvoiced
praat_reaper_b200_a1,phone_M1.wav,3.005,0.0,False,unvoiced
praat_reaper_b200_a1,phone_M1.wav,3.015,0.0,False,unvoiced
praat_reaper_b200_a1,phone_M1.wav,3.025,0.0,False,unvoiced
praat_reaper_b200_a1,phone_M1.wav,3.035,0.0,False,unvoiced
praat_reaper_b200_a1,phone_M1.wav,3.045,0.0,False,unvoiced
praat_reaper_b200_a1,phone_M1.wav,3.055,0.0,False,unvoiced
praat_reaper_b200_a1,phone_M1.wav,3.065,0.0,False,unvoiced
praat_reaper_b200_a1,phone_M1.wav,3.075,0.0,False,unvoiced
praat_reaper_b200_a1,phone_M1.wav,3.085,0.0,False,unvoiced
praat_reaper_b200_a1,phone_M1.wav,3.095,0.0,False,unvoiced
praat_reaper_b200_a1,phone_M1.wav,3.105,104.06703203640188,True,praat_missing
praat_reaper_b200_a1,phone_M1.wav,3.115,100.0,True,reaper_agree
praat_reaper_b200_a1,phone_M1.wav,3.125,100.0,True,reaper_agree
praat_reaper_b200_a1,phone_M1.wav,3.135,91.95402526855469,True,reaper_agree
praat_reaper_b200_a1,phone_M1.wav,3.145,94.11764526367188,True,reaper_agree
praat_reaper_b200_a1,phone_M1.wav,3.155,94.11764526367188,True,reaper_agree
praat_reaper_b200_a1,phone_M1.wav,3.165,95.80838012695312,True,reaper_agree
praat_reaper_b200_a1,phone_M1.wav,3.175,96.38554382324219,True,reaper_agree
praat_reaper_b200_a1,phone_M1.wav,3.185,100.0,True,reaper_agree
praat_reaper_b200_a1,phone_M1.wav,3.195,101.26582336425781,True,reaper_agree
praat_reaper_b200_a1,phone_M1.wav,3.205,100.6289291381836,True,reaper_agree
praat_reaper_b200_a1,phone_M1.wav,3.215,100.0,True,reaper_agree
praat_reaper_b200_a1,phone_M1.wav,3.225,98.76543426513672,True,reaper_agree
praat_reaper_b200_a1,phone_M1.wav,3.235,98.15950775146484,True,reaper_agree
praat_reaper_b200_a1,phone_M1.wav,3.245,98.76543426513672,True,reaper_agree
praat_reaper_b200_a1,phone_M1.wav,3.255,100.6289291381836,True,reaper_agree
praat_reaper_b200_a1,phone_M1.wav,3.265,111.11111450195312,True,reaper_agree
praat_reaper_b200_a1,phone_M1.wav,3.275,111.11111450195312,True,reaper_agree
praat_reaper_b200_a1,phone_M1.wav,3.285,110.58351630003392,True,praat_missing
praat_reaper_b200_a1,phone_M1.wav,3.295,0.0,False,unvoiced
praat_reaper_b200_a1,phone_M1.wav,3.305,0.0,False,unvoiced
praat_reaper_b200_a1,phone_M1.wav,3.315,0.0,False,unvoiced
praat_reaper_b200_a1,phone_M1.wav,3.325,0.0,False,unvoiced
praat_reaper_b200_a1,phone_M1.wav,3.335,0.0,False,unvoiced
praat_reaper_b200_a1,phone_M1.wav,3.345,0.0,False,unvoiced
praat_reaper_b200_a1,phone_M1.wav,3.355,0.0,False,unvoiced
praat_reaper_b200_a1,phone_M1.wav,3.365,0.0,False,unvoiced
praat_reaper_b200_a1,phone_M1.wav,3.375,0.0,False,unvoiced
praat_reaper_b200_a1,phone_M1.wav,3.385,0.0,False,unvoiced
praat_reaper_b200_a1,phone_M1.wav,3.395,0.0,False,unvoiced
praat_reaper_b200_a1,phone_M1.wav,3.405,0.0,False,unvoiced
praat_reaper_b200_a1,phone_M1.wav,3.415,0.0,False,unvoiced
praat_reaper_b200_a1,phone_M1.wav,3.425,0.0,False,unvoiced
praat_reaper_b200_a1,phone_M1.wav,3.435,0.0,False,unvoiced
praat_reaper_b200_a1,phone_M1.wav,3.445,141.8783415505278,True,praat_missing
praat_reaper_b200_a1,phone_M1.wav,3.455,123.30162034721516,True,praat_disagreement
praat_reaper_b200_a1,phone_M1.wav,3.465,117.64705657958984,True,reaper_agree
praat_reaper_b200_a1,phone_M1.wav,3.475,110.3448257446289,True,reaper_agree
praat_reaper_b200_a1,phone_M1.wav,3.485,108.10810852050781,True,reaper_agree
praat_reaper_b200_a1,phone_M1.wav,3.495,105.2631607055664,True,reaper_agree
praat_reaper_b200_a1,phone_M1.wav,3.505,102.56410217285156,True,reaper_agree
praat_reaper_b200_a1,phone_M1.wav,3.515,101.90996019958574,True,praat_missing
praat_reaper_b200_a1,phone_M1.wav,3.525,0.0,False,unvoiced
praat_reaper_b200_a1,phone_M1.wav,3.535,0.0,False,unvoiced
praat_reaper_b200_a1,phone_M1.wav,3.545,0.0,False,unvoiced
praat_reaper_b200_a1,phone_M1.wav,3.555,0.0,False,unvoiced
praat_reaper_b200_a1,phone_M1.wav,3.565,0.0,False,unvoiced
praat_reaper_b200_a1,phone_M1.wav,3.575,0.0,False,unvoiced
praat_reaper_b200_a1,phone_M1.wav,3.585,0.0,False,unvoiced
praat_reaper_b200_a1,phone_M1.wav,3.595,0.0,False,unvoiced
praat_reaper_b200_a1,phone_M1.wav,3.605,0.0,False,unvoiced
praat_reaper_b200_a1,phone_M1.wav,3.615,0.0,False,unvoiced
praat_reaper_b200_a1,phone_M1.wav,3.625,0.0,False,unvoiced
praat_reaper_b200_a1,phone_M1.wav,3.635,0.0,False,unvoiced
praat_reaper_b200_a1,phone_M1.wav,3.645,0.0,False,unvoiced
praat_reaper_b200_a1,phone_M1.wav,3.655,0.0,False,unvoiced
praat_reaper_b200_a1,phone_M1.wav,3.665,0.0,False,unvoiced
praat_reaper_b200_a1,phone_M1.wav,3.675,0.0,False,unvoiced
praat_reaper_b200_a1,phone_M1.wav,3.685,0.0,False,unvoiced
praat_reaper_b200_a1,phone_M1.wav,3.695,0.0,False,unvoiced
praat_reaper_b200_a1,phone_M1.wav,3.705,0.0,False,unvoiced
praat_reaper_b200_a1,phone_M1.wav,3.715,0.0,False,unvoiced
praat_reaper_b200_a1,phone_M1.wav,3.725,0.0,False,unvoiced
praat_reaper_b200_a1,phone_M1.wav,3.735,0.0,False,unvoiced
praat_reaper_b200_a1,phone_M1.wav,3.745,0.0,False,unvoiced
praat_reaper_b200_a1,phone_M1.wav,3.755,0.0,False,unvoiced
praat_reaper_b200_a1,phone_M1.wav,3.765,0.0,False,unvoiced
praat_reaper_b200_a1,phone_M1.wav,3.775,0.0,False,unvoiced
praat_reaper_b200_a1,phone_M1.wav,3.785,0.0,False,unvoiced
praat_reaper_b200_a1,phone_M1.wav,3.795,0.0,False,unvoiced
praat_reaper_b200_a1,phone_M1.wav,3.805,0.0,False,unvoiced
praat_reaper_b200_a1,phone_M1.wav,3.815,0.0,False,unvoiced
praat_reaper_b200_a1,phone_M1.wav,3.825,0.0,False,unvoiced
praat_reaper_b200_a1,phone_M1.wav,3.835,0.0,False,unvoiced
praat_reaper_b200_a1,phone_M1.wav,3.845,0.0,False,unvoiced
praat_reaper_b200_a1,phone_M1.wav,3.855,0.0,False,unvoiced
praat_reaper_b200_a1,phone_M1.wav,3.865,0.0,False,unvoiced
praat_reaper_b200_a1,phone_M1.wav,3.875,0.0,False,unvoiced
praat_reaper_b200_a1,phone_M1.wav,3.885,0.0,False,unvoiced
praat_reaper_b200_a1,phone_M1.wav,3.895,0.0,False,unvoiced
praat_reaper_b200_a1,phone_M1.wav,3.905,0.0,False,unvoiced
praat_reaper_b200_a1,phone_M1.wav,3.915,0.0,False,unvoiced
praat_reaper_b200_a1,phone_M1.wav,3.925,0.0,False,unvoiced
praat_reaper_b200_a1,phone_M1.wav,3.935,0.0,False,unvoiced
praat_reaper_b200_a1,phone_M1.wav,3.945,0.0,False,unvoiced
praat_reaper_b200_a1,phone_M1.wav,3.955,0.0,False,unvoiced
praat_reaper_b200_a1,phone_M1.wav,3.965,0.0,False,unvoiced
praat_reaper_b200_a1,phone_M1.wav,3.975,0.0,False,unvoiced
praat_reaper_b200_a1,phone_M1.wav,3.985,0.0,False,unvoiced
praat_reaper_b200_a1,phone_M1.wav,3.995,0.0,False,unvoiced
praat_reaper_b200_a1,phone_M1.wav,4.005,0.0,False,unvoiced
praat_reaper_b200_a1,phone_M1.wav,4.015000000000001,0.0,False,unvoiced
praat_reaper_b200_a1,phone_M1.wav,4.025,0.0,False,unvoiced
praat_reaper_b200_a1,phone_M1.wav,4.035,0.0,False,unvoiced
praat_reaper_b200_a1,phone_M1.wav,4.045000000000001,0.0,False,unvoiced
praat_reaper_b200_a1,phone_M1.wav,4.055000000000001,0.0,False,unvoiced
praat_reaper_b200_a1,phone_M1.wav,4.065,0.0,False,unvoiced
praat_reaper_b200_a1,phone_M1.wav,4.075,0.0,False,unvoiced
praat_reaper_b200_a1,phone_M1.wav,4.085000000000001,0.0,False,unvoiced
praat_reaper_b200_a1,phone_M1.wav,4.095000000000001,0.0,False,unvoiced
praat_reaper_b200_a1,phone_M1.wav,4.105,0.0,False,unvoiced
praat_reaper_b200_a1,phone_M1.wav,4.115,0.0,False,unvoiced
praat_reaper_b200_a1,phone_M1.wav,4.125,0.0,False,unvoiced
praat_reaper_b200_a1,phone_M1.wav,4.135000000000001,0.0,False,unvoiced
praat7_filtered_v0.3,studio_F1.wav,0.021598639455782,0.0,False,praat_control
praat7_filtered_v0.3,studio_F1.wav,0.031598639455782,0.0,False,praat_control
praat7_filtered_v0.3,studio_F1.wav,0.041598639455782,0.0,False,praat_control
praat7_filtered_v0.3,studio_F1.wav,0.051598639455782,0.0,False,praat_control
praat7_filtered_v0.3,studio_F1.wav,0.061598639455782,0.0,False,praat_control
praat7_filtered_v0.3,studio_F1.wav,0.071598639455782,0.0,False,praat_control
praat7_filtered_v0.3,studio_F1.wav,0.081598639455782,0.0,False,praat_control
praat7_filtered_v0.3,studio_F1.wav,0.091598639455782,0.0,False,praat_control
praat7_filtered_v0.3,studio_F1.wav,0.101598639455782,0.0,False,praat_control
praat7_filtered_v0.3,studio_F1.wav,0.111598639455782,0.0,False,praat_control
praat7_filtered_v0.3,studio_F1.wav,0.121598639455782,0.0,False,praat_control
praat7_filtered_v0.3,studio_F1.wav,0.131598639455782,0.0,False,praat_control
praat7_filtered_v0.3,studio_F1.wav,0.141598639455782,0.0,False,praat_control
praat7_filtered_v0.3,studio_F1.wav,0.151598639455782,0.0,False,praat_control
praat7_filtered_v0.3,studio_F1.wav,0.161598639455782,0.0,False,praat_control
praat7_filtered_v0.3,studio_F1.wav,0.171598639455782,0.0,False,praat_control
praat7_filtered_v0.3,studio_F1.wav,0.181598639455782,0.0,False,praat_control
praat7_filtered_v0.3,studio_F1.wav,0.191598639455782,0.0,False,praat_control
praat7_filtered_v0.3,studio_F1.wav,0.201598639455782,0.0,False,praat_control
praat7_filtered_v0.3,studio_F1.wav,0.211598639455782,0.0,False,praat_control
praat7_filtered_v0.3,studio_F1.wav,0.221598639455782,0.0,False,praat_control
praat7_filtered_v0.3,studio_F1.wav,0.231598639455782,0.0,False,praat_control
praat7_filtered_v0.3,studio_F1.wav,0.241598639455782,0.0,False,praat_control
praat7_filtered_v0.3,studio_F1.wav,0.251598639455782,0.0,False,praat_control
praat7_filtered_v0.3,studio_F1.wav,0.261598639455782,0.0,False,praat_control
praat7_filtered_v0.3,studio_F1.wav,0.271598639455782,0.0,False,praat_control
praat7_filtered_v0.3,studio_F1.wav,0.281598639455782,0.0,False,praat_control
praat7_filtered_v0.3,studio_F1.wav,0.291598639455782,0.0,False,praat_control
praat7_filtered_v0.3,studio_F1.wav,0.301598639455782,0.0,False,praat_control
praat7_filtered_v0.3,studio_F1.wav,0.311598639455782,0.0,False,praat_control
praat7_filtered_v0.3,studio_F1.wav,0.321598639455782,0.0,False,praat_control
praat7_filtered_v0.3,studio_F1.wav,0.331598639455782,0.0,False,praat_control
praat7_filtered_v0.3,studio_F1.wav,0.341598639455782,0.0,False,praat_control
praat7_filtered_v0.3,studio_F1.wav,0.351598639455782,0.0,False,praat_control
praat7_filtered_v0.3,studio_F1.wav,0.361598639455782,0.0,False,praat_control
praat7_filtered_v0.3,studio_F1.wav,0.371598639455782,0.0,False,praat_control
praat7_filtered_v0.3,studio_F1.wav,0.381598639455782,0.0,False,praat_control
praat7_filtered_v0.3,studio_F1.wav,0.391598639455782,0.0,False,praat_control
praat7_filtered_v0.3,studio_F1.wav,0.401598639455782,0.0,False,praat_control
praat7_filtered_v0.3,studio_F1.wav,0.411598639455782,0.0,False,praat_control
praat7_filtered_v0.3,studio_F1.wav,0.421598639455782,0.0,False,praat_control
praat7_filtered_v0.3,studio_F1.wav,0.431598639455782,0.0,False,praat_control
praat7_filtered_v0.3,studio_F1.wav,0.441598639455782,0.0,False,praat_control
praat7_filtered_v0.3,studio_F1.wav,0.451598639455782,0.0,False,praat_control
praat7_filtered_v0.3,studio_F1.wav,0.461598639455782,0.0,False,praat_control
praat7_filtered_v0.3,studio_F1.wav,0.471598639455782,0.0,False,praat_control
praat7_filtered_v0.3,studio_F1.wav,0.481598639455782,0.0,False,praat_control
praat7_filtered_v0.3,studio_F1.wav,0.491598639455782,0.0,False,praat_control
praat7_filtered_v0.3,studio_F1.wav,0.501598639455782,0.0,False,praat_control
praat7_filtered_v0.3,studio_F1.wav,0.511598639455782,0.0,False,praat_control
praat7_filtered_v0.3,studio_F1.wav,0.521598639455782,0.0,False,praat_control
praat7_filtered_v0.3,studio_F1.wav,0.531598639455782,0.0,False,praat_control
praat7_filtered_v0.3,studio_F1.wav,0.541598639455782,0.0,False,praat_control
praat7_filtered_v0.3,studio_F1.wav,0.551598639455782,0.0,False,praat_control
praat7_filtered_v0.3,studio_F1.wav,0.561598639455782,0.0,False,praat_control
praat7_filtered_v0.3,studio_F1.wav,0.571598639455782,0.0,False,praat_control
praat7_filtered_v0.3,studio_F1.wav,0.581598639455782,0.0,False,praat_control
praat7_filtered_v0.3,studio_F1.wav,0.591598639455782,0.0,False,praat_control
praat7_filtered_v0.3,studio_F1.wav,0.601598639455782,0.0,False,praat_control
praat7_filtered_v0.3,studio_F1.wav,0.611598639455782,0.0,False,praat_control
praat7_filtered_v0.3,studio_F1.wav,0.621598639455782,0.0,False,praat_control
praat7_filtered_v0.3,studio_F1.wav,0.631598639455782,0.0,False,praat_control
praat7_filtered_v0.3,studio_F1.wav,0.641598639455782,0.0,False,praat_control
praat7_filtered_v0.3,studio_F1.wav,0.651598639455782,0.0,False,praat_control
praat7_filtered_v0.3,studio_F1.wav,0.661598639455782,0.0,False,praat_control
praat7_filtered_v0.3,studio_F1.wav,0.671598639455782,0.0,False,praat_control
praat7_filtered_v0.3,studio_F1.wav,0.681598639455782,0.0,False,praat_control
praat7_filtered_v0.3,studio_F1.wav,0.691598639455782,273.75356450735774,True,praat_control
praat7_filtered_v0.3,studio_F1.wav,0.701598639455782,271.5012405522591,True,praat_control
praat7_filtered_v0.3,studio_F1.wav,0.711598639455782,268.56593577936246,True,praat_control
praat7_filtered_v0.3,studio_F1.wav,0.721598639455782,264.88379645951085,True,praat_control
praat7_filtered_v0.3,studio_F1.wav,0.731598639455782,260.91183475666446,True,praat_control
praat7_filtered_v0.3,studio_F1.wav,0.741598639455782,258.4636179134388,True,praat_control
praat7_filtered_v0.3,studio_F1.wav,0.751598639455782,256.3276159040268,True,praat_control
praat7_filtered_v0.3,studio_F1.wav,0.761598639455782,253.64706829842763,True,praat_control
praat7_filtered_v0.3,studio_F1.wav,0.771598639455782,247.10040868155568,True,praat_control
praat7_filtered_v0.3,studio_F1.wav,0.781598639455782,238.28201791544933,True,praat_control
praat7_filtered_v0.3,studio_F1.wav,0.791598639455782,239.65151182460232,True,praat_control
praat7_filtered_v0.3,studio_F1.wav,0.801598639455782,245.18192742051573,True,praat_control
praat7_filtered_v0.3,studio_F1.wav,0.811598639455782,247.60027380842257,True,praat_control
praat7_filtered_v0.3,studio_F1.wav,0.821598639455782,247.22992277252376,True,praat_control
praat7_filtered_v0.3,studio_F1.wav,0.831598639455782,246.29892294996597,True,praat_control
praat7_filtered_v0.3,studio_F1.wav,0.841598639455782,245.6773936754288,True,praat_control
praat7_filtered_v0.3,studio_F1.wav,0.851598639455782,245.1995620579795,True,praat_control
praat7_filtered_v0.3,studio_F1.wav,0.861598639455782,244.04960614303312,True,praat_control
praat7_filtered_v0.3,studio_F1.wav,0.871598639455782,242.5696359961707,True,praat_control
praat7_filtered_v0.3,studio_F1.wav,0.881598639455782,241.02904628251397,True,praat_control
praat7_filtered_v0.3,studio_F1.wav,0.891598639455782,238.7376732791404,True,praat_control
praat7_filtered_v0.3,studio_F1.wav,0.901598639455782,232.5303690951584,True,praat_control
praat7_filtered_v0.3,studio_F1.wav,0.911598639455782,223.61394207825293,True,praat_control
praat7_filtered_v0.3,studio_F1.wav,0.921598639455782,223.43950057390373,True,praat_control
praat7_filtered_v0.3,studio_F1.wav,0.931598639455782,225.50285419301343,True,praat_control
praat7_filtered_v0.3,studio_F1.wav,0.941598639455782,230.19690359909788,True,praat_control
praat7_filtered_v0.3,studio_F1.wav,0.951598639455782,239.16883871801264,True,praat_control
praat7_filtered_v0.3,studio_F1.wav,0.961598639455782,251.3466159068859,True,praat_control
praat7_filtered_v0.3,studio_F1.wav,0.971598639455782,253.36411813086232,True,praat_control
praat7_filtered_v0.3,studio_F1.wav,0.981598639455782,249.2870763131172,True,praat_control
praat7_filtered_v0.3,studio_F1.wav,0.991598639455782,242.46293063219588,True,praat_control
praat7_filtered_v0.3,studio_F1.wav,1.001598639455782,243.96108341402393,True,praat_control
praat7_filtered_v0.3,studio_F1.wav,1.011598639455782,272.29342361748746,True,praat_control
praat7_filtered_v0.3,studio_F1.wav,1.021598639455782,276.1749867864865,True,praat_control
praat7_filtered_v0.3,studio_F1.wav,1.031598639455782,282.5040701561445,True,praat_control
praat7_filtered_v0.3,studio_F1.wav,1.041598639455782,288.83720388785633,True,praat_control
praat7_filtered_v0.3,studio_F1.wav,1.051598639455782,293.0825248937574,True,praat_control
praat7_filtered_v0.3,studio_F1.wav,1.061598639455782,293.5139586376508,True,praat_control
praat7_filtered_v0.3,studio_F1.wav,1.071598639455782,287.2428940507339,True,praat_control
praat7_filtered_v0.3,studio_F1.wav,1.081598639455782,278.15025347463734,True,praat_control
praat7_filtered_v0.3,studio_F1.wav,1.091598639455782,0.0,False,praat_control
praat7_filtered_v0.3,studio_F1.wav,1.101598639455782,0.0,False,praat_control
praat7_filtered_v0.3,studio_F1.wav,1.111598639455782,0.0,False,praat_control
praat7_filtered_v0.3,studio_F1.wav,1.121598639455782,298.71367714869126,True,praat_control
praat7_filtered_v0.3,studio_F1.wav,1.131598639455782,286.62743147244186,True,praat_control
praat7_filtered_v0.3,studio_F1.wav,1.141598639455782,269.99086640434075,True,praat_control
praat7_filtered_v0.3,studio_F1.wav,1.151598639455782,253.14345027998672,True,praat_control
praat7_filtered_v0.3,studio_F1.wav,1.161598639455782,246.0955616257472,True,praat_control
praat7_filtered_v0.3,studio_F1.wav,1.171598639455782,243.4496444924748,True,praat_control
praat7_filtered_v0.3,studio_F1.wav,1.181598639455782,243.06053505324607,True,praat_control
praat7_filtered_v0.3,studio_F1.wav,1.191598639455782,240.5534117585532,True,praat_control
praat7_filtered_v0.3,studio_F1.wav,1.201598639455782,228.8569988874069,True,praat_control
praat7_filtered_v0.3,studio_F1.wav,1.211598639455782,0.0,False,praat_control
praat7_filtered_v0.3,studio_F1.wav,1.221598639455782,0.0,False,praat_control
praat7_filtered_v0.3,studio_F1.wav,1.231598639455782,0.0,False,praat_control
praat7_filtered_v0.3,studio_F1.wav,1.241598639455782,0.0,False,praat_control
praat7_filtered_v0.3,studio_F1.wav,1.251598639455782,0.0,False,praat_control
praat7_filtered_v0.3,studio_F1.wav,1.261598639455782,307.4011687131925,True,praat_control
praat7_filtered_v0.3,studio_F1.wav,1.271598639455782,313.8065718581404,True,praat_control
praat7_filtered_v0.3,studio_F1.wav,1.281598639455782,315.08966394837574,True,praat_control
praat7_filtered_v0.3,studio_F1.wav,1.291598639455782,317.8404502327399,True,praat_control
praat7_filtered_v0.3,studio_F1.wav,1.301598639455782,316.871299329206,True,praat_control
praat7_filtered_v0.3,studio_F1.wav,1.311598639455782,308.73066638184537,True,praat_control
praat7_filtered_v0.3,studio_F1.wav,1.321598639455782,295.05441322061773,True,praat_control
praat7_filtered_v0.3,studio_F1.wav,1.331598639455782,279.7901598785315,True,praat_control
praat7_filtered_v0.3,studio_F1.wav,1.341598639455782,263.6179225036123,True,praat_control
praat7_filtered_v0.3,studio_F1.wav,1.351598639455782,244.12313190233763,True,praat_control
praat7_filtered_v0.3,studio_F1.wav,1.361598639455782,230.5370772939769,True,praat_control
praat7_filtered_v0.3,studio_F1.wav,1.371598639455782,218.83581193977295,True,praat_control
praat7_filtered_v0.3,studio_F1.wav,1.381598639455782,210.19092240901,True,praat_control
praat7_filtered_v0.3,studio_F1.wav,1.391598639455782,203.73360459878472,True,praat_control
praat7_filtered_v0.3,studio_F1.wav,1.401598639455782,199.3844737380857,True,praat_control
praat7_filtered_v0.3,studio_F1.wav,1.411598639455782,194.4430333354802,True,praat_control
praat7_filtered_v0.3,studio_F1.wav,1.421598639455782,191.36506131902303,True,praat_control
praat7_filtered_v0.3,studio_F1.wav,1.431598639455782,200.13091801329855,True,praat_control
praat7_filtered_v0.3,studio_F1.wav,1.441598639455782,202.0640747831672,True,praat_control
praat7_filtered_v0.3,studio_F1.wav,1.451598639455782,203.4294720104164,True,praat_control
praat7_filtered_v0.3,studio_F1.wav,1.461598639455782,206.54013819016268,True,praat_control
praat7_filtered_v0.3,studio_F1.wav,1.471598639455782,210.92607971063643,True,praat_control
praat7_filtered_v0.3,studio_F1.wav,1.481598639455782,214.6788591524029,True,praat_control
praat7_filtered_v0.3,studio_F1.wav,1.491598639455782,218.56372618184585,True,praat_control
praat7_filtered_v0.3,studio_F1.wav,1.501598639455782,218.1505801093796,True,praat_control
praat7_filtered_v0.3,studio_F1.wav,1.511598639455782,215.71195558809316,True,praat_control
praat7_filtered_v0.3,studio_F1.wav,1.521598639455782,213.17846232638092,True,praat_control
praat7_filtered_v0.3,studio_F1.wav,1.531598639455782,210.03726280049955,True,praat_control
praat7_filtered_v0.3,studio_F1.wav,1.541598639455782,206.42493771158416,True,praat_control
praat7_filtered_v0.3,studio_F1.wav,1.551598639455782,198.97126733794192,True,praat_control
praat7_filtered_v0.3,studio_F1.wav,1.561598639455782,196.82422064173647,True,praat_control
praat7_filtered_v0.3,studio_F1.wav,1.571598639455782,200.0999380662913,True,praat_control
praat7_filtered_v0.3,studio_F1.wav,1.581598639455782,199.30708888311528,True,praat_control
praat7_filtered_v0.3,studio_F1.wav,1.591598639455782,197.2368651372678,True,praat_control
praat7_filtered_v0.3,studio_F1.wav,1.601598639455782,196.9659210489488,True,praat_control
praat7_filtered_v0.3,studio_F1.wav,1.611598639455782,197.49520089765096,True,praat_control
praat7_filtered_v0.3,studio_F1.wav,1.621598639455782,195.32821749406688,True,praat_control
praat7_filtered_v0.3,studio_F1.wav,1.631598639455782,187.87057387625828,True,praat_control
praat7_filtered_v0.3,studio_F1.wav,1.641598639455782,178.862734226114,True,praat_control
praat7_filtered_v0.3,studio_F1.wav,1.651598639455782,0.0,False,praat_control
praat7_filtered_v0.3,studio_F1.wav,1.661598639455782,0.0,False,praat_control
praat7_filtered_v0.3,studio_F1.wav,1.671598639455782,0.0,False,praat_control
praat7_filtered_v0.3,studio_F1.wav,1.681598639455782,0.0,False,praat_control
praat7_filtered_v0.3,studio_F1.wav,1.691598639455782,0.0,False,praat_control
praat7_filtered_v0.3,studio_F1.wav,1.701598639455782,250.06335569213263,True,praat_control
praat7_filtered_v0.3,studio_F1.wav,1.711598639455782,241.60418065142304,True,praat_control
praat7_filtered_v0.3,studio_F1.wav,1.721598639455782,232.76963153945897,True,praat_control
praat7_filtered_v0.3,studio_F1.wav,1.731598639455782,227.30844339064336,True,praat_control
praat7_filtered_v0.3,studio_F1.wav,1.741598639455782,221.8669009880739,True,praat_control
praat7_filtered_v0.3,studio_F1.wav,1.751598639455782,210.8010297115502,True,praat_control
praat7_filtered_v0.3,studio_F1.wav,1.761598639455782,0.0,False,praat_control
praat7_filtered_v0.3,studio_F1.wav,1.771598639455782,0.0,False,praat_control
praat7_filtered_v0.3,studio_F1.wav,1.781598639455782,0.0,False,praat_control
praat7_filtered_v0.3,studio_F1.wav,1.791598639455782,0.0,False,praat_control
praat7_filtered_v0.3,studio_F1.wav,1.801598639455782,174.74005887608055,True,praat_control
praat7_filtered_v0.3,studio_F1.wav,1.811598639455782,185.677711831884,True,praat_control
praat7_filtered_v0.3,studio_F1.wav,1.821598639455782,197.91632095713015,True,praat_control
praat7_filtered_v0.3,studio_F1.wav,1.831598639455782,196.28347166924337,True,praat_control
praat7_filtered_v0.3,studio_F1.wav,1.841598639455782,198.92016746384328,True,praat_control
praat7_filtered_v0.3,studio_F1.wav,1.851598639455782,0.0,False,praat_control
praat7_filtered_v0.3,studio_F1.wav,1.861598639455782,0.0,False,praat_control
praat7_filtered_v0.3,studio_F1.wav,1.871598639455782,0.0,False,praat_control
praat7_filtered_v0.3,studio_F1.wav,1.881598639455782,0.0,False,praat_control
praat7_filtered_v0.3,studio_F1.wav,1.891598639455782,0.0,False,praat_control
praat7_filtered_v0.3,studio_F1.wav,1.901598639455782,0.0,False,praat_control
praat7_filtered_v0.3,studio_F1.wav,1.911598639455782,243.06398568956664,True,praat_control
praat7_filtered_v0.3,studio_F1.wav,1.921598639455782,227.47991792301707,True,praat_control
praat7_filtered_v0.3,studio_F1.wav,1.931598639455782,217.876169821719,True,praat_control
praat7_filtered_v0.3,studio_F1.wav,1.941598639455782,212.44005985714583,True,praat_control
praat7_filtered_v0.3,studio_F1.wav,1.951598639455782,209.48198254631373,True,praat_control
praat7_filtered_v0.3,studio_F1.wav,1.961598639455782,207.45165698280144,True,praat_control
praat7_filtered_v0.3,studio_F1.wav,1.971598639455782,205.55608308898667,True,praat_control
praat7_filtered_v0.3,studio_F1.wav,1.981598639455782,203.09644126100025,True,praat_control
praat7_filtered_v0.3,studio_F1.wav,1.991598639455782,201.22263977880553,True,praat_control
praat7_filtered_v0.3,studio_F1.wav,2.001598639455782,199.99645222375335,True,praat_control
praat7_filtered_v0.3,studio_F1.wav,2.011598639455782,198.69654090417436,True,praat_control
praat7_filtered_v0.3,studio_F1.wav,2.021598639455782,196.80762476564695,True,praat_control
praat7_filtered_v0.3,studio_F1.wav,2.031598639455782,195.2973099131036,True,praat_control
praat7_filtered_v0.3,studio_F1.wav,2.041598639455782,193.4242366915712,True,praat_control
praat7_filtered_v0.3,studio_F1.wav,2.051598639455782,190.9104718179155,True,praat_control
praat7_filtered_v0.3,studio_F1.wav,2.061598639455782,189.78363805075676,True,praat_control
praat7_filtered_v0.3,studio_F1.wav,2.071598639455782,189.71232347270643,True,praat_control
praat7_filtered_v0.3,studio_F1.wav,2.081598639455782,188.0985726694689,True,praat_control
praat7_filtered_v0.3,studio_F1.wav,2.091598639455782,186.17851703968583,True,praat_control
praat7_filtered_v0.3,studio_F1.wav,2.101598639455782,184.6329190114916,True,praat_control
praat7_filtered_v0.3,studio_F1.wav,2.111598639455782,182.16647281890891,True,praat_control
praat7_filtered_v0.3,studio_F1.wav,2.121598639455782,178.68887170774124,True,praat_control
praat7_filtered_v0.3,studio_F1.wav,2.131598639455782,172.3196801639259,True,praat_control
praat7_filtered_v0.3,studio_F1.wav,2.141598639455782,164.25478295181935,True,praat_control
praat7_filtered_v0.3,studio_F1.wav,2.151598639455782,0.0,False,praat_control
praat7_filtered_v0.3,studio_F1.wav,2.161598639455782,0.0,False,praat_control
praat7_filtered_v0.3,studio_F1.wav,2.171598639455782,0.0,False,praat_control
praat7_filtered_v0.3,studio_F1.wav,2.181598639455782,0.0,False,praat_control
praat7_filtered_v0.3,studio_F1.wav,2.191598639455782,0.0,False,praat_control
praat7_filtered_v0.3,studio_F1.wav,2.201598639455782,0.0,False,praat_control
praat7_filtered_v0.3,studio_F1.wav,2.211598639455782,0.0,False,praat_control
praat7_filtered_v0.3,studio_F1.wav,2.221598639455782,0.0,False,praat_control
praat7_filtered_v0.3,studio_F1.wav,2.231598639455782,0.0,False,praat_control
praat7_filtered_v0.3,studio_F1.wav,2.241598639455782,0.0,False,praat_control
praat7_filtered_v0.3,studio_F1.wav,2.251598639455782,0.0,False,praat_control
praat7_filtered_v0.3,studio_F1.wav,2.261598639455782,0.0,False,praat_control
praat7_filtered_v0.3,studio_F1.wav,2.271598639455782,0.0,False,praat_control
praat7_filtered_v0.3,studio_F1.wav,2.281598639455782,0.0,False,praat_control
praat7_filtered_v0.3,studio_F1.wav,2.291598639455782,0.0,False,praat_control
praat7_filtered_v0.3,studio_F1.wav,2.301598639455782,0.0,False,praat_control
praat7_filtered_v0.3,studio_F1.wav,2.311598639455782,0.0,False,praat_control
praat7_filtered_v0.3,studio_F1.wav,2.321598639455782,0.0,False,praat_control
praat7_filtered_v0.3,studio_F1.wav,2.331598639455782,0.0,False,praat_control
praat7_filtered_v0.3,studio_F1.wav,2.341598639455782,0.0,False,praat_control
praat7_filtered_v0.3,studio_F1.wav,2.351598639455782,0.0,False,praat_control
praat7_filtered_v0.3,studio_F1.wav,2.361598639455782,0.0,False,praat_control
praat7_filtered_v0.3,studio_F1.wav,2.371598639455782,0.0,False,praat_control
praat7_filtered_v0.3,studio_F1.wav,2.381598639455782,0.0,False,praat_control
praat7_filtered_v0.3,studio_F1.wav,2.391598639455782,0.0,False,praat_control
praat7_filtered_v0.3,studio_F1.wav,2.401598639455782,0.0,False,praat_control
praat7_filtered_v0.3,studio_F1.wav,2.411598639455782,0.0,False,praat_control
praat7_filtered_v0.3,studio_F1.wav,2.421598639455782,0.0,False,praat_control
praat7_filtered_v0.3,studio_F1.wav,2.431598639455782,0.0,False,praat_control
praat7_filtered_v0.3,studio_F1.wav,2.441598639455782,0.0,False,praat_control
praat7_filtered_v0.3,studio_F1.wav,2.451598639455782,0.0,False,praat_control
praat7_filtered_v0.3,studio_F1.wav,2.461598639455782,0.0,False,praat_control
praat7_filtered_v0.3,studio_F1.wav,2.471598639455782,0.0,False,praat_control
praat7_filtered_v0.3,studio_F1.wav,2.481598639455782,0.0,False,praat_control
praat7_filtered_v0.3,studio_F1.wav,2.491598639455782,0.0,False,praat_control
praat7_filtered_v0.3,studio_F1.wav,2.501598639455782,0.0,False,praat_control
praat7_filtered_v0.3,studio_F1.wav,2.511598639455782,0.0,False,praat_control
praat7_filtered_v0.3,studio_F1.wav,2.521598639455782,0.0,False,praat_control
praat7_filtered_v0.3,studio_F1.wav,2.531598639455782,0.0,False,praat_control
praat7_filtered_v0.3,studio_F1.wav,2.541598639455782,0.0,False,praat_control
praat7_filtered_v0.3,studio_F1.wav,2.551598639455782,0.0,False,praat_control
praat7_filtered_v0.3,studio_F1.wav,2.561598639455782,0.0,False,praat_control
praat7_filtered_v0.3,studio_F1.wav,2.571598639455782,0.0,False,praat_control
praat7_filtered_v0.3,studio_F1.wav,2.581598639455782,0.0,False,praat_control
praat7_filtered_v0.3,studio_F1.wav,2.591598639455782,0.0,False,praat_control
praat7_filtered_v0.3,studio_F1.wav,2.601598639455782,0.0,False,praat_control
praat7_filtered_v0.3,studio_F1.wav,2.611598639455782,0.0,False,praat_control
praat7_filtered_v0.3,studio_F1.wav,2.621598639455782,0.0,False,praat_control
praat7_filtered_v0.3,studio_F1.wav,2.631598639455782,0.0,False,praat_control
praat7_filtered_v0.3,studio_F1.wav,2.641598639455782,0.0,False,praat_control
praat7_filtered_v0.3,studio_F1.wav,2.651598639455782,0.0,False,praat_control
praat7_filtered_v0.3,studio_F1.wav,2.661598639455782,0.0,False,praat_control
praat7_filtered_v0.3,studio_F1.wav,2.671598639455782,0.0,False,praat_control
praat7_filtered_v0.3,studio_F1.wav,2.681598639455782,0.0,False,praat_control
praat7_filtered_v0.3,studio_F1.wav,2.691598639455782,0.0,False,praat_control
praat7_filtered_v0.3,studio_F1.wav,2.701598639455782,0.0,False,praat_control
praat7_filtered_v0.3,studio_F1.wav,2.711598639455782,0.0,False,praat_control
praat7_filtered_v0.3,studio_F1.wav,2.721598639455782,0.0,False,praat_control
praat7_filtered_v0.3,studio_F1.wav,2.731598639455782,0.0,False,praat_control
praat7_filtered_v0.3,studio_F1.wav,2.741598639455782,0.0,False,praat_control
praat7_filtered_v0.3,studio_F1.wav,2.751598639455782,0.0,False,praat_control
praat7_filtered_v0.3,studio_F1.wav,2.761598639455782,0.0,False,praat_control
praat7_filtered_v0.3,studio_F1.wav,2.771598639455782,0.0,False,praat_control
praat7_filtered_v0.3,studio_F1.wav,2.781598639455782,0.0,False,praat_control
praat7_filtered_v0.3,studio_F1.wav,2.791598639455782,0.0,False,praat_control
praat7_filtered_v0.3,studio_F1.wav,2.801598639455782,0.0,False,praat_control
praat7_filtered_v0.3,studio_F1.wav,2.811598639455782,0.0,False,praat_control
praat7_filtered_v0.3,studio_F1.wav,2.821598639455782,0.0,False,praat_control
praat7_filtered_v0.3,studio_F1.wav,2.831598639455782,0.0,False,praat_control
praat7_filtered_v0.3,studio_F1.wav,2.841598639455782,0.0,False,praat_control
praat_gate_reaper_c0.9,studio_F1.wav,0.021598639455782,0.0,False,unvoiced
praat_gate_reaper_c0.9,studio_F1.wav,0.031598639455782,0.0,False,unvoiced
praat_gate_reaper_c0.9,studio_F1.wav,0.041598639455782,0.0,False,unvoiced
praat_gate_reaper_c0.9,studio_F1.wav,0.051598639455782,0.0,False,unvoiced
praat_gate_reaper_c0.9,studio_F1.wav,0.061598639455782,0.0,False,unvoiced
praat_gate_reaper_c0.9,studio_F1.wav,0.071598639455782,0.0,False,unvoiced
praat_gate_reaper_c0.9,studio_F1.wav,0.081598639455782,0.0,False,unvoiced
praat_gate_reaper_c0.9,studio_F1.wav,0.091598639455782,0.0,False,unvoiced
praat_gate_reaper_c0.9,studio_F1.wav,0.101598639455782,0.0,False,unvoiced
praat_gate_reaper_c0.9,studio_F1.wav,0.111598639455782,0.0,False,unvoiced
praat_gate_reaper_c0.9,studio_F1.wav,0.121598639455782,0.0,False,unvoiced
praat_gate_reaper_c0.9,studio_F1.wav,0.131598639455782,0.0,False,unvoiced
praat_gate_reaper_c0.9,studio_F1.wav,0.141598639455782,0.0,False,unvoiced
praat_gate_reaper_c0.9,studio_F1.wav,0.151598639455782,0.0,False,unvoiced
praat_gate_reaper_c0.9,studio_F1.wav,0.161598639455782,0.0,False,unvoiced
praat_gate_reaper_c0.9,studio_F1.wav,0.171598639455782,0.0,False,unvoiced
praat_gate_reaper_c0.9,studio_F1.wav,0.181598639455782,0.0,False,unvoiced
praat_gate_reaper_c0.9,studio_F1.wav,0.191598639455782,0.0,False,unvoiced
praat_gate_reaper_c0.9,studio_F1.wav,0.201598639455782,0.0,False,unvoiced
praat_gate_reaper_c0.9,studio_F1.wav,0.211598639455782,0.0,False,unvoiced
praat_gate_reaper_c0.9,studio_F1.wav,0.221598639455782,0.0,False,unvoiced
praat_gate_reaper_c0.9,studio_F1.wav,0.231598639455782,0.0,False,unvoiced
praat_gate_reaper_c0.9,studio_F1.wav,0.241598639455782,0.0,False,unvoiced
praat_gate_reaper_c0.9,studio_F1.wav,0.251598639455782,0.0,False,unvoiced
praat_gate_reaper_c0.9,studio_F1.wav,0.261598639455782,0.0,False,unvoiced
praat_gate_reaper_c0.9,studio_F1.wav,0.271598639455782,0.0,False,unvoiced
praat_gate_reaper_c0.9,studio_F1.wav,0.281598639455782,0.0,False,unvoiced
praat_gate_reaper_c0.9,studio_F1.wav,0.291598639455782,0.0,False,unvoiced
praat_gate_reaper_c0.9,studio_F1.wav,0.301598639455782,0.0,False,unvoiced
praat_gate_reaper_c0.9,studio_F1.wav,0.311598639455782,0.0,False,unvoiced
praat_gate_reaper_c0.9,studio_F1.wav,0.321598639455782,0.0,False,unvoiced
praat_gate_reaper_c0.9,studio_F1.wav,0.331598639455782,0.0,False,unvoiced
praat_gate_reaper_c0.9,studio_F1.wav,0.341598639455782,0.0,False,unvoiced
praat_gate_reaper_c0.9,studio_F1.wav,0.351598639455782,0.0,False,unvoiced
praat_gate_reaper_c0.9,studio_F1.wav,0.361598639455782,0.0,False,unvoiced
praat_gate_reaper_c0.9,studio_F1.wav,0.371598639455782,0.0,False,unvoiced
praat_gate_reaper_c0.9,studio_F1.wav,0.381598639455782,0.0,False,unvoiced
praat_gate_reaper_c0.9,studio_F1.wav,0.391598639455782,0.0,False,unvoiced
praat_gate_reaper_c0.9,studio_F1.wav,0.401598639455782,0.0,False,unvoiced
praat_gate_reaper_c0.9,studio_F1.wav,0.411598639455782,0.0,False,unvoiced
praat_gate_reaper_c0.9,studio_F1.wav,0.421598639455782,0.0,False,unvoiced
praat_gate_reaper_c0.9,studio_F1.wav,0.431598639455782,0.0,False,unvoiced
praat_gate_reaper_c0.9,studio_F1.wav,0.441598639455782,0.0,False,unvoiced
praat_gate_reaper_c0.9,studio_F1.wav,0.451598639455782,0.0,False,unvoiced
praat_gate_reaper_c0.9,studio_F1.wav,0.461598639455782,0.0,False,unvoiced
praat_gate_reaper_c0.9,studio_F1.wav,0.471598639455782,0.0,False,unvoiced
praat_gate_reaper_c0.9,studio_F1.wav,0.481598639455782,0.0,False,unvoiced
praat_gate_reaper_c0.9,studio_F1.wav,0.491598639455782,0.0,False,unvoiced
praat_gate_reaper_c0.9,studio_F1.wav,0.501598639455782,0.0,False,unvoiced
praat_gate_reaper_c0.9,studio_F1.wav,0.511598639455782,0.0,False,unvoiced
praat_gate_reaper_c0.9,studio_F1.wav,0.521598639455782,0.0,False,unvoiced
praat_gate_reaper_c0.9,studio_F1.wav,0.531598639455782,0.0,False,unvoiced
praat_gate_reaper_c0.9,studio_F1.wav,0.541598639455782,0.0,False,unvoiced
praat_gate_reaper_c0.9,studio_F1.wav,0.551598639455782,0.0,False,unvoiced
praat_gate_reaper_c0.9,studio_F1.wav,0.561598639455782,0.0,False,unvoiced
praat_gate_reaper_c0.9,studio_F1.wav,0.571598639455782,0.0,False,unvoiced
praat_gate_reaper_c0.9,studio_F1.wav,0.581598639455782,0.0,False,unvoiced
praat_gate_reaper_c0.9,studio_F1.wav,0.591598639455782,0.0,False,unvoiced
praat_gate_reaper_c0.9,studio_F1.wav,0.601598639455782,0.0,False,unvoiced
praat_gate_reaper_c0.9,studio_F1.wav,0.611598639455782,0.0,False,unvoiced
praat_gate_reaper_c0.9,studio_F1.wav,0.621598639455782,0.0,False,unvoiced
praat_gate_reaper_c0.9,studio_F1.wav,0.631598639455782,0.0,False,unvoiced
praat_gate_reaper_c0.9,studio_F1.wav,0.641598639455782,0.0,False,unvoiced
praat_gate_reaper_c0.9,studio_F1.wav,0.651598639455782,0.0,False,unvoiced
praat_gate_reaper_c0.9,studio_F1.wav,0.661598639455782,0.0,False,unvoiced
praat_gate_reaper_c0.9,studio_F1.wav,0.671598639455782,0.0,False,unvoiced
praat_gate_reaper_c0.9,studio_F1.wav,0.681598639455782,0.0,False,unvoiced
praat_gate_reaper_c0.9,studio_F1.wav,0.691598639455782,264.0718688964844,True,reaper
praat_gate_reaper_c0.9,studio_F1.wav,0.701598639455782,272.22222900390625,True,reaper
praat_gate_reaper_c0.9,studio_F1.wav,0.711598639455782,268.9024353027344,True,reaper
praat_gate_reaper_c0.9,studio_F1.wav,0.721598639455782,264.0718688964844,True,reaper
praat_gate_reaper_c0.9,studio_F1.wav,0.731598639455782,260.9467468261719,True,reaper
praat_gate_reaper_c0.9,studio_F1.wav,0.741598639455782,257.8947448730469,True,reaper
praat_gate_reaper_c0.9,studio_F1.wav,0.751598639455782,257.8947448730469,True,reaper
praat_gate_reaper_c0.9,studio_F1.wav,0.761598639455782,256.3953552246094,True,reaper
praat_gate_reaper_c0.9,studio_F1.wav,0.771598639455782,240.98361206054688,True,reaper
praat_gate_reaper_c0.9,studio_F1.wav,0.781598639455782,237.09677124023438,True,reaper
praat_gate_reaper_c0.9,studio_F1.wav,0.791598639455782,237.09677124023438,True,reaper
praat_gate_reaper_c0.9,studio_F1.wav,0.801598639455782,246.36871337890625,True,reaper
praat_gate_reaper_c0.9,studio_F1.wav,0.811598639455782,247.7528076171875,True,reaper
praat_gate_reaper_c0.9,studio_F1.wav,0.821598639455782,246.36871337890625,True,reaper
praat_gate_reaper_c0.9,studio_F1.wav,0.831598639455782,246.36871337890625,True,reaper
praat_gate_reaper_c0.9,studio_F1.wav,0.841598639455782,245.0,True,reaper
praat_gate_reaper_c0.9,studio_F1.wav,0.851598639455782,245.0,True,reaper
praat_gate_reaper_c0.9,studio_F1.wav,0.861598639455782,243.6464080810547,True,reaper
praat_gate_reaper_c0.9,studio_F1.wav,0.871598639455782,242.3076934814453,True,reaper
praat_gate_reaper_c0.9,studio_F1.wav,0.881598639455782,240.98361206054688,True,reaper
praat_gate_reaper_c0.9,studio_F1.wav,0.891598639455782,230.89004516601562,True,reaper
praat_gate_reaper_c0.9,studio_F1.wav,0.901598639455782,228.49740600585938,True,reaper
praat_gate_reaper_c0.9,studio_F1.wav,0.911598639455782,223.8578643798828,True,reaper
praat_gate_reaper_c0.9,studio_F1.wav,0.921598639455782,225.0,True,reaper
praat_gate_reaper_c0.9,studio_F1.wav,0.931598639455782,222.72727966308594,True,reaper
praat_gate_reaper_c0.9,studio_F1.wav,0.941598639455782,229.6875,True,reaper
praat_gate_reaper_c0.9,studio_F1.wav,0.951598639455782,234.574462890625,True,reaper
praat_gate_reaper_c0.9,studio_F1.wav,0.961598639455782,250.56817626953125,True,reaper
praat_gate_reaper_c0.9,studio_F1.wav,0.971598639455782,252.0,True,reaper
praat_gate_reaper_c0.9,studio_F1.wav,0.981598639455782,250.56817626953125,True,reaper
praat_gate_reaper_c0.9,studio_F1.wav,0.991598639455782,243.6464080810547,True,reaper
praat_gate_reaper_c0.9,studio_F1.wav,1.001598639455782,264.0718688964844,True,reaper
praat_gate_reaper_c0.9,studio_F1.wav,1.011598639455782,272.22222900390625,True,reaper
praat_gate_reaper_c0.9,studio_F1.wav,1.021598639455782,275.625,True,reaper
praat_gate_reaper_c0.9,studio_F1.wav,1.031598639455782,284.5161437988281,True,reaper
praat_gate_reaper_c0.9,studio_F1.wav,1.041598639455782,290.131591796875,True,reaper
praat_gate_reaper_c0.9,studio_F1.wav,1.051598639455782,292.052978515625,True,reaper
praat_gate_reaper_c0.9,studio_F1.wav,1.061598639455782,292.052978515625,True,reaper
praat_gate_reaper_c0.9,studio_F1.wav,1.071598639455782,272.22222900390625,True,reaper
praat_gate_reaper_c0.9,studio_F1.wav,1.081598639455782,278.15025347463734,True,praat_missing
praat_gate_reaper_c0.9,studio_F1.wav,1.091598639455782,0.0,False,unvoiced
praat_gate_reaper_c0.9,studio_F1.wav,1.101598639455782,0.0,False,unvoiced
praat_gate_reaper_c0.9,studio_F1.wav,1.111598639455782,0.0,False,unvoiced
praat_gate_reaper_c0.9,studio_F1.wav,1.121598639455782,298.71367714869126,True,praat_missing
praat_gate_reaper_c0.9,studio_F1.wav,1.131598639455782,279.1139221191406,True,reaper
praat_gate_reaper_c0.9,studio_F1.wav,1.141598639455782,264.0718688964844,True,reaper
praat_gate_reaper_c0.9,studio_F1.wav,1.151598639455782,249.1525421142578,True,reaper
praat_gate_reaper_c0.9,studio_F1.wav,1.161598639455782,246.36871337890625,True,reaper
praat_gate_reaper_c0.9,studio_F1.wav,1.171598639455782,243.6464080810547,True,reaper
praat_gate_reaper_c0.9,studio_F1.wav,1.181598639455782,245.0,True,reaper
praat_gate_reaper_c0.9,studio_F1.wav,1.191598639455782,218.31683349609375,True,reaper
praat_gate_reaper_c0.9,studio_F1.wav,1.201598639455782,221.60804748535156,True,reaper
praat_gate_reaper_c0.9,studio_F1.wav,1.211598639455782,0.0,False,unvoiced
praat_gate_reaper_c0.9,studio_F1.wav,1.221598639455782,0.0,False,unvoiced
praat_gate_reaper_c0.9,studio_F1.wav,1.231598639455782,0.0,False,unvoiced
praat_gate_reaper_c0.9,studio_F1.wav,1.241598639455782,0.0,False,unvoiced
praat_gate_reaper_c0.9,studio_F1.wav,1.251598639455782,0.0,False,unvoiced
praat_gate_reaper_c0.9,studio_F1.wav,1.261598639455782,307.4011687131925,True,praat_missing
praat_gate_reaper_c0.9,studio_F1.wav,1.271598639455782,315.0,True,reaper
praat_gate_reaper_c0.9,studio_F1.wav,1.281598639455782,312.7659606933594,True,reaper
praat_gate_reaper_c0.9,studio_F1.wav,1.291598639455782,319.5652160644531,True,reaper
praat_gate_reaper_c0.9,studio_F1.wav,1.301598639455782,317.26617431640625,True,reaper
praat_gate_reaper_c0.9,studio_F1.wav,1.311598639455782,304.137939453125,True,reaper
praat_gate_reaper_c0.9,studio_F1.wav,1.321598639455782,290.131591796875,True,reaper
praat_gate_reaper_c0.9,studio_F1.wav,1.331598639455782,279.1139221191406,True,reaper
praat_gate_reaper_c0.9,studio_F1.wav,1.341598639455782,257.8947448730469,True,reaper
praat_gate_reaper_c0.9,studio_F1.wav,1.351598639455782,245.0,True,reaper
praat_gate_reaper_c0.9,studio_F1.wav,1.361598639455782,228.49740600585938,True,reaper
praat_gate_reaper_c0.9,studio_F1.wav,1.371598639455782,216.1764678955078,True,reaper
praat_gate_reaper_c0.9,studio_F1.wav,1.381598639455782,208.0188751220703,True,reaper
praat_gate_reaper_c0.9,studio_F1.wav,1.391598639455782,201.36985778808594,True,reaper
praat_gate_reaper_c0.9,studio_F1.wav,1.401598639455782,198.64865112304688,True,reaper
praat_gate_reaper_c0.9,studio_F1.wav,1.411598639455782,194.27313232421875,True,reaper
praat_gate_reaper_c0.9,studio_F1.wav,1.421598639455782,202.2935791015625,True,reaper
praat_gate_reaper_c0.9,studio_F1.wav,1.431598639455782,199.54751586914062,True,reaper
praat_gate_reaper_c0.9,studio_F1.wav,1.441598639455782,199.54751586914062,True,reaper
praat_gate_reaper_c0.9,studio_F1.wav,1.451598639455782,204.1666717529297,True,reaper
praat_gate_reaper_c0.9,studio_F1.wav,1.461598639455782,208.0188751220703,True,reaper
praat_gate_reaper_c0.9,studio_F1.wav,1.471598639455782,212.01922607421875,True,reaper
praat_gate_reaper_c0.9,studio_F1.wav,1.481598639455782,214.07766723632812,True,reaper
praat_gate_reaper_c0.9,studio_F1.wav,1.491598639455782,220.5,True,reaper
praat_gate_reaper_c0.9,studio_F1.wav,1.501598639455782,217.2413787841797,True,reaper
praat_gate_reaper_c0.9,studio_F1.wav,1.511598639455782,215.1219482421875,True,reaper
praat_gate_reaper_c0.9,studio_F1.wav,1.521598639455782,212.01922607421875,True,reaper
praat_gate_reaper_c0.9,studio_F1.wav,1.531598639455782,209.00474548339844,True,reaper
praat_gate_reaper_c0.9,studio_F1.wav,1.541598639455782,206.07476806640625,True,reaper
praat_gate_reaper_c0.9,studio_F1.wav,1.551598639455782,175.0,True,reaper
praat_gate_reaper_c0.9,studio_F1.wav,1.561598639455782,197.75784301757812,True,reaper
praat_gate_reaper_c0.9,studio_F1.wav,1.571598639455782,200.4545440673828,True,reaper
praat_gate_reaper_c0.9,studio_F1.wav,1.581598639455782,197.75784301757812,True,reaper
praat_gate_reaper_c0.9,studio_F1.wav,1.591598639455782,196.0,True,reaper
praat_gate_reaper_c0.9,studio_F1.wav,1.601598639455782,196.875,True,reaper
praat_gate_reaper_c0.9,studio_F1.wav,1.611598639455782,196.0,True,reaper
praat_gate_reaper_c0.9,studio_F1.wav,1.621598639455782,187.65957641601562,True,reaper
praat_gate_reaper_c0.9,studio_F1.wav,1.631598639455782,109.97505950927734,True,reaper
praat_gate_reaper_c0.9,studio_F1.wav,1.641598639455782,108.62068939208984,True,reaper
praat_gate_reaper_c0.9,studio_F1.wav,1.651598639455782,0.0,False,unvoiced
praat_gate_reaper_c0.9,studio_F1.wav,1.661598639455782,0.0,False,unvoiced
praat_gate_reaper_c0.9,studio_F1.wav,1.671598639455782,0.0,False,unvoiced
praat_gate_reaper_c0.9,studio_F1.wav,1.681598639455782,0.0,False,unvoiced
praat_gate_reaper_c0.9,studio_F1.wav,1.691598639455782,0.0,False,unvoiced
praat_gate_reaper_c0.9,studio_F1.wav,1.701598639455782,259.4117736816406,True,reaper
praat_gate_reaper_c0.9,studio_F1.wav,1.711598639455782,237.09677124023438,True,reaper
praat_gate_reaper_c0.9,studio_F1.wav,1.721598639455782,230.89004516601562,True,reaper
praat_gate_reaper_c0.9,studio_F1.wav,1.731598639455782,226.15383911132812,True,reaper
praat_gate_reaper_c0.9,studio_F1.wav,1.741598639455782,222.72727966308594,True,reaper
praat_gate_reaper_c0.9,studio_F1.wav,1.751598639455782,181.48147583007812,True,reaper
praat_gate_reaper_c0.9,studio_F1.wav,1.761598639455782,0.0,False,unvoiced
praat_gate_reaper_c0.9,studio_F1.wav,1.771598639455782,0.0,False,unvoiced
praat_gate_reaper_c0.9,studio_F1.wav,1.781598639455782,0.0,False,unvoiced
praat_gate_reaper_c0.9,studio_F1.wav,1.791598639455782,0.0,False,unvoiced
praat_gate_reaper_c0.9,studio_F1.wav,1.801598639455782,111.9289321899414,True,reaper
praat_gate_reaper_c0.9,studio_F1.wav,1.811598639455782,201.36985778808594,True,reaper
praat_gate_reaper_c0.9,studio_F1.wav,1.821598639455782,200.4545440673828,True,reaper
praat_gate_reaper_c0.9,studio_F1.wav,1.831598639455782,193.42105102539062,True,reaper
praat_gate_reaper_c0.9,studio_F1.wav,1.841598639455782,196.875,True,reaper
praat_gate_reaper_c0.9,studio_F1.wav,1.851598639455782,0.0,False,unvoiced
praat_gate_reaper_c0.9,studio_F1.wav,1.861598639455782,0.0,False,unvoiced
praat_gate_reaper_c0.9,studio_F1.wav,1.871598639455782,0.0,False,unvoiced
praat_gate_reaper_c0.9,studio_F1.wav,1.881598639455782,0.0,False,unvoiced
praat_gate_reaper_c0.9,studio_F1.wav,1.891598639455782,0.0,False,unvoiced
praat_gate_reaper_c0.9,studio_F1.wav,1.901598639455782,0.0,False,unvoiced
praat_gate_reaper_c0.9,studio_F1.wav,1.911598639455782,243.06398568956664,True,praat_missing
praat_gate_reaper_c0.9,studio_F1.wav,1.921598639455782,229.6875,True,reaper
praat_gate_reaper_c0.9,studio_F1.wav,1.931598639455782,215.1219482421875,True,reaper
praat_gate_reaper_c0.9,studio_F1.wav,1.941598639455782,210.0,True,reaper
praat_gate_reaper_c0.9,studio_F1.wav,1.951598639455782,208.0188751220703,True,reaper
praat_gate_reaper_c0.9,studio_F1.wav,1.961598639455782,207.04225158691406,True,reaper
praat_gate_reaper_c0.9,studio_F1.wav,1.971598639455782,204.1666717529297,True,reaper
praat_gate_reaper_c0.9,studio_F1.wav,1.981598639455782,203.22579956054688,True,reaper
praat_gate_reaper_c0.9,studio_F1.wav,1.991598639455782,199.54751586914062,True,reaper
praat_gate_reaper_c0.9,studio_F1.wav,2.001598639455782,198.64865112304688,True,reaper
praat_gate_reaper_c0.9,studio_F1.wav,2.011598639455782,196.875,True,reaper
praat_gate_reaper_c0.9,studio_F1.wav,2.021598639455782,195.1327362060547,True,reaper
praat_gate_reaper_c0.9,studio_F1.wav,2.031598639455782,195.1327362060547,True,reaper
praat_gate_reaper_c0.9,studio_F1.wav,2.041598639455782,191.7391357421875,True,reaper
praat_gate_reaper_c0.9,studio_F1.wav,2.051598639455782,189.2703857421875,True,reaper
praat_gate_reaper_c0.9,studio_F1.wav,2.061598639455782,190.08621215820312,True,reaper
praat_gate_reaper_c0.9,studio_F1.wav,2.071598639455782,189.2703857421875,True,reaper
praat_gate_reaper_c0.9,studio_F1.wav,2.081598639455782,188.46153259277344,True,reaper
praat_gate_reaper_c0.9,studio_F1.wav,2.091598639455782,186.86441040039062,True,reaper
praat_gate_reaper_c0.9,studio_F1.wav,2.101598639455782,186.07594299316406,True,reaper
praat_gate_reaper_c0.9,studio_F1.wav,2.111598639455782,181.48147583007812,True,reaper
praat_gate_reaper_c0.9,studio_F1.wav,2.121598639455782,181.48147583007812,True,reaper
praat_gate_reaper_c0.9,studio_F1.wav,2.131598639455782,163.94052124023438,True,reaper
praat_gate_reaper_c0.9,studio_F1.wav,2.141598639455782,163.3333282470703,True,reaper
praat_gate_reaper_c0.9,studio_F1.wav,2.151598639455782,0.0,False,unvoiced
praat_gate_reaper_c0.9,studio_F1.wav,2.161598639455782,0.0,False,unvoiced
praat_gate_reaper_c0.9,studio_F1.wav,2.171598639455782,0.0,False,unvoiced
praat_gate_reaper_c0.9,studio_F1.wav,2.181598639455782,0.0,False,unvoiced
praat_gate_reaper_c0.9,studio_F1.wav,2.191598639455782,0.0,False,unvoiced
praat_gate_reaper_c0.9,studio_F1.wav,2.201598639455782,0.0,False,unvoiced
praat_gate_reaper_c0.9,studio_F1.wav,2.211598639455782,0.0,False,unvoiced
praat_gate_reaper_c0.9,studio_F1.wav,2.221598639455782,0.0,False,unvoiced
praat_gate_reaper_c0.9,studio_F1.wav,2.231598639455782,0.0,False,unvoiced
praat_gate_reaper_c0.9,studio_F1.wav,2.241598639455782,0.0,False,unvoiced
praat_gate_reaper_c0.9,studio_F1.wav,2.251598639455782,0.0,False,unvoiced
praat_gate_reaper_c0.9,studio_F1.wav,2.261598639455782,0.0,False,unvoiced
praat_gate_reaper_c0.9,studio_F1.wav,2.271598639455782,0.0,False,unvoiced
praat_gate_reaper_c0.9,studio_F1.wav,2.281598639455782,0.0,False,unvoiced
praat_gate_reaper_c0.9,studio_F1.wav,2.291598639455782,0.0,False,unvoiced
praat_gate_reaper_c0.9,studio_F1.wav,2.301598639455782,0.0,False,unvoiced
praat_gate_reaper_c0.9,studio_F1.wav,2.311598639455782,0.0,False,unvoiced
praat_gate_reaper_c0.9,studio_F1.wav,2.321598639455782,0.0,False,unvoiced
praat_gate_reaper_c0.9,studio_F1.wav,2.331598639455782,0.0,False,unvoiced
praat_gate_reaper_c0.9,studio_F1.wav,2.341598639455782,0.0,False,unvoiced
praat_gate_reaper_c0.9,studio_F1.wav,2.351598639455782,0.0,False,unvoiced
praat_gate_reaper_c0.9,studio_F1.wav,2.361598639455782,0.0,False,unvoiced
praat_gate_reaper_c0.9,studio_F1.wav,2.371598639455782,0.0,False,unvoiced
praat_gate_reaper_c0.9,studio_F1.wav,2.381598639455782,0.0,False,unvoiced
praat_gate_reaper_c0.9,studio_F1.wav,2.391598639455782,0.0,False,unvoiced
praat_gate_reaper_c0.9,studio_F1.wav,2.401598639455782,0.0,False,unvoiced
praat_gate_reaper_c0.9,studio_F1.wav,2.411598639455782,0.0,False,unvoiced
praat_gate_reaper_c0.9,studio_F1.wav,2.421598639455782,0.0,False,unvoiced
praat_gate_reaper_c0.9,studio_F1.wav,2.431598639455782,0.0,False,unvoiced
praat_gate_reaper_c0.9,studio_F1.wav,2.441598639455782,0.0,False,unvoiced
praat_gate_reaper_c0.9,studio_F1.wav,2.451598639455782,0.0,False,unvoiced
praat_gate_reaper_c0.9,studio_F1.wav,2.461598639455782,0.0,False,unvoiced
praat_gate_reaper_c0.9,studio_F1.wav,2.471598639455782,0.0,False,unvoiced
praat_gate_reaper_c0.9,studio_F1.wav,2.481598639455782,0.0,False,unvoiced
praat_gate_reaper_c0.9,studio_F1.wav,2.491598639455782,0.0,False,unvoiced
praat_gate_reaper_c0.9,studio_F1.wav,2.501598639455782,0.0,False,unvoiced
praat_gate_reaper_c0.9,studio_F1.wav,2.511598639455782,0.0,False,unvoiced
praat_gate_reaper_c0.9,studio_F1.wav,2.521598639455782,0.0,False,unvoiced
praat_gate_reaper_c0.9,studio_F1.wav,2.531598639455782,0.0,False,unvoiced
praat_gate_reaper_c0.9,studio_F1.wav,2.541598639455782,0.0,False,unvoiced
praat_gate_reaper_c0.9,studio_F1.wav,2.551598639455782,0.0,False,unvoiced
praat_gate_reaper_c0.9,studio_F1.wav,2.561598639455782,0.0,False,unvoiced
praat_gate_reaper_c0.9,studio_F1.wav,2.571598639455782,0.0,False,unvoiced
praat_gate_reaper_c0.9,studio_F1.wav,2.581598639455782,0.0,False,unvoiced
praat_gate_reaper_c0.9,studio_F1.wav,2.591598639455782,0.0,False,unvoiced
praat_gate_reaper_c0.9,studio_F1.wav,2.601598639455782,0.0,False,unvoiced
praat_gate_reaper_c0.9,studio_F1.wav,2.611598639455782,0.0,False,unvoiced
praat_gate_reaper_c0.9,studio_F1.wav,2.621598639455782,0.0,False,unvoiced
praat_gate_reaper_c0.9,studio_F1.wav,2.631598639455782,0.0,False,unvoiced
praat_gate_reaper_c0.9,studio_F1.wav,2.641598639455782,0.0,False,unvoiced
praat_gate_reaper_c0.9,studio_F1.wav,2.651598639455782,0.0,False,unvoiced
praat_gate_reaper_c0.9,studio_F1.wav,2.661598639455782,0.0,False,unvoiced
praat_gate_reaper_c0.9,studio_F1.wav,2.671598639455782,0.0,False,unvoiced
praat_gate_reaper_c0.9,studio_F1.wav,2.681598639455782,0.0,False,unvoiced
praat_gate_reaper_c0.9,studio_F1.wav,2.691598639455782,0.0,False,unvoiced
praat_gate_reaper_c0.9,studio_F1.wav,2.701598639455782,0.0,False,unvoiced
praat_gate_reaper_c0.9,studio_F1.wav,2.711598639455782,0.0,False,unvoiced
praat_gate_reaper_c0.9,studio_F1.wav,2.721598639455782,0.0,False,unvoiced
praat_gate_reaper_c0.9,studio_F1.wav,2.731598639455782,0.0,False,unvoiced
praat_gate_reaper_c0.9,studio_F1.wav,2.741598639455782,0.0,False,unvoiced
praat_gate_reaper_c0.9,studio_F1.wav,2.751598639455782,0.0,False,unvoiced
praat_gate_reaper_c0.9,studio_F1.wav,2.761598639455782,0.0,False,unvoiced
praat_gate_reaper_c0.9,studio_F1.wav,2.771598639455782,0.0,False,unvoiced
praat_gate_reaper_c0.9,studio_F1.wav,2.781598639455782,0.0,False,unvoiced
praat_gate_reaper_c0.9,studio_F1.wav,2.791598639455782,0.0,False,unvoiced
praat_gate_reaper_c0.9,studio_F1.wav,2.801598639455782,0.0,False,unvoiced
praat_gate_reaper_c0.9,studio_F1.wav,2.811598639455782,0.0,False,unvoiced
praat_gate_reaper_c0.9,studio_F1.wav,2.821598639455782,0.0,False,unvoiced
praat_gate_reaper_c0.9,studio_F1.wav,2.831598639455782,0.0,False,unvoiced
praat_gate_reaper_c0.9,studio_F1.wav,2.841598639455782,0.0,False,unvoiced
praat_reaper_b100_a0.5,studio_F1.wav,0.021598639455782,0.0,False,unvoiced
praat_reaper_b100_a0.5,studio_F1.wav,0.031598639455782,0.0,False,unvoiced
praat_reaper_b100_a0.5,studio_F1.wav,0.041598639455782,0.0,False,unvoiced
praat_reaper_b100_a0.5,studio_F1.wav,0.051598639455782,0.0,False,unvoiced
praat_reaper_b100_a0.5,studio_F1.wav,0.061598639455782,0.0,False,unvoiced
praat_reaper_b100_a0.5,studio_F1.wav,0.071598639455782,0.0,False,unvoiced
praat_reaper_b100_a0.5,studio_F1.wav,0.081598639455782,0.0,False,unvoiced
praat_reaper_b100_a0.5,studio_F1.wav,0.091598639455782,0.0,False,unvoiced
praat_reaper_b100_a0.5,studio_F1.wav,0.101598639455782,0.0,False,unvoiced
praat_reaper_b100_a0.5,studio_F1.wav,0.111598639455782,0.0,False,unvoiced
praat_reaper_b100_a0.5,studio_F1.wav,0.121598639455782,0.0,False,unvoiced
praat_reaper_b100_a0.5,studio_F1.wav,0.131598639455782,0.0,False,unvoiced
praat_reaper_b100_a0.5,studio_F1.wav,0.141598639455782,0.0,False,unvoiced
praat_reaper_b100_a0.5,studio_F1.wav,0.151598639455782,0.0,False,unvoiced
praat_reaper_b100_a0.5,studio_F1.wav,0.161598639455782,0.0,False,unvoiced
praat_reaper_b100_a0.5,studio_F1.wav,0.171598639455782,0.0,False,unvoiced
praat_reaper_b100_a0.5,studio_F1.wav,0.181598639455782,0.0,False,unvoiced
praat_reaper_b100_a0.5,studio_F1.wav,0.191598639455782,0.0,False,unvoiced
praat_reaper_b100_a0.5,studio_F1.wav,0.201598639455782,0.0,False,unvoiced
praat_reaper_b100_a0.5,studio_F1.wav,0.211598639455782,0.0,False,unvoiced
praat_reaper_b100_a0.5,studio_F1.wav,0.221598639455782,0.0,False,unvoiced
praat_reaper_b100_a0.5,studio_F1.wav,0.231598639455782,0.0,False,unvoiced
praat_reaper_b100_a0.5,studio_F1.wav,0.241598639455782,0.0,False,unvoiced
praat_reaper_b100_a0.5,studio_F1.wav,0.251598639455782,0.0,False,unvoiced
praat_reaper_b100_a0.5,studio_F1.wav,0.261598639455782,0.0,False,unvoiced
praat_reaper_b100_a0.5,studio_F1.wav,0.271598639455782,0.0,False,unvoiced
praat_reaper_b100_a0.5,studio_F1.wav,0.281598639455782,0.0,False,unvoiced
praat_reaper_b100_a0.5,studio_F1.wav,0.291598639455782,0.0,False,unvoiced
praat_reaper_b100_a0.5,studio_F1.wav,0.301598639455782,0.0,False,unvoiced
praat_reaper_b100_a0.5,studio_F1.wav,0.311598639455782,0.0,False,unvoiced
praat_reaper_b100_a0.5,studio_F1.wav,0.321598639455782,0.0,False,unvoiced
praat_reaper_b100_a0.5,studio_F1.wav,0.331598639455782,0.0,False,unvoiced
praat_reaper_b100_a0.5,studio_F1.wav,0.341598639455782,0.0,False,unvoiced
praat_reaper_b100_a0.5,studio_F1.wav,0.351598639455782,0.0,False,unvoiced
praat_reaper_b100_a0.5,studio_F1.wav,0.361598639455782,0.0,False,unvoiced
praat_reaper_b100_a0.5,studio_F1.wav,0.371598639455782,0.0,False,unvoiced
praat_reaper_b100_a0.5,studio_F1.wav,0.381598639455782,0.0,False,unvoiced
praat_reaper_b100_a0.5,studio_F1.wav,0.391598639455782,0.0,False,unvoiced
praat_reaper_b100_a0.5,studio_F1.wav,0.401598639455782,0.0,False,unvoiced
praat_reaper_b100_a0.5,studio_F1.wav,0.411598639455782,0.0,False,unvoiced
praat_reaper_b100_a0.5,studio_F1.wav,0.421598639455782,0.0,False,unvoiced
praat_reaper_b100_a0.5,studio_F1.wav,0.431598639455782,0.0,False,unvoiced
praat_reaper_b100_a0.5,studio_F1.wav,0.441598639455782,0.0,False,unvoiced
praat_reaper_b100_a0.5,studio_F1.wav,0.451598639455782,0.0,False,unvoiced
praat_reaper_b100_a0.5,studio_F1.wav,0.461598639455782,0.0,False,unvoiced
praat_reaper_b100_a0.5,studio_F1.wav,0.471598639455782,0.0,False,unvoiced
praat_reaper_b100_a0.5,studio_F1.wav,0.481598639455782,0.0,False,unvoiced
praat_reaper_b100_a0.5,studio_F1.wav,0.491598639455782,0.0,False,unvoiced
praat_reaper_b100_a0.5,studio_F1.wav,0.501598639455782,0.0,False,unvoiced
praat_reaper_b100_a0.5,studio_F1.wav,0.511598639455782,0.0,False,unvoiced
praat_reaper_b100_a0.5,studio_F1.wav,0.521598639455782,0.0,False,unvoiced
praat_reaper_b100_a0.5,studio_F1.wav,0.531598639455782,0.0,False,unvoiced
praat_reaper_b100_a0.5,studio_F1.wav,0.541598639455782,0.0,False,unvoiced
praat_reaper_b100_a0.5,studio_F1.wav,0.551598639455782,0.0,False,unvoiced
praat_reaper_b100_a0.5,studio_F1.wav,0.561598639455782,0.0,False,unvoiced
praat_reaper_b100_a0.5,studio_F1.wav,0.571598639455782,0.0,False,unvoiced
praat_reaper_b100_a0.5,studio_F1.wav,0.581598639455782,0.0,False,unvoiced
praat_reaper_b100_a0.5,studio_F1.wav,0.591598639455782,0.0,False,unvoiced
praat_reaper_b100_a0.5,studio_F1.wav,0.601598639455782,0.0,False,unvoiced
praat_reaper_b100_a0.5,studio_F1.wav,0.611598639455782,0.0,False,unvoiced
praat_reaper_b100_a0.5,studio_F1.wav,0.621598639455782,0.0,False,unvoiced
praat_reaper_b100_a0.5,studio_F1.wav,0.631598639455782,0.0,False,unvoiced
praat_reaper_b100_a0.5,studio_F1.wav,0.641598639455782,0.0,False,unvoiced
praat_reaper_b100_a0.5,studio_F1.wav,0.651598639455782,0.0,False,unvoiced
praat_reaper_b100_a0.5,studio_F1.wav,0.661598639455782,0.0,False,unvoiced
praat_reaper_b100_a0.5,studio_F1.wav,0.671598639455782,0.0,False,unvoiced
praat_reaper_b100_a0.5,studio_F1.wav,0.681598639455782,0.0,False,unvoiced
praat_reaper_b100_a0.5,studio_F1.wav,0.691598639455782,268.86914177073635,True,blend_agree
praat_reaper_b100_a0.5,studio_F1.wav,0.701598639455782,271.861495766616,True,blend_agree
praat_reaper_b100_a0.5,studio_F1.wav,0.711598639455782,268.7341328719303,True,blend_agree
praat_reaper_b100_a0.5,studio_F1.wav,0.721598639455782,264.47752110805,True,blend_agree
praat_reaper_b100_a0.5,studio_F1.wav,0.731598639455782,260.9292902075183,True,blend_agree
praat_reaper_b100_a0.5,studio_F1.wav,0.741598639455782,258.1790247110538,True,blend_agree
praat_reaper_b100_a0.5,studio_F1.wav,0.751598639455782,257.1099864017057,True,blend_agree
praat_reaper_b100_a0.5,studio_F1.wav,0.761598639455782,255.0175095519054,True,blend_agree
praat_reaper_b100_a0.5,studio_F1.wav,0.771598639455782,244.0228452946949,True,blend_agree
praat_reaper_b100_a0.5,studio_F1.wav,0.781598639455782,237.68865579232153,True,blend_agree
praat_reaper_b100_a0.5,studio_F1.wav,0.791598639455782,238.37071899974228,True,blend_agree
praat_reaper_b100_a0.5,studio_F1.wav,0.801598639455782,245.77460406305775,True,blend_agree
praat_reaper_b100_a0.5,studio_F1.wav,0.811598639455782,247.67652897039122,True,blend_agree
praat_reaper_b100_a0.5,studio_F1.wav,0.821598639455782,246.79894242527268,True,blend_agree
praat_reaper_b100_a0.5,studio_F1.wav,0.831598639455782,246.33381569283864,True,blend_agree
praat_reaper_b100_a0.5,studio_F1.wav,0.841598639455782,245.33846304744014,True,blend_agree
praat_reaper_b100_a0.5,studio_F1.wav,0.851598639455782,245.09976071837553,True,blend_agree
praat_reaper_b100_a0.5,studio_F1.wav,0.861598639455782,243.84792377698477,True,blend_agree
praat_reaper_b100_a0.5,studio_F1.wav,0.871598639455782,242.4386293618775,True,blend_agree
praat_reaper_b100_a0.5,studio_F1.wav,0.881598639455782,241.00632810087973,True,blend_agree
praat_reaper_b100_a0.5,studio_F1.wav,0.891598639455782,234.78107284500206,True,blend_agree
praat_reaper_b100_a0.5,studio_F1.wav,0.901598639455782,230.50506752743792,True,blend_agree
praat_reaper_b100_a0.5,studio_F1.wav,0.911598639455782,223.73586998781514,True,blend_agree
praat_reaper_b100_a0.5,studio_F1.wav,0.921598639455782,224.21839270926978,True,blend_agree
praat_reaper_b100_a0.5,studio_F1.wav,0.931598639455782,224.11077009075527,True,blend_agree
praat_reaper_b100_a0.5,studio_F1.wav,0.941598639455782,229.94206073578135,True,blend_agree
praat_reaper_b100_a0.5,studio_F1.wav,0.951598639455782,236.8605114459824,True,blend_agree
praat_reaper_b100_a0.5,studio_F1.wav,0.961598639455782,250.95709425976935,True,blend_agree
praat_reaper_b100_a0.5,studio_F1.wav,0.971598639455782,252.68113853031718,True,blend_agree
praat_reaper_b100_a0.5,studio_F1.wav,0.981598639455782,249.9268054437963,True,blend_agree
praat_reaper_b100_a0.5,studio_F1.wav,0.991598639455782,243.05394903465447,True,blend_agree
praat_reaper_b100_a0.5,studio_F1.wav,1.001598639455782,243.96108341402393,True,praat_disagreement
praat_reaper_b100_a0.5,studio_F1.wav,1.011598639455782,272.2578239835495,True,blend_agree
praat_reaper_b100_a0.5,studio_F1.wav,1.021598639455782,275.89985634832317,True,blend_agree
praat_reaper_b100_a0.5,studio_F1.wav,1.031598639455782,283.50832200889596,True,blend_agree
praat_reaper_b100_a0.5,studio_F1.wav,1.041598639455782,289.48367438275744,True,blend_agree
praat_reaper_b100_a0.5,studio_F1.wav,1.051598639455782,292.5672988324252,True,blend_agree
praat_reaper_b100_a0.5,studio_F1.wav,1.061598639455782,292.7825572947231,True,blend_agree
praat_reaper_b100_a0.5,studio_F1.wav,1.071598639455782,279.631723672447,True,blend_agree
praat_reaper_b100_a0.5,studio_F1.wav,1.081598639455782,278.15025347463734,True,praat_missing
praat_reaper_b100_a0.5,studio_F1.wav,1.091598639455782,0.0,False,unvoiced
praat_reaper_b100_a0.5,studio_F1.wav,1.101598639455782,0.0,False,unvoiced
praat_reaper_b100_a0.5,studio_F1.wav,1.111598639455782,0.0,False,unvoiced
praat_reaper_b100_a0.5,studio_F1.wav,1.121598639455782,298.71367714869126,True,praat_missing
praat_reaper_b100_a0.5,studio_F1.wav,1.131598639455782,282.8457293034643,True,blend_agree
praat_reaper_b100_a0.5,studio_F1.wav,1.141598639455782,267.014967139251,True,blend_agree
praat_reaper_b100_a0.5,studio_F1.wav,1.151598639455782,251.14006879992877,True,blend_agree
praat_reaper_b100_a0.5,studio_F1.wav,1.161598639455782,246.23209962552528,True,blend_agree
praat_reaper_b100_a0.5,studio_F1.wav,1.171598639455782,243.54800641598598,True,blend_agree
praat_reaper_b100_a0.5,studio_F1.wav,1.181598639455782,244.028340747638,True,blend_agree
praat_reaper_b100_a0.5,studio_F1.wav,1.191598639455782,240.5534117585532,True,praat_disagreement
praat_reaper_b100_a0.5,studio_F1.wav,1.201598639455782,225.2033584935969,True,blend_agree
praat_reaper_b100_a0.5,studio_F1.wav,1.211598639455782,0.0,False,unvoiced
praat_reaper_b100_a0.5,studio_F1.wav,1.221598639455782,0.0,False,unvoiced
praat_reaper_b100_a0.5,studio_F1.wav,1.231598639455782,0.0,False,unvoiced
praat_reaper_b100_a0.5,studio_F1.wav,1.241598639455782,0.0,False,unvoiced
praat_reaper_b100_a0.5,studio_F1.wav,1.251598639455782,0.0,False,unvoiced
praat_reaper_b100_a0.5,studio_F1.wav,1.261598639455782,307.4011687131925,True,praat_missing
praat_reaper_b100_a0.5,studio_F1.wav,1.271598639455782,314.40271966908034,True,blend_agree
praat_reaper_b100_a0.5,studio_F1.wav,1.281598639455782,313.92566229819676,True,blend_agree
praat_reaper_b100_a0.5,studio_F1.wav,1.291598639455782,318.7016663788389,True,blend_agree
praat_reaper_b100_a0.5,studio_F1.wav,1.301598639455782,317.06867535101276,True,blend_agree
praat_reaper_b100_a0.5,studio_F1.wav,1.311598639455782,306.42569852961856,True,blend_agree
praat_reaper_b100_a0.5,studio_F1.wav,1.321598639455782,292.5826491342074,True,blend_agree
praat_reaper_b100_a0.5,studio_F1.wav,1.331598639455782,279.45183644778274,True,blend_agree
praat_reaper_b100_a0.5,studio_F1.wav,1.341598639455782,260.7406314098971,True,blend_agree
praat_reaper_b100_a0.5,studio_F1.wav,1.351598639455782,244.56117295284784,True,blend_agree
praat_reaper_b100_a0.5,studio_F1.wav,1.361598639455782,229.51497587269978,True,blend_agree
praat_reaper_b100_a0.5,studio_F1.wav,1.371598639455782,217.50207556293736,True,blend_agree
praat_reaper_b100_a0.5,studio_F1.wav,1.381598639455782,209.10207851762885,True,blend_agree
praat_reaper_b100_a0.5,studio_F1.wav,1.391598639455782,202.54828309494857,True,blend_agree
praat_reaper_b100_a0.5,studio_F1.wav,1.401598639455782,199.01622236126698,True,blend_agree
praat_reaper_b100_a0.5,studio_F1.wav,1.411598639455782,194.35806426466138,True,blend_agree
praat_reaper_b100_a0.5,studio_F1.wav,1.421598639455782,196.75345783293142,True,blend_agree
praat_reaper_b100_a0.5,studio_F1.wav,1.431598639455782,199.83900404616801,True,blend_agree
praat_reaper_b100_a0.5,studio_F1.wav,1.441598639455782,200.80185300284768,True,blend_agree
praat_reaper_b100_a0.5,studio_F1.wav,1.451598639455782,203.79773854688003,True,blend_agree
praat_reaper_b100_a0.5,studio_F1.wav,1.461598639455782,207.2781879838652,True,blend_agree
praat_reaper_b100_a0.5,studio_F1.wav,1.471598639455782,211.47194655348065,True,blend_agree
praat_reaper_b100_a0.5,studio_F1.wav,1.481598639455782,214.3780524501113,True,blend_agree
praat_reaper_b100_a0.5,studio_F1.wav,1.491598639455782,219.52972833558792,True,blend_agree
praat_reaper_b100_a0.5,studio_F1.wav,1.501598639455782,217.69550478944268,True,blend_agree
praat_reaper_b100_a0.5,studio_F1.wav,1.511598639455782,215.41674991802026,True,blend_agree
praat_reaper_b100_a0.5,studio_F1.wav,1.521598639455782,212.59805407889155,True,blend_agree
praat_reaper_b100_a0.5,studio_F1.wav,1.531598639455782,209.52036811166622,True,blend_agree
praat_reaper_b100_a0.5,studio_F1.wav,1.541598639455782,206.24977857451637,True,blend_agree
praat_reaper_b100_a0.5,studio_F1.wav,1.551598639455782,198.97126733794192,True,praat_disagreement
praat_reaper_b100_a0.5,studio_F1.wav,1.561598639455782,197.29047956687023,True,blend_agree
praat_reaper_b100_a0.5,studio_F1.wav,1.571598639455782,200.27716258472898,True,blend_agree
praat_reaper_b100_a0.5,studio_F1.wav,1.581598639455782,198.53095475425897,True,blend_agree
praat_reaper_b100_a0.5,studio_F1.wav,1.591598639455782,196.61745997470447,True,blend_agree
praat_reaper_b100_a0.5,studio_F1.wav,1.601598639455782,196.92045527702757,True,blend_agree
praat_reaper_b100_a0.5,studio_F1.wav,1.611598639455782,196.746180079664,True,blend_agree
praat_reaper_b100_a0.5,studio_F1.wav,1.621598639455782,191.45550542366743,True,blend_agree
praat_reaper_b100_a0.5,studio_F1.wav,1.631598639455782,187.87057387625828,True,praat_disagreement
praat_reaper_b100_a0.5,studio_F1.wav,1.641598639455782,178.862734226114,True,praat_disagreement
praat_reaper_b100_a0.5,studio_F1.wav,1.651598639455782,0.0,False,unvoiced
praat_reaper_b100_a0.5,studio_F1.wav,1.661598639455782,0.0,False,unvoiced
praat_reaper_b100_a0.5,studio_F1.wav,1.671598639455782,0.0,False,unvoiced
praat_reaper_b100_a0.5,studio_F1.wav,1.681598639455782,0.0,False,unvoiced
praat_reaper_b100_a0.5,studio_F1.wav,1.691598639455782,0.0,False,unvoiced
praat_reaper_b100_a0.5,studio_F1.wav,1.701598639455782,254.69467727630115,True,blend_agree
praat_reaper_b100_a0.5,studio_F1.wav,1.711598639455782,239.33986536010815,True,blend_agree
praat_reaper_b100_a0.5,studio_F1.wav,1.721598639455782,231.82793347528786,True,blend_agree
praat_reaper_b100_a0.5,studio_F1.wav,1.731598639455782,226.73040628732173,True,blend_agree
praat_reaper_b100_a0.5,studio_F1.wav,1.741598639455782,222.2966740739792,True,blend_agree
praat_reaper_b100_a0.5,studio_F1.wav,1.751598639455782,210.8010297115502,True,praat_disagreement
praat_reaper_b100_a0.5,studio_F1.wav,1.761598639455782,0.0,False,unvoiced
praat_reaper_b100_a0.5,studio_F1.wav,1.771598639455782,0.0,False,unvoiced
praat_reaper_b100_a0.5,studio_F1.wav,1.781598639455782,0.0,False,unvoiced
praat_reaper_b100_a0.5,studio_F1.wav,1.791598639455782,0.0,False,unvoiced
praat_reaper_b100_a0.5,studio_F1.wav,1.801598639455782,174.74005887608055,True,praat_disagreement
praat_reaper_b100_a0.5,studio_F1.wav,1.811598639455782,185.677711831884,True,praat_disagreement
praat_reaper_b100_a0.5,studio_F1.wav,1.821598639455782,199.18138939407797,True,blend_agree
praat_reaper_b100_a0.5,studio_F1.wav,1.831598639455782,194.84700508136507,True,blend_agree
praat_reaper_b100_a0.5,studio_F1.wav,1.841598639455782,197.89494174799947,True,blend_agree
praat_reaper_b100_a0.5,studio_F1.wav,1.851598639455782,0.0,False,unvoiced
praat_reaper_b100_a0.5,studio_F1.wav,1.861598639455782,0.0,False,unvoiced
praat_reaper_b100_a0.5,studio_F1.wav,1.871598639455782,0.0,False,unvoiced
praat_reaper_b100_a0.5,studio_F1.wav,1.881598639455782,0.0,False,unvoiced
praat_reaper_b100_a0.5,studio_F1.wav,1.891598639455782,0.0,False,unvoiced
praat_reaper_b100_a0.5,studio_F1.wav,1.901598639455782,0.0,False,unvoiced
praat_reaper_b100_a0.5,studio_F1.wav,1.911598639455782,243.06398568956664,True,praat_missing
praat_reaper_b100_a0.5,studio_F1.wav,1.921598639455782,228.58104393834358,True,blend_agree
praat_reaper_b100_a0.5,studio_F1.wav,1.931598639455782,216.494679213125,True,blend_agree
praat_reaper_b100_a0.5,studio_F1.wav,1.941598639455782,211.2165063862212,True,blend_agree
praat_reaper_b100_a0.5,studio_F1.wav,1.951598639455782,208.74914698658142,True,blend_agree
praat_reaper_b100_a0.5,studio_F1.wav,1.961598639455782,207.2468531899952,True,blend_agree
praat_reaper_b100_a0.5,studio_F1.wav,1.971598639455782,204.86019950895067,True,blend_agree
praat_reaper_b100_a0.5,studio_F1.wav,1.981598639455782,203.1611101150229,True,blend_agree
praat_reaper_b100_a0.5,studio_F1.wav,1.991598639455782,200.38332741146792,True,blend_agree
praat_reaper_b100_a0.5,studio_F1.wav,2.001598639455782,199.32141245647304,True,blend_agree
praat_reaper_b100_a0.5,studio_F1.wav,2.011598639455782,197.78367346803242,True,blend_agree
praat_reaper_b100_a0.5,studio_F1.wav,2.021598639455782,195.96839114187566,True,blend_agree
praat_reaper_b100_a0.5,studio_F1.wav,2.031598639455782,195.21500571683967,True,blend_agree
praat_reaper_b100_a0.5,studio_F1.wav,2.041598639455782,192.57984311665163,True,blend_agree
praat_reaper_b100_a0.5,studio_F1.wav,2.051598639455782,190.0886599542432,True,blend_agree
praat_reaper_b100_a0.5,studio_F1.wav,2.061598639455782,189.93486485285368,True,blend_agree
praat_reaper_b100_a0.5,studio_F1.wav,2.071598639455782,189.49122576975913,True,blend_agree
praat_reaper_b100_a0.5,studio_F1.wav,2.081598639455782,188.27996516836652,True,blend_agree
praat_reaper_b100_a0.5,studio_F1.wav,2.091598639455782,186.5211484412423,True,blend_agree
praat_reaper_b100_a0.5,studio_F1.wav,2.101598639455782,185.35302671562664,True,blend_agree
praat_reaper_b100_a0.5,studio_F1.wav,2.111598639455782,181.82365174513296,True,blend_agree
praat_reaper_b100_a0.5,studio_F1.wav,2.121598639455782,180.07976052830696,True,blend_agree
praat_reaper_b100_a0.5,studio_F1.wav,2.131598639455782,168.07789321033405,True,blend_agree
praat_reaper_b100_a0.5,studio_F1.wav,2.141598639455782,163.79340762076112,True,blend_agree
praat_reaper_b100_a0.5,studio_F1.wav,2.151598639455782,0.0,False,unvoiced
praat_reaper_b100_a0.5,studio_F1.wav,2.161598639455782,0.0,False,unvoiced
praat_reaper_b100_a0.5,studio_F1.wav,2.171598639455782,0.0,False,unvoiced
praat_reaper_b100_a0.5,studio_F1.wav,2.181598639455782,0.0,False,unvoiced
praat_reaper_b100_a0.5,studio_F1.wav,2.191598639455782,0.0,False,unvoiced
praat_reaper_b100_a0.5,studio_F1.wav,2.201598639455782,0.0,False,unvoiced
praat_reaper_b100_a0.5,studio_F1.wav,2.211598639455782,0.0,False,unvoiced
praat_reaper_b100_a0.5,studio_F1.wav,2.221598639455782,0.0,False,unvoiced
praat_reaper_b100_a0.5,studio_F1.wav,2.231598639455782,0.0,False,unvoiced
praat_reaper_b100_a0.5,studio_F1.wav,2.241598639455782,0.0,False,unvoiced
praat_reaper_b100_a0.5,studio_F1.wav,2.251598639455782,0.0,False,unvoiced
praat_reaper_b100_a0.5,studio_F1.wav,2.261598639455782,0.0,False,unvoiced
praat_reaper_b100_a0.5,studio_F1.wav,2.271598639455782,0.0,False,unvoiced
praat_reaper_b100_a0.5,studio_F1.wav,2.281598639455782,0.0,False,unvoiced
praat_reaper_b100_a0.5,studio_F1.wav,2.291598639455782,0.0,False,unvoiced
praat_reaper_b100_a0.5,studio_F1.wav,2.301598639455782,0.0,False,unvoiced
praat_reaper_b100_a0.5,studio_F1.wav,2.311598639455782,0.0,False,unvoiced
praat_reaper_b100_a0.5,studio_F1.wav,2.321598639455782,0.0,False,unvoiced
praat_reaper_b100_a0.5,studio_F1.wav,2.331598639455782,0.0,False,unvoiced
praat_reaper_b100_a0.5,studio_F1.wav,2.341598639455782,0.0,False,unvoiced
praat_reaper_b100_a0.5,studio_F1.wav,2.351598639455782,0.0,False,unvoiced
praat_reaper_b100_a0.5,studio_F1.wav,2.361598639455782,0.0,False,unvoiced
praat_reaper_b100_a0.5,studio_F1.wav,2.371598639455782,0.0,False,unvoiced
praat_reaper_b100_a0.5,studio_F1.wav,2.381598639455782,0.0,False,unvoiced
praat_reaper_b100_a0.5,studio_F1.wav,2.391598639455782,0.0,False,unvoiced
praat_reaper_b100_a0.5,studio_F1.wav,2.401598639455782,0.0,False,unvoiced
praat_reaper_b100_a0.5,studio_F1.wav,2.411598639455782,0.0,False,unvoiced
praat_reaper_b100_a0.5,studio_F1.wav,2.421598639455782,0.0,False,unvoiced
praat_reaper_b100_a0.5,studio_F1.wav,2.431598639455782,0.0,False,unvoiced
praat_reaper_b100_a0.5,studio_F1.wav,2.441598639455782,0.0,False,unvoiced
praat_reaper_b100_a0.5,studio_F1.wav,2.451598639455782,0.0,False,unvoiced
praat_reaper_b100_a0.5,studio_F1.wav,2.461598639455782,0.0,False,unvoiced
praat_reaper_b100_a0.5,studio_F1.wav,2.471598639455782,0.0,False,unvoiced
praat_reaper_b100_a0.5,studio_F1.wav,2.481598639455782,0.0,False,unvoiced
praat_reaper_b100_a0.5,studio_F1.wav,2.491598639455782,0.0,False,unvoiced
praat_reaper_b100_a0.5,studio_F1.wav,2.501598639455782,0.0,False,unvoiced
praat_reaper_b100_a0.5,studio_F1.wav,2.511598639455782,0.0,False,unvoiced
praat_reaper_b100_a0.5,studio_F1.wav,2.521598639455782,0.0,False,unvoiced
praat_reaper_b100_a0.5,studio_F1.wav,2.531598639455782,0.0,False,unvoiced
praat_reaper_b100_a0.5,studio_F1.wav,2.541598639455782,0.0,False,unvoiced
praat_reaper_b100_a0.5,studio_F1.wav,2.551598639455782,0.0,False,unvoiced
praat_reaper_b100_a0.5,studio_F1.wav,2.561598639455782,0.0,False,unvoiced
praat_reaper_b100_a0.5,studio_F1.wav,2.571598639455782,0.0,False,unvoiced
praat_reaper_b100_a0.5,studio_F1.wav,2.581598639455782,0.0,False,unvoiced
praat_reaper_b100_a0.5,studio_F1.wav,2.591598639455782,0.0,False,unvoiced
praat_reaper_b100_a0.5,studio_F1.wav,2.601598639455782,0.0,False,unvoiced
praat_reaper_b100_a0.5,studio_F1.wav,2.611598639455782,0.0,False,unvoiced
praat_reaper_b100_a0.5,studio_F1.wav,2.621598639455782,0.0,False,unvoiced
praat_reaper_b100_a0.5,studio_F1.wav,2.631598639455782,0.0,False,unvoiced
praat_reaper_b100_a0.5,studio_F1.wav,2.641598639455782,0.0,False,unvoiced
praat_reaper_b100_a0.5,studio_F1.wav,2.651598639455782,0.0,False,unvoiced
praat_reaper_b100_a0.5,studio_F1.wav,2.661598639455782,0.0,False,unvoiced
praat_reaper_b100_a0.5,studio_F1.wav,2.671598639455782,0.0,False,unvoiced
praat_reaper_b100_a0.5,studio_F1.wav,2.681598639455782,0.0,False,unvoiced
praat_reaper_b100_a0.5,studio_F1.wav,2.691598639455782,0.0,False,unvoiced
praat_reaper_b100_a0.5,studio_F1.wav,2.701598639455782,0.0,False,unvoiced
praat_reaper_b100_a0.5,studio_F1.wav,2.711598639455782,0.0,False,unvoiced
praat_reaper_b100_a0.5,studio_F1.wav,2.721598639455782,0.0,False,unvoiced
praat_reaper_b100_a0.5,studio_F1.wav,2.731598639455782,0.0,False,unvoiced
praat_reaper_b100_a0.5,studio_F1.wav,2.741598639455782,0.0,False,unvoiced
praat_reaper_b100_a0.5,studio_F1.wav,2.751598639455782,0.0,False,unvoiced
praat_reaper_b100_a0.5,studio_F1.wav,2.761598639455782,0.0,False,unvoiced
praat_reaper_b100_a0.5,studio_F1.wav,2.771598639455782,0.0,False,unvoiced
praat_reaper_b100_a0.5,studio_F1.wav,2.781598639455782,0.0,False,unvoiced
praat_reaper_b100_a0.5,studio_F1.wav,2.791598639455782,0.0,False,unvoiced
praat_reaper_b100_a0.5,studio_F1.wav,2.801598639455782,0.0,False,unvoiced
praat_reaper_b100_a0.5,studio_F1.wav,2.811598639455782,0.0,False,unvoiced
praat_reaper_b100_a0.5,studio_F1.wav,2.821598639455782,0.0,False,unvoiced
praat_reaper_b100_a0.5,studio_F1.wav,2.831598639455782,0.0,False,unvoiced
praat_reaper_b100_a0.5,studio_F1.wav,2.841598639455782,0.0,False,unvoiced
praat_reaper_b100_a1,studio_F1.wav,0.021598639455782,0.0,False,unvoiced
praat_reaper_b100_a1,studio_F1.wav,0.031598639455782,0.0,False,unvoiced
praat_reaper_b100_a1,studio_F1.wav,0.041598639455782,0.0,False,unvoiced
praat_reaper_b100_a1,studio_F1.wav,0.051598639455782,0.0,False,unvoiced
praat_reaper_b100_a1,studio_F1.wav,0.061598639455782,0.0,False,unvoiced
praat_reaper_b100_a1,studio_F1.wav,0.071598639455782,0.0,False,unvoiced
praat_reaper_b100_a1,studio_F1.wav,0.081598639455782,0.0,False,unvoiced
praat_reaper_b100_a1,studio_F1.wav,0.091598639455782,0.0,False,unvoiced
praat_reaper_b100_a1,studio_F1.wav,0.101598639455782,0.0,False,unvoiced
praat_reaper_b100_a1,studio_F1.wav,0.111598639455782,0.0,False,unvoiced
praat_reaper_b100_a1,studio_F1.wav,0.121598639455782,0.0,False,unvoiced
praat_reaper_b100_a1,studio_F1.wav,0.131598639455782,0.0,False,unvoiced
praat_reaper_b100_a1,studio_F1.wav,0.141598639455782,0.0,False,unvoiced
praat_reaper_b100_a1,studio_F1.wav,0.151598639455782,0.0,False,unvoiced
praat_reaper_b100_a1,studio_F1.wav,0.161598639455782,0.0,False,unvoiced
praat_reaper_b100_a1,studio_F1.wav,0.171598639455782,0.0,False,unvoiced
praat_reaper_b100_a1,studio_F1.wav,0.181598639455782,0.0,False,unvoiced
praat_reaper_b100_a1,studio_F1.wav,0.191598639455782,0.0,False,unvoiced
praat_reaper_b100_a1,studio_F1.wav,0.201598639455782,0.0,False,unvoiced
praat_reaper_b100_a1,studio_F1.wav,0.211598639455782,0.0,False,unvoiced
praat_reaper_b100_a1,studio_F1.wav,0.221598639455782,0.0,False,unvoiced
praat_reaper_b100_a1,studio_F1.wav,0.231598639455782,0.0,False,unvoiced
praat_reaper_b100_a1,studio_F1.wav,0.241598639455782,0.0,False,unvoiced
praat_reaper_b100_a1,studio_F1.wav,0.251598639455782,0.0,False,unvoiced
praat_reaper_b100_a1,studio_F1.wav,0.261598639455782,0.0,False,unvoiced
praat_reaper_b100_a1,studio_F1.wav,0.271598639455782,0.0,False,unvoiced
praat_reaper_b100_a1,studio_F1.wav,0.281598639455782,0.0,False,unvoiced
praat_reaper_b100_a1,studio_F1.wav,0.291598639455782,0.0,False,unvoiced
praat_reaper_b100_a1,studio_F1.wav,0.301598639455782,0.0,False,unvoiced
praat_reaper_b100_a1,studio_F1.wav,0.311598639455782,0.0,False,unvoiced
praat_reaper_b100_a1,studio_F1.wav,0.321598639455782,0.0,False,unvoiced
praat_reaper_b100_a1,studio_F1.wav,0.331598639455782,0.0,False,unvoiced
praat_reaper_b100_a1,studio_F1.wav,0.341598639455782,0.0,False,unvoiced
praat_reaper_b100_a1,studio_F1.wav,0.351598639455782,0.0,False,unvoiced
praat_reaper_b100_a1,studio_F1.wav,0.361598639455782,0.0,False,unvoiced
praat_reaper_b100_a1,studio_F1.wav,0.371598639455782,0.0,False,unvoiced
praat_reaper_b100_a1,studio_F1.wav,0.381598639455782,0.0,False,unvoiced
praat_reaper_b100_a1,studio_F1.wav,0.391598639455782,0.0,False,unvoiced
praat_reaper_b100_a1,studio_F1.wav,0.401598639455782,0.0,False,unvoiced
praat_reaper_b100_a1,studio_F1.wav,0.411598639455782,0.0,False,unvoiced
praat_reaper_b100_a1,studio_F1.wav,0.421598639455782,0.0,False,unvoiced
praat_reaper_b100_a1,studio_F1.wav,0.431598639455782,0.0,False,unvoiced
praat_reaper_b100_a1,studio_F1.wav,0.441598639455782,0.0,False,unvoiced
praat_reaper_b100_a1,studio_F1.wav,0.451598639455782,0.0,False,unvoiced
praat_reaper_b100_a1,studio_F1.wav,0.461598639455782,0.0,False,unvoiced
praat_reaper_b100_a1,studio_F1.wav,0.471598639455782,0.0,False,unvoiced
praat_reaper_b100_a1,studio_F1.wav,0.481598639455782,0.0,False,unvoiced
praat_reaper_b100_a1,studio_F1.wav,0.491598639455782,0.0,False,unvoiced
praat_reaper_b100_a1,studio_F1.wav,0.501598639455782,0.0,False,unvoiced
praat_reaper_b100_a1,studio_F1.wav,0.511598639455782,0.0,False,unvoiced
praat_reaper_b100_a1,studio_F1.wav,0.521598639455782,0.0,False,unvoiced
praat_reaper_b100_a1,studio_F1.wav,0.531598639455782,0.0,False,unvoiced
praat_reaper_b100_a1,studio_F1.wav,0.541598639455782,0.0,False,unvoiced
praat_reaper_b100_a1,studio_F1.wav,0.551598639455782,0.0,False,unvoiced
praat_reaper_b100_a1,studio_F1.wav,0.561598639455782,0.0,False,unvoiced
praat_reaper_b100_a1,studio_F1.wav,0.571598639455782,0.0,False,unvoiced
praat_reaper_b100_a1,studio_F1.wav,0.581598639455782,0.0,False,unvoiced
praat_reaper_b100_a1,studio_F1.wav,0.591598639455782,0.0,False,unvoiced
praat_reaper_b100_a1,studio_F1.wav,0.601598639455782,0.0,False,unvoiced
praat_reaper_b100_a1,studio_F1.wav,0.611598639455782,0.0,False,unvoiced
praat_reaper_b100_a1,studio_F1.wav,0.621598639455782,0.0,False,unvoiced
praat_reaper_b100_a1,studio_F1.wav,0.631598639455782,0.0,False,unvoiced
praat_reaper_b100_a1,studio_F1.wav,0.641598639455782,0.0,False,unvoiced
praat_reaper_b100_a1,studio_F1.wav,0.651598639455782,0.0,False,unvoiced
praat_reaper_b100_a1,studio_F1.wav,0.661598639455782,0.0,False,unvoiced
praat_reaper_b100_a1,studio_F1.wav,0.671598639455782,0.0,False,unvoiced
praat_reaper_b100_a1,studio_F1.wav,0.681598639455782,0.0,False,unvoiced
praat_reaper_b100_a1,studio_F1.wav,0.691598639455782,264.0718688964844,True,reaper_agree
praat_reaper_b100_a1,studio_F1.wav,0.701598639455782,272.22222900390625,True,reaper_agree
praat_reaper_b100_a1,studio_F1.wav,0.711598639455782,268.9024353027344,True,reaper_agree
praat_reaper_b100_a1,studio_F1.wav,0.721598639455782,264.0718688964844,True,reaper_agree
praat_reaper_b100_a1,studio_F1.wav,0.731598639455782,260.9467468261719,True,reaper_agree
praat_reaper_b100_a1,studio_F1.wav,0.741598639455782,257.8947448730469,True,reaper_agree
praat_reaper_b100_a1,studio_F1.wav,0.751598639455782,257.8947448730469,True,reaper_agree
praat_reaper_b100_a1,studio_F1.wav,0.761598639455782,256.3953552246094,True,reaper_agree
praat_reaper_b100_a1,studio_F1.wav,0.771598639455782,240.98361206054688,True,reaper_agree
praat_reaper_b100_a1,studio_F1.wav,0.781598639455782,237.09677124023438,True,reaper_agree
praat_reaper_b100_a1,studio_F1.wav,0.791598639455782,237.09677124023438,True,reaper_agree
praat_reaper_b100_a1,studio_F1.wav,0.801598639455782,246.36871337890625,True,reaper_agree
praat_reaper_b100_a1,studio_F1.wav,0.811598639455782,247.7528076171875,True,reaper_agree
praat_reaper_b100_a1,studio_F1.wav,0.821598639455782,246.36871337890625,True,reaper_agree
praat_reaper_b100_a1,studio_F1.wav,0.831598639455782,246.36871337890625,True,reaper_agree
praat_reaper_b100_a1,studio_F1.wav,0.841598639455782,245.0,True,reaper_agree
praat_reaper_b100_a1,studio_F1.wav,0.851598639455782,245.0,True,reaper_agree
praat_reaper_b100_a1,studio_F1.wav,0.861598639455782,243.6464080810547,True,reaper_agree
praat_reaper_b100_a1,studio_F1.wav,0.871598639455782,242.3076934814453,True,reaper_agree
praat_reaper_b100_a1,studio_F1.wav,0.881598639455782,240.98361206054688,True,reaper_agree
praat_reaper_b100_a1,studio_F1.wav,0.891598639455782,230.89004516601562,True,reaper_agree
praat_reaper_b100_a1,studio_F1.wav,0.901598639455782,228.49740600585938,True,reaper_agree
praat_reaper_b100_a1,studio_F1.wav,0.911598639455782,223.8578643798828,True,reaper_agree
praat_reaper_b100_a1,studio_F1.wav,0.921598639455782,225.0,True,reaper_agree
praat_reaper_b100_a1,studio_F1.wav,0.931598639455782,222.72727966308594,True,reaper_agree
praat_reaper_b100_a1,studio_F1.wav,0.941598639455782,229.6875,True,reaper_agree
praat_reaper_b100_a1,studio_F1.wav,0.951598639455782,234.574462890625,True,reaper_agree
praat_reaper_b100_a1,studio_F1.wav,0.961598639455782,250.56817626953125,True,reaper_agree
praat_reaper_b100_a1,studio_F1.wav,0.971598639455782,252.0,True,reaper_agree
praat_reaper_b100_a1,studio_F1.wav,0.981598639455782,250.56817626953125,True,reaper_agree
praat_reaper_b100_a1,studio_F1.wav,0.991598639455782,243.6464080810547,True,reaper_agree
praat_reaper_b100_a1,studio_F1.wav,1.001598639455782,243.96108341402393,True,praat_disagreement
praat_reaper_b100_a1,studio_F1.wav,1.011598639455782,272.22222900390625,True,reaper_agree
praat_reaper_b100_a1,studio_F1.wav,1.021598639455782,275.625,True,reaper_agree
praat_reaper_b100_a1,studio_F1.wav,1.031598639455782,284.5161437988281,True,reaper_agree
praat_reaper_b100_a1,studio_F1.wav,1.041598639455782,290.131591796875,True,reaper_agree
praat_reaper_b100_a1,studio_F1.wav,1.051598639455782,292.052978515625,True,reaper_agree
praat_reaper_b100_a1,studio_F1.wav,1.061598639455782,292.052978515625,True,reaper_agree
praat_reaper_b100_a1,studio_F1.wav,1.071598639455782,272.22222900390625,True,reaper_agree
praat_reaper_b100_a1,studio_F1.wav,1.081598639455782,278.15025347463734,True,praat_missing
praat_reaper_b100_a1,studio_F1.wav,1.091598639455782,0.0,False,unvoiced
praat_reaper_b100_a1,studio_F1.wav,1.101598639455782,0.0,False,unvoiced
praat_reaper_b100_a1,studio_F1.wav,1.111598639455782,0.0,False,unvoiced
praat_reaper_b100_a1,studio_F1.wav,1.121598639455782,298.71367714869126,True,praat_missing
praat_reaper_b100_a1,studio_F1.wav,1.131598639455782,279.1139221191406,True,reaper_agree
praat_reaper_b100_a1,studio_F1.wav,1.141598639455782,264.0718688964844,True,reaper_agree
praat_reaper_b100_a1,studio_F1.wav,1.151598639455782,249.1525421142578,True,reaper_agree
praat_reaper_b100_a1,studio_F1.wav,1.161598639455782,246.36871337890625,True,reaper_agree
praat_reaper_b100_a1,studio_F1.wav,1.171598639455782,243.6464080810547,True,reaper_agree
praat_reaper_b100_a1,studio_F1.wav,1.181598639455782,245.0,True,reaper_agree
praat_reaper_b100_a1,studio_F1.wav,1.191598639455782,240.5534117585532,True,praat_disagreement
praat_reaper_b100_a1,studio_F1.wav,1.201598639455782,221.60804748535156,True,reaper_agree
praat_reaper_b100_a1,studio_F1.wav,1.211598639455782,0.0,False,unvoiced
praat_reaper_b100_a1,studio_F1.wav,1.221598639455782,0.0,False,unvoiced
praat_reaper_b100_a1,studio_F1.wav,1.231598639455782,0.0,False,unvoiced
praat_reaper_b100_a1,studio_F1.wav,1.241598639455782,0.0,False,unvoiced
praat_reaper_b100_a1,studio_F1.wav,1.251598639455782,0.0,False,unvoiced
praat_reaper_b100_a1,studio_F1.wav,1.261598639455782,307.4011687131925,True,praat_missing
praat_reaper_b100_a1,studio_F1.wav,1.271598639455782,315.0,True,reaper_agree
praat_reaper_b100_a1,studio_F1.wav,1.281598639455782,312.7659606933594,True,reaper_agree
praat_reaper_b100_a1,studio_F1.wav,1.291598639455782,319.5652160644531,True,reaper_agree
praat_reaper_b100_a1,studio_F1.wav,1.301598639455782,317.26617431640625,True,reaper_agree
praat_reaper_b100_a1,studio_F1.wav,1.311598639455782,304.137939453125,True,reaper_agree
praat_reaper_b100_a1,studio_F1.wav,1.321598639455782,290.131591796875,True,reaper_agree
praat_reaper_b100_a1,studio_F1.wav,1.331598639455782,279.1139221191406,True,reaper_agree
praat_reaper_b100_a1,studio_F1.wav,1.341598639455782,257.8947448730469,True,reaper_agree
praat_reaper_b100_a1,studio_F1.wav,1.351598639455782,245.0,True,reaper_agree
praat_reaper_b100_a1,studio_F1.wav,1.361598639455782,228.49740600585938,True,reaper_agree
praat_reaper_b100_a1,studio_F1.wav,1.371598639455782,216.1764678955078,True,reaper_agree
praat_reaper_b100_a1,studio_F1.wav,1.381598639455782,208.0188751220703,True,reaper_agree
praat_reaper_b100_a1,studio_F1.wav,1.391598639455782,201.36985778808594,True,reaper_agree
praat_reaper_b100_a1,studio_F1.wav,1.401598639455782,198.64865112304688,True,reaper_agree
praat_reaper_b100_a1,studio_F1.wav,1.411598639455782,194.27313232421875,True,reaper_agree
praat_reaper_b100_a1,studio_F1.wav,1.421598639455782,202.2935791015625,True,reaper_agree
praat_reaper_b100_a1,studio_F1.wav,1.431598639455782,199.54751586914062,True,reaper_agree
praat_reaper_b100_a1,studio_F1.wav,1.441598639455782,199.54751586914062,True,reaper_agree
praat_reaper_b100_a1,studio_F1.wav,1.451598639455782,204.1666717529297,True,reaper_agree
praat_reaper_b100_a1,studio_F1.wav,1.461598639455782,208.0188751220703,True,reaper_agree
praat_reaper_b100_a1,studio_F1.wav,1.471598639455782,212.01922607421875,True,reaper_agree
praat_reaper_b100_a1,studio_F1.wav,1.481598639455782,214.07766723632812,True,reaper_agree
praat_reaper_b100_a1,studio_F1.wav,1.491598639455782,220.5,True,reaper_agree
praat_reaper_b100_a1,studio_F1.wav,1.501598639455782,217.2413787841797,True,reaper_agree
praat_reaper_b100_a1,studio_F1.wav,1.511598639455782,215.1219482421875,True,reaper_agree
praat_reaper_b100_a1,studio_F1.wav,1.521598639455782,212.01922607421875,True,reaper_agree
praat_reaper_b100_a1,studio_F1.wav,1.531598639455782,209.00474548339844,True,reaper_agree
praat_reaper_b100_a1,studio_F1.wav,1.541598639455782,206.07476806640625,True,reaper_agree
praat_reaper_b100_a1,studio_F1.wav,1.551598639455782,198.97126733794192,True,praat_disagreement
praat_reaper_b100_a1,studio_F1.wav,1.561598639455782,197.75784301757812,True,reaper_agree
praat_reaper_b100_a1,studio_F1.wav,1.571598639455782,200.4545440673828,True,reaper_agree
praat_reaper_b100_a1,studio_F1.wav,1.581598639455782,197.75784301757812,True,reaper_agree
praat_reaper_b100_a1,studio_F1.wav,1.591598639455782,196.0,True,reaper_agree
praat_reaper_b100_a1,studio_F1.wav,1.601598639455782,196.875,True,reaper_agree
praat_reaper_b100_a1,studio_F1.wav,1.611598639455782,196.0,True,reaper_agree
praat_reaper_b100_a1,studio_F1.wav,1.621598639455782,187.65957641601562,True,reaper_agree
praat_reaper_b100_a1,studio_F1.wav,1.631598639455782,187.87057387625828,True,praat_disagreement
praat_reaper_b100_a1,studio_F1.wav,1.641598639455782,178.862734226114,True,praat_disagreement
praat_reaper_b100_a1,studio_F1.wav,1.651598639455782,0.0,False,unvoiced
praat_reaper_b100_a1,studio_F1.wav,1.661598639455782,0.0,False,unvoiced
praat_reaper_b100_a1,studio_F1.wav,1.671598639455782,0.0,False,unvoiced
praat_reaper_b100_a1,studio_F1.wav,1.681598639455782,0.0,False,unvoiced
praat_reaper_b100_a1,studio_F1.wav,1.691598639455782,0.0,False,unvoiced
praat_reaper_b100_a1,studio_F1.wav,1.701598639455782,259.4117736816406,True,reaper_agree
praat_reaper_b100_a1,studio_F1.wav,1.711598639455782,237.09677124023438,True,reaper_agree
praat_reaper_b100_a1,studio_F1.wav,1.721598639455782,230.89004516601562,True,reaper_agree
praat_reaper_b100_a1,studio_F1.wav,1.731598639455782,226.15383911132812,True,reaper_agree
praat_reaper_b100_a1,studio_F1.wav,1.741598639455782,222.72727966308594,True,reaper_agree
praat_reaper_b100_a1,studio_F1.wav,1.751598639455782,210.8010297115502,True,praat_disagreement
praat_reaper_b100_a1,studio_F1.wav,1.761598639455782,0.0,False,unvoiced
praat_reaper_b100_a1,studio_F1.wav,1.771598639455782,0.0,False,unvoiced
praat_reaper_b100_a1,studio_F1.wav,1.781598639455782,0.0,False,unvoiced
praat_reaper_b100_a1,studio_F1.wav,1.791598639455782,0.0,False,unvoiced
praat_reaper_b100_a1,studio_F1.wav,1.801598639455782,174.74005887608055,True,praat_disagreement
praat_reaper_b100_a1,studio_F1.wav,1.811598639455782,185.677711831884,True,praat_disagreement
praat_reaper_b100_a1,studio_F1.wav,1.821598639455782,200.4545440673828,True,reaper_agree
praat_reaper_b100_a1,studio_F1.wav,1.831598639455782,193.42105102539062,True,reaper_agree
praat_reaper_b100_a1,studio_F1.wav,1.841598639455782,196.875,True,reaper_agree
praat_reaper_b100_a1,studio_F1.wav,1.851598639455782,0.0,False,unvoiced
praat_reaper_b100_a1,studio_F1.wav,1.861598639455782,0.0,False,unvoiced
praat_reaper_b100_a1,studio_F1.wav,1.871598639455782,0.0,False,unvoiced
praat_reaper_b100_a1,studio_F1.wav,1.881598639455782,0.0,False,unvoiced
praat_reaper_b100_a1,studio_F1.wav,1.891598639455782,0.0,False,unvoiced
praat_reaper_b100_a1,studio_F1.wav,1.901598639455782,0.0,False,unvoiced
praat_reaper_b100_a1,studio_F1.wav,1.911598639455782,243.06398568956664,True,praat_missing
praat_reaper_b100_a1,studio_F1.wav,1.921598639455782,229.6875,True,reaper_agree
praat_reaper_b100_a1,studio_F1.wav,1.931598639455782,215.1219482421875,True,reaper_agree
praat_reaper_b100_a1,studio_F1.wav,1.941598639455782,210.0,True,reaper_agree
praat_reaper_b100_a1,studio_F1.wav,1.951598639455782,208.0188751220703,True,reaper_agree
praat_reaper_b100_a1,studio_F1.wav,1.961598639455782,207.04225158691406,True,reaper_agree
praat_reaper_b100_a1,studio_F1.wav,1.971598639455782,204.1666717529297,True,reaper_agree
praat_reaper_b100_a1,studio_F1.wav,1.981598639455782,203.22579956054688,True,reaper_agree
praat_reaper_b100_a1,studio_F1.wav,1.991598639455782,199.54751586914062,True,reaper_agree
praat_reaper_b100_a1,studio_F1.wav,2.001598639455782,198.64865112304688,True,reaper_agree
praat_reaper_b100_a1,studio_F1.wav,2.011598639455782,196.875,True,reaper_agree
praat_reaper_b100_a1,studio_F1.wav,2.021598639455782,195.1327362060547,True,reaper_agree
praat_reaper_b100_a1,studio_F1.wav,2.031598639455782,195.1327362060547,True,reaper_agree
praat_reaper_b100_a1,studio_F1.wav,2.041598639455782,191.7391357421875,True,reaper_agree
praat_reaper_b100_a1,studio_F1.wav,2.051598639455782,189.2703857421875,True,reaper_agree
praat_reaper_b100_a1,studio_F1.wav,2.061598639455782,190.08621215820312,True,reaper_agree
praat_reaper_b100_a1,studio_F1.wav,2.071598639455782,189.2703857421875,True,reaper_agree
praat_reaper_b100_a1,studio_F1.wav,2.081598639455782,188.46153259277344,True,reaper_agree
praat_reaper_b100_a1,studio_F1.wav,2.091598639455782,186.86441040039062,True,reaper_agree
praat_reaper_b100_a1,studio_F1.wav,2.101598639455782,186.07594299316406,True,reaper_agree
praat_reaper_b100_a1,studio_F1.wav,2.111598639455782,181.48147583007812,True,reaper_agree
praat_reaper_b100_a1,studio_F1.wav,2.121598639455782,181.48147583007812,True,reaper_agree
praat_reaper_b100_a1,studio_F1.wav,2.131598639455782,163.94052124023438,True,reaper_agree
praat_reaper_b100_a1,studio_F1.wav,2.141598639455782,163.3333282470703,True,reaper_agree
praat_reaper_b100_a1,studio_F1.wav,2.151598639455782,0.0,False,unvoiced
praat_reaper_b100_a1,studio_F1.wav,2.161598639455782,0.0,False,unvoiced
praat_reaper_b100_a1,studio_F1.wav,2.171598639455782,0.0,False,unvoiced
praat_reaper_b100_a1,studio_F1.wav,2.181598639455782,0.0,False,unvoiced
praat_reaper_b100_a1,studio_F1.wav,2.191598639455782,0.0,False,unvoiced
praat_reaper_b100_a1,studio_F1.wav,2.201598639455782,0.0,False,unvoiced
praat_reaper_b100_a1,studio_F1.wav,2.211598639455782,0.0,False,unvoiced
praat_reaper_b100_a1,studio_F1.wav,2.221598639455782,0.0,False,unvoiced
praat_reaper_b100_a1,studio_F1.wav,2.231598639455782,0.0,False,unvoiced
praat_reaper_b100_a1,studio_F1.wav,2.241598639455782,0.0,False,unvoiced
praat_reaper_b100_a1,studio_F1.wav,2.251598639455782,0.0,False,unvoiced
praat_reaper_b100_a1,studio_F1.wav,2.261598639455782,0.0,False,unvoiced
praat_reaper_b100_a1,studio_F1.wav,2.271598639455782,0.0,False,unvoiced
praat_reaper_b100_a1,studio_F1.wav,2.281598639455782,0.0,False,unvoiced
praat_reaper_b100_a1,studio_F1.wav,2.291598639455782,0.0,False,unvoiced
praat_reaper_b100_a1,studio_F1.wav,2.301598639455782,0.0,False,unvoiced
praat_reaper_b100_a1,studio_F1.wav,2.311598639455782,0.0,False,unvoiced
praat_reaper_b100_a1,studio_F1.wav,2.321598639455782,0.0,False,unvoiced
praat_reaper_b100_a1,studio_F1.wav,2.331598639455782,0.0,False,unvoiced
praat_reaper_b100_a1,studio_F1.wav,2.341598639455782,0.0,False,unvoiced
praat_reaper_b100_a1,studio_F1.wav,2.351598639455782,0.0,False,unvoiced
praat_reaper_b100_a1,studio_F1.wav,2.361598639455782,0.0,False,unvoiced
praat_reaper_b100_a1,studio_F1.wav,2.371598639455782,0.0,False,unvoiced
praat_reaper_b100_a1,studio_F1.wav,2.381598639455782,0.0,False,unvoiced
praat_reaper_b100_a1,studio_F1.wav,2.391598639455782,0.0,False,unvoiced
praat_reaper_b100_a1,studio_F1.wav,2.401598639455782,0.0,False,unvoiced
praat_reaper_b100_a1,studio_F1.wav,2.411598639455782,0.0,False,unvoiced
praat_reaper_b100_a1,studio_F1.wav,2.421598639455782,0.0,False,unvoiced
praat_reaper_b100_a1,studio_F1.wav,2.431598639455782,0.0,False,unvoiced
praat_reaper_b100_a1,studio_F1.wav,2.441598639455782,0.0,False,unvoiced
praat_reaper_b100_a1,studio_F1.wav,2.451598639455782,0.0,False,unvoiced
praat_reaper_b100_a1,studio_F1.wav,2.461598639455782,0.0,False,unvoiced
praat_reaper_b100_a1,studio_F1.wav,2.471598639455782,0.0,False,unvoiced
praat_reaper_b100_a1,studio_F1.wav,2.481598639455782,0.0,False,unvoiced
praat_reaper_b100_a1,studio_F1.wav,2.491598639455782,0.0,False,unvoiced
praat_reaper_b100_a1,studio_F1.wav,2.501598639455782,0.0,False,unvoiced
praat_reaper_b100_a1,studio_F1.wav,2.511598639455782,0.0,False,unvoiced
praat_reaper_b100_a1,studio_F1.wav,2.521598639455782,0.0,False,unvoiced
praat_reaper_b100_a1,studio_F1.wav,2.531598639455782,0.0,False,unvoiced
praat_reaper_b100_a1,studio_F1.wav,2.541598639455782,0.0,False,unvoiced
praat_reaper_b100_a1,studio_F1.wav,2.551598639455782,0.0,False,unvoiced
praat_reaper_b100_a1,studio_F1.wav,2.561598639455782,0.0,False,unvoiced
praat_reaper_b100_a1,studio_F1.wav,2.571598639455782,0.0,False,unvoiced
praat_reaper_b100_a1,studio_F1.wav,2.581598639455782,0.0,False,unvoiced
praat_reaper_b100_a1,studio_F1.wav,2.591598639455782,0.0,False,unvoiced
praat_reaper_b100_a1,studio_F1.wav,2.601598639455782,0.0,False,unvoiced
praat_reaper_b100_a1,studio_F1.wav,2.611598639455782,0.0,False,unvoiced
praat_reaper_b100_a1,studio_F1.wav,2.621598639455782,0.0,False,unvoiced
praat_reaper_b100_a1,studio_F1.wav,2.631598639455782,0.0,False,unvoiced
praat_reaper_b100_a1,studio_F1.wav,2.641598639455782,0.0,False,unvoiced
praat_reaper_b100_a1,studio_F1.wav,2.651598639455782,0.0,False,unvoiced
praat_reaper_b100_a1,studio_F1.wav,2.661598639455782,0.0,False,unvoiced
praat_reaper_b100_a1,studio_F1.wav,2.671598639455782,0.0,False,unvoiced
praat_reaper_b100_a1,studio_F1.wav,2.681598639455782,0.0,False,unvoiced
praat_reaper_b100_a1,studio_F1.wav,2.691598639455782,0.0,False,unvoiced
praat_reaper_b100_a1,studio_F1.wav,2.701598639455782,0.0,False,unvoiced
praat_reaper_b100_a1,studio_F1.wav,2.711598639455782,0.0,False,unvoiced
praat_reaper_b100_a1,studio_F1.wav,2.721598639455782,0.0,False,unvoiced
praat_reaper_b100_a1,studio_F1.wav,2.731598639455782,0.0,False,unvoiced
praat_reaper_b100_a1,studio_F1.wav,2.741598639455782,0.0,False,unvoiced
praat_reaper_b100_a1,studio_F1.wav,2.751598639455782,0.0,False,unvoiced
praat_reaper_b100_a1,studio_F1.wav,2.761598639455782,0.0,False,unvoiced
praat_reaper_b100_a1,studio_F1.wav,2.771598639455782,0.0,False,unvoiced
praat_reaper_b100_a1,studio_F1.wav,2.781598639455782,0.0,False,unvoiced
praat_reaper_b100_a1,studio_F1.wav,2.791598639455782,0.0,False,unvoiced
praat_reaper_b100_a1,studio_F1.wav,2.801598639455782,0.0,False,unvoiced
praat_reaper_b100_a1,studio_F1.wav,2.811598639455782,0.0,False,unvoiced
praat_reaper_b100_a1,studio_F1.wav,2.821598639455782,0.0,False,unvoiced
praat_reaper_b100_a1,studio_F1.wav,2.831598639455782,0.0,False,unvoiced
praat_reaper_b100_a1,studio_F1.wav,2.841598639455782,0.0,False,unvoiced
praat_reaper_b200_a0.5,studio_F1.wav,0.021598639455782,0.0,False,unvoiced
praat_reaper_b200_a0.5,studio_F1.wav,0.031598639455782,0.0,False,unvoiced
praat_reaper_b200_a0.5,studio_F1.wav,0.041598639455782,0.0,False,unvoiced
praat_reaper_b200_a0.5,studio_F1.wav,0.051598639455782,0.0,False,unvoiced
praat_reaper_b200_a0.5,studio_F1.wav,0.061598639455782,0.0,False,unvoiced
praat_reaper_b200_a0.5,studio_F1.wav,0.071598639455782,0.0,False,unvoiced
praat_reaper_b200_a0.5,studio_F1.wav,0.081598639455782,0.0,False,unvoiced
praat_reaper_b200_a0.5,studio_F1.wav,0.091598639455782,0.0,False,unvoiced
praat_reaper_b200_a0.5,studio_F1.wav,0.101598639455782,0.0,False,unvoiced
praat_reaper_b200_a0.5,studio_F1.wav,0.111598639455782,0.0,False,unvoiced
praat_reaper_b200_a0.5,studio_F1.wav,0.121598639455782,0.0,False,unvoiced
praat_reaper_b200_a0.5,studio_F1.wav,0.131598639455782,0.0,False,unvoiced
praat_reaper_b200_a0.5,studio_F1.wav,0.141598639455782,0.0,False,unvoiced
praat_reaper_b200_a0.5,studio_F1.wav,0.151598639455782,0.0,False,unvoiced
praat_reaper_b200_a0.5,studio_F1.wav,0.161598639455782,0.0,False,unvoiced
praat_reaper_b200_a0.5,studio_F1.wav,0.171598639455782,0.0,False,unvoiced
praat_reaper_b200_a0.5,studio_F1.wav,0.181598639455782,0.0,False,unvoiced
praat_reaper_b200_a0.5,studio_F1.wav,0.191598639455782,0.0,False,unvoiced
praat_reaper_b200_a0.5,studio_F1.wav,0.201598639455782,0.0,False,unvoiced
praat_reaper_b200_a0.5,studio_F1.wav,0.211598639455782,0.0,False,unvoiced
praat_reaper_b200_a0.5,studio_F1.wav,0.221598639455782,0.0,False,unvoiced
praat_reaper_b200_a0.5,studio_F1.wav,0.231598639455782,0.0,False,unvoiced
praat_reaper_b200_a0.5,studio_F1.wav,0.241598639455782,0.0,False,unvoiced
praat_reaper_b200_a0.5,studio_F1.wav,0.251598639455782,0.0,False,unvoiced
praat_reaper_b200_a0.5,studio_F1.wav,0.261598639455782,0.0,False,unvoiced
praat_reaper_b200_a0.5,studio_F1.wav,0.271598639455782,0.0,False,unvoiced
praat_reaper_b200_a0.5,studio_F1.wav,0.281598639455782,0.0,False,unvoiced
praat_reaper_b200_a0.5,studio_F1.wav,0.291598639455782,0.0,False,unvoiced
praat_reaper_b200_a0.5,studio_F1.wav,0.301598639455782,0.0,False,unvoiced
praat_reaper_b200_a0.5,studio_F1.wav,0.311598639455782,0.0,False,unvoiced
praat_reaper_b200_a0.5,studio_F1.wav,0.321598639455782,0.0,False,unvoiced
praat_reaper_b200_a0.5,studio_F1.wav,0.331598639455782,0.0,False,unvoiced
praat_reaper_b200_a0.5,studio_F1.wav,0.341598639455782,0.0,False,unvoiced
praat_reaper_b200_a0.5,studio_F1.wav,0.351598639455782,0.0,False,unvoiced
praat_reaper_b200_a0.5,studio_F1.wav,0.361598639455782,0.0,False,unvoiced
praat_reaper_b200_a0.5,studio_F1.wav,0.371598639455782,0.0,False,unvoiced
praat_reaper_b200_a0.5,studio_F1.wav,0.381598639455782,0.0,False,unvoiced
praat_reaper_b200_a0.5,studio_F1.wav,0.391598639455782,0.0,False,unvoiced
praat_reaper_b200_a0.5,studio_F1.wav,0.401598639455782,0.0,False,unvoiced
praat_reaper_b200_a0.5,studio_F1.wav,0.411598639455782,0.0,False,unvoiced
praat_reaper_b200_a0.5,studio_F1.wav,0.421598639455782,0.0,False,unvoiced
praat_reaper_b200_a0.5,studio_F1.wav,0.431598639455782,0.0,False,unvoiced
praat_reaper_b200_a0.5,studio_F1.wav,0.441598639455782,0.0,False,unvoiced
praat_reaper_b200_a0.5,studio_F1.wav,0.451598639455782,0.0,False,unvoiced
praat_reaper_b200_a0.5,studio_F1.wav,0.461598639455782,0.0,False,unvoiced
praat_reaper_b200_a0.5,studio_F1.wav,0.471598639455782,0.0,False,unvoiced
praat_reaper_b200_a0.5,studio_F1.wav,0.481598639455782,0.0,False,unvoiced
praat_reaper_b200_a0.5,studio_F1.wav,0.491598639455782,0.0,False,unvoiced
praat_reaper_b200_a0.5,studio_F1.wav,0.501598639455782,0.0,False,unvoiced
praat_reaper_b200_a0.5,studio_F1.wav,0.511598639455782,0.0,False,unvoiced
praat_reaper_b200_a0.5,studio_F1.wav,0.521598639455782,0.0,False,unvoiced
praat_reaper_b200_a0.5,studio_F1.wav,0.531598639455782,0.0,False,unvoiced
praat_reaper_b200_a0.5,studio_F1.wav,0.541598639455782,0.0,False,unvoiced
praat_reaper_b200_a0.5,studio_F1.wav,0.551598639455782,0.0,False,unvoiced
praat_reaper_b200_a0.5,studio_F1.wav,0.561598639455782,0.0,False,unvoiced
praat_reaper_b200_a0.5,studio_F1.wav,0.571598639455782,0.0,False,unvoiced
praat_reaper_b200_a0.5,studio_F1.wav,0.581598639455782,0.0,False,unvoiced
praat_reaper_b200_a0.5,studio_F1.wav,0.591598639455782,0.0,False,unvoiced
praat_reaper_b200_a0.5,studio_F1.wav,0.601598639455782,0.0,False,unvoiced
praat_reaper_b200_a0.5,studio_F1.wav,0.611598639455782,0.0,False,unvoiced
praat_reaper_b200_a0.5,studio_F1.wav,0.621598639455782,0.0,False,unvoiced
praat_reaper_b200_a0.5,studio_F1.wav,0.631598639455782,0.0,False,unvoiced
praat_reaper_b200_a0.5,studio_F1.wav,0.641598639455782,0.0,False,unvoiced
praat_reaper_b200_a0.5,studio_F1.wav,0.651598639455782,0.0,False,unvoiced
praat_reaper_b200_a0.5,studio_F1.wav,0.661598639455782,0.0,False,unvoiced
praat_reaper_b200_a0.5,studio_F1.wav,0.671598639455782,0.0,False,unvoiced
praat_reaper_b200_a0.5,studio_F1.wav,0.681598639455782,0.0,False,unvoiced
praat_reaper_b200_a0.5,studio_F1.wav,0.691598639455782,268.86914177073635,True,blend_agree
praat_reaper_b200_a0.5,studio_F1.wav,0.701598639455782,271.861495766616,True,blend_agree
praat_reaper_b200_a0.5,studio_F1.wav,0.711598639455782,268.7341328719303,True,blend_agree
praat_reaper_b200_a0.5,studio_F1.wav,0.721598639455782,264.47752110805,True,blend_agree
praat_reaper_b200_a0.5,studio_F1.wav,0.731598639455782,260.9292902075183,True,blend_agree
praat_reaper_b200_a0.5,studio_F1.wav,0.741598639455782,258.1790247110538,True,blend_agree
praat_reaper_b200_a0.5,studio_F1.wav,0.751598639455782,257.1099864017057,True,blend_agree
praat_reaper_b200_a0.5,studio_F1.wav,0.761598639455782,255.0175095519054,True,blend_agree
praat_reaper_b200_a0.5,studio_F1.wav,0.771598639455782,244.0228452946949,True,blend_agree
praat_reaper_b200_a0.5,studio_F1.wav,0.781598639455782,237.68865579232153,True,blend_agree
praat_reaper_b200_a0.5,studio_F1.wav,0.791598639455782,238.37071899974228,True,blend_agree
praat_reaper_b200_a0.5,studio_F1.wav,0.801598639455782,245.77460406305775,True,blend_agree
praat_reaper_b200_a0.5,studio_F1.wav,0.811598639455782,247.67652897039122,True,blend_agree
praat_reaper_b200_a0.5,studio_F1.wav,0.821598639455782,246.79894242527268,True,blend_agree
praat_reaper_b200_a0.5,studio_F1.wav,0.831598639455782,246.33381569283864,True,blend_agree
praat_reaper_b200_a0.5,studio_F1.wav,0.841598639455782,245.33846304744014,True,blend_agree
praat_reaper_b200_a0.5,studio_F1.wav,0.851598639455782,245.09976071837553,True,blend_agree
praat_reaper_b200_a0.5,studio_F1.wav,0.861598639455782,243.84792377698477,True,blend_agree
praat_reaper_b200_a0.5,studio_F1.wav,0.871598639455782,242.4386293618775,True,blend_agree
praat_reaper_b200_a0.5,studio_F1.wav,0.881598639455782,241.00632810087973,True,blend_agree
praat_reaper_b200_a0.5,studio_F1.wav,0.891598639455782,234.78107284500206,True,blend_agree
praat_reaper_b200_a0.5,studio_F1.wav,0.901598639455782,230.50506752743792,True,blend_agree
praat_reaper_b200_a0.5,studio_F1.wav,0.911598639455782,223.73586998781514,True,blend_agree
praat_reaper_b200_a0.5,studio_F1.wav,0.921598639455782,224.21839270926978,True,blend_agree
praat_reaper_b200_a0.5,studio_F1.wav,0.931598639455782,224.11077009075527,True,blend_agree
praat_reaper_b200_a0.5,studio_F1.wav,0.941598639455782,229.94206073578135,True,blend_agree
praat_reaper_b200_a0.5,studio_F1.wav,0.951598639455782,236.8605114459824,True,blend_agree
praat_reaper_b200_a0.5,studio_F1.wav,0.961598639455782,250.95709425976935,True,blend_agree
praat_reaper_b200_a0.5,studio_F1.wav,0.971598639455782,252.68113853031718,True,blend_agree
praat_reaper_b200_a0.5,studio_F1.wav,0.981598639455782,249.9268054437963,True,blend_agree
praat_reaper_b200_a0.5,studio_F1.wav,0.991598639455782,243.05394903465447,True,blend_agree
praat_reaper_b200_a0.5,studio_F1.wav,1.001598639455782,253.81737378507492,True,blend_agree
praat_reaper_b200_a0.5,studio_F1.wav,1.011598639455782,272.2578239835495,True,blend_agree
praat_reaper_b200_a0.5,studio_F1.wav,1.021598639455782,275.89985634832317,True,blend_agree
praat_reaper_b200_a0.5,studio_F1.wav,1.031598639455782,283.50832200889596,True,blend_agree
praat_reaper_b200_a0.5,studio_F1.wav,1.041598639455782,289.48367438275744,True,blend_agree
praat_reaper_b200_a0.5,studio_F1.wav,1.051598639455782,292.5672988324252,True,blend_agree
praat_reaper_b200_a0.5,studio_F1.wav,1.061598639455782,292.7825572947231,True,blend_agree
praat_reaper_b200_a0.5,studio_F1.wav,1.071598639455782,279.631723672447,True,blend_agree
praat_reaper_b200_a0.5,studio_F1.wav,1.081598639455782,278.15025347463734,True,praat_missing
praat_reaper_b200_a0.5,studio_F1.wav,1.091598639455782,0.0,False,unvoiced
praat_reaper_b200_a0.5,studio_F1.wav,1.101598639455782,0.0,False,unvoiced
praat_reaper_b200_a0.5,studio_F1.wav,1.111598639455782,0.0,False,unvoiced
praat_reaper_b200_a0.5,studio_F1.wav,1.121598639455782,298.71367714869126,True,praat_missing
praat_reaper_b200_a0.5,studio_F1.wav,1.131598639455782,282.8457293034643,True,blend_agree
praat_reaper_b200_a0.5,studio_F1.wav,1.141598639455782,267.014967139251,True,blend_agree
praat_reaper_b200_a0.5,studio_F1.wav,1.151598639455782,251.14006879992877,True,blend_agree
praat_reaper_b200_a0.5,studio_F1.wav,1.161598639455782,246.23209962552528,True,blend_agree
praat_reaper_b200_a0.5,studio_F1.wav,1.171598639455782,243.54800641598598,True,blend_agree
praat_reaper_b200_a0.5,studio_F1.wav,1.181598639455782,244.028340747638,True,blend_agree
praat_reaper_b200_a0.5,studio_F1.wav,1.191598639455782,229.16557145830018,True,blend_agree
praat_reaper_b200_a0.5,studio_F1.wav,1.201598639455782,225.2033584935969,True,blend_agree
praat_reaper_b200_a0.5,studio_F1.wav,1.211598639455782,0.0,False,unvoiced
praat_reaper_b200_a0.5,studio_F1.wav,1.221598639455782,0.0,False,unvoiced
praat_reaper_b200_a0.5,studio_F1.wav,1.231598639455782,0.0,False,unvoiced
praat_reaper_b200_a0.5,studio_F1.wav,1.241598639455782,0.0,False,unvoiced
praat_reaper_b200_a0.5,studio_F1.wav,1.251598639455782,0.0,False,unvoiced
praat_reaper_b200_a0.5,studio_F1.wav,1.261598639455782,307.4011687131925,True,praat_missing
praat_reaper_b200_a0.5,studio_F1.wav,1.271598639455782,314.40271966908034,True,blend_agree
praat_reaper_b200_a0.5,studio_F1.wav,1.281598639455782,313.92566229819676,True,blend_agree
praat_reaper_b200_a0.5,studio_F1.wav,1.291598639455782,318.7016663788389,True,blend_agree
praat_reaper_b200_a0.5,studio_F1.wav,1.301598639455782,317.06867535101276,True,blend_agree
praat_reaper_b200_a0.5,studio_F1.wav,1.311598639455782,306.42569852961856,True,blend_agree
praat_reaper_b200_a0.5,studio_F1.wav,1.321598639455782,292.5826491342074,True,blend_agree
praat_reaper_b200_a0.5,studio_F1.wav,1.331598639455782,279.45183644778274,True,blend_agree
praat_reaper_b200_a0.5,studio_F1.wav,1.341598639455782,260.7406314098971,True,blend_agree
praat_reaper_b200_a0.5,studio_F1.wav,1.351598639455782,244.56117295284784,True,blend_agree
praat_reaper_b200_a0.5,studio_F1.wav,1.361598639455782,229.51497587269978,True,blend_agree
praat_reaper_b200_a0.5,studio_F1.wav,1.371598639455782,217.50207556293736,True,blend_agree
praat_reaper_b200_a0.5,studio_F1.wav,1.381598639455782,209.10207851762885,True,blend_agree
praat_reaper_b200_a0.5,studio_F1.wav,1.391598639455782,202.54828309494857,True,blend_agree
praat_reaper_b200_a0.5,studio_F1.wav,1.401598639455782,199.01622236126698,True,blend_agree
praat_reaper_b200_a0.5,studio_F1.wav,1.411598639455782,194.35806426466138,True,blend_agree
praat_reaper_b200_a0.5,studio_F1.wav,1.421598639455782,196.75345783293142,True,blend_agree
praat_reaper_b200_a0.5,studio_F1.wav,1.431598639455782,199.83900404616801,True,blend_agree
praat_reaper_b200_a0.5,studio_F1.wav,1.441598639455782,200.80185300284768,True,blend_agree
praat_reaper_b200_a0.5,studio_F1.wav,1.451598639455782,203.79773854688003,True,blend_agree
praat_reaper_b200_a0.5,studio_F1.wav,1.461598639455782,207.2781879838652,True,blend_agree
praat_reaper_b200_a0.5,studio_F1.wav,1.471598639455782,211.47194655348065,True,blend_agree
praat_reaper_b200_a0.5,studio_F1.wav,1.481598639455782,214.3780524501113,True,blend_agree
praat_reaper_b200_a0.5,studio_F1.wav,1.491598639455782,219.52972833558792,True,blend_agree
praat_reaper_b200_a0.5,studio_F1.wav,1.501598639455782,217.69550478944268,True,blend_agree
praat_reaper_b200_a0.5,studio_F1.wav,1.511598639455782,215.41674991802026,True,blend_agree
praat_reaper_b200_a0.5,studio_F1.wav,1.521598639455782,212.59805407889155,True,blend_agree
praat_reaper_b200_a0.5,studio_F1.wav,1.531598639455782,209.52036811166622,True,blend_agree
praat_reaper_b200_a0.5,studio_F1.wav,1.541598639455782,206.24977857451637,True,blend_agree
praat_reaper_b200_a0.5,studio_F1.wav,1.551598639455782,198.97126733794192,True,praat_disagreement
praat_reaper_b200_a0.5,studio_F1.wav,1.561598639455782,197.29047956687023,True,blend_agree
praat_reaper_b200_a0.5,studio_F1.wav,1.571598639455782,200.27716258472898,True,blend_agree
praat_reaper_b200_a0.5,studio_F1.wav,1.581598639455782,198.53095475425897,True,blend_agree
praat_reaper_b200_a0.5,studio_F1.wav,1.591598639455782,196.61745997470447,True,blend_agree
praat_reaper_b200_a0.5,studio_F1.wav,1.601598639455782,196.92045527702757,True,blend_agree
praat_reaper_b200_a0.5,studio_F1.wav,1.611598639455782,196.746180079664,True,blend_agree
praat_reaper_b200_a0.5,studio_F1.wav,1.621598639455782,191.45550542366743,True,blend_agree
praat_reaper_b200_a0.5,studio_F1.wav,1.631598639455782,187.87057387625828,True,praat_disagreement
praat_reaper_b200_a0.5,studio_F1.wav,1.641598639455782,178.862734226114,True,praat_disagreement
praat_reaper_b200_a0.5,studio_F1.wav,1.651598639455782,0.0,False,unvoiced
praat_reaper_b200_a0.5,studio_F1.wav,1.661598639455782,0.0,False,unvoiced
praat_reaper_b200_a0.5,studio_F1.wav,1.671598639455782,0.0,False,unvoiced
praat_reaper_b200_a0.5,studio_F1.wav,1.681598639455782,0.0,False,unvoiced
praat_reaper_b200_a0.5,studio_F1.wav,1.691598639455782,0.0,False,unvoiced
praat_reaper_b200_a0.5,studio_F1.wav,1.701598639455782,254.69467727630115,True,blend_agree
praat_reaper_b200_a0.5,studio_F1.wav,1.711598639455782,239.33986536010815,True,blend_agree
praat_reaper_b200_a0.5,studio_F1.wav,1.721598639455782,231.82793347528786,True,blend_agree
praat_reaper_b200_a0.5,studio_F1.wav,1.731598639455782,226.73040628732173,True,blend_agree
praat_reaper_b200_a0.5,studio_F1.wav,1.741598639455782,222.2966740739792,True,blend_agree
praat_reaper_b200_a0.5,studio_F1.wav,1.751598639455782,210.8010297115502,True,praat_disagreement
praat_reaper_b200_a0.5,studio_F1.wav,1.761598639455782,0.0,False,unvoiced
praat_reaper_b200_a0.5,studio_F1.wav,1.771598639455782,0.0,False,unvoiced
praat_reaper_b200_a0.5,studio_F1.wav,1.781598639455782,0.0,False,unvoiced
praat_reaper_b200_a0.5,studio_F1.wav,1.791598639455782,0.0,False,unvoiced
praat_reaper_b200_a0.5,studio_F1.wav,1.801598639455782,174.74005887608055,True,praat_disagreement
praat_reaper_b200_a0.5,studio_F1.wav,1.811598639455782,193.36466695341136,True,blend_agree
praat_reaper_b200_a0.5,studio_F1.wav,1.821598639455782,199.18138939407797,True,blend_agree
praat_reaper_b200_a0.5,studio_F1.wav,1.831598639455782,194.84700508136507,True,blend_agree
praat_reaper_b200_a0.5,studio_F1.wav,1.841598639455782,197.89494174799947,True,blend_agree
praat_reaper_b200_a0.5,studio_F1.wav,1.851598639455782,0.0,False,unvoiced
praat_reaper_b200_a0.5,studio_F1.wav,1.861598639455782,0.0,False,unvoiced
praat_reaper_b200_a0.5,studio_F1.wav,1.871598639455782,0.0,False,unvoiced
praat_reaper_b200_a0.5,studio_F1.wav,1.881598639455782,0.0,False,unvoiced
praat_reaper_b200_a0.5,studio_F1.wav,1.891598639455782,0.0,False,unvoiced
praat_reaper_b200_a0.5,studio_F1.wav,1.901598639455782,0.0,False,unvoiced
praat_reaper_b200_a0.5,studio_F1.wav,1.911598639455782,243.06398568956664,True,praat_missing
praat_reaper_b200_a0.5,studio_F1.wav,1.921598639455782,228.58104393834358,True,blend_agree
praat_reaper_b200_a0.5,studio_F1.wav,1.931598639455782,216.494679213125,True,blend_agree
praat_reaper_b200_a0.5,studio_F1.wav,1.941598639455782,211.2165063862212,True,blend_agree
praat_reaper_b200_a0.5,studio_F1.wav,1.951598639455782,208.74914698658142,True,blend_agree
praat_reaper_b200_a0.5,studio_F1.wav,1.961598639455782,207.2468531899952,True,blend_agree
praat_reaper_b200_a0.5,studio_F1.wav,1.971598639455782,204.86019950895067,True,blend_agree
praat_reaper_b200_a0.5,studio_F1.wav,1.981598639455782,203.1611101150229,True,blend_agree
praat_reaper_b200_a0.5,studio_F1.wav,1.991598639455782,200.38332741146792,True,blend_agree
praat_reaper_b200_a0.5,studio_F1.wav,2.001598639455782,199.32141245647304,True,blend_agree
praat_reaper_b200_a0.5,studio_F1.wav,2.011598639455782,197.78367346803242,True,blend_agree
praat_reaper_b200_a0.5,studio_F1.wav,2.021598639455782,195.96839114187566,True,blend_agree
praat_reaper_b200_a0.5,studio_F1.wav,2.031598639455782,195.21500571683967,True,blend_agree
praat_reaper_b200_a0.5,studio_F1.wav,2.041598639455782,192.57984311665163,True,blend_agree
praat_reaper_b200_a0.5,studio_F1.wav,2.051598639455782,190.0886599542432,True,blend_agree
praat_reaper_b200_a0.5,studio_F1.wav,2.061598639455782,189.93486485285368,True,blend_agree
praat_reaper_b200_a0.5,studio_F1.wav,2.071598639455782,189.49122576975913,True,blend_agree
praat_reaper_b200_a0.5,studio_F1.wav,2.081598639455782,188.27996516836652,True,blend_agree
praat_reaper_b200_a0.5,studio_F1.wav,2.091598639455782,186.5211484412423,True,blend_agree
praat_reaper_b200_a0.5,studio_F1.wav,2.101598639455782,185.35302671562664,True,blend_agree
praat_reaper_b200_a0.5,studio_F1.wav,2.111598639455782,181.82365174513296,True,blend_agree
praat_reaper_b200_a0.5,studio_F1.wav,2.121598639455782,180.07976052830696,True,blend_agree
praat_reaper_b200_a0.5,studio_F1.wav,2.131598639455782,168.07789321033405,True,blend_agree
praat_reaper_b200_a0.5,studio_F1.wav,2.141598639455782,163.79340762076112,True,blend_agree
praat_reaper_b200_a0.5,studio_F1.wav,2.151598639455782,0.0,False,unvoiced
praat_reaper_b200_a0.5,studio_F1.wav,2.161598639455782,0.0,False,unvoiced
praat_reaper_b200_a0.5,studio_F1.wav,2.171598639455782,0.0,False,unvoiced
praat_reaper_b200_a0.5,studio_F1.wav,2.181598639455782,0.0,False,unvoiced
praat_reaper_b200_a0.5,studio_F1.wav,2.191598639455782,0.0,False,unvoiced
praat_reaper_b200_a0.5,studio_F1.wav,2.201598639455782,0.0,False,unvoiced
praat_reaper_b200_a0.5,studio_F1.wav,2.211598639455782,0.0,False,unvoiced
praat_reaper_b200_a0.5,studio_F1.wav,2.221598639455782,0.0,False,unvoiced
praat_reaper_b200_a0.5,studio_F1.wav,2.231598639455782,0.0,False,unvoiced
praat_reaper_b200_a0.5,studio_F1.wav,2.241598639455782,0.0,False,unvoiced
praat_reaper_b200_a0.5,studio_F1.wav,2.251598639455782,0.0,False,unvoiced
praat_reaper_b200_a0.5,studio_F1.wav,2.261598639455782,0.0,False,unvoiced
praat_reaper_b200_a0.5,studio_F1.wav,2.271598639455782,0.0,False,unvoiced
praat_reaper_b200_a0.5,studio_F1.wav,2.281598639455782,0.0,False,unvoiced
praat_reaper_b200_a0.5,studio_F1.wav,2.291598639455782,0.0,False,unvoiced
praat_reaper_b200_a0.5,studio_F1.wav,2.301598639455782,0.0,False,unvoiced
praat_reaper_b200_a0.5,studio_F1.wav,2.311598639455782,0.0,False,unvoiced
praat_reaper_b200_a0.5,studio_F1.wav,2.321598639455782,0.0,False,unvoiced
praat_reaper_b200_a0.5,studio_F1.wav,2.331598639455782,0.0,False,unvoiced
praat_reaper_b200_a0.5,studio_F1.wav,2.341598639455782,0.0,False,unvoiced
praat_reaper_b200_a0.5,studio_F1.wav,2.351598639455782,0.0,False,unvoiced
praat_reaper_b200_a0.5,studio_F1.wav,2.361598639455782,0.0,False,unvoiced
praat_reaper_b200_a0.5,studio_F1.wav,2.371598639455782,0.0,False,unvoiced
praat_reaper_b200_a0.5,studio_F1.wav,2.381598639455782,0.0,False,unvoiced
praat_reaper_b200_a0.5,studio_F1.wav,2.391598639455782,0.0,False,unvoiced
praat_reaper_b200_a0.5,studio_F1.wav,2.401598639455782,0.0,False,unvoiced
praat_reaper_b200_a0.5,studio_F1.wav,2.411598639455782,0.0,False,unvoiced
praat_reaper_b200_a0.5,studio_F1.wav,2.421598639455782,0.0,False,unvoiced
praat_reaper_b200_a0.5,studio_F1.wav,2.431598639455782,0.0,False,unvoiced
praat_reaper_b200_a0.5,studio_F1.wav,2.441598639455782,0.0,False,unvoiced
praat_reaper_b200_a0.5,studio_F1.wav,2.451598639455782,0.0,False,unvoiced
praat_reaper_b200_a0.5,studio_F1.wav,2.461598639455782,0.0,False,unvoiced
praat_reaper_b200_a0.5,studio_F1.wav,2.471598639455782,0.0,False,unvoiced
praat_reaper_b200_a0.5,studio_F1.wav,2.481598639455782,0.0,False,unvoiced
praat_reaper_b200_a0.5,studio_F1.wav,2.491598639455782,0.0,False,unvoiced
praat_reaper_b200_a0.5,studio_F1.wav,2.501598639455782,0.0,False,unvoiced
praat_reaper_b200_a0.5,studio_F1.wav,2.511598639455782,0.0,False,unvoiced
praat_reaper_b200_a0.5,studio_F1.wav,2.521598639455782,0.0,False,unvoiced
praat_reaper_b200_a0.5,studio_F1.wav,2.531598639455782,0.0,False,unvoiced
praat_reaper_b200_a0.5,studio_F1.wav,2.541598639455782,0.0,False,unvoiced
praat_reaper_b200_a0.5,studio_F1.wav,2.551598639455782,0.0,False,unvoiced
praat_reaper_b200_a0.5,studio_F1.wav,2.561598639455782,0.0,False,unvoiced
praat_reaper_b200_a0.5,studio_F1.wav,2.571598639455782,0.0,False,unvoiced
praat_reaper_b200_a0.5,studio_F1.wav,2.581598639455782,0.0,False,unvoiced
praat_reaper_b200_a0.5,studio_F1.wav,2.591598639455782,0.0,False,unvoiced
praat_reaper_b200_a0.5,studio_F1.wav,2.601598639455782,0.0,False,unvoiced
praat_reaper_b200_a0.5,studio_F1.wav,2.611598639455782,0.0,False,unvoiced
praat_reaper_b200_a0.5,studio_F1.wav,2.621598639455782,0.0,False,unvoiced
praat_reaper_b200_a0.5,studio_F1.wav,2.631598639455782,0.0,False,unvoiced
praat_reaper_b200_a0.5,studio_F1.wav,2.641598639455782,0.0,False,unvoiced
praat_reaper_b200_a0.5,studio_F1.wav,2.651598639455782,0.0,False,unvoiced
praat_reaper_b200_a0.5,studio_F1.wav,2.661598639455782,0.0,False,unvoiced
praat_reaper_b200_a0.5,studio_F1.wav,2.671598639455782,0.0,False,unvoiced
praat_reaper_b200_a0.5,studio_F1.wav,2.681598639455782,0.0,False,unvoiced
praat_reaper_b200_a0.5,studio_F1.wav,2.691598639455782,0.0,False,unvoiced
praat_reaper_b200_a0.5,studio_F1.wav,2.701598639455782,0.0,False,unvoiced
praat_reaper_b200_a0.5,studio_F1.wav,2.711598639455782,0.0,False,unvoiced
praat_reaper_b200_a0.5,studio_F1.wav,2.721598639455782,0.0,False,unvoiced
praat_reaper_b200_a0.5,studio_F1.wav,2.731598639455782,0.0,False,unvoiced
praat_reaper_b200_a0.5,studio_F1.wav,2.741598639455782,0.0,False,unvoiced
praat_reaper_b200_a0.5,studio_F1.wav,2.751598639455782,0.0,False,unvoiced
praat_reaper_b200_a0.5,studio_F1.wav,2.761598639455782,0.0,False,unvoiced
praat_reaper_b200_a0.5,studio_F1.wav,2.771598639455782,0.0,False,unvoiced
praat_reaper_b200_a0.5,studio_F1.wav,2.781598639455782,0.0,False,unvoiced
praat_reaper_b200_a0.5,studio_F1.wav,2.791598639455782,0.0,False,unvoiced
praat_reaper_b200_a0.5,studio_F1.wav,2.801598639455782,0.0,False,unvoiced
praat_reaper_b200_a0.5,studio_F1.wav,2.811598639455782,0.0,False,unvoiced
praat_reaper_b200_a0.5,studio_F1.wav,2.821598639455782,0.0,False,unvoiced
praat_reaper_b200_a0.5,studio_F1.wav,2.831598639455782,0.0,False,unvoiced
praat_reaper_b200_a0.5,studio_F1.wav,2.841598639455782,0.0,False,unvoiced
praat_reaper_b200_a1,studio_F1.wav,0.021598639455782,0.0,False,unvoiced
praat_reaper_b200_a1,studio_F1.wav,0.031598639455782,0.0,False,unvoiced
praat_reaper_b200_a1,studio_F1.wav,0.041598639455782,0.0,False,unvoiced
praat_reaper_b200_a1,studio_F1.wav,0.051598639455782,0.0,False,unvoiced
praat_reaper_b200_a1,studio_F1.wav,0.061598639455782,0.0,False,unvoiced
praat_reaper_b200_a1,studio_F1.wav,0.071598639455782,0.0,False,unvoiced
praat_reaper_b200_a1,studio_F1.wav,0.081598639455782,0.0,False,unvoiced
praat_reaper_b200_a1,studio_F1.wav,0.091598639455782,0.0,False,unvoiced
praat_reaper_b200_a1,studio_F1.wav,0.101598639455782,0.0,False,unvoiced
praat_reaper_b200_a1,studio_F1.wav,0.111598639455782,0.0,False,unvoiced
praat_reaper_b200_a1,studio_F1.wav,0.121598639455782,0.0,False,unvoiced
praat_reaper_b200_a1,studio_F1.wav,0.131598639455782,0.0,False,unvoiced
praat_reaper_b200_a1,studio_F1.wav,0.141598639455782,0.0,False,unvoiced
praat_reaper_b200_a1,studio_F1.wav,0.151598639455782,0.0,False,unvoiced
praat_reaper_b200_a1,studio_F1.wav,0.161598639455782,0.0,False,unvoiced
praat_reaper_b200_a1,studio_F1.wav,0.171598639455782,0.0,False,unvoiced
praat_reaper_b200_a1,studio_F1.wav,0.181598639455782,0.0,False,unvoiced
praat_reaper_b200_a1,studio_F1.wav,0.191598639455782,0.0,False,unvoiced
praat_reaper_b200_a1,studio_F1.wav,0.201598639455782,0.0,False,unvoiced
praat_reaper_b200_a1,studio_F1.wav,0.211598639455782,0.0,False,unvoiced
praat_reaper_b200_a1,studio_F1.wav,0.221598639455782,0.0,False,unvoiced
praat_reaper_b200_a1,studio_F1.wav,0.231598639455782,0.0,False,unvoiced
praat_reaper_b200_a1,studio_F1.wav,0.241598639455782,0.0,False,unvoiced
praat_reaper_b200_a1,studio_F1.wav,0.251598639455782,0.0,False,unvoiced
praat_reaper_b200_a1,studio_F1.wav,0.261598639455782,0.0,False,unvoiced
praat_reaper_b200_a1,studio_F1.wav,0.271598639455782,0.0,False,unvoiced
praat_reaper_b200_a1,studio_F1.wav,0.281598639455782,0.0,False,unvoiced
praat_reaper_b200_a1,studio_F1.wav,0.291598639455782,0.0,False,unvoiced
praat_reaper_b200_a1,studio_F1.wav,0.301598639455782,0.0,False,unvoiced
praat_reaper_b200_a1,studio_F1.wav,0.311598639455782,0.0,False,unvoiced
praat_reaper_b200_a1,studio_F1.wav,0.321598639455782,0.0,False,unvoiced
praat_reaper_b200_a1,studio_F1.wav,0.331598639455782,0.0,False,unvoiced
praat_reaper_b200_a1,studio_F1.wav,0.341598639455782,0.0,False,unvoiced
praat_reaper_b200_a1,studio_F1.wav,0.351598639455782,0.0,False,unvoiced
praat_reaper_b200_a1,studio_F1.wav,0.361598639455782,0.0,False,unvoiced
praat_reaper_b200_a1,studio_F1.wav,0.371598639455782,0.0,False,unvoiced
praat_reaper_b200_a1,studio_F1.wav,0.381598639455782,0.0,False,unvoiced
praat_reaper_b200_a1,studio_F1.wav,0.391598639455782,0.0,False,unvoiced
praat_reaper_b200_a1,studio_F1.wav,0.401598639455782,0.0,False,unvoiced
praat_reaper_b200_a1,studio_F1.wav,0.411598639455782,0.0,False,unvoiced
praat_reaper_b200_a1,studio_F1.wav,0.421598639455782,0.0,False,unvoiced
praat_reaper_b200_a1,studio_F1.wav,0.431598639455782,0.0,False,unvoiced
praat_reaper_b200_a1,studio_F1.wav,0.441598639455782,0.0,False,unvoiced
praat_reaper_b200_a1,studio_F1.wav,0.451598639455782,0.0,False,unvoiced
praat_reaper_b200_a1,studio_F1.wav,0.461598639455782,0.0,False,unvoiced
praat_reaper_b200_a1,studio_F1.wav,0.471598639455782,0.0,False,unvoiced
praat_reaper_b200_a1,studio_F1.wav,0.481598639455782,0.0,False,unvoiced
praat_reaper_b200_a1,studio_F1.wav,0.491598639455782,0.0,False,unvoiced
praat_reaper_b200_a1,studio_F1.wav,0.501598639455782,0.0,False,unvoiced
praat_reaper_b200_a1,studio_F1.wav,0.511598639455782,0.0,False,unvoiced
praat_reaper_b200_a1,studio_F1.wav,0.521598639455782,0.0,False,unvoiced
praat_reaper_b200_a1,studio_F1.wav,0.531598639455782,0.0,False,unvoiced
praat_reaper_b200_a1,studio_F1.wav,0.541598639455782,0.0,False,unvoiced
praat_reaper_b200_a1,studio_F1.wav,0.551598639455782,0.0,False,unvoiced
praat_reaper_b200_a1,studio_F1.wav,0.561598639455782,0.0,False,unvoiced
praat_reaper_b200_a1,studio_F1.wav,0.571598639455782,0.0,False,unvoiced
praat_reaper_b200_a1,studio_F1.wav,0.581598639455782,0.0,False,unvoiced
praat_reaper_b200_a1,studio_F1.wav,0.591598639455782,0.0,False,unvoiced
praat_reaper_b200_a1,studio_F1.wav,0.601598639455782,0.0,False,unvoiced
praat_reaper_b200_a1,studio_F1.wav,0.611598639455782,0.0,False,unvoiced
praat_reaper_b200_a1,studio_F1.wav,0.621598639455782,0.0,False,unvoiced
praat_reaper_b200_a1,studio_F1.wav,0.631598639455782,0.0,False,unvoiced
praat_reaper_b200_a1,studio_F1.wav,0.641598639455782,0.0,False,unvoiced
praat_reaper_b200_a1,studio_F1.wav,0.651598639455782,0.0,False,unvoiced
praat_reaper_b200_a1,studio_F1.wav,0.661598639455782,0.0,False,unvoiced
praat_reaper_b200_a1,studio_F1.wav,0.671598639455782,0.0,False,unvoiced
praat_reaper_b200_a1,studio_F1.wav,0.681598639455782,0.0,False,unvoiced
praat_reaper_b200_a1,studio_F1.wav,0.691598639455782,264.0718688964844,True,reaper_agree
praat_reaper_b200_a1,studio_F1.wav,0.701598639455782,272.22222900390625,True,reaper_agree
praat_reaper_b200_a1,studio_F1.wav,0.711598639455782,268.9024353027344,True,reaper_agree
praat_reaper_b200_a1,studio_F1.wav,0.721598639455782,264.0718688964844,True,reaper_agree
praat_reaper_b200_a1,studio_F1.wav,0.731598639455782,260.9467468261719,True,reaper_agree
praat_reaper_b200_a1,studio_F1.wav,0.741598639455782,257.8947448730469,True,reaper_agree
praat_reaper_b200_a1,studio_F1.wav,0.751598639455782,257.8947448730469,True,reaper_agree
praat_reaper_b200_a1,studio_F1.wav,0.761598639455782,256.3953552246094,True,reaper_agree
praat_reaper_b200_a1,studio_F1.wav,0.771598639455782,240.98361206054688,True,reaper_agree
praat_reaper_b200_a1,studio_F1.wav,0.781598639455782,237.09677124023438,True,reaper_agree
praat_reaper_b200_a1,studio_F1.wav,0.791598639455782,237.09677124023438,True,reaper_agree
praat_reaper_b200_a1,studio_F1.wav,0.801598639455782,246.36871337890625,True,reaper_agree
praat_reaper_b200_a1,studio_F1.wav,0.811598639455782,247.7528076171875,True,reaper_agree
praat_reaper_b200_a1,studio_F1.wav,0.821598639455782,246.36871337890625,True,reaper_agree
praat_reaper_b200_a1,studio_F1.wav,0.831598639455782,246.36871337890625,True,reaper_agree
praat_reaper_b200_a1,studio_F1.wav,0.841598639455782,245.0,True,reaper_agree
praat_reaper_b200_a1,studio_F1.wav,0.851598639455782,245.0,True,reaper_agree
praat_reaper_b200_a1,studio_F1.wav,0.861598639455782,243.6464080810547,True,reaper_agree
praat_reaper_b200_a1,studio_F1.wav,0.871598639455782,242.3076934814453,True,reaper_agree
praat_reaper_b200_a1,studio_F1.wav,0.881598639455782,240.98361206054688,True,reaper_agree
praat_reaper_b200_a1,studio_F1.wav,0.891598639455782,230.89004516601562,True,reaper_agree
praat_reaper_b200_a1,studio_F1.wav,0.901598639455782,228.49740600585938,True,reaper_agree
praat_reaper_b200_a1,studio_F1.wav,0.911598639455782,223.8578643798828,True,reaper_agree
praat_reaper_b200_a1,studio_F1.wav,0.921598639455782,225.0,True,reaper_agree
praat_reaper_b200_a1,studio_F1.wav,0.931598639455782,222.72727966308594,True,reaper_agree
praat_reaper_b200_a1,studio_F1.wav,0.941598639455782,229.6875,True,reaper_agree
praat_reaper_b200_a1,studio_F1.wav,0.951598639455782,234.574462890625,True,reaper_agree
praat_reaper_b200_a1,studio_F1.wav,0.961598639455782,250.56817626953125,True,reaper_agree
praat_reaper_b200_a1,studio_F1.wav,0.971598639455782,252.0,True,reaper_agree
praat_reaper_b200_a1,studio_F1.wav,0.981598639455782,250.56817626953125,True,reaper_agree
praat_reaper_b200_a1,studio_F1.wav,0.991598639455782,243.6464080810547,True,reaper_agree
praat_reaper_b200_a1,studio_F1.wav,1.001598639455782,264.0718688964844,True,reaper_agree
praat_reaper_b200_a1,studio_F1.wav,1.011598639455782,272.22222900390625,True,reaper_agree
praat_reaper_b200_a1,studio_F1.wav,1.021598639455782,275.625,True,reaper_agree
praat_reaper_b200_a1,studio_F1.wav,1.031598639455782,284.5161437988281,True,reaper_agree
praat_reaper_b200_a1,studio_F1.wav,1.041598639455782,290.131591796875,True,reaper_agree
praat_reaper_b200_a1,studio_F1.wav,1.051598639455782,292.052978515625,True,reaper_agree
praat_reaper_b200_a1,studio_F1.wav,1.061598639455782,292.052978515625,True,reaper_agree
praat_reaper_b200_a1,studio_F1.wav,1.071598639455782,272.22222900390625,True,reaper_agree
praat_reaper_b200_a1,studio_F1.wav,1.081598639455782,278.15025347463734,True,praat_missing
praat_reaper_b200_a1,studio_F1.wav,1.091598639455782,0.0,False,unvoiced
praat_reaper_b200_a1,studio_F1.wav,1.101598639455782,0.0,False,unvoiced
praat_reaper_b200_a1,studio_F1.wav,1.111598639455782,0.0,False,unvoiced
praat_reaper_b200_a1,studio_F1.wav,1.121598639455782,298.71367714869126,True,praat_missing
praat_reaper_b200_a1,studio_F1.wav,1.131598639455782,279.1139221191406,True,reaper_agree
praat_reaper_b200_a1,studio_F1.wav,1.141598639455782,264.0718688964844,True,reaper_agree
praat_reaper_b200_a1,studio_F1.wav,1.151598639455782,249.1525421142578,True,reaper_agree
praat_reaper_b200_a1,studio_F1.wav,1.161598639455782,246.36871337890625,True,reaper_agree
praat_reaper_b200_a1,studio_F1.wav,1.171598639455782,243.6464080810547,True,reaper_agree
praat_reaper_b200_a1,studio_F1.wav,1.181598639455782,245.0,True,reaper_agree
praat_reaper_b200_a1,studio_F1.wav,1.191598639455782,218.31683349609375,True,reaper_agree
praat_reaper_b200_a1,studio_F1.wav,1.201598639455782,221.60804748535156,True,reaper_agree
praat_reaper_b200_a1,studio_F1.wav,1.211598639455782,0.0,False,unvoiced
praat_reaper_b200_a1,studio_F1.wav,1.221598639455782,0.0,False,unvoiced
praat_reaper_b200_a1,studio_F1.wav,1.231598639455782,0.0,False,unvoiced
praat_reaper_b200_a1,studio_F1.wav,1.241598639455782,0.0,False,unvoiced
praat_reaper_b200_a1,studio_F1.wav,1.251598639455782,0.0,False,unvoiced
praat_reaper_b200_a1,studio_F1.wav,1.261598639455782,307.4011687131925,True,praat_missing
praat_reaper_b200_a1,studio_F1.wav,1.271598639455782,315.0,True,reaper_agree
praat_reaper_b200_a1,studio_F1.wav,1.281598639455782,312.7659606933594,True,reaper_agree
praat_reaper_b200_a1,studio_F1.wav,1.291598639455782,319.5652160644531,True,reaper_agree
praat_reaper_b200_a1,studio_F1.wav,1.301598639455782,317.26617431640625,True,reaper_agree
praat_reaper_b200_a1,studio_F1.wav,1.311598639455782,304.137939453125,True,reaper_agree
praat_reaper_b200_a1,studio_F1.wav,1.321598639455782,290.131591796875,True,reaper_agree
praat_reaper_b200_a1,studio_F1.wav,1.331598639455782,279.1139221191406,True,reaper_agree
praat_reaper_b200_a1,studio_F1.wav,1.341598639455782,257.8947448730469,True,reaper_agree
praat_reaper_b200_a1,studio_F1.wav,1.351598639455782,245.0,True,reaper_agree
praat_reaper_b200_a1,studio_F1.wav,1.361598639455782,228.49740600585938,True,reaper_agree
praat_reaper_b200_a1,studio_F1.wav,1.371598639455782,216.1764678955078,True,reaper_agree
praat_reaper_b200_a1,studio_F1.wav,1.381598639455782,208.0188751220703,True,reaper_agree
praat_reaper_b200_a1,studio_F1.wav,1.391598639455782,201.36985778808594,True,reaper_agree
praat_reaper_b200_a1,studio_F1.wav,1.401598639455782,198.64865112304688,True,reaper_agree
praat_reaper_b200_a1,studio_F1.wav,1.411598639455782,194.27313232421875,True,reaper_agree
praat_reaper_b200_a1,studio_F1.wav,1.421598639455782,202.2935791015625,True,reaper_agree
praat_reaper_b200_a1,studio_F1.wav,1.431598639455782,199.54751586914062,True,reaper_agree
praat_reaper_b200_a1,studio_F1.wav,1.441598639455782,199.54751586914062,True,reaper_agree
praat_reaper_b200_a1,studio_F1.wav,1.451598639455782,204.1666717529297,True,reaper_agree
praat_reaper_b200_a1,studio_F1.wav,1.461598639455782,208.0188751220703,True,reaper_agree
praat_reaper_b200_a1,studio_F1.wav,1.471598639455782,212.01922607421875,True,reaper_agree
praat_reaper_b200_a1,studio_F1.wav,1.481598639455782,214.07766723632812,True,reaper_agree
praat_reaper_b200_a1,studio_F1.wav,1.491598639455782,220.5,True,reaper_agree
praat_reaper_b200_a1,studio_F1.wav,1.501598639455782,217.2413787841797,True,reaper_agree
praat_reaper_b200_a1,studio_F1.wav,1.511598639455782,215.1219482421875,True,reaper_agree
praat_reaper_b200_a1,studio_F1.wav,1.521598639455782,212.01922607421875,True,reaper_agree
praat_reaper_b200_a1,studio_F1.wav,1.531598639455782,209.00474548339844,True,reaper_agree
praat_reaper_b200_a1,studio_F1.wav,1.541598639455782,206.07476806640625,True,reaper_agree
praat_reaper_b200_a1,studio_F1.wav,1.551598639455782,198.97126733794192,True,praat_disagreement
praat_reaper_b200_a1,studio_F1.wav,1.561598639455782,197.75784301757812,True,reaper_agree
praat_reaper_b200_a1,studio_F1.wav,1.571598639455782,200.4545440673828,True,reaper_agree
praat_reaper_b200_a1,studio_F1.wav,1.581598639455782,197.75784301757812,True,reaper_agree
praat_reaper_b200_a1,studio_F1.wav,1.591598639455782,196.0,True,reaper_agree
praat_reaper_b200_a1,studio_F1.wav,1.601598639455782,196.875,True,reaper_agree
praat_reaper_b200_a1,studio_F1.wav,1.611598639455782,196.0,True,reaper_agree
praat_reaper_b200_a1,studio_F1.wav,1.621598639455782,187.65957641601562,True,reaper_agree
praat_reaper_b200_a1,studio_F1.wav,1.631598639455782,187.87057387625828,True,praat_disagreement
praat_reaper_b200_a1,studio_F1.wav,1.641598639455782,178.862734226114,True,praat_disagreement
praat_reaper_b200_a1,studio_F1.wav,1.651598639455782,0.0,False,unvoiced
praat_reaper_b200_a1,studio_F1.wav,1.661598639455782,0.0,False,unvoiced
praat_reaper_b200_a1,studio_F1.wav,1.671598639455782,0.0,False,unvoiced
praat_reaper_b200_a1,studio_F1.wav,1.681598639455782,0.0,False,unvoiced
praat_reaper_b200_a1,studio_F1.wav,1.691598639455782,0.0,False,unvoiced
praat_reaper_b200_a1,studio_F1.wav,1.701598639455782,259.4117736816406,True,reaper_agree
praat_reaper_b200_a1,studio_F1.wav,1.711598639455782,237.09677124023438,True,reaper_agree
praat_reaper_b200_a1,studio_F1.wav,1.721598639455782,230.89004516601562,True,reaper_agree
praat_reaper_b200_a1,studio_F1.wav,1.731598639455782,226.15383911132812,True,reaper_agree
praat_reaper_b200_a1,studio_F1.wav,1.741598639455782,222.72727966308594,True,reaper_agree
praat_reaper_b200_a1,studio_F1.wav,1.751598639455782,210.8010297115502,True,praat_disagreement
praat_reaper_b200_a1,studio_F1.wav,1.761598639455782,0.0,False,unvoiced
praat_reaper_b200_a1,studio_F1.wav,1.771598639455782,0.0,False,unvoiced
praat_reaper_b200_a1,studio_F1.wav,1.781598639455782,0.0,False,unvoiced
praat_reaper_b200_a1,studio_F1.wav,1.791598639455782,0.0,False,unvoiced
praat_reaper_b200_a1,studio_F1.wav,1.801598639455782,174.74005887608055,True,praat_disagreement
praat_reaper_b200_a1,studio_F1.wav,1.811598639455782,201.36985778808594,True,reaper_agree
praat_reaper_b200_a1,studio_F1.wav,1.821598639455782,200.4545440673828,True,reaper_agree
praat_reaper_b200_a1,studio_F1.wav,1.831598639455782,193.42105102539062,True,reaper_agree
praat_reaper_b200_a1,studio_F1.wav,1.841598639455782,196.875,True,reaper_agree
praat_reaper_b200_a1,studio_F1.wav,1.851598639455782,0.0,False,unvoiced
praat_reaper_b200_a1,studio_F1.wav,1.861598639455782,0.0,False,unvoiced
praat_reaper_b200_a1,studio_F1.wav,1.871598639455782,0.0,False,unvoiced
praat_reaper_b200_a1,studio_F1.wav,1.881598639455782,0.0,False,unvoiced
praat_reaper_b200_a1,studio_F1.wav,1.891598639455782,0.0,False,unvoiced
praat_reaper_b200_a1,studio_F1.wav,1.901598639455782,0.0,False,unvoiced
praat_reaper_b200_a1,studio_F1.wav,1.911598639455782,243.06398568956664,True,praat_missing
praat_reaper_b200_a1,studio_F1.wav,1.921598639455782,229.6875,True,reaper_agree
praat_reaper_b200_a1,studio_F1.wav,1.931598639455782,215.1219482421875,True,reaper_agree
praat_reaper_b200_a1,studio_F1.wav,1.941598639455782,210.0,True,reaper_agree
praat_reaper_b200_a1,studio_F1.wav,1.951598639455782,208.0188751220703,True,reaper_agree
praat_reaper_b200_a1,studio_F1.wav,1.961598639455782,207.04225158691406,True,reaper_agree
praat_reaper_b200_a1,studio_F1.wav,1.971598639455782,204.1666717529297,True,reaper_agree
praat_reaper_b200_a1,studio_F1.wav,1.981598639455782,203.22579956054688,True,reaper_agree
praat_reaper_b200_a1,studio_F1.wav,1.991598639455782,199.54751586914062,True,reaper_agree
praat_reaper_b200_a1,studio_F1.wav,2.001598639455782,198.64865112304688,True,reaper_agree
praat_reaper_b200_a1,studio_F1.wav,2.011598639455782,196.875,True,reaper_agree
praat_reaper_b200_a1,studio_F1.wav,2.021598639455782,195.1327362060547,True,reaper_agree
praat_reaper_b200_a1,studio_F1.wav,2.031598639455782,195.1327362060547,True,reaper_agree
praat_reaper_b200_a1,studio_F1.wav,2.041598639455782,191.7391357421875,True,reaper_agree
praat_reaper_b200_a1,studio_F1.wav,2.051598639455782,189.2703857421875,True,reaper_agree
praat_reaper_b200_a1,studio_F1.wav,2.061598639455782,190.08621215820312,True,reaper_agree
praat_reaper_b200_a1,studio_F1.wav,2.071598639455782,189.2703857421875,True,reaper_agree
praat_reaper_b200_a1,studio_F1.wav,2.081598639455782,188.46153259277344,True,reaper_agree
praat_reaper_b200_a1,studio_F1.wav,2.091598639455782,186.86441040039062,True,reaper_agree
praat_reaper_b200_a1,studio_F1.wav,2.101598639455782,186.07594299316406,True,reaper_agree
praat_reaper_b200_a1,studio_F1.wav,2.111598639455782,181.48147583007812,True,reaper_agree
praat_reaper_b200_a1,studio_F1.wav,2.121598639455782,181.48147583007812,True,reaper_agree
praat_reaper_b200_a1,studio_F1.wav,2.131598639455782,163.94052124023438,True,reaper_agree
praat_reaper_b200_a1,studio_F1.wav,2.141598639455782,163.3333282470703,True,reaper_agree
praat_reaper_b200_a1,studio_F1.wav,2.151598639455782,0.0,False,unvoiced
praat_reaper_b200_a1,studio_F1.wav,2.161598639455782,0.0,False,unvoiced
praat_reaper_b200_a1,studio_F1.wav,2.171598639455782,0.0,False,unvoiced
praat_reaper_b200_a1,studio_F1.wav,2.181598639455782,0.0,False,unvoiced
praat_reaper_b200_a1,studio_F1.wav,2.191598639455782,0.0,False,unvoiced
praat_reaper_b200_a1,studio_F1.wav,2.201598639455782,0.0,False,unvoiced
praat_reaper_b200_a1,studio_F1.wav,2.211598639455782,0.0,False,unvoiced
praat_reaper_b200_a1,studio_F1.wav,2.221598639455782,0.0,False,unvoiced
praat_reaper_b200_a1,studio_F1.wav,2.231598639455782,0.0,False,unvoiced
praat_reaper_b200_a1,studio_F1.wav,2.241598639455782,0.0,False,unvoiced
praat_reaper_b200_a1,studio_F1.wav,2.251598639455782,0.0,False,unvoiced
praat_reaper_b200_a1,studio_F1.wav,2.261598639455782,0.0,False,unvoiced
praat_reaper_b200_a1,studio_F1.wav,2.271598639455782,0.0,False,unvoiced
praat_reaper_b200_a1,studio_F1.wav,2.281598639455782,0.0,False,unvoiced
praat_reaper_b200_a1,studio_F1.wav,2.291598639455782,0.0,False,unvoiced
praat_reaper_b200_a1,studio_F1.wav,2.301598639455782,0.0,False,unvoiced
praat_reaper_b200_a1,studio_F1.wav,2.311598639455782,0.0,False,unvoiced
praat_reaper_b200_a1,studio_F1.wav,2.321598639455782,0.0,False,unvoiced
praat_reaper_b200_a1,studio_F1.wav,2.331598639455782,0.0,False,unvoiced
praat_reaper_b200_a1,studio_F1.wav,2.341598639455782,0.0,False,unvoiced
praat_reaper_b200_a1,studio_F1.wav,2.351598639455782,0.0,False,unvoiced
praat_reaper_b200_a1,studio_F1.wav,2.361598639455782,0.0,False,unvoiced
praat_reaper_b200_a1,studio_F1.wav,2.371598639455782,0.0,False,unvoiced
praat_reaper_b200_a1,studio_F1.wav,2.381598639455782,0.0,False,unvoiced
praat_reaper_b200_a1,studio_F1.wav,2.391598639455782,0.0,False,unvoiced
praat_reaper_b200_a1,studio_F1.wav,2.401598639455782,0.0,False,unvoiced
praat_reaper_b200_a1,studio_F1.wav,2.411598639455782,0.0,False,unvoiced
praat_reaper_b200_a1,studio_F1.wav,2.421598639455782,0.0,False,unvoiced
praat_reaper_b200_a1,studio_F1.wav,2.431598639455782,0.0,False,unvoiced
praat_reaper_b200_a1,studio_F1.wav,2.441598639455782,0.0,False,unvoiced
praat_reaper_b200_a1,studio_F1.wav,2.451598639455782,0.0,False,unvoiced
praat_reaper_b200_a1,studio_F1.wav,2.461598639455782,0.0,False,unvoiced
praat_reaper_b200_a1,studio_F1.wav,2.471598639455782,0.0,False,unvoiced
praat_reaper_b200_a1,studio_F1.wav,2.481598639455782,0.0,False,unvoiced
praat_reaper_b200_a1,studio_F1.wav,2.491598639455782,0.0,False,unvoiced
praat_reaper_b200_a1,studio_F1.wav,2.501598639455782,0.0,False,unvoiced
praat_reaper_b200_a1,studio_F1.wav,2.511598639455782,0.0,False,unvoiced
praat_reaper_b200_a1,studio_F1.wav,2.521598639455782,0.0,False,unvoiced
praat_reaper_b200_a1,studio_F1.wav,2.531598639455782,0.0,False,unvoiced
praat_reaper_b200_a1,studio_F1.wav,2.541598639455782,0.0,False,unvoiced
praat_reaper_b200_a1,studio_F1.wav,2.551598639455782,0.0,False,unvoiced
praat_reaper_b200_a1,studio_F1.wav,2.561598639455782,0.0,False,unvoiced
praat_reaper_b200_a1,studio_F1.wav,2.571598639455782,0.0,False,unvoiced
praat_reaper_b200_a1,studio_F1.wav,2.581598639455782,0.0,False,unvoiced
praat_reaper_b200_a1,studio_F1.wav,2.591598639455782,0.0,False,unvoiced
praat_reaper_b200_a1,studio_F1.wav,2.601598639455782,0.0,False,unvoiced
praat_reaper_b200_a1,studio_F1.wav,2.611598639455782,0.0,False,unvoiced
praat_reaper_b200_a1,studio_F1.wav,2.621598639455782,0.0,False,unvoiced
praat_reaper_b200_a1,studio_F1.wav,2.631598639455782,0.0,False,unvoiced
praat_reaper_b200_a1,studio_F1.wav,2.641598639455782,0.0,False,unvoiced
praat_reaper_b200_a1,studio_F1.wav,2.651598639455782,0.0,False,unvoiced
praat_reaper_b200_a1,studio_F1.wav,2.661598639455782,0.0,False,unvoiced
praat_reaper_b200_a1,studio_F1.wav,2.671598639455782,0.0,False,unvoiced
praat_reaper_b200_a1,studio_F1.wav,2.681598639455782,0.0,False,unvoiced
praat_reaper_b200_a1,studio_F1.wav,2.691598639455782,0.0,False,unvoiced
praat_reaper_b200_a1,studio_F1.wav,2.701598639455782,0.0,False,unvoiced
praat_reaper_b200_a1,studio_F1.wav,2.711598639455782,0.0,False,unvoiced
praat_reaper_b200_a1,studio_F1.wav,2.721598639455782,0.0,False,unvoiced
praat_reaper_b200_a1,studio_F1.wav,2.731598639455782,0.0,False,unvoiced
praat_reaper_b200_a1,studio_F1.wav,2.741598639455782,0.0,False,unvoiced
praat_reaper_b200_a1,studio_F1.wav,2.751598639455782,0.0,False,unvoiced
praat_reaper_b200_a1,studio_F1.wav,2.761598639455782,0.0,False,unvoiced
praat_reaper_b200_a1,studio_F1.wav,2.771598639455782,0.0,False,unvoiced
praat_reaper_b200_a1,studio_F1.wav,2.781598639455782,0.0,False,unvoiced
praat_reaper_b200_a1,studio_F1.wav,2.791598639455782,0.0,False,unvoiced
praat_reaper_b200_a1,studio_F1.wav,2.801598639455782,0.0,False,unvoiced
praat_reaper_b200_a1,studio_F1.wav,2.811598639455782,0.0,False,unvoiced
praat_reaper_b200_a1,studio_F1.wav,2.821598639455782,0.0,False,unvoiced
praat_reaper_b200_a1,studio_F1.wav,2.831598639455782,0.0,False,unvoiced
praat_reaper_b200_a1,studio_F1.wav,2.841598639455782,0.0,False,unvoiced
praat7_filtered_v0.3,studio_M1.wav,0.025079365079365,0.0,False,praat_control
praat7_filtered_v0.3,studio_M1.wav,0.035079365079365,0.0,False,praat_control
praat7_filtered_v0.3,studio_M1.wav,0.045079365079365,0.0,False,praat_control
praat7_filtered_v0.3,studio_M1.wav,0.055079365079365,0.0,False,praat_control
praat7_filtered_v0.3,studio_M1.wav,0.065079365079365,0.0,False,praat_control
praat7_filtered_v0.3,studio_M1.wav,0.075079365079365,0.0,False,praat_control
praat7_filtered_v0.3,studio_M1.wav,0.085079365079365,0.0,False,praat_control
praat7_filtered_v0.3,studio_M1.wav,0.095079365079365,0.0,False,praat_control
praat7_filtered_v0.3,studio_M1.wav,0.105079365079365,0.0,False,praat_control
praat7_filtered_v0.3,studio_M1.wav,0.115079365079365,0.0,False,praat_control
praat7_filtered_v0.3,studio_M1.wav,0.125079365079365,0.0,False,praat_control
praat7_filtered_v0.3,studio_M1.wav,0.135079365079365,0.0,False,praat_control
praat7_filtered_v0.3,studio_M1.wav,0.145079365079365,0.0,False,praat_control
praat7_filtered_v0.3,studio_M1.wav,0.155079365079365,0.0,False,praat_control
praat7_filtered_v0.3,studio_M1.wav,0.165079365079365,0.0,False,praat_control
praat7_filtered_v0.3,studio_M1.wav,0.175079365079365,0.0,False,praat_control
praat7_filtered_v0.3,studio_M1.wav,0.185079365079365,0.0,False,praat_control
praat7_filtered_v0.3,studio_M1.wav,0.195079365079365,0.0,False,praat_control
praat7_filtered_v0.3,studio_M1.wav,0.205079365079365,0.0,False,praat_control
praat7_filtered_v0.3,studio_M1.wav,0.215079365079365,0.0,False,praat_control
praat7_filtered_v0.3,studio_M1.wav,0.225079365079365,0.0,False,praat_control
praat7_filtered_v0.3,studio_M1.wav,0.235079365079365,0.0,False,praat_control
praat7_filtered_v0.3,studio_M1.wav,0.245079365079365,0.0,False,praat_control
praat7_filtered_v0.3,studio_M1.wav,0.255079365079365,0.0,False,praat_control
praat7_filtered_v0.3,studio_M1.wav,0.265079365079365,0.0,False,praat_control
praat7_filtered_v0.3,studio_M1.wav,0.275079365079365,0.0,False,praat_control
praat7_filtered_v0.3,studio_M1.wav,0.285079365079365,0.0,False,praat_control
praat7_filtered_v0.3,studio_M1.wav,0.295079365079365,0.0,False,praat_control
praat7_filtered_v0.3,studio_M1.wav,0.305079365079365,0.0,False,praat_control
praat7_filtered_v0.3,studio_M1.wav,0.315079365079365,0.0,False,praat_control
praat7_filtered_v0.3,studio_M1.wav,0.325079365079365,0.0,False,praat_control
praat7_filtered_v0.3,studio_M1.wav,0.335079365079365,0.0,False,praat_control
praat7_filtered_v0.3,studio_M1.wav,0.345079365079365,0.0,False,praat_control
praat7_filtered_v0.3,studio_M1.wav,0.355079365079365,0.0,False,praat_control
praat7_filtered_v0.3,studio_M1.wav,0.365079365079365,0.0,False,praat_control
praat7_filtered_v0.3,studio_M1.wav,0.375079365079365,0.0,False,praat_control
praat7_filtered_v0.3,studio_M1.wav,0.385079365079365,0.0,False,praat_control
praat7_filtered_v0.3,studio_M1.wav,0.395079365079365,0.0,False,praat_control
praat7_filtered_v0.3,studio_M1.wav,0.405079365079365,0.0,False,praat_control
praat7_filtered_v0.3,studio_M1.wav,0.415079365079365,0.0,False,praat_control
praat7_filtered_v0.3,studio_M1.wav,0.425079365079365,0.0,False,praat_control
praat7_filtered_v0.3,studio_M1.wav,0.435079365079365,0.0,False,praat_control
praat7_filtered_v0.3,studio_M1.wav,0.445079365079365,0.0,False,praat_control
praat7_filtered_v0.3,studio_M1.wav,0.455079365079365,0.0,False,praat_control
praat7_filtered_v0.3,studio_M1.wav,0.465079365079365,0.0,False,praat_control
praat7_filtered_v0.3,studio_M1.wav,0.475079365079365,0.0,False,praat_control
praat7_filtered_v0.3,studio_M1.wav,0.485079365079365,0.0,False,praat_control
praat7_filtered_v0.3,studio_M1.wav,0.495079365079365,0.0,False,praat_control
praat7_filtered_v0.3,studio_M1.wav,0.505079365079365,0.0,False,praat_control
praat7_filtered_v0.3,studio_M1.wav,0.515079365079365,0.0,False,praat_control
praat7_filtered_v0.3,studio_M1.wav,0.525079365079365,0.0,False,praat_control
praat7_filtered_v0.3,studio_M1.wav,0.535079365079365,0.0,False,praat_control
praat7_filtered_v0.3,studio_M1.wav,0.545079365079365,0.0,False,praat_control
praat7_filtered_v0.3,studio_M1.wav,0.555079365079365,0.0,False,praat_control
praat7_filtered_v0.3,studio_M1.wav,0.565079365079365,0.0,False,praat_control
praat7_filtered_v0.3,studio_M1.wav,0.575079365079365,0.0,False,praat_control
praat7_filtered_v0.3,studio_M1.wav,0.585079365079365,0.0,False,praat_control
praat7_filtered_v0.3,studio_M1.wav,0.595079365079365,0.0,False,praat_control
praat7_filtered_v0.3,studio_M1.wav,0.605079365079365,0.0,False,praat_control
praat7_filtered_v0.3,studio_M1.wav,0.615079365079365,0.0,False,praat_control
praat7_filtered_v0.3,studio_M1.wav,0.625079365079365,0.0,False,praat_control
praat7_filtered_v0.3,studio_M1.wav,0.635079365079365,0.0,False,praat_control
praat7_filtered_v0.3,studio_M1.wav,0.645079365079365,0.0,False,praat_control
praat7_filtered_v0.3,studio_M1.wav,0.655079365079365,0.0,False,praat_control
praat7_filtered_v0.3,studio_M1.wav,0.665079365079365,0.0,False,praat_control
praat7_filtered_v0.3,studio_M1.wav,0.675079365079365,0.0,False,praat_control
praat7_filtered_v0.3,studio_M1.wav,0.685079365079365,0.0,False,praat_control
praat7_filtered_v0.3,studio_M1.wav,0.695079365079365,0.0,False,praat_control
praat7_filtered_v0.3,studio_M1.wav,0.705079365079365,0.0,False,praat_control
praat7_filtered_v0.3,studio_M1.wav,0.715079365079365,0.0,False,praat_control
praat7_filtered_v0.3,studio_M1.wav,0.725079365079365,0.0,False,praat_control
praat7_filtered_v0.3,studio_M1.wav,0.735079365079365,0.0,False,praat_control
praat7_filtered_v0.3,studio_M1.wav,0.745079365079365,0.0,False,praat_control
praat7_filtered_v0.3,studio_M1.wav,0.755079365079365,0.0,False,praat_control
praat7_filtered_v0.3,studio_M1.wav,0.765079365079365,0.0,False,praat_control
praat7_filtered_v0.3,studio_M1.wav,0.775079365079365,0.0,False,praat_control
praat7_filtered_v0.3,studio_M1.wav,0.785079365079365,0.0,False,praat_control
praat7_filtered_v0.3,studio_M1.wav,0.795079365079365,0.0,False,praat_control
praat7_filtered_v0.3,studio_M1.wav,0.805079365079365,0.0,False,praat_control
praat7_filtered_v0.3,studio_M1.wav,0.815079365079365,0.0,False,praat_control
praat7_filtered_v0.3,studio_M1.wav,0.825079365079365,0.0,False,praat_control
praat7_filtered_v0.3,studio_M1.wav,0.835079365079365,0.0,False,praat_control
praat7_filtered_v0.3,studio_M1.wav,0.845079365079365,0.0,False,praat_control
praat7_filtered_v0.3,studio_M1.wav,0.855079365079365,0.0,False,praat_control
praat7_filtered_v0.3,studio_M1.wav,0.865079365079365,0.0,False,praat_control
praat7_filtered_v0.3,studio_M1.wav,0.875079365079365,0.0,False,praat_control
praat7_filtered_v0.3,studio_M1.wav,0.885079365079365,0.0,False,praat_control
praat7_filtered_v0.3,studio_M1.wav,0.895079365079365,0.0,False,praat_control
praat7_filtered_v0.3,studio_M1.wav,0.905079365079365,0.0,False,praat_control
praat7_filtered_v0.3,studio_M1.wav,0.915079365079365,0.0,False,praat_control
praat7_filtered_v0.3,studio_M1.wav,0.925079365079365,153.7397190440944,True,praat_control
praat7_filtered_v0.3,studio_M1.wav,0.935079365079365,140.99228560384873,True,praat_control
praat7_filtered_v0.3,studio_M1.wav,0.945079365079365,138.34598524270967,True,praat_control
praat7_filtered_v0.3,studio_M1.wav,0.955079365079365,135.33726354543603,True,praat_control
praat7_filtered_v0.3,studio_M1.wav,0.965079365079365,133.42777124949885,True,praat_control
praat7_filtered_v0.3,studio_M1.wav,0.975079365079365,132.85707754795953,True,praat_control
praat7_filtered_v0.3,studio_M1.wav,0.985079365079365,131.8848710900044,True,praat_control
praat7_filtered_v0.3,studio_M1.wav,0.995079365079365,127.83841380747629,True,praat_control
praat7_filtered_v0.3,studio_M1.wav,1.005079365079365,123.73198702070793,True,praat_control
praat7_filtered_v0.3,studio_M1.wav,1.015079365079365,121.22228418444496,True,praat_control
praat7_filtered_v0.3,studio_M1.wav,1.025079365079365,119.81498337295372,True,praat_control
praat7_filtered_v0.3,studio_M1.wav,1.035079365079365,118.93667991862785,True,praat_control
praat7_filtered_v0.3,studio_M1.wav,1.045079365079365,118.48774715707792,True,praat_control
praat7_filtered_v0.3,studio_M1.wav,1.055079365079365,118.48447716577068,True,praat_control
praat7_filtered_v0.3,studio_M1.wav,1.065079365079365,117.38873584167033,True,praat_control
praat7_filtered_v0.3,studio_M1.wav,1.075079365079365,115.68223451865332,True,praat_control
praat7_filtered_v0.3,studio_M1.wav,1.085079365079365,117.04413296152784,True,praat_control
praat7_filtered_v0.3,studio_M1.wav,1.095079365079365,126.10102279105092,True,praat_control
praat7_filtered_v0.3,studio_M1.wav,1.105079365079365,130.65244919101653,True,praat_control
praat7_filtered_v0.3,studio_M1.wav,1.115079365079365,132.74121558878502,True,praat_control
praat7_filtered_v0.3,studio_M1.wav,1.125079365079365,135.35653486719156,True,praat_control
praat7_filtered_v0.3,studio_M1.wav,1.135079365079365,136.2610538197067,True,praat_control
praat7_filtered_v0.3,studio_M1.wav,1.145079365079365,139.22904309635635,True,praat_control
praat7_filtered_v0.3,studio_M1.wav,1.155079365079365,140.23622896135063,True,praat_control
praat7_filtered_v0.3,studio_M1.wav,1.165079365079365,134.41780382771864,True,praat_control
praat7_filtered_v0.3,studio_M1.wav,1.175079365079365,142.08245746002424,True,praat_control
praat7_filtered_v0.3,studio_M1.wav,1.185079365079365,0.0,False,praat_control
praat7_filtered_v0.3,studio_M1.wav,1.195079365079365,0.0,False,praat_control
praat7_filtered_v0.3,studio_M1.wav,1.205079365079365,165.6856068399136,True,praat_control
praat7_filtered_v0.3,studio_M1.wav,1.215079365079365,164.6782677792912,True,praat_control
praat7_filtered_v0.3,studio_M1.wav,1.225079365079365,170.6028851667022,True,praat_control
praat7_filtered_v0.3,studio_M1.wav,1.235079365079365,174.05590908990618,True,praat_control
praat7_filtered_v0.3,studio_M1.wav,1.245079365079365,174.75109435643918,True,praat_control
praat7_filtered_v0.3,studio_M1.wav,1.255079365079365,173.77754969996147,True,praat_control
praat7_filtered_v0.3,studio_M1.wav,1.265079365079365,171.84497639012298,True,praat_control
praat7_filtered_v0.3,studio_M1.wav,1.275079365079365,0.0,False,praat_control
praat7_filtered_v0.3,studio_M1.wav,1.285079365079365,0.0,False,praat_control
praat7_filtered_v0.3,studio_M1.wav,1.295079365079365,0.0,False,praat_control
praat7_filtered_v0.3,studio_M1.wav,1.305079365079365,0.0,False,praat_control
praat7_filtered_v0.3,studio_M1.wav,1.315079365079365,0.0,False,praat_control
praat7_filtered_v0.3,studio_M1.wav,1.325079365079365,170.40478146397152,True,praat_control
praat7_filtered_v0.3,studio_M1.wav,1.335079365079365,158.82682011023843,True,praat_control
praat7_filtered_v0.3,studio_M1.wav,1.345079365079365,145.24230143590069,True,praat_control
praat7_filtered_v0.3,studio_M1.wav,1.355079365079365,134.96995912999708,True,praat_control
praat7_filtered_v0.3,studio_M1.wav,1.365079365079365,123.90378968806128,True,praat_control
praat7_filtered_v0.3,studio_M1.wav,1.375079365079365,116.28241233977874,True,praat_control
praat7_filtered_v0.3,studio_M1.wav,1.385079365079365,109.58454522986344,True,praat_control
praat7_filtered_v0.3,studio_M1.wav,1.395079365079365,104.3531428915982,True,praat_control
praat7_filtered_v0.3,studio_M1.wav,1.405079365079365,101.65690566840384,True,praat_control
praat7_filtered_v0.3,studio_M1.wav,1.415079365079365,100.09060217809989,True,praat_control
praat7_filtered_v0.3,studio_M1.wav,1.425079365079365,99.45138695307377,True,praat_control
praat7_filtered_v0.3,studio_M1.wav,1.435079365079365,95.03493169116759,True,praat_control
praat7_filtered_v0.3,studio_M1.wav,1.445079365079365,92.22350336637545,True,praat_control
praat7_filtered_v0.3,studio_M1.wav,1.455079365079365,93.61223672253406,True,praat_control
praat7_filtered_v0.3,studio_M1.wav,1.465079365079365,93.85344948286938,True,praat_control
praat7_filtered_v0.3,studio_M1.wav,1.475079365079365,94.95491765733568,True,praat_control
praat7_filtered_v0.3,studio_M1.wav,1.485079365079365,96.38696936359821,True,praat_control
praat7_filtered_v0.3,studio_M1.wav,1.495079365079365,98.63973809468943,True,praat_control
praat7_filtered_v0.3,studio_M1.wav,1.505079365079365,97.96434946092737,True,praat_control
praat7_filtered_v0.3,studio_M1.wav,1.515079365079365,96.3549129343733,True,praat_control
praat7_filtered_v0.3,studio_M1.wav,1.525079365079365,95.4337883725896,True,praat_control
praat7_filtered_v0.3,studio_M1.wav,1.535079365079365,94.81763881788096,True,praat_control
praat7_filtered_v0.3,studio_M1.wav,1.545079365079365,92.63101727681745,True,praat_control
praat7_filtered_v0.3,studio_M1.wav,1.555079365079365,89.89579097464804,True,praat_control
praat7_filtered_v0.3,studio_M1.wav,1.565079365079365,91.81588925518146,True,praat_control
praat7_filtered_v0.3,studio_M1.wav,1.575079365079365,92.58507576635574,True,praat_control
praat7_filtered_v0.3,studio_M1.wav,1.585079365079365,0.0,False,praat_control
praat7_filtered_v0.3,studio_M1.wav,1.595079365079365,0.0,False,praat_control
praat7_filtered_v0.3,studio_M1.wav,1.605079365079365,0.0,False,praat_control
praat7_filtered_v0.3,studio_M1.wav,1.615079365079365,0.0,False,praat_control
praat7_filtered_v0.3,studio_M1.wav,1.625079365079365,0.0,False,praat_control
praat7_filtered_v0.3,studio_M1.wav,1.635079365079365,0.0,False,praat_control
praat7_filtered_v0.3,studio_M1.wav,1.645079365079365,0.0,False,praat_control
praat7_filtered_v0.3,studio_M1.wav,1.655079365079365,0.0,False,praat_control
praat7_filtered_v0.3,studio_M1.wav,1.665079365079365,118.88222277756208,True,praat_control
praat7_filtered_v0.3,studio_M1.wav,1.675079365079365,107.9845924636583,True,praat_control
praat7_filtered_v0.3,studio_M1.wav,1.685079365079365,94.33162371223011,True,praat_control
praat7_filtered_v0.3,studio_M1.wav,1.695079365079365,92.58395497686345,True,praat_control
praat7_filtered_v0.3,studio_M1.wav,1.705079365079365,0.0,False,praat_control
praat7_filtered_v0.3,studio_M1.wav,1.715079365079365,0.0,False,praat_control
praat7_filtered_v0.3,studio_M1.wav,1.725079365079365,0.0,False,praat_control
praat7_filtered_v0.3,studio_M1.wav,1.735079365079365,0.0,False,praat_control
praat7_filtered_v0.3,studio_M1.wav,1.745079365079365,0.0,False,praat_control
praat7_filtered_v0.3,studio_M1.wav,1.755079365079365,0.0,False,praat_control
praat7_filtered_v0.3,studio_M1.wav,1.765079365079365,0.0,False,praat_control
praat7_filtered_v0.3,studio_M1.wav,1.775079365079365,0.0,False,praat_control
praat7_filtered_v0.3,studio_M1.wav,1.785079365079365,0.0,False,praat_control
praat7_filtered_v0.3,studio_M1.wav,1.795079365079365,0.0,False,praat_control
praat7_filtered_v0.3,studio_M1.wav,1.805079365079365,0.0,False,praat_control
praat7_filtered_v0.3,studio_M1.wav,1.815079365079365,0.0,False,praat_control
praat7_filtered_v0.3,studio_M1.wav,1.825079365079365,0.0,False,praat_control
praat7_filtered_v0.3,studio_M1.wav,1.835079365079365,112.53842750509781,True,praat_control
praat7_filtered_v0.3,studio_M1.wav,1.845079365079365,105.52424392118894,True,praat_control
praat7_filtered_v0.3,studio_M1.wav,1.855079365079365,103.8241898574414,True,praat_control
praat7_filtered_v0.3,studio_M1.wav,1.865079365079365,102.2601509581586,True,praat_control
praat7_filtered_v0.3,studio_M1.wav,1.875079365079365,101.10826787274118,True,praat_control
praat7_filtered_v0.3,studio_M1.wav,1.885079365079365,100.32166163880125,True,praat_control
praat7_filtered_v0.3,studio_M1.wav,1.895079365079365,99.48185684123713,True,praat_control
praat7_filtered_v0.3,studio_M1.wav,1.905079365079365,98.96304389882312,True,praat_control
praat7_filtered_v0.3,studio_M1.wav,1.915079365079365,98.12775720590824,True,praat_control
praat7_filtered_v0.3,studio_M1.wav,1.925079365079365,97.67940701198052,True,praat_control
praat7_filtered_v0.3,studio_M1.wav,1.935079365079365,96.71851553583414,True,praat_control
praat7_filtered_v0.3,studio_M1.wav,1.945079365079365,95.17691231707698,True,praat_control
praat7_filtered_v0.3,studio_M1.wav,1.955079365079365,94.19748387230733,True,praat_control
praat7_filtered_v0.3,studio_M1.wav,1.965079365079365,93.42402590629837,True,praat_control
praat7_filtered_v0.3,studio_M1.wav,1.975079365079365,92.95722730734637,True,praat_control
praat7_filtered_v0.3,studio_M1.wav,1.985079365079365,92.45947143722236,True,praat_control
praat7_filtered_v0.3,studio_M1.wav,1.995079365079365,91.4839478310013,True,praat_control
praat7_filtered_v0.3,studio_M1.wav,2.005079365079365,90.62697041987218,True,praat_control
praat7_filtered_v0.3,studio_M1.wav,2.015079365079365,89.55540446298771,True,praat_control
praat7_filtered_v0.3,studio_M1.wav,2.025079365079365,88.94356189932952,True,praat_control
praat7_filtered_v0.3,studio_M1.wav,2.035079365079365,87.57981882517002,True,praat_control
praat7_filtered_v0.3,studio_M1.wav,2.045079365079365,90.16164138159368,True,praat_control
praat7_filtered_v0.3,studio_M1.wav,2.055079365079366,0.0,False,praat_control
praat7_filtered_v0.3,studio_M1.wav,2.065079365079365,0.0,False,praat_control
praat7_filtered_v0.3,studio_M1.wav,2.075079365079365,0.0,False,praat_control
praat7_filtered_v0.3,studio_M1.wav,2.085079365079365,0.0,False,praat_control
praat7_filtered_v0.3,studio_M1.wav,2.095079365079365,0.0,False,praat_control
praat7_filtered_v0.3,studio_M1.wav,2.105079365079365,0.0,False,praat_control
praat7_filtered_v0.3,studio_M1.wav,2.115079365079365,0.0,False,praat_control
praat7_filtered_v0.3,studio_M1.wav,2.125079365079365,0.0,False,praat_control
praat7_filtered_v0.3,studio_M1.wav,2.135079365079365,0.0,False,praat_control
praat7_filtered_v0.3,studio_M1.wav,2.145079365079365,0.0,False,praat_control
praat7_filtered_v0.3,studio_M1.wav,2.155079365079365,0.0,False,praat_control
praat7_filtered_v0.3,studio_M1.wav,2.165079365079365,0.0,False,praat_control
praat7_filtered_v0.3,studio_M1.wav,2.175079365079365,0.0,False,praat_control
praat7_filtered_v0.3,studio_M1.wav,2.185079365079365,0.0,False,praat_control
praat7_filtered_v0.3,studio_M1.wav,2.195079365079365,0.0,False,praat_control
praat7_filtered_v0.3,studio_M1.wav,2.205079365079365,0.0,False,praat_control
praat7_filtered_v0.3,studio_M1.wav,2.215079365079365,0.0,False,praat_control
praat7_filtered_v0.3,studio_M1.wav,2.225079365079365,0.0,False,praat_control
praat7_filtered_v0.3,studio_M1.wav,2.235079365079365,0.0,False,praat_control
praat7_filtered_v0.3,studio_M1.wav,2.245079365079365,0.0,False,praat_control
praat7_filtered_v0.3,studio_M1.wav,2.255079365079365,0.0,False,praat_control
praat7_filtered_v0.3,studio_M1.wav,2.265079365079365,0.0,False,praat_control
praat7_filtered_v0.3,studio_M1.wav,2.275079365079365,0.0,False,praat_control
praat7_filtered_v0.3,studio_M1.wav,2.285079365079365,0.0,False,praat_control
praat7_filtered_v0.3,studio_M1.wav,2.295079365079365,0.0,False,praat_control
praat7_filtered_v0.3,studio_M1.wav,2.305079365079366,0.0,False,praat_control
praat7_filtered_v0.3,studio_M1.wav,2.315079365079365,0.0,False,praat_control
praat7_filtered_v0.3,studio_M1.wav,2.325079365079366,0.0,False,praat_control
praat7_filtered_v0.3,studio_M1.wav,2.335079365079365,0.0,False,praat_control
praat7_filtered_v0.3,studio_M1.wav,2.345079365079365,0.0,False,praat_control
praat7_filtered_v0.3,studio_M1.wav,2.355079365079365,0.0,False,praat_control
praat7_filtered_v0.3,studio_M1.wav,2.365079365079365,0.0,False,praat_control
praat7_filtered_v0.3,studio_M1.wav,2.375079365079365,0.0,False,praat_control
praat7_filtered_v0.3,studio_M1.wav,2.385079365079365,0.0,False,praat_control
praat7_filtered_v0.3,studio_M1.wav,2.395079365079365,0.0,False,praat_control
praat7_filtered_v0.3,studio_M1.wav,2.405079365079365,0.0,False,praat_control
praat7_filtered_v0.3,studio_M1.wav,2.415079365079365,0.0,False,praat_control
praat7_filtered_v0.3,studio_M1.wav,2.425079365079365,0.0,False,praat_control
praat7_filtered_v0.3,studio_M1.wav,2.435079365079365,0.0,False,praat_control
praat7_filtered_v0.3,studio_M1.wav,2.445079365079365,0.0,False,praat_control
praat7_filtered_v0.3,studio_M1.wav,2.455079365079365,0.0,False,praat_control
praat7_filtered_v0.3,studio_M1.wav,2.465079365079365,0.0,False,praat_control
praat7_filtered_v0.3,studio_M1.wav,2.475079365079365,0.0,False,praat_control
praat7_filtered_v0.3,studio_M1.wav,2.485079365079365,0.0,False,praat_control
praat7_filtered_v0.3,studio_M1.wav,2.495079365079365,0.0,False,praat_control
praat7_filtered_v0.3,studio_M1.wav,2.505079365079365,0.0,False,praat_control
praat7_filtered_v0.3,studio_M1.wav,2.515079365079365,0.0,False,praat_control
praat7_filtered_v0.3,studio_M1.wav,2.525079365079365,0.0,False,praat_control
praat7_filtered_v0.3,studio_M1.wav,2.535079365079365,0.0,False,praat_control
praat7_filtered_v0.3,studio_M1.wav,2.545079365079365,0.0,False,praat_control
praat7_filtered_v0.3,studio_M1.wav,2.555079365079366,0.0,False,praat_control
praat7_filtered_v0.3,studio_M1.wav,2.565079365079365,0.0,False,praat_control
praat7_filtered_v0.3,studio_M1.wav,2.575079365079366,0.0,False,praat_control
praat7_filtered_v0.3,studio_M1.wav,2.585079365079365,0.0,False,praat_control
praat7_filtered_v0.3,studio_M1.wav,2.595079365079365,0.0,False,praat_control
praat7_filtered_v0.3,studio_M1.wav,2.605079365079365,0.0,False,praat_control
praat7_filtered_v0.3,studio_M1.wav,2.615079365079365,0.0,False,praat_control
praat7_filtered_v0.3,studio_M1.wav,2.625079365079365,0.0,False,praat_control
praat7_filtered_v0.3,studio_M1.wav,2.635079365079365,0.0,False,praat_control
praat7_filtered_v0.3,studio_M1.wav,2.645079365079365,0.0,False,praat_control
praat7_filtered_v0.3,studio_M1.wav,2.655079365079365,0.0,False,praat_control
praat7_filtered_v0.3,studio_M1.wav,2.665079365079365,0.0,False,praat_control
praat7_filtered_v0.3,studio_M1.wav,2.675079365079365,0.0,False,praat_control
praat7_filtered_v0.3,studio_M1.wav,2.685079365079365,0.0,False,praat_control
praat7_filtered_v0.3,studio_M1.wav,2.695079365079365,0.0,False,praat_control
praat7_filtered_v0.3,studio_M1.wav,2.705079365079365,0.0,False,praat_control
praat_gate_reaper_c0.9,studio_M1.wav,0.025079365079365,0.0,False,unvoiced
praat_gate_reaper_c0.9,studio_M1.wav,0.035079365079365,0.0,False,unvoiced
praat_gate_reaper_c0.9,studio_M1.wav,0.045079365079365,0.0,False,unvoiced
praat_gate_reaper_c0.9,studio_M1.wav,0.055079365079365,0.0,False,unvoiced
praat_gate_reaper_c0.9,studio_M1.wav,0.065079365079365,0.0,False,unvoiced
praat_gate_reaper_c0.9,studio_M1.wav,0.075079365079365,0.0,False,unvoiced
praat_gate_reaper_c0.9,studio_M1.wav,0.085079365079365,0.0,False,unvoiced
praat_gate_reaper_c0.9,studio_M1.wav,0.095079365079365,0.0,False,unvoiced
praat_gate_reaper_c0.9,studio_M1.wav,0.105079365079365,0.0,False,unvoiced
praat_gate_reaper_c0.9,studio_M1.wav,0.115079365079365,0.0,False,unvoiced
praat_gate_reaper_c0.9,studio_M1.wav,0.125079365079365,0.0,False,unvoiced
praat_gate_reaper_c0.9,studio_M1.wav,0.135079365079365,0.0,False,unvoiced
praat_gate_reaper_c0.9,studio_M1.wav,0.145079365079365,0.0,False,unvoiced
praat_gate_reaper_c0.9,studio_M1.wav,0.155079365079365,0.0,False,unvoiced
praat_gate_reaper_c0.9,studio_M1.wav,0.165079365079365,0.0,False,unvoiced
praat_gate_reaper_c0.9,studio_M1.wav,0.175079365079365,0.0,False,unvoiced
praat_gate_reaper_c0.9,studio_M1.wav,0.185079365079365,0.0,False,unvoiced
praat_gate_reaper_c0.9,studio_M1.wav,0.195079365079365,0.0,False,unvoiced
praat_gate_reaper_c0.9,studio_M1.wav,0.205079365079365,0.0,False,unvoiced
praat_gate_reaper_c0.9,studio_M1.wav,0.215079365079365,0.0,False,unvoiced
praat_gate_reaper_c0.9,studio_M1.wav,0.225079365079365,0.0,False,unvoiced
praat_gate_reaper_c0.9,studio_M1.wav,0.235079365079365,0.0,False,unvoiced
praat_gate_reaper_c0.9,studio_M1.wav,0.245079365079365,0.0,False,unvoiced
praat_gate_reaper_c0.9,studio_M1.wav,0.255079365079365,0.0,False,unvoiced
praat_gate_reaper_c0.9,studio_M1.wav,0.265079365079365,0.0,False,unvoiced
praat_gate_reaper_c0.9,studio_M1.wav,0.275079365079365,0.0,False,unvoiced
praat_gate_reaper_c0.9,studio_M1.wav,0.285079365079365,0.0,False,unvoiced
praat_gate_reaper_c0.9,studio_M1.wav,0.295079365079365,0.0,False,unvoiced
praat_gate_reaper_c0.9,studio_M1.wav,0.305079365079365,0.0,False,unvoiced
praat_gate_reaper_c0.9,studio_M1.wav,0.315079365079365,0.0,False,unvoiced
praat_gate_reaper_c0.9,studio_M1.wav,0.325079365079365,0.0,False,unvoiced
praat_gate_reaper_c0.9,studio_M1.wav,0.335079365079365,0.0,False,unvoiced
praat_gate_reaper_c0.9,studio_M1.wav,0.345079365079365,0.0,False,unvoiced
praat_gate_reaper_c0.9,studio_M1.wav,0.355079365079365,0.0,False,unvoiced
praat_gate_reaper_c0.9,studio_M1.wav,0.365079365079365,0.0,False,unvoiced
praat_gate_reaper_c0.9,studio_M1.wav,0.375079365079365,0.0,False,unvoiced
praat_gate_reaper_c0.9,studio_M1.wav,0.385079365079365,0.0,False,unvoiced
praat_gate_reaper_c0.9,studio_M1.wav,0.395079365079365,0.0,False,unvoiced
praat_gate_reaper_c0.9,studio_M1.wav,0.405079365079365,0.0,False,unvoiced
praat_gate_reaper_c0.9,studio_M1.wav,0.415079365079365,0.0,False,unvoiced
praat_gate_reaper_c0.9,studio_M1.wav,0.425079365079365,0.0,False,unvoiced
praat_gate_reaper_c0.9,studio_M1.wav,0.435079365079365,0.0,False,unvoiced
praat_gate_reaper_c0.9,studio_M1.wav,0.445079365079365,0.0,False,unvoiced
praat_gate_reaper_c0.9,studio_M1.wav,0.455079365079365,0.0,False,unvoiced
praat_gate_reaper_c0.9,studio_M1.wav,0.465079365079365,0.0,False,unvoiced
praat_gate_reaper_c0.9,studio_M1.wav,0.475079365079365,0.0,False,unvoiced
praat_gate_reaper_c0.9,studio_M1.wav,0.485079365079365,0.0,False,unvoiced
praat_gate_reaper_c0.9,studio_M1.wav,0.495079365079365,0.0,False,unvoiced
praat_gate_reaper_c0.9,studio_M1.wav,0.505079365079365,0.0,False,unvoiced
praat_gate_reaper_c0.9,studio_M1.wav,0.515079365079365,0.0,False,unvoiced
praat_gate_reaper_c0.9,studio_M1.wav,0.525079365079365,0.0,False,unvoiced
praat_gate_reaper_c0.9,studio_M1.wav,0.535079365079365,0.0,False,unvoiced
praat_gate_reaper_c0.9,studio_M1.wav,0.545079365079365,0.0,False,unvoiced
praat_gate_reaper_c0.9,studio_M1.wav,0.555079365079365,0.0,False,unvoiced
praat_gate_reaper_c0.9,studio_M1.wav,0.565079365079365,0.0,False,unvoiced
praat_gate_reaper_c0.9,studio_M1.wav,0.575079365079365,0.0,False,unvoiced
praat_gate_reaper_c0.9,studio_M1.wav,0.585079365079365,0.0,False,unvoiced
praat_gate_reaper_c0.9,studio_M1.wav,0.595079365079365,0.0,False,unvoiced
praat_gate_reaper_c0.9,studio_M1.wav,0.605079365079365,0.0,False,unvoiced
praat_gate_reaper_c0.9,studio_M1.wav,0.615079365079365,0.0,False,unvoiced
praat_gate_reaper_c0.9,studio_M1.wav,0.625079365079365,0.0,False,unvoiced
praat_gate_reaper_c0.9,studio_M1.wav,0.635079365079365,0.0,False,unvoiced
praat_gate_reaper_c0.9,studio_M1.wav,0.645079365079365,0.0,False,unvoiced
praat_gate_reaper_c0.9,studio_M1.wav,0.655079365079365,0.0,False,unvoiced
praat_gate_reaper_c0.9,studio_M1.wav,0.665079365079365,0.0,False,unvoiced
praat_gate_reaper_c0.9,studio_M1.wav,0.675079365079365,0.0,False,unvoiced
praat_gate_reaper_c0.9,studio_M1.wav,0.685079365079365,0.0,False,unvoiced
praat_gate_reaper_c0.9,studio_M1.wav,0.695079365079365,0.0,False,unvoiced
praat_gate_reaper_c0.9,studio_M1.wav,0.705079365079365,0.0,False,unvoiced
praat_gate_reaper_c0.9,studio_M1.wav,0.715079365079365,0.0,False,unvoiced
praat_gate_reaper_c0.9,studio_M1.wav,0.725079365079365,0.0,False,unvoiced
praat_gate_reaper_c0.9,studio_M1.wav,0.735079365079365,0.0,False,unvoiced
praat_gate_reaper_c0.9,studio_M1.wav,0.745079365079365,0.0,False,unvoiced
praat_gate_reaper_c0.9,studio_M1.wav,0.755079365079365,0.0,False,unvoiced
praat_gate_reaper_c0.9,studio_M1.wav,0.765079365079365,0.0,False,unvoiced
praat_gate_reaper_c0.9,studio_M1.wav,0.775079365079365,0.0,False,unvoiced
praat_gate_reaper_c0.9,studio_M1.wav,0.785079365079365,0.0,False,unvoiced
praat_gate_reaper_c0.9,studio_M1.wav,0.795079365079365,0.0,False,unvoiced
praat_gate_reaper_c0.9,studio_M1.wav,0.805079365079365,0.0,False,unvoiced
praat_gate_reaper_c0.9,studio_M1.wav,0.815079365079365,0.0,False,unvoiced
praat_gate_reaper_c0.9,studio_M1.wav,0.825079365079365,0.0,False,unvoiced
praat_gate_reaper_c0.9,studio_M1.wav,0.835079365079365,0.0,False,unvoiced
praat_gate_reaper_c0.9,studio_M1.wav,0.845079365079365,0.0,False,unvoiced
praat_gate_reaper_c0.9,studio_M1.wav,0.855079365079365,0.0,False,unvoiced
praat_gate_reaper_c0.9,studio_M1.wav,0.865079365079365,0.0,False,unvoiced
praat_gate_reaper_c0.9,studio_M1.wav,0.875079365079365,0.0,False,unvoiced
praat_gate_reaper_c0.9,studio_M1.wav,0.885079365079365,0.0,False,unvoiced
praat_gate_reaper_c0.9,studio_M1.wav,0.895079365079365,0.0,False,unvoiced
praat_gate_reaper_c0.9,studio_M1.wav,0.905079365079365,0.0,False,unvoiced
praat_gate_reaper_c0.9,studio_M1.wav,0.915079365079365,0.0,False,unvoiced
praat_gate_reaper_c0.9,studio_M1.wav,0.925079365079365,159.78260803222656,True,reaper
praat_gate_reaper_c0.9,studio_M1.wav,0.935079365079365,140.44586181640625,True,reaper
praat_gate_reaper_c0.9,studio_M1.wav,0.945079365079365,135.2760772705078,True,reaper
praat_gate_reaper_c0.9,studio_M1.wav,0.955079365079365,134.0425567626953,True,reaper
praat_gate_reaper_c0.9,studio_M1.wav,0.965079365079365,133.63636779785156,True,reaper
praat_gate_reaper_c0.9,studio_M1.wav,0.975079365079365,133.23263549804688,True,reaper
praat_gate_reaper_c0.9,studio_M1.wav,0.985079365079365,129.3255157470703,True,reaper
praat_gate_reaper_c0.9,studio_M1.wav,0.995079365079365,123.18435668945312,True,reaper
praat_gate_reaper_c0.9,studio_M1.wav,1.005079365079365,120.49180603027344,True,reaper
praat_gate_reaper_c0.9,studio_M1.wav,1.015079365079365,119.51219177246094,True,reaper
praat_gate_reaper_c0.9,studio_M1.wav,1.025079365079365,118.86792755126953,True,reaper
praat_gate_reaper_c0.9,studio_M1.wav,1.035079365079365,117.91443634033203,True,reaper
praat_gate_reaper_c0.9,studio_M1.wav,1.045079365079365,118.23056030273438,True,reaper
praat_gate_reaper_c0.9,studio_M1.wav,1.055079365079365,116.97612762451172,True,reaper
praat_gate_reaper_c0.9,studio_M1.wav,1.065079365079365,116.35884094238281,True,reaper
praat_gate_reaper_c0.9,studio_M1.wav,1.075079365079365,115.74803161621094,True,reaper
praat_gate_reaper_c0.9,studio_M1.wav,1.085079365079365,117.91443634033203,True,reaper
praat_gate_reaper_c0.9,studio_M1.wav,1.095079365079365,131.25,True,reaper
praat_gate_reaper_c0.9,studio_M1.wav,1.105079365079365,132.83132934570312,True,reaper
praat_gate_reaper_c0.9,studio_M1.wav,1.115079365079365,136.11111450195312,True,reaper
praat_gate_reaper_c0.9,studio_M1.wav,1.125079365079365,136.53250122070312,True,reaper
praat_gate_reaper_c0.9,studio_M1.wav,1.135079365079365,140.89456176757812,True,reaper
praat_gate_reaper_c0.9,studio_M1.wav,1.145079365079365,143.18182373046875,True,reaper
praat_gate_reaper_c0.9,studio_M1.wav,1.155079365079365,138.2445068359375,True,reaper
praat_gate_reaper_c0.9,studio_M1.wav,1.165079365079365,144.5901641845703,True,reaper
praat_gate_reaper_c0.9,studio_M1.wav,1.175079365079365,163.94052124023438,True,reaper
praat_gate_reaper_c0.9,studio_M1.wav,1.185079365079365,0.0,False,unvoiced
praat_gate_reaper_c0.9,studio_M1.wav,1.195079365079365,0.0,False,unvoiced
praat_gate_reaper_c0.9,studio_M1.wav,1.205079365079365,160.36363220214844,True,reaper
praat_gate_reaper_c0.9,studio_M1.wav,1.215079365079365,169.61538696289062,True,reaper
praat_gate_reaper_c0.9,studio_M1.wav,1.225079365079365,174.3083038330078,True,reaper
praat_gate_reaper_c0.9,studio_M1.wav,1.235079365079365,175.0,True,reaper
praat_gate_reaper_c0.9,studio_M1.wav,1.245079365079365,173.62203979492188,True,reaper
praat_gate_reaper_c0.9,studio_M1.wav,1.255079365079365,157.5,True,reaper
praat_gate_reaper_c0.9,studio_M1.wav,1.265079365079365,181.48147583007812,True,reaper
praat_gate_reaper_c0.9,studio_M1.wav,1.275079365079365,0.0,False,unvoiced
praat_gate_reaper_c0.9,studio_M1.wav,1.285079365079365,0.0,False,unvoiced
praat_gate_reaper_c0.9,studio_M1.wav,1.295079365079365,0.0,False,unvoiced
praat_gate_reaper_c0.9,studio_M1.wav,1.305079365079365,0.0,False,unvoiced
praat_gate_reaper_c0.9,studio_M1.wav,1.315079365079365,0.0,False,unvoiced
praat_gate_reaper_c0.9,studio_M1.wav,1.325079365079365,170.40478146397152,True,praat_missing
praat_gate_reaper_c0.9,studio_M1.wav,1.335079365079365,146.0264892578125,True,reaper
praat_gate_reaper_c0.9,studio_M1.wav,1.345079365079365,136.53250122070312,True,reaper
praat_gate_reaper_c0.9,studio_M1.wav,1.355079365079365,119.51219177246094,True,reaper
praat_gate_reaper_c0.9,studio_M1.wav,1.365079365079365,113.36760711669922,True,reaper
praat_gate_reaper_c0.9,studio_M1.wav,1.375079365079365,107.29927062988281,True,reaper
praat_gate_reaper_c0.9,studio_M1.wav,1.385079365079365,103.2786865234375,True,reaper
praat_gate_reaper_c0.9,studio_M1.wav,1.395079365079365,100.91532897949219,True,reaper
praat_gate_reaper_c0.9,studio_M1.wav,1.405079365079365,99.77375793457031,True,reaper
praat_gate_reaper_c0.9,studio_M1.wav,1.415079365079365,98.65771484375,True,reaper
praat_gate_reaper_c0.9,studio_M1.wav,1.425079365079365,91.68399047851562,True,reaper
praat_gate_reaper_c0.9,studio_M1.wav,1.435079365079365,91.3043441772461,True,reaper
praat_gate_reaper_c0.9,studio_M1.wav,1.445079365079365,92.84210205078125,True,reaper
praat_gate_reaper_c0.9,studio_M1.wav,1.455079365079365,94.23076629638672,True,reaper
praat_gate_reaper_c0.9,studio_M1.wav,1.465079365079365,95.04310607910156,True,reaper
praat_gate_reaper_c0.9,studio_M1.wav,1.475079365079365,97.56636810302734,True,reaper
praat_gate_reaper_c0.9,studio_M1.wav,1.485079365079365,99.32432556152344,True,reaper
praat_gate_reaper_c0.9,studio_M1.wav,1.495079365079365,97.13656616210938,True,reaper
praat_gate_reaper_c0.9,studio_M1.wav,1.505079365079365,96.07843017578125,True,reaper
praat_gate_reaper_c0.9,studio_M1.wav,1.515079365079365,95.24838256835938,True,reaper
praat_gate_reaper_c0.9,studio_M1.wav,1.525079365079365,94.63519287109375,True,reaper
praat_gate_reaper_c0.9,studio_M1.wav,1.535079365079365,94.63519287109375,True,reaper
praat_gate_reaper_c0.9,studio_M1.wav,1.545079365079365,90.0,True,reaper
praat_gate_reaper_c0.9,studio_M1.wav,1.555079365079365,92.06680297851562,True,reaper
praat_gate_reaper_c0.9,studio_M1.wav,1.565079365079365,92.06680297851562,True,reaper
praat_gate_reaper_c0.9,studio_M1.wav,1.575079365079365,73.37770080566406,True,reaper
praat_gate_reaper_c0.9,studio_M1.wav,1.585079365079365,0.0,False,unvoiced
praat_gate_reaper_c0.9,studio_M1.wav,1.595079365079365,0.0,False,unvoiced
praat_gate_reaper_c0.9,studio_M1.wav,1.605079365079365,0.0,False,unvoiced
praat_gate_reaper_c0.9,studio_M1.wav,1.615079365079365,0.0,False,unvoiced
praat_gate_reaper_c0.9,studio_M1.wav,1.625079365079365,0.0,False,unvoiced
praat_gate_reaper_c0.9,studio_M1.wav,1.635079365079365,0.0,False,unvoiced
praat_gate_reaper_c0.9,studio_M1.wav,1.645079365079365,0.0,False,unvoiced
praat_gate_reaper_c0.9,studio_M1.wav,1.655079365079365,0.0,False,unvoiced
praat_gate_reaper_c0.9,studio_M1.wav,1.665079365079365,105.7553939819336,True,reaper
praat_gate_reaper_c0.9,studio_M1.wav,1.675079365079365,94.02985382080078,True,reaper
praat_gate_reaper_c0.9,studio_M1.wav,1.685079365079365,92.45282745361328,True,reaper
praat_gate_reaper_c0.9,studio_M1.wav,1.695079365079365,76.4298095703125,True,reaper
praat_gate_reaper_c0.9,studio_M1.wav,1.705079365079365,0.0,False,unvoiced
praat_gate_reaper_c0.9,studio_M1.wav,1.715079365079365,0.0,False,unvoiced
praat_gate_reaper_c0.9,studio_M1.wav,1.725079365079365,0.0,False,unvoiced
praat_gate_reaper_c0.9,studio_M1.wav,1.735079365079365,0.0,False,unvoiced
praat_gate_reaper_c0.9,studio_M1.wav,1.745079365079365,0.0,False,unvoiced
praat_gate_reaper_c0.9,studio_M1.wav,1.755079365079365,0.0,False,unvoiced
praat_gate_reaper_c0.9,studio_M1.wav,1.765079365079365,0.0,False,unvoiced
praat_gate_reaper_c0.9,studio_M1.wav,1.775079365079365,0.0,False,unvoiced
praat_gate_reaper_c0.9,studio_M1.wav,1.785079365079365,0.0,False,unvoiced
praat_gate_reaper_c0.9,studio_M1.wav,1.795079365079365,0.0,False,unvoiced
praat_gate_reaper_c0.9,studio_M1.wav,1.805079365079365,0.0,False,unvoiced
praat_gate_reaper_c0.9,studio_M1.wav,1.815079365079365,0.0,False,unvoiced
praat_gate_reaper_c0.9,studio_M1.wav,1.825079365079365,0.0,False,unvoiced
praat_gate_reaper_c0.9,studio_M1.wav,1.835079365079365,104.75059509277344,True,reaper
praat_gate_reaper_c0.9,studio_M1.wav,1.845079365079365,103.76470947265625,True,reaper
praat_gate_reaper_c0.9,studio_M1.wav,1.855079365079365,102.32018280029297,True,reaper
praat_gate_reaper_c0.9,studio_M1.wav,1.865079365079365,100.91532897949219,True,reaper
praat_gate_reaper_c0.9,studio_M1.wav,1.875079365079365,100.2272720336914,True,reaper
praat_gate_reaper_c0.9,studio_M1.wav,1.885079365079365,99.10111999511719,True,reaper
praat_gate_reaper_c0.9,studio_M1.wav,1.895079365079365,98.4375,True,reaper
praat_gate_reaper_c0.9,studio_M1.wav,1.905079365079365,98.21826171875,True,reaper
praat_gate_reaper_c0.9,studio_M1.wav,1.915079365079365,97.78270721435547,True,reaper
praat_gate_reaper_c0.9,studio_M1.wav,1.925079365079365,97.35099029541016,True,reaper
praat_gate_reaper_c0.9,studio_M1.wav,1.935079365079365,95.04310607910156,True,reaper
praat_gate_reaper_c0.9,studio_M1.wav,1.945079365079365,94.43254852294922,True,reaper
praat_gate_reaper_c0.9,studio_M1.wav,1.955079365079365,93.82978820800781,True,reaper
praat_gate_reaper_c0.9,studio_M1.wav,1.965079365079365,93.03797149658203,True,reaper
praat_gate_reaper_c0.9,studio_M1.wav,1.975079365079365,92.64705657958984,True,reaper
praat_gate_reaper_c0.9,studio_M1.wav,1.985079365079365,91.875,True,reaper
praat_gate_reaper_c0.9,studio_M1.wav,1.995079365079365,89.81670379638672,True,reaper
praat_gate_reaper_c0.9,studio_M1.wav,2.005079365079365,89.27125549316406,True,reaper
praat_gate_reaper_c0.9,studio_M1.wav,2.015079365079365,106.00961303710938,True,reaper
praat_gate_reaper_c0.9,studio_M1.wav,2.025079365079365,89.27125549316406,True,reaper
praat_gate_reaper_c0.9,studio_M1.wav,2.035079365079365,86.81101989746094,True,reaper
praat_gate_reaper_c0.9,studio_M1.wav,2.045079365079365,86.81101989746094,True,reaper
praat_gate_reaper_c0.9,studio_M1.wav,2.055079365079366,0.0,False,unvoiced
praat_gate_reaper_c0.9,studio_M1.wav,2.065079365079365,0.0,False,unvoiced
praat_gate_reaper_c0.9,studio_M1.wav,2.075079365079365,0.0,False,unvoiced
praat_gate_reaper_c0.9,studio_M1.wav,2.085079365079365,0.0,False,unvoiced
praat_gate_reaper_c0.9,studio_M1.wav,2.095079365079365,0.0,False,unvoiced
praat_gate_reaper_c0.9,studio_M1.wav,2.105079365079365,0.0,False,unvoiced
praat_gate_reaper_c0.9,studio_M1.wav,2.115079365079365,0.0,False,unvoiced
praat_gate_reaper_c0.9,studio_M1.wav,2.125079365079365,0.0,False,unvoiced
praat_gate_reaper_c0.9,studio_M1.wav,2.135079365079365,0.0,False,unvoiced
praat_gate_reaper_c0.9,studio_M1.wav,2.145079365079365,0.0,False,unvoiced
praat_gate_reaper_c0.9,studio_M1.wav,2.155079365079365,0.0,False,unvoiced
praat_gate_reaper_c0.9,studio_M1.wav,2.165079365079365,0.0,False,unvoiced
praat_gate_reaper_c0.9,studio_M1.wav,2.175079365079365,0.0,False,unvoiced
praat_gate_reaper_c0.9,studio_M1.wav,2.185079365079365,0.0,False,unvoiced
praat_gate_reaper_c0.9,studio_M1.wav,2.195079365079365,0.0,False,unvoiced
praat_gate_reaper_c0.9,studio_M1.wav,2.205079365079365,0.0,False,unvoiced
praat_gate_reaper_c0.9,studio_M1.wav,2.215079365079365,0.0,False,unvoiced
praat_gate_reaper_c0.9,studio_M1.wav,2.225079365079365,0.0,False,unvoiced
praat_gate_reaper_c0.9,studio_M1.wav,2.235079365079365,0.0,False,unvoiced
praat_gate_reaper_c0.9,studio_M1.wav,2.245079365079365,0.0,False,unvoiced
praat_gate_reaper_c0.9,studio_M1.wav,2.255079365079365,0.0,False,unvoiced
praat_gate_reaper_c0.9,studio_M1.wav,2.265079365079365,0.0,False,unvoiced
praat_gate_reaper_c0.9,studio_M1.wav,2.275079365079365,0.0,False,unvoiced
praat_gate_reaper_c0.9,studio_M1.wav,2.285079365079365,0.0,False,unvoiced
praat_gate_reaper_c0.9,studio_M1.wav,2.295079365079365,0.0,False,unvoiced
praat_gate_reaper_c0.9,studio_M1.wav,2.305079365079366,0.0,False,unvoiced
praat_gate_reaper_c0.9,studio_M1.wav,2.315079365079365,0.0,False,unvoiced
praat_gate_reaper_c0.9,studio_M1.wav,2.325079365079366,0.0,False,unvoiced
praat_gate_reaper_c0.9,studio_M1.wav,2.335079365079365,0.0,False,unvoiced
praat_gate_reaper_c0.9,studio_M1.wav,2.345079365079365,0.0,False,unvoiced
praat_gate_reaper_c0.9,studio_M1.wav,2.355079365079365,0.0,False,unvoiced
praat_gate_reaper_c0.9,studio_M1.wav,2.365079365079365,0.0,False,unvoiced
praat_gate_reaper_c0.9,studio_M1.wav,2.375079365079365,0.0,False,unvoiced
praat_gate_reaper_c0.9,studio_M1.wav,2.385079365079365,0.0,False,unvoiced
praat_gate_reaper_c0.9,studio_M1.wav,2.395079365079365,0.0,False,unvoiced
praat_gate_reaper_c0.9,studio_M1.wav,2.405079365079365,0.0,False,unvoiced
praat_gate_reaper_c0.9,studio_M1.wav,2.415079365079365,0.0,False,unvoiced
praat_gate_reaper_c0.9,studio_M1.wav,2.425079365079365,0.0,False,unvoiced
praat_gate_reaper_c0.9,studio_M1.wav,2.435079365079365,0.0,False,unvoiced
praat_gate_reaper_c0.9,studio_M1.wav,2.445079365079365,0.0,False,unvoiced
praat_gate_reaper_c0.9,studio_M1.wav,2.455079365079365,0.0,False,unvoiced
praat_gate_reaper_c0.9,studio_M1.wav,2.465079365079365,0.0,False,unvoiced
praat_gate_reaper_c0.9,studio_M1.wav,2.475079365079365,0.0,False,unvoiced
praat_gate_reaper_c0.9,studio_M1.wav,2.485079365079365,0.0,False,unvoiced
praat_gate_reaper_c0.9,studio_M1.wav,2.495079365079365,0.0,False,unvoiced
praat_gate_reaper_c0.9,studio_M1.wav,2.505079365079365,0.0,False,unvoiced
praat_gate_reaper_c0.9,studio_M1.wav,2.515079365079365,0.0,False,unvoiced
praat_gate_reaper_c0.9,studio_M1.wav,2.525079365079365,0.0,False,unvoiced
praat_gate_reaper_c0.9,studio_M1.wav,2.535079365079365,0.0,False,unvoiced
praat_gate_reaper_c0.9,studio_M1.wav,2.545079365079365,0.0,False,unvoiced
praat_gate_reaper_c0.9,studio_M1.wav,2.555079365079366,0.0,False,unvoiced
praat_gate_reaper_c0.9,studio_M1.wav,2.565079365079365,0.0,False,unvoiced
praat_gate_reaper_c0.9,studio_M1.wav,2.575079365079366,0.0,False,unvoiced
praat_gate_reaper_c0.9,studio_M1.wav,2.585079365079365,0.0,False,unvoiced
praat_gate_reaper_c0.9,studio_M1.wav,2.595079365079365,0.0,False,unvoiced
praat_gate_reaper_c0.9,studio_M1.wav,2.605079365079365,0.0,False,unvoiced
praat_gate_reaper_c0.9,studio_M1.wav,2.615079365079365,0.0,False,unvoiced
praat_gate_reaper_c0.9,studio_M1.wav,2.625079365079365,0.0,False,unvoiced
praat_gate_reaper_c0.9,studio_M1.wav,2.635079365079365,0.0,False,unvoiced
praat_gate_reaper_c0.9,studio_M1.wav,2.645079365079365,0.0,False,unvoiced
praat_gate_reaper_c0.9,studio_M1.wav,2.655079365079365,0.0,False,unvoiced
praat_gate_reaper_c0.9,studio_M1.wav,2.665079365079365,0.0,False,unvoiced
praat_gate_reaper_c0.9,studio_M1.wav,2.675079365079365,0.0,False,unvoiced
praat_gate_reaper_c0.9,studio_M1.wav,2.685079365079365,0.0,False,unvoiced
praat_gate_reaper_c0.9,studio_M1.wav,2.695079365079365,0.0,False,unvoiced
praat_gate_reaper_c0.9,studio_M1.wav,2.705079365079365,0.0,False,unvoiced
praat_reaper_b100_a0.5,studio_M1.wav,0.025079365079365,0.0,False,unvoiced
praat_reaper_b100_a0.5,studio_M1.wav,0.035079365079365,0.0,False,unvoiced
praat_reaper_b100_a0.5,studio_M1.wav,0.045079365079365,0.0,False,unvoiced
praat_reaper_b100_a0.5,studio_M1.wav,0.055079365079365,0.0,False,unvoiced
praat_reaper_b100_a0.5,studio_M1.wav,0.065079365079365,0.0,False,unvoiced
praat_reaper_b100_a0.5,studio_M1.wav,0.075079365079365,0.0,False,unvoiced
praat_reaper_b100_a0.5,studio_M1.wav,0.085079365079365,0.0,False,unvoiced
praat_reaper_b100_a0.5,studio_M1.wav,0.095079365079365,0.0,False,unvoiced
praat_reaper_b100_a0.5,studio_M1.wav,0.105079365079365,0.0,False,unvoiced
praat_reaper_b100_a0.5,studio_M1.wav,0.115079365079365,0.0,False,unvoiced
praat_reaper_b100_a0.5,studio_M1.wav,0.125079365079365,0.0,False,unvoiced
praat_reaper_b100_a0.5,studio_M1.wav,0.135079365079365,0.0,False,unvoiced
praat_reaper_b100_a0.5,studio_M1.wav,0.145079365079365,0.0,False,unvoiced
praat_reaper_b100_a0.5,studio_M1.wav,0.155079365079365,0.0,False,unvoiced
praat_reaper_b100_a0.5,studio_M1.wav,0.165079365079365,0.0,False,unvoiced
praat_reaper_b100_a0.5,studio_M1.wav,0.175079365079365,0.0,False,unvoiced
praat_reaper_b100_a0.5,studio_M1.wav,0.185079365079365,0.0,False,unvoiced
praat_reaper_b100_a0.5,studio_M1.wav,0.195079365079365,0.0,False,unvoiced
praat_reaper_b100_a0.5,studio_M1.wav,0.205079365079365,0.0,False,unvoiced
praat_reaper_b100_a0.5,studio_M1.wav,0.215079365079365,0.0,False,unvoiced
praat_reaper_b100_a0.5,studio_M1.wav,0.225079365079365,0.0,False,unvoiced
praat_reaper_b100_a0.5,studio_M1.wav,0.235079365079365,0.0,False,unvoiced
praat_reaper_b100_a0.5,studio_M1.wav,0.245079365079365,0.0,False,unvoiced
praat_reaper_b100_a0.5,studio_M1.wav,0.255079365079365,0.0,False,unvoiced
praat_reaper_b100_a0.5,studio_M1.wav,0.265079365079365,0.0,False,unvoiced
praat_reaper_b100_a0.5,studio_M1.wav,0.275079365079365,0.0,False,unvoiced
praat_reaper_b100_a0.5,studio_M1.wav,0.285079365079365,0.0,False,unvoiced
praat_reaper_b100_a0.5,studio_M1.wav,0.295079365079365,0.0,False,unvoiced
praat_reaper_b100_a0.5,studio_M1.wav,0.305079365079365,0.0,False,unvoiced
praat_reaper_b100_a0.5,studio_M1.wav,0.315079365079365,0.0,False,unvoiced
praat_reaper_b100_a0.5,studio_M1.wav,0.325079365079365,0.0,False,unvoiced
praat_reaper_b100_a0.5,studio_M1.wav,0.335079365079365,0.0,False,unvoiced
praat_reaper_b100_a0.5,studio_M1.wav,0.345079365079365,0.0,False,unvoiced
praat_reaper_b100_a0.5,studio_M1.wav,0.355079365079365,0.0,False,unvoiced
praat_reaper_b100_a0.5,studio_M1.wav,0.365079365079365,0.0,False,unvoiced
praat_reaper_b100_a0.5,studio_M1.wav,0.375079365079365,0.0,False,unvoiced
praat_reaper_b100_a0.5,studio_M1.wav,0.385079365079365,0.0,False,unvoiced
praat_reaper_b100_a0.5,studio_M1.wav,0.395079365079365,0.0,False,unvoiced
praat_reaper_b100_a0.5,studio_M1.wav,0.405079365079365,0.0,False,unvoiced
praat_reaper_b100_a0.5,studio_M1.wav,0.415079365079365,0.0,False,unvoiced
praat_reaper_b100_a0.5,studio_M1.wav,0.425079365079365,0.0,False,unvoiced
praat_reaper_b100_a0.5,studio_M1.wav,0.435079365079365,0.0,False,unvoiced
praat_reaper_b100_a0.5,studio_M1.wav,0.445079365079365,0.0,False,unvoiced
praat_reaper_b100_a0.5,studio_M1.wav,0.455079365079365,0.0,False,unvoiced
praat_reaper_b100_a0.5,studio_M1.wav,0.465079365079365,0.0,False,unvoiced
praat_reaper_b100_a0.5,studio_M1.wav,0.475079365079365,0.0,False,unvoiced
praat_reaper_b100_a0.5,studio_M1.wav,0.485079365079365,0.0,False,unvoiced
praat_reaper_b100_a0.5,studio_M1.wav,0.495079365079365,0.0,False,unvoiced
praat_reaper_b100_a0.5,studio_M1.wav,0.505079365079365,0.0,False,unvoiced
praat_reaper_b100_a0.5,studio_M1.wav,0.515079365079365,0.0,False,unvoiced
praat_reaper_b100_a0.5,studio_M1.wav,0.525079365079365,0.0,False,unvoiced
praat_reaper_b100_a0.5,studio_M1.wav,0.535079365079365,0.0,False,unvoiced
praat_reaper_b100_a0.5,studio_M1.wav,0.545079365079365,0.0,False,unvoiced
praat_reaper_b100_a0.5,studio_M1.wav,0.555079365079365,0.0,False,unvoiced
praat_reaper_b100_a0.5,studio_M1.wav,0.565079365079365,0.0,False,unvoiced
praat_reaper_b100_a0.5,studio_M1.wav,0.575079365079365,0.0,False,unvoiced
praat_reaper_b100_a0.5,studio_M1.wav,0.585079365079365,0.0,False,unvoiced
praat_reaper_b100_a0.5,studio_M1.wav,0.595079365079365,0.0,False,unvoiced
praat_reaper_b100_a0.5,studio_M1.wav,0.605079365079365,0.0,False,unvoiced
praat_reaper_b100_a0.5,studio_M1.wav,0.615079365079365,0.0,False,unvoiced
praat_reaper_b100_a0.5,studio_M1.wav,0.625079365079365,0.0,False,unvoiced
praat_reaper_b100_a0.5,studio_M1.wav,0.635079365079365,0.0,False,unvoiced
praat_reaper_b100_a0.5,studio_M1.wav,0.645079365079365,0.0,False,unvoiced
praat_reaper_b100_a0.5,studio_M1.wav,0.655079365079365,0.0,False,unvoiced
praat_reaper_b100_a0.5,studio_M1.wav,0.665079365079365,0.0,False,unvoiced
praat_reaper_b100_a0.5,studio_M1.wav,0.675079365079365,0.0,False,unvoiced
praat_reaper_b100_a0.5,studio_M1.wav,0.685079365079365,0.0,False,unvoiced
praat_reaper_b100_a0.5,studio_M1.wav,0.695079365079365,0.0,False,unvoiced
praat_reaper_b100_a0.5,studio_M1.wav,0.705079365079365,0.0,False,unvoiced
praat_reaper_b100_a0.5,studio_M1.wav,0.715079365079365,0.0,False,unvoiced
praat_reaper_b100_a0.5,studio_M1.wav,0.725079365079365,0.0,False,unvoiced
praat_reaper_b100_a0.5,studio_M1.wav,0.735079365079365,0.0,False,unvoiced
praat_reaper_b100_a0.5,studio_M1.wav,0.745079365079365,0.0,False,unvoiced
praat_reaper_b100_a0.5,studio_M1.wav,0.755079365079365,0.0,False,unvoiced
praat_reaper_b100_a0.5,studio_M1.wav,0.765079365079365,0.0,False,unvoiced
praat_reaper_b100_a0.5,studio_M1.wav,0.775079365079365,0.0,False,unvoiced
praat_reaper_b100_a0.5,studio_M1.wav,0.785079365079365,0.0,False,unvoiced
praat_reaper_b100_a0.5,studio_M1.wav,0.795079365079365,0.0,False,unvoiced
praat_reaper_b100_a0.5,studio_M1.wav,0.805079365079365,0.0,False,unvoiced
praat_reaper_b100_a0.5,studio_M1.wav,0.815079365079365,0.0,False,unvoiced
praat_reaper_b100_a0.5,studio_M1.wav,0.825079365079365,0.0,False,unvoiced
praat_reaper_b100_a0.5,studio_M1.wav,0.835079365079365,0.0,False,unvoiced
praat_reaper_b100_a0.5,studio_M1.wav,0.845079365079365,0.0,False,unvoiced
praat_reaper_b100_a0.5,studio_M1.wav,0.855079365079365,0.0,False,unvoiced
praat_reaper_b100_a0.5,studio_M1.wav,0.865079365079365,0.0,False,unvoiced
praat_reaper_b100_a0.5,studio_M1.wav,0.875079365079365,0.0,False,unvoiced
praat_reaper_b100_a0.5,studio_M1.wav,0.885079365079365,0.0,False,unvoiced
praat_reaper_b100_a0.5,studio_M1.wav,0.895079365079365,0.0,False,unvoiced
praat_reaper_b100_a0.5,studio_M1.wav,0.905079365079365,0.0,False,unvoiced
praat_reaper_b100_a0.5,studio_M1.wav,0.915079365079365,0.0,False,unvoiced
praat_reaper_b100_a0.5,studio_M1.wav,0.925079365079365,156.73204288532452,True,blend_agree
praat_reaper_b100_a0.5,studio_M1.wav,0.935079365079365,140.71880848378956,True,blend_agree
praat_reaper_b100_a0.5,studio_M1.wav,0.945079365079365,136.80242026279114,True,blend_agree
praat_reaper_b100_a0.5,studio_M1.wav,0.955079365079365,134.68835447393712,True,blend_agree
praat_reaper_b100_a0.5,studio_M1.wav,0.965079365079365,133.53202879139374,True,blend_agree
praat_reaper_b100_a0.5,studio_M1.wav,0.975079365079365,133.04472400769242,True,blend_agree
praat_reaper_b100_a0.5,studio_M1.wav,0.985079365079365,130.59892408802884,True,blend_agree
praat_reaper_b100_a0.5,studio_M1.wav,0.995079365079365,125.48981139946811,True,blend_agree
praat_reaper_b100_a0.5,studio_M1.wav,1.005079365079365,122.10114897018552,True,blend_agree
praat_reaper_b100_a0.5,studio_M1.wav,1.015079365079365,120.36420096751007,True,blend_agree
praat_reaper_b100_a0.5,studio_M1.wav,1.025079365079365,119.34051601670248,True,blend_agree
praat_reaper_b100_a0.5,studio_M1.wav,1.035079365079365,118.42445512982306,True,blend_agree
praat_reaper_b100_a0.5,studio_M1.wav,1.045079365079365,118.35908387356693,True,blend_agree
praat_reaper_b100_a0.5,studio_M1.wav,1.055079365079365,117.72788676633385,True,blend_agree
praat_reaper_b100_a0.5,studio_M1.wav,1.065079365079365,116.87265395390108,True,blend_agree
praat_reaper_b100_a0.5,studio_M1.wav,1.075079365079365,115.71512839079864,True,blend_agree
praat_reaper_b100_a0.5,studio_M1.wav,1.085079365079365,117.47847873164442,True,blend_agree
praat_reaper_b100_a0.5,studio_M1.wav,1.095079365079365,128.64975414405362,True,blend_agree
praat_reaper_b100_a0.5,studio_M1.wav,1.105079365079365,131.73738462681982,True,blend_agree
praat_reaper_b100_a0.5,studio_M1.wav,1.115079365079365,134.41560472703154,True,blend_agree
praat_reaper_b100_a0.5,studio_M1.wav,1.125079365079365,135.9432464743466,True,blend_agree
praat_reaper_b100_a0.5,studio_M1.wav,1.135079365079365,138.55844060870461,True,blend_agree
praat_reaper_b100_a0.5,studio_M1.wav,1.145079365079365,141.19160140314412,True,blend_agree
praat_reaper_b100_a0.5,studio_M1.wav,1.155079365079365,139.2368066040496,True,blend_agree
praat_reaper_b100_a0.5,studio_M1.wav,1.165079365079365,134.41780382771864,True,praat_disagreement
praat_reaper_b100_a0.5,studio_M1.wav,1.175079365079365,142.08245746002424,True,praat_disagreement
praat_reaper_b100_a0.5,studio_M1.wav,1.185079365079365,0.0,False,unvoiced
praat_reaper_b100_a0.5,studio_M1.wav,1.195079365079365,0.0,False,unvoiced
praat_reaper_b100_a0.5,studio_M1.wav,1.205079365079365,163.00290094493914,True,blend_agree
praat_reaper_b100_a0.5,studio_M1.wav,1.215079365079365,167.12859753424314,True,blend_agree
praat_reaper_b100_a0.5,studio_M1.wav,1.225079365079365,172.44564228308363,True,blend_agree
praat_reaper_b100_a0.5,studio_M1.wav,1.235079365079365,174.52731617352518,True,blend_agree
praat_reaper_b100_a0.5,studio_M1.wav,1.245079365079365,174.1856522752658,True,blend_agree
praat_reaper_b100_a0.5,studio_M1.wav,1.255079365079365,173.77754969996147,True,praat_disagreement
praat_reaper_b100_a0.5,studio_M1.wav,1.265079365079365,176.59750827592228,True,blend_agree
praat_reaper_b100_a0.5,studio_M1.wav,1.275079365079365,0.0,False,unvoiced
praat_reaper_b100_a0.5,studio_M1.wav,1.285079365079365,0.0,False,unvoiced
praat_reaper_b100_a0.5,studio_M1.wav,1.295079365079365,0.0,False,unvoiced
praat_reaper_b100_a0.5,studio_M1.wav,1.305079365079365,0.0,False,unvoiced
praat_reaper_b100_a0.5,studio_M1.wav,1.315079365079365,0.0,False,unvoiced
praat_reaper_b100_a0.5,studio_M1.wav,1.325079365079365,170.40478146397152,True,praat_missing
praat_reaper_b100_a0.5,studio_M1.wav,1.335079365079365,158.82682011023843,True,praat_disagreement
praat_reaper_b100_a0.5,studio_M1.wav,1.345079365079365,145.24230143590069,True,praat_disagreement
praat_reaper_b100_a0.5,studio_M1.wav,1.355079365079365,134.96995912999708,True,praat_disagreement
praat_reaper_b100_a0.5,studio_M1.wav,1.365079365079365,123.90378968806128,True,praat_disagreement
praat_reaper_b100_a0.5,studio_M1.wav,1.375079365079365,116.28241233977874,True,praat_disagreement
praat_reaper_b100_a0.5,studio_M1.wav,1.385079365079365,109.58454522986344,True,praat_disagreement
praat_reaper_b100_a0.5,studio_M1.wav,1.395079365079365,102.61984089321906,True,blend_agree
praat_reaper_b100_a0.5,studio_M1.wav,1.405079365079365,100.71093038263913,True,blend_agree
praat_reaper_b100_a0.5,studio_M1.wav,1.415079365079365,99.37157585661106,True,blend_agree
praat_reaper_b100_a0.5,studio_M1.wav,1.425079365079365,99.45138695307377,True,praat_disagreement
praat_reaper_b100_a0.5,studio_M1.wav,1.435079365079365,93.15096409587746,True,blend_agree
praat_reaper_b100_a0.5,studio_M1.wav,1.445079365079365,92.5322857764877,True,blend_agree
praat_reaper_b100_a0.5,studio_M1.wav,1.455079365079365,93.9209923344251,True,blend_agree
praat_reaper_b100_a0.5,studio_M1.wav,1.465079365079365,94.446404670003,True,blend_agree
praat_reaper_b100_a0.5,studio_M1.wav,1.475079365079365,96.25178673327719,True,blend_agree
praat_reaper_b100_a0.5,studio_M1.wav,1.485079365079365,97.84462542704438,True,blend_agree
praat_reaper_b100_a0.5,studio_M1.wav,1.495079365079365,97.88526674453077,True,blend_agree
praat_reaper_b100_a0.5,studio_M1.wav,1.505079365079365,97.01680735520797,True,blend_agree
praat_reaper_b100_a0.5,studio_M1.wav,1.515079365079365,95.80005015402736,True,blend_agree
praat_reaper_b100_a0.5,studio_M1.wav,1.525079365079365,95.03365177167062,True,blend_agree
praat_reaper_b100_a0.5,studio_M1.wav,1.535079365079365,94.72637191992455,True,blend_agree
praat_reaper_b100_a0.5,studio_M1.wav,1.545079365079365,91.30603241250586,True,blend_agree
praat_reaper_b100_a0.5,studio_M1.wav,1.555079365079365,90.9748211114523,True,blend_agree
praat_reaper_b100_a0.5,studio_M1.wav,1.565079365079365,91.94126052188976,True,blend_agree
praat_reaper_b100_a0.5,studio_M1.wav,1.575079365079365,92.58507576635574,True,praat_disagreement
praat_reaper_b100_a0.5,studio_M1.wav,1.585079365079365,0.0,False,unvoiced
praat_reaper_b100_a0.5,studio_M1.wav,1.595079365079365,0.0,False,unvoiced
praat_reaper_b100_a0.5,studio_M1.wav,1.605079365079365,0.0,False,unvoiced
praat_reaper_b100_a0.5,studio_M1.wav,1.615079365079365,0.0,False,unvoiced
praat_reaper_b100_a0.5,studio_M1.wav,1.625079365079365,0.0,False,unvoiced
praat_reaper_b100_a0.5,studio_M1.wav,1.635079365079365,0.0,False,unvoiced
praat_reaper_b100_a0.5,studio_M1.wav,1.645079365079365,0.0,False,unvoiced
praat_reaper_b100_a0.5,studio_M1.wav,1.655079365079365,0.0,False,unvoiced
praat_reaper_b100_a0.5,studio_M1.wav,1.665079365079365,118.88222277756208,True,praat_disagreement
praat_reaper_b100_a0.5,studio_M1.wav,1.675079365079365,107.9845924636583,True,praat_disagreement
praat_reaper_b100_a0.5,studio_M1.wav,1.685079365079365,93.38750093286566,True,blend_agree
praat_reaper_b100_a0.5,studio_M1.wav,1.695079365079365,92.58395497686345,True,praat_disagreement
praat_reaper_b100_a0.5,studio_M1.wav,1.705079365079365,0.0,False,unvoiced
praat_reaper_b100_a0.5,studio_M1.wav,1.715079365079365,0.0,False,unvoiced
praat_reaper_b100_a0.5,studio_M1.wav,1.725079365079365,0.0,False,unvoiced
praat_reaper_b100_a0.5,studio_M1.wav,1.735079365079365,0.0,False,unvoiced
praat_reaper_b100_a0.5,studio_M1.wav,1.745079365079365,0.0,False,unvoiced
praat_reaper_b100_a0.5,studio_M1.wav,1.755079365079365,0.0,False,unvoiced
praat_reaper_b100_a0.5,studio_M1.wav,1.765079365079365,0.0,False,unvoiced
praat_reaper_b100_a0.5,studio_M1.wav,1.775079365079365,0.0,False,unvoiced
praat_reaper_b100_a0.5,studio_M1.wav,1.785079365079365,0.0,False,unvoiced
praat_reaper_b100_a0.5,studio_M1.wav,1.795079365079365,0.0,False,unvoiced
praat_reaper_b100_a0.5,studio_M1.wav,1.805079365079365,0.0,False,unvoiced
praat_reaper_b100_a0.5,studio_M1.wav,1.815079365079365,0.0,False,unvoiced
praat_reaper_b100_a0.5,studio_M1.wav,1.825079365079365,0.0,False,unvoiced
praat_reaper_b100_a0.5,studio_M1.wav,1.835079365079365,112.53842750509781,True,praat_disagreement
praat_reaper_b100_a0.5,studio_M1.wav,1.845079365079365,104.64077844131269,True,blend_agree
praat_reaper_b100_a0.5,studio_M1.wav,1.855079365079365,103.06944302413655,True,blend_agree
praat_reaper_b100_a0.5,studio_M1.wav,1.865079365079365,101.58551459452822,True,blend_agree
praat_reaper_b100_a0.5,studio_M1.wav,1.875079365079365,100.66680619219309,True,blend_agree
praat_reaper_b100_a0.5,studio_M1.wav,1.885079365079365,99.70952325719142,True,blend_agree
praat_reaper_b100_a0.5,studio_M1.wav,1.895079365079365,98.95830072717133,True,blend_agree
praat_reaper_b100_a0.5,studio_M1.wav,1.905079365079365,98.58994951889743,True,blend_agree
praat_reaper_b100_a0.5,studio_M1.wav,1.915079365079365,97.9550802790069,True,blend_agree
praat_reaper_b100_a0.5,studio_M1.wav,1.925079365079365,97.51506039625232,True,blend_agree
praat_reaper_b100_a0.5,studio_M1.wav,1.935079365079365,95.87715125036576,True,blend_agree
praat_reaper_b100_a0.5,studio_M1.wav,1.945079365079365,94.80399986628652,True,blend_agree
praat_reaper_b100_a0.5,studio_M1.wav,1.955079365079365,94.01345627869358,True,blend_agree
praat_reaper_b100_a0.5,studio_M1.wav,1.965079365079365,93.230798877657,True,blend_agree
praat_reaper_b100_a0.5,studio_M1.wav,1.975079365079365,92.80201235870655,True,blend_agree
praat_reaper_b100_a0.5,studio_M1.wav,1.985079365079365,92.1667724198629,True,blend_agree
praat_reaper_b100_a0.5,studio_M1.wav,1.995079365079365,90.64649273116494,True,blend_agree
praat_reaper_b100_a0.5,studio_M1.wav,2.005079365079365,89.94655874975892,True,blend_agree
praat_reaper_b100_a0.5,studio_M1.wav,2.015079365079365,89.55540446298771,True,praat_disagreement
praat_reaper_b100_a0.5,studio_M1.wav,2.025079365079365,89.10725805896571,True,blend_agree
praat_reaper_b100_a0.5,studio_M1.wav,2.035079365079365,87.19457204808027,True,blend_agree
praat_reaper_b100_a0.5,studio_M1.wav,2.045079365079365,88.47046989795676,True,blend_agree
praat_reaper_b100_a0.5,studio_M1.wav,2.055079365079366,0.0,False,unvoiced
praat_reaper_b100_a0.5,studio_M1.wav,2.065079365079365,0.0,False,unvoiced
praat_reaper_b100_a0.5,studio_M1.wav,2.075079365079365,0.0,False,unvoiced
praat_reaper_b100_a0.5,studio_M1.wav,2.085079365079365,0.0,False,unvoiced
praat_reaper_b100_a0.5,studio_M1.wav,2.095079365079365,0.0,False,unvoiced
praat_reaper_b100_a0.5,studio_M1.wav,2.105079365079365,0.0,False,unvoiced
praat_reaper_b100_a0.5,studio_M1.wav,2.115079365079365,0.0,False,unvoiced
praat_reaper_b100_a0.5,studio_M1.wav,2.125079365079365,0.0,False,unvoiced
praat_reaper_b100_a0.5,studio_M1.wav,2.135079365079365,0.0,False,unvoiced
praat_reaper_b100_a0.5,studio_M1.wav,2.145079365079365,0.0,False,unvoiced
praat_reaper_b100_a0.5,studio_M1.wav,2.155079365079365,0.0,False,unvoiced
praat_reaper_b100_a0.5,studio_M1.wav,2.165079365079365,0.0,False,unvoiced
praat_reaper_b100_a0.5,studio_M1.wav,2.175079365079365,0.0,False,unvoiced
praat_reaper_b100_a0.5,studio_M1.wav,2.185079365079365,0.0,False,unvoiced
praat_reaper_b100_a0.5,studio_M1.wav,2.195079365079365,0.0,False,unvoiced
praat_reaper_b100_a0.5,studio_M1.wav,2.205079365079365,0.0,False,unvoiced
praat_reaper_b100_a0.5,studio_M1.wav,2.215079365079365,0.0,False,unvoiced
praat_reaper_b100_a0.5,studio_M1.wav,2.225079365079365,0.0,False,unvoiced
praat_reaper_b100_a0.5,studio_M1.wav,2.235079365079365,0.0,False,unvoiced
praat_reaper_b100_a0.5,studio_M1.wav,2.245079365079365,0.0,False,unvoiced
praat_reaper_b100_a0.5,studio_M1.wav,2.255079365079365,0.0,False,unvoiced
praat_reaper_b100_a0.5,studio_M1.wav,2.265079365079365,0.0,False,unvoiced
praat_reaper_b100_a0.5,studio_M1.wav,2.275079365079365,0.0,False,unvoiced
praat_reaper_b100_a0.5,studio_M1.wav,2.285079365079365,0.0,False,unvoiced
praat_reaper_b100_a0.5,studio_M1.wav,2.295079365079365,0.0,False,unvoiced
praat_reaper_b100_a0.5,studio_M1.wav,2.305079365079366,0.0,False,unvoiced
praat_reaper_b100_a0.5,studio_M1.wav,2.315079365079365,0.0,False,unvoiced
praat_reaper_b100_a0.5,studio_M1.wav,2.325079365079366,0.0,False,unvoiced
praat_reaper_b100_a0.5,studio_M1.wav,2.335079365079365,0.0,False,unvoiced
praat_reaper_b100_a0.5,studio_M1.wav,2.345079365079365,0.0,False,unvoiced
praat_reaper_b100_a0.5,studio_M1.wav,2.355079365079365,0.0,False,unvoiced
praat_reaper_b100_a0.5,studio_M1.wav,2.365079365079365,0.0,False,unvoiced
praat_reaper_b100_a0.5,studio_M1.wav,2.375079365079365,0.0,False,unvoiced
praat_reaper_b100_a0.5,studio_M1.wav,2.385079365079365,0.0,False,unvoiced
praat_reaper_b100_a0.5,studio_M1.wav,2.395079365079365,0.0,False,unvoiced
praat_reaper_b100_a0.5,studio_M1.wav,2.405079365079365,0.0,False,unvoiced
praat_reaper_b100_a0.5,studio_M1.wav,2.415079365079365,0.0,False,unvoiced
praat_reaper_b100_a0.5,studio_M1.wav,2.425079365079365,0.0,False,unvoiced
praat_reaper_b100_a0.5,studio_M1.wav,2.435079365079365,0.0,False,unvoiced
praat_reaper_b100_a0.5,studio_M1.wav,2.445079365079365,0.0,False,unvoiced
praat_reaper_b100_a0.5,studio_M1.wav,2.455079365079365,0.0,False,unvoiced
praat_reaper_b100_a0.5,studio_M1.wav,2.465079365079365,0.0,False,unvoiced
praat_reaper_b100_a0.5,studio_M1.wav,2.475079365079365,0.0,False,unvoiced
praat_reaper_b100_a0.5,studio_M1.wav,2.485079365079365,0.0,False,unvoiced
praat_reaper_b100_a0.5,studio_M1.wav,2.495079365079365,0.0,False,unvoiced
praat_reaper_b100_a0.5,studio_M1.wav,2.505079365079365,0.0,False,unvoiced
praat_reaper_b100_a0.5,studio_M1.wav,2.515079365079365,0.0,False,unvoiced
praat_reaper_b100_a0.5,studio_M1.wav,2.525079365079365,0.0,False,unvoiced
praat_reaper_b100_a0.5,studio_M1.wav,2.535079365079365,0.0,False,unvoiced
praat_reaper_b100_a0.5,studio_M1.wav,2.545079365079365,0.0,False,unvoiced
praat_reaper_b100_a0.5,studio_M1.wav,2.555079365079366,0.0,False,unvoiced
praat_reaper_b100_a0.5,studio_M1.wav,2.565079365079365,0.0,False,unvoiced
praat_reaper_b100_a0.5,studio_M1.wav,2.575079365079366,0.0,False,unvoiced
praat_reaper_b100_a0.5,studio_M1.wav,2.585079365079365,0.0,False,unvoiced
praat_reaper_b100_a0.5,studio_M1.wav,2.595079365079365,0.0,False,unvoiced
praat_reaper_b100_a0.5,studio_M1.wav,2.605079365079365,0.0,False,unvoiced
praat_reaper_b100_a0.5,studio_M1.wav,2.615079365079365,0.0,False,unvoiced
praat_reaper_b100_a0.5,studio_M1.wav,2.625079365079365,0.0,False,unvoiced
praat_reaper_b100_a0.5,studio_M1.wav,2.635079365079365,0.0,False,unvoiced
praat_reaper_b100_a0.5,studio_M1.wav,2.645079365079365,0.0,False,unvoiced
praat_reaper_b100_a0.5,studio_M1.wav,2.655079365079365,0.0,False,unvoiced
praat_reaper_b100_a0.5,studio_M1.wav,2.665079365079365,0.0,False,unvoiced
praat_reaper_b100_a0.5,studio_M1.wav,2.675079365079365,0.0,False,unvoiced
praat_reaper_b100_a0.5,studio_M1.wav,2.685079365079365,0.0,False,unvoiced
praat_reaper_b100_a0.5,studio_M1.wav,2.695079365079365,0.0,False,unvoiced
praat_reaper_b100_a0.5,studio_M1.wav,2.705079365079365,0.0,False,unvoiced
praat_reaper_b100_a1,studio_M1.wav,0.025079365079365,0.0,False,unvoiced
praat_reaper_b100_a1,studio_M1.wav,0.035079365079365,0.0,False,unvoiced
praat_reaper_b100_a1,studio_M1.wav,0.045079365079365,0.0,False,unvoiced
praat_reaper_b100_a1,studio_M1.wav,0.055079365079365,0.0,False,unvoiced
praat_reaper_b100_a1,studio_M1.wav,0.065079365079365,0.0,False,unvoiced
praat_reaper_b100_a1,studio_M1.wav,0.075079365079365,0.0,False,unvoiced
praat_reaper_b100_a1,studio_M1.wav,0.085079365079365,0.0,False,unvoiced
praat_reaper_b100_a1,studio_M1.wav,0.095079365079365,0.0,False,unvoiced
praat_reaper_b100_a1,studio_M1.wav,0.105079365079365,0.0,False,unvoiced
praat_reaper_b100_a1,studio_M1.wav,0.115079365079365,0.0,False,unvoiced
praat_reaper_b100_a1,studio_M1.wav,0.125079365079365,0.0,False,unvoiced
praat_reaper_b100_a1,studio_M1.wav,0.135079365079365,0.0,False,unvoiced
praat_reaper_b100_a1,studio_M1.wav,0.145079365079365,0.0,False,unvoiced
praat_reaper_b100_a1,studio_M1.wav,0.155079365079365,0.0,False,unvoiced
praat_reaper_b100_a1,studio_M1.wav,0.165079365079365,0.0,False,unvoiced
praat_reaper_b100_a1,studio_M1.wav,0.175079365079365,0.0,False,unvoiced
praat_reaper_b100_a1,studio_M1.wav,0.185079365079365,0.0,False,unvoiced
praat_reaper_b100_a1,studio_M1.wav,0.195079365079365,0.0,False,unvoiced
praat_reaper_b100_a1,studio_M1.wav,0.205079365079365,0.0,False,unvoiced
praat_reaper_b100_a1,studio_M1.wav,0.215079365079365,0.0,False,unvoiced
praat_reaper_b100_a1,studio_M1.wav,0.225079365079365,0.0,False,unvoiced
praat_reaper_b100_a1,studio_M1.wav,0.235079365079365,0.0,False,unvoiced
praat_reaper_b100_a1,studio_M1.wav,0.245079365079365,0.0,False,unvoiced
praat_reaper_b100_a1,studio_M1.wav,0.255079365079365,0.0,False,unvoiced
praat_reaper_b100_a1,studio_M1.wav,0.265079365079365,0.0,False,unvoiced
praat_reaper_b100_a1,studio_M1.wav,0.275079365079365,0.0,False,unvoiced
praat_reaper_b100_a1,studio_M1.wav,0.285079365079365,0.0,False,unvoiced
praat_reaper_b100_a1,studio_M1.wav,0.295079365079365,0.0,False,unvoiced
praat_reaper_b100_a1,studio_M1.wav,0.305079365079365,0.0,False,unvoiced
praat_reaper_b100_a1,studio_M1.wav,0.315079365079365,0.0,False,unvoiced
praat_reaper_b100_a1,studio_M1.wav,0.325079365079365,0.0,False,unvoiced
praat_reaper_b100_a1,studio_M1.wav,0.335079365079365,0.0,False,unvoiced
praat_reaper_b100_a1,studio_M1.wav,0.345079365079365,0.0,False,unvoiced
praat_reaper_b100_a1,studio_M1.wav,0.355079365079365,0.0,False,unvoiced
praat_reaper_b100_a1,studio_M1.wav,0.365079365079365,0.0,False,unvoiced
praat_reaper_b100_a1,studio_M1.wav,0.375079365079365,0.0,False,unvoiced
praat_reaper_b100_a1,studio_M1.wav,0.385079365079365,0.0,False,unvoiced
praat_reaper_b100_a1,studio_M1.wav,0.395079365079365,0.0,False,unvoiced
praat_reaper_b100_a1,studio_M1.wav,0.405079365079365,0.0,False,unvoiced
praat_reaper_b100_a1,studio_M1.wav,0.415079365079365,0.0,False,unvoiced
praat_reaper_b100_a1,studio_M1.wav,0.425079365079365,0.0,False,unvoiced
praat_reaper_b100_a1,studio_M1.wav,0.435079365079365,0.0,False,unvoiced
praat_reaper_b100_a1,studio_M1.wav,0.445079365079365,0.0,False,unvoiced
praat_reaper_b100_a1,studio_M1.wav,0.455079365079365,0.0,False,unvoiced
praat_reaper_b100_a1,studio_M1.wav,0.465079365079365,0.0,False,unvoiced
praat_reaper_b100_a1,studio_M1.wav,0.475079365079365,0.0,False,unvoiced
praat_reaper_b100_a1,studio_M1.wav,0.485079365079365,0.0,False,unvoiced
praat_reaper_b100_a1,studio_M1.wav,0.495079365079365,0.0,False,unvoiced
praat_reaper_b100_a1,studio_M1.wav,0.505079365079365,0.0,False,unvoiced
praat_reaper_b100_a1,studio_M1.wav,0.515079365079365,0.0,False,unvoiced
praat_reaper_b100_a1,studio_M1.wav,0.525079365079365,0.0,False,unvoiced
praat_reaper_b100_a1,studio_M1.wav,0.535079365079365,0.0,False,unvoiced
praat_reaper_b100_a1,studio_M1.wav,0.545079365079365,0.0,False,unvoiced
praat_reaper_b100_a1,studio_M1.wav,0.555079365079365,0.0,False,unvoiced
praat_reaper_b100_a1,studio_M1.wav,0.565079365079365,0.0,False,unvoiced
praat_reaper_b100_a1,studio_M1.wav,0.575079365079365,0.0,False,unvoiced
praat_reaper_b100_a1,studio_M1.wav,0.585079365079365,0.0,False,unvoiced
praat_reaper_b100_a1,studio_M1.wav,0.595079365079365,0.0,False,unvoiced
praat_reaper_b100_a1,studio_M1.wav,0.605079365079365,0.0,False,unvoiced
praat_reaper_b100_a1,studio_M1.wav,0.615079365079365,0.0,False,unvoiced
praat_reaper_b100_a1,studio_M1.wav,0.625079365079365,0.0,False,unvoiced
praat_reaper_b100_a1,studio_M1.wav,0.635079365079365,0.0,False,unvoiced
praat_reaper_b100_a1,studio_M1.wav,0.645079365079365,0.0,False,unvoiced
praat_reaper_b100_a1,studio_M1.wav,0.655079365079365,0.0,False,unvoiced
praat_reaper_b100_a1,studio_M1.wav,0.665079365079365,0.0,False,unvoiced
praat_reaper_b100_a1,studio_M1.wav,0.675079365079365,0.0,False,unvoiced
praat_reaper_b100_a1,studio_M1.wav,0.685079365079365,0.0,False,unvoiced
praat_reaper_b100_a1,studio_M1.wav,0.695079365079365,0.0,False,unvoiced
praat_reaper_b100_a1,studio_M1.wav,0.705079365079365,0.0,False,unvoiced
praat_reaper_b100_a1,studio_M1.wav,0.715079365079365,0.0,False,unvoiced
praat_reaper_b100_a1,studio_M1.wav,0.725079365079365,0.0,False,unvoiced
praat_reaper_b100_a1,studio_M1.wav,0.735079365079365,0.0,False,unvoiced
praat_reaper_b100_a1,studio_M1.wav,0.745079365079365,0.0,False,unvoiced
praat_reaper_b100_a1,studio_M1.wav,0.755079365079365,0.0,False,unvoiced
praat_reaper_b100_a1,studio_M1.wav,0.765079365079365,0.0,False,unvoiced
praat_reaper_b100_a1,studio_M1.wav,0.775079365079365,0.0,False,unvoiced
praat_reaper_b100_a1,studio_M1.wav,0.785079365079365,0.0,False,unvoiced
praat_reaper_b100_a1,studio_M1.wav,0.795079365079365,0.0,False,unvoiced
praat_reaper_b100_a1,studio_M1.wav,0.805079365079365,0.0,False,unvoiced
praat_reaper_b100_a1,studio_M1.wav,0.815079365079365,0.0,False,unvoiced
praat_reaper_b100_a1,studio_M1.wav,0.825079365079365,0.0,False,unvoiced
praat_reaper_b100_a1,studio_M1.wav,0.835079365079365,0.0,False,unvoiced
praat_reaper_b100_a1,studio_M1.wav,0.845079365079365,0.0,False,unvoiced
praat_reaper_b100_a1,studio_M1.wav,0.855079365079365,0.0,False,unvoiced
praat_reaper_b100_a1,studio_M1.wav,0.865079365079365,0.0,False,unvoiced
praat_reaper_b100_a1,studio_M1.wav,0.875079365079365,0.0,False,unvoiced
praat_reaper_b100_a1,studio_M1.wav,0.885079365079365,0.0,False,unvoiced
praat_reaper_b100_a1,studio_M1.wav,0.895079365079365,0.0,False,unvoiced
praat_reaper_b100_a1,studio_M1.wav,0.905079365079365,0.0,False,unvoiced
praat_reaper_b100_a1,studio_M1.wav,0.915079365079365,0.0,False,unvoiced
praat_reaper_b100_a1,studio_M1.wav,0.925079365079365,159.78260803222656,True,reaper_agree
praat_reaper_b100_a1,studio_M1.wav,0.935079365079365,140.44586181640625,True,reaper_agree
praat_reaper_b100_a1,studio_M1.wav,0.945079365079365,135.2760772705078,True,reaper_agree
praat_reaper_b100_a1,studio_M1.wav,0.955079365079365,134.0425567626953,True,reaper_agree
praat_reaper_b100_a1,studio_M1.wav,0.965079365079365,133.63636779785156,True,reaper_agree
praat_reaper_b100_a1,studio_M1.wav,0.975079365079365,133.23263549804688,True,reaper_agree
praat_reaper_b100_a1,studio_M1.wav,0.985079365079365,129.3255157470703,True,reaper_agree
praat_reaper_b100_a1,studio_M1.wav,0.995079365079365,123.18435668945312,True,reaper_agree
praat_reaper_b100_a1,studio_M1.wav,1.005079365079365,120.49180603027344,True,reaper_agree
praat_reaper_b100_a1,studio_M1.wav,1.015079365079365,119.51219177246094,True,reaper_agree
praat_reaper_b100_a1,studio_M1.wav,1.025079365079365,118.86792755126953,True,reaper_agree
praat_reaper_b100_a1,studio_M1.wav,1.035079365079365,117.91443634033203,True,reaper_agree
praat_reaper_b100_a1,studio_M1.wav,1.045079365079365,118.23056030273438,True,reaper_agree
praat_reaper_b100_a1,studio_M1.wav,1.055079365079365,116.97612762451172,True,reaper_agree
praat_reaper_b100_a1,studio_M1.wav,1.065079365079365,116.35884094238281,True,reaper_agree
praat_reaper_b100_a1,studio_M1.wav,1.075079365079365,115.74803161621094,True,reaper_agree
praat_reaper_b100_a1,studio_M1.wav,1.085079365079365,117.91443634033203,True,reaper_agree
praat_reaper_b100_a1,studio_M1.wav,1.095079365079365,131.25,True,reaper_agree
praat_reaper_b100_a1,studio_M1.wav,1.105079365079365,132.83132934570312,True,reaper_agree
praat_reaper_b100_a1,studio_M1.wav,1.115079365079365,136.11111450195312,True,reaper_agree
praat_reaper_b100_a1,studio_M1.wav,1.125079365079365,136.53250122070312,True,reaper_agree
praat_reaper_b100_a1,studio_M1.wav,1.135079365079365,140.89456176757812,True,reaper_agree
praat_reaper_b100_a1,studio_M1.wav,1.145079365079365,143.18182373046875,True,reaper_agree
praat_reaper_b100_a1,studio_M1.wav,1.155079365079365,138.2445068359375,True,reaper_agree
praat_reaper_b100_a1,studio_M1.wav,1.165079365079365,134.41780382771864,True,praat_disagreement
praat_reaper_b100_a1,studio_M1.wav,1.175079365079365,142.08245746002424,True,praat_disagreement
praat_reaper_b100_a1,studio_M1.wav,1.185079365079365,0.0,False,unvoiced
praat_reaper_b100_a1,studio_M1.wav,1.195079365079365,0.0,False,unvoiced
praat_reaper_b100_a1,studio_M1.wav,1.205079365079365,160.36363220214844,True,reaper_agree
praat_reaper_b100_a1,studio_M1.wav,1.215079365079365,169.61538696289062,True,reaper_agree
praat_reaper_b100_a1,studio_M1.wav,1.225079365079365,174.3083038330078,True,reaper_agree
praat_reaper_b100_a1,studio_M1.wav,1.235079365079365,175.0,True,reaper_agree
praat_reaper_b100_a1,studio_M1.wav,1.245079365079365,173.62203979492188,True,reaper_agree
praat_reaper_b100_a1,studio_M1.wav,1.255079365079365,173.77754969996147,True,praat_disagreement
praat_reaper_b100_a1,studio_M1.wav,1.265079365079365,181.48147583007812,True,reaper_agree
praat_reaper_b100_a1,studio_M1.wav,1.275079365079365,0.0,False,unvoiced
praat_reaper_b100_a1,studio_M1.wav,1.285079365079365,0.0,False,unvoiced
praat_reaper_b100_a1,studio_M1.wav,1.295079365079365,0.0,False,unvoiced
praat_reaper_b100_a1,studio_M1.wav,1.305079365079365,0.0,False,unvoiced
praat_reaper_b100_a1,studio_M1.wav,1.315079365079365,0.0,False,unvoiced
praat_reaper_b100_a1,studio_M1.wav,1.325079365079365,170.40478146397152,True,praat_missing
praat_reaper_b100_a1,studio_M1.wav,1.335079365079365,158.82682011023843,True,praat_disagreement
praat_reaper_b100_a1,studio_M1.wav,1.345079365079365,145.24230143590069,True,praat_disagreement
praat_reaper_b100_a1,studio_M1.wav,1.355079365079365,134.96995912999708,True,praat_disagreement
praat_reaper_b100_a1,studio_M1.wav,1.365079365079365,123.90378968806128,True,praat_disagreement
praat_reaper_b100_a1,studio_M1.wav,1.375079365079365,116.28241233977874,True,praat_disagreement
praat_reaper_b100_a1,studio_M1.wav,1.385079365079365,109.58454522986344,True,praat_disagreement
praat_reaper_b100_a1,studio_M1.wav,1.395079365079365,100.91532897949219,True,reaper_agree
praat_reaper_b100_a1,studio_M1.wav,1.405079365079365,99.77375793457031,True,reaper_agree
praat_reaper_b100_a1,studio_M1.wav,1.415079365079365,98.65771484375,True,reaper_agree
praat_reaper_b100_a1,studio_M1.wav,1.425079365079365,99.45138695307377,True,praat_disagreement
praat_reaper_b100_a1,studio_M1.wav,1.435079365079365,91.3043441772461,True,reaper_agree
praat_reaper_b100_a1,studio_M1.wav,1.445079365079365,92.84210205078125,True,reaper_agree
praat_reaper_b100_a1,studio_M1.wav,1.455079365079365,94.23076629638672,True,reaper_agree
praat_reaper_b100_a1,studio_M1.wav,1.465079365079365,95.04310607910156,True,reaper_agree
praat_reaper_b100_a1,studio_M1.wav,1.475079365079365,97.56636810302734,True,reaper_agree
praat_reaper_b100_a1,studio_M1.wav,1.485079365079365,99.32432556152344,True,reaper_agree
praat_reaper_b100_a1,studio_M1.wav,1.495079365079365,97.13656616210938,True,reaper_agree
praat_reaper_b100_a1,studio_M1.wav,1.505079365079365,96.07843017578125,True,reaper_agree
praat_reaper_b100_a1,studio_M1.wav,1.515079365079365,95.24838256835938,True,reaper_agree
praat_reaper_b100_a1,studio_M1.wav,1.525079365079365,94.63519287109375,True,reaper_agree
praat_reaper_b100_a1,studio_M1.wav,1.535079365079365,94.63519287109375,True,reaper_agree
praat_reaper_b100_a1,studio_M1.wav,1.545079365079365,90.0,True,reaper_agree
praat_reaper_b100_a1,studio_M1.wav,1.555079365079365,92.06680297851562,True,reaper_agree
praat_reaper_b100_a1,studio_M1.wav,1.565079365079365,92.06680297851562,True,reaper_agree
praat_reaper_b100_a1,studio_M1.wav,1.575079365079365,92.58507576635574,True,praat_disagreement
praat_reaper_b100_a1,studio_M1.wav,1.585079365079365,0.0,False,unvoiced
praat_reaper_b100_a1,studio_M1.wav,1.595079365079365,0.0,False,unvoiced
praat_reaper_b100_a1,studio_M1.wav,1.605079365079365,0.0,False,unvoiced
praat_reaper_b100_a1,studio_M1.wav,1.615079365079365,0.0,False,unvoiced
praat_reaper_b100_a1,studio_M1.wav,1.625079365079365,0.0,False,unvoiced
praat_reaper_b100_a1,studio_M1.wav,1.635079365079365,0.0,False,unvoiced
praat_reaper_b100_a1,studio_M1.wav,1.645079365079365,0.0,False,unvoiced
praat_reaper_b100_a1,studio_M1.wav,1.655079365079365,0.0,False,unvoiced
praat_reaper_b100_a1,studio_M1.wav,1.665079365079365,118.88222277756208,True,praat_disagreement
praat_reaper_b100_a1,studio_M1.wav,1.675079365079365,107.9845924636583,True,praat_disagreement
praat_reaper_b100_a1,studio_M1.wav,1.685079365079365,92.45282745361328,True,reaper_agree
praat_reaper_b100_a1,studio_M1.wav,1.695079365079365,92.58395497686345,True,praat_disagreement
praat_reaper_b100_a1,studio_M1.wav,1.705079365079365,0.0,False,unvoiced
praat_reaper_b100_a1,studio_M1.wav,1.715079365079365,0.0,False,unvoiced
praat_reaper_b100_a1,studio_M1.wav,1.725079365079365,0.0,False,unvoiced
praat_reaper_b100_a1,studio_M1.wav,1.735079365079365,0.0,False,unvoiced
praat_reaper_b100_a1,studio_M1.wav,1.745079365079365,0.0,False,unvoiced
praat_reaper_b100_a1,studio_M1.wav,1.755079365079365,0.0,False,unvoiced
praat_reaper_b100_a1,studio_M1.wav,1.765079365079365,0.0,False,unvoiced
praat_reaper_b100_a1,studio_M1.wav,1.775079365079365,0.0,False,unvoiced
praat_reaper_b100_a1,studio_M1.wav,1.785079365079365,0.0,False,unvoiced
praat_reaper_b100_a1,studio_M1.wav,1.795079365079365,0.0,False,unvoiced
praat_reaper_b100_a1,studio_M1.wav,1.805079365079365,0.0,False,unvoiced
praat_reaper_b100_a1,studio_M1.wav,1.815079365079365,0.0,False,unvoiced
praat_reaper_b100_a1,studio_M1.wav,1.825079365079365,0.0,False,unvoiced
praat_reaper_b100_a1,studio_M1.wav,1.835079365079365,112.53842750509781,True,praat_disagreement
praat_reaper_b100_a1,studio_M1.wav,1.845079365079365,103.76470947265625,True,reaper_agree
praat_reaper_b100_a1,studio_M1.wav,1.855079365079365,102.32018280029297,True,reaper_agree
praat_reaper_b100_a1,studio_M1.wav,1.865079365079365,100.91532897949219,True,reaper_agree
praat_reaper_b100_a1,studio_M1.wav,1.875079365079365,100.2272720336914,True,reaper_agree
praat_reaper_b100_a1,studio_M1.wav,1.885079365079365,99.10111999511719,True,reaper_agree
praat_reaper_b100_a1,studio_M1.wav,1.895079365079365,98.4375,True,reaper_agree
praat_reaper_b100_a1,studio_M1.wav,1.905079365079365,98.21826171875,True,reaper_agree
praat_reaper_b100_a1,studio_M1.wav,1.915079365079365,97.78270721435547,True,reaper_agree
praat_reaper_b100_a1,studio_M1.wav,1.925079365079365,97.35099029541016,True,reaper_agree
praat_reaper_b100_a1,studio_M1.wav,1.935079365079365,95.04310607910156,True,reaper_agree
praat_reaper_b100_a1,studio_M1.wav,1.945079365079365,94.43254852294922,True,reaper_agree
praat_reaper_b100_a1,studio_M1.wav,1.955079365079365,93.82978820800781,True,reaper_agree
praat_reaper_b100_a1,studio_M1.wav,1.965079365079365,93.03797149658203,True,reaper_agree
praat_reaper_b100_a1,studio_M1.wav,1.975079365079365,92.64705657958984,True,reaper_agree
praat_reaper_b100_a1,studio_M1.wav,1.985079365079365,91.875,True,reaper_agree
praat_reaper_b100_a1,studio_M1.wav,1.995079365079365,89.81670379638672,True,reaper_agree
praat_reaper_b100_a1,studio_M1.wav,2.005079365079365,89.27125549316406,True,reaper_agree
praat_reaper_b100_a1,studio_M1.wav,2.015079365079365,89.55540446298771,True,praat_disagreement
praat_reaper_b100_a1,studio_M1.wav,2.025079365079365,89.27125549316406,True,reaper_agree
praat_reaper_b100_a1,studio_M1.wav,2.035079365079365,86.81101989746094,True,reaper_agree
praat_reaper_b100_a1,studio_M1.wav,2.045079365079365,86.81101989746094,True,reaper_agree
praat_reaper_b100_a1,studio_M1.wav,2.055079365079366,0.0,False,unvoiced
praat_reaper_b100_a1,studio_M1.wav,2.065079365079365,0.0,False,unvoiced
praat_reaper_b100_a1,studio_M1.wav,2.075079365079365,0.0,False,unvoiced
praat_reaper_b100_a1,studio_M1.wav,2.085079365079365,0.0,False,unvoiced
praat_reaper_b100_a1,studio_M1.wav,2.095079365079365,0.0,False,unvoiced
praat_reaper_b100_a1,studio_M1.wav,2.105079365079365,0.0,False,unvoiced
praat_reaper_b100_a1,studio_M1.wav,2.115079365079365,0.0,False,unvoiced
praat_reaper_b100_a1,studio_M1.wav,2.125079365079365,0.0,False,unvoiced
praat_reaper_b100_a1,studio_M1.wav,2.135079365079365,0.0,False,unvoiced
praat_reaper_b100_a1,studio_M1.wav,2.145079365079365,0.0,False,unvoiced
praat_reaper_b100_a1,studio_M1.wav,2.155079365079365,0.0,False,unvoiced
praat_reaper_b100_a1,studio_M1.wav,2.165079365079365,0.0,False,unvoiced
praat_reaper_b100_a1,studio_M1.wav,2.175079365079365,0.0,False,unvoiced
praat_reaper_b100_a1,studio_M1.wav,2.185079365079365,0.0,False,unvoiced
praat_reaper_b100_a1,studio_M1.wav,2.195079365079365,0.0,False,unvoiced
praat_reaper_b100_a1,studio_M1.wav,2.205079365079365,0.0,False,unvoiced
praat_reaper_b100_a1,studio_M1.wav,2.215079365079365,0.0,False,unvoiced
praat_reaper_b100_a1,studio_M1.wav,2.225079365079365,0.0,False,unvoiced
praat_reaper_b100_a1,studio_M1.wav,2.235079365079365,0.0,False,unvoiced
praat_reaper_b100_a1,studio_M1.wav,2.245079365079365,0.0,False,unvoiced
praat_reaper_b100_a1,studio_M1.wav,2.255079365079365,0.0,False,unvoiced
praat_reaper_b100_a1,studio_M1.wav,2.265079365079365,0.0,False,unvoiced
praat_reaper_b100_a1,studio_M1.wav,2.275079365079365,0.0,False,unvoiced
praat_reaper_b100_a1,studio_M1.wav,2.285079365079365,0.0,False,unvoiced
praat_reaper_b100_a1,studio_M1.wav,2.295079365079365,0.0,False,unvoiced
praat_reaper_b100_a1,studio_M1.wav,2.305079365079366,0.0,False,unvoiced
praat_reaper_b100_a1,studio_M1.wav,2.315079365079365,0.0,False,unvoiced
praat_reaper_b100_a1,studio_M1.wav,2.325079365079366,0.0,False,unvoiced
praat_reaper_b100_a1,studio_M1.wav,2.335079365079365,0.0,False,unvoiced
praat_reaper_b100_a1,studio_M1.wav,2.345079365079365,0.0,False,unvoiced
praat_reaper_b100_a1,studio_M1.wav,2.355079365079365,0.0,False,unvoiced
praat_reaper_b100_a1,studio_M1.wav,2.365079365079365,0.0,False,unvoiced
praat_reaper_b100_a1,studio_M1.wav,2.375079365079365,0.0,False,unvoiced
praat_reaper_b100_a1,studio_M1.wav,2.385079365079365,0.0,False,unvoiced
praat_reaper_b100_a1,studio_M1.wav,2.395079365079365,0.0,False,unvoiced
praat_reaper_b100_a1,studio_M1.wav,2.405079365079365,0.0,False,unvoiced
praat_reaper_b100_a1,studio_M1.wav,2.415079365079365,0.0,False,unvoiced
praat_reaper_b100_a1,studio_M1.wav,2.425079365079365,0.0,False,unvoiced
praat_reaper_b100_a1,studio_M1.wav,2.435079365079365,0.0,False,unvoiced
praat_reaper_b100_a1,studio_M1.wav,2.445079365079365,0.0,False,unvoiced
praat_reaper_b100_a1,studio_M1.wav,2.455079365079365,0.0,False,unvoiced
praat_reaper_b100_a1,studio_M1.wav,2.465079365079365,0.0,False,unvoiced
praat_reaper_b100_a1,studio_M1.wav,2.475079365079365,0.0,False,unvoiced
praat_reaper_b100_a1,studio_M1.wav,2.485079365079365,0.0,False,unvoiced
praat_reaper_b100_a1,studio_M1.wav,2.495079365079365,0.0,False,unvoiced
praat_reaper_b100_a1,studio_M1.wav,2.505079365079365,0.0,False,unvoiced
praat_reaper_b100_a1,studio_M1.wav,2.515079365079365,0.0,False,unvoiced
praat_reaper_b100_a1,studio_M1.wav,2.525079365079365,0.0,False,unvoiced
praat_reaper_b100_a1,studio_M1.wav,2.535079365079365,0.0,False,unvoiced
praat_reaper_b100_a1,studio_M1.wav,2.545079365079365,0.0,False,unvoiced
praat_reaper_b100_a1,studio_M1.wav,2.555079365079366,0.0,False,unvoiced
praat_reaper_b100_a1,studio_M1.wav,2.565079365079365,0.0,False,unvoiced
praat_reaper_b100_a1,studio_M1.wav,2.575079365079366,0.0,False,unvoiced
praat_reaper_b100_a1,studio_M1.wav,2.585079365079365,0.0,False,unvoiced
praat_reaper_b100_a1,studio_M1.wav,2.595079365079365,0.0,False,unvoiced
praat_reaper_b100_a1,studio_M1.wav,2.605079365079365,0.0,False,unvoiced
praat_reaper_b100_a1,studio_M1.wav,2.615079365079365,0.0,False,unvoiced
praat_reaper_b100_a1,studio_M1.wav,2.625079365079365,0.0,False,unvoiced
praat_reaper_b100_a1,studio_M1.wav,2.635079365079365,0.0,False,unvoiced
praat_reaper_b100_a1,studio_M1.wav,2.645079365079365,0.0,False,unvoiced
praat_reaper_b100_a1,studio_M1.wav,2.655079365079365,0.0,False,unvoiced
praat_reaper_b100_a1,studio_M1.wav,2.665079365079365,0.0,False,unvoiced
praat_reaper_b100_a1,studio_M1.wav,2.675079365079365,0.0,False,unvoiced
praat_reaper_b100_a1,studio_M1.wav,2.685079365079365,0.0,False,unvoiced
praat_reaper_b100_a1,studio_M1.wav,2.695079365079365,0.0,False,unvoiced
praat_reaper_b100_a1,studio_M1.wav,2.705079365079365,0.0,False,unvoiced
praat_reaper_b200_a0.5,studio_M1.wav,0.025079365079365,0.0,False,unvoiced
praat_reaper_b200_a0.5,studio_M1.wav,0.035079365079365,0.0,False,unvoiced
praat_reaper_b200_a0.5,studio_M1.wav,0.045079365079365,0.0,False,unvoiced
praat_reaper_b200_a0.5,studio_M1.wav,0.055079365079365,0.0,False,unvoiced
praat_reaper_b200_a0.5,studio_M1.wav,0.065079365079365,0.0,False,unvoiced
praat_reaper_b200_a0.5,studio_M1.wav,0.075079365079365,0.0,False,unvoiced
praat_reaper_b200_a0.5,studio_M1.wav,0.085079365079365,0.0,False,unvoiced
praat_reaper_b200_a0.5,studio_M1.wav,0.095079365079365,0.0,False,unvoiced
praat_reaper_b200_a0.5,studio_M1.wav,0.105079365079365,0.0,False,unvoiced
praat_reaper_b200_a0.5,studio_M1.wav,0.115079365079365,0.0,False,unvoiced
praat_reaper_b200_a0.5,studio_M1.wav,0.125079365079365,0.0,False,unvoiced
praat_reaper_b200_a0.5,studio_M1.wav,0.135079365079365,0.0,False,unvoiced
praat_reaper_b200_a0.5,studio_M1.wav,0.145079365079365,0.0,False,unvoiced
praat_reaper_b200_a0.5,studio_M1.wav,0.155079365079365,0.0,False,unvoiced
praat_reaper_b200_a0.5,studio_M1.wav,0.165079365079365,0.0,False,unvoiced
praat_reaper_b200_a0.5,studio_M1.wav,0.175079365079365,0.0,False,unvoiced
praat_reaper_b200_a0.5,studio_M1.wav,0.185079365079365,0.0,False,unvoiced
praat_reaper_b200_a0.5,studio_M1.wav,0.195079365079365,0.0,False,unvoiced
praat_reaper_b200_a0.5,studio_M1.wav,0.205079365079365,0.0,False,unvoiced
praat_reaper_b200_a0.5,studio_M1.wav,0.215079365079365,0.0,False,unvoiced
praat_reaper_b200_a0.5,studio_M1.wav,0.225079365079365,0.0,False,unvoiced
praat_reaper_b200_a0.5,studio_M1.wav,0.235079365079365,0.0,False,unvoiced
praat_reaper_b200_a0.5,studio_M1.wav,0.245079365079365,0.0,False,unvoiced
praat_reaper_b200_a0.5,studio_M1.wav,0.255079365079365,0.0,False,unvoiced
praat_reaper_b200_a0.5,studio_M1.wav,0.265079365079365,0.0,False,unvoiced
praat_reaper_b200_a0.5,studio_M1.wav,0.275079365079365,0.0,False,unvoiced
praat_reaper_b200_a0.5,studio_M1.wav,0.285079365079365,0.0,False,unvoiced
praat_reaper_b200_a0.5,studio_M1.wav,0.295079365079365,0.0,False,unvoiced
praat_reaper_b200_a0.5,studio_M1.wav,0.305079365079365,0.0,False,unvoiced
praat_reaper_b200_a0.5,studio_M1.wav,0.315079365079365,0.0,False,unvoiced
praat_reaper_b200_a0.5,studio_M1.wav,0.325079365079365,0.0,False,unvoiced
praat_reaper_b200_a0.5,studio_M1.wav,0.335079365079365,0.0,False,unvoiced
praat_reaper_b200_a0.5,studio_M1.wav,0.345079365079365,0.0,False,unvoiced
praat_reaper_b200_a0.5,studio_M1.wav,0.355079365079365,0.0,False,unvoiced
praat_reaper_b200_a0.5,studio_M1.wav,0.365079365079365,0.0,False,unvoiced
praat_reaper_b200_a0.5,studio_M1.wav,0.375079365079365,0.0,False,unvoiced
praat_reaper_b200_a0.5,studio_M1.wav,0.385079365079365,0.0,False,unvoiced
praat_reaper_b200_a0.5,studio_M1.wav,0.395079365079365,0.0,False,unvoiced
praat_reaper_b200_a0.5,studio_M1.wav,0.405079365079365,0.0,False,unvoiced
praat_reaper_b200_a0.5,studio_M1.wav,0.415079365079365,0.0,False,unvoiced
praat_reaper_b200_a0.5,studio_M1.wav,0.425079365079365,0.0,False,unvoiced
praat_reaper_b200_a0.5,studio_M1.wav,0.435079365079365,0.0,False,unvoiced
praat_reaper_b200_a0.5,studio_M1.wav,0.445079365079365,0.0,False,unvoiced
praat_reaper_b200_a0.5,studio_M1.wav,0.455079365079365,0.0,False,unvoiced
praat_reaper_b200_a0.5,studio_M1.wav,0.465079365079365,0.0,False,unvoiced
praat_reaper_b200_a0.5,studio_M1.wav,0.475079365079365,0.0,False,unvoiced
praat_reaper_b200_a0.5,studio_M1.wav,0.485079365079365,0.0,False,unvoiced
praat_reaper_b200_a0.5,studio_M1.wav,0.495079365079365,0.0,False,unvoiced
praat_reaper_b200_a0.5,studio_M1.wav,0.505079365079365,0.0,False,unvoiced
praat_reaper_b200_a0.5,studio_M1.wav,0.515079365079365,0.0,False,unvoiced
praat_reaper_b200_a0.5,studio_M1.wav,0.525079365079365,0.0,False,unvoiced
praat_reaper_b200_a0.5,studio_M1.wav,0.535079365079365,0.0,False,unvoiced
praat_reaper_b200_a0.5,studio_M1.wav,0.545079365079365,0.0,False,unvoiced
praat_reaper_b200_a0.5,studio_M1.wav,0.555079365079365,0.0,False,unvoiced
praat_reaper_b200_a0.5,studio_M1.wav,0.565079365079365,0.0,False,unvoiced
praat_reaper_b200_a0.5,studio_M1.wav,0.575079365079365,0.0,False,unvoiced
praat_reaper_b200_a0.5,studio_M1.wav,0.585079365079365,0.0,False,unvoiced
praat_reaper_b200_a0.5,studio_M1.wav,0.595079365079365,0.0,False,unvoiced
praat_reaper_b200_a0.5,studio_M1.wav,0.605079365079365,0.0,False,unvoiced
praat_reaper_b200_a0.5,studio_M1.wav,0.615079365079365,0.0,False,unvoiced
praat_reaper_b200_a0.5,studio_M1.wav,0.625079365079365,0.0,False,unvoiced
praat_reaper_b200_a0.5,studio_M1.wav,0.635079365079365,0.0,False,unvoiced
praat_reaper_b200_a0.5,studio_M1.wav,0.645079365079365,0.0,False,unvoiced
praat_reaper_b200_a0.5,studio_M1.wav,0.655079365079365,0.0,False,unvoiced
praat_reaper_b200_a0.5,studio_M1.wav,0.665079365079365,0.0,False,unvoiced
praat_reaper_b200_a0.5,studio_M1.wav,0.675079365079365,0.0,False,unvoiced
praat_reaper_b200_a0.5,studio_M1.wav,0.685079365079365,0.0,False,unvoiced
praat_reaper_b200_a0.5,studio_M1.wav,0.695079365079365,0.0,False,unvoiced
praat_reaper_b200_a0.5,studio_M1.wav,0.705079365079365,0.0,False,unvoiced
praat_reaper_b200_a0.5,studio_M1.wav,0.715079365079365,0.0,False,unvoiced
praat_reaper_b200_a0.5,studio_M1.wav,0.725079365079365,0.0,False,unvoiced
praat_reaper_b200_a0.5,studio_M1.wav,0.735079365079365,0.0,False,unvoiced
praat_reaper_b200_a0.5,studio_M1.wav,0.745079365079365,0.0,False,unvoiced
praat_reaper_b200_a0.5,studio_M1.wav,0.755079365079365,0.0,False,unvoiced
praat_reaper_b200_a0.5,studio_M1.wav,0.765079365079365,0.0,False,unvoiced
praat_reaper_b200_a0.5,studio_M1.wav,0.775079365079365,0.0,False,unvoiced
praat_reaper_b200_a0.5,studio_M1.wav,0.785079365079365,0.0,False,unvoiced
praat_reaper_b200_a0.5,studio_M1.wav,0.795079365079365,0.0,False,unvoiced
praat_reaper_b200_a0.5,studio_M1.wav,0.805079365079365,0.0,False,unvoiced
praat_reaper_b200_a0.5,studio_M1.wav,0.815079365079365,0.0,False,unvoiced
praat_reaper_b200_a0.5,studio_M1.wav,0.825079365079365,0.0,False,unvoiced
praat_reaper_b200_a0.5,studio_M1.wav,0.835079365079365,0.0,False,unvoiced
praat_reaper_b200_a0.5,studio_M1.wav,0.845079365079365,0.0,False,unvoiced
praat_reaper_b200_a0.5,studio_M1.wav,0.855079365079365,0.0,False,unvoiced
praat_reaper_b200_a0.5,studio_M1.wav,0.865079365079365,0.0,False,unvoiced
praat_reaper_b200_a0.5,studio_M1.wav,0.875079365079365,0.0,False,unvoiced
praat_reaper_b200_a0.5,studio_M1.wav,0.885079365079365,0.0,False,unvoiced
praat_reaper_b200_a0.5,studio_M1.wav,0.895079365079365,0.0,False,unvoiced
praat_reaper_b200_a0.5,studio_M1.wav,0.905079365079365,0.0,False,unvoiced
praat_reaper_b200_a0.5,studio_M1.wav,0.915079365079365,0.0,False,unvoiced
praat_reaper_b200_a0.5,studio_M1.wav,0.925079365079365,156.73204288532452,True,blend_agree
praat_reaper_b200_a0.5,studio_M1.wav,0.935079365079365,140.71880848378956,True,blend_agree
praat_reaper_b200_a0.5,studio_M1.wav,0.945079365079365,136.80242026279114,True,blend_agree
praat_reaper_b200_a0.5,studio_M1.wav,0.955079365079365,134.68835447393712,True,blend_agree
praat_reaper_b200_a0.5,studio_M1.wav,0.965079365079365,133.53202879139374,True,blend_agree
praat_reaper_b200_a0.5,studio_M1.wav,0.975079365079365,133.04472400769242,True,blend_agree
praat_reaper_b200_a0.5,studio_M1.wav,0.985079365079365,130.59892408802884,True,blend_agree
praat_reaper_b200_a0.5,studio_M1.wav,0.995079365079365,125.48981139946811,True,blend_agree
praat_reaper_b200_a0.5,studio_M1.wav,1.005079365079365,122.10114897018552,True,blend_agree
praat_reaper_b200_a0.5,studio_M1.wav,1.015079365079365,120.36420096751007,True,blend_agree
praat_reaper_b200_a0.5,studio_M1.wav,1.025079365079365,119.34051601670248,True,blend_agree
praat_reaper_b200_a0.5,studio_M1.wav,1.035079365079365,118.42445512982306,True,blend_agree
praat_reaper_b200_a0.5,studio_M1.wav,1.045079365079365,118.35908387356693,True,blend_agree
praat_reaper_b200_a0.5,studio_M1.wav,1.055079365079365,117.72788676633385,True,blend_agree
praat_reaper_b200_a0.5,studio_M1.wav,1.065079365079365,116.87265395390108,True,blend_agree
praat_reaper_b200_a0.5,studio_M1.wav,1.075079365079365,115.71512839079864,True,blend_agree
praat_reaper_b200_a0.5,studio_M1.wav,1.085079365079365,117.47847873164442,True,blend_agree
praat_reaper_b200_a0.5,studio_M1.wav,1.095079365079365,128.64975414405362,True,blend_agree
praat_reaper_b200_a0.5,studio_M1.wav,1.105079365079365,131.73738462681982,True,blend_agree
praat_reaper_b200_a0.5,studio_M1.wav,1.115079365079365,134.41560472703154,True,blend_agree
praat_reaper_b200_a0.5,studio_M1.wav,1.125079365079365,135.9432464743466,True,blend_agree
praat_reaper_b200_a0.5,studio_M1.wav,1.135079365079365,138.55844060870461,True,blend_agree
praat_reaper_b200_a0.5,studio_M1.wav,1.145079365079365,141.19160140314412,True,blend_agree
praat_reaper_b200_a0.5,studio_M1.wav,1.155079365079365,139.2368066040496,True,blend_agree
praat_reaper_b200_a0.5,studio_M1.wav,1.165079365079365,139.4112345716055,True,blend_agree
praat_reaper_b200_a0.5,studio_M1.wav,1.175079365079365,142.08245746002424,True,praat_disagreement
praat_reaper_b200_a0.5,studio_M1.wav,1.185079365079365,0.0,False,unvoiced
praat_reaper_b200_a0.5,studio_M1.wav,1.195079365079365,0.0,False,unvoiced
praat_reaper_b200_a0.5,studio_M1.wav,1.205079365079365,163.00290094493914,True,blend_agree
praat_reaper_b200_a0.5,studio_M1.wav,1.215079365079365,167.12859753424314,True,blend_agree
praat_reaper_b200_a0.5,studio_M1.wav,1.225079365079365,172.44564228308363,True,blend_agree
praat_reaper_b200_a0.5,studio_M1.wav,1.235079365079365,174.52731617352518,True,blend_agree
praat_reaper_b200_a0.5,studio_M1.wav,1.245079365079365,174.1856522752658,True,blend_agree
praat_reaper_b200_a0.5,studio_M1.wav,1.255079365079365,165.43870187396877,True,blend_agree
praat_reaper_b200_a0.5,studio_M1.wav,1.265079365079365,176.59750827592228,True,blend_agree
praat_reaper_b200_a0.5,studio_M1.wav,1.275079365079365,0.0,False,unvoiced
praat_reaper_b200_a0.5,studio_M1.wav,1.285079365079365,0.0,False,unvoiced
praat_reaper_b200_a0.5,studio_M1.wav,1.295079365079365,0.0,False,unvoiced
praat_reaper_b200_a0.5,studio_M1.wav,1.305079365079365,0.0,False,unvoiced
praat_reaper_b200_a0.5,studio_M1.wav,1.315079365079365,0.0,False,unvoiced
praat_reaper_b200_a0.5,studio_M1.wav,1.325079365079365,170.40478146397152,True,praat_missing
praat_reaper_b200_a0.5,studio_M1.wav,1.335079365079365,152.292228759974,True,blend_agree
praat_reaper_b200_a0.5,studio_M1.wav,1.345079365079365,140.82007917230712,True,blend_agree
praat_reaper_b200_a0.5,studio_M1.wav,1.355079365079365,134.96995912999708,True,praat_disagreement
praat_reaper_b200_a0.5,studio_M1.wav,1.365079365079365,118.51867426539275,True,blend_agree
praat_reaper_b200_a0.5,studio_M1.wav,1.375079365079365,111.70057310122242,True,blend_agree
praat_reaper_b200_a0.5,studio_M1.wav,1.385079365079365,106.3849044489327,True,blend_agree
praat_reaper_b200_a0.5,studio_M1.wav,1.395079365079365,102.61984089321906,True,blend_agree
praat_reaper_b200_a0.5,studio_M1.wav,1.405079365079365,100.71093038263913,True,blend_agree
praat_reaper_b200_a0.5,studio_M1.wav,1.415079365079365,99.37157585661106,True,blend_agree
praat_reaper_b200_a0.5,studio_M1.wav,1.425079365079365,95.4887428678417,True,blend_agree
praat_reaper_b200_a0.5,studio_M1.wav,1.435079365079365,93.15096409587746,True,blend_agree
praat_reaper_b200_a0.5,studio_M1.wav,1.445079365079365,92.5322857764877,True,blend_agree
praat_reaper_b200_a0.5,studio_M1.wav,1.455079365079365,93.9209923344251,True,blend_agree
praat_reaper_b200_a0.5,studio_M1.wav,1.465079365079365,94.446404670003,True,blend_agree
praat_reaper_b200_a0.5,studio_M1.wav,1.475079365079365,96.25178673327719,True,blend_agree
praat_reaper_b200_a0.5,studio_M1.wav,1.485079365079365,97.84462542704438,True,blend_agree
praat_reaper_b200_a0.5,studio_M1.wav,1.495079365079365,97.88526674453077,True,blend_agree
praat_reaper_b200_a0.5,studio_M1.wav,1.505079365079365,97.01680735520797,True,blend_agree
praat_reaper_b200_a0.5,studio_M1.wav,1.515079365079365,95.80005015402736,True,blend_agree
praat_reaper_b200_a0.5,studio_M1.wav,1.525079365079365,95.03365177167062,True,blend_agree
praat_reaper_b200_a0.5,studio_M1.wav,1.535079365079365,94.72637191992455,True,blend_agree
praat_reaper_b200_a0.5,studio_M1.wav,1.545079365079365,91.30603241250586,True,blend_agree
praat_reaper_b200_a0.5,studio_M1.wav,1.555079365079365,90.9748211114523,True,blend_agree
praat_reaper_b200_a0.5,studio_M1.wav,1.565079365079365,91.94126052188976,True,blend_agree
praat_reaper_b200_a0.5,studio_M1.wav,1.575079365079365,92.58507576635574,True,praat_disagreement
praat_reaper_b200_a0.5,studio_M1.wav,1.585079365079365,0.0,False,unvoiced
praat_reaper_b200_a0.5,studio_M1.wav,1.595079365079365,0.0,False,unvoiced
praat_reaper_b200_a0.5,studio_M1.wav,1.605079365079365,0.0,False,unvoiced
praat_reaper_b200_a0.5,studio_M1.wav,1.615079365079365,0.0,False,unvoiced
praat_reaper_b200_a0.5,studio_M1.wav,1.625079365079365,0.0,False,unvoiced
praat_reaper_b200_a0.5,studio_M1.wav,1.635079365079365,0.0,False,unvoiced
praat_reaper_b200_a0.5,studio_M1.wav,1.645079365079365,0.0,False,unvoiced
praat_reaper_b200_a0.5,studio_M1.wav,1.655079365079365,0.0,False,unvoiced
praat_reaper_b200_a0.5,studio_M1.wav,1.665079365079365,118.88222277756208,True,praat_disagreement
praat_reaper_b200_a0.5,studio_M1.wav,1.675079365079365,107.9845924636583,True,praat_disagreement
praat_reaper_b200_a0.5,studio_M1.wav,1.685079365079365,93.38750093286566,True,blend_agree
praat_reaper_b200_a0.5,studio_M1.wav,1.695079365079365,92.58395497686345,True,praat_disagreement
praat_reaper_b200_a0.5,studio_M1.wav,1.705079365079365,0.0,False,unvoiced
praat_reaper_b200_a0.5,studio_M1.wav,1.715079365079365,0.0,False,unvoiced
praat_reaper_b200_a0.5,studio_M1.wav,1.725079365079365,0.0,False,unvoiced
praat_reaper_b200_a0.5,studio_M1.wav,1.735079365079365,0.0,False,unvoiced
praat_reaper_b200_a0.5,studio_M1.wav,1.745079365079365,0.0,False,unvoiced
praat_reaper_b200_a0.5,studio_M1.wav,1.755079365079365,0.0,False,unvoiced
praat_reaper_b200_a0.5,studio_M1.wav,1.765079365079365,0.0,False,unvoiced
praat_reaper_b200_a0.5,studio_M1.wav,1.775079365079365,0.0,False,unvoiced
praat_reaper_b200_a0.5,studio_M1.wav,1.785079365079365,0.0,False,unvoiced
praat_reaper_b200_a0.5,studio_M1.wav,1.795079365079365,0.0,False,unvoiced
praat_reaper_b200_a0.5,studio_M1.wav,1.805079365079365,0.0,False,unvoiced
praat_reaper_b200_a0.5,studio_M1.wav,1.815079365079365,0.0,False,unvoiced
praat_reaper_b200_a0.5,studio_M1.wav,1.825079365079365,0.0,False,unvoiced
praat_reaper_b200_a0.5,studio_M1.wav,1.835079365079365,108.57470815969963,True,blend_agree
praat_reaper_b200_a0.5,studio_M1.wav,1.845079365079365,104.64077844131269,True,blend_agree
praat_reaper_b200_a0.5,studio_M1.wav,1.855079365079365,103.06944302413655,True,blend_agree
praat_reaper_b200_a0.5,studio_M1.wav,1.865079365079365,101.58551459452822,True,blend_agree
praat_reaper_b200_a0.5,studio_M1.wav,1.875079365079365,100.66680619219309,True,blend_agree
praat_reaper_b200_a0.5,studio_M1.wav,1.885079365079365,99.70952325719142,True,blend_agree
praat_reaper_b200_a0.5,studio_M1.wav,1.895079365079365,98.95830072717133,True,blend_agree
praat_reaper_b200_a0.5,studio_M1.wav,1.905079365079365,98.58994951889743,True,blend_agree
praat_reaper_b200_a0.5,studio_M1.wav,1.915079365079365,97.9550802790069,True,blend_agree
praat_reaper_b200_a0.5,studio_M1.wav,1.925079365079365,97.51506039625232,True,blend_agree
praat_reaper_b200_a0.5,studio_M1.wav,1.935079365079365,95.87715125036576,True,blend_agree
praat_reaper_b200_a0.5,studio_M1.wav,1.945079365079365,94.80399986628652,True,blend_agree
praat_reaper_b200_a0.5,studio_M1.wav,1.955079365079365,94.01345627869358,True,blend_agree
praat_reaper_b200_a0.5,studio_M1.wav,1.965079365079365,93.230798877657,True,blend_agree
praat_reaper_b200_a0.5,studio_M1.wav,1.975079365079365,92.80201235870655,True,blend_agree
praat_reaper_b200_a0.5,studio_M1.wav,1.985079365079365,92.1667724198629,True,blend_agree
praat_reaper_b200_a0.5,studio_M1.wav,1.995079365079365,90.64649273116494,True,blend_agree
praat_reaper_b200_a0.5,studio_M1.wav,2.005079365079365,89.94655874975892,True,blend_agree
praat_reaper_b200_a0.5,studio_M1.wav,2.015079365079365,89.55540446298771,True,praat_disagreement
praat_reaper_b200_a0.5,studio_M1.wav,2.025079365079365,89.10725805896571,True,blend_agree
praat_reaper_b200_a0.5,studio_M1.wav,2.035079365079365,87.19457204808027,True,blend_agree
praat_reaper_b200_a0.5,studio_M1.wav,2.045079365079365,88.47046989795676,True,blend_agree
praat_reaper_b200_a0.5,studio_M1.wav,2.055079365079366,0.0,False,unvoiced
praat_reaper_b200_a0.5,studio_M1.wav,2.065079365079365,0.0,False,unvoiced
praat_reaper_b200_a0.5,studio_M1.wav,2.075079365079365,0.0,False,unvoiced
praat_reaper_b200_a0.5,studio_M1.wav,2.085079365079365,0.0,False,unvoiced
praat_reaper_b200_a0.5,studio_M1.wav,2.095079365079365,0.0,False,unvoiced
praat_reaper_b200_a0.5,studio_M1.wav,2.105079365079365,0.0,False,unvoiced
praat_reaper_b200_a0.5,studio_M1.wav,2.115079365079365,0.0,False,unvoiced
praat_reaper_b200_a0.5,studio_M1.wav,2.125079365079365,0.0,False,unvoiced
praat_reaper_b200_a0.5,studio_M1.wav,2.135079365079365,0.0,False,unvoiced
praat_reaper_b200_a0.5,studio_M1.wav,2.145079365079365,0.0,False,unvoiced
praat_reaper_b200_a0.5,studio_M1.wav,2.155079365079365,0.0,False,unvoiced
praat_reaper_b200_a0.5,studio_M1.wav,2.165079365079365,0.0,False,unvoiced
praat_reaper_b200_a0.5,studio_M1.wav,2.175079365079365,0.0,False,unvoiced
praat_reaper_b200_a0.5,studio_M1.wav,2.185079365079365,0.0,False,unvoiced
praat_reaper_b200_a0.5,studio_M1.wav,2.195079365079365,0.0,False,unvoiced
praat_reaper_b200_a0.5,studio_M1.wav,2.205079365079365,0.0,False,unvoiced
praat_reaper_b200_a0.5,studio_M1.wav,2.215079365079365,0.0,False,unvoiced
praat_reaper_b200_a0.5,studio_M1.wav,2.225079365079365,0.0,False,unvoiced
praat_reaper_b200_a0.5,studio_M1.wav,2.235079365079365,0.0,False,unvoiced
praat_reaper_b200_a0.5,studio_M1.wav,2.245079365079365,0.0,False,unvoiced
praat_reaper_b200_a0.5,studio_M1.wav,2.255079365079365,0.0,False,unvoiced
praat_reaper_b200_a0.5,studio_M1.wav,2.265079365079365,0.0,False,unvoiced
praat_reaper_b200_a0.5,studio_M1.wav,2.275079365079365,0.0,False,unvoiced
praat_reaper_b200_a0.5,studio_M1.wav,2.285079365079365,0.0,False,unvoiced
praat_reaper_b200_a0.5,studio_M1.wav,2.295079365079365,0.0,False,unvoiced
praat_reaper_b200_a0.5,studio_M1.wav,2.305079365079366,0.0,False,unvoiced
praat_reaper_b200_a0.5,studio_M1.wav,2.315079365079365,0.0,False,unvoiced
praat_reaper_b200_a0.5,studio_M1.wav,2.325079365079366,0.0,False,unvoiced
praat_reaper_b200_a0.5,studio_M1.wav,2.335079365079365,0.0,False,unvoiced
praat_reaper_b200_a0.5,studio_M1.wav,2.345079365079365,0.0,False,unvoiced
praat_reaper_b200_a0.5,studio_M1.wav,2.355079365079365,0.0,False,unvoiced
praat_reaper_b200_a0.5,studio_M1.wav,2.365079365079365,0.0,False,unvoiced
praat_reaper_b200_a0.5,studio_M1.wav,2.375079365079365,0.0,False,unvoiced
praat_reaper_b200_a0.5,studio_M1.wav,2.385079365079365,0.0,False,unvoiced
praat_reaper_b200_a0.5,studio_M1.wav,2.395079365079365,0.0,False,unvoiced
praat_reaper_b200_a0.5,studio_M1.wav,2.405079365079365,0.0,False,unvoiced
praat_reaper_b200_a0.5,studio_M1.wav,2.415079365079365,0.0,False,unvoiced
praat_reaper_b200_a0.5,studio_M1.wav,2.425079365079365,0.0,False,unvoiced
praat_reaper_b200_a0.5,studio_M1.wav,2.435079365079365,0.0,False,unvoiced
praat_reaper_b200_a0.5,studio_M1.wav,2.445079365079365,0.0,False,unvoiced
praat_reaper_b200_a0.5,studio_M1.wav,2.455079365079365,0.0,False,unvoiced
praat_reaper_b200_a0.5,studio_M1.wav,2.465079365079365,0.0,False,unvoiced
praat_reaper_b200_a0.5,studio_M1.wav,2.475079365079365,0.0,False,unvoiced
praat_reaper_b200_a0.5,studio_M1.wav,2.485079365079365,0.0,False,unvoiced
praat_reaper_b200_a0.5,studio_M1.wav,2.495079365079365,0.0,False,unvoiced
praat_reaper_b200_a0.5,studio_M1.wav,2.505079365079365,0.0,False,unvoiced
praat_reaper_b200_a0.5,studio_M1.wav,2.515079365079365,0.0,False,unvoiced
praat_reaper_b200_a0.5,studio_M1.wav,2.525079365079365,0.0,False,unvoiced
praat_reaper_b200_a0.5,studio_M1.wav,2.535079365079365,0.0,False,unvoiced
praat_reaper_b200_a0.5,studio_M1.wav,2.545079365079365,0.0,False,unvoiced
praat_reaper_b200_a0.5,studio_M1.wav,2.555079365079366,0.0,False,unvoiced
praat_reaper_b200_a0.5,studio_M1.wav,2.565079365079365,0.0,False,unvoiced
praat_reaper_b200_a0.5,studio_M1.wav,2.575079365079366,0.0,False,unvoiced
praat_reaper_b200_a0.5,studio_M1.wav,2.585079365079365,0.0,False,unvoiced
praat_reaper_b200_a0.5,studio_M1.wav,2.595079365079365,0.0,False,unvoiced
praat_reaper_b200_a0.5,studio_M1.wav,2.605079365079365,0.0,False,unvoiced
praat_reaper_b200_a0.5,studio_M1.wav,2.615079365079365,0.0,False,unvoiced
praat_reaper_b200_a0.5,studio_M1.wav,2.625079365079365,0.0,False,unvoiced
praat_reaper_b200_a0.5,studio_M1.wav,2.635079365079365,0.0,False,unvoiced
praat_reaper_b200_a0.5,studio_M1.wav,2.645079365079365,0.0,False,unvoiced
praat_reaper_b200_a0.5,studio_M1.wav,2.655079365079365,0.0,False,unvoiced
praat_reaper_b200_a0.5,studio_M1.wav,2.665079365079365,0.0,False,unvoiced
praat_reaper_b200_a0.5,studio_M1.wav,2.675079365079365,0.0,False,unvoiced
praat_reaper_b200_a0.5,studio_M1.wav,2.685079365079365,0.0,False,unvoiced
praat_reaper_b200_a0.5,studio_M1.wav,2.695079365079365,0.0,False,unvoiced
praat_reaper_b200_a0.5,studio_M1.wav,2.705079365079365,0.0,False,unvoiced
praat_reaper_b200_a1,studio_M1.wav,0.025079365079365,0.0,False,unvoiced
praat_reaper_b200_a1,studio_M1.wav,0.035079365079365,0.0,False,unvoiced
praat_reaper_b200_a1,studio_M1.wav,0.045079365079365,0.0,False,unvoiced
praat_reaper_b200_a1,studio_M1.wav,0.055079365079365,0.0,False,unvoiced
praat_reaper_b200_a1,studio_M1.wav,0.065079365079365,0.0,False,unvoiced
praat_reaper_b200_a1,studio_M1.wav,0.075079365079365,0.0,False,unvoiced
praat_reaper_b200_a1,studio_M1.wav,0.085079365079365,0.0,False,unvoiced
praat_reaper_b200_a1,studio_M1.wav,0.095079365079365,0.0,False,unvoiced
praat_reaper_b200_a1,studio_M1.wav,0.105079365079365,0.0,False,unvoiced
praat_reaper_b200_a1,studio_M1.wav,0.115079365079365,0.0,False,unvoiced
praat_reaper_b200_a1,studio_M1.wav,0.125079365079365,0.0,False,unvoiced
praat_reaper_b200_a1,studio_M1.wav,0.135079365079365,0.0,False,unvoiced
praat_reaper_b200_a1,studio_M1.wav,0.145079365079365,0.0,False,unvoiced
praat_reaper_b200_a1,studio_M1.wav,0.155079365079365,0.0,False,unvoiced
praat_reaper_b200_a1,studio_M1.wav,0.165079365079365,0.0,False,unvoiced
praat_reaper_b200_a1,studio_M1.wav,0.175079365079365,0.0,False,unvoiced
praat_reaper_b200_a1,studio_M1.wav,0.185079365079365,0.0,False,unvoiced
praat_reaper_b200_a1,studio_M1.wav,0.195079365079365,0.0,False,unvoiced
praat_reaper_b200_a1,studio_M1.wav,0.205079365079365,0.0,False,unvoiced
praat_reaper_b200_a1,studio_M1.wav,0.215079365079365,0.0,False,unvoiced
praat_reaper_b200_a1,studio_M1.wav,0.225079365079365,0.0,False,unvoiced
praat_reaper_b200_a1,studio_M1.wav,0.235079365079365,0.0,False,unvoiced
praat_reaper_b200_a1,studio_M1.wav,0.245079365079365,0.0,False,unvoiced
praat_reaper_b200_a1,studio_M1.wav,0.255079365079365,0.0,False,unvoiced
praat_reaper_b200_a1,studio_M1.wav,0.265079365079365,0.0,False,unvoiced
praat_reaper_b200_a1,studio_M1.wav,0.275079365079365,0.0,False,unvoiced
praat_reaper_b200_a1,studio_M1.wav,0.285079365079365,0.0,False,unvoiced
praat_reaper_b200_a1,studio_M1.wav,0.295079365079365,0.0,False,unvoiced
praat_reaper_b200_a1,studio_M1.wav,0.305079365079365,0.0,False,unvoiced
praat_reaper_b200_a1,studio_M1.wav,0.315079365079365,0.0,False,unvoiced
praat_reaper_b200_a1,studio_M1.wav,0.325079365079365,0.0,False,unvoiced
praat_reaper_b200_a1,studio_M1.wav,0.335079365079365,0.0,False,unvoiced
praat_reaper_b200_a1,studio_M1.wav,0.345079365079365,0.0,False,unvoiced
praat_reaper_b200_a1,studio_M1.wav,0.355079365079365,0.0,False,unvoiced
praat_reaper_b200_a1,studio_M1.wav,0.365079365079365,0.0,False,unvoiced
praat_reaper_b200_a1,studio_M1.wav,0.375079365079365,0.0,False,unvoiced
praat_reaper_b200_a1,studio_M1.wav,0.385079365079365,0.0,False,unvoiced
praat_reaper_b200_a1,studio_M1.wav,0.395079365079365,0.0,False,unvoiced
praat_reaper_b200_a1,studio_M1.wav,0.405079365079365,0.0,False,unvoiced
praat_reaper_b200_a1,studio_M1.wav,0.415079365079365,0.0,False,unvoiced
praat_reaper_b200_a1,studio_M1.wav,0.425079365079365,0.0,False,unvoiced
praat_reaper_b200_a1,studio_M1.wav,0.435079365079365,0.0,False,unvoiced
praat_reaper_b200_a1,studio_M1.wav,0.445079365079365,0.0,False,unvoiced
praat_reaper_b200_a1,studio_M1.wav,0.455079365079365,0.0,False,unvoiced
praat_reaper_b200_a1,studio_M1.wav,0.465079365079365,0.0,False,unvoiced
praat_reaper_b200_a1,studio_M1.wav,0.475079365079365,0.0,False,unvoiced
praat_reaper_b200_a1,studio_M1.wav,0.485079365079365,0.0,False,unvoiced
praat_reaper_b200_a1,studio_M1.wav,0.495079365079365,0.0,False,unvoiced
praat_reaper_b200_a1,studio_M1.wav,0.505079365079365,0.0,False,unvoiced
praat_reaper_b200_a1,studio_M1.wav,0.515079365079365,0.0,False,unvoiced
praat_reaper_b200_a1,studio_M1.wav,0.525079365079365,0.0,False,unvoiced
praat_reaper_b200_a1,studio_M1.wav,0.535079365079365,0.0,False,unvoiced
praat_reaper_b200_a1,studio_M1.wav,0.545079365079365,0.0,False,unvoiced
praat_reaper_b200_a1,studio_M1.wav,0.555079365079365,0.0,False,unvoiced
praat_reaper_b200_a1,studio_M1.wav,0.565079365079365,0.0,False,unvoiced
praat_reaper_b200_a1,studio_M1.wav,0.575079365079365,0.0,False,unvoiced
praat_reaper_b200_a1,studio_M1.wav,0.585079365079365,0.0,False,unvoiced
praat_reaper_b200_a1,studio_M1.wav,0.595079365079365,0.0,False,unvoiced
praat_reaper_b200_a1,studio_M1.wav,0.605079365079365,0.0,False,unvoiced
praat_reaper_b200_a1,studio_M1.wav,0.615079365079365,0.0,False,unvoiced
praat_reaper_b200_a1,studio_M1.wav,0.625079365079365,0.0,False,unvoiced
praat_reaper_b200_a1,studio_M1.wav,0.635079365079365,0.0,False,unvoiced
praat_reaper_b200_a1,studio_M1.wav,0.645079365079365,0.0,False,unvoiced
praat_reaper_b200_a1,studio_M1.wav,0.655079365079365,0.0,False,unvoiced
praat_reaper_b200_a1,studio_M1.wav,0.665079365079365,0.0,False,unvoiced
praat_reaper_b200_a1,studio_M1.wav,0.675079365079365,0.0,False,unvoiced
praat_reaper_b200_a1,studio_M1.wav,0.685079365079365,0.0,False,unvoiced
praat_reaper_b200_a1,studio_M1.wav,0.695079365079365,0.0,False,unvoiced
praat_reaper_b200_a1,studio_M1.wav,0.705079365079365,0.0,False,unvoiced
praat_reaper_b200_a1,studio_M1.wav,0.715079365079365,0.0,False,unvoiced
praat_reaper_b200_a1,studio_M1.wav,0.725079365079365,0.0,False,unvoiced
praat_reaper_b200_a1,studio_M1.wav,0.735079365079365,0.0,False,unvoiced
praat_reaper_b200_a1,studio_M1.wav,0.745079365079365,0.0,False,unvoiced
praat_reaper_b200_a1,studio_M1.wav,0.755079365079365,0.0,False,unvoiced
praat_reaper_b200_a1,studio_M1.wav,0.765079365079365,0.0,False,unvoiced
praat_reaper_b200_a1,studio_M1.wav,0.775079365079365,0.0,False,unvoiced
praat_reaper_b200_a1,studio_M1.wav,0.785079365079365,0.0,False,unvoiced
praat_reaper_b200_a1,studio_M1.wav,0.795079365079365,0.0,False,unvoiced
praat_reaper_b200_a1,studio_M1.wav,0.805079365079365,0.0,False,unvoiced
praat_reaper_b200_a1,studio_M1.wav,0.815079365079365,0.0,False,unvoiced
praat_reaper_b200_a1,studio_M1.wav,0.825079365079365,0.0,False,unvoiced
praat_reaper_b200_a1,studio_M1.wav,0.835079365079365,0.0,False,unvoiced
praat_reaper_b200_a1,studio_M1.wav,0.845079365079365,0.0,False,unvoiced
praat_reaper_b200_a1,studio_M1.wav,0.855079365079365,0.0,False,unvoiced
praat_reaper_b200_a1,studio_M1.wav,0.865079365079365,0.0,False,unvoiced
praat_reaper_b200_a1,studio_M1.wav,0.875079365079365,0.0,False,unvoiced
praat_reaper_b200_a1,studio_M1.wav,0.885079365079365,0.0,False,unvoiced
praat_reaper_b200_a1,studio_M1.wav,0.895079365079365,0.0,False,unvoiced
praat_reaper_b200_a1,studio_M1.wav,0.905079365079365,0.0,False,unvoiced
praat_reaper_b200_a1,studio_M1.wav,0.915079365079365,0.0,False,unvoiced
praat_reaper_b200_a1,studio_M1.wav,0.925079365079365,159.78260803222656,True,reaper_agree
praat_reaper_b200_a1,studio_M1.wav,0.935079365079365,140.44586181640625,True,reaper_agree
praat_reaper_b200_a1,studio_M1.wav,0.945079365079365,135.2760772705078,True,reaper_agree
praat_reaper_b200_a1,studio_M1.wav,0.955079365079365,134.0425567626953,True,reaper_agree
praat_reaper_b200_a1,studio_M1.wav,0.965079365079365,133.63636779785156,True,reaper_agree
praat_reaper_b200_a1,studio_M1.wav,0.975079365079365,133.23263549804688,True,reaper_agree
praat_reaper_b200_a1,studio_M1.wav,0.985079365079365,129.3255157470703,True,reaper_agree
praat_reaper_b200_a1,studio_M1.wav,0.995079365079365,123.18435668945312,True,reaper_agree
praat_reaper_b200_a1,studio_M1.wav,1.005079365079365,120.49180603027344,True,reaper_agree
praat_reaper_b200_a1,studio_M1.wav,1.015079365079365,119.51219177246094,True,reaper_agree
praat_reaper_b200_a1,studio_M1.wav,1.025079365079365,118.86792755126953,True,reaper_agree
praat_reaper_b200_a1,studio_M1.wav,1.035079365079365,117.91443634033203,True,reaper_agree
praat_reaper_b200_a1,studio_M1.wav,1.045079365079365,118.23056030273438,True,reaper_agree
praat_reaper_b200_a1,studio_M1.wav,1.055079365079365,116.97612762451172,True,reaper_agree
praat_reaper_b200_a1,studio_M1.wav,1.065079365079365,116.35884094238281,True,reaper_agree
praat_reaper_b200_a1,studio_M1.wav,1.075079365079365,115.74803161621094,True,reaper_agree
praat_reaper_b200_a1,studio_M1.wav,1.085079365079365,117.91443634033203,True,reaper_agree
praat_reaper_b200_a1,studio_M1.wav,1.095079365079365,131.25,True,reaper_agree
praat_reaper_b200_a1,studio_M1.wav,1.105079365079365,132.83132934570312,True,reaper_agree
praat_reaper_b200_a1,studio_M1.wav,1.115079365079365,136.11111450195312,True,reaper_agree
praat_reaper_b200_a1,studio_M1.wav,1.125079365079365,136.53250122070312,True,reaper_agree
praat_reaper_b200_a1,studio_M1.wav,1.135079365079365,140.89456176757812,True,reaper_agree
praat_reaper_b200_a1,studio_M1.wav,1.145079365079365,143.18182373046875,True,reaper_agree
praat_reaper_b200_a1,studio_M1.wav,1.155079365079365,138.2445068359375,True,reaper_agree
praat_reaper_b200_a1,studio_M1.wav,1.165079365079365,144.5901641845703,True,reaper_agree
praat_reaper_b200_a1,studio_M1.wav,1.175079365079365,142.08245746002424,True,praat_disagreement
praat_reaper_b200_a1,studio_M1.wav,1.185079365079365,0.0,False,unvoiced
praat_reaper_b200_a1,studio_M1.wav,1.195079365079365,0.0,False,unvoiced
praat_reaper_b200_a1,studio_M1.wav,1.205079365079365,160.36363220214844,True,reaper_agree
praat_reaper_b200_a1,studio_M1.wav,1.215079365079365,169.61538696289062,True,reaper_agree
praat_reaper_b200_a1,studio_M1.wav,1.225079365079365,174.3083038330078,True,reaper_agree
praat_reaper_b200_a1,studio_M1.wav,1.235079365079365,175.0,True,reaper_agree
praat_reaper_b200_a1,studio_M1.wav,1.245079365079365,173.62203979492188,True,reaper_agree
praat_reaper_b200_a1,studio_M1.wav,1.255079365079365,157.5,True,reaper_agree
praat_reaper_b200_a1,studio_M1.wav,1.265079365079365,181.48147583007812,True,reaper_agree
praat_reaper_b200_a1,studio_M1.wav,1.275079365079365,0.0,False,unvoiced
praat_reaper_b200_a1,studio_M1.wav,1.285079365079365,0.0,False,unvoiced
praat_reaper_b200_a1,studio_M1.wav,1.295079365079365,0.0,False,unvoiced
praat_reaper_b200_a1,studio_M1.wav,1.305079365079365,0.0,False,unvoiced
praat_reaper_b200_a1,studio_M1.wav,1.315079365079365,0.0,False,unvoiced
praat_reaper_b200_a1,studio_M1.wav,1.325079365079365,170.40478146397152,True,praat_missing
praat_reaper_b200_a1,studio_M1.wav,1.335079365079365,146.0264892578125,True,reaper_agree
praat_reaper_b200_a1,studio_M1.wav,1.345079365079365,136.53250122070312,True,reaper_agree
praat_reaper_b200_a1,studio_M1.wav,1.355079365079365,134.96995912999708,True,praat_disagreement
praat_reaper_b200_a1,studio_M1.wav,1.365079365079365,113.36760711669922,True,reaper_agree
praat_reaper_b200_a1,studio_M1.wav,1.375079365079365,107.29927062988281,True,reaper_agree
praat_reaper_b200_a1,studio_M1.wav,1.385079365079365,103.2786865234375,True,reaper_agree
praat_reaper_b200_a1,studio_M1.wav,1.395079365079365,100.91532897949219,True,reaper_agree
praat_reaper_b200_a1,studio_M1.wav,1.405079365079365,99.77375793457031,True,reaper_agree
praat_reaper_b200_a1,studio_M1.wav,1.415079365079365,98.65771484375,True,reaper_agree
praat_reaper_b200_a1,studio_M1.wav,1.425079365079365,91.68399047851562,True,reaper_agree
praat_reaper_b200_a1,studio_M1.wav,1.435079365079365,91.3043441772461,True,reaper_agree
praat_reaper_b200_a1,studio_M1.wav,1.445079365079365,92.84210205078125,True,reaper_agree
praat_reaper_b200_a1,studio_M1.wav,1.455079365079365,94.23076629638672,True,reaper_agree
praat_reaper_b200_a1,studio_M1.wav,1.465079365079365,95.04310607910156,True,reaper_agree
praat_reaper_b200_a1,studio_M1.wav,1.475079365079365,97.56636810302734,True,reaper_agree
praat_reaper_b200_a1,studio_M1.wav,1.485079365079365,99.32432556152344,True,reaper_agree
praat_reaper_b200_a1,studio_M1.wav,1.495079365079365,97.13656616210938,True,reaper_agree
praat_reaper_b200_a1,studio_M1.wav,1.505079365079365,96.07843017578125,True,reaper_agree
praat_reaper_b200_a1,studio_M1.wav,1.515079365079365,95.24838256835938,True,reaper_agree
praat_reaper_b200_a1,studio_M1.wav,1.525079365079365,94.63519287109375,True,reaper_agree
praat_reaper_b200_a1,studio_M1.wav,1.535079365079365,94.63519287109375,True,reaper_agree
praat_reaper_b200_a1,studio_M1.wav,1.545079365079365,90.0,True,reaper_agree
praat_reaper_b200_a1,studio_M1.wav,1.555079365079365,92.06680297851562,True,reaper_agree
praat_reaper_b200_a1,studio_M1.wav,1.565079365079365,92.06680297851562,True,reaper_agree
praat_reaper_b200_a1,studio_M1.wav,1.575079365079365,92.58507576635574,True,praat_disagreement
praat_reaper_b200_a1,studio_M1.wav,1.585079365079365,0.0,False,unvoiced
praat_reaper_b200_a1,studio_M1.wav,1.595079365079365,0.0,False,unvoiced
praat_reaper_b200_a1,studio_M1.wav,1.605079365079365,0.0,False,unvoiced
praat_reaper_b200_a1,studio_M1.wav,1.615079365079365,0.0,False,unvoiced
praat_reaper_b200_a1,studio_M1.wav,1.625079365079365,0.0,False,unvoiced
praat_reaper_b200_a1,studio_M1.wav,1.635079365079365,0.0,False,unvoiced
praat_reaper_b200_a1,studio_M1.wav,1.645079365079365,0.0,False,unvoiced
praat_reaper_b200_a1,studio_M1.wav,1.655079365079365,0.0,False,unvoiced
praat_reaper_b200_a1,studio_M1.wav,1.665079365079365,118.88222277756208,True,praat_disagreement
praat_reaper_b200_a1,studio_M1.wav,1.675079365079365,107.9845924636583,True,praat_disagreement
praat_reaper_b200_a1,studio_M1.wav,1.685079365079365,92.45282745361328,True,reaper_agree
praat_reaper_b200_a1,studio_M1.wav,1.695079365079365,92.58395497686345,True,praat_disagreement
praat_reaper_b200_a1,studio_M1.wav,1.705079365079365,0.0,False,unvoiced
praat_reaper_b200_a1,studio_M1.wav,1.715079365079365,0.0,False,unvoiced
praat_reaper_b200_a1,studio_M1.wav,1.725079365079365,0.0,False,unvoiced
praat_reaper_b200_a1,studio_M1.wav,1.735079365079365,0.0,False,unvoiced
praat_reaper_b200_a1,studio_M1.wav,1.745079365079365,0.0,False,unvoiced
praat_reaper_b200_a1,studio_M1.wav,1.755079365079365,0.0,False,unvoiced
praat_reaper_b200_a1,studio_M1.wav,1.765079365079365,0.0,False,unvoiced
praat_reaper_b200_a1,studio_M1.wav,1.775079365079365,0.0,False,unvoiced
praat_reaper_b200_a1,studio_M1.wav,1.785079365079365,0.0,False,unvoiced
praat_reaper_b200_a1,studio_M1.wav,1.795079365079365,0.0,False,unvoiced
praat_reaper_b200_a1,studio_M1.wav,1.805079365079365,0.0,False,unvoiced
praat_reaper_b200_a1,studio_M1.wav,1.815079365079365,0.0,False,unvoiced
praat_reaper_b200_a1,studio_M1.wav,1.825079365079365,0.0,False,unvoiced
praat_reaper_b200_a1,studio_M1.wav,1.835079365079365,104.75059509277344,True,reaper_agree
praat_reaper_b200_a1,studio_M1.wav,1.845079365079365,103.76470947265625,True,reaper_agree
praat_reaper_b200_a1,studio_M1.wav,1.855079365079365,102.32018280029297,True,reaper_agree
praat_reaper_b200_a1,studio_M1.wav,1.865079365079365,100.91532897949219,True,reaper_agree
praat_reaper_b200_a1,studio_M1.wav,1.875079365079365,100.2272720336914,True,reaper_agree
praat_reaper_b200_a1,studio_M1.wav,1.885079365079365,99.10111999511719,True,reaper_agree
praat_reaper_b200_a1,studio_M1.wav,1.895079365079365,98.4375,True,reaper_agree
praat_reaper_b200_a1,studio_M1.wav,1.905079365079365,98.21826171875,True,reaper_agree
praat_reaper_b200_a1,studio_M1.wav,1.915079365079365,97.78270721435547,True,reaper_agree
praat_reaper_b200_a1,studio_M1.wav,1.925079365079365,97.35099029541016,True,reaper_agree
praat_reaper_b200_a1,studio_M1.wav,1.935079365079365,95.04310607910156,True,reaper_agree
praat_reaper_b200_a1,studio_M1.wav,1.945079365079365,94.43254852294922,True,reaper_agree
praat_reaper_b200_a1,studio_M1.wav,1.955079365079365,93.82978820800781,True,reaper_agree
praat_reaper_b200_a1,studio_M1.wav,1.965079365079365,93.03797149658203,True,reaper_agree
praat_reaper_b200_a1,studio_M1.wav,1.975079365079365,92.64705657958984,True,reaper_agree
praat_reaper_b200_a1,studio_M1.wav,1.985079365079365,91.875,True,reaper_agree
praat_reaper_b200_a1,studio_M1.wav,1.995079365079365,89.81670379638672,True,reaper_agree
praat_reaper_b200_a1,studio_M1.wav,2.005079365079365,89.27125549316406,True,reaper_agree
praat_reaper_b200_a1,studio_M1.wav,2.015079365079365,89.55540446298771,True,praat_disagreement
praat_reaper_b200_a1,studio_M1.wav,2.025079365079365,89.27125549316406,True,reaper_agree
praat_reaper_b200_a1,studio_M1.wav,2.035079365079365,86.81101989746094,True,reaper_agree
praat_reaper_b200_a1,studio_M1.wav,2.045079365079365,86.81101989746094,True,reaper_agree
praat_reaper_b200_a1,studio_M1.wav,2.055079365079366,0.0,False,unvoiced
praat_reaper_b200_a1,studio_M1.wav,2.065079365079365,0.0,False,unvoiced
praat_reaper_b200_a1,studio_M1.wav,2.075079365079365,0.0,False,unvoiced
praat_reaper_b200_a1,studio_M1.wav,2.085079365079365,0.0,False,unvoiced
praat_reaper_b200_a1,studio_M1.wav,2.095079365079365,0.0,False,unvoiced
praat_reaper_b200_a1,studio_M1.wav,2.105079365079365,0.0,False,unvoiced
praat_reaper_b200_a1,studio_M1.wav,2.115079365079365,0.0,False,unvoiced
praat_reaper_b200_a1,studio_M1.wav,2.125079365079365,0.0,False,unvoiced
praat_reaper_b200_a1,studio_M1.wav,2.135079365079365,0.0,False,unvoiced
praat_reaper_b200_a1,studio_M1.wav,2.145079365079365,0.0,False,unvoiced
praat_reaper_b200_a1,studio_M1.wav,2.155079365079365,0.0,False,unvoiced
praat_reaper_b200_a1,studio_M1.wav,2.165079365079365,0.0,False,unvoiced
praat_reaper_b200_a1,studio_M1.wav,2.175079365079365,0.0,False,unvoiced
praat_reaper_b200_a1,studio_M1.wav,2.185079365079365,0.0,False,unvoiced
praat_reaper_b200_a1,studio_M1.wav,2.195079365079365,0.0,False,unvoiced
praat_reaper_b200_a1,studio_M1.wav,2.205079365079365,0.0,False,unvoiced
praat_reaper_b200_a1,studio_M1.wav,2.215079365079365,0.0,False,unvoiced
praat_reaper_b200_a1,studio_M1.wav,2.225079365079365,0.0,False,unvoiced
praat_reaper_b200_a1,studio_M1.wav,2.235079365079365,0.0,False,unvoiced
praat_reaper_b200_a1,studio_M1.wav,2.245079365079365,0.0,False,unvoiced
praat_reaper_b200_a1,studio_M1.wav,2.255079365079365,0.0,False,unvoiced
praat_reaper_b200_a1,studio_M1.wav,2.265079365079365,0.0,False,unvoiced
praat_reaper_b200_a1,studio_M1.wav,2.275079365079365,0.0,False,unvoiced
praat_reaper_b200_a1,studio_M1.wav,2.285079365079365,0.0,False,unvoiced
praat_reaper_b200_a1,studio_M1.wav,2.295079365079365,0.0,False,unvoiced
praat_reaper_b200_a1,studio_M1.wav,2.305079365079366,0.0,False,unvoiced
praat_reaper_b200_a1,studio_M1.wav,2.315079365079365,0.0,False,unvoiced
praat_reaper_b200_a1,studio_M1.wav,2.325079365079366,0.0,False,unvoiced
praat_reaper_b200_a1,studio_M1.wav,2.335079365079365,0.0,False,unvoiced
praat_reaper_b200_a1,studio_M1.wav,2.345079365079365,0.0,False,unvoiced
praat_reaper_b200_a1,studio_M1.wav,2.355079365079365,0.0,False,unvoiced
praat_reaper_b200_a1,studio_M1.wav,2.365079365079365,0.0,False,unvoiced
praat_reaper_b200_a1,studio_M1.wav,2.375079365079365,0.0,False,unvoiced
praat_reaper_b200_a1,studio_M1.wav,2.385079365079365,0.0,False,unvoiced
praat_reaper_b200_a1,studio_M1.wav,2.395079365079365,0.0,False,unvoiced
praat_reaper_b200_a1,studio_M1.wav,2.405079365079365,0.0,False,unvoiced
praat_reaper_b200_a1,studio_M1.wav,2.415079365079365,0.0,False,unvoiced
praat_reaper_b200_a1,studio_M1.wav,2.425079365079365,0.0,False,unvoiced
praat_reaper_b200_a1,studio_M1.wav,2.435079365079365,0.0,False,unvoiced
praat_reaper_b200_a1,studio_M1.wav,2.445079365079365,0.0,False,unvoiced
praat_reaper_b200_a1,studio_M1.wav,2.455079365079365,0.0,False,unvoiced
praat_reaper_b200_a1,studio_M1.wav,2.465079365079365,0.0,False,unvoiced
praat_reaper_b200_a1,studio_M1.wav,2.475079365079365,0.0,False,unvoiced
praat_reaper_b200_a1,studio_M1.wav,2.485079365079365,0.0,False,unvoiced
praat_reaper_b200_a1,studio_M1.wav,2.495079365079365,0.0,False,unvoiced
praat_reaper_b200_a1,studio_M1.wav,2.505079365079365,0.0,False,unvoiced
praat_reaper_b200_a1,studio_M1.wav,2.515079365079365,0.0,False,unvoiced
praat_reaper_b200_a1,studio_M1.wav,2.525079365079365,0.0,False,unvoiced
praat_reaper_b200_a1,studio_M1.wav,2.535079365079365,0.0,False,unvoiced
praat_reaper_b200_a1,studio_M1.wav,2.545079365079365,0.0,False,unvoiced
praat_reaper_b200_a1,studio_M1.wav,2.555079365079366,0.0,False,unvoiced
praat_reaper_b200_a1,studio_M1.wav,2.565079365079365,0.0,False,unvoiced
praat_reaper_b200_a1,studio_M1.wav,2.575079365079366,0.0,False,unvoiced
praat_reaper_b200_a1,studio_M1.wav,2.585079365079365,0.0,False,unvoiced
praat_reaper_b200_a1,studio_M1.wav,2.595079365079365,0.0,False,unvoiced
praat_reaper_b200_a1,studio_M1.wav,2.605079365079365,0.0,False,unvoiced
praat_reaper_b200_a1,studio_M1.wav,2.615079365079365,0.0,False,unvoiced
praat_reaper_b200_a1,studio_M1.wav,2.625079365079365,0.0,False,unvoiced
praat_reaper_b200_a1,studio_M1.wav,2.635079365079365,0.0,False,unvoiced
praat_reaper_b200_a1,studio_M1.wav,2.645079365079365,0.0,False,unvoiced
praat_reaper_b200_a1,studio_M1.wav,2.655079365079365,0.0,False,unvoiced
praat_reaper_b200_a1,studio_M1.wav,2.665079365079365,0.0,False,unvoiced
praat_reaper_b200_a1,studio_M1.wav,2.675079365079365,0.0,False,unvoiced
praat_reaper_b200_a1,studio_M1.wav,2.685079365079365,0.0,False,unvoiced
praat_reaper_b200_a1,studio_M1.wav,2.695079365079365,0.0,False,unvoiced
praat_reaper_b200_a1,studio_M1.wav,2.705079365079365,0.0,False,unvoiced
