model,file,time_s,label,boundary,pred_voiced,f0_hz,support
accepted,phone_F1.wav,0.0125,sil,False,False,,False
accepted,phone_F1.wav,0.0225,sil,False,False,,True
accepted,phone_F1.wav,0.0325,sil,False,False,,True
accepted,phone_F1.wav,0.0425,sil,False,False,,True
accepted,phone_F1.wav,0.0525,sil,False,False,,True
accepted,phone_F1.wav,0.0625,sil,False,False,,True
accepted,phone_F1.wav,0.0725,sil,False,False,,True
accepted,phone_F1.wav,0.0825,sil,False,False,,True
accepted,phone_F1.wav,0.0925,sil,False,False,,True
accepted,phone_F1.wav,0.1025,sil,False,False,,True
accepted,phone_F1.wav,0.1125,sil,False,False,,True
accepted,phone_F1.wav,0.1225,sil,False,False,,True
accepted,phone_F1.wav,0.1325,sil,False,False,,True
accepted,phone_F1.wav,0.1425,sil,False,False,,True
accepted,phone_F1.wav,0.1525,sil,False,False,,True
accepted,phone_F1.wav,0.1625,sil,False,False,,True
accepted,phone_F1.wav,0.1725,sil,False,False,,True
accepted,phone_F1.wav,0.1825,sil,False,False,,True
accepted,phone_F1.wav,0.1925,sil,False,False,,True
accepted,phone_F1.wav,0.2025,sil,False,False,,True
accepted,phone_F1.wav,0.2125,sil,False,False,,True
accepted,phone_F1.wav,0.2225,sil,False,False,,True
accepted,phone_F1.wav,0.2325,sil,False,False,,True
accepted,phone_F1.wav,0.2425,sil,False,False,,True
accepted,phone_F1.wav,0.2525,sil,False,False,,True
accepted,phone_F1.wav,0.2625,sil,False,False,,True
accepted,phone_F1.wav,0.2725,sil,False,False,,True
accepted,phone_F1.wav,0.2825,sil,False,False,,True
accepted,phone_F1.wav,0.2925,sil,False,False,,True
accepted,phone_F1.wav,0.3025,sil,False,False,,True
accepted,phone_F1.wav,0.3125,sil,False,False,,True
accepted,phone_F1.wav,0.3225,sil,False,False,,True
accepted,phone_F1.wav,0.3325,sil,False,False,,True
accepted,phone_F1.wav,0.3425,sil,False,False,,True
accepted,phone_F1.wav,0.3525,sil,False,False,,True
accepted,phone_F1.wav,0.3625,sil,False,False,,True
accepted,phone_F1.wav,0.3725,sil,False,False,,True
accepted,phone_F1.wav,0.3825,sil,False,False,,True
accepted,phone_F1.wav,0.3925,sil,False,False,,True
accepted,phone_F1.wav,0.4025,sil,False,False,,True
accepted,phone_F1.wav,0.4125,sil,False,False,,True
accepted,phone_F1.wav,0.4225,sil,False,False,,True
accepted,phone_F1.wav,0.4325,sil,False,False,,True
accepted,phone_F1.wav,0.4425,sil,False,False,,True
accepted,phone_F1.wav,0.4525,sil,False,False,,True
accepted,phone_F1.wav,0.4625,sil,False,False,,True
accepted,phone_F1.wav,0.4725,sil,False,False,,True
accepted,phone_F1.wav,0.4825,sil,False,False,,True
accepted,phone_F1.wav,0.4925,sil,False,False,,True
accepted,phone_F1.wav,0.5025,sil,False,False,,True
accepted,phone_F1.wav,0.5125,sil,False,False,,True
accepted,phone_F1.wav,0.5225,sil,True,False,,True
accepted,phone_F1.wav,0.5325,v,True,False,,True
accepted,phone_F1.wav,0.5425,v,True,True,224.0735160407899,True
accepted,phone_F1.wav,0.5525,v,False,True,223.5047031875168,True
accepted,phone_F1.wav,0.5625,v,False,True,219.08533742449825,True
accepted,phone_F1.wav,0.5725,v,False,True,217.38044082588976,True
accepted,phone_F1.wav,0.5825,v,False,True,218.4453788161298,True
accepted,phone_F1.wav,0.5925,v,False,True,218.12580709083696,True
accepted,phone_F1.wav,0.6025,v,False,True,218.47097952418827,True
accepted,phone_F1.wav,0.6125,v,False,True,219.9949444042771,True
accepted,phone_F1.wav,0.6225,v,False,True,223.8658883716753,True
accepted,phone_F1.wav,0.6325,v,False,True,227.83927652274312,True
accepted,phone_F1.wav,0.6425,v,False,True,231.81439445718203,True
accepted,phone_F1.wav,0.6525,v,False,True,233.28344188725552,True
accepted,phone_F1.wav,0.6625,v,False,True,231.23276017556924,True
accepted,phone_F1.wav,0.6725,v,False,True,228.61835659767152,True
accepted,phone_F1.wav,0.6825,v,False,True,229.05522300836327,True
accepted,phone_F1.wav,0.6925,v,False,True,229.73121869293516,True
accepted,phone_F1.wav,0.7025,v,False,True,230.49637853904616,True
accepted,phone_F1.wav,0.7125,v,False,True,231.39074213424632,True
accepted,phone_F1.wav,0.7225,v,False,True,232.3007754838184,True
accepted,phone_F1.wav,0.7325,v,False,True,231.5889785727706,True
accepted,phone_F1.wav,0.7425,v,False,True,229.01966098570165,True
accepted,phone_F1.wav,0.7525,v,False,True,234.37896978375767,True
accepted,phone_F1.wav,0.7625,v,False,True,232.4005588830252,True
accepted,phone_F1.wav,0.7725,v,False,True,229.004036395166,True
accepted,phone_F1.wav,0.7825,v,False,True,224.680292569356,True
accepted,phone_F1.wav,0.7925,v,False,True,218.62643558513463,True
accepted,phone_F1.wav,0.8025,v,False,True,223.4546760399243,True
accepted,phone_F1.wav,0.8125,v,False,True,234.50381398329563,True
accepted,phone_F1.wav,0.8225,v,False,True,235.0037756215252,True
accepted,phone_F1.wav,0.8325,v,False,True,236.8898087703165,True
accepted,phone_F1.wav,0.8425,v,False,True,238.68072314149688,True
accepted,phone_F1.wav,0.8525,v,False,True,241.24100670885664,True
accepted,phone_F1.wav,0.8625,v,False,True,242.72893552402408,True
accepted,phone_F1.wav,0.8725,v,False,True,242.42228471177407,True
accepted,phone_F1.wav,0.8825,v,False,True,245.32226796354675,True
accepted,phone_F1.wav,0.8925,v,False,True,249.42482053093804,True
accepted,phone_F1.wav,0.9025,v,False,True,249.32454393088483,True
accepted,phone_F1.wav,0.9125,v,False,True,248.15889946144287,True
accepted,phone_F1.wav,0.9225,v,False,True,246.5094090848584,True
accepted,phone_F1.wav,0.9325,v,False,True,244.7238030658125,True
accepted,phone_F1.wav,0.9425,v,False,True,243.0041515869096,True
accepted,phone_F1.wav,0.9525,v,False,True,239.0434658148308,True
accepted,phone_F1.wav,0.9625,v,False,True,233.12917693537528,True
accepted,phone_F1.wav,0.9725,v,False,True,223.4978511308196,True
accepted,phone_F1.wav,0.9825,v,False,True,209.86422912660703,True
accepted,phone_F1.wav,0.9925,v,False,True,231.30374990712784,True
accepted,phone_F1.wav,1.0025,v,False,True,236.35309989248285,True
accepted,phone_F1.wav,1.0125,v,False,True,236.78989711816473,True
accepted,phone_F1.wav,1.0225,v,False,True,234.19323316888696,True
accepted,phone_F1.wav,1.0325,v,False,True,228.73026663364143,True
accepted,phone_F1.wav,1.0425,v,False,True,225.91259219924547,True
accepted,phone_F1.wav,1.0525,v,False,True,224.9377766202344,True
accepted,phone_F1.wav,1.0625,v,False,True,227.0078322548543,True
accepted,phone_F1.wav,1.0725,v,False,True,234.94690459071697,True
accepted,phone_F1.wav,1.0825,v,False,True,238.69580959530072,True
accepted,phone_F1.wav,1.0925,v,False,True,246.27730144819012,True
accepted,phone_F1.wav,1.1025,v,False,True,247.01504819642824,True
accepted,phone_F1.wav,1.1125,v,False,True,245.31828606320056,True
accepted,phone_F1.wav,1.1225,v,False,True,241.8015161582236,True
accepted,phone_F1.wav,1.1325,v,True,True,237.377532865565,True
accepted,phone_F1.wav,1.1425,uv,True,False,,True
accepted,phone_F1.wav,1.1525,uv,False,False,,True
accepted,phone_F1.wav,1.1625,uv,False,False,,True
accepted,phone_F1.wav,1.1725,uv,False,False,,True
accepted,phone_F1.wav,1.1825,uv,False,False,,True
accepted,phone_F1.wav,1.1925,uv,False,False,,True
accepted,phone_F1.wav,1.2025,uv,True,False,,True
accepted,phone_F1.wav,1.2125,v,True,True,225.9302604632008,True
accepted,phone_F1.wav,1.2225,v,True,True,205.16599655586484,True
accepted,phone_F1.wav,1.2325,v,False,True,193.23451661858152,True
accepted,phone_F1.wav,1.2425,v,False,True,185.41064621725295,True
accepted,phone_F1.wav,1.2525,v,False,True,181.75104632315953,True
accepted,phone_F1.wav,1.2625,v,False,True,179.02903792740452,True
accepted,phone_F1.wav,1.2725,v,False,True,178.69812224206308,True
accepted,phone_F1.wav,1.2825,v,False,True,180.1207554363798,True
accepted,phone_F1.wav,1.2925,v,False,True,181.54739135191232,True
accepted,phone_F1.wav,1.3025,v,False,True,182.8775156996046,True
accepted,phone_F1.wav,1.3125,v,False,True,182.6919724891718,True
accepted,phone_F1.wav,1.3225,v,False,True,181.81063386147,True
accepted,phone_F1.wav,1.3325,v,False,True,179.07714752164327,True
accepted,phone_F1.wav,1.3425,v,True,True,171.9203815176599,True
accepted,phone_F1.wav,1.3525,uv,True,False,,True
accepted,phone_F1.wav,1.3625,uv,True,False,,True
accepted,phone_F1.wav,1.3725,uv,False,False,,True
accepted,phone_F1.wav,1.3825,uv,False,False,,True
accepted,phone_F1.wav,1.3925,uv,False,False,,True
accepted,phone_F1.wav,1.4025,uv,False,False,,True
accepted,phone_F1.wav,1.4125,uv,False,False,,True
accepted,phone_F1.wav,1.4225,uv,False,False,,True
accepted,phone_F1.wav,1.4325,uv,False,False,,True
accepted,phone_F1.wav,1.4425,uv,True,False,,True
accepted,phone_F1.wav,1.4525,v,True,True,225.84050501764787,True
accepted,phone_F1.wav,1.4625,v,True,True,216.16687122168972,True
accepted,phone_F1.wav,1.4725,v,False,True,207.13198865110067,True
accepted,phone_F1.wav,1.4825,v,False,True,201.5678319411472,True
accepted,phone_F1.wav,1.4925,v,False,True,198.4866024900381,True
accepted,phone_F1.wav,1.5025,v,False,True,196.46836900403767,True
accepted,phone_F1.wav,1.5125,v,False,True,195.30550007484865,True
accepted,phone_F1.wav,1.5225,v,False,True,193.8467756689604,True
accepted,phone_F1.wav,1.5325,v,False,True,192.51906515955352,True
accepted,phone_F1.wav,1.5425,v,False,True,191.2327264028168,True
accepted,phone_F1.wav,1.5525,v,False,True,189.40585504503025,True
accepted,phone_F1.wav,1.5625,v,False,True,187.46463151182624,True
accepted,phone_F1.wav,1.5725,v,False,True,187.11741360156375,True
accepted,phone_F1.wav,1.5825,v,False,True,197.70368817349527,True
accepted,phone_F1.wav,1.5925,v,True,True,227.3075094072663,True
accepted,phone_F1.wav,1.6025,uv,True,True,247.8394397434645,True
accepted,phone_F1.wav,1.6125,uv,True,True,229.95963962648997,True
accepted,phone_F1.wav,1.6225,uv,False,False,,True
accepted,phone_F1.wav,1.6325,uv,False,False,,True
accepted,phone_F1.wav,1.6425,uv,False,False,,True
accepted,phone_F1.wav,1.6525,uv,False,False,,True
accepted,phone_F1.wav,1.6625,uv,False,False,,True
accepted,phone_F1.wav,1.6725,uv,False,False,,True
accepted,phone_F1.wav,1.6825,uv,False,False,,True
accepted,phone_F1.wav,1.6925,uv,False,False,,True
accepted,phone_F1.wav,1.7025,uv,False,False,,True
accepted,phone_F1.wav,1.7125,uv,False,False,,True
accepted,phone_F1.wav,1.7225,uv,False,False,,True
accepted,phone_F1.wav,1.7325,uv,False,False,,True
accepted,phone_F1.wav,1.7425,uv,False,False,,True
accepted,phone_F1.wav,1.7525,uv,False,False,,True
accepted,phone_F1.wav,1.7625,uv,False,False,,True
accepted,phone_F1.wav,1.7725,uv,False,False,,True
accepted,phone_F1.wav,1.7825,uv,False,False,,True
accepted,phone_F1.wav,1.7925,uv,False,False,,True
accepted,phone_F1.wav,1.8025,uv,False,False,,True
accepted,phone_F1.wav,1.8125,uv,False,False,,True
accepted,phone_F1.wav,1.8225,uv,True,False,,True
accepted,phone_F1.wav,1.8325,v,True,True,225.7173191107258,True
accepted,phone_F1.wav,1.8425,v,True,True,217.90010520086597,True
accepted,phone_F1.wav,1.8525,v,False,False,,True
accepted,phone_F1.wav,1.8625,v,False,False,,True
accepted,phone_F1.wav,1.8725,v,False,False,,True
accepted,phone_F1.wav,1.8825,v,False,False,,True
accepted,phone_F1.wav,1.8925,v,False,False,,True
accepted,phone_F1.wav,1.9025,v,False,False,,True
accepted,phone_F1.wav,1.9125,v,False,True,218.50843271552583,True
accepted,phone_F1.wav,1.9225,v,False,True,221.90795087831012,True
accepted,phone_F1.wav,1.9325,v,False,True,224.1671115611526,True
accepted,phone_F1.wav,1.9425,v,False,True,224.14527164198728,True
accepted,phone_F1.wav,1.9525,v,False,True,223.42489870255767,True
accepted,phone_F1.wav,1.9625,v,False,True,222.3498108139556,True
accepted,phone_F1.wav,1.9725,v,False,True,221.00794083226455,True
accepted,phone_F1.wav,1.9825,v,False,True,219.6631445814022,True
accepted,phone_F1.wav,1.9925,v,False,True,218.28731098915657,True
accepted,phone_F1.wav,2.0025,v,False,True,215.90997857388297,True
accepted,phone_F1.wav,2.0125,v,False,True,213.03105986317743,True
accepted,phone_F1.wav,2.0225,v,False,True,210.0731989820826,True
accepted,phone_F1.wav,2.0325,v,False,True,201.18276128647753,True
accepted,phone_F1.wav,2.0425,v,False,True,189.39707657060265,True
accepted,phone_F1.wav,2.0525,v,False,True,189.3830834419815,True
accepted,phone_F1.wav,2.0625,v,False,True,189.75752014892143,True
accepted,phone_F1.wav,2.0725,v,False,True,196.31979870715543,True
accepted,phone_F1.wav,2.0825,v,False,True,204.6340817153744,True
accepted,phone_F1.wav,2.0925,v,False,True,202.97721606419117,True
accepted,phone_F1.wav,2.1025,v,False,True,201.375236050317,True
accepted,phone_F1.wav,2.1125,v,False,True,200.14788544338265,True
accepted,phone_F1.wav,2.1225,v,False,True,198.78459429423904,True
accepted,phone_F1.wav,2.1325,v,False,True,197.22883050601476,True
accepted,phone_F1.wav,2.1425,v,False,True,196.46996068626328,True
accepted,phone_F1.wav,2.1525,v,False,True,195.2552236005484,True
accepted,phone_F1.wav,2.1625,v,False,True,194.4714237101641,True
accepted,phone_F1.wav,2.1725,v,False,True,193.03496858732407,True
accepted,phone_F1.wav,2.1825,v,False,True,190.77216185290416,True
accepted,phone_F1.wav,2.1925,v,True,True,189.24587489692033,True
accepted,phone_F1.wav,2.2025,uv,True,False,,True
accepted,phone_F1.wav,2.2125,uv,True,False,,True
accepted,phone_F1.wav,2.2225,uv,False,False,,True
accepted,phone_F1.wav,2.2325,uv,False,False,,True
accepted,phone_F1.wav,2.2425,uv,False,False,,True
accepted,phone_F1.wav,2.2525,uv,False,False,,True
accepted,phone_F1.wav,2.2625,uv,False,False,,True
accepted,phone_F1.wav,2.2725,uv,True,False,,True
accepted,phone_F1.wav,2.2825,v,True,True,240.3073116602516,True
accepted,phone_F1.wav,2.2925,v,False,True,233.86350392141676,True
accepted,phone_F1.wav,2.3025,v,False,True,234.2527037307956,True
accepted,phone_F1.wav,2.3125,v,False,True,237.21912125832972,True
accepted,phone_F1.wav,2.3225,v,False,True,241.26900337802928,True
accepted,phone_F1.wav,2.3325,v,False,True,240.15481090160188,True
accepted,phone_F1.wav,2.3425,v,True,False,,True
accepted,phone_F1.wav,2.3525,uv,True,False,,True
accepted,phone_F1.wav,2.3625,uv,True,False,,True
accepted,phone_F1.wav,2.3725,uv,False,False,,True
accepted,phone_F1.wav,2.3825,uv,False,False,,True
accepted,phone_F1.wav,2.3925,uv,True,False,,True
accepted,phone_F1.wav,2.4025,v,True,True,255.80963167920584,True
accepted,phone_F1.wav,2.4125,v,False,True,246.6515798670605,True
accepted,phone_F1.wav,2.4225,v,False,True,233.23540680216496,True
accepted,phone_F1.wav,2.4325,v,False,True,209.8496870911171,True
accepted,phone_F1.wav,2.4425,v,False,True,198.30843917918793,True
accepted,phone_F1.wav,2.4525,v,False,True,192.43627236909649,True
accepted,phone_F1.wav,2.4625,v,False,True,197.12487288855576,True
accepted,phone_F1.wav,2.4725,v,False,True,195.67331929711443,True
accepted,phone_F1.wav,2.4825,v,False,True,193.99356943795823,True
accepted,phone_F1.wav,2.4925,v,False,True,199.76699535700527,True
accepted,phone_F1.wav,2.5025,v,False,True,211.06278024694768,True
accepted,phone_F1.wav,2.5125,v,True,False,,True
accepted,phone_F1.wav,2.5225,uv,True,False,,True
accepted,phone_F1.wav,2.5325,uv,False,False,,True
accepted,phone_F1.wav,2.5425,uv,False,False,,True
accepted,phone_F1.wav,2.5525,uv,False,False,,True
accepted,phone_F1.wav,2.5625,uv,False,False,,True
accepted,phone_F1.wav,2.5725,uv,False,False,,True
accepted,phone_F1.wav,2.5825,uv,False,False,,True
accepted,phone_F1.wav,2.5925,uv,False,False,,True
accepted,phone_F1.wav,2.6025,uv,False,False,,True
accepted,phone_F1.wav,2.6125,uv,False,False,,True
accepted,phone_F1.wav,2.6225,uv,False,False,,True
accepted,phone_F1.wav,2.6325,uv,False,False,,True
accepted,phone_F1.wav,2.6425,uv,False,False,,True
accepted,phone_F1.wav,2.6525,uv,True,False,,True
accepted,phone_F1.wav,2.6625,v,True,True,212.75256949765105,True
accepted,phone_F1.wav,2.6725,v,True,True,201.133679472232,True
accepted,phone_F1.wav,2.6825,v,False,True,196.9618650053204,True
accepted,phone_F1.wav,2.6925,v,False,True,194.97177753587516,True
accepted,phone_F1.wav,2.7025,v,False,True,192.62133163473607,True
accepted,phone_F1.wav,2.7125,v,False,True,189.93500433577285,True
accepted,phone_F1.wav,2.7225,v,True,True,187.7511305729072,True
accepted,phone_F1.wav,2.7325,uv,True,True,184.53844387721648,True
accepted,phone_F1.wav,2.7425,uv,True,False,,True
accepted,phone_F1.wav,2.7525,sil,True,False,,True
accepted,phone_F1.wav,2.7625,sil,False,False,,True
accepted,phone_F1.wav,2.7725,sil,False,False,,True
accepted,phone_F1.wav,2.7825,sil,False,False,,True
accepted,phone_F1.wav,2.7925,sil,False,False,,True
accepted,phone_F1.wav,2.8025,sil,False,False,,True
accepted,phone_F1.wav,2.8125,sil,False,False,,True
accepted,phone_F1.wav,2.8225,sil,False,False,,True
accepted,phone_F1.wav,2.8325,sil,False,False,,True
accepted,phone_F1.wav,2.8425,sil,False,False,,True
accepted,phone_F1.wav,2.8525,sil,False,False,,True
accepted,phone_F1.wav,2.8625,sil,False,False,,True
accepted,phone_F1.wav,2.8725,sil,False,False,,True
accepted,phone_F1.wav,2.8825,sil,False,False,,True
accepted,phone_F1.wav,2.8925,sil,False,False,,True
accepted,phone_F1.wav,2.9025,sil,False,False,,True
accepted,phone_F1.wav,2.9125,sil,False,False,,True
accepted,phone_F1.wav,2.9225,sil,False,False,,True
accepted,phone_F1.wav,2.9325,sil,False,False,,True
accepted,phone_F1.wav,2.9425,sil,False,False,,True
accepted,phone_F1.wav,2.9525,sil,False,False,,True
accepted,phone_F1.wav,2.9625,sil,False,False,,True
accepted,phone_F1.wav,2.9725,sil,False,False,,True
accepted,phone_F1.wav,2.9825,sil,False,False,,True
accepted,phone_F1.wav,2.9925,sil,False,False,,True
accepted,phone_F1.wav,3.0025,sil,False,False,,True
accepted,phone_F1.wav,3.0125,sil,False,False,,True
accepted,phone_F1.wav,3.0225,sil,False,False,,True
accepted,phone_F1.wav,3.0325,sil,False,False,,True
accepted,phone_F1.wav,3.0425,sil,False,False,,True
accepted,phone_F1.wav,3.0525,sil,False,False,,True
accepted,phone_F1.wav,3.0625,sil,False,False,,True
accepted,phone_F1.wav,3.0725,sil,False,False,,True
accepted,phone_F1.wav,3.0825,sil,False,False,,True
accepted,phone_F1.wav,3.0925,sil,False,False,,True
accepted,phone_F1.wav,3.1025,sil,False,False,,True
accepted,phone_F1.wav,3.1125,sil,False,False,,True
accepted,phone_F1.wav,3.1225,sil,False,False,,True
accepted,phone_F1.wav,3.1325,sil,False,False,,True
accepted,phone_F1.wav,3.1425,sil,False,False,,True
accepted,phone_F1.wav,3.1525,sil,False,False,,True
accepted,phone_F1.wav,3.1625,sil,False,False,,True
accepted,phone_F1.wav,3.1725,sil,False,False,,True
accepted,phone_F1.wav,3.1825,sil,False,False,,True
accepted,phone_F1.wav,3.1925,sil,False,False,,True
accepted,phone_F1.wav,3.2025,sil,False,False,,True
accepted,phone_F1.wav,3.2125,sil,False,False,,True
accepted,phone_F1.wav,3.2225,sil,True,False,,False
candidate,phone_F1.wav,0.0125,sil,False,False,,False
candidate,phone_F1.wav,0.0225,sil,False,False,,True
candidate,phone_F1.wav,0.0325,sil,False,False,,True
candidate,phone_F1.wav,0.0425,sil,False,False,,True
candidate,phone_F1.wav,0.0525,sil,False,False,,True
candidate,phone_F1.wav,0.0625,sil,False,False,,True
candidate,phone_F1.wav,0.0725,sil,False,False,,True
candidate,phone_F1.wav,0.0825,sil,False,False,,True
candidate,phone_F1.wav,0.0925,sil,False,False,,True
candidate,phone_F1.wav,0.1025,sil,False,False,,True
candidate,phone_F1.wav,0.1125,sil,False,False,,True
candidate,phone_F1.wav,0.1225,sil,False,False,,True
candidate,phone_F1.wav,0.1325,sil,False,False,,True
candidate,phone_F1.wav,0.1425,sil,False,False,,True
candidate,phone_F1.wav,0.1525,sil,False,False,,True
candidate,phone_F1.wav,0.1625,sil,False,False,,True
candidate,phone_F1.wav,0.1725,sil,False,False,,True
candidate,phone_F1.wav,0.1825,sil,False,False,,True
candidate,phone_F1.wav,0.1925,sil,False,False,,True
candidate,phone_F1.wav,0.2025,sil,False,False,,True
candidate,phone_F1.wav,0.2125,sil,False,False,,True
candidate,phone_F1.wav,0.2225,sil,False,False,,True
candidate,phone_F1.wav,0.2325,sil,False,False,,True
candidate,phone_F1.wav,0.2425,sil,False,False,,True
candidate,phone_F1.wav,0.2525,sil,False,False,,True
candidate,phone_F1.wav,0.2625,sil,False,False,,True
candidate,phone_F1.wav,0.2725,sil,False,False,,True
candidate,phone_F1.wav,0.2825,sil,False,False,,True
candidate,phone_F1.wav,0.2925,sil,False,False,,True
candidate,phone_F1.wav,0.3025,sil,False,False,,True
candidate,phone_F1.wav,0.3125,sil,False,False,,True
candidate,phone_F1.wav,0.3225,sil,False,False,,True
candidate,phone_F1.wav,0.3325,sil,False,False,,True
candidate,phone_F1.wav,0.3425,sil,False,False,,True
candidate,phone_F1.wav,0.3525,sil,False,False,,True
candidate,phone_F1.wav,0.3625,sil,False,False,,True
candidate,phone_F1.wav,0.3725,sil,False,False,,True
candidate,phone_F1.wav,0.3825,sil,False,False,,True
candidate,phone_F1.wav,0.3925,sil,False,False,,True
candidate,phone_F1.wav,0.4025,sil,False,False,,True
candidate,phone_F1.wav,0.4125,sil,False,False,,True
candidate,phone_F1.wav,0.4225,sil,False,False,,True
candidate,phone_F1.wav,0.4325,sil,False,False,,True
candidate,phone_F1.wav,0.4425,sil,False,False,,True
candidate,phone_F1.wav,0.4525,sil,False,False,,True
candidate,phone_F1.wav,0.4625,sil,False,False,,True
candidate,phone_F1.wav,0.4725,sil,False,False,,True
candidate,phone_F1.wav,0.4825,sil,False,False,,True
candidate,phone_F1.wav,0.4925,sil,False,False,,True
candidate,phone_F1.wav,0.5025,sil,False,False,,True
candidate,phone_F1.wav,0.5125,sil,False,False,,True
candidate,phone_F1.wav,0.5225,sil,True,False,,True
candidate,phone_F1.wav,0.5325,v,True,False,,True
candidate,phone_F1.wav,0.5425,v,True,True,220.6238112864208,True
candidate,phone_F1.wav,0.5525,v,False,True,223.46023705807804,True
candidate,phone_F1.wav,0.5625,v,False,True,218.66312276235874,True
candidate,phone_F1.wav,0.5725,v,False,True,217.91069140750145,True
candidate,phone_F1.wav,0.5825,v,False,True,218.56712192907614,True
candidate,phone_F1.wav,0.5925,v,False,True,218.27232706713093,True
candidate,phone_F1.wav,0.6025,v,False,True,218.87584850109204,True
candidate,phone_F1.wav,0.6125,v,False,True,220.27940717257619,True
candidate,phone_F1.wav,0.6225,v,False,True,223.51293911490228,True
candidate,phone_F1.wav,0.6325,v,False,True,226.89541019305912,True
candidate,phone_F1.wav,0.6425,v,False,True,231.5495555494498,True
candidate,phone_F1.wav,0.6525,v,False,True,233.3303221142594,True
candidate,phone_F1.wav,0.6625,v,False,True,230.14612985681936,True
candidate,phone_F1.wav,0.6725,v,False,True,227.83682994075141,True
candidate,phone_F1.wav,0.6825,v,False,True,228.4815800205515,True
candidate,phone_F1.wav,0.6925,v,False,True,229.16923721899354,True
candidate,phone_F1.wav,0.7025,v,False,True,230.20144164134442,True
candidate,phone_F1.wav,0.7125,v,False,True,231.35574144175186,True
candidate,phone_F1.wav,0.7225,v,False,True,232.20854612647383,True
candidate,phone_F1.wav,0.7325,v,False,True,232.32696473125594,True
candidate,phone_F1.wav,0.7425,v,False,True,232.37561605911904,True
candidate,phone_F1.wav,0.7525,v,False,True,234.852108586928,True
candidate,phone_F1.wav,0.7625,v,False,True,232.2654829211766,True
candidate,phone_F1.wav,0.7725,v,False,True,229.1730242783443,True
candidate,phone_F1.wav,0.7825,v,False,True,224.87734529972985,True
candidate,phone_F1.wav,0.7925,v,False,True,217.6636845344656,True
candidate,phone_F1.wav,0.8025,v,False,True,219.14179181456484,True
candidate,phone_F1.wav,0.8125,v,False,True,234.26912646883255,True
candidate,phone_F1.wav,0.8225,v,False,True,234.85219100888276,True
candidate,phone_F1.wav,0.8325,v,False,True,235.08618017303658,True
candidate,phone_F1.wav,0.8425,v,False,True,237.36524922612253,True
candidate,phone_F1.wav,0.8525,v,False,True,240.00432118388488,True
candidate,phone_F1.wav,0.8625,v,False,True,241.68199894966355,True
candidate,phone_F1.wav,0.8725,v,False,True,241.77636002127284,True
candidate,phone_F1.wav,0.8825,v,False,True,246.43828459273018,True
candidate,phone_F1.wav,0.8925,v,False,True,249.75945220661316,True
candidate,phone_F1.wav,0.9025,v,False,True,249.67907916471805,True
candidate,phone_F1.wav,0.9125,v,False,True,248.59101911219662,True
candidate,phone_F1.wav,0.9225,v,False,True,243.96251014114688,True
candidate,phone_F1.wav,0.9325,v,False,True,243.35265862786386,True
candidate,phone_F1.wav,0.9425,v,False,True,242.0542382167397,True
candidate,phone_F1.wav,0.9525,v,False,True,239.6104325811462,True
candidate,phone_F1.wav,0.9625,v,False,True,234.66229068689333,True
candidate,phone_F1.wav,0.9725,v,False,True,224.63501938927422,True
candidate,phone_F1.wav,0.9825,v,False,True,205.845786536123,True
candidate,phone_F1.wav,0.9925,v,False,True,232.89086007909202,True
candidate,phone_F1.wav,1.0025,v,False,True,234.16078525049207,True
candidate,phone_F1.wav,1.0125,v,False,True,236.04764760254244,True
candidate,phone_F1.wav,1.0225,v,False,True,232.70731134360477,True
candidate,phone_F1.wav,1.0325,v,False,True,226.38443325728232,True
candidate,phone_F1.wav,1.0425,v,False,True,226.07004323531922,True
candidate,phone_F1.wav,1.0525,v,False,True,226.62033641326732,True
candidate,phone_F1.wav,1.0625,v,False,True,228.09461664799701,True
candidate,phone_F1.wav,1.0725,v,False,True,235.47479637841622,True
candidate,phone_F1.wav,1.0825,v,False,True,238.0997106130518,True
candidate,phone_F1.wav,1.0925,v,False,True,245.14482877537094,True
candidate,phone_F1.wav,1.1025,v,False,True,246.00235368964147,True
candidate,phone_F1.wav,1.1125,v,False,True,244.7500624977873,True
candidate,phone_F1.wav,1.1225,v,False,True,243.796290455553,True
candidate,phone_F1.wav,1.1325,v,True,True,236.32626117834212,True
candidate,phone_F1.wav,1.1425,uv,True,False,,True
candidate,phone_F1.wav,1.1525,uv,False,False,,True
candidate,phone_F1.wav,1.1625,uv,False,False,,True
candidate,phone_F1.wav,1.1725,uv,False,False,,True
candidate,phone_F1.wav,1.1825,uv,False,False,,True
candidate,phone_F1.wav,1.1925,uv,False,False,,True
candidate,phone_F1.wav,1.2025,uv,True,False,,True
candidate,phone_F1.wav,1.2125,v,True,True,225.9302604632008,True
candidate,phone_F1.wav,1.2225,v,True,True,204.4377378382664,True
candidate,phone_F1.wav,1.2325,v,False,True,190.6358913453365,True
candidate,phone_F1.wav,1.2425,v,False,True,185.97101053583782,True
candidate,phone_F1.wav,1.2525,v,False,True,183.79111223832373,True
candidate,phone_F1.wav,1.2625,v,False,True,179.3241800452577,True
candidate,phone_F1.wav,1.2725,v,False,True,180.03821736100377,True
candidate,phone_F1.wav,1.2825,v,False,True,182.87633643936059,True
candidate,phone_F1.wav,1.2925,v,False,True,182.3351497241474,True
candidate,phone_F1.wav,1.3025,v,False,True,183.36625715092865,True
candidate,phone_F1.wav,1.3125,v,False,True,181.62506082181147,True
candidate,phone_F1.wav,1.3225,v,False,True,181.0468504753197,True
candidate,phone_F1.wav,1.3325,v,False,True,180.26111214958257,True
candidate,phone_F1.wav,1.3425,v,True,True,170.24718564979403,True
candidate,phone_F1.wav,1.3525,uv,True,False,,True
candidate,phone_F1.wav,1.3625,uv,True,False,,True
candidate,phone_F1.wav,1.3725,uv,False,False,,True
candidate,phone_F1.wav,1.3825,uv,False,False,,True
candidate,phone_F1.wav,1.3925,uv,False,False,,True
candidate,phone_F1.wav,1.4025,uv,False,False,,True
candidate,phone_F1.wav,1.4125,uv,False,False,,True
candidate,phone_F1.wav,1.4225,uv,False,False,,True
candidate,phone_F1.wav,1.4325,uv,False,False,,True
candidate,phone_F1.wav,1.4425,uv,True,False,,True
candidate,phone_F1.wav,1.4525,v,True,True,222.76695009643709,True
candidate,phone_F1.wav,1.4625,v,True,True,215.4501274552378,True
candidate,phone_F1.wav,1.4725,v,False,True,205.98760411738786,True
candidate,phone_F1.wav,1.4825,v,False,True,201.25749377877264,True
candidate,phone_F1.wav,1.4925,v,False,True,198.4706208115498,True
candidate,phone_F1.wav,1.5025,v,False,True,196.37220107451927,True
candidate,phone_F1.wav,1.5125,v,False,True,194.99588993974942,True
candidate,phone_F1.wav,1.5225,v,False,True,193.50088703271618,True
candidate,phone_F1.wav,1.5325,v,False,True,192.36367166399697,True
candidate,phone_F1.wav,1.5425,v,False,True,190.76365652952,True
candidate,phone_F1.wav,1.5525,v,False,True,189.20208150209075,True
candidate,phone_F1.wav,1.5625,v,False,True,187.25349226424458,True
candidate,phone_F1.wav,1.5725,v,False,True,186.35748698554514,True
candidate,phone_F1.wav,1.5825,v,False,True,187.76572471730785,True
candidate,phone_F1.wav,1.5925,v,True,True,236.6999130982983,True
candidate,phone_F1.wav,1.6025,uv,True,True,244.0737093674834,True
candidate,phone_F1.wav,1.6125,uv,True,True,223.95225104205144,True
candidate,phone_F1.wav,1.6225,uv,False,False,,True
candidate,phone_F1.wav,1.6325,uv,False,False,,True
candidate,phone_F1.wav,1.6425,uv,False,False,,True
candidate,phone_F1.wav,1.6525,uv,False,False,,True
candidate,phone_F1.wav,1.6625,uv,False,False,,True
candidate,phone_F1.wav,1.6725,uv,False,False,,True
candidate,phone_F1.wav,1.6825,uv,False,False,,True
candidate,phone_F1.wav,1.6925,uv,False,False,,True
candidate,phone_F1.wav,1.7025,uv,False,False,,True
candidate,phone_F1.wav,1.7125,uv,False,False,,True
candidate,phone_F1.wav,1.7225,uv,False,False,,True
candidate,phone_F1.wav,1.7325,uv,False,False,,True
candidate,phone_F1.wav,1.7425,uv,False,False,,True
candidate,phone_F1.wav,1.7525,uv,False,False,,True
candidate,phone_F1.wav,1.7625,uv,False,False,,True
candidate,phone_F1.wav,1.7725,uv,False,False,,True
candidate,phone_F1.wav,1.7825,uv,False,False,,True
candidate,phone_F1.wav,1.7925,uv,False,False,,True
candidate,phone_F1.wav,1.8025,uv,False,False,,True
candidate,phone_F1.wav,1.8125,uv,False,False,,True
candidate,phone_F1.wav,1.8225,uv,True,False,,True
candidate,phone_F1.wav,1.8325,v,True,True,229.88688842576275,True
candidate,phone_F1.wav,1.8425,v,True,True,229.40044843821195,True
candidate,phone_F1.wav,1.8525,v,False,False,,True
candidate,phone_F1.wav,1.8625,v,False,False,,True
candidate,phone_F1.wav,1.8725,v,False,False,,True
candidate,phone_F1.wav,1.8825,v,False,False,,True
candidate,phone_F1.wav,1.8925,v,False,False,,True
candidate,phone_F1.wav,1.9025,v,False,False,,True
candidate,phone_F1.wav,1.9125,v,False,True,220.75706763998318,True
candidate,phone_F1.wav,1.9225,v,False,True,226.81115938882192,True
candidate,phone_F1.wav,1.9325,v,False,True,226.35939904539137,True
candidate,phone_F1.wav,1.9425,v,False,True,225.1919613856994,True
candidate,phone_F1.wav,1.9525,v,False,True,223.6612376294618,True
candidate,phone_F1.wav,1.9625,v,False,True,222.6718366357934,True
candidate,phone_F1.wav,1.9725,v,False,True,221.89312657105694,True
candidate,phone_F1.wav,1.9825,v,False,True,219.82164994846238,True
candidate,phone_F1.wav,1.9925,v,False,True,218.33810915110442,True
candidate,phone_F1.wav,2.0025,v,False,True,216.07436194572549,True
candidate,phone_F1.wav,2.0125,v,False,True,212.96231430995252,True
candidate,phone_F1.wav,2.0225,v,False,True,210.70048969711175,True
candidate,phone_F1.wav,2.0325,v,False,True,205.56469099633924,True
candidate,phone_F1.wav,2.0425,v,False,True,190.4302191835745,True
candidate,phone_F1.wav,2.0525,v,False,True,189.507528478077,True
candidate,phone_F1.wav,2.0625,v,False,True,188.54949355102025,True
candidate,phone_F1.wav,2.0725,v,False,True,190.73287109206402,True
candidate,phone_F1.wav,2.0825,v,False,True,205.43715720402895,True
candidate,phone_F1.wav,2.0925,v,False,True,202.96669615278105,True
candidate,phone_F1.wav,2.1025,v,False,True,201.51094401324698,True
candidate,phone_F1.wav,2.1125,v,False,True,200.1620894307536,True
candidate,phone_F1.wav,2.1225,v,False,True,198.51482168370535,True
candidate,phone_F1.wav,2.1325,v,False,True,197.0655970066458,True
candidate,phone_F1.wav,2.1425,v,False,True,195.95663095600443,True
candidate,phone_F1.wav,2.1525,v,False,True,194.98009495291763,True
candidate,phone_F1.wav,2.1625,v,False,True,193.902787048504,True
candidate,phone_F1.wav,2.1725,v,False,True,192.6939694740242,True
candidate,phone_F1.wav,2.1825,v,False,True,190.58807515867562,True
candidate,phone_F1.wav,2.1925,v,True,True,189.94504213247015,True
candidate,phone_F1.wav,2.2025,uv,True,False,,True
candidate,phone_F1.wav,2.2125,uv,True,False,,True
candidate,phone_F1.wav,2.2225,uv,False,False,,True
candidate,phone_F1.wav,2.2325,uv,False,False,,True
candidate,phone_F1.wav,2.2425,uv,False,False,,True
candidate,phone_F1.wav,2.2525,uv,False,False,,True
candidate,phone_F1.wav,2.2625,uv,False,False,,True
candidate,phone_F1.wav,2.2725,uv,True,False,,True
candidate,phone_F1.wav,2.2825,v,True,True,233.06797257096088,True
candidate,phone_F1.wav,2.2925,v,False,True,234.26124798560107,True
candidate,phone_F1.wav,2.3025,v,False,True,235.37420673123071,True
candidate,phone_F1.wav,2.3125,v,False,True,237.20730477283053,True
candidate,phone_F1.wav,2.3225,v,False,True,240.28357077130786,True
candidate,phone_F1.wav,2.3325,v,False,True,241.87841380438286,True
candidate,phone_F1.wav,2.3425,v,True,False,,True
candidate,phone_F1.wav,2.3525,uv,True,False,,True
candidate,phone_F1.wav,2.3625,uv,True,False,,True
candidate,phone_F1.wav,2.3725,uv,False,False,,True
candidate,phone_F1.wav,2.3825,uv,False,False,,True
candidate,phone_F1.wav,2.3925,uv,True,False,,True
candidate,phone_F1.wav,2.4025,v,True,True,268.8219873784645,True
candidate,phone_F1.wav,2.4125,v,False,True,245.60145239334778,True
candidate,phone_F1.wav,2.4225,v,False,True,235.80687436415084,True
candidate,phone_F1.wav,2.4325,v,False,True,206.0740170509298,True
candidate,phone_F1.wav,2.4425,v,False,True,198.97942182808464,True
candidate,phone_F1.wav,2.4525,v,False,True,192.36891091726258,True
candidate,phone_F1.wav,2.4625,v,False,True,217.373560393574,True
candidate,phone_F1.wav,2.4725,v,False,True,190.94770912077556,True
candidate,phone_F1.wav,2.4825,v,False,True,191.65919725385604,True
candidate,phone_F1.wav,2.4925,v,False,True,193.73456543067235,True
candidate,phone_F1.wav,2.5025,v,False,True,211.06278024694768,True
candidate,phone_F1.wav,2.5125,v,True,False,,True
candidate,phone_F1.wav,2.5225,uv,True,False,,True
candidate,phone_F1.wav,2.5325,uv,False,False,,True
candidate,phone_F1.wav,2.5425,uv,False,False,,True
candidate,phone_F1.wav,2.5525,uv,False,False,,True
candidate,phone_F1.wav,2.5625,uv,False,False,,True
candidate,phone_F1.wav,2.5725,uv,False,False,,True
candidate,phone_F1.wav,2.5825,uv,False,False,,True
candidate,phone_F1.wav,2.5925,uv,False,False,,True
candidate,phone_F1.wav,2.6025,uv,False,False,,True
candidate,phone_F1.wav,2.6125,uv,False,False,,True
candidate,phone_F1.wav,2.6225,uv,False,False,,True
candidate,phone_F1.wav,2.6325,uv,False,False,,True
candidate,phone_F1.wav,2.6425,uv,False,False,,True
candidate,phone_F1.wav,2.6525,uv,True,False,,True
candidate,phone_F1.wav,2.6625,v,True,True,204.232746442535,True
candidate,phone_F1.wav,2.6725,v,True,True,200.72857451911602,True
candidate,phone_F1.wav,2.6825,v,False,True,197.75730585789083,True
candidate,phone_F1.wav,2.6925,v,False,True,195.18995651315677,True
candidate,phone_F1.wav,2.7025,v,False,True,192.63468481615683,True
candidate,phone_F1.wav,2.7125,v,False,True,189.72497953117292,True
candidate,phone_F1.wav,2.7225,v,True,True,185.92828568655378,True
candidate,phone_F1.wav,2.7325,uv,True,True,184.1227583387641,True
candidate,phone_F1.wav,2.7425,uv,True,False,,True
candidate,phone_F1.wav,2.7525,sil,True,False,,True
candidate,phone_F1.wav,2.7625,sil,False,False,,True
candidate,phone_F1.wav,2.7725,sil,False,False,,True
candidate,phone_F1.wav,2.7825,sil,False,False,,True
candidate,phone_F1.wav,2.7925,sil,False,False,,True
candidate,phone_F1.wav,2.8025,sil,False,False,,True
candidate,phone_F1.wav,2.8125,sil,False,False,,True
candidate,phone_F1.wav,2.8225,sil,False,False,,True
candidate,phone_F1.wav,2.8325,sil,False,False,,True
candidate,phone_F1.wav,2.8425,sil,False,False,,True
candidate,phone_F1.wav,2.8525,sil,False,False,,True
candidate,phone_F1.wav,2.8625,sil,False,False,,True
candidate,phone_F1.wav,2.8725,sil,False,False,,True
candidate,phone_F1.wav,2.8825,sil,False,False,,True
candidate,phone_F1.wav,2.8925,sil,False,False,,True
candidate,phone_F1.wav,2.9025,sil,False,False,,True
candidate,phone_F1.wav,2.9125,sil,False,False,,True
candidate,phone_F1.wav,2.9225,sil,False,False,,True
candidate,phone_F1.wav,2.9325,sil,False,False,,True
candidate,phone_F1.wav,2.9425,sil,False,False,,True
candidate,phone_F1.wav,2.9525,sil,False,False,,True
candidate,phone_F1.wav,2.9625,sil,False,False,,True
candidate,phone_F1.wav,2.9725,sil,False,False,,True
candidate,phone_F1.wav,2.9825,sil,False,False,,True
candidate,phone_F1.wav,2.9925,sil,False,False,,True
candidate,phone_F1.wav,3.0025,sil,False,False,,True
candidate,phone_F1.wav,3.0125,sil,False,False,,True
candidate,phone_F1.wav,3.0225,sil,False,False,,True
candidate,phone_F1.wav,3.0325,sil,False,False,,True
candidate,phone_F1.wav,3.0425,sil,False,False,,True
candidate,phone_F1.wav,3.0525,sil,False,False,,True
candidate,phone_F1.wav,3.0625,sil,False,False,,True
candidate,phone_F1.wav,3.0725,sil,False,False,,True
candidate,phone_F1.wav,3.0825,sil,False,False,,True
candidate,phone_F1.wav,3.0925,sil,False,False,,True
candidate,phone_F1.wav,3.1025,sil,False,False,,True
candidate,phone_F1.wav,3.1125,sil,False,False,,True
candidate,phone_F1.wav,3.1225,sil,False,False,,True
candidate,phone_F1.wav,3.1325,sil,False,False,,True
candidate,phone_F1.wav,3.1425,sil,False,False,,True
candidate,phone_F1.wav,3.1525,sil,False,False,,True
candidate,phone_F1.wav,3.1625,sil,False,False,,True
candidate,phone_F1.wav,3.1725,sil,False,False,,True
candidate,phone_F1.wav,3.1825,sil,False,False,,True
candidate,phone_F1.wav,3.1925,sil,False,False,,True
candidate,phone_F1.wav,3.2025,sil,False,False,,True
candidate,phone_F1.wav,3.2125,sil,False,False,,True
candidate,phone_F1.wav,3.2225,sil,True,False,,False
accepted,phone_M1.wav,0.0125,sil,False,False,,False
accepted,phone_M1.wav,0.0225,sil,False,False,,True
accepted,phone_M1.wav,0.0325,sil,False,False,,True
accepted,phone_M1.wav,0.0425,sil,False,False,,True
accepted,phone_M1.wav,0.0525,sil,False,False,,True
accepted,phone_M1.wav,0.0625,sil,False,False,,True
accepted,phone_M1.wav,0.0725,sil,False,False,,True
accepted,phone_M1.wav,0.0825,sil,False,False,,True
accepted,phone_M1.wav,0.0925,sil,False,False,,True
accepted,phone_M1.wav,0.1025,sil,False,False,,True
accepted,phone_M1.wav,0.1125,sil,False,False,,True
accepted,phone_M1.wav,0.1225,sil,False,False,,True
accepted,phone_M1.wav,0.1325,sil,False,False,,True
accepted,phone_M1.wav,0.1425,sil,False,False,,True
accepted,phone_M1.wav,0.1525,sil,False,False,,True
accepted,phone_M1.wav,0.1625,sil,False,False,,True
accepted,phone_M1.wav,0.1725,sil,False,False,,True
accepted,phone_M1.wav,0.1825,sil,False,False,,True
accepted,phone_M1.wav,0.1925,sil,False,False,,True
accepted,phone_M1.wav,0.2025,sil,False,False,,True
accepted,phone_M1.wav,0.2125,sil,False,False,,True
accepted,phone_M1.wav,0.2225,sil,False,False,,True
accepted,phone_M1.wav,0.2325,sil,False,False,,True
accepted,phone_M1.wav,0.2425,sil,False,False,,True
accepted,phone_M1.wav,0.2525,sil,False,False,,True
accepted,phone_M1.wav,0.2625,sil,False,False,,True
accepted,phone_M1.wav,0.2725,sil,False,False,,True
accepted,phone_M1.wav,0.2825,sil,False,False,,True
accepted,phone_M1.wav,0.2925,sil,False,False,,True
accepted,phone_M1.wav,0.3025,sil,False,False,,True
accepted,phone_M1.wav,0.3125,sil,False,False,,True
accepted,phone_M1.wav,0.3225,sil,False,False,,True
accepted,phone_M1.wav,0.3325,sil,False,False,,True
accepted,phone_M1.wav,0.3425,sil,False,False,,True
accepted,phone_M1.wav,0.3525,sil,False,False,,True
accepted,phone_M1.wav,0.3625,sil,False,False,,True
accepted,phone_M1.wav,0.3725,sil,False,False,,True
accepted,phone_M1.wav,0.3825,sil,False,False,,True
accepted,phone_M1.wav,0.3925,sil,False,False,,True
accepted,phone_M1.wav,0.4025,sil,False,False,,True
accepted,phone_M1.wav,0.4125,sil,False,False,,True
accepted,phone_M1.wav,0.4225,sil,False,False,,True
accepted,phone_M1.wav,0.4325,sil,False,False,,True
accepted,phone_M1.wav,0.4425,sil,False,False,,True
accepted,phone_M1.wav,0.4525,sil,True,False,,True
accepted,phone_M1.wav,0.4625,v,True,False,,True
accepted,phone_M1.wav,0.4725,v,True,True,138.9088485650244,True
accepted,phone_M1.wav,0.4825,v,False,True,136.9354530616309,True
accepted,phone_M1.wav,0.4925,v,False,True,136.33263828102875,True
accepted,phone_M1.wav,0.5025,v,False,True,136.35805846818354,True
accepted,phone_M1.wav,0.5125,v,False,True,135.7466745053719,True
accepted,phone_M1.wav,0.5225,v,False,True,134.72748434791188,True
accepted,phone_M1.wav,0.5325,v,False,True,134.8482636913602,True
accepted,phone_M1.wav,0.5425,v,False,True,136.1947976286359,True
accepted,phone_M1.wav,0.5525,v,False,True,137.70480228065725,True
accepted,phone_M1.wav,0.5625,v,False,True,137.66124322323464,True
accepted,phone_M1.wav,0.5725,v,False,True,137.13804440459435,True
accepted,phone_M1.wav,0.5825,v,False,True,137.69149868895843,True
accepted,phone_M1.wav,0.5925,v,False,True,137.86569841133579,True
accepted,phone_M1.wav,0.6025,v,False,True,138.34644689184603,True
accepted,phone_M1.wav,0.6125,v,False,True,138.85166304073087,True
accepted,phone_M1.wav,0.6225,v,False,True,139.51455007848696,True
accepted,phone_M1.wav,0.6325,v,False,True,139.97486877246095,True
accepted,phone_M1.wav,0.6425,v,False,True,139.49767373377557,True
accepted,phone_M1.wav,0.6525,v,False,True,137.80116403226918,True
accepted,phone_M1.wav,0.6625,v,False,True,135.94523381088783,True
accepted,phone_M1.wav,0.6725,v,False,True,134.2960954840052,True
accepted,phone_M1.wav,0.6825,v,False,True,132.58091891031395,True
accepted,phone_M1.wav,0.6925,v,False,True,130.9450919670001,True
accepted,phone_M1.wav,0.7025,v,False,True,129.1816126622188,True
accepted,phone_M1.wav,0.7125,v,False,True,127.75516826373332,True
accepted,phone_M1.wav,0.7225,v,False,True,125.50463329407312,True
accepted,phone_M1.wav,0.7325,v,False,True,123.58580591861595,True
accepted,phone_M1.wav,0.7425,v,False,True,122.41349808410108,True
accepted,phone_M1.wav,0.7525,v,False,True,121.11016505657769,True
accepted,phone_M1.wav,0.7625,v,False,True,119.38380856248192,True
accepted,phone_M1.wav,0.7725,v,False,True,117.91111263227016,True
accepted,phone_M1.wav,0.7825,v,False,True,116.60535925914289,True
accepted,phone_M1.wav,0.7925,v,False,True,114.34104801361336,True
accepted,phone_M1.wav,0.8025,v,False,True,112.97934244776208,True
accepted,phone_M1.wav,0.8125,v,False,True,112.27417832644667,True
accepted,phone_M1.wav,0.8225,v,False,True,114.75825622448176,True
accepted,phone_M1.wav,0.8325,v,False,True,115.35875818091786,True
accepted,phone_M1.wav,0.8425,v,False,True,116.23661202654885,True
accepted,phone_M1.wav,0.8525,v,False,True,118.43452983082231,True
accepted,phone_M1.wav,0.8625,v,False,True,119.20656686769446,True
accepted,phone_M1.wav,0.8725,v,False,True,120.69093197160652,True
accepted,phone_M1.wav,0.8825,v,False,True,122.78306218323254,True
accepted,phone_M1.wav,0.8925,v,False,True,124.1253380735767,True
accepted,phone_M1.wav,0.9025,v,False,True,128.23393331768483,True
accepted,phone_M1.wav,0.9125,v,False,True,132.86932828424662,True
accepted,phone_M1.wav,0.9225,v,False,True,132.55837332255018,True
accepted,phone_M1.wav,0.9325,v,False,True,133.90859892140773,True
accepted,phone_M1.wav,0.9425,v,False,True,135.46936013880057,True
accepted,phone_M1.wav,0.9525,v,False,True,137.61177438611577,True
accepted,phone_M1.wav,0.9625,v,False,True,139.60552935527863,True
accepted,phone_M1.wav,0.9725,v,False,True,141.59686357856899,True
accepted,phone_M1.wav,0.9825,v,False,True,141.94696395913314,True
accepted,phone_M1.wav,0.9925,v,False,True,140.32130048414868,True
accepted,phone_M1.wav,1.0025,v,False,True,142.37027294384117,True
accepted,phone_M1.wav,1.0125,v,False,True,146.7765363572416,True
accepted,phone_M1.wav,1.0225,v,False,True,148.55301530087124,True
accepted,phone_M1.wav,1.0325,v,False,True,149.35510544938595,True
accepted,phone_M1.wav,1.0425,v,False,True,149.92884504879387,True
accepted,phone_M1.wav,1.0525,v,False,True,149.80902517207227,True
accepted,phone_M1.wav,1.0625,v,False,True,149.3530290636188,True
accepted,phone_M1.wav,1.0725,v,False,True,148.33601126163907,True
accepted,phone_M1.wav,1.0825,v,False,True,146.63205898265116,True
accepted,phone_M1.wav,1.0925,v,False,True,144.83576141403347,True
accepted,phone_M1.wav,1.1025,v,False,True,143.06284321961687,True
accepted,phone_M1.wav,1.1125,v,False,True,141.5384361926565,True
accepted,phone_M1.wav,1.1225,v,False,True,139.06951579519446,True
accepted,phone_M1.wav,1.1325,v,False,True,142.96214042502092,True
accepted,phone_M1.wav,1.1425,v,False,True,149.07585246875962,True
accepted,phone_M1.wav,1.1525,v,False,True,152.92495164303847,True
accepted,phone_M1.wav,1.1625,v,False,True,155.52369765893044,True
accepted,phone_M1.wav,1.1725,v,False,True,156.2774068228227,True
accepted,phone_M1.wav,1.1825,v,False,True,154.65568935886677,True
accepted,phone_M1.wav,1.1925,v,False,True,153.6430245745723,True
accepted,phone_M1.wav,1.2025,v,False,True,153.12024406690333,True
accepted,phone_M1.wav,1.2125,v,False,True,150.99275691442466,True
accepted,phone_M1.wav,1.2225,v,False,True,145.5289693692635,True
accepted,phone_M1.wav,1.2325,v,False,True,150.6723944340197,True
accepted,phone_M1.wav,1.2425,v,False,True,153.3308891364185,True
accepted,phone_M1.wav,1.2525,v,False,True,155.11060887439595,True
accepted,phone_M1.wav,1.2625,v,False,True,156.74903809593891,True
accepted,phone_M1.wav,1.2725,v,False,True,157.37315439778706,True
accepted,phone_M1.wav,1.2825,v,False,True,156.4810680260267,True
accepted,phone_M1.wav,1.2925,v,False,True,154.5075121729987,True
accepted,phone_M1.wav,1.3025,v,False,True,153.46559411543802,True
accepted,phone_M1.wav,1.3125,v,False,True,152.56644379375427,True
accepted,phone_M1.wav,1.3225,v,False,True,151.34556935564154,True
accepted,phone_M1.wav,1.3325,v,False,True,152.83785951535845,True
accepted,phone_M1.wav,1.3425,v,False,True,152.50710432850855,True
accepted,phone_M1.wav,1.3525,v,False,True,153.07802459253583,True
accepted,phone_M1.wav,1.3625,v,False,True,152.60240244073992,True
accepted,phone_M1.wav,1.3725,v,False,True,147.17615172954223,True
accepted,phone_M1.wav,1.3825,v,True,True,146.74995771436363,True
accepted,phone_M1.wav,1.3925,uv,True,False,,True
accepted,phone_M1.wav,1.4025,uv,False,False,,True
accepted,phone_M1.wav,1.4125,uv,False,False,,True
accepted,phone_M1.wav,1.4225,uv,False,False,,True
accepted,phone_M1.wav,1.4325,uv,False,False,,True
accepted,phone_M1.wav,1.4425,uv,False,False,,True
accepted,phone_M1.wav,1.4525,uv,False,False,,True
accepted,phone_M1.wav,1.4625,uv,False,False,,True
accepted,phone_M1.wav,1.4725,uv,False,False,,True
accepted,phone_M1.wav,1.4825,uv,False,False,,True
accepted,phone_M1.wav,1.4925,uv,True,False,,True
accepted,phone_M1.wav,1.5025,v,True,True,119.77441795223503,True
accepted,phone_M1.wav,1.5125,v,True,True,115.61082486013431,True
accepted,phone_M1.wav,1.5225,v,False,True,114.62428428859305,True
accepted,phone_M1.wav,1.5325,v,False,True,114.80988343107542,True
accepted,phone_M1.wav,1.5425,v,False,True,114.55904604417621,True
accepted,phone_M1.wav,1.5525,v,False,True,113.86720232561464,True
accepted,phone_M1.wav,1.5625,v,False,True,112.76725981975262,True
accepted,phone_M1.wav,1.5725,v,False,True,111.73364780986692,True
accepted,phone_M1.wav,1.5825,v,False,True,109.72149314908712,True
accepted,phone_M1.wav,1.5925,v,False,True,108.556334986029,True
accepted,phone_M1.wav,1.6025,v,False,True,109.73707433355294,True
accepted,phone_M1.wav,1.6125,v,False,True,110.30848425593584,True
accepted,phone_M1.wav,1.6225,v,False,True,108.5996093999815,True
accepted,phone_M1.wav,1.6325,v,False,True,107.47287150692608,True
accepted,phone_M1.wav,1.6425,v,False,True,107.40497846580016,True
accepted,phone_M1.wav,1.6525,v,False,True,107.61305455855597,True
accepted,phone_M1.wav,1.6625,v,False,True,107.1446594129983,True
accepted,phone_M1.wav,1.6725,v,False,True,107.72379221988582,True
accepted,phone_M1.wav,1.6825,v,True,True,109.2750081088538,True
accepted,phone_M1.wav,1.6925,uv,True,True,108.57573437140464,True
accepted,phone_M1.wav,1.7025,uv,True,False,,True
accepted,phone_M1.wav,1.7125,uv,False,False,,True
accepted,phone_M1.wav,1.7225,uv,False,False,,True
accepted,phone_M1.wav,1.7325,uv,False,False,,True
accepted,phone_M1.wav,1.7425,uv,False,False,,True
accepted,phone_M1.wav,1.7525,uv,False,False,,True
accepted,phone_M1.wav,1.7625,uv,False,False,,True
accepted,phone_M1.wav,1.7725,uv,False,False,,True
accepted,phone_M1.wav,1.7825,uv,True,False,,True
accepted,phone_M1.wav,1.7925,v,True,True,125.26892670469007,True
accepted,phone_M1.wav,1.8025,v,True,True,122.92917761131696,True
accepted,phone_M1.wav,1.8125,v,False,True,121.35768502542955,True
accepted,phone_M1.wav,1.8225,v,False,True,121.41326760614088,True
accepted,phone_M1.wav,1.8325,v,False,True,120.89998965116932,True
accepted,phone_M1.wav,1.8425,v,False,True,120.4536594032999,True
accepted,phone_M1.wav,1.8525,v,False,True,119.22121230356032,True
accepted,phone_M1.wav,1.8625,v,False,True,117.38776274632346,True
accepted,phone_M1.wav,1.8725,v,False,True,115.79169326968008,True
accepted,phone_M1.wav,1.8825,v,False,True,113.86846838043428,True
accepted,phone_M1.wav,1.8925,v,False,True,112.56141510938308,True
accepted,phone_M1.wav,1.9025,v,False,True,111.36510763231564,True
accepted,phone_M1.wav,1.9125,v,False,True,110.35990656188957,True
accepted,phone_M1.wav,1.9225,v,False,True,109.80230674447255,True
accepted,phone_M1.wav,1.9325,v,False,True,107.1983695810704,True
accepted,phone_M1.wav,1.9425,v,False,True,102.82503152830944,True
accepted,phone_M1.wav,1.9525,v,False,True,100.32382200101316,True
accepted,phone_M1.wav,1.9625,v,False,True,98.23384796638572,True
accepted,phone_M1.wav,1.9725,v,False,False,,True
accepted,phone_M1.wav,1.9825,v,False,False,,True
accepted,phone_M1.wav,1.9925,v,False,False,,True
accepted,phone_M1.wav,2.0025,v,False,False,,True
accepted,phone_M1.wav,2.0125,v,False,False,,True
accepted,phone_M1.wav,2.0225,v,False,True,100.2510295202328,True
accepted,phone_M1.wav,2.0325,v,False,True,101.31493377447084,True
accepted,phone_M1.wav,2.0425,v,False,True,101.88736273808692,True
accepted,phone_M1.wav,2.0525,v,False,True,98.84775621790483,True
accepted,phone_M1.wav,2.0625,v,False,True,96.7313529725541,True
accepted,phone_M1.wav,2.0725,v,False,True,103.94125369514332,True
accepted,phone_M1.wav,2.0825,v,False,True,106.05002106827313,True
accepted,phone_M1.wav,2.0925,v,False,True,106.72470791477387,True
accepted,phone_M1.wav,2.1025,v,False,True,107.4100770136494,True
accepted,phone_M1.wav,2.1125,v,False,True,107.86309040722884,True
accepted,phone_M1.wav,2.1225,v,False,True,108.02281834490763,True
accepted,phone_M1.wav,2.1325,v,False,True,111.88225210863811,True
accepted,phone_M1.wav,2.1425,v,False,True,118.00649200745256,True
accepted,phone_M1.wav,2.1525,v,False,True,124.3848567746585,True
accepted,phone_M1.wav,2.1625,v,False,True,122.95619682168704,True
accepted,phone_M1.wav,2.1725,v,False,True,123.56984349641736,True
accepted,phone_M1.wav,2.1825,v,False,True,123.07444706677369,True
accepted,phone_M1.wav,2.1925,v,False,True,122.4221933124214,True
accepted,phone_M1.wav,2.2025,v,False,True,121.6367856829138,True
accepted,phone_M1.wav,2.2125,v,False,True,120.73263400830022,True
accepted,phone_M1.wav,2.2225,v,False,True,120.14094557811012,True
accepted,phone_M1.wav,2.2325,v,False,True,118.69131395207359,True
accepted,phone_M1.wav,2.2425,v,False,True,116.9447979097844,True
accepted,phone_M1.wav,2.2525,v,False,True,115.8009119023623,True
accepted,phone_M1.wav,2.2625,v,False,True,115.47179091371278,True
accepted,phone_M1.wav,2.2725,v,False,True,115.14306386909863,True
accepted,phone_M1.wav,2.2825,v,False,True,114.14893833980284,True
accepted,phone_M1.wav,2.2925,v,False,True,112.63941639570328,True
accepted,phone_M1.wav,2.3025,v,False,True,111.92537674071832,True
accepted,phone_M1.wav,2.3125,v,False,True,111.57656489314677,True
accepted,phone_M1.wav,2.3225,v,False,True,110.37877004485938,True
accepted,phone_M1.wav,2.3325,v,False,True,108.73659922317422,True
accepted,phone_M1.wav,2.3425,v,False,True,109.25995831699488,True
accepted,phone_M1.wav,2.3525,v,False,True,110.87975760228665,True
accepted,phone_M1.wav,2.3625,v,False,True,111.3011126670187,True
accepted,phone_M1.wav,2.3725,v,False,True,111.64809467689555,True
accepted,phone_M1.wav,2.3825,v,False,True,113.95374483979148,True
accepted,phone_M1.wav,2.3925,v,False,True,114.6112291757588,True
accepted,phone_M1.wav,2.4025,v,False,True,111.33654638840537,True
accepted,phone_M1.wav,2.4125,v,False,True,117.4564432341893,True
accepted,phone_M1.wav,2.4225,v,False,True,124.6333617250546,True
accepted,phone_M1.wav,2.4325,v,False,True,124.53436945774305,True
accepted,phone_M1.wav,2.4425,v,False,True,125.91706989480763,True
accepted,phone_M1.wav,2.4525,v,False,True,129.56278404425743,True
accepted,phone_M1.wav,2.4625,v,False,True,126.3184714082784,True
accepted,phone_M1.wav,2.4725,v,False,True,123.08582296697128,True
accepted,phone_M1.wav,2.4825,v,False,True,121.25950485043388,True
accepted,phone_M1.wav,2.4925,v,False,True,124.84752450501318,True
accepted,phone_M1.wav,2.5025,v,False,True,114.09485258687683,True
accepted,phone_M1.wav,2.5125,v,False,True,109.96891171142184,True
accepted,phone_M1.wav,2.5225,v,False,True,110.91156323233103,True
accepted,phone_M1.wav,2.5325,v,False,True,110.71972338426924,True
accepted,phone_M1.wav,2.5425,v,False,True,110.80358310713876,True
accepted,phone_M1.wav,2.5525,v,False,True,108.97471474607956,True
accepted,phone_M1.wav,2.5625,v,False,True,108.93798536150376,True
accepted,phone_M1.wav,2.5725,v,False,True,108.35634648161574,True
accepted,phone_M1.wav,2.5825,v,False,True,107.89136320477652,True
accepted,phone_M1.wav,2.5925,v,False,True,107.75121195397647,True
accepted,phone_M1.wav,2.6025,v,False,True,108.55706306845008,True
accepted,phone_M1.wav,2.6125,v,False,True,107.65075535771292,True
accepted,phone_M1.wav,2.6225,v,False,True,106.79968575873691,True
accepted,phone_M1.wav,2.6325,v,False,True,105.54543019505576,True
accepted,phone_M1.wav,2.6425,v,False,True,104.70384773496964,True
accepted,phone_M1.wav,2.6525,v,False,True,104.0736818325177,True
accepted,phone_M1.wav,2.6625,v,False,True,103.14478545043433,True
accepted,phone_M1.wav,2.6725,v,False,True,102.50718762125192,True
accepted,phone_M1.wav,2.6825,v,False,True,102.75836821149925,True
accepted,phone_M1.wav,2.6925,v,False,True,104.02664403445203,True
accepted,phone_M1.wav,2.7025,v,False,True,105.44868473827896,True
accepted,phone_M1.wav,2.7125,v,False,True,109.7753352394358,True
accepted,phone_M1.wav,2.7225,v,False,False,,True
accepted,phone_M1.wav,2.7325,v,False,False,,True
accepted,phone_M1.wav,2.7425,v,False,False,,True
accepted,phone_M1.wav,2.7525,v,False,False,,True
accepted,phone_M1.wav,2.7625,v,False,False,,True
accepted,phone_M1.wav,2.7725,v,True,False,,True
accepted,phone_M1.wav,2.7825,uv,True,False,,True
accepted,phone_M1.wav,2.7925,uv,False,False,,True
accepted,phone_M1.wav,2.8025,uv,False,False,,True
accepted,phone_M1.wav,2.8125,uv,False,False,,True
accepted,phone_M1.wav,2.8225,uv,False,False,,True
accepted,phone_M1.wav,2.8325,uv,False,False,,True
accepted,phone_M1.wav,2.8425,uv,False,False,,True
accepted,phone_M1.wav,2.8525,uv,True,False,,True
accepted,phone_M1.wav,2.8625,v,True,False,,True
accepted,phone_M1.wav,2.8725,v,False,True,133.42839761657203,True
accepted,phone_M1.wav,2.8825,v,False,True,135.03415750592836,True
accepted,phone_M1.wav,2.8925,v,False,True,135.50089540820733,True
accepted,phone_M1.wav,2.9025,v,False,True,135.40783590096015,True
accepted,phone_M1.wav,2.9125,v,False,True,137.35003506751227,True
accepted,phone_M1.wav,2.9225,v,True,True,139.55488975479207,True
accepted,phone_M1.wav,2.9325,uv,True,False,,True
accepted,phone_M1.wav,2.9425,uv,True,False,,True
accepted,phone_M1.wav,2.9525,uv,False,False,,True
accepted,phone_M1.wav,2.9625,uv,False,False,,True
accepted,phone_M1.wav,2.9725,uv,False,False,,True
accepted,phone_M1.wav,2.9825,uv,False,False,,True
accepted,phone_M1.wav,2.9925,uv,False,False,,True
accepted,phone_M1.wav,3.0025,uv,False,False,,True
accepted,phone_M1.wav,3.0125,uv,False,False,,True
accepted,phone_M1.wav,3.0225,uv,False,False,,True
accepted,phone_M1.wav,3.0325,uv,False,False,,True
accepted,phone_M1.wav,3.0425,uv,False,False,,True
accepted,phone_M1.wav,3.0525,uv,False,False,,True
accepted,phone_M1.wav,3.0625,uv,False,False,,True
accepted,phone_M1.wav,3.0725,uv,False,False,,True
accepted,phone_M1.wav,3.0825,uv,False,False,,True
accepted,phone_M1.wav,3.0925,uv,True,False,,True
accepted,phone_M1.wav,3.1025,v,True,True,104.06703203640188,True
accepted,phone_M1.wav,3.1125,v,True,True,94.56668925541747,True
accepted,phone_M1.wav,3.1225,v,False,True,97.46500827339034,True
accepted,phone_M1.wav,3.1325,v,False,True,94.92531828116317,True
accepted,phone_M1.wav,3.1425,v,False,True,93.10049556544288,True
accepted,phone_M1.wav,3.1525,v,False,True,94.40126573548169,True
accepted,phone_M1.wav,3.1625,v,False,True,95.87809911681168,True
accepted,phone_M1.wav,3.1725,v,False,True,98.32427185353555,True
accepted,phone_M1.wav,3.1825,v,False,True,101.7582661480768,True
accepted,phone_M1.wav,3.1925,v,False,True,101.1890015508098,True
accepted,phone_M1.wav,3.2025,v,False,True,100.47562679229497,True
accepted,phone_M1.wav,3.2125,v,False,True,99.56446701940217,True
accepted,phone_M1.wav,3.2225,v,False,True,99.19691538265705,True
accepted,phone_M1.wav,3.2325,v,False,True,99.06159519730019,True
accepted,phone_M1.wav,3.2425,v,False,True,99.87335505875993,True
accepted,phone_M1.wav,3.2525,v,False,True,101.8654648415283,True
accepted,phone_M1.wav,3.2625,v,False,True,106.3580984583638,True
accepted,phone_M1.wav,3.2725,v,False,True,110.95058061392017,True
accepted,phone_M1.wav,3.2825,v,True,True,110.58351630003392,True
accepted,phone_M1.wav,3.2925,uv,True,False,,True
accepted,phone_M1.wav,3.3025,uv,False,False,,True
accepted,phone_M1.wav,3.3125,uv,False,False,,True
accepted,phone_M1.wav,3.3225,uv,False,False,,True
accepted,phone_M1.wav,3.3325,uv,False,False,,True
accepted,phone_M1.wav,3.3425,uv,False,False,,True
accepted,phone_M1.wav,3.3525,uv,False,False,,True
accepted,phone_M1.wav,3.3625,uv,False,False,,True
accepted,phone_M1.wav,3.3725,uv,False,False,,True
accepted,phone_M1.wav,3.3825,uv,False,False,,True
accepted,phone_M1.wav,3.3925,uv,False,False,,True
accepted,phone_M1.wav,3.4025,uv,False,False,,True
accepted,phone_M1.wav,3.4125,uv,False,False,,True
accepted,phone_M1.wav,3.4225,uv,False,False,,True
accepted,phone_M1.wav,3.4325,uv,False,False,,True
accepted,phone_M1.wav,3.4425,uv,True,True,141.8783415505278,True
accepted,phone_M1.wav,3.4525,v,True,True,123.30162034721516,True
accepted,phone_M1.wav,3.4625,v,True,True,115.32701668055437,True
accepted,phone_M1.wav,3.4725,v,False,True,111.7266562080214,True
accepted,phone_M1.wav,3.4825,v,False,True,108.584774594921,True
accepted,phone_M1.wav,3.4925,v,False,True,105.63978792295556,True
accepted,phone_M1.wav,3.5025,v,False,True,103.01058304400505,True
accepted,phone_M1.wav,3.5125,v,True,True,101.90996019958574,True
accepted,phone_M1.wav,3.5225,sil,True,False,,True
accepted,phone_M1.wav,3.5325,sil,False,False,,True
accepted,phone_M1.wav,3.5425,sil,False,False,,True
accepted,phone_M1.wav,3.5525,sil,False,False,,True
accepted,phone_M1.wav,3.5625,sil,False,False,,True
accepted,phone_M1.wav,3.5725,sil,False,False,,True
accepted,phone_M1.wav,3.5825,sil,False,False,,True
accepted,phone_M1.wav,3.5925,sil,False,False,,True
accepted,phone_M1.wav,3.6025,sil,False,False,,True
accepted,phone_M1.wav,3.6125,sil,False,False,,True
accepted,phone_M1.wav,3.6225,sil,False,False,,True
accepted,phone_M1.wav,3.6325,sil,False,False,,True
accepted,phone_M1.wav,3.6425,sil,False,False,,True
accepted,phone_M1.wav,3.6525,sil,False,False,,True
accepted,phone_M1.wav,3.6625,sil,False,False,,True
accepted,phone_M1.wav,3.6725,sil,False,False,,True
accepted,phone_M1.wav,3.6825,sil,False,False,,True
accepted,phone_M1.wav,3.6925,sil,False,False,,True
accepted,phone_M1.wav,3.7025,sil,False,False,,True
accepted,phone_M1.wav,3.7125,sil,False,False,,True
accepted,phone_M1.wav,3.7225,sil,False,False,,True
accepted,phone_M1.wav,3.7325,sil,False,False,,True
accepted,phone_M1.wav,3.7425,sil,False,False,,True
accepted,phone_M1.wav,3.7525,sil,False,False,,True
accepted,phone_M1.wav,3.7625,sil,False,False,,True
accepted,phone_M1.wav,3.7725,sil,False,False,,True
accepted,phone_M1.wav,3.7825,sil,False,False,,True
accepted,phone_M1.wav,3.7925,sil,False,False,,True
accepted,phone_M1.wav,3.8025,sil,False,False,,True
accepted,phone_M1.wav,3.8125,sil,False,False,,True
accepted,phone_M1.wav,3.8225,sil,False,False,,True
accepted,phone_M1.wav,3.8325,sil,False,False,,True
accepted,phone_M1.wav,3.8425,sil,False,False,,True
accepted,phone_M1.wav,3.8525,sil,False,False,,True
accepted,phone_M1.wav,3.8625,sil,False,False,,True
accepted,phone_M1.wav,3.8725,sil,False,False,,True
accepted,phone_M1.wav,3.8825,sil,False,False,,True
accepted,phone_M1.wav,3.8925,sil,False,False,,True
accepted,phone_M1.wav,3.9025,sil,False,False,,True
accepted,phone_M1.wav,3.9125,sil,False,False,,True
accepted,phone_M1.wav,3.9225,sil,False,False,,True
accepted,phone_M1.wav,3.9325,sil,False,False,,True
accepted,phone_M1.wav,3.9425,sil,False,False,,True
accepted,phone_M1.wav,3.9525,sil,False,False,,True
accepted,phone_M1.wav,3.9625,sil,False,False,,True
accepted,phone_M1.wav,3.9725,sil,False,False,,True
accepted,phone_M1.wav,3.9825,sil,False,False,,True
accepted,phone_M1.wav,3.9925,sil,False,False,,True
accepted,phone_M1.wav,4.0025,sil,False,False,,True
accepted,phone_M1.wav,4.0125,sil,False,False,,True
accepted,phone_M1.wav,4.0225,sil,False,False,,True
accepted,phone_M1.wav,4.0325,sil,False,False,,True
accepted,phone_M1.wav,4.0425,sil,False,False,,True
accepted,phone_M1.wav,4.0525,sil,False,False,,True
accepted,phone_M1.wav,4.0625,sil,False,False,,True
accepted,phone_M1.wav,4.0725,sil,False,False,,True
accepted,phone_M1.wav,4.0825,sil,False,False,,True
accepted,phone_M1.wav,4.0925,sil,False,False,,True
accepted,phone_M1.wav,4.1025,sil,False,False,,True
accepted,phone_M1.wav,4.1125,sil,False,False,,True
accepted,phone_M1.wav,4.1225,sil,False,False,,True
accepted,phone_M1.wav,4.1325,sil,False,False,,True
accepted,phone_M1.wav,4.1425,sil,True,False,,False
candidate,phone_M1.wav,0.0125,sil,False,False,,False
candidate,phone_M1.wav,0.0225,sil,False,False,,True
candidate,phone_M1.wav,0.0325,sil,False,False,,True
candidate,phone_M1.wav,0.0425,sil,False,False,,True
candidate,phone_M1.wav,0.0525,sil,False,False,,True
candidate,phone_M1.wav,0.0625,sil,False,False,,True
candidate,phone_M1.wav,0.0725,sil,False,False,,True
candidate,phone_M1.wav,0.0825,sil,False,False,,True
candidate,phone_M1.wav,0.0925,sil,False,False,,True
candidate,phone_M1.wav,0.1025,sil,False,False,,True
candidate,phone_M1.wav,0.1125,sil,False,False,,True
candidate,phone_M1.wav,0.1225,sil,False,False,,True
candidate,phone_M1.wav,0.1325,sil,False,False,,True
candidate,phone_M1.wav,0.1425,sil,False,False,,True
candidate,phone_M1.wav,0.1525,sil,False,False,,True
candidate,phone_M1.wav,0.1625,sil,False,False,,True
candidate,phone_M1.wav,0.1725,sil,False,False,,True
candidate,phone_M1.wav,0.1825,sil,False,False,,True
candidate,phone_M1.wav,0.1925,sil,False,False,,True
candidate,phone_M1.wav,0.2025,sil,False,False,,True
candidate,phone_M1.wav,0.2125,sil,False,False,,True
candidate,phone_M1.wav,0.2225,sil,False,False,,True
candidate,phone_M1.wav,0.2325,sil,False,False,,True
candidate,phone_M1.wav,0.2425,sil,False,False,,True
candidate,phone_M1.wav,0.2525,sil,False,False,,True
candidate,phone_M1.wav,0.2625,sil,False,False,,True
candidate,phone_M1.wav,0.2725,sil,False,False,,True
candidate,phone_M1.wav,0.2825,sil,False,False,,True
candidate,phone_M1.wav,0.2925,sil,False,False,,True
candidate,phone_M1.wav,0.3025,sil,False,False,,True
candidate,phone_M1.wav,0.3125,sil,False,False,,True
candidate,phone_M1.wav,0.3225,sil,False,False,,True
candidate,phone_M1.wav,0.3325,sil,False,False,,True
candidate,phone_M1.wav,0.3425,sil,False,False,,True
candidate,phone_M1.wav,0.3525,sil,False,False,,True
candidate,phone_M1.wav,0.3625,sil,False,False,,True
candidate,phone_M1.wav,0.3725,sil,False,False,,True
candidate,phone_M1.wav,0.3825,sil,False,False,,True
candidate,phone_M1.wav,0.3925,sil,False,False,,True
candidate,phone_M1.wav,0.4025,sil,False,False,,True
candidate,phone_M1.wav,0.4125,sil,False,False,,True
candidate,phone_M1.wav,0.4225,sil,False,False,,True
candidate,phone_M1.wav,0.4325,sil,False,False,,True
candidate,phone_M1.wav,0.4425,sil,False,False,,True
candidate,phone_M1.wav,0.4525,sil,True,False,,True
candidate,phone_M1.wav,0.4625,v,True,False,,True
candidate,phone_M1.wav,0.4725,v,True,True,140.61140022952898,True
candidate,phone_M1.wav,0.4825,v,False,True,136.56715016977773,True
candidate,phone_M1.wav,0.4925,v,False,True,136.44348519005743,True
candidate,phone_M1.wav,0.5025,v,False,True,136.3866377159719,True
candidate,phone_M1.wav,0.5125,v,False,True,135.8206474638098,True
candidate,phone_M1.wav,0.5225,v,False,True,135.08132047142837,True
candidate,phone_M1.wav,0.5325,v,False,True,135.00097123327467,True
candidate,phone_M1.wav,0.5425,v,False,True,136.13695582343033,True
candidate,phone_M1.wav,0.5525,v,False,True,137.31248345292013,True
candidate,phone_M1.wav,0.5625,v,False,True,138.43561130339424,True
candidate,phone_M1.wav,0.5725,v,False,True,135.74634950396046,True
candidate,phone_M1.wav,0.5825,v,False,True,136.7477927202596,True
candidate,phone_M1.wav,0.5925,v,False,True,136.84700888757754,True
candidate,phone_M1.wav,0.6025,v,False,True,137.54971990534997,True
candidate,phone_M1.wav,0.6125,v,False,True,137.88325818934953,True
candidate,phone_M1.wav,0.6225,v,False,True,138.08614530158968,True
candidate,phone_M1.wav,0.6325,v,False,True,138.62005984651398,True
candidate,phone_M1.wav,0.6425,v,False,True,138.28200730552624,True
candidate,phone_M1.wav,0.6525,v,False,True,137.27781758679075,True
candidate,phone_M1.wav,0.6625,v,False,True,134.97087231020333,True
candidate,phone_M1.wav,0.6725,v,False,True,133.66099533633152,True
candidate,phone_M1.wav,0.6825,v,False,True,132.38680968449032,True
candidate,phone_M1.wav,0.6925,v,False,True,131.39266732884545,True
candidate,phone_M1.wav,0.7025,v,False,True,128.7752604499131,True
candidate,phone_M1.wav,0.7125,v,False,True,127.67606375592936,True
candidate,phone_M1.wav,0.7225,v,False,True,125.56179782949324,True
candidate,phone_M1.wav,0.7325,v,False,True,123.16819719957749,True
candidate,phone_M1.wav,0.7425,v,False,True,122.66703204853812,True
candidate,phone_M1.wav,0.7525,v,False,True,121.11374621287216,True
candidate,phone_M1.wav,0.7625,v,False,True,119.00814895197138,True
candidate,phone_M1.wav,0.7725,v,False,True,117.7853278848161,True
candidate,phone_M1.wav,0.7825,v,False,True,116.52211886070339,True
candidate,phone_M1.wav,0.7925,v,False,True,114.62539378572176,True
candidate,phone_M1.wav,0.8025,v,False,True,112.82781627458259,True
candidate,phone_M1.wav,0.8125,v,False,True,111.14156435978268,True
candidate,phone_M1.wav,0.8225,v,False,True,116.28312873591662,True
candidate,phone_M1.wav,0.8325,v,False,True,114.41498212036927,True
candidate,phone_M1.wav,0.8425,v,False,True,116.74269356745413,True
candidate,phone_M1.wav,0.8525,v,False,True,118.82750865703056,True
candidate,phone_M1.wav,0.8625,v,False,True,119.26760876149031,True
candidate,phone_M1.wav,0.8725,v,False,True,120.24963881767519,True
candidate,phone_M1.wav,0.8825,v,False,True,122.29471610696208,True
candidate,phone_M1.wav,0.8925,v,False,True,123.99110692288016,True
candidate,phone_M1.wav,0.9025,v,False,True,124.8469868004664,True
candidate,phone_M1.wav,0.9125,v,False,True,139.0919775933245,True
candidate,phone_M1.wav,0.9225,v,False,True,133.2138283390675,True
candidate,phone_M1.wav,0.9325,v,False,True,133.47013230100293,True
candidate,phone_M1.wav,0.9425,v,False,True,135.09107990412252,True
candidate,phone_M1.wav,0.9525,v,False,True,136.68967283805748,True
candidate,phone_M1.wav,0.9625,v,False,True,138.57149891211094,True
candidate,phone_M1.wav,0.9725,v,False,True,140.33816255588636,True
candidate,phone_M1.wav,0.9825,v,False,True,140.92630479493454,True
candidate,phone_M1.wav,0.9925,v,False,True,141.30103470323672,True
candidate,phone_M1.wav,1.0025,v,False,True,142.32520197098495,True
candidate,phone_M1.wav,1.0125,v,False,True,146.95179496537364,True
candidate,phone_M1.wav,1.0225,v,False,True,148.95930253914142,True
candidate,phone_M1.wav,1.0325,v,False,True,149.135094467618,True
candidate,phone_M1.wav,1.0425,v,False,True,149.11400777293022,True
candidate,phone_M1.wav,1.0525,v,False,True,149.3825306220188,True
candidate,phone_M1.wav,1.0625,v,False,True,149.16781199569718,True
candidate,phone_M1.wav,1.0725,v,False,True,147.99995079819035,True
candidate,phone_M1.wav,1.0825,v,False,True,146.77841764224308,True
candidate,phone_M1.wav,1.0925,v,False,True,144.77793042005513,True
candidate,phone_M1.wav,1.1025,v,False,True,143.04353365088463,True
candidate,phone_M1.wav,1.1125,v,False,True,142.45566061791,True
candidate,phone_M1.wav,1.1225,v,False,True,139.09220940637604,True
candidate,phone_M1.wav,1.1325,v,False,True,139.27045093983946,True
candidate,phone_M1.wav,1.1425,v,False,True,147.7313474131549,True
candidate,phone_M1.wav,1.1525,v,False,True,153.0131249503326,True
candidate,phone_M1.wav,1.1625,v,False,True,158.1147111391564,True
candidate,phone_M1.wav,1.1725,v,False,True,154.25159009489713,True
candidate,phone_M1.wav,1.1825,v,False,True,153.94311242385814,True
candidate,phone_M1.wav,1.1925,v,False,True,153.64577440710337,True
candidate,phone_M1.wav,1.2025,v,False,True,152.73431079045372,True
candidate,phone_M1.wav,1.2125,v,False,True,152.20421053692766,True
candidate,phone_M1.wav,1.2225,v,False,True,141.50403472079816,True
candidate,phone_M1.wav,1.2325,v,False,True,151.73885081497758,True
candidate,phone_M1.wav,1.2425,v,False,True,153.08702369789177,True
candidate,phone_M1.wav,1.2525,v,False,True,154.91567282801768,True
candidate,phone_M1.wav,1.2625,v,False,True,156.38048532964382,True
candidate,phone_M1.wav,1.2725,v,False,True,157.10717129820927,True
candidate,phone_M1.wav,1.2825,v,False,True,156.20068357342058,True
candidate,phone_M1.wav,1.2925,v,False,True,154.2817568784777,True
candidate,phone_M1.wav,1.3025,v,False,True,152.96783631546376,True
candidate,phone_M1.wav,1.3125,v,False,True,153.42235721812304,True
candidate,phone_M1.wav,1.3225,v,False,True,152.19360577282131,True
candidate,phone_M1.wav,1.3325,v,False,True,153.25331229705398,True
candidate,phone_M1.wav,1.3425,v,False,True,153.51672593769493,True
candidate,phone_M1.wav,1.3525,v,False,True,153.0324256693403,True
candidate,phone_M1.wav,1.3625,v,False,True,153.34732468764798,True
candidate,phone_M1.wav,1.3725,v,False,True,145.74613603074476,True
candidate,phone_M1.wav,1.3825,v,True,True,148.11189965784035,True
candidate,phone_M1.wav,1.3925,uv,True,False,,True
candidate,phone_M1.wav,1.4025,uv,False,False,,True
candidate,phone_M1.wav,1.4125,uv,False,False,,True
candidate,phone_M1.wav,1.4225,uv,False,False,,True
candidate,phone_M1.wav,1.4325,uv,False,False,,True
candidate,phone_M1.wav,1.4425,uv,False,False,,True
candidate,phone_M1.wav,1.4525,uv,False,False,,True
candidate,phone_M1.wav,1.4625,uv,False,False,,True
candidate,phone_M1.wav,1.4725,uv,False,False,,True
candidate,phone_M1.wav,1.4825,uv,False,False,,True
candidate,phone_M1.wav,1.4925,uv,True,False,,True
candidate,phone_M1.wav,1.5025,v,True,True,119.23040745677676,True
candidate,phone_M1.wav,1.5125,v,True,True,115.1711050464258,True
candidate,phone_M1.wav,1.5225,v,False,True,114.3334492153201,True
candidate,phone_M1.wav,1.5325,v,False,True,114.70073344682882,True
candidate,phone_M1.wav,1.5425,v,False,True,114.61224207408594,True
candidate,phone_M1.wav,1.5525,v,False,True,113.98988807536239,True
candidate,phone_M1.wav,1.5625,v,False,True,112.8595417530294,True
candidate,phone_M1.wav,1.5725,v,False,True,111.66867975031316,True
candidate,phone_M1.wav,1.5825,v,False,True,109.75429749905729,True
candidate,phone_M1.wav,1.5925,v,False,True,109.5823236913821,True
candidate,phone_M1.wav,1.6025,v,False,True,112.38966519933976,True
candidate,phone_M1.wav,1.6125,v,False,True,111.58528071938703,True
candidate,phone_M1.wav,1.6225,v,False,True,109.02525485396231,True
candidate,phone_M1.wav,1.6325,v,False,True,107.35206814817636,True
candidate,phone_M1.wav,1.6425,v,False,True,107.1689686105737,True
candidate,phone_M1.wav,1.6525,v,False,True,108.44724645304025,True
candidate,phone_M1.wav,1.6625,v,False,True,109.55152876518127,True
candidate,phone_M1.wav,1.6725,v,False,True,114.79784100300276,True
candidate,phone_M1.wav,1.6825,v,True,True,112.48648752783402,True
candidate,phone_M1.wav,1.6925,uv,True,True,113.72006026255401,True
candidate,phone_M1.wav,1.7025,uv,True,False,,True
candidate,phone_M1.wav,1.7125,uv,False,False,,True
candidate,phone_M1.wav,1.7225,uv,False,False,,True
candidate,phone_M1.wav,1.7325,uv,False,False,,True
candidate,phone_M1.wav,1.7425,uv,False,False,,True
candidate,phone_M1.wav,1.7525,uv,False,False,,True
candidate,phone_M1.wav,1.7625,uv,False,False,,True
candidate,phone_M1.wav,1.7725,uv,False,False,,True
candidate,phone_M1.wav,1.7825,uv,True,False,,True
candidate,phone_M1.wav,1.7925,v,True,True,118.71237286304867,True
candidate,phone_M1.wav,1.8025,v,True,True,122.91938039900599,True
candidate,phone_M1.wav,1.8125,v,False,True,120.99336471572163,True
candidate,phone_M1.wav,1.8225,v,False,True,121.12901048703986,True
candidate,phone_M1.wav,1.8325,v,False,True,120.67575270256879,True
candidate,phone_M1.wav,1.8425,v,False,True,120.42371991297419,True
candidate,phone_M1.wav,1.8525,v,False,True,119.44283468047868,True
candidate,phone_M1.wav,1.8625,v,False,True,117.18831733304071,True
candidate,phone_M1.wav,1.8725,v,False,True,116.37900102805615,True
candidate,phone_M1.wav,1.8825,v,False,True,114.04030097586997,True
candidate,phone_M1.wav,1.8925,v,False,True,112.48405817333624,True
candidate,phone_M1.wav,1.9025,v,False,True,111.42744784417076,True
candidate,phone_M1.wav,1.9125,v,False,True,110.52666286830384,True
candidate,phone_M1.wav,1.9225,v,False,True,110.04605462314947,True
candidate,phone_M1.wav,1.9325,v,False,True,106.56881259398136,True
candidate,phone_M1.wav,1.9425,v,False,True,103.21644471604483,True
candidate,phone_M1.wav,1.9525,v,False,True,100.43364716968338,True
candidate,phone_M1.wav,1.9625,v,False,True,98.11144657318252,True
candidate,phone_M1.wav,1.9725,v,False,False,,True
candidate,phone_M1.wav,1.9825,v,False,False,,True
candidate,phone_M1.wav,1.9925,v,False,False,,True
candidate,phone_M1.wav,2.0025,v,False,False,,True
candidate,phone_M1.wav,2.0125,v,False,False,,True
candidate,phone_M1.wav,2.0225,v,False,True,102.41908391983722,True
candidate,phone_M1.wav,2.0325,v,False,True,103.25870664082083,True
candidate,phone_M1.wav,2.0425,v,False,True,101.44537268993899,True
candidate,phone_M1.wav,2.0525,v,False,True,99.72290353219154,True
candidate,phone_M1.wav,2.0625,v,False,True,96.16163943404464,True
candidate,phone_M1.wav,2.0725,v,False,True,104.29427895441685,True
candidate,phone_M1.wav,2.0825,v,False,True,106.91052638484442,True
candidate,phone_M1.wav,2.0925,v,False,True,108.28548458580146,True
candidate,phone_M1.wav,2.1025,v,False,True,106.4341157869309,True
candidate,phone_M1.wav,2.1125,v,False,True,106.71535580299182,True
candidate,phone_M1.wav,2.1225,v,False,True,108.68880556411654,True
candidate,phone_M1.wav,2.1325,v,False,True,112.4885359182962,True
candidate,phone_M1.wav,2.1425,v,False,True,121.22513083615078,True
candidate,phone_M1.wav,2.1525,v,False,True,125.9582016301792,True
candidate,phone_M1.wav,2.1625,v,False,True,121.17142033902753,True
candidate,phone_M1.wav,2.1725,v,False,True,123.92386314623265,True
candidate,phone_M1.wav,2.1825,v,False,True,123.32378687732383,True
candidate,phone_M1.wav,2.1925,v,False,True,122.68248317556238,True
candidate,phone_M1.wav,2.2025,v,False,True,121.77149717229747,True
candidate,phone_M1.wav,2.2125,v,False,True,120.53340426110351,True
candidate,phone_M1.wav,2.2225,v,False,True,120.19262051230776,True
candidate,phone_M1.wav,2.2325,v,False,True,118.32377943103339,True
candidate,phone_M1.wav,2.2425,v,False,True,117.48548169616656,True
candidate,phone_M1.wav,2.2525,v,False,True,116.43248635174433,True
candidate,phone_M1.wav,2.2625,v,False,True,115.17158322287533,True
candidate,phone_M1.wav,2.2725,v,False,True,114.8877726677132,True
candidate,phone_M1.wav,2.2825,v,False,True,114.35637775101226,True
candidate,phone_M1.wav,2.2925,v,False,True,113.37764934938492,True
candidate,phone_M1.wav,2.3025,v,False,True,111.75821289757964,True
candidate,phone_M1.wav,2.3125,v,False,True,111.4764353683385,True
candidate,phone_M1.wav,2.3225,v,False,True,109.8129269930601,True
candidate,phone_M1.wav,2.3325,v,False,True,109.53171099417085,True
candidate,phone_M1.wav,2.3425,v,False,True,109.60150192519804,True
candidate,phone_M1.wav,2.3525,v,False,True,110.18367050708117,True
candidate,phone_M1.wav,2.3625,v,False,True,111.03388579701685,True
candidate,phone_M1.wav,2.3725,v,False,True,111.54831681121587,True
candidate,phone_M1.wav,2.3825,v,False,True,114.27726941683781,True
candidate,phone_M1.wav,2.3925,v,False,True,115.16687606473837,True
candidate,phone_M1.wav,2.4025,v,False,True,112.00273054078652,True
candidate,phone_M1.wav,2.4125,v,False,True,118.69867267462277,True
candidate,phone_M1.wav,2.4225,v,False,True,123.70723214100175,True
candidate,phone_M1.wav,2.4325,v,False,True,125.27083800229572,True
candidate,phone_M1.wav,2.4425,v,False,True,127.03238542403017,True
candidate,phone_M1.wav,2.4525,v,False,True,130.56989395421223,True
candidate,phone_M1.wav,2.4625,v,False,True,126.43069324681312,True
candidate,phone_M1.wav,2.4725,v,False,True,123.061773285868,True
candidate,phone_M1.wav,2.4825,v,False,True,121.68036719318604,True
candidate,phone_M1.wav,2.4925,v,False,True,127.33724727792367,True
candidate,phone_M1.wav,2.5025,v,False,True,110.33510582319578,True
candidate,phone_M1.wav,2.5125,v,False,True,110.90302432190406,True
candidate,phone_M1.wav,2.5225,v,False,True,111.19728472074651,True
candidate,phone_M1.wav,2.5325,v,False,True,110.64831399706564,True
candidate,phone_M1.wav,2.5425,v,False,True,111.18540295634656,True
candidate,phone_M1.wav,2.5525,v,False,True,109.3645320285213,True
candidate,phone_M1.wav,2.5625,v,False,True,109.55492082276245,True
candidate,phone_M1.wav,2.5725,v,False,True,108.35040061768765,True
candidate,phone_M1.wav,2.5825,v,False,True,108.58230211321587,True
candidate,phone_M1.wav,2.5925,v,False,True,108.07437149074819,True
candidate,phone_M1.wav,2.6025,v,False,True,108.01084333487032,True
candidate,phone_M1.wav,2.6125,v,False,True,107.48160983704298,True
candidate,phone_M1.wav,2.6225,v,False,True,106.68555904753099,True
candidate,phone_M1.wav,2.6325,v,False,True,105.95773605486261,True
candidate,phone_M1.wav,2.6425,v,False,True,104.51531977242507,True
candidate,phone_M1.wav,2.6525,v,False,True,104.0369418090266,True
candidate,phone_M1.wav,2.6625,v,False,True,103.33784470959671,True
candidate,phone_M1.wav,2.6725,v,False,True,102.70091353177507,True
candidate,phone_M1.wav,2.6825,v,False,True,102.59480407993908,True
candidate,phone_M1.wav,2.6925,v,False,True,103.15419753570292,True
candidate,phone_M1.wav,2.7025,v,False,True,103.72089219713192,True
candidate,phone_M1.wav,2.7125,v,False,True,111.95421419273394,True
candidate,phone_M1.wav,2.7225,v,False,False,,True
candidate,phone_M1.wav,2.7325,v,False,False,,True
candidate,phone_M1.wav,2.7425,v,False,False,,True
candidate,phone_M1.wav,2.7525,v,False,False,,True
candidate,phone_M1.wav,2.7625,v,False,False,,True
candidate,phone_M1.wav,2.7725,v,True,False,,True
candidate,phone_M1.wav,2.7825,uv,True,False,,True
candidate,phone_M1.wav,2.7925,uv,False,False,,True
candidate,phone_M1.wav,2.8025,uv,False,False,,True
candidate,phone_M1.wav,2.8125,uv,False,False,,True
candidate,phone_M1.wav,2.8225,uv,False,False,,True
candidate,phone_M1.wav,2.8325,uv,False,False,,True
candidate,phone_M1.wav,2.8425,uv,False,False,,True
candidate,phone_M1.wav,2.8525,uv,True,False,,True
candidate,phone_M1.wav,2.8625,v,True,False,,True
candidate,phone_M1.wav,2.8725,v,False,True,134.94177461351055,True
candidate,phone_M1.wav,2.8825,v,False,True,136.74338673966338,True
candidate,phone_M1.wav,2.8925,v,False,True,135.48923709559537,True
candidate,phone_M1.wav,2.9025,v,False,True,135.56390282023048,True
candidate,phone_M1.wav,2.9125,v,False,True,136.51759750395084,True
candidate,phone_M1.wav,2.9225,v,True,True,138.19315337122865,True
candidate,phone_M1.wav,2.9325,uv,True,False,,True
candidate,phone_M1.wav,2.9425,uv,True,False,,True
candidate,phone_M1.wav,2.9525,uv,False,False,,True
candidate,phone_M1.wav,2.9625,uv,False,False,,True
candidate,phone_M1.wav,2.9725,uv,False,False,,True
candidate,phone_M1.wav,2.9825,uv,False,False,,True
candidate,phone_M1.wav,2.9925,uv,False,False,,True
candidate,phone_M1.wav,3.0025,uv,False,False,,True
candidate,phone_M1.wav,3.0125,uv,False,False,,True
candidate,phone_M1.wav,3.0225,uv,False,False,,True
candidate,phone_M1.wav,3.0325,uv,False,False,,True
candidate,phone_M1.wav,3.0425,uv,False,False,,True
candidate,phone_M1.wav,3.0525,uv,False,False,,True
candidate,phone_M1.wav,3.0625,uv,False,False,,True
candidate,phone_M1.wav,3.0725,uv,False,False,,True
candidate,phone_M1.wav,3.0825,uv,False,False,,True
candidate,phone_M1.wav,3.0925,uv,True,False,,True
candidate,phone_M1.wav,3.1025,v,True,True,111.06561920424248,True
candidate,phone_M1.wav,3.1125,v,True,True,92.65515404521004,True
candidate,phone_M1.wav,3.1225,v,False,True,99.81372717963758,True
candidate,phone_M1.wav,3.1325,v,False,True,92.36570234129957,True
candidate,phone_M1.wav,3.1425,v,False,True,92.61064370184127,True
candidate,phone_M1.wav,3.1525,v,False,True,94.16937025600197,True
candidate,phone_M1.wav,3.1625,v,False,True,96.22364603018615,True
candidate,phone_M1.wav,3.1725,v,False,True,97.03815557500656,True
candidate,phone_M1.wav,3.1825,v,False,True,101.49544437530486,True
candidate,phone_M1.wav,3.1925,v,False,True,101.20151732066144,True
candidate,phone_M1.wav,3.2025,v,False,True,100.46275722054135,True
candidate,phone_M1.wav,3.2125,v,False,True,99.43251088619611,True
candidate,phone_M1.wav,3.2225,v,False,True,98.91809229956668,True
candidate,phone_M1.wav,3.2325,v,False,True,98.91360506456651,True
candidate,phone_M1.wav,3.2425,v,False,True,100.49477813003473,True
candidate,phone_M1.wav,3.2525,v,False,True,101.46294717793857,True
candidate,phone_M1.wav,3.2625,v,False,True,104.82484202557704,True
candidate,phone_M1.wav,3.2725,v,False,True,110.81949938859171,True
candidate,phone_M1.wav,3.2825,v,True,True,111.58735576198498,True
candidate,phone_M1.wav,3.2925,uv,True,False,,True
candidate,phone_M1.wav,3.3025,uv,False,False,,True
candidate,phone_M1.wav,3.3125,uv,False,False,,True
candidate,phone_M1.wav,3.3225,uv,False,False,,True
candidate,phone_M1.wav,3.3325,uv,False,False,,True
candidate,phone_M1.wav,3.3425,uv,False,False,,True
candidate,phone_M1.wav,3.3525,uv,False,False,,True
candidate,phone_M1.wav,3.3625,uv,False,False,,True
candidate,phone_M1.wav,3.3725,uv,False,False,,True
candidate,phone_M1.wav,3.3825,uv,False,False,,True
candidate,phone_M1.wav,3.3925,uv,False,False,,True
candidate,phone_M1.wav,3.4025,uv,False,False,,True
candidate,phone_M1.wav,3.4125,uv,False,False,,True
candidate,phone_M1.wav,3.4225,uv,False,False,,True
candidate,phone_M1.wav,3.4325,uv,False,False,,True
candidate,phone_M1.wav,3.4425,uv,True,True,138.0437578402067,True
candidate,phone_M1.wav,3.4525,v,True,True,117.55825286079047,True
candidate,phone_M1.wav,3.4625,v,True,True,116.92404410812499,True
candidate,phone_M1.wav,3.4725,v,False,True,112.78874015003151,True
candidate,phone_M1.wav,3.4825,v,False,True,108.91503630531122,True
candidate,phone_M1.wav,3.4925,v,False,True,105.5714102805694,True
candidate,phone_M1.wav,3.5025,v,False,True,102.54203393194399,True
candidate,phone_M1.wav,3.5125,v,True,True,95.82837727409543,True
candidate,phone_M1.wav,3.5225,sil,True,False,,True
candidate,phone_M1.wav,3.5325,sil,False,False,,True
candidate,phone_M1.wav,3.5425,sil,False,False,,True
candidate,phone_M1.wav,3.5525,sil,False,False,,True
candidate,phone_M1.wav,3.5625,sil,False,False,,True
candidate,phone_M1.wav,3.5725,sil,False,False,,True
candidate,phone_M1.wav,3.5825,sil,False,False,,True
candidate,phone_M1.wav,3.5925,sil,False,False,,True
candidate,phone_M1.wav,3.6025,sil,False,False,,True
candidate,phone_M1.wav,3.6125,sil,False,False,,True
candidate,phone_M1.wav,3.6225,sil,False,False,,True
candidate,phone_M1.wav,3.6325,sil,False,False,,True
candidate,phone_M1.wav,3.6425,sil,False,False,,True
candidate,phone_M1.wav,3.6525,sil,False,False,,True
candidate,phone_M1.wav,3.6625,sil,False,False,,True
candidate,phone_M1.wav,3.6725,sil,False,False,,True
candidate,phone_M1.wav,3.6825,sil,False,False,,True
candidate,phone_M1.wav,3.6925,sil,False,False,,True
candidate,phone_M1.wav,3.7025,sil,False,False,,True
candidate,phone_M1.wav,3.7125,sil,False,False,,True
candidate,phone_M1.wav,3.7225,sil,False,False,,True
candidate,phone_M1.wav,3.7325,sil,False,False,,True
candidate,phone_M1.wav,3.7425,sil,False,False,,True
candidate,phone_M1.wav,3.7525,sil,False,False,,True
candidate,phone_M1.wav,3.7625,sil,False,False,,True
candidate,phone_M1.wav,3.7725,sil,False,False,,True
candidate,phone_M1.wav,3.7825,sil,False,False,,True
candidate,phone_M1.wav,3.7925,sil,False,False,,True
candidate,phone_M1.wav,3.8025,sil,False,False,,True
candidate,phone_M1.wav,3.8125,sil,False,False,,True
candidate,phone_M1.wav,3.8225,sil,False,False,,True
candidate,phone_M1.wav,3.8325,sil,False,False,,True
candidate,phone_M1.wav,3.8425,sil,False,False,,True
candidate,phone_M1.wav,3.8525,sil,False,False,,True
candidate,phone_M1.wav,3.8625,sil,False,False,,True
candidate,phone_M1.wav,3.8725,sil,False,False,,True
candidate,phone_M1.wav,3.8825,sil,False,False,,True
candidate,phone_M1.wav,3.8925,sil,False,False,,True
candidate,phone_M1.wav,3.9025,sil,False,False,,True
candidate,phone_M1.wav,3.9125,sil,False,False,,True
candidate,phone_M1.wav,3.9225,sil,False,False,,True
candidate,phone_M1.wav,3.9325,sil,False,False,,True
candidate,phone_M1.wav,3.9425,sil,False,False,,True
candidate,phone_M1.wav,3.9525,sil,False,False,,True
candidate,phone_M1.wav,3.9625,sil,False,False,,True
candidate,phone_M1.wav,3.9725,sil,False,False,,True
candidate,phone_M1.wav,3.9825,sil,False,False,,True
candidate,phone_M1.wav,3.9925,sil,False,False,,True
candidate,phone_M1.wav,4.0025,sil,False,False,,True
candidate,phone_M1.wav,4.0125,sil,False,False,,True
candidate,phone_M1.wav,4.0225,sil,False,False,,True
candidate,phone_M1.wav,4.0325,sil,False,False,,True
candidate,phone_M1.wav,4.0425,sil,False,False,,True
candidate,phone_M1.wav,4.0525,sil,False,False,,True
candidate,phone_M1.wav,4.0625,sil,False,False,,True
candidate,phone_M1.wav,4.0725,sil,False,False,,True
candidate,phone_M1.wav,4.0825,sil,False,False,,True
candidate,phone_M1.wav,4.0925,sil,False,False,,True
candidate,phone_M1.wav,4.1025,sil,False,False,,True
candidate,phone_M1.wav,4.1125,sil,False,False,,True
candidate,phone_M1.wav,4.1225,sil,False,False,,True
candidate,phone_M1.wav,4.1325,sil,False,False,,True
candidate,phone_M1.wav,4.1425,sil,True,False,,False
accepted,studio_F1.wav,0.012494331065759636,sil,True,False,,False
accepted,studio_F1.wav,0.022494331065759637,sil,False,False,,True
accepted,studio_F1.wav,0.032494331065759635,sil,False,False,,True
accepted,studio_F1.wav,0.04249433106575964,sil,False,False,,True
accepted,studio_F1.wav,0.05249433106575964,sil,False,False,,True
accepted,studio_F1.wav,0.062494331065759634,sil,False,False,,True
accepted,studio_F1.wav,0.07249433106575964,sil,False,False,,True
accepted,studio_F1.wav,0.08249433106575964,sil,False,False,,True
accepted,studio_F1.wav,0.09249433106575963,sil,False,False,,True
accepted,studio_F1.wav,0.10249433106575964,sil,False,False,,True
accepted,studio_F1.wav,0.11249433106575964,sil,False,False,,True
accepted,studio_F1.wav,0.12249433106575963,sil,False,False,,True
accepted,studio_F1.wav,0.13249433106575964,sil,False,False,,True
accepted,studio_F1.wav,0.14249433106575965,sil,False,False,,True
accepted,studio_F1.wav,0.15249433106575963,sil,False,False,,True
accepted,studio_F1.wav,0.16249433106575964,sil,False,False,,True
accepted,studio_F1.wav,0.17249433106575965,sil,False,False,,True
accepted,studio_F1.wav,0.18249433106575963,sil,False,False,,True
accepted,studio_F1.wav,0.19249433106575964,sil,False,False,,True
accepted,studio_F1.wav,0.20249433106575965,sil,False,False,,True
accepted,studio_F1.wav,0.21249433106575963,sil,False,False,,True
accepted,studio_F1.wav,0.22249433106575964,sil,False,False,,True
accepted,studio_F1.wav,0.23249433106575965,sil,False,False,,True
accepted,studio_F1.wav,0.24249433106575963,sil,False,False,,True
accepted,studio_F1.wav,0.25249433106575964,sil,False,False,,True
accepted,studio_F1.wav,0.26249433106575965,sil,False,False,,True
accepted,studio_F1.wav,0.27249433106575965,sil,False,False,,True
accepted,studio_F1.wav,0.28249433106575966,sil,False,False,,True
accepted,studio_F1.wav,0.2924943310657596,sil,False,False,,True
accepted,studio_F1.wav,0.3024943310657596,sil,False,False,,True
accepted,studio_F1.wav,0.31249433106575963,sil,False,False,,True
accepted,studio_F1.wav,0.32249433106575964,sil,False,False,,True
accepted,studio_F1.wav,0.33249433106575965,sil,False,False,,True
accepted,studio_F1.wav,0.34249433106575966,sil,False,False,,True
accepted,studio_F1.wav,0.3524943310657596,sil,False,False,,True
accepted,studio_F1.wav,0.3624943310657596,sil,False,False,,True
accepted,studio_F1.wav,0.37249433106575963,sil,False,False,,True
accepted,studio_F1.wav,0.38249433106575964,sil,False,False,,True
accepted,studio_F1.wav,0.39249433106575965,sil,False,False,,True
accepted,studio_F1.wav,0.40249433106575966,sil,False,False,,True
accepted,studio_F1.wav,0.4124943310657596,sil,False,False,,True
accepted,studio_F1.wav,0.4224943310657596,sil,False,False,,True
accepted,studio_F1.wav,0.43249433106575963,sil,False,False,,True
accepted,studio_F1.wav,0.44249433106575964,sil,False,False,,True
accepted,studio_F1.wav,0.45249433106575965,sil,False,False,,True
accepted,studio_F1.wav,0.46249433106575966,sil,False,False,,True
accepted,studio_F1.wav,0.4724943310657596,sil,False,False,,True
accepted,studio_F1.wav,0.4824943310657596,sil,False,False,,True
accepted,studio_F1.wav,0.4924943310657596,sil,False,False,,True
accepted,studio_F1.wav,0.5024943310657597,sil,False,False,,True
accepted,studio_F1.wav,0.5124943310657596,sil,False,False,,True
accepted,studio_F1.wav,0.5224943310657596,sil,False,False,,True
accepted,studio_F1.wav,0.5324943310657596,sil,False,False,,True
accepted,studio_F1.wav,0.5424943310657596,sil,False,False,,True
accepted,studio_F1.wav,0.5524943310657596,sil,False,False,,True
accepted,studio_F1.wav,0.5624943310657596,sil,False,False,,True
accepted,studio_F1.wav,0.5724943310657596,sil,False,False,,True
accepted,studio_F1.wav,0.5824943310657597,sil,False,False,,True
accepted,studio_F1.wav,0.5924943310657597,sil,False,False,,True
accepted,studio_F1.wav,0.6024943310657597,sil,False,False,,True
accepted,studio_F1.wav,0.6124943310657597,sil,False,False,,True
accepted,studio_F1.wav,0.6224943310657597,sil,False,False,,True
accepted,studio_F1.wav,0.6324943310657596,sil,False,False,,True
accepted,studio_F1.wav,0.6424943310657596,sil,False,False,,True
accepted,studio_F1.wav,0.6524943310657596,sil,False,False,,True
accepted,studio_F1.wav,0.6624943310657596,sil,False,False,,True
accepted,studio_F1.wav,0.6724943310657596,sil,True,False,,True
accepted,studio_F1.wav,0.6824943310657596,uv,True,False,,True
accepted,studio_F1.wav,0.6924943310657596,uv,True,True,273.75356450735774,True
accepted,studio_F1.wav,0.7024943310657596,v,True,True,271.5012405522591,True
accepted,studio_F1.wav,0.7124943310657597,v,True,True,268.56593577936246,True
accepted,studio_F1.wav,0.7224943310657597,v,False,True,264.88379645951085,True
accepted,studio_F1.wav,0.7324943310657597,v,False,True,260.91183475666446,True
accepted,studio_F1.wav,0.7424943310657597,v,False,True,258.4636179134388,True
accepted,studio_F1.wav,0.7524943310657597,v,False,True,256.3276159040268,True
accepted,studio_F1.wav,0.7624943310657596,v,False,True,253.64706829842763,True
accepted,studio_F1.wav,0.7724943310657596,v,False,True,247.10040868155568,True
accepted,studio_F1.wav,0.7824943310657596,v,False,True,238.28201791544933,True
accepted,studio_F1.wav,0.7924943310657596,v,False,True,239.65151182460232,True
accepted,studio_F1.wav,0.8024943310657596,v,False,True,245.18192742051573,True
accepted,studio_F1.wav,0.8124943310657596,v,False,True,247.60027380842257,True
accepted,studio_F1.wav,0.8224943310657596,v,False,True,247.22992277252376,True
accepted,studio_F1.wav,0.8324943310657597,v,False,True,246.29892294996597,True
accepted,studio_F1.wav,0.8424943310657597,v,False,True,245.6773936754288,True
accepted,studio_F1.wav,0.8524943310657597,v,False,True,245.1995620579795,True
accepted,studio_F1.wav,0.8624943310657597,v,False,True,244.04960614303312,True
accepted,studio_F1.wav,0.8724943310657597,v,False,True,242.5696359961707,True
accepted,studio_F1.wav,0.8824943310657596,v,False,True,241.02904628251397,True
accepted,studio_F1.wav,0.8924943310657596,v,False,True,238.7376732791404,True
accepted,studio_F1.wav,0.9024943310657596,v,False,True,232.5303690951584,True
accepted,studio_F1.wav,0.9124943310657596,v,False,True,223.61394207825293,True
accepted,studio_F1.wav,0.9224943310657596,v,False,True,223.43950057390373,True
accepted,studio_F1.wav,0.9324943310657596,v,False,True,225.50285419301343,True
accepted,studio_F1.wav,0.9424943310657596,v,False,True,230.19690359909788,True
accepted,studio_F1.wav,0.9524943310657596,v,False,True,239.16883871801264,True
accepted,studio_F1.wav,0.9624943310657597,v,False,True,251.3466159068859,True
accepted,studio_F1.wav,0.9724943310657597,v,False,True,253.36411813086232,True
accepted,studio_F1.wav,0.9824943310657597,v,False,True,249.2870763131172,True
accepted,studio_F1.wav,0.9924943310657597,v,False,True,242.46293063219588,True
accepted,studio_F1.wav,1.0024943310657597,v,False,True,243.96108341402393,True
accepted,studio_F1.wav,1.0124943310657597,v,False,True,272.29342361748746,True
accepted,studio_F1.wav,1.0224943310657597,v,False,True,276.1749867864865,True
accepted,studio_F1.wav,1.0324943310657597,v,False,True,282.5040701561445,True
accepted,studio_F1.wav,1.0424943310657597,v,False,True,288.83720388785633,True
accepted,studio_F1.wav,1.0524943310657597,v,False,True,293.0825248937574,True
accepted,studio_F1.wav,1.0624943310657597,v,False,True,293.5139586376508,True
accepted,studio_F1.wav,1.0724943310657595,v,False,True,287.2428940507339,True
accepted,studio_F1.wav,1.0824943310657595,v,False,True,278.15025347463734,True
accepted,studio_F1.wav,1.0924943310657595,v,True,False,,True
accepted,studio_F1.wav,1.1024943310657596,uv,True,False,,True
accepted,studio_F1.wav,1.1124943310657596,uv,True,False,,True
accepted,studio_F1.wav,1.1224943310657596,uv,True,True,298.71367714869126,True
accepted,studio_F1.wav,1.1324943310657596,v,True,True,286.62743147244186,True
accepted,studio_F1.wav,1.1424943310657596,v,True,True,269.99086640434075,True
accepted,studio_F1.wav,1.1524943310657596,v,False,True,253.14345027998672,True
accepted,studio_F1.wav,1.1624943310657596,v,False,True,246.0955616257472,True
accepted,studio_F1.wav,1.1724943310657596,v,False,True,243.4496444924748,True
accepted,studio_F1.wav,1.1824943310657596,v,False,True,243.06053505324607,True
accepted,studio_F1.wav,1.1924943310657596,v,False,True,240.5534117585532,True
accepted,studio_F1.wav,1.2024943310657596,v,False,True,228.8569988874069,True
accepted,studio_F1.wav,1.2124943310657597,v,True,False,,True
accepted,studio_F1.wav,1.2224943310657597,uv,True,False,,True
accepted,studio_F1.wav,1.2324943310657597,uv,True,False,,True
accepted,studio_F1.wav,1.2424943310657597,uv,False,False,,True
accepted,studio_F1.wav,1.2524943310657597,uv,False,False,,True
accepted,studio_F1.wav,1.2624943310657597,uv,True,True,307.4011687131925,True
accepted,studio_F1.wav,1.2724943310657597,v,True,True,313.8065718581404,True
accepted,studio_F1.wav,1.2824943310657597,v,True,True,315.08966394837574,True
accepted,studio_F1.wav,1.2924943310657597,v,False,True,317.8404502327399,True
accepted,studio_F1.wav,1.3024943310657597,v,False,True,316.871299329206,True
accepted,studio_F1.wav,1.3124943310657597,v,False,True,308.73066638184537,True
accepted,studio_F1.wav,1.3224943310657595,v,False,True,295.05441322061773,True
accepted,studio_F1.wav,1.3324943310657595,v,False,True,279.7901598785315,True
accepted,studio_F1.wav,1.3424943310657595,v,False,True,263.6179225036123,True
accepted,studio_F1.wav,1.3524943310657596,v,False,True,244.12313190233763,True
accepted,studio_F1.wav,1.3624943310657596,v,False,True,230.5370772939769,True
accepted,studio_F1.wav,1.3724943310657596,v,False,True,218.83581193977295,True
accepted,studio_F1.wav,1.3824943310657596,v,False,True,210.19092240901,True
accepted,studio_F1.wav,1.3924943310657596,v,False,True,203.73360459878472,True
accepted,studio_F1.wav,1.4024943310657596,v,False,True,199.3844737380857,True
accepted,studio_F1.wav,1.4124943310657596,v,False,True,194.4430333354802,True
accepted,studio_F1.wav,1.4224943310657596,v,False,True,191.36506131902303,True
accepted,studio_F1.wav,1.4324943310657596,v,False,True,200.13091801329855,True
accepted,studio_F1.wav,1.4424943310657596,v,False,True,202.0640747831672,True
accepted,studio_F1.wav,1.4524943310657596,v,False,True,203.4294720104164,True
accepted,studio_F1.wav,1.4624943310657597,v,False,True,206.54013819016268,True
accepted,studio_F1.wav,1.4724943310657597,v,False,True,210.92607971063643,True
accepted,studio_F1.wav,1.4824943310657597,v,False,True,214.6788591524029,True
accepted,studio_F1.wav,1.4924943310657597,v,False,True,218.56372618184585,True
accepted,studio_F1.wav,1.5024943310657597,v,False,True,218.1505801093796,True
accepted,studio_F1.wav,1.5124943310657597,v,False,True,215.71195558809316,True
accepted,studio_F1.wav,1.5224943310657597,v,False,True,213.17846232638092,True
accepted,studio_F1.wav,1.5324943310657597,v,False,True,210.03726280049955,True
accepted,studio_F1.wav,1.5424943310657597,v,False,True,206.42493771158416,True
accepted,studio_F1.wav,1.5524943310657597,v,False,True,198.97126733794192,True
accepted,studio_F1.wav,1.5624943310657597,v,False,True,196.82422064173647,True
accepted,studio_F1.wav,1.5724943310657595,v,False,True,200.0999380662913,True
accepted,studio_F1.wav,1.5824943310657595,v,False,True,199.30708888311528,True
accepted,studio_F1.wav,1.5924943310657595,v,False,True,197.2368651372678,True
accepted,studio_F1.wav,1.6024943310657596,v,False,True,196.9659210489488,True
accepted,studio_F1.wav,1.6124943310657596,v,False,True,197.49520089765096,True
accepted,studio_F1.wav,1.6224943310657596,v,False,True,195.32821749406688,True
accepted,studio_F1.wav,1.6324943310657596,v,False,True,187.87057387625828,True
accepted,studio_F1.wav,1.6424943310657596,v,True,True,178.862734226114,True
accepted,studio_F1.wav,1.6524943310657596,uv,True,False,,True
accepted,studio_F1.wav,1.6624943310657596,uv,True,False,,True
accepted,studio_F1.wav,1.6724943310657596,uv,False,False,,True
accepted,studio_F1.wav,1.6824943310657596,uv,False,False,,True
accepted,studio_F1.wav,1.6924943310657596,uv,True,False,,True
accepted,studio_F1.wav,1.7024943310657596,v,True,True,250.06335569213263,True
accepted,studio_F1.wav,1.7124943310657597,v,True,True,241.60418065142304,True
accepted,studio_F1.wav,1.7224943310657597,v,False,True,232.76963153945897,True
accepted,studio_F1.wav,1.7324943310657597,v,False,True,227.30844339064336,True
accepted,studio_F1.wav,1.7424943310657597,v,False,True,221.8669009880739,True
accepted,studio_F1.wav,1.7524943310657597,v,True,True,210.8010297115502,True
accepted,studio_F1.wav,1.7624943310657597,uv,True,False,,True
accepted,studio_F1.wav,1.7724943310657597,uv,True,False,,True
accepted,studio_F1.wav,1.7824943310657597,uv,True,False,,True
accepted,studio_F1.wav,1.7924943310657597,v,True,False,,True
accepted,studio_F1.wav,1.8024943310657597,v,True,True,174.74005887608055,True
accepted,studio_F1.wav,1.8124943310657597,v,False,True,185.677711831884,True
accepted,studio_F1.wav,1.8224943310657595,v,False,True,197.91632095713015,True
accepted,studio_F1.wav,1.8324943310657595,v,False,True,196.28347166924337,True
accepted,studio_F1.wav,1.8424943310657595,v,False,True,198.92016746384328,True
accepted,studio_F1.wav,1.8524943310657596,v,True,False,,True
accepted,studio_F1.wav,1.8624943310657596,uv,True,False,,True
accepted,studio_F1.wav,1.8724943310657596,uv,True,False,,True
accepted,studio_F1.wav,1.8824943310657596,uv,False,False,,True
accepted,studio_F1.wav,1.8924943310657596,uv,False,False,,True
accepted,studio_F1.wav,1.9024943310657596,uv,False,False,,True
accepted,studio_F1.wav,1.9124943310657596,uv,True,True,243.06398568956664,True
accepted,studio_F1.wav,1.9224943310657596,v,True,True,227.47991792301707,True
accepted,studio_F1.wav,1.9324943310657596,v,True,True,217.876169821719,True
accepted,studio_F1.wav,1.9424943310657596,v,False,True,212.44005985714583,True
accepted,studio_F1.wav,1.9524943310657596,v,False,True,209.48198254631373,True
accepted,studio_F1.wav,1.9624943310657597,v,False,True,207.45165698280144,True
accepted,studio_F1.wav,1.9724943310657597,v,False,True,205.55608308898667,True
accepted,studio_F1.wav,1.9824943310657597,v,False,True,203.09644126100025,True
accepted,studio_F1.wav,1.9924943310657597,v,False,True,201.22263977880553,True
accepted,studio_F1.wav,2.0024943310657597,v,False,True,199.99645222375335,True
accepted,studio_F1.wav,2.0124943310657595,v,False,True,198.69654090417436,True
accepted,studio_F1.wav,2.0224943310657597,v,False,True,196.80762476564695,True
accepted,studio_F1.wav,2.0324943310657595,v,False,True,195.2973099131036,True
accepted,studio_F1.wav,2.0424943310657597,v,False,True,193.4242366915712,True
accepted,studio_F1.wav,2.0524943310657595,v,False,True,190.9104718179155,True
accepted,studio_F1.wav,2.0624943310657597,v,False,True,189.78363805075676,True
accepted,studio_F1.wav,2.0724943310657595,v,False,True,189.71232347270643,True
accepted,studio_F1.wav,2.0824943310657598,v,False,True,188.0985726694689,True
accepted,studio_F1.wav,2.0924943310657595,v,False,True,186.17851703968583,True
accepted,studio_F1.wav,2.10249433106576,v,False,True,184.6329190114916,True
accepted,studio_F1.wav,2.1124943310657596,v,False,True,182.16647281890891,True
accepted,studio_F1.wav,2.12249433106576,v,False,True,178.68887170774124,True
accepted,studio_F1.wav,2.1324943310657596,v,False,True,172.3196801639259,True
accepted,studio_F1.wav,2.14249433106576,v,True,True,164.25478295181935,True
accepted,studio_F1.wav,2.1524943310657596,sil,True,False,,True
accepted,studio_F1.wav,2.16249433106576,sil,True,False,,True
accepted,studio_F1.wav,2.1724943310657596,sil,False,False,,True
accepted,studio_F1.wav,2.18249433106576,sil,False,False,,True
accepted,studio_F1.wav,2.1924943310657596,sil,False,False,,True
accepted,studio_F1.wav,2.2024943310657594,sil,False,False,,True
accepted,studio_F1.wav,2.2124943310657597,sil,False,False,,True
accepted,studio_F1.wav,2.2224943310657594,sil,False,False,,True
accepted,studio_F1.wav,2.2324943310657597,sil,False,False,,True
accepted,studio_F1.wav,2.2424943310657595,sil,False,False,,True
accepted,studio_F1.wav,2.2524943310657597,sil,False,False,,True
accepted,studio_F1.wav,2.2624943310657595,sil,False,False,,True
accepted,studio_F1.wav,2.2724943310657597,sil,False,False,,True
accepted,studio_F1.wav,2.2824943310657595,sil,False,False,,True
accepted,studio_F1.wav,2.2924943310657597,sil,False,False,,True
accepted,studio_F1.wav,2.3024943310657595,sil,False,False,,True
accepted,studio_F1.wav,2.3124943310657597,sil,False,False,,True
accepted,studio_F1.wav,2.3224943310657595,sil,False,False,,True
accepted,studio_F1.wav,2.3324943310657598,sil,False,False,,True
accepted,studio_F1.wav,2.3424943310657595,sil,False,False,,True
accepted,studio_F1.wav,2.35249433106576,sil,False,False,,True
accepted,studio_F1.wav,2.3624943310657596,sil,False,False,,True
accepted,studio_F1.wav,2.37249433106576,sil,False,False,,True
accepted,studio_F1.wav,2.3824943310657596,sil,False,False,,True
accepted,studio_F1.wav,2.39249433106576,sil,False,False,,True
accepted,studio_F1.wav,2.4024943310657596,sil,False,False,,True
accepted,studio_F1.wav,2.41249433106576,sil,False,False,,True
accepted,studio_F1.wav,2.4224943310657596,sil,False,False,,True
accepted,studio_F1.wav,2.43249433106576,sil,False,False,,True
accepted,studio_F1.wav,2.4424943310657596,sil,False,False,,True
accepted,studio_F1.wav,2.4524943310657594,sil,False,False,,True
accepted,studio_F1.wav,2.4624943310657597,sil,False,False,,True
accepted,studio_F1.wav,2.4724943310657594,sil,False,False,,True
accepted,studio_F1.wav,2.4824943310657597,sil,False,False,,True
accepted,studio_F1.wav,2.4924943310657595,sil,False,False,,True
accepted,studio_F1.wav,2.5024943310657597,sil,False,False,,True
accepted,studio_F1.wav,2.5124943310657595,sil,False,False,,True
accepted,studio_F1.wav,2.5224943310657597,sil,False,False,,True
accepted,studio_F1.wav,2.5324943310657595,sil,False,False,,True
accepted,studio_F1.wav,2.5424943310657597,sil,False,False,,True
accepted,studio_F1.wav,2.5524943310657595,sil,False,False,,True
accepted,studio_F1.wav,2.5624943310657597,sil,False,False,,True
accepted,studio_F1.wav,2.5724943310657595,sil,False,False,,True
accepted,studio_F1.wav,2.5824943310657598,sil,False,False,,True
accepted,studio_F1.wav,2.5924943310657595,sil,False,False,,True
accepted,studio_F1.wav,2.60249433106576,sil,False,False,,True
accepted,studio_F1.wav,2.6124943310657596,sil,False,False,,True
accepted,studio_F1.wav,2.62249433106576,sil,False,False,,True
accepted,studio_F1.wav,2.6324943310657596,sil,False,False,,True
accepted,studio_F1.wav,2.64249433106576,sil,False,False,,True
accepted,studio_F1.wav,2.6524943310657596,sil,False,False,,True
accepted,studio_F1.wav,2.66249433106576,sil,False,False,,True
accepted,studio_F1.wav,2.6724943310657596,sil,False,False,,True
accepted,studio_F1.wav,2.68249433106576,sil,False,False,,True
accepted,studio_F1.wav,2.6924943310657596,sil,False,False,,True
accepted,studio_F1.wav,2.7024943310657594,sil,False,False,,True
accepted,studio_F1.wav,2.7124943310657597,sil,False,False,,True
accepted,studio_F1.wav,2.7224943310657594,sil,False,False,,True
accepted,studio_F1.wav,2.7324943310657597,sil,False,False,,True
accepted,studio_F1.wav,2.7424943310657595,sil,False,False,,True
accepted,studio_F1.wav,2.7524943310657597,sil,False,False,,True
accepted,studio_F1.wav,2.7624943310657595,sil,False,False,,True
accepted,studio_F1.wav,2.7724943310657597,sil,False,False,,True
accepted,studio_F1.wav,2.7824943310657595,sil,False,False,,True
accepted,studio_F1.wav,2.7924943310657597,sil,False,False,,True
accepted,studio_F1.wav,2.8024943310657595,sil,False,False,,True
accepted,studio_F1.wav,2.8124943310657597,sil,False,False,,True
accepted,studio_F1.wav,2.8224943310657595,sil,False,False,,True
accepted,studio_F1.wav,2.8324943310657598,sil,False,False,,True
accepted,studio_F1.wav,2.8424943310657595,sil,False,False,,True
candidate,studio_F1.wav,0.012494331065759636,sil,True,False,,False
candidate,studio_F1.wav,0.022494331065759637,sil,False,False,,True
candidate,studio_F1.wav,0.032494331065759635,sil,False,False,,True
candidate,studio_F1.wav,0.04249433106575964,sil,False,False,,True
candidate,studio_F1.wav,0.05249433106575964,sil,False,False,,True
candidate,studio_F1.wav,0.062494331065759634,sil,False,False,,True
candidate,studio_F1.wav,0.07249433106575964,sil,False,False,,True
candidate,studio_F1.wav,0.08249433106575964,sil,False,False,,True
candidate,studio_F1.wav,0.09249433106575963,sil,False,False,,True
candidate,studio_F1.wav,0.10249433106575964,sil,False,False,,True
candidate,studio_F1.wav,0.11249433106575964,sil,False,False,,True
candidate,studio_F1.wav,0.12249433106575963,sil,False,False,,True
candidate,studio_F1.wav,0.13249433106575964,sil,False,False,,True
candidate,studio_F1.wav,0.14249433106575965,sil,False,False,,True
candidate,studio_F1.wav,0.15249433106575963,sil,False,False,,True
candidate,studio_F1.wav,0.16249433106575964,sil,False,False,,True
candidate,studio_F1.wav,0.17249433106575965,sil,False,False,,True
candidate,studio_F1.wav,0.18249433106575963,sil,False,False,,True
candidate,studio_F1.wav,0.19249433106575964,sil,False,False,,True
candidate,studio_F1.wav,0.20249433106575965,sil,False,False,,True
candidate,studio_F1.wav,0.21249433106575963,sil,False,False,,True
candidate,studio_F1.wav,0.22249433106575964,sil,False,False,,True
candidate,studio_F1.wav,0.23249433106575965,sil,False,False,,True
candidate,studio_F1.wav,0.24249433106575963,sil,False,False,,True
candidate,studio_F1.wav,0.25249433106575964,sil,False,False,,True
candidate,studio_F1.wav,0.26249433106575965,sil,False,False,,True
candidate,studio_F1.wav,0.27249433106575965,sil,False,False,,True
candidate,studio_F1.wav,0.28249433106575966,sil,False,False,,True
candidate,studio_F1.wav,0.2924943310657596,sil,False,False,,True
candidate,studio_F1.wav,0.3024943310657596,sil,False,False,,True
candidate,studio_F1.wav,0.31249433106575963,sil,False,False,,True
candidate,studio_F1.wav,0.32249433106575964,sil,False,False,,True
candidate,studio_F1.wav,0.33249433106575965,sil,False,False,,True
candidate,studio_F1.wav,0.34249433106575966,sil,False,False,,True
candidate,studio_F1.wav,0.3524943310657596,sil,False,False,,True
candidate,studio_F1.wav,0.3624943310657596,sil,False,False,,True
candidate,studio_F1.wav,0.37249433106575963,sil,False,False,,True
candidate,studio_F1.wav,0.38249433106575964,sil,False,False,,True
candidate,studio_F1.wav,0.39249433106575965,sil,False,False,,True
candidate,studio_F1.wav,0.40249433106575966,sil,False,False,,True
candidate,studio_F1.wav,0.4124943310657596,sil,False,False,,True
candidate,studio_F1.wav,0.4224943310657596,sil,False,False,,True
candidate,studio_F1.wav,0.43249433106575963,sil,False,False,,True
candidate,studio_F1.wav,0.44249433106575964,sil,False,False,,True
candidate,studio_F1.wav,0.45249433106575965,sil,False,False,,True
candidate,studio_F1.wav,0.46249433106575966,sil,False,False,,True
candidate,studio_F1.wav,0.4724943310657596,sil,False,False,,True
candidate,studio_F1.wav,0.4824943310657596,sil,False,False,,True
candidate,studio_F1.wav,0.4924943310657596,sil,False,False,,True
candidate,studio_F1.wav,0.5024943310657597,sil,False,False,,True
candidate,studio_F1.wav,0.5124943310657596,sil,False,False,,True
candidate,studio_F1.wav,0.5224943310657596,sil,False,False,,True
candidate,studio_F1.wav,0.5324943310657596,sil,False,False,,True
candidate,studio_F1.wav,0.5424943310657596,sil,False,False,,True
candidate,studio_F1.wav,0.5524943310657596,sil,False,False,,True
candidate,studio_F1.wav,0.5624943310657596,sil,False,False,,True
candidate,studio_F1.wav,0.5724943310657596,sil,False,False,,True
candidate,studio_F1.wav,0.5824943310657597,sil,False,False,,True
candidate,studio_F1.wav,0.5924943310657597,sil,False,False,,True
candidate,studio_F1.wav,0.6024943310657597,sil,False,False,,True
candidate,studio_F1.wav,0.6124943310657597,sil,False,False,,True
candidate,studio_F1.wav,0.6224943310657597,sil,False,False,,True
candidate,studio_F1.wav,0.6324943310657596,sil,False,False,,True
candidate,studio_F1.wav,0.6424943310657596,sil,False,False,,True
candidate,studio_F1.wav,0.6524943310657596,sil,False,False,,True
candidate,studio_F1.wav,0.6624943310657596,sil,False,False,,True
candidate,studio_F1.wav,0.6724943310657596,sil,True,False,,True
candidate,studio_F1.wav,0.6824943310657596,uv,True,False,,True
candidate,studio_F1.wav,0.6924943310657596,uv,True,True,267.5060844537619,True
candidate,studio_F1.wav,0.7024943310657596,v,True,True,270.32276451967675,True
candidate,studio_F1.wav,0.7124943310657597,v,True,True,269.66510319485417,True
candidate,studio_F1.wav,0.7224943310657597,v,False,True,266.1752077688139,True
candidate,studio_F1.wav,0.7324943310657597,v,False,True,263.2864516157925,True
candidate,studio_F1.wav,0.7424943310657597,v,False,True,258.80192648602326,True
candidate,studio_F1.wav,0.7524943310657597,v,False,True,257.42014631122674,True
candidate,studio_F1.wav,0.7624943310657596,v,False,True,257.41559777512094,True
candidate,studio_F1.wav,0.7724943310657596,v,False,True,240.9420660042284,True
candidate,studio_F1.wav,0.7824943310657596,v,False,True,236.4257714726623,True
candidate,studio_F1.wav,0.7924943310657596,v,False,True,239.65106777381064,True
candidate,studio_F1.wav,0.8024943310657596,v,False,True,246.79328239463084,True
candidate,studio_F1.wav,0.8124943310657596,v,False,True,247.68604850788685,True
candidate,studio_F1.wav,0.8224943310657596,v,False,True,247.08159619622398,True
candidate,studio_F1.wav,0.8324943310657597,v,False,True,246.18212986304198,True
candidate,studio_F1.wav,0.8424943310657597,v,False,True,245.72728690484848,True
candidate,studio_F1.wav,0.8524943310657597,v,False,True,245.05980292343133,True
candidate,studio_F1.wav,0.8624943310657597,v,False,True,244.053454547501,True
candidate,studio_F1.wav,0.8724943310657597,v,False,True,242.50162836855384,True
candidate,studio_F1.wav,0.8824943310657596,v,False,True,241.00927641455462,True
candidate,studio_F1.wav,0.8924943310657596,v,False,True,239.35930063205018,True
candidate,studio_F1.wav,0.9024943310657596,v,False,True,232.90780388167818,True
candidate,studio_F1.wav,0.9124943310657596,v,False,True,223.5802523312108,True
candidate,studio_F1.wav,0.9224943310657596,v,False,True,223.9496123871916,True
candidate,studio_F1.wav,0.9324943310657596,v,False,True,225.5660064998105,True
candidate,studio_F1.wav,0.9424943310657596,v,False,True,230.27900396824884,True
candidate,studio_F1.wav,0.9524943310657596,v,False,True,238.10059951521788,True
candidate,studio_F1.wav,0.9624943310657597,v,False,True,252.03228493805648,True
candidate,studio_F1.wav,0.9724943310657597,v,False,True,253.4812561444147,True
candidate,studio_F1.wav,0.9824943310657597,v,False,True,253.09358238234074,True
candidate,studio_F1.wav,0.9924943310657597,v,False,True,249.4762694603681,True
candidate,studio_F1.wav,1.0024943310657597,v,False,True,242.64253566618663,True
candidate,studio_F1.wav,1.0124943310657597,v,False,True,273.0830233677469,True
candidate,studio_F1.wav,1.0224943310657597,v,False,True,276.77887371998827,True
candidate,studio_F1.wav,1.0324943310657597,v,False,True,282.2561167112366,True
candidate,studio_F1.wav,1.0424943310657597,v,False,True,288.3929924980593,True
candidate,studio_F1.wav,1.0524943310657597,v,False,True,292.64441563765666,True
candidate,studio_F1.wav,1.0624943310657597,v,False,True,293.59337811962257,True
candidate,studio_F1.wav,1.0724943310657595,v,False,True,291.0711319326416,True
candidate,studio_F1.wav,1.0824943310657595,v,False,True,279.28406850378127,True
candidate,studio_F1.wav,1.0924943310657595,v,True,False,,True
candidate,studio_F1.wav,1.1024943310657596,uv,True,False,,True
candidate,studio_F1.wav,1.1124943310657596,uv,True,False,,True
candidate,studio_F1.wav,1.1224943310657596,uv,True,True,321.18224395272114,True
candidate,studio_F1.wav,1.1324943310657596,v,True,True,278.9792586559647,True
candidate,studio_F1.wav,1.1424943310657596,v,True,True,268.23850554211623,True
candidate,studio_F1.wav,1.1524943310657596,v,False,True,252.1475689786541,True
candidate,studio_F1.wav,1.1624943310657596,v,False,True,249.5751153141194,True
candidate,studio_F1.wav,1.1724943310657596,v,False,True,245.80880137465712,True
candidate,studio_F1.wav,1.1824943310657596,v,False,True,244.89698910430837,True
candidate,studio_F1.wav,1.1924943310657596,v,False,True,245.38759658677031,True
candidate,studio_F1.wav,1.2024943310657596,v,False,True,220.87762663814013,True
candidate,studio_F1.wav,1.2124943310657597,v,True,False,,True
candidate,studio_F1.wav,1.2224943310657597,uv,True,False,,True
candidate,studio_F1.wav,1.2324943310657597,uv,True,False,,True
candidate,studio_F1.wav,1.2424943310657597,uv,False,False,,True
candidate,studio_F1.wav,1.2524943310657597,uv,False,False,,True
candidate,studio_F1.wav,1.2624943310657597,uv,True,True,308.1821430057199,True
candidate,studio_F1.wav,1.2724943310657597,v,True,True,314.4692685834541,True
candidate,studio_F1.wav,1.2824943310657597,v,True,True,315.83367916484525,True
candidate,studio_F1.wav,1.2924943310657597,v,False,True,318.63711275334293,True
candidate,studio_F1.wav,1.3024943310657597,v,False,True,317.3856334038848,True
candidate,studio_F1.wav,1.3124943310657597,v,False,True,308.52948338812,True
candidate,studio_F1.wav,1.3224943310657595,v,False,True,299.3234027886517,True
candidate,studio_F1.wav,1.3324943310657595,v,False,True,283.26227542950727,True
candidate,studio_F1.wav,1.3424943310657595,v,False,True,269.570767136087,True
candidate,studio_F1.wav,1.3524943310657596,v,False,True,237.92670013780378,True
candidate,studio_F1.wav,1.3624943310657596,v,False,True,231.25778937834414,True
candidate,studio_F1.wav,1.3724943310657596,v,False,True,219.352505317975,True
candidate,studio_F1.wav,1.3824943310657596,v,False,True,211.29643710622096,True
candidate,studio_F1.wav,1.3924943310657596,v,False,True,203.69781603186195,True
candidate,studio_F1.wav,1.4024943310657596,v,False,True,199.20584124130144,True
candidate,studio_F1.wav,1.4124943310657596,v,False,True,196.22273845904638,True
candidate,studio_F1.wav,1.4224943310657596,v,False,True,193.42447321051577,True
candidate,studio_F1.wav,1.4324943310657596,v,False,True,200.50747232108208,True
candidate,studio_F1.wav,1.4424943310657596,v,False,True,201.5252202120455,True
candidate,studio_F1.wav,1.4524943310657596,v,False,True,204.5079197003059,True
candidate,studio_F1.wav,1.4624943310657597,v,False,True,206.88704474234234,True
candidate,studio_F1.wav,1.4724943310657597,v,False,True,211.76045193921132,True
candidate,studio_F1.wav,1.4824943310657597,v,False,True,214.91450300322515,True
candidate,studio_F1.wav,1.4924943310657597,v,False,True,218.39940722495942,True
candidate,studio_F1.wav,1.5024943310657597,v,False,True,217.4159720712275,True
candidate,studio_F1.wav,1.5124943310657597,v,False,True,215.17091593375267,True
candidate,studio_F1.wav,1.5224943310657597,v,False,True,212.3582124523553,True
candidate,studio_F1.wav,1.5324943310657597,v,False,True,209.6352388297692,True
candidate,studio_F1.wav,1.5424943310657597,v,False,True,206.5260050239633,True
candidate,studio_F1.wav,1.5524943310657597,v,False,True,203.38138116978837,True
candidate,studio_F1.wav,1.5624943310657597,v,False,True,199.18791200004995,True
candidate,studio_F1.wav,1.5724943310657595,v,False,True,200.22616748130488,True
candidate,studio_F1.wav,1.5824943310657595,v,False,True,199.162698703679,True
candidate,studio_F1.wav,1.5924943310657595,v,False,True,196.67674041369827,True
candidate,studio_F1.wav,1.6024943310657596,v,False,True,196.30736242908736,True
candidate,studio_F1.wav,1.6124943310657596,v,False,True,196.71418369400934,True
candidate,studio_F1.wav,1.6224943310657596,v,False,True,195.76891358046805,True
candidate,studio_F1.wav,1.6324943310657596,v,False,True,184.74160346097017,True
candidate,studio_F1.wav,1.6424943310657596,v,True,True,177.4657798641123,True
candidate,studio_F1.wav,1.6524943310657596,uv,True,False,,True
candidate,studio_F1.wav,1.6624943310657596,uv,True,False,,True
candidate,studio_F1.wav,1.6724943310657596,uv,False,False,,True
candidate,studio_F1.wav,1.6824943310657596,uv,False,False,,True
candidate,studio_F1.wav,1.6924943310657596,uv,True,False,,True
candidate,studio_F1.wav,1.7024943310657596,v,True,True,245.4914167330512,True
candidate,studio_F1.wav,1.7124943310657597,v,True,True,237.29963157522133,True
candidate,studio_F1.wav,1.7224943310657597,v,False,True,231.88539336160213,True
candidate,studio_F1.wav,1.7324943310657597,v,False,True,227.1999650070932,True
candidate,studio_F1.wav,1.7424943310657597,v,False,True,224.0331229204067,True
candidate,studio_F1.wav,1.7524943310657597,v,True,True,221.59534640375045,True
candidate,studio_F1.wav,1.7624943310657597,uv,True,False,,True
candidate,studio_F1.wav,1.7724943310657597,uv,True,False,,True
candidate,studio_F1.wav,1.7824943310657597,uv,True,False,,True
candidate,studio_F1.wav,1.7924943310657597,v,True,False,,True
candidate,studio_F1.wav,1.8024943310657597,v,True,True,173.55031881778325,True
candidate,studio_F1.wav,1.8124943310657597,v,False,True,183.69648716073888,True
candidate,studio_F1.wav,1.8224943310657595,v,False,True,196.53636398911323,True
candidate,studio_F1.wav,1.8324943310657595,v,False,True,191.4518750866833,True
candidate,studio_F1.wav,1.8424943310657595,v,False,True,198.34479256062758,True
candidate,studio_F1.wav,1.8524943310657596,v,True,False,,True
candidate,studio_F1.wav,1.8624943310657596,uv,True,False,,True
candidate,studio_F1.wav,1.8724943310657596,uv,True,False,,True
candidate,studio_F1.wav,1.8824943310657596,uv,False,False,,True
candidate,studio_F1.wav,1.8924943310657596,uv,False,False,,True
candidate,studio_F1.wav,1.9024943310657596,uv,False,False,,True
candidate,studio_F1.wav,1.9124943310657596,uv,True,True,267.197918696294,True
candidate,studio_F1.wav,1.9224943310657596,v,True,True,224.60221173953357,True
candidate,studio_F1.wav,1.9324943310657596,v,True,True,216.43129333935636,True
candidate,studio_F1.wav,1.9424943310657596,v,False,True,211.7000252917107,True
candidate,studio_F1.wav,1.9524943310657596,v,False,True,208.84562037950187,True
candidate,studio_F1.wav,1.9624943310657597,v,False,True,207.70803645322337,True
candidate,studio_F1.wav,1.9724943310657597,v,False,True,205.97690672920066,True
candidate,studio_F1.wav,1.9824943310657597,v,False,True,203.5498654983114,True
candidate,studio_F1.wav,1.9924943310657597,v,False,True,200.96632474444345,True
candidate,studio_F1.wav,2.0024943310657597,v,False,True,199.60602113491097,True
candidate,studio_F1.wav,2.0124943310657595,v,False,True,198.4477931666042,True
candidate,studio_F1.wav,2.0224943310657597,v,False,True,196.58039772518507,True
candidate,studio_F1.wav,2.0324943310657595,v,False,True,195.41573853651133,True
candidate,studio_F1.wav,2.0424943310657597,v,False,True,194.18482302698987,True
candidate,studio_F1.wav,2.0524943310657595,v,False,True,191.7359907355383,True
candidate,studio_F1.wav,2.0624943310657597,v,False,True,189.98676142003754,True
candidate,studio_F1.wav,2.0724943310657595,v,False,True,189.81978498290732,True
candidate,studio_F1.wav,2.0824943310657598,v,False,True,187.98082513406948,True
candidate,studio_F1.wav,2.0924943310657595,v,False,True,187.07762081393045,True
candidate,studio_F1.wav,2.10249433106576,v,False,True,185.8408677200369,True
candidate,studio_F1.wav,2.1124943310657596,v,False,True,182.7727923428059,True
candidate,studio_F1.wav,2.12249433106576,v,False,True,177.26724352890662,True
candidate,studio_F1.wav,2.1324943310657596,v,False,True,174.15716170891923,True
candidate,studio_F1.wav,2.14249433106576,v,True,True,165.72305278328858,True
candidate,studio_F1.wav,2.1524943310657596,sil,True,False,,True
candidate,studio_F1.wav,2.16249433106576,sil,True,False,,True
candidate,studio_F1.wav,2.1724943310657596,sil,False,False,,True
candidate,studio_F1.wav,2.18249433106576,sil,False,False,,True
candidate,studio_F1.wav,2.1924943310657596,sil,False,False,,True
candidate,studio_F1.wav,2.2024943310657594,sil,False,False,,True
candidate,studio_F1.wav,2.2124943310657597,sil,False,False,,True
candidate,studio_F1.wav,2.2224943310657594,sil,False,False,,True
candidate,studio_F1.wav,2.2324943310657597,sil,False,False,,True
candidate,studio_F1.wav,2.2424943310657595,sil,False,False,,True
candidate,studio_F1.wav,2.2524943310657597,sil,False,False,,True
candidate,studio_F1.wav,2.2624943310657595,sil,False,False,,True
candidate,studio_F1.wav,2.2724943310657597,sil,False,False,,True
candidate,studio_F1.wav,2.2824943310657595,sil,False,False,,True
candidate,studio_F1.wav,2.2924943310657597,sil,False,False,,True
candidate,studio_F1.wav,2.3024943310657595,sil,False,False,,True
candidate,studio_F1.wav,2.3124943310657597,sil,False,False,,True
candidate,studio_F1.wav,2.3224943310657595,sil,False,False,,True
candidate,studio_F1.wav,2.3324943310657598,sil,False,False,,True
candidate,studio_F1.wav,2.3424943310657595,sil,False,False,,True
candidate,studio_F1.wav,2.35249433106576,sil,False,False,,True
candidate,studio_F1.wav,2.3624943310657596,sil,False,False,,True
candidate,studio_F1.wav,2.37249433106576,sil,False,False,,True
candidate,studio_F1.wav,2.3824943310657596,sil,False,False,,True
candidate,studio_F1.wav,2.39249433106576,sil,False,False,,True
candidate,studio_F1.wav,2.4024943310657596,sil,False,False,,True
candidate,studio_F1.wav,2.41249433106576,sil,False,False,,True
candidate,studio_F1.wav,2.4224943310657596,sil,False,False,,True
candidate,studio_F1.wav,2.43249433106576,sil,False,False,,True
candidate,studio_F1.wav,2.4424943310657596,sil,False,False,,True
candidate,studio_F1.wav,2.4524943310657594,sil,False,False,,True
candidate,studio_F1.wav,2.4624943310657597,sil,False,False,,True
candidate,studio_F1.wav,2.4724943310657594,sil,False,False,,True
candidate,studio_F1.wav,2.4824943310657597,sil,False,False,,True
candidate,studio_F1.wav,2.4924943310657595,sil,False,False,,True
candidate,studio_F1.wav,2.5024943310657597,sil,False,False,,True
candidate,studio_F1.wav,2.5124943310657595,sil,False,False,,True
candidate,studio_F1.wav,2.5224943310657597,sil,False,False,,True
candidate,studio_F1.wav,2.5324943310657595,sil,False,False,,True
candidate,studio_F1.wav,2.5424943310657597,sil,False,False,,True
candidate,studio_F1.wav,2.5524943310657595,sil,False,False,,True
candidate,studio_F1.wav,2.5624943310657597,sil,False,False,,True
candidate,studio_F1.wav,2.5724943310657595,sil,False,False,,True
candidate,studio_F1.wav,2.5824943310657598,sil,False,False,,True
candidate,studio_F1.wav,2.5924943310657595,sil,False,False,,True
candidate,studio_F1.wav,2.60249433106576,sil,False,False,,True
candidate,studio_F1.wav,2.6124943310657596,sil,False,False,,True
candidate,studio_F1.wav,2.62249433106576,sil,False,False,,True
candidate,studio_F1.wav,2.6324943310657596,sil,False,False,,True
candidate,studio_F1.wav,2.64249433106576,sil,False,False,,True
candidate,studio_F1.wav,2.6524943310657596,sil,False,False,,True
candidate,studio_F1.wav,2.66249433106576,sil,False,False,,True
candidate,studio_F1.wav,2.6724943310657596,sil,False,False,,True
candidate,studio_F1.wav,2.68249433106576,sil,False,False,,True
candidate,studio_F1.wav,2.6924943310657596,sil,False,False,,True
candidate,studio_F1.wav,2.7024943310657594,sil,False,False,,True
candidate,studio_F1.wav,2.7124943310657597,sil,False,False,,True
candidate,studio_F1.wav,2.7224943310657594,sil,False,False,,True
candidate,studio_F1.wav,2.7324943310657597,sil,False,False,,True
candidate,studio_F1.wav,2.7424943310657595,sil,False,False,,True
candidate,studio_F1.wav,2.7524943310657597,sil,False,False,,True
candidate,studio_F1.wav,2.7624943310657595,sil,False,False,,True
candidate,studio_F1.wav,2.7724943310657597,sil,False,False,,True
candidate,studio_F1.wav,2.7824943310657595,sil,False,False,,True
candidate,studio_F1.wav,2.7924943310657597,sil,False,False,,True
candidate,studio_F1.wav,2.8024943310657595,sil,False,False,,True
candidate,studio_F1.wav,2.8124943310657597,sil,False,False,,True
candidate,studio_F1.wav,2.8224943310657595,sil,False,False,,True
candidate,studio_F1.wav,2.8324943310657598,sil,False,False,,True
candidate,studio_F1.wav,2.8424943310657595,sil,False,False,,True
accepted,studio_M1.wav,0.012494331065759636,sil,True,False,,False
accepted,studio_M1.wav,0.022494331065759637,sil,False,False,,True
accepted,studio_M1.wav,0.032494331065759635,sil,False,False,,True
accepted,studio_M1.wav,0.04249433106575964,sil,False,False,,True
accepted,studio_M1.wav,0.05249433106575964,sil,False,False,,True
accepted,studio_M1.wav,0.062494331065759634,sil,False,False,,True
accepted,studio_M1.wav,0.07249433106575964,sil,False,False,,True
accepted,studio_M1.wav,0.08249433106575964,sil,False,False,,True
accepted,studio_M1.wav,0.09249433106575963,sil,False,False,,True
accepted,studio_M1.wav,0.10249433106575964,sil,False,False,,True
accepted,studio_M1.wav,0.11249433106575964,sil,False,False,,True
accepted,studio_M1.wav,0.12249433106575963,sil,False,False,,True
accepted,studio_M1.wav,0.13249433106575964,sil,False,False,,True
accepted,studio_M1.wav,0.14249433106575965,sil,False,False,,True
accepted,studio_M1.wav,0.15249433106575963,sil,False,False,,True
accepted,studio_M1.wav,0.16249433106575964,sil,False,False,,True
accepted,studio_M1.wav,0.17249433106575965,sil,False,False,,True
accepted,studio_M1.wav,0.18249433106575963,sil,False,False,,True
accepted,studio_M1.wav,0.19249433106575964,sil,False,False,,True
accepted,studio_M1.wav,0.20249433106575965,sil,False,False,,True
accepted,studio_M1.wav,0.21249433106575963,sil,False,False,,True
accepted,studio_M1.wav,0.22249433106575964,sil,False,False,,True
accepted,studio_M1.wav,0.23249433106575965,sil,False,False,,True
accepted,studio_M1.wav,0.24249433106575963,sil,False,False,,True
accepted,studio_M1.wav,0.25249433106575964,sil,False,False,,True
accepted,studio_M1.wav,0.26249433106575965,sil,False,False,,True
accepted,studio_M1.wav,0.27249433106575965,sil,False,False,,True
accepted,studio_M1.wav,0.28249433106575966,sil,False,False,,True
accepted,studio_M1.wav,0.2924943310657596,sil,False,False,,True
accepted,studio_M1.wav,0.3024943310657596,sil,False,False,,True
accepted,studio_M1.wav,0.31249433106575963,sil,False,False,,True
accepted,studio_M1.wav,0.32249433106575964,sil,False,False,,True
accepted,studio_M1.wav,0.33249433106575965,sil,False,False,,True
accepted,studio_M1.wav,0.34249433106575966,sil,False,False,,True
accepted,studio_M1.wav,0.3524943310657596,sil,False,False,,True
accepted,studio_M1.wav,0.3624943310657596,sil,False,False,,True
accepted,studio_M1.wav,0.37249433106575963,sil,False,False,,True
accepted,studio_M1.wav,0.38249433106575964,sil,False,False,,True
accepted,studio_M1.wav,0.39249433106575965,sil,False,False,,True
accepted,studio_M1.wav,0.40249433106575966,sil,False,False,,True
accepted,studio_M1.wav,0.4124943310657596,sil,False,False,,True
accepted,studio_M1.wav,0.4224943310657596,sil,False,False,,True
accepted,studio_M1.wav,0.43249433106575963,sil,False,False,,True
accepted,studio_M1.wav,0.44249433106575964,sil,False,False,,True
accepted,studio_M1.wav,0.45249433106575965,sil,False,False,,True
accepted,studio_M1.wav,0.46249433106575966,sil,False,False,,True
accepted,studio_M1.wav,0.4724943310657596,sil,False,False,,True
accepted,studio_M1.wav,0.4824943310657596,sil,False,False,,True
accepted,studio_M1.wav,0.4924943310657596,sil,False,False,,True
accepted,studio_M1.wav,0.5024943310657597,sil,False,False,,True
accepted,studio_M1.wav,0.5124943310657596,sil,False,False,,True
accepted,studio_M1.wav,0.5224943310657596,sil,False,False,,True
accepted,studio_M1.wav,0.5324943310657596,sil,False,False,,True
accepted,studio_M1.wav,0.5424943310657596,sil,False,False,,True
accepted,studio_M1.wav,0.5524943310657596,sil,False,False,,True
accepted,studio_M1.wav,0.5624943310657596,sil,False,False,,True
accepted,studio_M1.wav,0.5724943310657596,sil,False,False,,True
accepted,studio_M1.wav,0.5824943310657597,sil,False,False,,True
accepted,studio_M1.wav,0.5924943310657597,sil,False,False,,True
accepted,studio_M1.wav,0.6024943310657597,sil,False,False,,True
accepted,studio_M1.wav,0.6124943310657597,sil,False,False,,True
accepted,studio_M1.wav,0.6224943310657597,sil,False,False,,True
accepted,studio_M1.wav,0.6324943310657596,sil,False,False,,True
accepted,studio_M1.wav,0.6424943310657596,sil,False,False,,True
accepted,studio_M1.wav,0.6524943310657596,sil,False,False,,True
accepted,studio_M1.wav,0.6624943310657596,sil,False,False,,True
accepted,studio_M1.wav,0.6724943310657596,sil,False,False,,True
accepted,studio_M1.wav,0.6824943310657596,sil,False,False,,True
accepted,studio_M1.wav,0.6924943310657596,sil,False,False,,True
accepted,studio_M1.wav,0.7024943310657596,sil,False,False,,True
accepted,studio_M1.wav,0.7124943310657597,sil,False,False,,True
accepted,studio_M1.wav,0.7224943310657597,sil,False,False,,True
accepted,studio_M1.wav,0.7324943310657597,sil,False,False,,True
accepted,studio_M1.wav,0.7424943310657597,sil,False,False,,True
accepted,studio_M1.wav,0.7524943310657597,sil,False,False,,True
accepted,studio_M1.wav,0.7624943310657596,sil,False,False,,True
accepted,studio_M1.wav,0.7724943310657596,sil,False,False,,True
accepted,studio_M1.wav,0.7824943310657596,sil,False,False,,True
accepted,studio_M1.wav,0.7924943310657596,sil,False,False,,True
accepted,studio_M1.wav,0.8024943310657596,sil,False,False,,True
accepted,studio_M1.wav,0.8124943310657596,sil,False,False,,True
accepted,studio_M1.wav,0.8224943310657596,sil,False,False,,True
accepted,studio_M1.wav,0.8324943310657597,sil,False,False,,True
accepted,studio_M1.wav,0.8424943310657597,sil,False,False,,True
accepted,studio_M1.wav,0.8524943310657597,sil,False,False,,True
accepted,studio_M1.wav,0.8624943310657597,sil,True,False,,True
accepted,studio_M1.wav,0.8724943310657597,uv,True,False,,True
accepted,studio_M1.wav,0.8824943310657596,uv,True,False,,True
accepted,studio_M1.wav,0.8924943310657596,uv,False,False,,True
accepted,studio_M1.wav,0.9024943310657596,uv,False,False,,True
accepted,studio_M1.wav,0.9124943310657596,uv,False,False,,True
accepted,studio_M1.wav,0.9224943310657596,uv,False,True,153.7397190440944,True
accepted,studio_M1.wav,0.9324943310657596,uv,True,True,140.99228560384873,True
accepted,studio_M1.wav,0.9424943310657596,v,True,True,138.34598524270967,True
accepted,studio_M1.wav,0.9524943310657596,v,True,True,135.33726354543603,True
accepted,studio_M1.wav,0.9624943310657597,v,False,True,133.42777124949885,True
accepted,studio_M1.wav,0.9724943310657597,v,False,True,132.85707754795953,True
accepted,studio_M1.wav,0.9824943310657597,v,False,True,131.8848710900044,True
accepted,studio_M1.wav,0.9924943310657597,v,False,True,127.83841380747629,True
accepted,studio_M1.wav,1.0024943310657597,v,False,True,123.73198702070793,True
accepted,studio_M1.wav,1.0124943310657597,v,False,True,121.22228418444496,True
accepted,studio_M1.wav,1.0224943310657597,v,False,True,119.81498337295372,True
accepted,studio_M1.wav,1.0324943310657597,v,False,True,118.93667991862785,True
accepted,studio_M1.wav,1.0424943310657597,v,False,True,118.48774715707792,True
accepted,studio_M1.wav,1.0524943310657597,v,False,True,118.48447716577068,True
accepted,studio_M1.wav,1.0624943310657597,v,False,True,117.38873584167033,True
accepted,studio_M1.wav,1.0724943310657595,v,False,True,115.68223451865332,True
accepted,studio_M1.wav,1.0824943310657595,v,False,True,117.04413296152784,True
accepted,studio_M1.wav,1.0924943310657595,v,False,True,126.10102279105092,True
accepted,studio_M1.wav,1.1024943310657596,v,False,True,130.65244919101653,True
accepted,studio_M1.wav,1.1124943310657596,v,False,True,132.74121558878502,True
accepted,studio_M1.wav,1.1224943310657596,v,False,True,135.35653486719156,True
accepted,studio_M1.wav,1.1324943310657596,v,False,True,136.2610538197067,True
accepted,studio_M1.wav,1.1424943310657596,v,False,True,139.22904309635635,True
accepted,studio_M1.wav,1.1524943310657596,v,False,True,140.23622896135063,True
accepted,studio_M1.wav,1.1624943310657596,v,False,True,134.41780382771864,True
accepted,studio_M1.wav,1.1724943310657596,v,False,True,142.08245746002424,True
accepted,studio_M1.wav,1.1824943310657596,v,False,False,,True
accepted,studio_M1.wav,1.1924943310657596,v,False,False,,True
accepted,studio_M1.wav,1.2024943310657596,v,False,True,165.6856068399136,True
accepted,studio_M1.wav,1.2124943310657597,v,False,True,164.6782677792912,True
accepted,studio_M1.wav,1.2224943310657597,v,False,True,170.6028851667022,True
accepted,studio_M1.wav,1.2324943310657597,v,False,True,174.05590908990618,True
accepted,studio_M1.wav,1.2424943310657597,v,False,True,174.75109435643918,True
accepted,studio_M1.wav,1.2524943310657597,v,True,True,173.77754969996147,True
accepted,studio_M1.wav,1.2624943310657597,uv,True,True,171.84497639012298,True
accepted,studio_M1.wav,1.2724943310657597,uv,True,False,,True
accepted,studio_M1.wav,1.2824943310657597,uv,False,False,,True
accepted,studio_M1.wav,1.2924943310657597,uv,False,False,,True
accepted,studio_M1.wav,1.3024943310657597,uv,False,False,,True
accepted,studio_M1.wav,1.3124943310657597,uv,False,False,,True
accepted,studio_M1.wav,1.3224943310657595,uv,True,True,170.40478146397152,True
accepted,studio_M1.wav,1.3324943310657595,v,True,True,158.82682011023843,True
accepted,studio_M1.wav,1.3424943310657595,v,True,True,145.24230143590069,True
accepted,studio_M1.wav,1.3524943310657596,v,False,True,134.96995912999708,True
accepted,studio_M1.wav,1.3624943310657596,v,False,True,123.90378968806128,True
accepted,studio_M1.wav,1.3724943310657596,v,False,True,116.28241233977874,True
accepted,studio_M1.wav,1.3824943310657596,v,False,True,109.58454522986344,True
accepted,studio_M1.wav,1.3924943310657596,v,False,True,104.3531428915982,True
accepted,studio_M1.wav,1.4024943310657596,v,False,True,101.65690566840384,True
accepted,studio_M1.wav,1.4124943310657596,v,False,True,100.09060217809989,True
accepted,studio_M1.wav,1.4224943310657596,v,False,True,99.45138695307377,True
accepted,studio_M1.wav,1.4324943310657596,v,False,True,95.03493169116759,True
accepted,studio_M1.wav,1.4424943310657596,v,False,True,92.22350336637545,True
accepted,studio_M1.wav,1.4524943310657596,v,False,True,93.61223672253406,True
accepted,studio_M1.wav,1.4624943310657597,v,False,True,93.85344948286938,True
accepted,studio_M1.wav,1.4724943310657597,v,False,True,94.95491765733568,True
accepted,studio_M1.wav,1.4824943310657597,v,False,True,96.38696936359821,True
accepted,studio_M1.wav,1.4924943310657597,v,False,True,98.63973809468943,True
accepted,studio_M1.wav,1.5024943310657597,v,False,True,97.96434946092737,True
accepted,studio_M1.wav,1.5124943310657597,v,False,True,96.3549129343733,True
accepted,studio_M1.wav,1.5224943310657597,v,False,True,95.4337883725896,True
accepted,studio_M1.wav,1.5324943310657597,v,False,True,94.81763881788096,True
accepted,studio_M1.wav,1.5424943310657597,v,False,True,92.63101727681745,True
accepted,studio_M1.wav,1.5524943310657597,v,False,True,89.89579097464804,True
accepted,studio_M1.wav,1.5624943310657597,v,False,True,91.81588925518146,True
accepted,studio_M1.wav,1.5724943310657595,v,False,True,92.58507576635574,True
accepted,studio_M1.wav,1.5824943310657595,v,True,False,,True
accepted,studio_M1.wav,1.5924943310657595,uv,True,False,,True
accepted,studio_M1.wav,1.6024943310657596,uv,True,False,,True
accepted,studio_M1.wav,1.6124943310657596,uv,False,False,,True
accepted,studio_M1.wav,1.6224943310657596,uv,False,False,,True
accepted,studio_M1.wav,1.6324943310657596,uv,False,False,,True
accepted,studio_M1.wav,1.6424943310657596,uv,False,False,,True
accepted,studio_M1.wav,1.6524943310657596,uv,True,False,,True
accepted,studio_M1.wav,1.6624943310657596,v,True,True,118.88222277756208,True
accepted,studio_M1.wav,1.6724943310657596,v,True,True,107.9845924636583,True
accepted,studio_M1.wav,1.6824943310657596,v,False,True,94.33162371223011,True
accepted,studio_M1.wav,1.6924943310657596,v,False,True,92.58395497686345,True
accepted,studio_M1.wav,1.7024943310657596,v,False,False,,True
accepted,studio_M1.wav,1.7124943310657597,v,False,False,,True
accepted,studio_M1.wav,1.7224943310657597,v,False,False,,True
accepted,studio_M1.wav,1.7324943310657597,v,False,False,,True
accepted,studio_M1.wav,1.7424943310657597,v,False,False,,True
accepted,studio_M1.wav,1.7524943310657597,v,False,False,,True
accepted,studio_M1.wav,1.7624943310657597,v,False,False,,True
accepted,studio_M1.wav,1.7724943310657597,v,True,False,,True
accepted,studio_M1.wav,1.7824943310657597,uv,True,False,,True
accepted,studio_M1.wav,1.7924943310657597,uv,True,False,,True
accepted,studio_M1.wav,1.8024943310657597,uv,False,False,,True
accepted,studio_M1.wav,1.8124943310657597,uv,True,False,,True
accepted,studio_M1.wav,1.8224943310657595,v,True,False,,True
accepted,studio_M1.wav,1.8324943310657595,v,True,True,112.53842750509781,True
accepted,studio_M1.wav,1.8424943310657595,v,False,True,105.52424392118894,True
accepted,studio_M1.wav,1.8524943310657596,v,False,True,103.8241898574414,True
accepted,studio_M1.wav,1.8624943310657596,v,False,True,102.2601509581586,True
accepted,studio_M1.wav,1.8724943310657596,v,False,True,101.10826787274118,True
accepted,studio_M1.wav,1.8824943310657596,v,False,True,100.32166163880125,True
accepted,studio_M1.wav,1.8924943310657596,v,False,True,99.48185684123713,True
accepted,studio_M1.wav,1.9024943310657596,v,False,True,98.96304389882312,True
accepted,studio_M1.wav,1.9124943310657596,v,False,True,98.12775720590824,True
accepted,studio_M1.wav,1.9224943310657596,v,False,True,97.67940701198052,True
accepted,studio_M1.wav,1.9324943310657596,v,False,True,96.71851553583414,True
accepted,studio_M1.wav,1.9424943310657596,v,False,True,95.17691231707698,True
accepted,studio_M1.wav,1.9524943310657596,v,False,True,94.19748387230733,True
accepted,studio_M1.wav,1.9624943310657597,v,False,True,93.42402590629837,True
accepted,studio_M1.wav,1.9724943310657597,v,False,True,92.95722730734637,True
accepted,studio_M1.wav,1.9824943310657597,v,False,True,92.45947143722236,True
accepted,studio_M1.wav,1.9924943310657597,v,False,True,91.4839478310013,True
accepted,studio_M1.wav,2.0024943310657597,v,False,True,90.62697041987218,True
accepted,studio_M1.wav,2.0124943310657595,v,False,True,89.55540446298771,True
accepted,studio_M1.wav,2.0224943310657597,v,False,True,88.94356189932952,True
accepted,studio_M1.wav,2.0324943310657595,v,False,True,87.57981882517002,True
accepted,studio_M1.wav,2.0424943310657597,v,False,True,90.16164138159368,True
accepted,studio_M1.wav,2.0524943310657595,v,True,False,,True
accepted,studio_M1.wav,2.0624943310657597,sil,True,False,,True
accepted,studio_M1.wav,2.0724943310657595,sil,True,False,,True
accepted,studio_M1.wav,2.0824943310657598,sil,False,False,,True
accepted,studio_M1.wav,2.0924943310657595,sil,False,False,,True
accepted,studio_M1.wav,2.10249433106576,sil,False,False,,True
accepted,studio_M1.wav,2.1124943310657596,sil,False,False,,True
accepted,studio_M1.wav,2.12249433106576,sil,False,False,,True
accepted,studio_M1.wav,2.1324943310657596,sil,False,False,,True
accepted,studio_M1.wav,2.14249433106576,sil,False,False,,True
accepted,studio_M1.wav,2.1524943310657596,sil,False,False,,True
accepted,studio_M1.wav,2.16249433106576,sil,False,False,,True
accepted,studio_M1.wav,2.1724943310657596,sil,False,False,,True
accepted,studio_M1.wav,2.18249433106576,sil,False,False,,True
accepted,studio_M1.wav,2.1924943310657596,sil,False,False,,True
accepted,studio_M1.wav,2.2024943310657594,sil,False,False,,True
accepted,studio_M1.wav,2.2124943310657597,sil,False,False,,True
accepted,studio_M1.wav,2.2224943310657594,sil,False,False,,True
accepted,studio_M1.wav,2.2324943310657597,sil,False,False,,True
accepted,studio_M1.wav,2.2424943310657595,sil,False,False,,True
accepted,studio_M1.wav,2.2524943310657597,sil,False,False,,True
accepted,studio_M1.wav,2.2624943310657595,sil,False,False,,True
accepted,studio_M1.wav,2.2724943310657597,sil,False,False,,True
accepted,studio_M1.wav,2.2824943310657595,sil,False,False,,True
accepted,studio_M1.wav,2.2924943310657597,sil,False,False,,True
accepted,studio_M1.wav,2.3024943310657595,sil,False,False,,True
accepted,studio_M1.wav,2.3124943310657597,sil,False,False,,True
accepted,studio_M1.wav,2.3224943310657595,sil,False,False,,True
accepted,studio_M1.wav,2.3324943310657598,sil,False,False,,True
accepted,studio_M1.wav,2.3424943310657595,sil,False,False,,True
accepted,studio_M1.wav,2.35249433106576,sil,False,False,,True
accepted,studio_M1.wav,2.3624943310657596,sil,False,False,,True
accepted,studio_M1.wav,2.37249433106576,sil,False,False,,True
accepted,studio_M1.wav,2.3824943310657596,sil,False,False,,True
accepted,studio_M1.wav,2.39249433106576,sil,False,False,,True
accepted,studio_M1.wav,2.4024943310657596,sil,False,False,,True
accepted,studio_M1.wav,2.41249433106576,sil,False,False,,True
accepted,studio_M1.wav,2.4224943310657596,sil,False,False,,True
accepted,studio_M1.wav,2.43249433106576,sil,False,False,,True
accepted,studio_M1.wav,2.4424943310657596,sil,False,False,,True
accepted,studio_M1.wav,2.4524943310657594,sil,False,False,,True
accepted,studio_M1.wav,2.4624943310657597,sil,False,False,,True
accepted,studio_M1.wav,2.4724943310657594,sil,False,False,,True
accepted,studio_M1.wav,2.4824943310657597,sil,False,False,,True
accepted,studio_M1.wav,2.4924943310657595,sil,False,False,,True
accepted,studio_M1.wav,2.5024943310657597,sil,False,False,,True
accepted,studio_M1.wav,2.5124943310657595,sil,False,False,,True
accepted,studio_M1.wav,2.5224943310657597,sil,False,False,,True
accepted,studio_M1.wav,2.5324943310657595,sil,False,False,,True
accepted,studio_M1.wav,2.5424943310657597,sil,False,False,,True
accepted,studio_M1.wav,2.5524943310657595,sil,False,False,,True
accepted,studio_M1.wav,2.5624943310657597,sil,False,False,,True
accepted,studio_M1.wav,2.5724943310657595,sil,False,False,,True
accepted,studio_M1.wav,2.5824943310657598,sil,False,False,,True
accepted,studio_M1.wav,2.5924943310657595,sil,False,False,,True
accepted,studio_M1.wav,2.60249433106576,sil,False,False,,True
accepted,studio_M1.wav,2.6124943310657596,sil,False,False,,True
accepted,studio_M1.wav,2.62249433106576,sil,False,False,,True
accepted,studio_M1.wav,2.6324943310657596,sil,False,False,,True
accepted,studio_M1.wav,2.64249433106576,sil,False,False,,True
accepted,studio_M1.wav,2.6524943310657596,sil,False,False,,True
accepted,studio_M1.wav,2.66249433106576,sil,False,False,,True
accepted,studio_M1.wav,2.6724943310657596,sil,False,False,,True
accepted,studio_M1.wav,2.68249433106576,sil,False,False,,True
accepted,studio_M1.wav,2.6924943310657596,sil,False,False,,True
accepted,studio_M1.wav,2.7024943310657594,sil,False,False,,True
accepted,studio_M1.wav,2.7124943310657597,sil,False,False,,False
candidate,studio_M1.wav,0.012494331065759636,sil,True,False,,False
candidate,studio_M1.wav,0.022494331065759637,sil,False,False,,True
candidate,studio_M1.wav,0.032494331065759635,sil,False,False,,True
candidate,studio_M1.wav,0.04249433106575964,sil,False,False,,True
candidate,studio_M1.wav,0.05249433106575964,sil,False,False,,True
candidate,studio_M1.wav,0.062494331065759634,sil,False,False,,True
candidate,studio_M1.wav,0.07249433106575964,sil,False,False,,True
candidate,studio_M1.wav,0.08249433106575964,sil,False,False,,True
candidate,studio_M1.wav,0.09249433106575963,sil,False,False,,True
candidate,studio_M1.wav,0.10249433106575964,sil,False,False,,True
candidate,studio_M1.wav,0.11249433106575964,sil,False,False,,True
candidate,studio_M1.wav,0.12249433106575963,sil,False,False,,True
candidate,studio_M1.wav,0.13249433106575964,sil,False,False,,True
candidate,studio_M1.wav,0.14249433106575965,sil,False,False,,True
candidate,studio_M1.wav,0.15249433106575963,sil,False,False,,True
candidate,studio_M1.wav,0.16249433106575964,sil,False,False,,True
candidate,studio_M1.wav,0.17249433106575965,sil,False,False,,True
candidate,studio_M1.wav,0.18249433106575963,sil,False,False,,True
candidate,studio_M1.wav,0.19249433106575964,sil,False,False,,True
candidate,studio_M1.wav,0.20249433106575965,sil,False,False,,True
candidate,studio_M1.wav,0.21249433106575963,sil,False,False,,True
candidate,studio_M1.wav,0.22249433106575964,sil,False,False,,True
candidate,studio_M1.wav,0.23249433106575965,sil,False,False,,True
candidate,studio_M1.wav,0.24249433106575963,sil,False,False,,True
candidate,studio_M1.wav,0.25249433106575964,sil,False,False,,True
candidate,studio_M1.wav,0.26249433106575965,sil,False,False,,True
candidate,studio_M1.wav,0.27249433106575965,sil,False,False,,True
candidate,studio_M1.wav,0.28249433106575966,sil,False,False,,True
candidate,studio_M1.wav,0.2924943310657596,sil,False,False,,True
candidate,studio_M1.wav,0.3024943310657596,sil,False,False,,True
candidate,studio_M1.wav,0.31249433106575963,sil,False,False,,True
candidate,studio_M1.wav,0.32249433106575964,sil,False,False,,True
candidate,studio_M1.wav,0.33249433106575965,sil,False,False,,True
candidate,studio_M1.wav,0.34249433106575966,sil,False,False,,True
candidate,studio_M1.wav,0.3524943310657596,sil,False,False,,True
candidate,studio_M1.wav,0.3624943310657596,sil,False,False,,True
candidate,studio_M1.wav,0.37249433106575963,sil,False,False,,True
candidate,studio_M1.wav,0.38249433106575964,sil,False,False,,True
candidate,studio_M1.wav,0.39249433106575965,sil,False,False,,True
candidate,studio_M1.wav,0.40249433106575966,sil,False,False,,True
candidate,studio_M1.wav,0.4124943310657596,sil,False,False,,True
candidate,studio_M1.wav,0.4224943310657596,sil,False,False,,True
candidate,studio_M1.wav,0.43249433106575963,sil,False,False,,True
candidate,studio_M1.wav,0.44249433106575964,sil,False,False,,True
candidate,studio_M1.wav,0.45249433106575965,sil,False,False,,True
candidate,studio_M1.wav,0.46249433106575966,sil,False,False,,True
candidate,studio_M1.wav,0.4724943310657596,sil,False,False,,True
candidate,studio_M1.wav,0.4824943310657596,sil,False,False,,True
candidate,studio_M1.wav,0.4924943310657596,sil,False,False,,True
candidate,studio_M1.wav,0.5024943310657597,sil,False,False,,True
candidate,studio_M1.wav,0.5124943310657596,sil,False,False,,True
candidate,studio_M1.wav,0.5224943310657596,sil,False,False,,True
candidate,studio_M1.wav,0.5324943310657596,sil,False,False,,True
candidate,studio_M1.wav,0.5424943310657596,sil,False,False,,True
candidate,studio_M1.wav,0.5524943310657596,sil,False,False,,True
candidate,studio_M1.wav,0.5624943310657596,sil,False,False,,True
candidate,studio_M1.wav,0.5724943310657596,sil,False,False,,True
candidate,studio_M1.wav,0.5824943310657597,sil,False,False,,True
candidate,studio_M1.wav,0.5924943310657597,sil,False,False,,True
candidate,studio_M1.wav,0.6024943310657597,sil,False,False,,True
candidate,studio_M1.wav,0.6124943310657597,sil,False,False,,True
candidate,studio_M1.wav,0.6224943310657597,sil,False,False,,True
candidate,studio_M1.wav,0.6324943310657596,sil,False,False,,True
candidate,studio_M1.wav,0.6424943310657596,sil,False,False,,True
candidate,studio_M1.wav,0.6524943310657596,sil,False,False,,True
candidate,studio_M1.wav,0.6624943310657596,sil,False,False,,True
candidate,studio_M1.wav,0.6724943310657596,sil,False,False,,True
candidate,studio_M1.wav,0.6824943310657596,sil,False,False,,True
candidate,studio_M1.wav,0.6924943310657596,sil,False,False,,True
candidate,studio_M1.wav,0.7024943310657596,sil,False,False,,True
candidate,studio_M1.wav,0.7124943310657597,sil,False,False,,True
candidate,studio_M1.wav,0.7224943310657597,sil,False,False,,True
candidate,studio_M1.wav,0.7324943310657597,sil,False,False,,True
candidate,studio_M1.wav,0.7424943310657597,sil,False,False,,True
candidate,studio_M1.wav,0.7524943310657597,sil,False,False,,True
candidate,studio_M1.wav,0.7624943310657596,sil,False,False,,True
candidate,studio_M1.wav,0.7724943310657596,sil,False,False,,True
candidate,studio_M1.wav,0.7824943310657596,sil,False,False,,True
candidate,studio_M1.wav,0.7924943310657596,sil,False,False,,True
candidate,studio_M1.wav,0.8024943310657596,sil,False,False,,True
candidate,studio_M1.wav,0.8124943310657596,sil,False,False,,True
candidate,studio_M1.wav,0.8224943310657596,sil,False,False,,True
candidate,studio_M1.wav,0.8324943310657597,sil,False,False,,True
candidate,studio_M1.wav,0.8424943310657597,sil,False,False,,True
candidate,studio_M1.wav,0.8524943310657597,sil,False,False,,True
candidate,studio_M1.wav,0.8624943310657597,sil,True,False,,True
candidate,studio_M1.wav,0.8724943310657597,uv,True,False,,True
candidate,studio_M1.wav,0.8824943310657596,uv,True,False,,True
candidate,studio_M1.wav,0.8924943310657596,uv,False,False,,True
candidate,studio_M1.wav,0.9024943310657596,uv,False,False,,True
candidate,studio_M1.wav,0.9124943310657596,uv,False,False,,True
candidate,studio_M1.wav,0.9224943310657596,uv,False,True,159.95183766823317,True
candidate,studio_M1.wav,0.9324943310657596,uv,True,True,137.78495633153034,True
candidate,studio_M1.wav,0.9424943310657596,v,True,True,137.9939254439179,True
candidate,studio_M1.wav,0.9524943310657596,v,True,True,135.83820705829027,True
candidate,studio_M1.wav,0.9624943310657597,v,False,True,134.71451851848516,True
candidate,studio_M1.wav,0.9724943310657597,v,False,True,133.98029363824944,True
candidate,studio_M1.wav,0.9824943310657597,v,False,True,133.46994132071188,True
candidate,studio_M1.wav,0.9924943310657597,v,False,True,124.0797711820343,True
candidate,studio_M1.wav,1.0024943310657597,v,False,True,122.27372388264448,True
candidate,studio_M1.wav,1.0124943310657597,v,False,True,120.68956605256218,True
candidate,studio_M1.wav,1.0224943310657597,v,False,True,119.9894584978849,True
candidate,studio_M1.wav,1.0324943310657597,v,False,True,119.43050933698251,True
candidate,studio_M1.wav,1.0424943310657597,v,False,True,118.75218658568183,True
candidate,studio_M1.wav,1.0524943310657597,v,False,True,118.33461946699798,True
candidate,studio_M1.wav,1.0624943310657597,v,False,True,118.18414249052115,True
candidate,studio_M1.wav,1.0724943310657595,v,False,True,116.76339264960133,True
candidate,studio_M1.wav,1.0824943310657595,v,False,True,116.6320486084198,True
candidate,studio_M1.wav,1.0924943310657595,v,False,True,131.6814081571677,True
candidate,studio_M1.wav,1.1024943310657596,v,False,True,131.93868414238727,True
candidate,studio_M1.wav,1.1124943310657596,v,False,True,133.1498350781403,True
candidate,studio_M1.wav,1.1224943310657596,v,False,True,135.94006211419511,True
candidate,studio_M1.wav,1.1324943310657596,v,False,True,136.1912925323943,True
candidate,studio_M1.wav,1.1424943310657596,v,False,True,140.3718560982152,True
candidate,studio_M1.wav,1.1524943310657596,v,False,True,140.77391808677262,True
candidate,studio_M1.wav,1.1624943310657596,v,False,True,141.85568518118265,True
candidate,studio_M1.wav,1.1724943310657596,v,False,True,134.90862372371666,True
candidate,studio_M1.wav,1.1824943310657596,v,False,False,,True
candidate,studio_M1.wav,1.1924943310657596,v,False,False,,True
candidate,studio_M1.wav,1.2024943310657596,v,False,True,164.65141044317917,True
candidate,studio_M1.wav,1.2124943310657597,v,False,True,168.41087834410231,True
candidate,studio_M1.wav,1.2224943310657597,v,False,True,172.88174802971818,True
candidate,studio_M1.wav,1.2324943310657597,v,False,True,174.49696969854793,True
candidate,studio_M1.wav,1.2424943310657597,v,False,True,174.91399626831978,True
candidate,studio_M1.wav,1.2524943310657597,v,True,True,175.20970812872423,True
candidate,studio_M1.wav,1.2624943310657597,uv,True,True,174.86207180946508,True
candidate,studio_M1.wav,1.2724943310657597,uv,True,False,,True
candidate,studio_M1.wav,1.2824943310657597,uv,False,False,,True
candidate,studio_M1.wav,1.2924943310657597,uv,False,False,,True
candidate,studio_M1.wav,1.3024943310657597,uv,False,False,,True
candidate,studio_M1.wav,1.3124943310657597,uv,False,False,,True
candidate,studio_M1.wav,1.3224943310657595,uv,True,True,185.3347154244106,True
candidate,studio_M1.wav,1.3324943310657595,v,True,True,146.57928685773194,True
candidate,studio_M1.wav,1.3424943310657595,v,True,True,145.00330030020208,True
candidate,studio_M1.wav,1.3524943310657596,v,False,True,130.33956733445376,True
candidate,studio_M1.wav,1.3624943310657596,v,False,True,119.88907497194909,True
candidate,studio_M1.wav,1.3724943310657596,v,False,True,115.6719914615293,True
candidate,studio_M1.wav,1.3824943310657596,v,False,True,113.21748251009917,True
candidate,studio_M1.wav,1.3924943310657596,v,False,True,103.128193587869,True
candidate,studio_M1.wav,1.4024943310657596,v,False,True,100.9562286604331,True
candidate,studio_M1.wav,1.4124943310657596,v,False,True,99.77952419143911,True
candidate,studio_M1.wav,1.4224943310657596,v,False,True,99.02815570975467,True
candidate,studio_M1.wav,1.4324943310657596,v,False,True,98.36514430970207,True
candidate,studio_M1.wav,1.4424943310657596,v,False,True,93.41595656085714,True
candidate,studio_M1.wav,1.4524943310657596,v,False,True,94.00174483828168,True
candidate,studio_M1.wav,1.4624943310657597,v,False,True,94.43861276168025,True
candidate,studio_M1.wav,1.4724943310657597,v,False,True,94.74609503583208,True
candidate,studio_M1.wav,1.4824943310657597,v,False,True,96.5278068387919,True
candidate,studio_M1.wav,1.4924943310657597,v,False,True,99.59069989419754,True
candidate,studio_M1.wav,1.5024943310657597,v,False,True,97.74055962159012,True
candidate,studio_M1.wav,1.5124943310657597,v,False,True,96.61933543083578,True
candidate,studio_M1.wav,1.5224943310657597,v,False,True,95.54695125968851,True
candidate,studio_M1.wav,1.5324943310657597,v,False,True,94.801734878035,True
candidate,studio_M1.wav,1.5424943310657597,v,False,True,93.97229263456889,True
candidate,studio_M1.wav,1.5524943310657597,v,False,True,90.7722398702537,True
candidate,studio_M1.wav,1.5624943310657597,v,False,True,91.01302545781164,True
candidate,studio_M1.wav,1.5724943310657595,v,False,True,91.50551301919565,True
candidate,studio_M1.wav,1.5824943310657595,v,True,False,,True
candidate,studio_M1.wav,1.5924943310657595,uv,True,False,,True
candidate,studio_M1.wav,1.6024943310657596,uv,True,False,,True
candidate,studio_M1.wav,1.6124943310657596,uv,False,False,,True
candidate,studio_M1.wav,1.6224943310657596,uv,False,False,,True
candidate,studio_M1.wav,1.6324943310657596,uv,False,False,,True
candidate,studio_M1.wav,1.6424943310657596,uv,False,False,,True
candidate,studio_M1.wav,1.6524943310657596,uv,True,False,,True
candidate,studio_M1.wav,1.6624943310657596,v,True,True,119.63974996034403,True
candidate,studio_M1.wav,1.6724943310657596,v,True,True,105.45611297648121,True
candidate,studio_M1.wav,1.6824943310657596,v,False,True,92.98526401148821,True
candidate,studio_M1.wav,1.6924943310657596,v,False,True,91.45563662085992,True
candidate,studio_M1.wav,1.7024943310657596,v,False,False,,True
candidate,studio_M1.wav,1.7124943310657597,v,False,False,,True
candidate,studio_M1.wav,1.7224943310657597,v,False,False,,True
candidate,studio_M1.wav,1.7324943310657597,v,False,False,,True
candidate,studio_M1.wav,1.7424943310657597,v,False,False,,True
candidate,studio_M1.wav,1.7524943310657597,v,False,False,,True
candidate,studio_M1.wav,1.7624943310657597,v,False,False,,True
candidate,studio_M1.wav,1.7724943310657597,v,True,False,,True
candidate,studio_M1.wav,1.7824943310657597,uv,True,False,,True
candidate,studio_M1.wav,1.7924943310657597,uv,True,False,,True
candidate,studio_M1.wav,1.8024943310657597,uv,False,False,,True
candidate,studio_M1.wav,1.8124943310657597,uv,True,False,,True
candidate,studio_M1.wav,1.8224943310657595,v,True,False,,True
candidate,studio_M1.wav,1.8324943310657595,v,True,True,114.16940727031945,True
candidate,studio_M1.wav,1.8424943310657595,v,False,True,104.79546590879009,True
candidate,studio_M1.wav,1.8524943310657596,v,False,True,103.74400167310662,True
candidate,studio_M1.wav,1.8624943310657596,v,False,True,102.363102041038,True
candidate,studio_M1.wav,1.8724943310657596,v,False,True,100.81596921078989,True
candidate,studio_M1.wav,1.8824943310657596,v,False,True,100.32149743446527,True
candidate,studio_M1.wav,1.8924943310657596,v,False,True,99.3116093944699,True
candidate,studio_M1.wav,1.9024943310657596,v,False,True,98.60135034592788,True
candidate,studio_M1.wav,1.9124943310657596,v,False,True,98.4621405094522,True
candidate,studio_M1.wav,1.9224943310657596,v,False,True,97.99629515550517,True
candidate,studio_M1.wav,1.9324943310657596,v,False,True,97.44495834820373,True
candidate,studio_M1.wav,1.9424943310657596,v,False,True,95.24703471078925,True
candidate,studio_M1.wav,1.9524943310657596,v,False,True,95.16684051192198,True
candidate,studio_M1.wav,1.9624943310657597,v,False,True,93.90276126030032,True
candidate,studio_M1.wav,1.9724943310657597,v,False,True,93.21990320021604,True
candidate,studio_M1.wav,1.9824943310657597,v,False,True,92.46851425175649,True
candidate,studio_M1.wav,1.9924943310657597,v,False,True,92.03060634959554,True
candidate,studio_M1.wav,2.0024943310657597,v,False,True,89.67770278331479,True
candidate,studio_M1.wav,2.0124943310657595,v,False,True,89.51225392670503,True
candidate,studio_M1.wav,2.0224943310657597,v,False,True,89.17080779630095,True
candidate,studio_M1.wav,2.0324943310657595,v,False,True,88.91235697801571,True
candidate,studio_M1.wav,2.0424943310657597,v,False,True,87.46324110838917,True
candidate,studio_M1.wav,2.0524943310657595,v,True,False,,True
candidate,studio_M1.wav,2.0624943310657597,sil,True,False,,True
candidate,studio_M1.wav,2.0724943310657595,sil,True,False,,True
candidate,studio_M1.wav,2.0824943310657598,sil,False,False,,True
candidate,studio_M1.wav,2.0924943310657595,sil,False,False,,True
candidate,studio_M1.wav,2.10249433106576,sil,False,False,,True
candidate,studio_M1.wav,2.1124943310657596,sil,False,False,,True
candidate,studio_M1.wav,2.12249433106576,sil,False,False,,True
candidate,studio_M1.wav,2.1324943310657596,sil,False,False,,True
candidate,studio_M1.wav,2.14249433106576,sil,False,False,,True
candidate,studio_M1.wav,2.1524943310657596,sil,False,False,,True
candidate,studio_M1.wav,2.16249433106576,sil,False,False,,True
candidate,studio_M1.wav,2.1724943310657596,sil,False,False,,True
candidate,studio_M1.wav,2.18249433106576,sil,False,False,,True
candidate,studio_M1.wav,2.1924943310657596,sil,False,False,,True
candidate,studio_M1.wav,2.2024943310657594,sil,False,False,,True
candidate,studio_M1.wav,2.2124943310657597,sil,False,False,,True
candidate,studio_M1.wav,2.2224943310657594,sil,False,False,,True
candidate,studio_M1.wav,2.2324943310657597,sil,False,False,,True
candidate,studio_M1.wav,2.2424943310657595,sil,False,False,,True
candidate,studio_M1.wav,2.2524943310657597,sil,False,False,,True
candidate,studio_M1.wav,2.2624943310657595,sil,False,False,,True
candidate,studio_M1.wav,2.2724943310657597,sil,False,False,,True
candidate,studio_M1.wav,2.2824943310657595,sil,False,False,,True
candidate,studio_M1.wav,2.2924943310657597,sil,False,False,,True
candidate,studio_M1.wav,2.3024943310657595,sil,False,False,,True
candidate,studio_M1.wav,2.3124943310657597,sil,False,False,,True
candidate,studio_M1.wav,2.3224943310657595,sil,False,False,,True
candidate,studio_M1.wav,2.3324943310657598,sil,False,False,,True
candidate,studio_M1.wav,2.3424943310657595,sil,False,False,,True
candidate,studio_M1.wav,2.35249433106576,sil,False,False,,True
candidate,studio_M1.wav,2.3624943310657596,sil,False,False,,True
candidate,studio_M1.wav,2.37249433106576,sil,False,False,,True
candidate,studio_M1.wav,2.3824943310657596,sil,False,False,,True
candidate,studio_M1.wav,2.39249433106576,sil,False,False,,True
candidate,studio_M1.wav,2.4024943310657596,sil,False,False,,True
candidate,studio_M1.wav,2.41249433106576,sil,False,False,,True
candidate,studio_M1.wav,2.4224943310657596,sil,False,False,,True
candidate,studio_M1.wav,2.43249433106576,sil,False,False,,True
candidate,studio_M1.wav,2.4424943310657596,sil,False,False,,True
candidate,studio_M1.wav,2.4524943310657594,sil,False,False,,True
candidate,studio_M1.wav,2.4624943310657597,sil,False,False,,True
candidate,studio_M1.wav,2.4724943310657594,sil,False,False,,True
candidate,studio_M1.wav,2.4824943310657597,sil,False,False,,True
candidate,studio_M1.wav,2.4924943310657595,sil,False,False,,True
candidate,studio_M1.wav,2.5024943310657597,sil,False,False,,True
candidate,studio_M1.wav,2.5124943310657595,sil,False,False,,True
candidate,studio_M1.wav,2.5224943310657597,sil,False,False,,True
candidate,studio_M1.wav,2.5324943310657595,sil,False,False,,True
candidate,studio_M1.wav,2.5424943310657597,sil,False,False,,True
candidate,studio_M1.wav,2.5524943310657595,sil,False,False,,True
candidate,studio_M1.wav,2.5624943310657597,sil,False,False,,True
candidate,studio_M1.wav,2.5724943310657595,sil,False,False,,True
candidate,studio_M1.wav,2.5824943310657598,sil,False,False,,True
candidate,studio_M1.wav,2.5924943310657595,sil,False,False,,True
candidate,studio_M1.wav,2.60249433106576,sil,False,False,,True
candidate,studio_M1.wav,2.6124943310657596,sil,False,False,,True
candidate,studio_M1.wav,2.62249433106576,sil,False,False,,True
candidate,studio_M1.wav,2.6324943310657596,sil,False,False,,True
candidate,studio_M1.wav,2.64249433106576,sil,False,False,,True
candidate,studio_M1.wav,2.6524943310657596,sil,False,False,,True
candidate,studio_M1.wav,2.66249433106576,sil,False,False,,True
candidate,studio_M1.wav,2.6724943310657596,sil,False,False,,True
candidate,studio_M1.wav,2.68249433106576,sil,False,False,,True
candidate,studio_M1.wav,2.6924943310657596,sil,False,False,,True
candidate,studio_M1.wav,2.7024943310657594,sil,False,False,,True
candidate,studio_M1.wav,2.7124943310657597,sil,False,False,,False
