option_id,file,time_s,raw_f0_hz,raw_voiced
praat7_filtered_v0.3,phone_F1.wav,0.025,0.0,False
praat7_filtered_v0.3,phone_F1.wav,0.035,0.0,False
praat7_filtered_v0.3,phone_F1.wav,0.045,0.0,False
praat7_filtered_v0.3,phone_F1.wav,0.055,0.0,False
praat7_filtered_v0.3,phone_F1.wav,0.065,0.0,False
praat7_filtered_v0.3,phone_F1.wav,0.075,0.0,False
praat7_filtered_v0.3,phone_F1.wav,0.085,0.0,False
praat7_filtered_v0.3,phone_F1.wav,0.095,0.0,False
praat7_filtered_v0.3,phone_F1.wav,0.105,0.0,False
praat7_filtered_v0.3,phone_F1.wav,0.115,0.0,False
praat7_filtered_v0.3,phone_F1.wav,0.125,0.0,False
praat7_filtered_v0.3,phone_F1.wav,0.135,0.0,False
praat7_filtered_v0.3,phone_F1.wav,0.145,0.0,False
praat7_filtered_v0.3,phone_F1.wav,0.155,0.0,False
praat7_filtered_v0.3,phone_F1.wav,0.165,0.0,False
praat7_filtered_v0.3,phone_F1.wav,0.175,0.0,False
praat7_filtered_v0.3,phone_F1.wav,0.185,0.0,False
praat7_filtered_v0.3,phone_F1.wav,0.195,0.0,False
praat7_filtered_v0.3,phone_F1.wav,0.205,0.0,False
praat7_filtered_v0.3,phone_F1.wav,0.215,0.0,False
praat7_filtered_v0.3,phone_F1.wav,0.225,0.0,False
praat7_filtered_v0.3,phone_F1.wav,0.235,0.0,False
praat7_filtered_v0.3,phone_F1.wav,0.245,0.0,False
praat7_filtered_v0.3,phone_F1.wav,0.255,0.0,False
praat7_filtered_v0.3,phone_F1.wav,0.265,0.0,False
praat7_filtered_v0.3,phone_F1.wav,0.275,0.0,False
praat7_filtered_v0.3,phone_F1.wav,0.285,0.0,False
praat7_filtered_v0.3,phone_F1.wav,0.295,0.0,False
praat7_filtered_v0.3,phone_F1.wav,0.305,0.0,False
praat7_filtered_v0.3,phone_F1.wav,0.315,0.0,False
praat7_filtered_v0.3,phone_F1.wav,0.325,0.0,False
praat7_filtered_v0.3,phone_F1.wav,0.335,0.0,False
praat7_filtered_v0.3,phone_F1.wav,0.345,0.0,False
praat7_filtered_v0.3,phone_F1.wav,0.355,0.0,False
praat7_filtered_v0.3,phone_F1.wav,0.365,0.0,False
praat7_filtered_v0.3,phone_F1.wav,0.375,0.0,False
praat7_filtered_v0.3,phone_F1.wav,0.385,0.0,False
praat7_filtered_v0.3,phone_F1.wav,0.395,0.0,False
praat7_filtered_v0.3,phone_F1.wav,0.405,0.0,False
praat7_filtered_v0.3,phone_F1.wav,0.415,0.0,False
praat7_filtered_v0.3,phone_F1.wav,0.425,0.0,False
praat7_filtered_v0.3,phone_F1.wav,0.435,0.0,False
praat7_filtered_v0.3,phone_F1.wav,0.445,0.0,False
praat7_filtered_v0.3,phone_F1.wav,0.455,0.0,False
praat7_filtered_v0.3,phone_F1.wav,0.465,0.0,False
praat7_filtered_v0.3,phone_F1.wav,0.475,0.0,False
praat7_filtered_v0.3,phone_F1.wav,0.485,0.0,False
praat7_filtered_v0.3,phone_F1.wav,0.495,0.0,False
praat7_filtered_v0.3,phone_F1.wav,0.505,0.0,False
praat7_filtered_v0.3,phone_F1.wav,0.515,0.0,False
praat7_filtered_v0.3,phone_F1.wav,0.525,0.0,False
praat7_filtered_v0.3,phone_F1.wav,0.535,0.0,False
praat7_filtered_v0.3,phone_F1.wav,0.545,224.0735160407899,True
praat7_filtered_v0.3,phone_F1.wav,0.555,223.5047031875168,True
praat7_filtered_v0.3,phone_F1.wav,0.565,219.08533742449825,True
praat7_filtered_v0.3,phone_F1.wav,0.575,217.38044082588976,True
praat7_filtered_v0.3,phone_F1.wav,0.585,218.4453788161298,True
praat7_filtered_v0.3,phone_F1.wav,0.595,218.12580709083696,True
praat7_filtered_v0.3,phone_F1.wav,0.605,218.47097952418827,True
praat7_filtered_v0.3,phone_F1.wav,0.615,219.9949444042771,True
praat7_filtered_v0.3,phone_F1.wav,0.625,223.8658883716753,True
praat7_filtered_v0.3,phone_F1.wav,0.635,227.83927652274312,True
praat7_filtered_v0.3,phone_F1.wav,0.645,231.81439445718203,True
praat7_filtered_v0.3,phone_F1.wav,0.655,233.28344188725552,True
praat7_filtered_v0.3,phone_F1.wav,0.665,231.23276017556924,True
praat7_filtered_v0.3,phone_F1.wav,0.675,228.61835659767152,True
praat7_filtered_v0.3,phone_F1.wav,0.685,229.05522300836327,True
praat7_filtered_v0.3,phone_F1.wav,0.695,229.73121869293516,True
praat7_filtered_v0.3,phone_F1.wav,0.705,230.49637853904616,True
praat7_filtered_v0.3,phone_F1.wav,0.715,231.39074213424632,True
praat7_filtered_v0.3,phone_F1.wav,0.725,232.3007754838184,True
praat7_filtered_v0.3,phone_F1.wav,0.735,231.5889785727706,True
praat7_filtered_v0.3,phone_F1.wav,0.745,229.01966098570165,True
praat7_filtered_v0.3,phone_F1.wav,0.755,234.37896978375767,True
praat7_filtered_v0.3,phone_F1.wav,0.765,232.4005588830252,True
praat7_filtered_v0.3,phone_F1.wav,0.775,229.004036395166,True
praat7_filtered_v0.3,phone_F1.wav,0.785,224.680292569356,True
praat7_filtered_v0.3,phone_F1.wav,0.795,218.62643558513463,True
praat7_filtered_v0.3,phone_F1.wav,0.805,223.4546760399243,True
praat7_filtered_v0.3,phone_F1.wav,0.815,234.50381398329563,True
praat7_filtered_v0.3,phone_F1.wav,0.825,235.0037756215252,True
praat7_filtered_v0.3,phone_F1.wav,0.835,236.8898087703165,True
praat7_filtered_v0.3,phone_F1.wav,0.845,238.68072314149688,True
praat7_filtered_v0.3,phone_F1.wav,0.855,241.24100670885664,True
praat7_filtered_v0.3,phone_F1.wav,0.865,242.72893552402408,True
praat7_filtered_v0.3,phone_F1.wav,0.875,242.42228471177407,True
praat7_filtered_v0.3,phone_F1.wav,0.885,245.32226796354675,True
praat7_filtered_v0.3,phone_F1.wav,0.895,249.42482053093804,True
praat7_filtered_v0.3,phone_F1.wav,0.905,249.32454393088483,True
praat7_filtered_v0.3,phone_F1.wav,0.915,248.15889946144287,True
praat7_filtered_v0.3,phone_F1.wav,0.925,246.5094090848584,True
praat7_filtered_v0.3,phone_F1.wav,0.935,244.7238030658125,True
praat7_filtered_v0.3,phone_F1.wav,0.945,243.0041515869096,True
praat7_filtered_v0.3,phone_F1.wav,0.955,239.0434658148308,True
praat7_filtered_v0.3,phone_F1.wav,0.965,233.12917693537528,True
praat7_filtered_v0.3,phone_F1.wav,0.975,223.4978511308196,True
praat7_filtered_v0.3,phone_F1.wav,0.985,209.86422912660703,True
praat7_filtered_v0.3,phone_F1.wav,0.995,231.30374990712784,True
praat7_filtered_v0.3,phone_F1.wav,1.005,236.35309989248285,True
praat7_filtered_v0.3,phone_F1.wav,1.015,236.78989711816473,True
praat7_filtered_v0.3,phone_F1.wav,1.025,234.19323316888696,True
praat7_filtered_v0.3,phone_F1.wav,1.035,228.73026663364143,True
praat7_filtered_v0.3,phone_F1.wav,1.045,225.91259219924547,True
praat7_filtered_v0.3,phone_F1.wav,1.055,224.9377766202344,True
praat7_filtered_v0.3,phone_F1.wav,1.065,227.0078322548543,True
praat7_filtered_v0.3,phone_F1.wav,1.075,234.94690459071697,True
praat7_filtered_v0.3,phone_F1.wav,1.085,238.69580959530072,True
praat7_filtered_v0.3,phone_F1.wav,1.095,246.27730144819012,True
praat7_filtered_v0.3,phone_F1.wav,1.105,247.01504819642824,True
praat7_filtered_v0.3,phone_F1.wav,1.115,245.31828606320056,True
praat7_filtered_v0.3,phone_F1.wav,1.125,241.8015161582236,True
praat7_filtered_v0.3,phone_F1.wav,1.135,237.377532865565,True
praat7_filtered_v0.3,phone_F1.wav,1.145,0.0,False
praat7_filtered_v0.3,phone_F1.wav,1.155,0.0,False
praat7_filtered_v0.3,phone_F1.wav,1.165,0.0,False
praat7_filtered_v0.3,phone_F1.wav,1.175,0.0,False
praat7_filtered_v0.3,phone_F1.wav,1.185,0.0,False
praat7_filtered_v0.3,phone_F1.wav,1.195,0.0,False
praat7_filtered_v0.3,phone_F1.wav,1.205,0.0,False
praat7_filtered_v0.3,phone_F1.wav,1.215,225.9302604632008,True
praat7_filtered_v0.3,phone_F1.wav,1.225,205.16599655586484,True
praat7_filtered_v0.3,phone_F1.wav,1.235,193.23451661858152,True
praat7_filtered_v0.3,phone_F1.wav,1.245,185.41064621725295,True
praat7_filtered_v0.3,phone_F1.wav,1.255,181.75104632315953,True
praat7_filtered_v0.3,phone_F1.wav,1.265,179.02903792740452,True
praat7_filtered_v0.3,phone_F1.wav,1.275,178.69812224206308,True
praat7_filtered_v0.3,phone_F1.wav,1.285,180.1207554363798,True
praat7_filtered_v0.3,phone_F1.wav,1.295,181.54739135191232,True
praat7_filtered_v0.3,phone_F1.wav,1.305,182.8775156996046,True
praat7_filtered_v0.3,phone_F1.wav,1.315,182.6919724891718,True
praat7_filtered_v0.3,phone_F1.wav,1.325,181.81063386147,True
praat7_filtered_v0.3,phone_F1.wav,1.335,179.07714752164327,True
praat7_filtered_v0.3,phone_F1.wav,1.345,171.9203815176599,True
praat7_filtered_v0.3,phone_F1.wav,1.355,0.0,False
praat7_filtered_v0.3,phone_F1.wav,1.365,0.0,False
praat7_filtered_v0.3,phone_F1.wav,1.375,0.0,False
praat7_filtered_v0.3,phone_F1.wav,1.385,0.0,False
praat7_filtered_v0.3,phone_F1.wav,1.395,0.0,False
praat7_filtered_v0.3,phone_F1.wav,1.405,0.0,False
praat7_filtered_v0.3,phone_F1.wav,1.415,0.0,False
praat7_filtered_v0.3,phone_F1.wav,1.425,0.0,False
praat7_filtered_v0.3,phone_F1.wav,1.435,0.0,False
praat7_filtered_v0.3,phone_F1.wav,1.445,0.0,False
praat7_filtered_v0.3,phone_F1.wav,1.455,225.84050501764787,True
praat7_filtered_v0.3,phone_F1.wav,1.465,216.16687122168972,True
praat7_filtered_v0.3,phone_F1.wav,1.475,207.13198865110067,True
praat7_filtered_v0.3,phone_F1.wav,1.485,201.5678319411472,True
praat7_filtered_v0.3,phone_F1.wav,1.495,198.4866024900381,True
praat7_filtered_v0.3,phone_F1.wav,1.505,196.46836900403767,True
praat7_filtered_v0.3,phone_F1.wav,1.515,195.30550007484865,True
praat7_filtered_v0.3,phone_F1.wav,1.525,193.8467756689604,True
praat7_filtered_v0.3,phone_F1.wav,1.535,192.51906515955352,True
praat7_filtered_v0.3,phone_F1.wav,1.545,191.2327264028168,True
praat7_filtered_v0.3,phone_F1.wav,1.555,189.40585504503025,True
praat7_filtered_v0.3,phone_F1.wav,1.565,187.46463151182624,True
praat7_filtered_v0.3,phone_F1.wav,1.575,187.11741360156375,True
praat7_filtered_v0.3,phone_F1.wav,1.585,197.70368817349527,True
praat7_filtered_v0.3,phone_F1.wav,1.595,227.3075094072663,True
praat7_filtered_v0.3,phone_F1.wav,1.605,247.8394397434645,True
praat7_filtered_v0.3,phone_F1.wav,1.615,229.95963962648997,True
praat7_filtered_v0.3,phone_F1.wav,1.625,0.0,False
praat7_filtered_v0.3,phone_F1.wav,1.635,0.0,False
praat7_filtered_v0.3,phone_F1.wav,1.645,0.0,False
praat7_filtered_v0.3,phone_F1.wav,1.655,0.0,False
praat7_filtered_v0.3,phone_F1.wav,1.665,0.0,False
praat7_filtered_v0.3,phone_F1.wav,1.675,0.0,False
praat7_filtered_v0.3,phone_F1.wav,1.685,0.0,False
praat7_filtered_v0.3,phone_F1.wav,1.695,0.0,False
praat7_filtered_v0.3,phone_F1.wav,1.705,0.0,False
praat7_filtered_v0.3,phone_F1.wav,1.715,0.0,False
praat7_filtered_v0.3,phone_F1.wav,1.725,0.0,False
praat7_filtered_v0.3,phone_F1.wav,1.735,0.0,False
praat7_filtered_v0.3,phone_F1.wav,1.745,0.0,False
praat7_filtered_v0.3,phone_F1.wav,1.755,0.0,False
praat7_filtered_v0.3,phone_F1.wav,1.765,0.0,False
praat7_filtered_v0.3,phone_F1.wav,1.775,0.0,False
praat7_filtered_v0.3,phone_F1.wav,1.785,0.0,False
praat7_filtered_v0.3,phone_F1.wav,1.795,0.0,False
praat7_filtered_v0.3,phone_F1.wav,1.805,0.0,False
praat7_filtered_v0.3,phone_F1.wav,1.815,0.0,False
praat7_filtered_v0.3,phone_F1.wav,1.825,0.0,False
praat7_filtered_v0.3,phone_F1.wav,1.835,225.7173191107258,True
praat7_filtered_v0.3,phone_F1.wav,1.845,217.90010520086597,True
praat7_filtered_v0.3,phone_F1.wav,1.855,0.0,False
praat7_filtered_v0.3,phone_F1.wav,1.865,0.0,False
praat7_filtered_v0.3,phone_F1.wav,1.875,0.0,False
praat7_filtered_v0.3,phone_F1.wav,1.885,0.0,False
praat7_filtered_v0.3,phone_F1.wav,1.895,0.0,False
praat7_filtered_v0.3,phone_F1.wav,1.905,0.0,False
praat7_filtered_v0.3,phone_F1.wav,1.915,218.50843271552583,True
praat7_filtered_v0.3,phone_F1.wav,1.925,221.90795087831012,True
praat7_filtered_v0.3,phone_F1.wav,1.935,224.1671115611526,True
praat7_filtered_v0.3,phone_F1.wav,1.945,224.14527164198728,True
praat7_filtered_v0.3,phone_F1.wav,1.955,223.42489870255767,True
praat7_filtered_v0.3,phone_F1.wav,1.965,222.3498108139556,True
praat7_filtered_v0.3,phone_F1.wav,1.975,221.00794083226455,True
praat7_filtered_v0.3,phone_F1.wav,1.985,219.6631445814022,True
praat7_filtered_v0.3,phone_F1.wav,1.995,218.28731098915657,True
praat7_filtered_v0.3,phone_F1.wav,2.005,215.90997857388297,True
praat7_filtered_v0.3,phone_F1.wav,2.015,213.03105986317743,True
praat7_filtered_v0.3,phone_F1.wav,2.025,210.0731989820826,True
praat7_filtered_v0.3,phone_F1.wav,2.035,201.18276128647753,True
praat7_filtered_v0.3,phone_F1.wav,2.045,189.39707657060265,True
praat7_filtered_v0.3,phone_F1.wav,2.055,189.3830834419815,True
praat7_filtered_v0.3,phone_F1.wav,2.065,189.75752014892143,True
praat7_filtered_v0.3,phone_F1.wav,2.075,196.31979870715543,True
praat7_filtered_v0.3,phone_F1.wav,2.085,204.6340817153744,True
praat7_filtered_v0.3,phone_F1.wav,2.095,202.97721606419117,True
praat7_filtered_v0.3,phone_F1.wav,2.105,201.375236050317,True
praat7_filtered_v0.3,phone_F1.wav,2.115,200.14788544338265,True
praat7_filtered_v0.3,phone_F1.wav,2.125,198.78459429423904,True
praat7_filtered_v0.3,phone_F1.wav,2.135,197.22883050601476,True
praat7_filtered_v0.3,phone_F1.wav,2.145,196.46996068626328,True
praat7_filtered_v0.3,phone_F1.wav,2.155,195.2552236005484,True
praat7_filtered_v0.3,phone_F1.wav,2.165,194.4714237101641,True
praat7_filtered_v0.3,phone_F1.wav,2.175,193.03496858732407,True
praat7_filtered_v0.3,phone_F1.wav,2.185,190.77216185290416,True
praat7_filtered_v0.3,phone_F1.wav,2.195,189.24587489692033,True
praat7_filtered_v0.3,phone_F1.wav,2.205,0.0,False
praat7_filtered_v0.3,phone_F1.wav,2.215,0.0,False
praat7_filtered_v0.3,phone_F1.wav,2.225,0.0,False
praat7_filtered_v0.3,phone_F1.wav,2.235,0.0,False
praat7_filtered_v0.3,phone_F1.wav,2.245,0.0,False
praat7_filtered_v0.3,phone_F1.wav,2.255,0.0,False
praat7_filtered_v0.3,phone_F1.wav,2.265,0.0,False
praat7_filtered_v0.3,phone_F1.wav,2.275,0.0,False
praat7_filtered_v0.3,phone_F1.wav,2.285,240.3073116602516,True
praat7_filtered_v0.3,phone_F1.wav,2.295,233.86350392141676,True
praat7_filtered_v0.3,phone_F1.wav,2.305,234.2527037307956,True
praat7_filtered_v0.3,phone_F1.wav,2.315,237.21912125832972,True
praat7_filtered_v0.3,phone_F1.wav,2.325,241.26900337802928,True
praat7_filtered_v0.3,phone_F1.wav,2.335,240.15481090160188,True
praat7_filtered_v0.3,phone_F1.wav,2.345,0.0,False
praat7_filtered_v0.3,phone_F1.wav,2.355,0.0,False
praat7_filtered_v0.3,phone_F1.wav,2.365,0.0,False
praat7_filtered_v0.3,phone_F1.wav,2.375,0.0,False
praat7_filtered_v0.3,phone_F1.wav,2.385,0.0,False
praat7_filtered_v0.3,phone_F1.wav,2.395,0.0,False
praat7_filtered_v0.3,phone_F1.wav,2.405,255.80963167920584,True
praat7_filtered_v0.3,phone_F1.wav,2.415,246.6515798670605,True
praat7_filtered_v0.3,phone_F1.wav,2.425,233.23540680216496,True
praat7_filtered_v0.3,phone_F1.wav,2.435,209.8496870911171,True
praat7_filtered_v0.3,phone_F1.wav,2.445,198.30843917918793,True
praat7_filtered_v0.3,phone_F1.wav,2.455,192.43627236909649,True
praat7_filtered_v0.3,phone_F1.wav,2.465,197.12487288855576,True
praat7_filtered_v0.3,phone_F1.wav,2.475,195.67331929711443,True
praat7_filtered_v0.3,phone_F1.wav,2.485,193.99356943795823,True
praat7_filtered_v0.3,phone_F1.wav,2.495,199.76699535700527,True
praat7_filtered_v0.3,phone_F1.wav,2.505,211.06278024694768,True
praat7_filtered_v0.3,phone_F1.wav,2.515,0.0,False
praat7_filtered_v0.3,phone_F1.wav,2.525,0.0,False
praat7_filtered_v0.3,phone_F1.wav,2.535,0.0,False
praat7_filtered_v0.3,phone_F1.wav,2.545,0.0,False
praat7_filtered_v0.3,phone_F1.wav,2.555,0.0,False
praat7_filtered_v0.3,phone_F1.wav,2.565,0.0,False
praat7_filtered_v0.3,phone_F1.wav,2.575,0.0,False
praat7_filtered_v0.3,phone_F1.wav,2.585,0.0,False
praat7_filtered_v0.3,phone_F1.wav,2.595,0.0,False
praat7_filtered_v0.3,phone_F1.wav,2.605,0.0,False
praat7_filtered_v0.3,phone_F1.wav,2.615,0.0,False
praat7_filtered_v0.3,phone_F1.wav,2.625,0.0,False
praat7_filtered_v0.3,phone_F1.wav,2.635,0.0,False
praat7_filtered_v0.3,phone_F1.wav,2.645,0.0,False
praat7_filtered_v0.3,phone_F1.wav,2.655,0.0,False
praat7_filtered_v0.3,phone_F1.wav,2.665,212.75256949765105,True
praat7_filtered_v0.3,phone_F1.wav,2.675,201.133679472232,True
praat7_filtered_v0.3,phone_F1.wav,2.685,196.9618650053204,True
praat7_filtered_v0.3,phone_F1.wav,2.695,194.97177753587516,True
praat7_filtered_v0.3,phone_F1.wav,2.705,192.62133163473607,True
praat7_filtered_v0.3,phone_F1.wav,2.715,189.93500433577285,True
praat7_filtered_v0.3,phone_F1.wav,2.725,187.7511305729072,True
praat7_filtered_v0.3,phone_F1.wav,2.735,184.53844387721648,True
praat7_filtered_v0.3,phone_F1.wav,2.745,0.0,False
praat7_filtered_v0.3,phone_F1.wav,2.755,0.0,False
praat7_filtered_v0.3,phone_F1.wav,2.765,0.0,False
praat7_filtered_v0.3,phone_F1.wav,2.775,0.0,False
praat7_filtered_v0.3,phone_F1.wav,2.785,0.0,False
praat7_filtered_v0.3,phone_F1.wav,2.795,0.0,False
praat7_filtered_v0.3,phone_F1.wav,2.805,0.0,False
praat7_filtered_v0.3,phone_F1.wav,2.815,0.0,False
praat7_filtered_v0.3,phone_F1.wav,2.825,0.0,False
praat7_filtered_v0.3,phone_F1.wav,2.835,0.0,False
praat7_filtered_v0.3,phone_F1.wav,2.845,0.0,False
praat7_filtered_v0.3,phone_F1.wav,2.855,0.0,False
praat7_filtered_v0.3,phone_F1.wav,2.865,0.0,False
praat7_filtered_v0.3,phone_F1.wav,2.875,0.0,False
praat7_filtered_v0.3,phone_F1.wav,2.885,0.0,False
praat7_filtered_v0.3,phone_F1.wav,2.895,0.0,False
praat7_filtered_v0.3,phone_F1.wav,2.905,0.0,False
praat7_filtered_v0.3,phone_F1.wav,2.915,0.0,False
praat7_filtered_v0.3,phone_F1.wav,2.925,0.0,False
praat7_filtered_v0.3,phone_F1.wav,2.935,0.0,False
praat7_filtered_v0.3,phone_F1.wav,2.945,0.0,False
praat7_filtered_v0.3,phone_F1.wav,2.955,0.0,False
praat7_filtered_v0.3,phone_F1.wav,2.965,0.0,False
praat7_filtered_v0.3,phone_F1.wav,2.975,0.0,False
praat7_filtered_v0.3,phone_F1.wav,2.985,0.0,False
praat7_filtered_v0.3,phone_F1.wav,2.995,0.0,False
praat7_filtered_v0.3,phone_F1.wav,3.005,0.0,False
praat7_filtered_v0.3,phone_F1.wav,3.015,0.0,False
praat7_filtered_v0.3,phone_F1.wav,3.025,0.0,False
praat7_filtered_v0.3,phone_F1.wav,3.035,0.0,False
praat7_filtered_v0.3,phone_F1.wav,3.045,0.0,False
praat7_filtered_v0.3,phone_F1.wav,3.055,0.0,False
praat7_filtered_v0.3,phone_F1.wav,3.065,0.0,False
praat7_filtered_v0.3,phone_F1.wav,3.075,0.0,False
praat7_filtered_v0.3,phone_F1.wav,3.085,0.0,False
praat7_filtered_v0.3,phone_F1.wav,3.095,0.0,False
praat7_filtered_v0.3,phone_F1.wav,3.105,0.0,False
praat7_filtered_v0.3,phone_F1.wav,3.115,0.0,False
praat7_filtered_v0.3,phone_F1.wav,3.125,0.0,False
praat7_filtered_v0.3,phone_F1.wav,3.135,0.0,False
praat7_filtered_v0.3,phone_F1.wav,3.145,0.0,False
praat7_filtered_v0.3,phone_F1.wav,3.155,0.0,False
praat7_filtered_v0.3,phone_F1.wav,3.165,0.0,False
praat7_filtered_v0.3,phone_F1.wav,3.175,0.0,False
praat7_filtered_v0.3,phone_F1.wav,3.185,0.0,False
praat7_filtered_v0.3,phone_F1.wav,3.195,0.0,False
praat7_filtered_v0.3,phone_F1.wav,3.205,0.0,False
praat7_filtered_v0.3,phone_F1.wav,3.215,0.0,False
amdf_anchor_w25_b200,phone_F1.wav,0.025,0.0,False
amdf_anchor_w25_b200,phone_F1.wav,0.035,0.0,False
amdf_anchor_w25_b200,phone_F1.wav,0.045,0.0,False
amdf_anchor_w25_b200,phone_F1.wav,0.055,0.0,False
amdf_anchor_w25_b200,phone_F1.wav,0.065,0.0,False
amdf_anchor_w25_b200,phone_F1.wav,0.075,0.0,False
amdf_anchor_w25_b200,phone_F1.wav,0.085,0.0,False
amdf_anchor_w25_b200,phone_F1.wav,0.095,0.0,False
amdf_anchor_w25_b200,phone_F1.wav,0.105,0.0,False
amdf_anchor_w25_b200,phone_F1.wav,0.115,0.0,False
amdf_anchor_w25_b200,phone_F1.wav,0.125,0.0,False
amdf_anchor_w25_b200,phone_F1.wav,0.135,0.0,False
amdf_anchor_w25_b200,phone_F1.wav,0.145,0.0,False
amdf_anchor_w25_b200,phone_F1.wav,0.155,0.0,False
amdf_anchor_w25_b200,phone_F1.wav,0.165,0.0,False
amdf_anchor_w25_b200,phone_F1.wav,0.175,0.0,False
amdf_anchor_w25_b200,phone_F1.wav,0.185,0.0,False
amdf_anchor_w25_b200,phone_F1.wav,0.195,0.0,False
amdf_anchor_w25_b200,phone_F1.wav,0.205,0.0,False
amdf_anchor_w25_b200,phone_F1.wav,0.215,0.0,False
amdf_anchor_w25_b200,phone_F1.wav,0.225,0.0,False
amdf_anchor_w25_b200,phone_F1.wav,0.235,0.0,False
amdf_anchor_w25_b200,phone_F1.wav,0.245,0.0,False
amdf_anchor_w25_b200,phone_F1.wav,0.255,0.0,False
amdf_anchor_w25_b200,phone_F1.wav,0.265,0.0,False
amdf_anchor_w25_b200,phone_F1.wav,0.275,0.0,False
amdf_anchor_w25_b200,phone_F1.wav,0.285,0.0,False
amdf_anchor_w25_b200,phone_F1.wav,0.295,0.0,False
amdf_anchor_w25_b200,phone_F1.wav,0.305,0.0,False
amdf_anchor_w25_b200,phone_F1.wav,0.315,0.0,False
amdf_anchor_w25_b200,phone_F1.wav,0.325,0.0,False
amdf_anchor_w25_b200,phone_F1.wav,0.335,0.0,False
amdf_anchor_w25_b200,phone_F1.wav,0.345,0.0,False
amdf_anchor_w25_b200,phone_F1.wav,0.355,0.0,False
amdf_anchor_w25_b200,phone_F1.wav,0.365,0.0,False
amdf_anchor_w25_b200,phone_F1.wav,0.375,0.0,False
amdf_anchor_w25_b200,phone_F1.wav,0.385,0.0,False
amdf_anchor_w25_b200,phone_F1.wav,0.395,0.0,False
amdf_anchor_w25_b200,phone_F1.wav,0.405,0.0,False
amdf_anchor_w25_b200,phone_F1.wav,0.415,0.0,False
amdf_anchor_w25_b200,phone_F1.wav,0.425,0.0,False
amdf_anchor_w25_b200,phone_F1.wav,0.435,0.0,False
amdf_anchor_w25_b200,phone_F1.wav,0.445,0.0,False
amdf_anchor_w25_b200,phone_F1.wav,0.455,0.0,False
amdf_anchor_w25_b200,phone_F1.wav,0.465,0.0,False
amdf_anchor_w25_b200,phone_F1.wav,0.475,0.0,False
amdf_anchor_w25_b200,phone_F1.wav,0.485,0.0,False
amdf_anchor_w25_b200,phone_F1.wav,0.495,0.0,False
amdf_anchor_w25_b200,phone_F1.wav,0.505,0.0,False
amdf_anchor_w25_b200,phone_F1.wav,0.515,0.0,False
amdf_anchor_w25_b200,phone_F1.wav,0.525,0.0,False
amdf_anchor_w25_b200,phone_F1.wav,0.535,0.0,False
amdf_anchor_w25_b200,phone_F1.wav,0.545,220.6238112864208,True
amdf_anchor_w25_b200,phone_F1.wav,0.555,223.46023705807804,True
amdf_anchor_w25_b200,phone_F1.wav,0.565,218.66312276235874,True
amdf_anchor_w25_b200,phone_F1.wav,0.575,217.91069140750145,True
amdf_anchor_w25_b200,phone_F1.wav,0.585,218.56712192907614,True
amdf_anchor_w25_b200,phone_F1.wav,0.595,218.27232706713093,True
amdf_anchor_w25_b200,phone_F1.wav,0.605,218.87584850109204,True
amdf_anchor_w25_b200,phone_F1.wav,0.615,220.27940717257619,True
amdf_anchor_w25_b200,phone_F1.wav,0.625,223.51293911490228,True
amdf_anchor_w25_b200,phone_F1.wav,0.635,226.89541019305912,True
amdf_anchor_w25_b200,phone_F1.wav,0.645,231.5495555494498,True
amdf_anchor_w25_b200,phone_F1.wav,0.655,233.3303221142594,True
amdf_anchor_w25_b200,phone_F1.wav,0.665,230.14612985681936,True
amdf_anchor_w25_b200,phone_F1.wav,0.675,227.83682994075141,True
amdf_anchor_w25_b200,phone_F1.wav,0.685,228.4815800205515,True
amdf_anchor_w25_b200,phone_F1.wav,0.695,229.16923721899354,True
amdf_anchor_w25_b200,phone_F1.wav,0.705,230.20144164134442,True
amdf_anchor_w25_b200,phone_F1.wav,0.715,231.35574144175186,True
amdf_anchor_w25_b200,phone_F1.wav,0.725,232.20854612647383,True
amdf_anchor_w25_b200,phone_F1.wav,0.735,232.32696473125594,True
amdf_anchor_w25_b200,phone_F1.wav,0.745,232.37561605911904,True
amdf_anchor_w25_b200,phone_F1.wav,0.755,234.852108586928,True
amdf_anchor_w25_b200,phone_F1.wav,0.765,232.2654829211766,True
amdf_anchor_w25_b200,phone_F1.wav,0.775,229.1730242783443,True
amdf_anchor_w25_b200,phone_F1.wav,0.785,224.87734529972985,True
amdf_anchor_w25_b200,phone_F1.wav,0.795,217.6636845344656,True
amdf_anchor_w25_b200,phone_F1.wav,0.805,219.14179181456484,True
amdf_anchor_w25_b200,phone_F1.wav,0.815,234.26912646883255,True
amdf_anchor_w25_b200,phone_F1.wav,0.825,234.85219100888276,True
amdf_anchor_w25_b200,phone_F1.wav,0.835,235.08618017303658,True
amdf_anchor_w25_b200,phone_F1.wav,0.845,237.36524922612253,True
amdf_anchor_w25_b200,phone_F1.wav,0.855,240.00432118388488,True
amdf_anchor_w25_b200,phone_F1.wav,0.865,241.68199894966355,True
amdf_anchor_w25_b200,phone_F1.wav,0.875,241.77636002127284,True
amdf_anchor_w25_b200,phone_F1.wav,0.885,246.43828459273018,True
amdf_anchor_w25_b200,phone_F1.wav,0.895,249.75945220661316,True
amdf_anchor_w25_b200,phone_F1.wav,0.905,249.67907916471805,True
amdf_anchor_w25_b200,phone_F1.wav,0.915,248.59101911219662,True
amdf_anchor_w25_b200,phone_F1.wav,0.925,243.96251014114688,True
amdf_anchor_w25_b200,phone_F1.wav,0.935,243.35265862786386,True
amdf_anchor_w25_b200,phone_F1.wav,0.945,242.0542382167397,True
amdf_anchor_w25_b200,phone_F1.wav,0.955,239.6104325811462,True
amdf_anchor_w25_b200,phone_F1.wav,0.965,234.66229068689333,True
amdf_anchor_w25_b200,phone_F1.wav,0.975,224.63501938927422,True
amdf_anchor_w25_b200,phone_F1.wav,0.985,205.845786536123,True
amdf_anchor_w25_b200,phone_F1.wav,0.995,232.89086007909202,True
amdf_anchor_w25_b200,phone_F1.wav,1.005,234.16078525049207,True
amdf_anchor_w25_b200,phone_F1.wav,1.015,236.04764760254244,True
amdf_anchor_w25_b200,phone_F1.wav,1.025,232.70731134360477,True
amdf_anchor_w25_b200,phone_F1.wav,1.035,226.38443325728232,True
amdf_anchor_w25_b200,phone_F1.wav,1.045,226.07004323531922,True
amdf_anchor_w25_b200,phone_F1.wav,1.055,226.62033641326732,True
amdf_anchor_w25_b200,phone_F1.wav,1.065,228.09461664799701,True
amdf_anchor_w25_b200,phone_F1.wav,1.075,235.47479637841622,True
amdf_anchor_w25_b200,phone_F1.wav,1.085,238.0997106130518,True
amdf_anchor_w25_b200,phone_F1.wav,1.095,245.14482877537094,True
amdf_anchor_w25_b200,phone_F1.wav,1.105,246.00235368964147,True
amdf_anchor_w25_b200,phone_F1.wav,1.115,244.7500624977873,True
amdf_anchor_w25_b200,phone_F1.wav,1.125,243.796290455553,True
amdf_anchor_w25_b200,phone_F1.wav,1.135,236.32626117834212,True
amdf_anchor_w25_b200,phone_F1.wav,1.145,0.0,False
amdf_anchor_w25_b200,phone_F1.wav,1.155,0.0,False
amdf_anchor_w25_b200,phone_F1.wav,1.165,0.0,False
amdf_anchor_w25_b200,phone_F1.wav,1.175,0.0,False
amdf_anchor_w25_b200,phone_F1.wav,1.185,0.0,False
amdf_anchor_w25_b200,phone_F1.wav,1.195,0.0,False
amdf_anchor_w25_b200,phone_F1.wav,1.205,0.0,False
amdf_anchor_w25_b200,phone_F1.wav,1.215,225.9302604632008,True
amdf_anchor_w25_b200,phone_F1.wav,1.225,204.4377378382664,True
amdf_anchor_w25_b200,phone_F1.wav,1.235,190.6358913453365,True
amdf_anchor_w25_b200,phone_F1.wav,1.245,185.97101053583782,True
amdf_anchor_w25_b200,phone_F1.wav,1.255,183.79111223832373,True
amdf_anchor_w25_b200,phone_F1.wav,1.265,179.3241800452577,True
amdf_anchor_w25_b200,phone_F1.wav,1.275,180.03821736100377,True
amdf_anchor_w25_b200,phone_F1.wav,1.285,182.87633643936059,True
amdf_anchor_w25_b200,phone_F1.wav,1.295,182.3351497241474,True
amdf_anchor_w25_b200,phone_F1.wav,1.305,183.36625715092865,True
amdf_anchor_w25_b200,phone_F1.wav,1.315,181.62506082181147,True
amdf_anchor_w25_b200,phone_F1.wav,1.325,181.0468504753197,True
amdf_anchor_w25_b200,phone_F1.wav,1.335,180.26111214958257,True
amdf_anchor_w25_b200,phone_F1.wav,1.345,170.24718564979403,True
amdf_anchor_w25_b200,phone_F1.wav,1.355,0.0,False
amdf_anchor_w25_b200,phone_F1.wav,1.365,0.0,False
amdf_anchor_w25_b200,phone_F1.wav,1.375,0.0,False
amdf_anchor_w25_b200,phone_F1.wav,1.385,0.0,False
amdf_anchor_w25_b200,phone_F1.wav,1.395,0.0,False
amdf_anchor_w25_b200,phone_F1.wav,1.405,0.0,False
amdf_anchor_w25_b200,phone_F1.wav,1.415,0.0,False
amdf_anchor_w25_b200,phone_F1.wav,1.425,0.0,False
amdf_anchor_w25_b200,phone_F1.wav,1.435,0.0,False
amdf_anchor_w25_b200,phone_F1.wav,1.445,0.0,False
amdf_anchor_w25_b200,phone_F1.wav,1.455,222.76695009643709,True
amdf_anchor_w25_b200,phone_F1.wav,1.465,215.4501274552378,True
amdf_anchor_w25_b200,phone_F1.wav,1.475,205.98760411738786,True
amdf_anchor_w25_b200,phone_F1.wav,1.485,201.25749377877264,True
amdf_anchor_w25_b200,phone_F1.wav,1.495,198.4706208115498,True
amdf_anchor_w25_b200,phone_F1.wav,1.505,196.37220107451927,True
amdf_anchor_w25_b200,phone_F1.wav,1.515,194.99588993974942,True
amdf_anchor_w25_b200,phone_F1.wav,1.525,193.50088703271618,True
amdf_anchor_w25_b200,phone_F1.wav,1.535,192.36367166399697,True
amdf_anchor_w25_b200,phone_F1.wav,1.545,190.76365652952,True
amdf_anchor_w25_b200,phone_F1.wav,1.555,189.20208150209075,True
amdf_anchor_w25_b200,phone_F1.wav,1.565,187.25349226424458,True
amdf_anchor_w25_b200,phone_F1.wav,1.575,186.35748698554514,True
amdf_anchor_w25_b200,phone_F1.wav,1.585,187.76572471730785,True
amdf_anchor_w25_b200,phone_F1.wav,1.595,236.6999130982983,True
amdf_anchor_w25_b200,phone_F1.wav,1.605,244.0737093674834,True
amdf_anchor_w25_b200,phone_F1.wav,1.615,223.95225104205144,True
amdf_anchor_w25_b200,phone_F1.wav,1.625,0.0,False
amdf_anchor_w25_b200,phone_F1.wav,1.635,0.0,False
amdf_anchor_w25_b200,phone_F1.wav,1.645,0.0,False
amdf_anchor_w25_b200,phone_F1.wav,1.655,0.0,False
amdf_anchor_w25_b200,phone_F1.wav,1.665,0.0,False
amdf_anchor_w25_b200,phone_F1.wav,1.675,0.0,False
amdf_anchor_w25_b200,phone_F1.wav,1.685,0.0,False
amdf_anchor_w25_b200,phone_F1.wav,1.695,0.0,False
amdf_anchor_w25_b200,phone_F1.wav,1.705,0.0,False
amdf_anchor_w25_b200,phone_F1.wav,1.715,0.0,False
amdf_anchor_w25_b200,phone_F1.wav,1.725,0.0,False
amdf_anchor_w25_b200,phone_F1.wav,1.735,0.0,False
amdf_anchor_w25_b200,phone_F1.wav,1.745,0.0,False
amdf_anchor_w25_b200,phone_F1.wav,1.755,0.0,False
amdf_anchor_w25_b200,phone_F1.wav,1.765,0.0,False
amdf_anchor_w25_b200,phone_F1.wav,1.775,0.0,False
amdf_anchor_w25_b200,phone_F1.wav,1.785,0.0,False
amdf_anchor_w25_b200,phone_F1.wav,1.795,0.0,False
amdf_anchor_w25_b200,phone_F1.wav,1.805,0.0,False
amdf_anchor_w25_b200,phone_F1.wav,1.815,0.0,False
amdf_anchor_w25_b200,phone_F1.wav,1.825,0.0,False
amdf_anchor_w25_b200,phone_F1.wav,1.835,229.88688842576275,True
amdf_anchor_w25_b200,phone_F1.wav,1.845,229.40044843821195,True
amdf_anchor_w25_b200,phone_F1.wav,1.855,0.0,False
amdf_anchor_w25_b200,phone_F1.wav,1.865,0.0,False
amdf_anchor_w25_b200,phone_F1.wav,1.875,0.0,False
amdf_anchor_w25_b200,phone_F1.wav,1.885,0.0,False
amdf_anchor_w25_b200,phone_F1.wav,1.895,0.0,False
amdf_anchor_w25_b200,phone_F1.wav,1.905,0.0,False
amdf_anchor_w25_b200,phone_F1.wav,1.915,220.75706763998318,True
amdf_anchor_w25_b200,phone_F1.wav,1.925,226.81115938882192,True
amdf_anchor_w25_b200,phone_F1.wav,1.935,226.35939904539137,True
amdf_anchor_w25_b200,phone_F1.wav,1.945,225.1919613856994,True
amdf_anchor_w25_b200,phone_F1.wav,1.955,223.6612376294618,True
amdf_anchor_w25_b200,phone_F1.wav,1.965,222.6718366357934,True
amdf_anchor_w25_b200,phone_F1.wav,1.975,221.89312657105694,True
amdf_anchor_w25_b200,phone_F1.wav,1.985,219.82164994846238,True
amdf_anchor_w25_b200,phone_F1.wav,1.995,218.33810915110442,True
amdf_anchor_w25_b200,phone_F1.wav,2.005,216.07436194572549,True
amdf_anchor_w25_b200,phone_F1.wav,2.015,212.96231430995252,True
amdf_anchor_w25_b200,phone_F1.wav,2.025,210.70048969711175,True
amdf_anchor_w25_b200,phone_F1.wav,2.035,205.56469099633924,True
amdf_anchor_w25_b200,phone_F1.wav,2.045,190.4302191835745,True
amdf_anchor_w25_b200,phone_F1.wav,2.055,189.507528478077,True
amdf_anchor_w25_b200,phone_F1.wav,2.065,188.54949355102025,True
amdf_anchor_w25_b200,phone_F1.wav,2.075,190.73287109206402,True
amdf_anchor_w25_b200,phone_F1.wav,2.085,205.43715720402895,True
amdf_anchor_w25_b200,phone_F1.wav,2.095,202.96669615278105,True
amdf_anchor_w25_b200,phone_F1.wav,2.105,201.51094401324698,True
amdf_anchor_w25_b200,phone_F1.wav,2.115,200.1620894307536,True
amdf_anchor_w25_b200,phone_F1.wav,2.125,198.51482168370535,True
amdf_anchor_w25_b200,phone_F1.wav,2.135,197.0655970066458,True
amdf_anchor_w25_b200,phone_F1.wav,2.145,195.95663095600443,True
amdf_anchor_w25_b200,phone_F1.wav,2.155,194.98009495291763,True
amdf_anchor_w25_b200,phone_F1.wav,2.165,193.902787048504,True
amdf_anchor_w25_b200,phone_F1.wav,2.175,192.6939694740242,True
amdf_anchor_w25_b200,phone_F1.wav,2.185,190.58807515867562,True
amdf_anchor_w25_b200,phone_F1.wav,2.195,189.94504213247015,True
amdf_anchor_w25_b200,phone_F1.wav,2.205,0.0,False
amdf_anchor_w25_b200,phone_F1.wav,2.215,0.0,False
amdf_anchor_w25_b200,phone_F1.wav,2.225,0.0,False
amdf_anchor_w25_b200,phone_F1.wav,2.235,0.0,False
amdf_anchor_w25_b200,phone_F1.wav,2.245,0.0,False
amdf_anchor_w25_b200,phone_F1.wav,2.255,0.0,False
amdf_anchor_w25_b200,phone_F1.wav,2.265,0.0,False
amdf_anchor_w25_b200,phone_F1.wav,2.275,0.0,False
amdf_anchor_w25_b200,phone_F1.wav,2.285,233.06797257096088,True
amdf_anchor_w25_b200,phone_F1.wav,2.295,234.26124798560107,True
amdf_anchor_w25_b200,phone_F1.wav,2.305,235.37420673123071,True
amdf_anchor_w25_b200,phone_F1.wav,2.315,237.20730477283053,True
amdf_anchor_w25_b200,phone_F1.wav,2.325,240.28357077130786,True
amdf_anchor_w25_b200,phone_F1.wav,2.335,241.87841380438286,True
amdf_anchor_w25_b200,phone_F1.wav,2.345,0.0,False
amdf_anchor_w25_b200,phone_F1.wav,2.355,0.0,False
amdf_anchor_w25_b200,phone_F1.wav,2.365,0.0,False
amdf_anchor_w25_b200,phone_F1.wav,2.375,0.0,False
amdf_anchor_w25_b200,phone_F1.wav,2.385,0.0,False
amdf_anchor_w25_b200,phone_F1.wav,2.395,0.0,False
amdf_anchor_w25_b200,phone_F1.wav,2.405,268.8219873784645,True
amdf_anchor_w25_b200,phone_F1.wav,2.415,245.60145239334778,True
amdf_anchor_w25_b200,phone_F1.wav,2.425,235.80687436415084,True
amdf_anchor_w25_b200,phone_F1.wav,2.435,206.0740170509298,True
amdf_anchor_w25_b200,phone_F1.wav,2.445,198.97942182808464,True
amdf_anchor_w25_b200,phone_F1.wav,2.455,192.36891091726258,True
amdf_anchor_w25_b200,phone_F1.wav,2.465,217.373560393574,True
amdf_anchor_w25_b200,phone_F1.wav,2.475,190.94770912077556,True
amdf_anchor_w25_b200,phone_F1.wav,2.485,191.65919725385604,True
amdf_anchor_w25_b200,phone_F1.wav,2.495,193.73456543067235,True
amdf_anchor_w25_b200,phone_F1.wav,2.505,211.06278024694768,True
amdf_anchor_w25_b200,phone_F1.wav,2.515,0.0,False
amdf_anchor_w25_b200,phone_F1.wav,2.525,0.0,False
amdf_anchor_w25_b200,phone_F1.wav,2.535,0.0,False
amdf_anchor_w25_b200,phone_F1.wav,2.545,0.0,False
amdf_anchor_w25_b200,phone_F1.wav,2.555,0.0,False
amdf_anchor_w25_b200,phone_F1.wav,2.565,0.0,False
amdf_anchor_w25_b200,phone_F1.wav,2.575,0.0,False
amdf_anchor_w25_b200,phone_F1.wav,2.585,0.0,False
amdf_anchor_w25_b200,phone_F1.wav,2.595,0.0,False
amdf_anchor_w25_b200,phone_F1.wav,2.605,0.0,False
amdf_anchor_w25_b200,phone_F1.wav,2.615,0.0,False
amdf_anchor_w25_b200,phone_F1.wav,2.625,0.0,False
amdf_anchor_w25_b200,phone_F1.wav,2.635,0.0,False
amdf_anchor_w25_b200,phone_F1.wav,2.645,0.0,False
amdf_anchor_w25_b200,phone_F1.wav,2.655,0.0,False
amdf_anchor_w25_b200,phone_F1.wav,2.665,204.232746442535,True
amdf_anchor_w25_b200,phone_F1.wav,2.675,200.72857451911602,True
amdf_anchor_w25_b200,phone_F1.wav,2.685,197.75730585789083,True
amdf_anchor_w25_b200,phone_F1.wav,2.695,195.18995651315677,True
amdf_anchor_w25_b200,phone_F1.wav,2.705,192.63468481615683,True
amdf_anchor_w25_b200,phone_F1.wav,2.715,189.72497953117292,True
amdf_anchor_w25_b200,phone_F1.wav,2.725,185.92828568655378,True
amdf_anchor_w25_b200,phone_F1.wav,2.735,184.1227583387641,True
amdf_anchor_w25_b200,phone_F1.wav,2.745,0.0,False
amdf_anchor_w25_b200,phone_F1.wav,2.755,0.0,False
amdf_anchor_w25_b200,phone_F1.wav,2.765,0.0,False
amdf_anchor_w25_b200,phone_F1.wav,2.775,0.0,False
amdf_anchor_w25_b200,phone_F1.wav,2.785,0.0,False
amdf_anchor_w25_b200,phone_F1.wav,2.795,0.0,False
amdf_anchor_w25_b200,phone_F1.wav,2.805,0.0,False
amdf_anchor_w25_b200,phone_F1.wav,2.815,0.0,False
amdf_anchor_w25_b200,phone_F1.wav,2.825,0.0,False
amdf_anchor_w25_b200,phone_F1.wav,2.835,0.0,False
amdf_anchor_w25_b200,phone_F1.wav,2.845,0.0,False
amdf_anchor_w25_b200,phone_F1.wav,2.855,0.0,False
amdf_anchor_w25_b200,phone_F1.wav,2.865,0.0,False
amdf_anchor_w25_b200,phone_F1.wav,2.875,0.0,False
amdf_anchor_w25_b200,phone_F1.wav,2.885,0.0,False
amdf_anchor_w25_b200,phone_F1.wav,2.895,0.0,False
amdf_anchor_w25_b200,phone_F1.wav,2.905,0.0,False
amdf_anchor_w25_b200,phone_F1.wav,2.915,0.0,False
amdf_anchor_w25_b200,phone_F1.wav,2.925,0.0,False
amdf_anchor_w25_b200,phone_F1.wav,2.935,0.0,False
amdf_anchor_w25_b200,phone_F1.wav,2.945,0.0,False
amdf_anchor_w25_b200,phone_F1.wav,2.955,0.0,False
amdf_anchor_w25_b200,phone_F1.wav,2.965,0.0,False
amdf_anchor_w25_b200,phone_F1.wav,2.975,0.0,False
amdf_anchor_w25_b200,phone_F1.wav,2.985,0.0,False
amdf_anchor_w25_b200,phone_F1.wav,2.995,0.0,False
amdf_anchor_w25_b200,phone_F1.wav,3.005,0.0,False
amdf_anchor_w25_b200,phone_F1.wav,3.015,0.0,False
amdf_anchor_w25_b200,phone_F1.wav,3.025,0.0,False
amdf_anchor_w25_b200,phone_F1.wav,3.035,0.0,False
amdf_anchor_w25_b200,phone_F1.wav,3.045,0.0,False
amdf_anchor_w25_b200,phone_F1.wav,3.055,0.0,False
amdf_anchor_w25_b200,phone_F1.wav,3.065,0.0,False
amdf_anchor_w25_b200,phone_F1.wav,3.075,0.0,False
amdf_anchor_w25_b200,phone_F1.wav,3.085,0.0,False
amdf_anchor_w25_b200,phone_F1.wav,3.095,0.0,False
amdf_anchor_w25_b200,phone_F1.wav,3.105,0.0,False
amdf_anchor_w25_b200,phone_F1.wav,3.115,0.0,False
amdf_anchor_w25_b200,phone_F1.wav,3.125,0.0,False
amdf_anchor_w25_b200,phone_F1.wav,3.135,0.0,False
amdf_anchor_w25_b200,phone_F1.wav,3.145,0.0,False
amdf_anchor_w25_b200,phone_F1.wav,3.155,0.0,False
amdf_anchor_w25_b200,phone_F1.wav,3.165,0.0,False
amdf_anchor_w25_b200,phone_F1.wav,3.175,0.0,False
amdf_anchor_w25_b200,phone_F1.wav,3.185,0.0,False
amdf_anchor_w25_b200,phone_F1.wav,3.195,0.0,False
amdf_anchor_w25_b200,phone_F1.wav,3.205,0.0,False
amdf_anchor_w25_b200,phone_F1.wav,3.215,0.0,False
amdf_anchor_w40_b200,phone_F1.wav,0.025,0.0,False
amdf_anchor_w40_b200,phone_F1.wav,0.035,0.0,False
amdf_anchor_w40_b200,phone_F1.wav,0.045,0.0,False
amdf_anchor_w40_b200,phone_F1.wav,0.055,0.0,False
amdf_anchor_w40_b200,phone_F1.wav,0.065,0.0,False
amdf_anchor_w40_b200,phone_F1.wav,0.075,0.0,False
amdf_anchor_w40_b200,phone_F1.wav,0.085,0.0,False
amdf_anchor_w40_b200,phone_F1.wav,0.095,0.0,False
amdf_anchor_w40_b200,phone_F1.wav,0.105,0.0,False
amdf_anchor_w40_b200,phone_F1.wav,0.115,0.0,False
amdf_anchor_w40_b200,phone_F1.wav,0.125,0.0,False
amdf_anchor_w40_b200,phone_F1.wav,0.135,0.0,False
amdf_anchor_w40_b200,phone_F1.wav,0.145,0.0,False
amdf_anchor_w40_b200,phone_F1.wav,0.155,0.0,False
amdf_anchor_w40_b200,phone_F1.wav,0.165,0.0,False
amdf_anchor_w40_b200,phone_F1.wav,0.175,0.0,False
amdf_anchor_w40_b200,phone_F1.wav,0.185,0.0,False
amdf_anchor_w40_b200,phone_F1.wav,0.195,0.0,False
amdf_anchor_w40_b200,phone_F1.wav,0.205,0.0,False
amdf_anchor_w40_b200,phone_F1.wav,0.215,0.0,False
amdf_anchor_w40_b200,phone_F1.wav,0.225,0.0,False
amdf_anchor_w40_b200,phone_F1.wav,0.235,0.0,False
amdf_anchor_w40_b200,phone_F1.wav,0.245,0.0,False
amdf_anchor_w40_b200,phone_F1.wav,0.255,0.0,False
amdf_anchor_w40_b200,phone_F1.wav,0.265,0.0,False
amdf_anchor_w40_b200,phone_F1.wav,0.275,0.0,False
amdf_anchor_w40_b200,phone_F1.wav,0.285,0.0,False
amdf_anchor_w40_b200,phone_F1.wav,0.295,0.0,False
amdf_anchor_w40_b200,phone_F1.wav,0.305,0.0,False
amdf_anchor_w40_b200,phone_F1.wav,0.315,0.0,False
amdf_anchor_w40_b200,phone_F1.wav,0.325,0.0,False
amdf_anchor_w40_b200,phone_F1.wav,0.335,0.0,False
amdf_anchor_w40_b200,phone_F1.wav,0.345,0.0,False
amdf_anchor_w40_b200,phone_F1.wav,0.355,0.0,False
amdf_anchor_w40_b200,phone_F1.wav,0.365,0.0,False
amdf_anchor_w40_b200,phone_F1.wav,0.375,0.0,False
amdf_anchor_w40_b200,phone_F1.wav,0.385,0.0,False
amdf_anchor_w40_b200,phone_F1.wav,0.395,0.0,False
amdf_anchor_w40_b200,phone_F1.wav,0.405,0.0,False
amdf_anchor_w40_b200,phone_F1.wav,0.415,0.0,False
amdf_anchor_w40_b200,phone_F1.wav,0.425,0.0,False
amdf_anchor_w40_b200,phone_F1.wav,0.435,0.0,False
amdf_anchor_w40_b200,phone_F1.wav,0.445,0.0,False
amdf_anchor_w40_b200,phone_F1.wav,0.455,0.0,False
amdf_anchor_w40_b200,phone_F1.wav,0.465,0.0,False
amdf_anchor_w40_b200,phone_F1.wav,0.475,0.0,False
amdf_anchor_w40_b200,phone_F1.wav,0.485,0.0,False
amdf_anchor_w40_b200,phone_F1.wav,0.495,0.0,False
amdf_anchor_w40_b200,phone_F1.wav,0.505,0.0,False
amdf_anchor_w40_b200,phone_F1.wav,0.515,0.0,False
amdf_anchor_w40_b200,phone_F1.wav,0.525,0.0,False
amdf_anchor_w40_b200,phone_F1.wav,0.535,0.0,False
amdf_anchor_w40_b200,phone_F1.wav,0.545,225.76925166696077,True
amdf_anchor_w40_b200,phone_F1.wav,0.555,219.78138562997873,True
amdf_anchor_w40_b200,phone_F1.wav,0.565,218.90510794682638,True
amdf_anchor_w40_b200,phone_F1.wav,0.575,218.8938312729966,True
amdf_anchor_w40_b200,phone_F1.wav,0.585,218.10200701567044,True
amdf_anchor_w40_b200,phone_F1.wav,0.595,218.81768787226898,True
amdf_anchor_w40_b200,phone_F1.wav,0.605,219.05474651386038,True
amdf_anchor_w40_b200,phone_F1.wav,0.615,221.52003189709677,True
amdf_anchor_w40_b200,phone_F1.wav,0.625,224.67751773269822,True
amdf_anchor_w40_b200,phone_F1.wav,0.635,228.60433852407942,True
amdf_anchor_w40_b200,phone_F1.wav,0.645,232.2175152337647,True
amdf_anchor_w40_b200,phone_F1.wav,0.655,231.26990565824437,True
amdf_anchor_w40_b200,phone_F1.wav,0.665,229.8720846583009,True
amdf_anchor_w40_b200,phone_F1.wav,0.675,228.8910925947792,True
amdf_anchor_w40_b200,phone_F1.wav,0.685,228.43372365224633,True
amdf_anchor_w40_b200,phone_F1.wav,0.695,229.26103315480415,True
amdf_anchor_w40_b200,phone_F1.wav,0.705,230.3308952311697,True
amdf_anchor_w40_b200,phone_F1.wav,0.715,231.40304149812206,True
amdf_anchor_w40_b200,phone_F1.wav,0.725,231.84099904976713,True
amdf_anchor_w40_b200,phone_F1.wav,0.735,232.23136949376124,True
amdf_anchor_w40_b200,phone_F1.wav,0.745,233.02926465497202,True
amdf_anchor_w40_b200,phone_F1.wav,0.755,232.45569759636297,True
amdf_anchor_w40_b200,phone_F1.wav,0.765,232.17979624993683,True
amdf_anchor_w40_b200,phone_F1.wav,0.775,230.0663077122208,True
amdf_anchor_w40_b200,phone_F1.wav,0.785,226.29972825080839,True
amdf_anchor_w40_b200,phone_F1.wav,0.795,221.8183311260453,True
amdf_anchor_w40_b200,phone_F1.wav,0.805,231.524814164247,True
amdf_anchor_w40_b200,phone_F1.wav,0.815,234.35141814084164,True
amdf_anchor_w40_b200,phone_F1.wav,0.825,234.81207763649442,True
amdf_anchor_w40_b200,phone_F1.wav,0.835,235.55948215442774,True
amdf_anchor_w40_b200,phone_F1.wav,0.845,237.24023055867383,True
amdf_anchor_w40_b200,phone_F1.wav,0.855,239.28761701636975,True
amdf_anchor_w40_b200,phone_F1.wav,0.865,240.91252078142247,True
amdf_anchor_w40_b200,phone_F1.wav,0.875,242.4515134082506,True
amdf_anchor_w40_b200,phone_F1.wav,0.885,245.8471303503279,True
amdf_anchor_w40_b200,phone_F1.wav,0.895,248.99066590918952,True
amdf_anchor_w40_b200,phone_F1.wav,0.905,249.52378716086042,True
amdf_anchor_w40_b200,phone_F1.wav,0.915,248.7750445511764,True
amdf_anchor_w40_b200,phone_F1.wav,0.925,246.8292400107358,True
amdf_anchor_w40_b200,phone_F1.wav,0.935,242.98172452245996,True
amdf_anchor_w40_b200,phone_F1.wav,0.945,241.16288381936178,True
amdf_anchor_w40_b200,phone_F1.wav,0.955,239.95917182152326,True
amdf_anchor_w40_b200,phone_F1.wav,0.965,237.9366088395598,True
amdf_anchor_w40_b200,phone_F1.wav,0.975,232.21332350792326,True
amdf_anchor_w40_b200,phone_F1.wav,0.985,220.22001178722948,True
amdf_anchor_w40_b200,phone_F1.wav,0.995,233.97642863452265,True
amdf_anchor_w40_b200,phone_F1.wav,1.005,235.53638360861305,True
amdf_anchor_w40_b200,phone_F1.wav,1.015,234.70949271571115,True
amdf_anchor_w40_b200,phone_F1.wav,1.025,230.25405238018445,True
amdf_anchor_w40_b200,phone_F1.wav,1.035,227.5889961778813,True
amdf_anchor_w40_b200,phone_F1.wav,1.045,226.21164406993782,True
amdf_anchor_w40_b200,phone_F1.wav,1.055,226.33600407057887,True
amdf_anchor_w40_b200,phone_F1.wav,1.065,228.1805566085948,True
amdf_anchor_w40_b200,phone_F1.wav,1.075,236.2853236463497,True
amdf_anchor_w40_b200,phone_F1.wav,1.085,240.08052285875667,True
amdf_anchor_w40_b200,phone_F1.wav,1.095,243.6257552084529,True
amdf_anchor_w40_b200,phone_F1.wav,1.105,245.50362606275513,True
amdf_anchor_w40_b200,phone_F1.wav,1.115,245.27555472828047,True
amdf_anchor_w40_b200,phone_F1.wav,1.125,244.6002327765804,True
amdf_anchor_w40_b200,phone_F1.wav,1.135,242.33406952377229,True
amdf_anchor_w40_b200,phone_F1.wav,1.145,0.0,False
amdf_anchor_w40_b200,phone_F1.wav,1.155,0.0,False
amdf_anchor_w40_b200,phone_F1.wav,1.165,0.0,False
amdf_anchor_w40_b200,phone_F1.wav,1.175,0.0,False
amdf_anchor_w40_b200,phone_F1.wav,1.185,0.0,False
amdf_anchor_w40_b200,phone_F1.wav,1.195,0.0,False
amdf_anchor_w40_b200,phone_F1.wav,1.205,0.0,False
amdf_anchor_w40_b200,phone_F1.wav,1.215,207.0692283823941,True
amdf_anchor_w40_b200,phone_F1.wav,1.225,191.97179323022536,True
amdf_anchor_w40_b200,phone_F1.wav,1.235,187.951391003781,True
amdf_anchor_w40_b200,phone_F1.wav,1.245,186.08885088848098,True
amdf_anchor_w40_b200,phone_F1.wav,1.255,183.60344700086432,True
amdf_anchor_w40_b200,phone_F1.wav,1.265,181.48641896880545,True
amdf_anchor_w40_b200,phone_F1.wav,1.275,180.1258518379117,True
amdf_anchor_w40_b200,phone_F1.wav,1.285,180.87859997336122,True
amdf_anchor_w40_b200,phone_F1.wav,1.295,183.72307643017416,True
amdf_anchor_w40_b200,phone_F1.wav,1.305,181.8433256408566,True
amdf_anchor_w40_b200,phone_F1.wav,1.315,181.62171013276856,True
amdf_anchor_w40_b200,phone_F1.wav,1.325,180.83509968038052,True
amdf_anchor_w40_b200,phone_F1.wav,1.335,180.23556957867638,True
amdf_anchor_w40_b200,phone_F1.wav,1.345,179.85217342585645,True
amdf_anchor_w40_b200,phone_F1.wav,1.355,0.0,False
amdf_anchor_w40_b200,phone_F1.wav,1.365,0.0,False
amdf_anchor_w40_b200,phone_F1.wav,1.375,0.0,False
amdf_anchor_w40_b200,phone_F1.wav,1.385,0.0,False
amdf_anchor_w40_b200,phone_F1.wav,1.395,0.0,False
amdf_anchor_w40_b200,phone_F1.wav,1.405,0.0,False
amdf_anchor_w40_b200,phone_F1.wav,1.415,0.0,False
amdf_anchor_w40_b200,phone_F1.wav,1.425,0.0,False
amdf_anchor_w40_b200,phone_F1.wav,1.435,0.0,False
amdf_anchor_w40_b200,phone_F1.wav,1.445,0.0,False
amdf_anchor_w40_b200,phone_F1.wav,1.455,218.46944793880544,True
amdf_anchor_w40_b200,phone_F1.wav,1.465,208.2158751852807,True
amdf_anchor_w40_b200,phone_F1.wav,1.475,204.01119457051595,True
amdf_anchor_w40_b200,phone_F1.wav,1.485,200.73209543480667,True
amdf_anchor_w40_b200,phone_F1.wav,1.495,198.46528031702226,True
amdf_anchor_w40_b200,phone_F1.wav,1.505,196.44427099969334,True
amdf_anchor_w40_b200,phone_F1.wav,1.515,195.021092902487,True
amdf_anchor_w40_b200,phone_F1.wav,1.525,193.7154065886495,True
amdf_anchor_w40_b200,phone_F1.wav,1.535,192.48010946229974,True
amdf_anchor_w40_b200,phone_F1.wav,1.545,190.9890491708363,True
amdf_anchor_w40_b200,phone_F1.wav,1.555,189.39893767343054,True
amdf_anchor_w40_b200,phone_F1.wav,1.565,187.9974899206744,True
amdf_anchor_w40_b200,phone_F1.wav,1.575,187.1011075453967,True
amdf_anchor_w40_b200,phone_F1.wav,1.585,186.21894280849608,True
amdf_anchor_w40_b200,phone_F1.wav,1.595,242.94006543595967,True
amdf_anchor_w40_b200,phone_F1.wav,1.605,235.40501108968257,True
amdf_anchor_w40_b200,phone_F1.wav,1.615,235.63628994362972,True
amdf_anchor_w40_b200,phone_F1.wav,1.625,0.0,False
amdf_anchor_w40_b200,phone_F1.wav,1.635,0.0,False
amdf_anchor_w40_b200,phone_F1.wav,1.645,0.0,False
amdf_anchor_w40_b200,phone_F1.wav,1.655,0.0,False
amdf_anchor_w40_b200,phone_F1.wav,1.665,0.0,False
amdf_anchor_w40_b200,phone_F1.wav,1.675,0.0,False
amdf_anchor_w40_b200,phone_F1.wav,1.685,0.0,False
amdf_anchor_w40_b200,phone_F1.wav,1.695,0.0,False
amdf_anchor_w40_b200,phone_F1.wav,1.705,0.0,False
amdf_anchor_w40_b200,phone_F1.wav,1.715,0.0,False
amdf_anchor_w40_b200,phone_F1.wav,1.725,0.0,False
amdf_anchor_w40_b200,phone_F1.wav,1.735,0.0,False
amdf_anchor_w40_b200,phone_F1.wav,1.745,0.0,False
amdf_anchor_w40_b200,phone_F1.wav,1.755,0.0,False
amdf_anchor_w40_b200,phone_F1.wav,1.765,0.0,False
amdf_anchor_w40_b200,phone_F1.wav,1.775,0.0,False
amdf_anchor_w40_b200,phone_F1.wav,1.785,0.0,False
amdf_anchor_w40_b200,phone_F1.wav,1.795,0.0,False
amdf_anchor_w40_b200,phone_F1.wav,1.805,0.0,False
amdf_anchor_w40_b200,phone_F1.wav,1.815,0.0,False
amdf_anchor_w40_b200,phone_F1.wav,1.825,0.0,False
amdf_anchor_w40_b200,phone_F1.wav,1.835,225.62049327141344,True
amdf_anchor_w40_b200,phone_F1.wav,1.845,224.47460592859062,True
amdf_anchor_w40_b200,phone_F1.wav,1.855,0.0,False
amdf_anchor_w40_b200,phone_F1.wav,1.865,0.0,False
amdf_anchor_w40_b200,phone_F1.wav,1.875,0.0,False
amdf_anchor_w40_b200,phone_F1.wav,1.885,0.0,False
amdf_anchor_w40_b200,phone_F1.wav,1.895,0.0,False
amdf_anchor_w40_b200,phone_F1.wav,1.905,0.0,False
amdf_anchor_w40_b200,phone_F1.wav,1.915,223.16563787024506,True
amdf_anchor_w40_b200,phone_F1.wav,1.925,226.4510990238812,True
amdf_anchor_w40_b200,phone_F1.wav,1.935,225.4962425181398,True
amdf_anchor_w40_b200,phone_F1.wav,1.945,225.0446827633717,True
amdf_anchor_w40_b200,phone_F1.wav,1.955,223.8933451918027,True
amdf_anchor_w40_b200,phone_F1.wav,1.965,222.62729113157468,True
amdf_anchor_w40_b200,phone_F1.wav,1.975,221.78390946734237,True
amdf_anchor_w40_b200,phone_F1.wav,1.985,220.17611798967317,True
amdf_anchor_w40_b200,phone_F1.wav,1.995,218.45919881200066,True
amdf_anchor_w40_b200,phone_F1.wav,2.005,216.36125039226786,True
amdf_anchor_w40_b200,phone_F1.wav,2.015,214.25925481036046,True
amdf_anchor_w40_b200,phone_F1.wav,2.025,212.0799328426884,True
amdf_anchor_w40_b200,phone_F1.wav,2.035,209.88021222985486,True
amdf_anchor_w40_b200,phone_F1.wav,2.045,192.64248755874652,True
amdf_anchor_w40_b200,phone_F1.wav,2.055,190.45265351035468,True
amdf_anchor_w40_b200,phone_F1.wav,2.065,189.63647936982693,True
amdf_anchor_w40_b200,phone_F1.wav,2.075,204.45547553827413,True
amdf_anchor_w40_b200,phone_F1.wav,2.085,202.81144223656418,True
amdf_anchor_w40_b200,phone_F1.wav,2.095,202.2142996958341,True
amdf_anchor_w40_b200,phone_F1.wav,2.105,201.09332461833176,True
amdf_anchor_w40_b200,phone_F1.wav,2.115,200.0701266011689,True
amdf_anchor_w40_b200,phone_F1.wav,2.125,198.62852873642268,True
amdf_anchor_w40_b200,phone_F1.wav,2.135,197.21570630004348,True
amdf_anchor_w40_b200,phone_F1.wav,2.145,195.93911665701046,True
amdf_anchor_w40_b200,phone_F1.wav,2.155,195.14814235588815,True
amdf_anchor_w40_b200,phone_F1.wav,2.165,193.88872954533085,True
amdf_anchor_w40_b200,phone_F1.wav,2.175,193.0159681800306,True
amdf_anchor_w40_b200,phone_F1.wav,2.185,192.14673582485327,True
amdf_anchor_w40_b200,phone_F1.wav,2.195,190.26609577895346,True
amdf_anchor_w40_b200,phone_F1.wav,2.205,0.0,False
amdf_anchor_w40_b200,phone_F1.wav,2.215,0.0,False
amdf_anchor_w40_b200,phone_F1.wav,2.225,0.0,False
amdf_anchor_w40_b200,phone_F1.wav,2.235,0.0,False
amdf_anchor_w40_b200,phone_F1.wav,2.245,0.0,False
amdf_anchor_w40_b200,phone_F1.wav,2.255,0.0,False
amdf_anchor_w40_b200,phone_F1.wav,2.265,0.0,False
amdf_anchor_w40_b200,phone_F1.wav,2.275,0.0,False
amdf_anchor_w40_b200,phone_F1.wav,2.285,234.83407235198655,True
amdf_anchor_w40_b200,phone_F1.wav,2.295,234.99022898240747,True
amdf_anchor_w40_b200,phone_F1.wav,2.305,235.9044922234785,True
amdf_anchor_w40_b200,phone_F1.wav,2.315,237.48060505744556,True
amdf_anchor_w40_b200,phone_F1.wav,2.325,239.0021300120528,True
amdf_anchor_w40_b200,phone_F1.wav,2.335,240.94961973478584,True
amdf_anchor_w40_b200,phone_F1.wav,2.345,0.0,False
amdf_anchor_w40_b200,phone_F1.wav,2.355,0.0,False
amdf_anchor_w40_b200,phone_F1.wav,2.365,0.0,False
amdf_anchor_w40_b200,phone_F1.wav,2.375,0.0,False
amdf_anchor_w40_b200,phone_F1.wav,2.385,0.0,False
amdf_anchor_w40_b200,phone_F1.wav,2.395,0.0,False
amdf_anchor_w40_b200,phone_F1.wav,2.405,246.63914332994514,True
amdf_anchor_w40_b200,phone_F1.wav,2.415,239.7413365264993,True
amdf_anchor_w40_b200,phone_F1.wav,2.425,235.36529037442506,True
amdf_anchor_w40_b200,phone_F1.wav,2.435,218.02686772478873,True
amdf_anchor_w40_b200,phone_F1.wav,2.445,203.1265372670617,True
amdf_anchor_w40_b200,phone_F1.wav,2.455,193.14186909096134,True
amdf_anchor_w40_b200,phone_F1.wav,2.465,191.20331265783258,True
amdf_anchor_w40_b200,phone_F1.wav,2.475,191.54770254314684,True
amdf_anchor_w40_b200,phone_F1.wav,2.485,192.16349339361497,True
amdf_anchor_w40_b200,phone_F1.wav,2.495,191.99729084133622,True
amdf_anchor_w40_b200,phone_F1.wav,2.505,206.52209014566876,True
amdf_anchor_w40_b200,phone_F1.wav,2.515,0.0,False
amdf_anchor_w40_b200,phone_F1.wav,2.525,0.0,False
amdf_anchor_w40_b200,phone_F1.wav,2.535,0.0,False
amdf_anchor_w40_b200,phone_F1.wav,2.545,0.0,False
amdf_anchor_w40_b200,phone_F1.wav,2.555,0.0,False
amdf_anchor_w40_b200,phone_F1.wav,2.565,0.0,False
amdf_anchor_w40_b200,phone_F1.wav,2.575,0.0,False
amdf_anchor_w40_b200,phone_F1.wav,2.585,0.0,False
amdf_anchor_w40_b200,phone_F1.wav,2.595,0.0,False
amdf_anchor_w40_b200,phone_F1.wav,2.605,0.0,False
amdf_anchor_w40_b200,phone_F1.wav,2.615,0.0,False
amdf_anchor_w40_b200,phone_F1.wav,2.625,0.0,False
amdf_anchor_w40_b200,phone_F1.wav,2.635,0.0,False
amdf_anchor_w40_b200,phone_F1.wav,2.645,0.0,False
amdf_anchor_w40_b200,phone_F1.wav,2.655,0.0,False
amdf_anchor_w40_b200,phone_F1.wav,2.665,201.17491172366792,True
amdf_anchor_w40_b200,phone_F1.wav,2.675,198.802271146221,True
amdf_anchor_w40_b200,phone_F1.wav,2.685,197.0926226646104,True
amdf_anchor_w40_b200,phone_F1.wav,2.695,195.22989021854912,True
amdf_anchor_w40_b200,phone_F1.wav,2.705,193.04520148118934,True
amdf_anchor_w40_b200,phone_F1.wav,2.715,190.9115881294589,True
amdf_anchor_w40_b200,phone_F1.wav,2.725,188.57701006389223,True
amdf_anchor_w40_b200,phone_F1.wav,2.735,184.9028336011655,True
amdf_anchor_w40_b200,phone_F1.wav,2.745,0.0,False
amdf_anchor_w40_b200,phone_F1.wav,2.755,0.0,False
amdf_anchor_w40_b200,phone_F1.wav,2.765,0.0,False
amdf_anchor_w40_b200,phone_F1.wav,2.775,0.0,False
amdf_anchor_w40_b200,phone_F1.wav,2.785,0.0,False
amdf_anchor_w40_b200,phone_F1.wav,2.795,0.0,False
amdf_anchor_w40_b200,phone_F1.wav,2.805,0.0,False
amdf_anchor_w40_b200,phone_F1.wav,2.815,0.0,False
amdf_anchor_w40_b200,phone_F1.wav,2.825,0.0,False
amdf_anchor_w40_b200,phone_F1.wav,2.835,0.0,False
amdf_anchor_w40_b200,phone_F1.wav,2.845,0.0,False
amdf_anchor_w40_b200,phone_F1.wav,2.855,0.0,False
amdf_anchor_w40_b200,phone_F1.wav,2.865,0.0,False
amdf_anchor_w40_b200,phone_F1.wav,2.875,0.0,False
amdf_anchor_w40_b200,phone_F1.wav,2.885,0.0,False
amdf_anchor_w40_b200,phone_F1.wav,2.895,0.0,False
amdf_anchor_w40_b200,phone_F1.wav,2.905,0.0,False
amdf_anchor_w40_b200,phone_F1.wav,2.915,0.0,False
amdf_anchor_w40_b200,phone_F1.wav,2.925,0.0,False
amdf_anchor_w40_b200,phone_F1.wav,2.935,0.0,False
amdf_anchor_w40_b200,phone_F1.wav,2.945,0.0,False
amdf_anchor_w40_b200,phone_F1.wav,2.955,0.0,False
amdf_anchor_w40_b200,phone_F1.wav,2.965,0.0,False
amdf_anchor_w40_b200,phone_F1.wav,2.975,0.0,False
amdf_anchor_w40_b200,phone_F1.wav,2.985,0.0,False
amdf_anchor_w40_b200,phone_F1.wav,2.995,0.0,False
amdf_anchor_w40_b200,phone_F1.wav,3.005,0.0,False
amdf_anchor_w40_b200,phone_F1.wav,3.015,0.0,False
amdf_anchor_w40_b200,phone_F1.wav,3.025,0.0,False
amdf_anchor_w40_b200,phone_F1.wav,3.035,0.0,False
amdf_anchor_w40_b200,phone_F1.wav,3.045,0.0,False
amdf_anchor_w40_b200,phone_F1.wav,3.055,0.0,False
amdf_anchor_w40_b200,phone_F1.wav,3.065,0.0,False
amdf_anchor_w40_b200,phone_F1.wav,3.075,0.0,False
amdf_anchor_w40_b200,phone_F1.wav,3.085,0.0,False
amdf_anchor_w40_b200,phone_F1.wav,3.095,0.0,False
amdf_anchor_w40_b200,phone_F1.wav,3.105,0.0,False
amdf_anchor_w40_b200,phone_F1.wav,3.115,0.0,False
amdf_anchor_w40_b200,phone_F1.wav,3.125,0.0,False
amdf_anchor_w40_b200,phone_F1.wav,3.135,0.0,False
amdf_anchor_w40_b200,phone_F1.wav,3.145,0.0,False
amdf_anchor_w40_b200,phone_F1.wav,3.155,0.0,False
amdf_anchor_w40_b200,phone_F1.wav,3.165,0.0,False
amdf_anchor_w40_b200,phone_F1.wav,3.175,0.0,False
amdf_anchor_w40_b200,phone_F1.wav,3.185,0.0,False
amdf_anchor_w40_b200,phone_F1.wav,3.195,0.0,False
amdf_anchor_w40_b200,phone_F1.wav,3.205,0.0,False
amdf_anchor_w40_b200,phone_F1.wav,3.215,0.0,False
amdf_pitch_spectral_p000,phone_F1.wav,0.025,0.0,False
amdf_pitch_spectral_p000,phone_F1.wav,0.035,0.0,False
amdf_pitch_spectral_p000,phone_F1.wav,0.045,0.0,False
amdf_pitch_spectral_p000,phone_F1.wav,0.055,0.0,False
amdf_pitch_spectral_p000,phone_F1.wav,0.065,0.0,False
amdf_pitch_spectral_p000,phone_F1.wav,0.075,0.0,False
amdf_pitch_spectral_p000,phone_F1.wav,0.085,0.0,False
amdf_pitch_spectral_p000,phone_F1.wav,0.095,0.0,False
amdf_pitch_spectral_p000,phone_F1.wav,0.105,0.0,False
amdf_pitch_spectral_p000,phone_F1.wav,0.115,0.0,False
amdf_pitch_spectral_p000,phone_F1.wav,0.125,0.0,False
amdf_pitch_spectral_p000,phone_F1.wav,0.135,0.0,False
amdf_pitch_spectral_p000,phone_F1.wav,0.145,0.0,False
amdf_pitch_spectral_p000,phone_F1.wav,0.155,0.0,False
amdf_pitch_spectral_p000,phone_F1.wav,0.165,0.0,False
amdf_pitch_spectral_p000,phone_F1.wav,0.175,0.0,False
amdf_pitch_spectral_p000,phone_F1.wav,0.185,0.0,False
amdf_pitch_spectral_p000,phone_F1.wav,0.195,0.0,False
amdf_pitch_spectral_p000,phone_F1.wav,0.205,0.0,False
amdf_pitch_spectral_p000,phone_F1.wav,0.215,0.0,False
amdf_pitch_spectral_p000,phone_F1.wav,0.225,0.0,False
amdf_pitch_spectral_p000,phone_F1.wav,0.235,0.0,False
amdf_pitch_spectral_p000,phone_F1.wav,0.245,0.0,False
amdf_pitch_spectral_p000,phone_F1.wav,0.255,0.0,False
amdf_pitch_spectral_p000,phone_F1.wav,0.265,0.0,False
amdf_pitch_spectral_p000,phone_F1.wav,0.275,0.0,False
amdf_pitch_spectral_p000,phone_F1.wav,0.285,0.0,False
amdf_pitch_spectral_p000,phone_F1.wav,0.295,0.0,False
amdf_pitch_spectral_p000,phone_F1.wav,0.305,0.0,False
amdf_pitch_spectral_p000,phone_F1.wav,0.315,0.0,False
amdf_pitch_spectral_p000,phone_F1.wav,0.325,0.0,False
amdf_pitch_spectral_p000,phone_F1.wav,0.335,0.0,False
amdf_pitch_spectral_p000,phone_F1.wav,0.345,0.0,False
amdf_pitch_spectral_p000,phone_F1.wav,0.355,0.0,False
amdf_pitch_spectral_p000,phone_F1.wav,0.365,0.0,False
amdf_pitch_spectral_p000,phone_F1.wav,0.375,0.0,False
amdf_pitch_spectral_p000,phone_F1.wav,0.385,0.0,False
amdf_pitch_spectral_p000,phone_F1.wav,0.395,0.0,False
amdf_pitch_spectral_p000,phone_F1.wav,0.405,0.0,False
amdf_pitch_spectral_p000,phone_F1.wav,0.415,0.0,False
amdf_pitch_spectral_p000,phone_F1.wav,0.425,0.0,False
amdf_pitch_spectral_p000,phone_F1.wav,0.435,0.0,False
amdf_pitch_spectral_p000,phone_F1.wav,0.445,0.0,False
amdf_pitch_spectral_p000,phone_F1.wav,0.455,0.0,False
amdf_pitch_spectral_p000,phone_F1.wav,0.465,0.0,False
amdf_pitch_spectral_p000,phone_F1.wav,0.475,0.0,False
amdf_pitch_spectral_p000,phone_F1.wav,0.485,0.0,False
amdf_pitch_spectral_p000,phone_F1.wav,0.495,0.0,False
amdf_pitch_spectral_p000,phone_F1.wav,0.505,0.0,False
amdf_pitch_spectral_p000,phone_F1.wav,0.515,0.0,False
amdf_pitch_spectral_p000,phone_F1.wav,0.525,0.0,False
amdf_pitch_spectral_p000,phone_F1.wav,0.535,0.0,False
amdf_pitch_spectral_p000,phone_F1.wav,0.545,225.76925166696077,True
amdf_pitch_spectral_p000,phone_F1.wav,0.555,219.78138562997873,True
amdf_pitch_spectral_p000,phone_F1.wav,0.565,218.90510794682638,True
amdf_pitch_spectral_p000,phone_F1.wav,0.575,218.8938312729966,True
amdf_pitch_spectral_p000,phone_F1.wav,0.585,218.10200701567044,True
amdf_pitch_spectral_p000,phone_F1.wav,0.595,218.81768787226898,True
amdf_pitch_spectral_p000,phone_F1.wav,0.605,219.05474651386038,True
amdf_pitch_spectral_p000,phone_F1.wav,0.615,221.52003189709677,True
amdf_pitch_spectral_p000,phone_F1.wav,0.625,224.67751773269822,True
amdf_pitch_spectral_p000,phone_F1.wav,0.635,228.60433852407942,True
amdf_pitch_spectral_p000,phone_F1.wav,0.645,232.2175152337647,True
amdf_pitch_spectral_p000,phone_F1.wav,0.655,231.26990565824437,True
amdf_pitch_spectral_p000,phone_F1.wav,0.665,229.8720846583009,True
amdf_pitch_spectral_p000,phone_F1.wav,0.675,227.83682994075141,True
amdf_pitch_spectral_p000,phone_F1.wav,0.685,228.43372365224633,True
amdf_pitch_spectral_p000,phone_F1.wav,0.695,229.26103315480415,True
amdf_pitch_spectral_p000,phone_F1.wav,0.705,230.3308952311697,True
amdf_pitch_spectral_p000,phone_F1.wav,0.715,231.35574144175186,True
amdf_pitch_spectral_p000,phone_F1.wav,0.725,232.20854612647383,True
amdf_pitch_spectral_p000,phone_F1.wav,0.735,232.23136949376124,True
amdf_pitch_spectral_p000,phone_F1.wav,0.745,233.02926465497202,True
amdf_pitch_spectral_p000,phone_F1.wav,0.755,232.45569759636297,True
amdf_pitch_spectral_p000,phone_F1.wav,0.765,232.17979624993683,True
amdf_pitch_spectral_p000,phone_F1.wav,0.775,230.0663077122208,True
amdf_pitch_spectral_p000,phone_F1.wav,0.785,226.29972825080839,True
amdf_pitch_spectral_p000,phone_F1.wav,0.795,221.8183311260453,True
amdf_pitch_spectral_p000,phone_F1.wav,0.805,219.14179181456484,True
amdf_pitch_spectral_p000,phone_F1.wav,0.815,234.26912646883255,True
amdf_pitch_spectral_p000,phone_F1.wav,0.825,234.85219100888276,True
amdf_pitch_spectral_p000,phone_F1.wav,0.835,235.08618017303658,True
amdf_pitch_spectral_p000,phone_F1.wav,0.845,237.36524922612253,True
amdf_pitch_spectral_p000,phone_F1.wav,0.855,239.28761701636975,True
amdf_pitch_spectral_p000,phone_F1.wav,0.865,240.91252078142247,True
amdf_pitch_spectral_p000,phone_F1.wav,0.875,242.4515134082506,True
amdf_pitch_spectral_p000,phone_F1.wav,0.885,245.8471303503279,True
amdf_pitch_spectral_p000,phone_F1.wav,0.895,248.99066590918952,True
amdf_pitch_spectral_p000,phone_F1.wav,0.905,249.52378716086042,True
amdf_pitch_spectral_p000,phone_F1.wav,0.915,248.7750445511764,True
amdf_pitch_spectral_p000,phone_F1.wav,0.925,246.8292400107358,True
amdf_pitch_spectral_p000,phone_F1.wav,0.935,242.98172452245996,True
amdf_pitch_spectral_p000,phone_F1.wav,0.945,241.16288381936178,True
amdf_pitch_spectral_p000,phone_F1.wav,0.955,239.95917182152326,True
amdf_pitch_spectral_p000,phone_F1.wav,0.965,237.9366088395598,True
amdf_pitch_spectral_p000,phone_F1.wav,0.975,232.21332350792326,True
amdf_pitch_spectral_p000,phone_F1.wav,0.985,205.845786536123,True
amdf_pitch_spectral_p000,phone_F1.wav,0.995,232.89086007909202,True
amdf_pitch_spectral_p000,phone_F1.wav,1.005,234.16078525049207,True
amdf_pitch_spectral_p000,phone_F1.wav,1.015,234.70949271571115,True
amdf_pitch_spectral_p000,phone_F1.wav,1.025,232.70731134360477,True
amdf_pitch_spectral_p000,phone_F1.wav,1.035,226.38443325728232,True
amdf_pitch_spectral_p000,phone_F1.wav,1.045,226.07004323531922,True
amdf_pitch_spectral_p000,phone_F1.wav,1.055,226.62033641326732,True
amdf_pitch_spectral_p000,phone_F1.wav,1.065,228.1805566085948,True
amdf_pitch_spectral_p000,phone_F1.wav,1.075,236.2853236463497,True
amdf_pitch_spectral_p000,phone_F1.wav,1.085,240.08052285875667,True
amdf_pitch_spectral_p000,phone_F1.wav,1.095,243.6257552084529,True
amdf_pitch_spectral_p000,phone_F1.wav,1.105,245.50362606275513,True
amdf_pitch_spectral_p000,phone_F1.wav,1.115,245.27555472828047,True
amdf_pitch_spectral_p000,phone_F1.wav,1.125,244.6002327765804,True
amdf_pitch_spectral_p000,phone_F1.wav,1.135,242.33406952377229,True
amdf_pitch_spectral_p000,phone_F1.wav,1.145,0.0,False
amdf_pitch_spectral_p000,phone_F1.wav,1.155,0.0,False
amdf_pitch_spectral_p000,phone_F1.wav,1.165,0.0,False
amdf_pitch_spectral_p000,phone_F1.wav,1.175,0.0,False
amdf_pitch_spectral_p000,phone_F1.wav,1.185,0.0,False
amdf_pitch_spectral_p000,phone_F1.wav,1.195,0.0,False
amdf_pitch_spectral_p000,phone_F1.wav,1.205,0.0,False
amdf_pitch_spectral_p000,phone_F1.wav,1.215,207.0692283823941,True
amdf_pitch_spectral_p000,phone_F1.wav,1.225,191.97179323022536,True
amdf_pitch_spectral_p000,phone_F1.wav,1.235,187.951391003781,True
amdf_pitch_spectral_p000,phone_F1.wav,1.245,186.08885088848098,True
amdf_pitch_spectral_p000,phone_F1.wav,1.255,183.60344700086432,True
amdf_pitch_spectral_p000,phone_F1.wav,1.265,181.48641896880545,True
amdf_pitch_spectral_p000,phone_F1.wav,1.275,180.03821736100377,True
amdf_pitch_spectral_p000,phone_F1.wav,1.285,182.87633643936059,True
amdf_pitch_spectral_p000,phone_F1.wav,1.295,182.3351497241474,True
amdf_pitch_spectral_p000,phone_F1.wav,1.305,181.8433256408566,True
amdf_pitch_spectral_p000,phone_F1.wav,1.315,181.62171013276856,True
amdf_pitch_spectral_p000,phone_F1.wav,1.325,180.83509968038052,True
amdf_pitch_spectral_p000,phone_F1.wav,1.335,180.23556957867638,True
amdf_pitch_spectral_p000,phone_F1.wav,1.345,179.85217342585645,True
amdf_pitch_spectral_p000,phone_F1.wav,1.355,0.0,False
amdf_pitch_spectral_p000,phone_F1.wav,1.365,0.0,False
amdf_pitch_spectral_p000,phone_F1.wav,1.375,0.0,False
amdf_pitch_spectral_p000,phone_F1.wav,1.385,0.0,False
amdf_pitch_spectral_p000,phone_F1.wav,1.395,0.0,False
amdf_pitch_spectral_p000,phone_F1.wav,1.405,0.0,False
amdf_pitch_spectral_p000,phone_F1.wav,1.415,0.0,False
amdf_pitch_spectral_p000,phone_F1.wav,1.425,0.0,False
amdf_pitch_spectral_p000,phone_F1.wav,1.435,0.0,False
amdf_pitch_spectral_p000,phone_F1.wav,1.445,0.0,False
amdf_pitch_spectral_p000,phone_F1.wav,1.455,218.46944793880544,True
amdf_pitch_spectral_p000,phone_F1.wav,1.465,208.2158751852807,True
amdf_pitch_spectral_p000,phone_F1.wav,1.475,204.01119457051595,True
amdf_pitch_spectral_p000,phone_F1.wav,1.485,200.73209543480667,True
amdf_pitch_spectral_p000,phone_F1.wav,1.495,198.46528031702226,True
amdf_pitch_spectral_p000,phone_F1.wav,1.505,196.44427099969334,True
amdf_pitch_spectral_p000,phone_F1.wav,1.515,195.021092902487,True
amdf_pitch_spectral_p000,phone_F1.wav,1.525,193.7154065886495,True
amdf_pitch_spectral_p000,phone_F1.wav,1.535,192.48010946229974,True
amdf_pitch_spectral_p000,phone_F1.wav,1.545,190.9890491708363,True
amdf_pitch_spectral_p000,phone_F1.wav,1.555,189.39893767343054,True
amdf_pitch_spectral_p000,phone_F1.wav,1.565,187.9974899206744,True
amdf_pitch_spectral_p000,phone_F1.wav,1.575,187.1011075453967,True
amdf_pitch_spectral_p000,phone_F1.wav,1.585,186.21894280849608,True
amdf_pitch_spectral_p000,phone_F1.wav,1.595,242.94006543595967,True
amdf_pitch_spectral_p000,phone_F1.wav,1.605,235.40501108968257,True
amdf_pitch_spectral_p000,phone_F1.wav,1.615,235.63628994362972,True
amdf_pitch_spectral_p000,phone_F1.wav,1.625,0.0,False
amdf_pitch_spectral_p000,phone_F1.wav,1.635,0.0,False
amdf_pitch_spectral_p000,phone_F1.wav,1.645,0.0,False
amdf_pitch_spectral_p000,phone_F1.wav,1.655,0.0,False
amdf_pitch_spectral_p000,phone_F1.wav,1.665,0.0,False
amdf_pitch_spectral_p000,phone_F1.wav,1.675,0.0,False
amdf_pitch_spectral_p000,phone_F1.wav,1.685,0.0,False
amdf_pitch_spectral_p000,phone_F1.wav,1.695,0.0,False
amdf_pitch_spectral_p000,phone_F1.wav,1.705,0.0,False
amdf_pitch_spectral_p000,phone_F1.wav,1.715,0.0,False
amdf_pitch_spectral_p000,phone_F1.wav,1.725,0.0,False
amdf_pitch_spectral_p000,phone_F1.wav,1.735,0.0,False
amdf_pitch_spectral_p000,phone_F1.wav,1.745,0.0,False
amdf_pitch_spectral_p000,phone_F1.wav,1.755,0.0,False
amdf_pitch_spectral_p000,phone_F1.wav,1.765,0.0,False
amdf_pitch_spectral_p000,phone_F1.wav,1.775,0.0,False
amdf_pitch_spectral_p000,phone_F1.wav,1.785,0.0,False
amdf_pitch_spectral_p000,phone_F1.wav,1.795,0.0,False
amdf_pitch_spectral_p000,phone_F1.wav,1.805,0.0,False
amdf_pitch_spectral_p000,phone_F1.wav,1.815,0.0,False
amdf_pitch_spectral_p000,phone_F1.wav,1.825,0.0,False
amdf_pitch_spectral_p000,phone_F1.wav,1.835,225.62049327141344,True
amdf_pitch_spectral_p000,phone_F1.wav,1.845,224.47460592859062,True
amdf_pitch_spectral_p000,phone_F1.wav,1.855,0.0,False
amdf_pitch_spectral_p000,phone_F1.wav,1.865,0.0,False
amdf_pitch_spectral_p000,phone_F1.wav,1.875,0.0,False
amdf_pitch_spectral_p000,phone_F1.wav,1.885,0.0,False
amdf_pitch_spectral_p000,phone_F1.wav,1.895,0.0,False
amdf_pitch_spectral_p000,phone_F1.wav,1.905,0.0,False
amdf_pitch_spectral_p000,phone_F1.wav,1.915,220.75706763998318,True
amdf_pitch_spectral_p000,phone_F1.wav,1.925,226.81115938882192,True
amdf_pitch_spectral_p000,phone_F1.wav,1.935,226.35939904539137,True
amdf_pitch_spectral_p000,phone_F1.wav,1.945,225.1919613856994,True
amdf_pitch_spectral_p000,phone_F1.wav,1.955,223.6612376294618,True
amdf_pitch_spectral_p000,phone_F1.wav,1.965,222.6718366357934,True
amdf_pitch_spectral_p000,phone_F1.wav,1.975,221.89312657105694,True
amdf_pitch_spectral_p000,phone_F1.wav,1.985,219.82164994846238,True
amdf_pitch_spectral_p000,phone_F1.wav,1.995,218.33810915110442,True
amdf_pitch_spectral_p000,phone_F1.wav,2.005,216.07436194572549,True
amdf_pitch_spectral_p000,phone_F1.wav,2.015,212.96231430995252,True
amdf_pitch_spectral_p000,phone_F1.wav,2.025,210.70048969711175,True
amdf_pitch_spectral_p000,phone_F1.wav,2.035,209.88021222985486,True
amdf_pitch_spectral_p000,phone_F1.wav,2.045,192.64248755874652,True
amdf_pitch_spectral_p000,phone_F1.wav,2.055,190.45265351035468,True
amdf_pitch_spectral_p000,phone_F1.wav,2.065,189.63647936982693,True
amdf_pitch_spectral_p000,phone_F1.wav,2.075,204.45547553827413,True
amdf_pitch_spectral_p000,phone_F1.wav,2.085,205.43715720402895,True
amdf_pitch_spectral_p000,phone_F1.wav,2.095,202.96669615278105,True
amdf_pitch_spectral_p000,phone_F1.wav,2.105,201.09332461833176,True
amdf_pitch_spectral_p000,phone_F1.wav,2.115,200.0701266011689,True
amdf_pitch_spectral_p000,phone_F1.wav,2.125,198.62852873642268,True
amdf_pitch_spectral_p000,phone_F1.wav,2.135,197.21570630004348,True
amdf_pitch_spectral_p000,phone_F1.wav,2.145,195.93911665701046,True
amdf_pitch_spectral_p000,phone_F1.wav,2.155,195.14814235588815,True
amdf_pitch_spectral_p000,phone_F1.wav,2.165,193.88872954533085,True
amdf_pitch_spectral_p000,phone_F1.wav,2.175,193.0159681800306,True
amdf_pitch_spectral_p000,phone_F1.wav,2.185,192.14673582485327,True
amdf_pitch_spectral_p000,phone_F1.wav,2.195,190.26609577895346,True
amdf_pitch_spectral_p000,phone_F1.wav,2.205,0.0,False
amdf_pitch_spectral_p000,phone_F1.wav,2.215,0.0,False
amdf_pitch_spectral_p000,phone_F1.wav,2.225,0.0,False
amdf_pitch_spectral_p000,phone_F1.wav,2.235,0.0,False
amdf_pitch_spectral_p000,phone_F1.wav,2.245,0.0,False
amdf_pitch_spectral_p000,phone_F1.wav,2.255,0.0,False
amdf_pitch_spectral_p000,phone_F1.wav,2.265,0.0,False
amdf_pitch_spectral_p000,phone_F1.wav,2.275,0.0,False
amdf_pitch_spectral_p000,phone_F1.wav,2.285,233.06797257096088,True
amdf_pitch_spectral_p000,phone_F1.wav,2.295,234.26124798560107,True
amdf_pitch_spectral_p000,phone_F1.wav,2.305,235.37420673123071,True
amdf_pitch_spectral_p000,phone_F1.wav,2.315,237.20730477283053,True
amdf_pitch_spectral_p000,phone_F1.wav,2.325,240.28357077130786,True
amdf_pitch_spectral_p000,phone_F1.wav,2.335,241.87841380438286,True
amdf_pitch_spectral_p000,phone_F1.wav,2.345,0.0,False
amdf_pitch_spectral_p000,phone_F1.wav,2.355,0.0,False
amdf_pitch_spectral_p000,phone_F1.wav,2.365,0.0,False
amdf_pitch_spectral_p000,phone_F1.wav,2.375,0.0,False
amdf_pitch_spectral_p000,phone_F1.wav,2.385,0.0,False
amdf_pitch_spectral_p000,phone_F1.wav,2.395,0.0,False
amdf_pitch_spectral_p000,phone_F1.wav,2.405,246.63914332994514,True
amdf_pitch_spectral_p000,phone_F1.wav,2.415,239.7413365264993,True
amdf_pitch_spectral_p000,phone_F1.wav,2.425,235.36529037442506,True
amdf_pitch_spectral_p000,phone_F1.wav,2.435,218.02686772478873,True
amdf_pitch_spectral_p000,phone_F1.wav,2.445,203.1265372670617,True
amdf_pitch_spectral_p000,phone_F1.wav,2.455,192.36891091726258,True
amdf_pitch_spectral_p000,phone_F1.wav,2.465,217.373560393574,True
amdf_pitch_spectral_p000,phone_F1.wav,2.475,191.54770254314684,True
amdf_pitch_spectral_p000,phone_F1.wav,2.485,192.16349339361497,True
amdf_pitch_spectral_p000,phone_F1.wav,2.495,191.99729084133622,True
amdf_pitch_spectral_p000,phone_F1.wav,2.505,211.06278024694768,True
amdf_pitch_spectral_p000,phone_F1.wav,2.515,0.0,False
amdf_pitch_spectral_p000,phone_F1.wav,2.525,0.0,False
amdf_pitch_spectral_p000,phone_F1.wav,2.535,0.0,False
amdf_pitch_spectral_p000,phone_F1.wav,2.545,0.0,False
amdf_pitch_spectral_p000,phone_F1.wav,2.555,0.0,False
amdf_pitch_spectral_p000,phone_F1.wav,2.565,0.0,False
amdf_pitch_spectral_p000,phone_F1.wav,2.575,0.0,False
amdf_pitch_spectral_p000,phone_F1.wav,2.585,0.0,False
amdf_pitch_spectral_p000,phone_F1.wav,2.595,0.0,False
amdf_pitch_spectral_p000,phone_F1.wav,2.605,0.0,False
amdf_pitch_spectral_p000,phone_F1.wav,2.615,0.0,False
amdf_pitch_spectral_p000,phone_F1.wav,2.625,0.0,False
amdf_pitch_spectral_p000,phone_F1.wav,2.635,0.0,False
amdf_pitch_spectral_p000,phone_F1.wav,2.645,0.0,False
amdf_pitch_spectral_p000,phone_F1.wav,2.655,0.0,False
amdf_pitch_spectral_p000,phone_F1.wav,2.665,204.232746442535,True
amdf_pitch_spectral_p000,phone_F1.wav,2.675,200.72857451911602,True
amdf_pitch_spectral_p000,phone_F1.wav,2.685,197.75730585789083,True
amdf_pitch_spectral_p000,phone_F1.wav,2.695,195.22989021854912,True
amdf_pitch_spectral_p000,phone_F1.wav,2.705,193.04520148118934,True
amdf_pitch_spectral_p000,phone_F1.wav,2.715,190.9115881294589,True
amdf_pitch_spectral_p000,phone_F1.wav,2.725,188.57701006389223,True
amdf_pitch_spectral_p000,phone_F1.wav,2.735,184.9028336011655,True
amdf_pitch_spectral_p000,phone_F1.wav,2.745,0.0,False
amdf_pitch_spectral_p000,phone_F1.wav,2.755,0.0,False
amdf_pitch_spectral_p000,phone_F1.wav,2.765,0.0,False
amdf_pitch_spectral_p000,phone_F1.wav,2.775,0.0,False
amdf_pitch_spectral_p000,phone_F1.wav,2.785,0.0,False
amdf_pitch_spectral_p000,phone_F1.wav,2.795,0.0,False
amdf_pitch_spectral_p000,phone_F1.wav,2.805,0.0,False
amdf_pitch_spectral_p000,phone_F1.wav,2.815,0.0,False
amdf_pitch_spectral_p000,phone_F1.wav,2.825,0.0,False
amdf_pitch_spectral_p000,phone_F1.wav,2.835,0.0,False
amdf_pitch_spectral_p000,phone_F1.wav,2.845,0.0,False
amdf_pitch_spectral_p000,phone_F1.wav,2.855,0.0,False
amdf_pitch_spectral_p000,phone_F1.wav,2.865,0.0,False
amdf_pitch_spectral_p000,phone_F1.wav,2.875,0.0,False
amdf_pitch_spectral_p000,phone_F1.wav,2.885,0.0,False
amdf_pitch_spectral_p000,phone_F1.wav,2.895,0.0,False
amdf_pitch_spectral_p000,phone_F1.wav,2.905,0.0,False
amdf_pitch_spectral_p000,phone_F1.wav,2.915,0.0,False
amdf_pitch_spectral_p000,phone_F1.wav,2.925,0.0,False
amdf_pitch_spectral_p000,phone_F1.wav,2.935,0.0,False
amdf_pitch_spectral_p000,phone_F1.wav,2.945,0.0,False
amdf_pitch_spectral_p000,phone_F1.wav,2.955,0.0,False
amdf_pitch_spectral_p000,phone_F1.wav,2.965,0.0,False
amdf_pitch_spectral_p000,phone_F1.wav,2.975,0.0,False
amdf_pitch_spectral_p000,phone_F1.wav,2.985,0.0,False
amdf_pitch_spectral_p000,phone_F1.wav,2.995,0.0,False
amdf_pitch_spectral_p000,phone_F1.wav,3.005,0.0,False
amdf_pitch_spectral_p000,phone_F1.wav,3.015,0.0,False
amdf_pitch_spectral_p000,phone_F1.wav,3.025,0.0,False
amdf_pitch_spectral_p000,phone_F1.wav,3.035,0.0,False
amdf_pitch_spectral_p000,phone_F1.wav,3.045,0.0,False
amdf_pitch_spectral_p000,phone_F1.wav,3.055,0.0,False
amdf_pitch_spectral_p000,phone_F1.wav,3.065,0.0,False
amdf_pitch_spectral_p000,phone_F1.wav,3.075,0.0,False
amdf_pitch_spectral_p000,phone_F1.wav,3.085,0.0,False
amdf_pitch_spectral_p000,phone_F1.wav,3.095,0.0,False
amdf_pitch_spectral_p000,phone_F1.wav,3.105,0.0,False
amdf_pitch_spectral_p000,phone_F1.wav,3.115,0.0,False
amdf_pitch_spectral_p000,phone_F1.wav,3.125,0.0,False
amdf_pitch_spectral_p000,phone_F1.wav,3.135,0.0,False
amdf_pitch_spectral_p000,phone_F1.wav,3.145,0.0,False
amdf_pitch_spectral_p000,phone_F1.wav,3.155,0.0,False
amdf_pitch_spectral_p000,phone_F1.wav,3.165,0.0,False
amdf_pitch_spectral_p000,phone_F1.wav,3.175,0.0,False
amdf_pitch_spectral_p000,phone_F1.wav,3.185,0.0,False
amdf_pitch_spectral_p000,phone_F1.wav,3.195,0.0,False
amdf_pitch_spectral_p000,phone_F1.wav,3.205,0.0,False
amdf_pitch_spectral_p000,phone_F1.wav,3.215,0.0,False
amdf_pitch_spectral_p140,phone_F1.wav,0.025,0.0,False
amdf_pitch_spectral_p140,phone_F1.wav,0.035,0.0,False
amdf_pitch_spectral_p140,phone_F1.wav,0.045,0.0,False
amdf_pitch_spectral_p140,phone_F1.wav,0.055,0.0,False
amdf_pitch_spectral_p140,phone_F1.wav,0.065,0.0,False
amdf_pitch_spectral_p140,phone_F1.wav,0.075,0.0,False
amdf_pitch_spectral_p140,phone_F1.wav,0.085,0.0,False
amdf_pitch_spectral_p140,phone_F1.wav,0.095,0.0,False
amdf_pitch_spectral_p140,phone_F1.wav,0.105,0.0,False
amdf_pitch_spectral_p140,phone_F1.wav,0.115,0.0,False
amdf_pitch_spectral_p140,phone_F1.wav,0.125,0.0,False
amdf_pitch_spectral_p140,phone_F1.wav,0.135,0.0,False
amdf_pitch_spectral_p140,phone_F1.wav,0.145,0.0,False
amdf_pitch_spectral_p140,phone_F1.wav,0.155,0.0,False
amdf_pitch_spectral_p140,phone_F1.wav,0.165,0.0,False
amdf_pitch_spectral_p140,phone_F1.wav,0.175,0.0,False
amdf_pitch_spectral_p140,phone_F1.wav,0.185,0.0,False
amdf_pitch_spectral_p140,phone_F1.wav,0.195,0.0,False
amdf_pitch_spectral_p140,phone_F1.wav,0.205,0.0,False
amdf_pitch_spectral_p140,phone_F1.wav,0.215,0.0,False
amdf_pitch_spectral_p140,phone_F1.wav,0.225,0.0,False
amdf_pitch_spectral_p140,phone_F1.wav,0.235,0.0,False
amdf_pitch_spectral_p140,phone_F1.wav,0.245,0.0,False
amdf_pitch_spectral_p140,phone_F1.wav,0.255,0.0,False
amdf_pitch_spectral_p140,phone_F1.wav,0.265,0.0,False
amdf_pitch_spectral_p140,phone_F1.wav,0.275,0.0,False
amdf_pitch_spectral_p140,phone_F1.wav,0.285,0.0,False
amdf_pitch_spectral_p140,phone_F1.wav,0.295,0.0,False
amdf_pitch_spectral_p140,phone_F1.wav,0.305,0.0,False
amdf_pitch_spectral_p140,phone_F1.wav,0.315,0.0,False
amdf_pitch_spectral_p140,phone_F1.wav,0.325,0.0,False
amdf_pitch_spectral_p140,phone_F1.wav,0.335,0.0,False
amdf_pitch_spectral_p140,phone_F1.wav,0.345,0.0,False
amdf_pitch_spectral_p140,phone_F1.wav,0.355,0.0,False
amdf_pitch_spectral_p140,phone_F1.wav,0.365,0.0,False
amdf_pitch_spectral_p140,phone_F1.wav,0.375,0.0,False
amdf_pitch_spectral_p140,phone_F1.wav,0.385,0.0,False
amdf_pitch_spectral_p140,phone_F1.wav,0.395,0.0,False
amdf_pitch_spectral_p140,phone_F1.wav,0.405,0.0,False
amdf_pitch_spectral_p140,phone_F1.wav,0.415,0.0,False
amdf_pitch_spectral_p140,phone_F1.wav,0.425,0.0,False
amdf_pitch_spectral_p140,phone_F1.wav,0.435,0.0,False
amdf_pitch_spectral_p140,phone_F1.wav,0.445,0.0,False
amdf_pitch_spectral_p140,phone_F1.wav,0.455,0.0,False
amdf_pitch_spectral_p140,phone_F1.wav,0.465,0.0,False
amdf_pitch_spectral_p140,phone_F1.wav,0.475,0.0,False
amdf_pitch_spectral_p140,phone_F1.wav,0.485,0.0,False
amdf_pitch_spectral_p140,phone_F1.wav,0.495,0.0,False
amdf_pitch_spectral_p140,phone_F1.wav,0.505,0.0,False
amdf_pitch_spectral_p140,phone_F1.wav,0.515,0.0,False
amdf_pitch_spectral_p140,phone_F1.wav,0.525,0.0,False
amdf_pitch_spectral_p140,phone_F1.wav,0.535,0.0,False
amdf_pitch_spectral_p140,phone_F1.wav,0.545,225.76925166696077,True
amdf_pitch_spectral_p140,phone_F1.wav,0.555,219.78138562997873,True
amdf_pitch_spectral_p140,phone_F1.wav,0.565,218.90510794682638,True
amdf_pitch_spectral_p140,phone_F1.wav,0.575,218.8938312729966,True
amdf_pitch_spectral_p140,phone_F1.wav,0.585,218.10200701567044,True
amdf_pitch_spectral_p140,phone_F1.wav,0.595,218.81768787226898,True
amdf_pitch_spectral_p140,phone_F1.wav,0.605,219.05474651386038,True
amdf_pitch_spectral_p140,phone_F1.wav,0.615,221.52003189709677,True
amdf_pitch_spectral_p140,phone_F1.wav,0.625,224.67751773269822,True
amdf_pitch_spectral_p140,phone_F1.wav,0.635,228.60433852407942,True
amdf_pitch_spectral_p140,phone_F1.wav,0.645,232.2175152337647,True
amdf_pitch_spectral_p140,phone_F1.wav,0.655,231.26990565824437,True
amdf_pitch_spectral_p140,phone_F1.wav,0.665,229.8720846583009,True
amdf_pitch_spectral_p140,phone_F1.wav,0.675,227.83682994075141,True
amdf_pitch_spectral_p140,phone_F1.wav,0.685,228.43372365224633,True
amdf_pitch_spectral_p140,phone_F1.wav,0.695,229.26103315480415,True
amdf_pitch_spectral_p140,phone_F1.wav,0.705,230.3308952311697,True
amdf_pitch_spectral_p140,phone_F1.wav,0.715,231.35574144175186,True
amdf_pitch_spectral_p140,phone_F1.wav,0.725,232.20854612647383,True
amdf_pitch_spectral_p140,phone_F1.wav,0.735,232.23136949376124,True
amdf_pitch_spectral_p140,phone_F1.wav,0.745,233.02926465497202,True
amdf_pitch_spectral_p140,phone_F1.wav,0.755,232.45569759636297,True
amdf_pitch_spectral_p140,phone_F1.wav,0.765,232.17979624993683,True
amdf_pitch_spectral_p140,phone_F1.wav,0.775,230.0663077122208,True
amdf_pitch_spectral_p140,phone_F1.wav,0.785,226.29972825080839,True
amdf_pitch_spectral_p140,phone_F1.wav,0.795,221.8183311260453,True
amdf_pitch_spectral_p140,phone_F1.wav,0.805,219.14179181456484,True
amdf_pitch_spectral_p140,phone_F1.wav,0.815,234.26912646883255,True
amdf_pitch_spectral_p140,phone_F1.wav,0.825,234.85219100888276,True
amdf_pitch_spectral_p140,phone_F1.wav,0.835,235.08618017303658,True
amdf_pitch_spectral_p140,phone_F1.wav,0.845,237.36524922612253,True
amdf_pitch_spectral_p140,phone_F1.wav,0.855,239.28761701636975,True
amdf_pitch_spectral_p140,phone_F1.wav,0.865,240.91252078142247,True
amdf_pitch_spectral_p140,phone_F1.wav,0.875,242.4515134082506,True
amdf_pitch_spectral_p140,phone_F1.wav,0.885,245.8471303503279,True
amdf_pitch_spectral_p140,phone_F1.wav,0.895,248.99066590918952,True
amdf_pitch_spectral_p140,phone_F1.wav,0.905,249.52378716086042,True
amdf_pitch_spectral_p140,phone_F1.wav,0.915,248.7750445511764,True
amdf_pitch_spectral_p140,phone_F1.wav,0.925,246.8292400107358,True
amdf_pitch_spectral_p140,phone_F1.wav,0.935,242.98172452245996,True
amdf_pitch_spectral_p140,phone_F1.wav,0.945,241.16288381936178,True
amdf_pitch_spectral_p140,phone_F1.wav,0.955,239.95917182152326,True
amdf_pitch_spectral_p140,phone_F1.wav,0.965,237.9366088395598,True
amdf_pitch_spectral_p140,phone_F1.wav,0.975,232.21332350792326,True
amdf_pitch_spectral_p140,phone_F1.wav,0.985,205.845786536123,True
amdf_pitch_spectral_p140,phone_F1.wav,0.995,232.89086007909202,True
amdf_pitch_spectral_p140,phone_F1.wav,1.005,234.16078525049207,True
amdf_pitch_spectral_p140,phone_F1.wav,1.015,234.70949271571115,True
amdf_pitch_spectral_p140,phone_F1.wav,1.025,232.70731134360477,True
amdf_pitch_spectral_p140,phone_F1.wav,1.035,226.38443325728232,True
amdf_pitch_spectral_p140,phone_F1.wav,1.045,226.07004323531922,True
amdf_pitch_spectral_p140,phone_F1.wav,1.055,226.62033641326732,True
amdf_pitch_spectral_p140,phone_F1.wav,1.065,228.1805566085948,True
amdf_pitch_spectral_p140,phone_F1.wav,1.075,236.2853236463497,True
amdf_pitch_spectral_p140,phone_F1.wav,1.085,240.08052285875667,True
amdf_pitch_spectral_p140,phone_F1.wav,1.095,243.6257552084529,True
amdf_pitch_spectral_p140,phone_F1.wav,1.105,245.50362606275513,True
amdf_pitch_spectral_p140,phone_F1.wav,1.115,245.27555472828047,True
amdf_pitch_spectral_p140,phone_F1.wav,1.125,244.6002327765804,True
amdf_pitch_spectral_p140,phone_F1.wav,1.135,242.33406952377229,True
amdf_pitch_spectral_p140,phone_F1.wav,1.145,0.0,False
amdf_pitch_spectral_p140,phone_F1.wav,1.155,0.0,False
amdf_pitch_spectral_p140,phone_F1.wav,1.165,0.0,False
amdf_pitch_spectral_p140,phone_F1.wav,1.175,0.0,False
amdf_pitch_spectral_p140,phone_F1.wav,1.185,0.0,False
amdf_pitch_spectral_p140,phone_F1.wav,1.195,0.0,False
amdf_pitch_spectral_p140,phone_F1.wav,1.205,0.0,False
amdf_pitch_spectral_p140,phone_F1.wav,1.215,207.0692283823941,True
amdf_pitch_spectral_p140,phone_F1.wav,1.225,191.97179323022536,True
amdf_pitch_spectral_p140,phone_F1.wav,1.235,187.951391003781,True
amdf_pitch_spectral_p140,phone_F1.wav,1.245,186.08885088848098,True
amdf_pitch_spectral_p140,phone_F1.wav,1.255,183.60344700086432,True
amdf_pitch_spectral_p140,phone_F1.wav,1.265,181.48641896880545,True
amdf_pitch_spectral_p140,phone_F1.wav,1.275,180.03821736100377,True
amdf_pitch_spectral_p140,phone_F1.wav,1.285,182.87633643936059,True
amdf_pitch_spectral_p140,phone_F1.wav,1.295,182.3351497241474,True
amdf_pitch_spectral_p140,phone_F1.wav,1.305,181.8433256408566,True
amdf_pitch_spectral_p140,phone_F1.wav,1.315,181.62171013276856,True
amdf_pitch_spectral_p140,phone_F1.wav,1.325,180.83509968038052,True
amdf_pitch_spectral_p140,phone_F1.wav,1.335,180.23556957867638,True
amdf_pitch_spectral_p140,phone_F1.wav,1.345,179.85217342585645,True
amdf_pitch_spectral_p140,phone_F1.wav,1.355,0.0,False
amdf_pitch_spectral_p140,phone_F1.wav,1.365,0.0,False
amdf_pitch_spectral_p140,phone_F1.wav,1.375,0.0,False
amdf_pitch_spectral_p140,phone_F1.wav,1.385,0.0,False
amdf_pitch_spectral_p140,phone_F1.wav,1.395,0.0,False
amdf_pitch_spectral_p140,phone_F1.wav,1.405,0.0,False
amdf_pitch_spectral_p140,phone_F1.wav,1.415,0.0,False
amdf_pitch_spectral_p140,phone_F1.wav,1.425,0.0,False
amdf_pitch_spectral_p140,phone_F1.wav,1.435,0.0,False
amdf_pitch_spectral_p140,phone_F1.wav,1.445,0.0,False
amdf_pitch_spectral_p140,phone_F1.wav,1.455,218.46944793880544,True
amdf_pitch_spectral_p140,phone_F1.wav,1.465,208.2158751852807,True
amdf_pitch_spectral_p140,phone_F1.wav,1.475,204.01119457051595,True
amdf_pitch_spectral_p140,phone_F1.wav,1.485,200.73209543480667,True
amdf_pitch_spectral_p140,phone_F1.wav,1.495,198.46528031702226,True
amdf_pitch_spectral_p140,phone_F1.wav,1.505,196.44427099969334,True
amdf_pitch_spectral_p140,phone_F1.wav,1.515,195.021092902487,True
amdf_pitch_spectral_p140,phone_F1.wav,1.525,193.7154065886495,True
amdf_pitch_spectral_p140,phone_F1.wav,1.535,192.48010946229974,True
amdf_pitch_spectral_p140,phone_F1.wav,1.545,190.9890491708363,True
amdf_pitch_spectral_p140,phone_F1.wav,1.555,189.39893767343054,True
amdf_pitch_spectral_p140,phone_F1.wav,1.565,187.9974899206744,True
amdf_pitch_spectral_p140,phone_F1.wav,1.575,187.1011075453967,True
amdf_pitch_spectral_p140,phone_F1.wav,1.585,186.21894280849608,True
amdf_pitch_spectral_p140,phone_F1.wav,1.595,242.94006543595967,True
amdf_pitch_spectral_p140,phone_F1.wav,1.605,235.40501108968257,True
amdf_pitch_spectral_p140,phone_F1.wav,1.615,235.63628994362972,True
amdf_pitch_spectral_p140,phone_F1.wav,1.625,0.0,False
amdf_pitch_spectral_p140,phone_F1.wav,1.635,0.0,False
amdf_pitch_spectral_p140,phone_F1.wav,1.645,0.0,False
amdf_pitch_spectral_p140,phone_F1.wav,1.655,0.0,False
amdf_pitch_spectral_p140,phone_F1.wav,1.665,0.0,False
amdf_pitch_spectral_p140,phone_F1.wav,1.675,0.0,False
amdf_pitch_spectral_p140,phone_F1.wav,1.685,0.0,False
amdf_pitch_spectral_p140,phone_F1.wav,1.695,0.0,False
amdf_pitch_spectral_p140,phone_F1.wav,1.705,0.0,False
amdf_pitch_spectral_p140,phone_F1.wav,1.715,0.0,False
amdf_pitch_spectral_p140,phone_F1.wav,1.725,0.0,False
amdf_pitch_spectral_p140,phone_F1.wav,1.735,0.0,False
amdf_pitch_spectral_p140,phone_F1.wav,1.745,0.0,False
amdf_pitch_spectral_p140,phone_F1.wav,1.755,0.0,False
amdf_pitch_spectral_p140,phone_F1.wav,1.765,0.0,False
amdf_pitch_spectral_p140,phone_F1.wav,1.775,0.0,False
amdf_pitch_spectral_p140,phone_F1.wav,1.785,0.0,False
amdf_pitch_spectral_p140,phone_F1.wav,1.795,0.0,False
amdf_pitch_spectral_p140,phone_F1.wav,1.805,0.0,False
amdf_pitch_spectral_p140,phone_F1.wav,1.815,0.0,False
amdf_pitch_spectral_p140,phone_F1.wav,1.825,0.0,False
amdf_pitch_spectral_p140,phone_F1.wav,1.835,225.62049327141344,True
amdf_pitch_spectral_p140,phone_F1.wav,1.845,224.47460592859062,True
amdf_pitch_spectral_p140,phone_F1.wav,1.855,0.0,False
amdf_pitch_spectral_p140,phone_F1.wav,1.865,0.0,False
amdf_pitch_spectral_p140,phone_F1.wav,1.875,0.0,False
amdf_pitch_spectral_p140,phone_F1.wav,1.885,0.0,False
amdf_pitch_spectral_p140,phone_F1.wav,1.895,0.0,False
amdf_pitch_spectral_p140,phone_F1.wav,1.905,0.0,False
amdf_pitch_spectral_p140,phone_F1.wav,1.915,220.75706763998318,True
amdf_pitch_spectral_p140,phone_F1.wav,1.925,226.81115938882192,True
amdf_pitch_spectral_p140,phone_F1.wav,1.935,226.35939904539137,True
amdf_pitch_spectral_p140,phone_F1.wav,1.945,225.1919613856994,True
amdf_pitch_spectral_p140,phone_F1.wav,1.955,223.6612376294618,True
amdf_pitch_spectral_p140,phone_F1.wav,1.965,222.6718366357934,True
amdf_pitch_spectral_p140,phone_F1.wav,1.975,221.89312657105694,True
amdf_pitch_spectral_p140,phone_F1.wav,1.985,219.82164994846238,True
amdf_pitch_spectral_p140,phone_F1.wav,1.995,218.33810915110442,True
amdf_pitch_spectral_p140,phone_F1.wav,2.005,216.07436194572549,True
amdf_pitch_spectral_p140,phone_F1.wav,2.015,212.96231430995252,True
amdf_pitch_spectral_p140,phone_F1.wav,2.025,210.70048969711175,True
amdf_pitch_spectral_p140,phone_F1.wav,2.035,209.88021222985486,True
amdf_pitch_spectral_p140,phone_F1.wav,2.045,192.64248755874652,True
amdf_pitch_spectral_p140,phone_F1.wav,2.055,190.45265351035468,True
amdf_pitch_spectral_p140,phone_F1.wav,2.065,189.63647936982693,True
amdf_pitch_spectral_p140,phone_F1.wav,2.075,204.45547553827413,True
amdf_pitch_spectral_p140,phone_F1.wav,2.085,205.43715720402895,True
amdf_pitch_spectral_p140,phone_F1.wav,2.095,202.96669615278105,True
amdf_pitch_spectral_p140,phone_F1.wav,2.105,201.09332461833176,True
amdf_pitch_spectral_p140,phone_F1.wav,2.115,200.0701266011689,True
amdf_pitch_spectral_p140,phone_F1.wav,2.125,198.62852873642268,True
amdf_pitch_spectral_p140,phone_F1.wav,2.135,197.21570630004348,True
amdf_pitch_spectral_p140,phone_F1.wav,2.145,195.93911665701046,True
amdf_pitch_spectral_p140,phone_F1.wav,2.155,195.14814235588815,True
amdf_pitch_spectral_p140,phone_F1.wav,2.165,193.88872954533085,True
amdf_pitch_spectral_p140,phone_F1.wav,2.175,193.0159681800306,True
amdf_pitch_spectral_p140,phone_F1.wav,2.185,192.14673582485327,True
amdf_pitch_spectral_p140,phone_F1.wav,2.195,190.26609577895346,True
amdf_pitch_spectral_p140,phone_F1.wav,2.205,0.0,False
amdf_pitch_spectral_p140,phone_F1.wav,2.215,0.0,False
amdf_pitch_spectral_p140,phone_F1.wav,2.225,0.0,False
amdf_pitch_spectral_p140,phone_F1.wav,2.235,0.0,False
amdf_pitch_spectral_p140,phone_F1.wav,2.245,0.0,False
amdf_pitch_spectral_p140,phone_F1.wav,2.255,0.0,False
amdf_pitch_spectral_p140,phone_F1.wav,2.265,0.0,False
amdf_pitch_spectral_p140,phone_F1.wav,2.275,0.0,False
amdf_pitch_spectral_p140,phone_F1.wav,2.285,233.06797257096088,True
amdf_pitch_spectral_p140,phone_F1.wav,2.295,234.26124798560107,True
amdf_pitch_spectral_p140,phone_F1.wav,2.305,235.37420673123071,True
amdf_pitch_spectral_p140,phone_F1.wav,2.315,237.20730477283053,True
amdf_pitch_spectral_p140,phone_F1.wav,2.325,240.28357077130786,True
amdf_pitch_spectral_p140,phone_F1.wav,2.335,241.87841380438286,True
amdf_pitch_spectral_p140,phone_F1.wav,2.345,0.0,False
amdf_pitch_spectral_p140,phone_F1.wav,2.355,0.0,False
amdf_pitch_spectral_p140,phone_F1.wav,2.365,0.0,False
amdf_pitch_spectral_p140,phone_F1.wav,2.375,0.0,False
amdf_pitch_spectral_p140,phone_F1.wav,2.385,0.0,False
amdf_pitch_spectral_p140,phone_F1.wav,2.395,0.0,False
amdf_pitch_spectral_p140,phone_F1.wav,2.405,246.63914332994514,True
amdf_pitch_spectral_p140,phone_F1.wav,2.415,239.7413365264993,True
amdf_pitch_spectral_p140,phone_F1.wav,2.425,235.36529037442506,True
amdf_pitch_spectral_p140,phone_F1.wav,2.435,218.02686772478873,True
amdf_pitch_spectral_p140,phone_F1.wav,2.445,203.1265372670617,True
amdf_pitch_spectral_p140,phone_F1.wav,2.455,192.36891091726258,True
amdf_pitch_spectral_p140,phone_F1.wav,2.465,217.373560393574,True
amdf_pitch_spectral_p140,phone_F1.wav,2.475,191.54770254314684,True
amdf_pitch_spectral_p140,phone_F1.wav,2.485,192.16349339361497,True
amdf_pitch_spectral_p140,phone_F1.wav,2.495,191.99729084133622,True
amdf_pitch_spectral_p140,phone_F1.wav,2.505,211.06278024694768,True
amdf_pitch_spectral_p140,phone_F1.wav,2.515,0.0,False
amdf_pitch_spectral_p140,phone_F1.wav,2.525,0.0,False
amdf_pitch_spectral_p140,phone_F1.wav,2.535,0.0,False
amdf_pitch_spectral_p140,phone_F1.wav,2.545,0.0,False
amdf_pitch_spectral_p140,phone_F1.wav,2.555,0.0,False
amdf_pitch_spectral_p140,phone_F1.wav,2.565,0.0,False
amdf_pitch_spectral_p140,phone_F1.wav,2.575,0.0,False
amdf_pitch_spectral_p140,phone_F1.wav,2.585,0.0,False
amdf_pitch_spectral_p140,phone_F1.wav,2.595,0.0,False
amdf_pitch_spectral_p140,phone_F1.wav,2.605,0.0,False
amdf_pitch_spectral_p140,phone_F1.wav,2.615,0.0,False
amdf_pitch_spectral_p140,phone_F1.wav,2.625,0.0,False
amdf_pitch_spectral_p140,phone_F1.wav,2.635,0.0,False
amdf_pitch_spectral_p140,phone_F1.wav,2.645,0.0,False
amdf_pitch_spectral_p140,phone_F1.wav,2.655,0.0,False
amdf_pitch_spectral_p140,phone_F1.wav,2.665,204.232746442535,True
amdf_pitch_spectral_p140,phone_F1.wav,2.675,200.72857451911602,True
amdf_pitch_spectral_p140,phone_F1.wav,2.685,197.75730585789083,True
amdf_pitch_spectral_p140,phone_F1.wav,2.695,195.22989021854912,True
amdf_pitch_spectral_p140,phone_F1.wav,2.705,193.04520148118934,True
amdf_pitch_spectral_p140,phone_F1.wav,2.715,190.9115881294589,True
amdf_pitch_spectral_p140,phone_F1.wav,2.725,188.57701006389223,True
amdf_pitch_spectral_p140,phone_F1.wav,2.735,184.9028336011655,True
amdf_pitch_spectral_p140,phone_F1.wav,2.745,0.0,False
amdf_pitch_spectral_p140,phone_F1.wav,2.755,0.0,False
amdf_pitch_spectral_p140,phone_F1.wav,2.765,0.0,False
amdf_pitch_spectral_p140,phone_F1.wav,2.775,0.0,False
amdf_pitch_spectral_p140,phone_F1.wav,2.785,0.0,False
amdf_pitch_spectral_p140,phone_F1.wav,2.795,0.0,False
amdf_pitch_spectral_p140,phone_F1.wav,2.805,0.0,False
amdf_pitch_spectral_p140,phone_F1.wav,2.815,0.0,False
amdf_pitch_spectral_p140,phone_F1.wav,2.825,0.0,False
amdf_pitch_spectral_p140,phone_F1.wav,2.835,0.0,False
amdf_pitch_spectral_p140,phone_F1.wav,2.845,0.0,False
amdf_pitch_spectral_p140,phone_F1.wav,2.855,0.0,False
amdf_pitch_spectral_p140,phone_F1.wav,2.865,0.0,False
amdf_pitch_spectral_p140,phone_F1.wav,2.875,0.0,False
amdf_pitch_spectral_p140,phone_F1.wav,2.885,0.0,False
amdf_pitch_spectral_p140,phone_F1.wav,2.895,0.0,False
amdf_pitch_spectral_p140,phone_F1.wav,2.905,0.0,False
amdf_pitch_spectral_p140,phone_F1.wav,2.915,0.0,False
amdf_pitch_spectral_p140,phone_F1.wav,2.925,0.0,False
amdf_pitch_spectral_p140,phone_F1.wav,2.935,0.0,False
amdf_pitch_spectral_p140,phone_F1.wav,2.945,0.0,False
amdf_pitch_spectral_p140,phone_F1.wav,2.955,0.0,False
amdf_pitch_spectral_p140,phone_F1.wav,2.965,0.0,False
amdf_pitch_spectral_p140,phone_F1.wav,2.975,0.0,False
amdf_pitch_spectral_p140,phone_F1.wav,2.985,0.0,False
amdf_pitch_spectral_p140,phone_F1.wav,2.995,0.0,False
amdf_pitch_spectral_p140,phone_F1.wav,3.005,0.0,False
amdf_pitch_spectral_p140,phone_F1.wav,3.015,0.0,False
amdf_pitch_spectral_p140,phone_F1.wav,3.025,0.0,False
amdf_pitch_spectral_p140,phone_F1.wav,3.035,0.0,False
amdf_pitch_spectral_p140,phone_F1.wav,3.045,0.0,False
amdf_pitch_spectral_p140,phone_F1.wav,3.055,0.0,False
amdf_pitch_spectral_p140,phone_F1.wav,3.065,0.0,False
amdf_pitch_spectral_p140,phone_F1.wav,3.075,0.0,False
amdf_pitch_spectral_p140,phone_F1.wav,3.085,0.0,False
amdf_pitch_spectral_p140,phone_F1.wav,3.095,0.0,False
amdf_pitch_spectral_p140,phone_F1.wav,3.105,0.0,False
amdf_pitch_spectral_p140,phone_F1.wav,3.115,0.0,False
amdf_pitch_spectral_p140,phone_F1.wav,3.125,0.0,False
amdf_pitch_spectral_p140,phone_F1.wav,3.135,0.0,False
amdf_pitch_spectral_p140,phone_F1.wav,3.145,0.0,False
amdf_pitch_spectral_p140,phone_F1.wav,3.155,0.0,False
amdf_pitch_spectral_p140,phone_F1.wav,3.165,0.0,False
amdf_pitch_spectral_p140,phone_F1.wav,3.175,0.0,False
amdf_pitch_spectral_p140,phone_F1.wav,3.185,0.0,False
amdf_pitch_spectral_p140,phone_F1.wav,3.195,0.0,False
amdf_pitch_spectral_p140,phone_F1.wav,3.205,0.0,False
amdf_pitch_spectral_p140,phone_F1.wav,3.215,0.0,False
amdf_pitch_spectral_p170,phone_F1.wav,0.025,0.0,False
amdf_pitch_spectral_p170,phone_F1.wav,0.035,0.0,False
amdf_pitch_spectral_p170,phone_F1.wav,0.045,0.0,False
amdf_pitch_spectral_p170,phone_F1.wav,0.055,0.0,False
amdf_pitch_spectral_p170,phone_F1.wav,0.065,0.0,False
amdf_pitch_spectral_p170,phone_F1.wav,0.075,0.0,False
amdf_pitch_spectral_p170,phone_F1.wav,0.085,0.0,False
amdf_pitch_spectral_p170,phone_F1.wav,0.095,0.0,False
amdf_pitch_spectral_p170,phone_F1.wav,0.105,0.0,False
amdf_pitch_spectral_p170,phone_F1.wav,0.115,0.0,False
amdf_pitch_spectral_p170,phone_F1.wav,0.125,0.0,False
amdf_pitch_spectral_p170,phone_F1.wav,0.135,0.0,False
amdf_pitch_spectral_p170,phone_F1.wav,0.145,0.0,False
amdf_pitch_spectral_p170,phone_F1.wav,0.155,0.0,False
amdf_pitch_spectral_p170,phone_F1.wav,0.165,0.0,False
amdf_pitch_spectral_p170,phone_F1.wav,0.175,0.0,False
amdf_pitch_spectral_p170,phone_F1.wav,0.185,0.0,False
amdf_pitch_spectral_p170,phone_F1.wav,0.195,0.0,False
amdf_pitch_spectral_p170,phone_F1.wav,0.205,0.0,False
amdf_pitch_spectral_p170,phone_F1.wav,0.215,0.0,False
amdf_pitch_spectral_p170,phone_F1.wav,0.225,0.0,False
amdf_pitch_spectral_p170,phone_F1.wav,0.235,0.0,False
amdf_pitch_spectral_p170,phone_F1.wav,0.245,0.0,False
amdf_pitch_spectral_p170,phone_F1.wav,0.255,0.0,False
amdf_pitch_spectral_p170,phone_F1.wav,0.265,0.0,False
amdf_pitch_spectral_p170,phone_F1.wav,0.275,0.0,False
amdf_pitch_spectral_p170,phone_F1.wav,0.285,0.0,False
amdf_pitch_spectral_p170,phone_F1.wav,0.295,0.0,False
amdf_pitch_spectral_p170,phone_F1.wav,0.305,0.0,False
amdf_pitch_spectral_p170,phone_F1.wav,0.315,0.0,False
amdf_pitch_spectral_p170,phone_F1.wav,0.325,0.0,False
amdf_pitch_spectral_p170,phone_F1.wav,0.335,0.0,False
amdf_pitch_spectral_p170,phone_F1.wav,0.345,0.0,False
amdf_pitch_spectral_p170,phone_F1.wav,0.355,0.0,False
amdf_pitch_spectral_p170,phone_F1.wav,0.365,0.0,False
amdf_pitch_spectral_p170,phone_F1.wav,0.375,0.0,False
amdf_pitch_spectral_p170,phone_F1.wav,0.385,0.0,False
amdf_pitch_spectral_p170,phone_F1.wav,0.395,0.0,False
amdf_pitch_spectral_p170,phone_F1.wav,0.405,0.0,False
amdf_pitch_spectral_p170,phone_F1.wav,0.415,0.0,False
amdf_pitch_spectral_p170,phone_F1.wav,0.425,0.0,False
amdf_pitch_spectral_p170,phone_F1.wav,0.435,0.0,False
amdf_pitch_spectral_p170,phone_F1.wav,0.445,0.0,False
amdf_pitch_spectral_p170,phone_F1.wav,0.455,0.0,False
amdf_pitch_spectral_p170,phone_F1.wav,0.465,0.0,False
amdf_pitch_spectral_p170,phone_F1.wav,0.475,0.0,False
amdf_pitch_spectral_p170,phone_F1.wav,0.485,0.0,False
amdf_pitch_spectral_p170,phone_F1.wav,0.495,0.0,False
amdf_pitch_spectral_p170,phone_F1.wav,0.505,0.0,False
amdf_pitch_spectral_p170,phone_F1.wav,0.515,0.0,False
amdf_pitch_spectral_p170,phone_F1.wav,0.525,0.0,False
amdf_pitch_spectral_p170,phone_F1.wav,0.535,0.0,False
amdf_pitch_spectral_p170,phone_F1.wav,0.545,225.76925166696077,True
amdf_pitch_spectral_p170,phone_F1.wav,0.555,219.78138562997873,True
amdf_pitch_spectral_p170,phone_F1.wav,0.565,218.90510794682638,True
amdf_pitch_spectral_p170,phone_F1.wav,0.575,218.8938312729966,True
amdf_pitch_spectral_p170,phone_F1.wav,0.585,218.10200701567044,True
amdf_pitch_spectral_p170,phone_F1.wav,0.595,218.81768787226898,True
amdf_pitch_spectral_p170,phone_F1.wav,0.605,219.05474651386038,True
amdf_pitch_spectral_p170,phone_F1.wav,0.615,221.52003189709677,True
amdf_pitch_spectral_p170,phone_F1.wav,0.625,224.67751773269822,True
amdf_pitch_spectral_p170,phone_F1.wav,0.635,228.60433852407942,True
amdf_pitch_spectral_p170,phone_F1.wav,0.645,232.2175152337647,True
amdf_pitch_spectral_p170,phone_F1.wav,0.655,231.26990565824437,True
amdf_pitch_spectral_p170,phone_F1.wav,0.665,229.8720846583009,True
amdf_pitch_spectral_p170,phone_F1.wav,0.675,227.83682994075141,True
amdf_pitch_spectral_p170,phone_F1.wav,0.685,228.43372365224633,True
amdf_pitch_spectral_p170,phone_F1.wav,0.695,229.26103315480415,True
amdf_pitch_spectral_p170,phone_F1.wav,0.705,230.3308952311697,True
amdf_pitch_spectral_p170,phone_F1.wav,0.715,231.35574144175186,True
amdf_pitch_spectral_p170,phone_F1.wav,0.725,232.20854612647383,True
amdf_pitch_spectral_p170,phone_F1.wav,0.735,232.23136949376124,True
amdf_pitch_spectral_p170,phone_F1.wav,0.745,233.02926465497202,True
amdf_pitch_spectral_p170,phone_F1.wav,0.755,232.45569759636297,True
amdf_pitch_spectral_p170,phone_F1.wav,0.765,232.17979624993683,True
amdf_pitch_spectral_p170,phone_F1.wav,0.775,230.0663077122208,True
amdf_pitch_spectral_p170,phone_F1.wav,0.785,226.29972825080839,True
amdf_pitch_spectral_p170,phone_F1.wav,0.795,221.8183311260453,True
amdf_pitch_spectral_p170,phone_F1.wav,0.805,219.14179181456484,True
amdf_pitch_spectral_p170,phone_F1.wav,0.815,234.26912646883255,True
amdf_pitch_spectral_p170,phone_F1.wav,0.825,234.85219100888276,True
amdf_pitch_spectral_p170,phone_F1.wav,0.835,235.08618017303658,True
amdf_pitch_spectral_p170,phone_F1.wav,0.845,237.36524922612253,True
amdf_pitch_spectral_p170,phone_F1.wav,0.855,239.28761701636975,True
amdf_pitch_spectral_p170,phone_F1.wav,0.865,240.91252078142247,True
amdf_pitch_spectral_p170,phone_F1.wav,0.875,242.4515134082506,True
amdf_pitch_spectral_p170,phone_F1.wav,0.885,245.8471303503279,True
amdf_pitch_spectral_p170,phone_F1.wav,0.895,248.99066590918952,True
amdf_pitch_spectral_p170,phone_F1.wav,0.905,249.52378716086042,True
amdf_pitch_spectral_p170,phone_F1.wav,0.915,248.7750445511764,True
amdf_pitch_spectral_p170,phone_F1.wav,0.925,246.8292400107358,True
amdf_pitch_spectral_p170,phone_F1.wav,0.935,242.98172452245996,True
amdf_pitch_spectral_p170,phone_F1.wav,0.945,241.16288381936178,True
amdf_pitch_spectral_p170,phone_F1.wav,0.955,239.95917182152326,True
amdf_pitch_spectral_p170,phone_F1.wav,0.965,237.9366088395598,True
amdf_pitch_spectral_p170,phone_F1.wav,0.975,232.21332350792326,True
amdf_pitch_spectral_p170,phone_F1.wav,0.985,205.845786536123,True
amdf_pitch_spectral_p170,phone_F1.wav,0.995,232.89086007909202,True
amdf_pitch_spectral_p170,phone_F1.wav,1.005,234.16078525049207,True
amdf_pitch_spectral_p170,phone_F1.wav,1.015,234.70949271571115,True
amdf_pitch_spectral_p170,phone_F1.wav,1.025,232.70731134360477,True
amdf_pitch_spectral_p170,phone_F1.wav,1.035,226.38443325728232,True
amdf_pitch_spectral_p170,phone_F1.wav,1.045,226.07004323531922,True
amdf_pitch_spectral_p170,phone_F1.wav,1.055,226.62033641326732,True
amdf_pitch_spectral_p170,phone_F1.wav,1.065,228.1805566085948,True
amdf_pitch_spectral_p170,phone_F1.wav,1.075,236.2853236463497,True
amdf_pitch_spectral_p170,phone_F1.wav,1.085,240.08052285875667,True
amdf_pitch_spectral_p170,phone_F1.wav,1.095,243.6257552084529,True
amdf_pitch_spectral_p170,phone_F1.wav,1.105,245.50362606275513,True
amdf_pitch_spectral_p170,phone_F1.wav,1.115,245.27555472828047,True
amdf_pitch_spectral_p170,phone_F1.wav,1.125,244.6002327765804,True
amdf_pitch_spectral_p170,phone_F1.wav,1.135,242.33406952377229,True
amdf_pitch_spectral_p170,phone_F1.wav,1.145,0.0,False
amdf_pitch_spectral_p170,phone_F1.wav,1.155,0.0,False
amdf_pitch_spectral_p170,phone_F1.wav,1.165,0.0,False
amdf_pitch_spectral_p170,phone_F1.wav,1.175,0.0,False
amdf_pitch_spectral_p170,phone_F1.wav,1.185,0.0,False
amdf_pitch_spectral_p170,phone_F1.wav,1.195,0.0,False
amdf_pitch_spectral_p170,phone_F1.wav,1.205,0.0,False
amdf_pitch_spectral_p170,phone_F1.wav,1.215,207.0692283823941,True
amdf_pitch_spectral_p170,phone_F1.wav,1.225,191.97179323022536,True
amdf_pitch_spectral_p170,phone_F1.wav,1.235,187.951391003781,True
amdf_pitch_spectral_p170,phone_F1.wav,1.245,186.08885088848098,True
amdf_pitch_spectral_p170,phone_F1.wav,1.255,183.60344700086432,True
amdf_pitch_spectral_p170,phone_F1.wav,1.265,181.48641896880545,True
amdf_pitch_spectral_p170,phone_F1.wav,1.275,180.03821736100377,True
amdf_pitch_spectral_p170,phone_F1.wav,1.285,182.87633643936059,True
amdf_pitch_spectral_p170,phone_F1.wav,1.295,182.3351497241474,True
amdf_pitch_spectral_p170,phone_F1.wav,1.305,181.8433256408566,True
amdf_pitch_spectral_p170,phone_F1.wav,1.315,181.62171013276856,True
amdf_pitch_spectral_p170,phone_F1.wav,1.325,180.83509968038052,True
amdf_pitch_spectral_p170,phone_F1.wav,1.335,180.23556957867638,True
amdf_pitch_spectral_p170,phone_F1.wav,1.345,179.85217342585645,True
amdf_pitch_spectral_p170,phone_F1.wav,1.355,0.0,False
amdf_pitch_spectral_p170,phone_F1.wav,1.365,0.0,False
amdf_pitch_spectral_p170,phone_F1.wav,1.375,0.0,False
amdf_pitch_spectral_p170,phone_F1.wav,1.385,0.0,False
amdf_pitch_spectral_p170,phone_F1.wav,1.395,0.0,False
amdf_pitch_spectral_p170,phone_F1.wav,1.405,0.0,False
amdf_pitch_spectral_p170,phone_F1.wav,1.415,0.0,False
amdf_pitch_spectral_p170,phone_F1.wav,1.425,0.0,False
amdf_pitch_spectral_p170,phone_F1.wav,1.435,0.0,False
amdf_pitch_spectral_p170,phone_F1.wav,1.445,0.0,False
amdf_pitch_spectral_p170,phone_F1.wav,1.455,218.46944793880544,True
amdf_pitch_spectral_p170,phone_F1.wav,1.465,208.2158751852807,True
amdf_pitch_spectral_p170,phone_F1.wav,1.475,204.01119457051595,True
amdf_pitch_spectral_p170,phone_F1.wav,1.485,200.73209543480667,True
amdf_pitch_spectral_p170,phone_F1.wav,1.495,198.46528031702226,True
amdf_pitch_spectral_p170,phone_F1.wav,1.505,196.44427099969334,True
amdf_pitch_spectral_p170,phone_F1.wav,1.515,195.021092902487,True
amdf_pitch_spectral_p170,phone_F1.wav,1.525,193.7154065886495,True
amdf_pitch_spectral_p170,phone_F1.wav,1.535,192.48010946229974,True
amdf_pitch_spectral_p170,phone_F1.wav,1.545,190.9890491708363,True
amdf_pitch_spectral_p170,phone_F1.wav,1.555,189.39893767343054,True
amdf_pitch_spectral_p170,phone_F1.wav,1.565,187.9974899206744,True
amdf_pitch_spectral_p170,phone_F1.wav,1.575,187.1011075453967,True
amdf_pitch_spectral_p170,phone_F1.wav,1.585,186.21894280849608,True
amdf_pitch_spectral_p170,phone_F1.wav,1.595,242.94006543595967,True
amdf_pitch_spectral_p170,phone_F1.wav,1.605,235.40501108968257,True
amdf_pitch_spectral_p170,phone_F1.wav,1.615,235.63628994362972,True
amdf_pitch_spectral_p170,phone_F1.wav,1.625,0.0,False
amdf_pitch_spectral_p170,phone_F1.wav,1.635,0.0,False
amdf_pitch_spectral_p170,phone_F1.wav,1.645,0.0,False
amdf_pitch_spectral_p170,phone_F1.wav,1.655,0.0,False
amdf_pitch_spectral_p170,phone_F1.wav,1.665,0.0,False
amdf_pitch_spectral_p170,phone_F1.wav,1.675,0.0,False
amdf_pitch_spectral_p170,phone_F1.wav,1.685,0.0,False
amdf_pitch_spectral_p170,phone_F1.wav,1.695,0.0,False
amdf_pitch_spectral_p170,phone_F1.wav,1.705,0.0,False
amdf_pitch_spectral_p170,phone_F1.wav,1.715,0.0,False
amdf_pitch_spectral_p170,phone_F1.wav,1.725,0.0,False
amdf_pitch_spectral_p170,phone_F1.wav,1.735,0.0,False
amdf_pitch_spectral_p170,phone_F1.wav,1.745,0.0,False
amdf_pitch_spectral_p170,phone_F1.wav,1.755,0.0,False
amdf_pitch_spectral_p170,phone_F1.wav,1.765,0.0,False
amdf_pitch_spectral_p170,phone_F1.wav,1.775,0.0,False
amdf_pitch_spectral_p170,phone_F1.wav,1.785,0.0,False
amdf_pitch_spectral_p170,phone_F1.wav,1.795,0.0,False
amdf_pitch_spectral_p170,phone_F1.wav,1.805,0.0,False
amdf_pitch_spectral_p170,phone_F1.wav,1.815,0.0,False
amdf_pitch_spectral_p170,phone_F1.wav,1.825,0.0,False
amdf_pitch_spectral_p170,phone_F1.wav,1.835,225.62049327141344,True
amdf_pitch_spectral_p170,phone_F1.wav,1.845,224.47460592859062,True
amdf_pitch_spectral_p170,phone_F1.wav,1.855,0.0,False
amdf_pitch_spectral_p170,phone_F1.wav,1.865,0.0,False
amdf_pitch_spectral_p170,phone_F1.wav,1.875,0.0,False
amdf_pitch_spectral_p170,phone_F1.wav,1.885,0.0,False
amdf_pitch_spectral_p170,phone_F1.wav,1.895,0.0,False
amdf_pitch_spectral_p170,phone_F1.wav,1.905,0.0,False
amdf_pitch_spectral_p170,phone_F1.wav,1.915,220.75706763998318,True
amdf_pitch_spectral_p170,phone_F1.wav,1.925,226.81115938882192,True
amdf_pitch_spectral_p170,phone_F1.wav,1.935,226.35939904539137,True
amdf_pitch_spectral_p170,phone_F1.wav,1.945,225.1919613856994,True
amdf_pitch_spectral_p170,phone_F1.wav,1.955,223.6612376294618,True
amdf_pitch_spectral_p170,phone_F1.wav,1.965,222.6718366357934,True
amdf_pitch_spectral_p170,phone_F1.wav,1.975,221.89312657105694,True
amdf_pitch_spectral_p170,phone_F1.wav,1.985,219.82164994846238,True
amdf_pitch_spectral_p170,phone_F1.wav,1.995,218.33810915110442,True
amdf_pitch_spectral_p170,phone_F1.wav,2.005,216.07436194572549,True
amdf_pitch_spectral_p170,phone_F1.wav,2.015,212.96231430995252,True
amdf_pitch_spectral_p170,phone_F1.wav,2.025,210.70048969711175,True
amdf_pitch_spectral_p170,phone_F1.wav,2.035,209.88021222985486,True
amdf_pitch_spectral_p170,phone_F1.wav,2.045,192.64248755874652,True
amdf_pitch_spectral_p170,phone_F1.wav,2.055,190.45265351035468,True
amdf_pitch_spectral_p170,phone_F1.wav,2.065,189.63647936982693,True
amdf_pitch_spectral_p170,phone_F1.wav,2.075,204.45547553827413,True
amdf_pitch_spectral_p170,phone_F1.wav,2.085,205.43715720402895,True
amdf_pitch_spectral_p170,phone_F1.wav,2.095,202.96669615278105,True
amdf_pitch_spectral_p170,phone_F1.wav,2.105,201.09332461833176,True
amdf_pitch_spectral_p170,phone_F1.wav,2.115,200.0701266011689,True
amdf_pitch_spectral_p170,phone_F1.wav,2.125,198.62852873642268,True
amdf_pitch_spectral_p170,phone_F1.wav,2.135,197.21570630004348,True
amdf_pitch_spectral_p170,phone_F1.wav,2.145,195.93911665701046,True
amdf_pitch_spectral_p170,phone_F1.wav,2.155,195.14814235588815,True
amdf_pitch_spectral_p170,phone_F1.wav,2.165,193.88872954533085,True
amdf_pitch_spectral_p170,phone_F1.wav,2.175,193.0159681800306,True
amdf_pitch_spectral_p170,phone_F1.wav,2.185,192.14673582485327,True
amdf_pitch_spectral_p170,phone_F1.wav,2.195,190.26609577895346,True
amdf_pitch_spectral_p170,phone_F1.wav,2.205,0.0,False
amdf_pitch_spectral_p170,phone_F1.wav,2.215,0.0,False
amdf_pitch_spectral_p170,phone_F1.wav,2.225,0.0,False
amdf_pitch_spectral_p170,phone_F1.wav,2.235,0.0,False
amdf_pitch_spectral_p170,phone_F1.wav,2.245,0.0,False
amdf_pitch_spectral_p170,phone_F1.wav,2.255,0.0,False
amdf_pitch_spectral_p170,phone_F1.wav,2.265,0.0,False
amdf_pitch_spectral_p170,phone_F1.wav,2.275,0.0,False
amdf_pitch_spectral_p170,phone_F1.wav,2.285,233.06797257096088,True
amdf_pitch_spectral_p170,phone_F1.wav,2.295,234.26124798560107,True
amdf_pitch_spectral_p170,phone_F1.wav,2.305,235.37420673123071,True
amdf_pitch_spectral_p170,phone_F1.wav,2.315,237.20730477283053,True
amdf_pitch_spectral_p170,phone_F1.wav,2.325,240.28357077130786,True
amdf_pitch_spectral_p170,phone_F1.wav,2.335,241.87841380438286,True
amdf_pitch_spectral_p170,phone_F1.wav,2.345,0.0,False
amdf_pitch_spectral_p170,phone_F1.wav,2.355,0.0,False
amdf_pitch_spectral_p170,phone_F1.wav,2.365,0.0,False
amdf_pitch_spectral_p170,phone_F1.wav,2.375,0.0,False
amdf_pitch_spectral_p170,phone_F1.wav,2.385,0.0,False
amdf_pitch_spectral_p170,phone_F1.wav,2.395,0.0,False
amdf_pitch_spectral_p170,phone_F1.wav,2.405,246.63914332994514,True
amdf_pitch_spectral_p170,phone_F1.wav,2.415,239.7413365264993,True
amdf_pitch_spectral_p170,phone_F1.wav,2.425,235.36529037442506,True
amdf_pitch_spectral_p170,phone_F1.wav,2.435,218.02686772478873,True
amdf_pitch_spectral_p170,phone_F1.wav,2.445,203.1265372670617,True
amdf_pitch_spectral_p170,phone_F1.wav,2.455,192.36891091726258,True
amdf_pitch_spectral_p170,phone_F1.wav,2.465,217.373560393574,True
amdf_pitch_spectral_p170,phone_F1.wav,2.475,191.54770254314684,True
amdf_pitch_spectral_p170,phone_F1.wav,2.485,192.16349339361497,True
amdf_pitch_spectral_p170,phone_F1.wav,2.495,191.99729084133622,True
amdf_pitch_spectral_p170,phone_F1.wav,2.505,211.06278024694768,True
amdf_pitch_spectral_p170,phone_F1.wav,2.515,0.0,False
amdf_pitch_spectral_p170,phone_F1.wav,2.525,0.0,False
amdf_pitch_spectral_p170,phone_F1.wav,2.535,0.0,False
amdf_pitch_spectral_p170,phone_F1.wav,2.545,0.0,False
amdf_pitch_spectral_p170,phone_F1.wav,2.555,0.0,False
amdf_pitch_spectral_p170,phone_F1.wav,2.565,0.0,False
amdf_pitch_spectral_p170,phone_F1.wav,2.575,0.0,False
amdf_pitch_spectral_p170,phone_F1.wav,2.585,0.0,False
amdf_pitch_spectral_p170,phone_F1.wav,2.595,0.0,False
amdf_pitch_spectral_p170,phone_F1.wav,2.605,0.0,False
amdf_pitch_spectral_p170,phone_F1.wav,2.615,0.0,False
amdf_pitch_spectral_p170,phone_F1.wav,2.625,0.0,False
amdf_pitch_spectral_p170,phone_F1.wav,2.635,0.0,False
amdf_pitch_spectral_p170,phone_F1.wav,2.645,0.0,False
amdf_pitch_spectral_p170,phone_F1.wav,2.655,0.0,False
amdf_pitch_spectral_p170,phone_F1.wav,2.665,204.232746442535,True
amdf_pitch_spectral_p170,phone_F1.wav,2.675,200.72857451911602,True
amdf_pitch_spectral_p170,phone_F1.wav,2.685,197.75730585789083,True
amdf_pitch_spectral_p170,phone_F1.wav,2.695,195.22989021854912,True
amdf_pitch_spectral_p170,phone_F1.wav,2.705,193.04520148118934,True
amdf_pitch_spectral_p170,phone_F1.wav,2.715,190.9115881294589,True
amdf_pitch_spectral_p170,phone_F1.wav,2.725,188.57701006389223,True
amdf_pitch_spectral_p170,phone_F1.wav,2.735,184.9028336011655,True
amdf_pitch_spectral_p170,phone_F1.wav,2.745,0.0,False
amdf_pitch_spectral_p170,phone_F1.wav,2.755,0.0,False
amdf_pitch_spectral_p170,phone_F1.wav,2.765,0.0,False
amdf_pitch_spectral_p170,phone_F1.wav,2.775,0.0,False
amdf_pitch_spectral_p170,phone_F1.wav,2.785,0.0,False
amdf_pitch_spectral_p170,phone_F1.wav,2.795,0.0,False
amdf_pitch_spectral_p170,phone_F1.wav,2.805,0.0,False
amdf_pitch_spectral_p170,phone_F1.wav,2.815,0.0,False
amdf_pitch_spectral_p170,phone_F1.wav,2.825,0.0,False
amdf_pitch_spectral_p170,phone_F1.wav,2.835,0.0,False
amdf_pitch_spectral_p170,phone_F1.wav,2.845,0.0,False
amdf_pitch_spectral_p170,phone_F1.wav,2.855,0.0,False
amdf_pitch_spectral_p170,phone_F1.wav,2.865,0.0,False
amdf_pitch_spectral_p170,phone_F1.wav,2.875,0.0,False
amdf_pitch_spectral_p170,phone_F1.wav,2.885,0.0,False
amdf_pitch_spectral_p170,phone_F1.wav,2.895,0.0,False
amdf_pitch_spectral_p170,phone_F1.wav,2.905,0.0,False
amdf_pitch_spectral_p170,phone_F1.wav,2.915,0.0,False
amdf_pitch_spectral_p170,phone_F1.wav,2.925,0.0,False
amdf_pitch_spectral_p170,phone_F1.wav,2.935,0.0,False
amdf_pitch_spectral_p170,phone_F1.wav,2.945,0.0,False
amdf_pitch_spectral_p170,phone_F1.wav,2.955,0.0,False
amdf_pitch_spectral_p170,phone_F1.wav,2.965,0.0,False
amdf_pitch_spectral_p170,phone_F1.wav,2.975,0.0,False
amdf_pitch_spectral_p170,phone_F1.wav,2.985,0.0,False
amdf_pitch_spectral_p170,phone_F1.wav,2.995,0.0,False
amdf_pitch_spectral_p170,phone_F1.wav,3.005,0.0,False
amdf_pitch_spectral_p170,phone_F1.wav,3.015,0.0,False
amdf_pitch_spectral_p170,phone_F1.wav,3.025,0.0,False
amdf_pitch_spectral_p170,phone_F1.wav,3.035,0.0,False
amdf_pitch_spectral_p170,phone_F1.wav,3.045,0.0,False
amdf_pitch_spectral_p170,phone_F1.wav,3.055,0.0,False
amdf_pitch_spectral_p170,phone_F1.wav,3.065,0.0,False
amdf_pitch_spectral_p170,phone_F1.wav,3.075,0.0,False
amdf_pitch_spectral_p170,phone_F1.wav,3.085,0.0,False
amdf_pitch_spectral_p170,phone_F1.wav,3.095,0.0,False
amdf_pitch_spectral_p170,phone_F1.wav,3.105,0.0,False
amdf_pitch_spectral_p170,phone_F1.wav,3.115,0.0,False
amdf_pitch_spectral_p170,phone_F1.wav,3.125,0.0,False
amdf_pitch_spectral_p170,phone_F1.wav,3.135,0.0,False
amdf_pitch_spectral_p170,phone_F1.wav,3.145,0.0,False
amdf_pitch_spectral_p170,phone_F1.wav,3.155,0.0,False
amdf_pitch_spectral_p170,phone_F1.wav,3.165,0.0,False
amdf_pitch_spectral_p170,phone_F1.wav,3.175,0.0,False
amdf_pitch_spectral_p170,phone_F1.wav,3.185,0.0,False
amdf_pitch_spectral_p170,phone_F1.wav,3.195,0.0,False
amdf_pitch_spectral_p170,phone_F1.wav,3.205,0.0,False
amdf_pitch_spectral_p170,phone_F1.wav,3.215,0.0,False
amdf_pitch_spectral_p200,phone_F1.wav,0.025,0.0,False
amdf_pitch_spectral_p200,phone_F1.wav,0.035,0.0,False
amdf_pitch_spectral_p200,phone_F1.wav,0.045,0.0,False
amdf_pitch_spectral_p200,phone_F1.wav,0.055,0.0,False
amdf_pitch_spectral_p200,phone_F1.wav,0.065,0.0,False
amdf_pitch_spectral_p200,phone_F1.wav,0.075,0.0,False
amdf_pitch_spectral_p200,phone_F1.wav,0.085,0.0,False
amdf_pitch_spectral_p200,phone_F1.wav,0.095,0.0,False
amdf_pitch_spectral_p200,phone_F1.wav,0.105,0.0,False
amdf_pitch_spectral_p200,phone_F1.wav,0.115,0.0,False
amdf_pitch_spectral_p200,phone_F1.wav,0.125,0.0,False
amdf_pitch_spectral_p200,phone_F1.wav,0.135,0.0,False
amdf_pitch_spectral_p200,phone_F1.wav,0.145,0.0,False
amdf_pitch_spectral_p200,phone_F1.wav,0.155,0.0,False
amdf_pitch_spectral_p200,phone_F1.wav,0.165,0.0,False
amdf_pitch_spectral_p200,phone_F1.wav,0.175,0.0,False
amdf_pitch_spectral_p200,phone_F1.wav,0.185,0.0,False
amdf_pitch_spectral_p200,phone_F1.wav,0.195,0.0,False
amdf_pitch_spectral_p200,phone_F1.wav,0.205,0.0,False
amdf_pitch_spectral_p200,phone_F1.wav,0.215,0.0,False
amdf_pitch_spectral_p200,phone_F1.wav,0.225,0.0,False
amdf_pitch_spectral_p200,phone_F1.wav,0.235,0.0,False
amdf_pitch_spectral_p200,phone_F1.wav,0.245,0.0,False
amdf_pitch_spectral_p200,phone_F1.wav,0.255,0.0,False
amdf_pitch_spectral_p200,phone_F1.wav,0.265,0.0,False
amdf_pitch_spectral_p200,phone_F1.wav,0.275,0.0,False
amdf_pitch_spectral_p200,phone_F1.wav,0.285,0.0,False
amdf_pitch_spectral_p200,phone_F1.wav,0.295,0.0,False
amdf_pitch_spectral_p200,phone_F1.wav,0.305,0.0,False
amdf_pitch_spectral_p200,phone_F1.wav,0.315,0.0,False
amdf_pitch_spectral_p200,phone_F1.wav,0.325,0.0,False
amdf_pitch_spectral_p200,phone_F1.wav,0.335,0.0,False
amdf_pitch_spectral_p200,phone_F1.wav,0.345,0.0,False
amdf_pitch_spectral_p200,phone_F1.wav,0.355,0.0,False
amdf_pitch_spectral_p200,phone_F1.wav,0.365,0.0,False
amdf_pitch_spectral_p200,phone_F1.wav,0.375,0.0,False
amdf_pitch_spectral_p200,phone_F1.wav,0.385,0.0,False
amdf_pitch_spectral_p200,phone_F1.wav,0.395,0.0,False
amdf_pitch_spectral_p200,phone_F1.wav,0.405,0.0,False
amdf_pitch_spectral_p200,phone_F1.wav,0.415,0.0,False
amdf_pitch_spectral_p200,phone_F1.wav,0.425,0.0,False
amdf_pitch_spectral_p200,phone_F1.wav,0.435,0.0,False
amdf_pitch_spectral_p200,phone_F1.wav,0.445,0.0,False
amdf_pitch_spectral_p200,phone_F1.wav,0.455,0.0,False
amdf_pitch_spectral_p200,phone_F1.wav,0.465,0.0,False
amdf_pitch_spectral_p200,phone_F1.wav,0.475,0.0,False
amdf_pitch_spectral_p200,phone_F1.wav,0.485,0.0,False
amdf_pitch_spectral_p200,phone_F1.wav,0.495,0.0,False
amdf_pitch_spectral_p200,phone_F1.wav,0.505,0.0,False
amdf_pitch_spectral_p200,phone_F1.wav,0.515,0.0,False
amdf_pitch_spectral_p200,phone_F1.wav,0.525,0.0,False
amdf_pitch_spectral_p200,phone_F1.wav,0.535,0.0,False
amdf_pitch_spectral_p200,phone_F1.wav,0.545,225.76925166696077,True
amdf_pitch_spectral_p200,phone_F1.wav,0.555,219.78138562997873,True
amdf_pitch_spectral_p200,phone_F1.wav,0.565,218.90510794682638,True
amdf_pitch_spectral_p200,phone_F1.wav,0.575,218.8938312729966,True
amdf_pitch_spectral_p200,phone_F1.wav,0.585,218.10200701567044,True
amdf_pitch_spectral_p200,phone_F1.wav,0.595,218.81768787226898,True
amdf_pitch_spectral_p200,phone_F1.wav,0.605,219.05474651386038,True
amdf_pitch_spectral_p200,phone_F1.wav,0.615,221.52003189709677,True
amdf_pitch_spectral_p200,phone_F1.wav,0.625,224.67751773269822,True
amdf_pitch_spectral_p200,phone_F1.wav,0.635,228.60433852407942,True
amdf_pitch_spectral_p200,phone_F1.wav,0.645,232.2175152337647,True
amdf_pitch_spectral_p200,phone_F1.wav,0.655,231.26990565824437,True
amdf_pitch_spectral_p200,phone_F1.wav,0.665,229.8720846583009,True
amdf_pitch_spectral_p200,phone_F1.wav,0.675,227.83682994075141,True
amdf_pitch_spectral_p200,phone_F1.wav,0.685,228.43372365224633,True
amdf_pitch_spectral_p200,phone_F1.wav,0.695,229.26103315480415,True
amdf_pitch_spectral_p200,phone_F1.wav,0.705,230.3308952311697,True
amdf_pitch_spectral_p200,phone_F1.wav,0.715,231.35574144175186,True
amdf_pitch_spectral_p200,phone_F1.wav,0.725,232.20854612647383,True
amdf_pitch_spectral_p200,phone_F1.wav,0.735,232.23136949376124,True
amdf_pitch_spectral_p200,phone_F1.wav,0.745,233.02926465497202,True
amdf_pitch_spectral_p200,phone_F1.wav,0.755,232.45569759636297,True
amdf_pitch_spectral_p200,phone_F1.wav,0.765,232.17979624993683,True
amdf_pitch_spectral_p200,phone_F1.wav,0.775,230.0663077122208,True
amdf_pitch_spectral_p200,phone_F1.wav,0.785,226.29972825080839,True
amdf_pitch_spectral_p200,phone_F1.wav,0.795,221.8183311260453,True
amdf_pitch_spectral_p200,phone_F1.wav,0.805,219.14179181456484,True
amdf_pitch_spectral_p200,phone_F1.wav,0.815,234.26912646883255,True
amdf_pitch_spectral_p200,phone_F1.wav,0.825,234.85219100888276,True
amdf_pitch_spectral_p200,phone_F1.wav,0.835,235.08618017303658,True
amdf_pitch_spectral_p200,phone_F1.wav,0.845,237.36524922612253,True
amdf_pitch_spectral_p200,phone_F1.wav,0.855,239.28761701636975,True
amdf_pitch_spectral_p200,phone_F1.wav,0.865,240.91252078142247,True
amdf_pitch_spectral_p200,phone_F1.wav,0.875,242.4515134082506,True
amdf_pitch_spectral_p200,phone_F1.wav,0.885,245.8471303503279,True
amdf_pitch_spectral_p200,phone_F1.wav,0.895,248.99066590918952,True
amdf_pitch_spectral_p200,phone_F1.wav,0.905,249.52378716086042,True
amdf_pitch_spectral_p200,phone_F1.wav,0.915,248.7750445511764,True
amdf_pitch_spectral_p200,phone_F1.wav,0.925,246.8292400107358,True
amdf_pitch_spectral_p200,phone_F1.wav,0.935,242.98172452245996,True
amdf_pitch_spectral_p200,phone_F1.wav,0.945,241.16288381936178,True
amdf_pitch_spectral_p200,phone_F1.wav,0.955,239.95917182152326,True
amdf_pitch_spectral_p200,phone_F1.wav,0.965,237.9366088395598,True
amdf_pitch_spectral_p200,phone_F1.wav,0.975,232.21332350792326,True
amdf_pitch_spectral_p200,phone_F1.wav,0.985,205.845786536123,True
amdf_pitch_spectral_p200,phone_F1.wav,0.995,232.89086007909202,True
amdf_pitch_spectral_p200,phone_F1.wav,1.005,234.16078525049207,True
amdf_pitch_spectral_p200,phone_F1.wav,1.015,234.70949271571115,True
amdf_pitch_spectral_p200,phone_F1.wav,1.025,232.70731134360477,True
amdf_pitch_spectral_p200,phone_F1.wav,1.035,226.38443325728232,True
amdf_pitch_spectral_p200,phone_F1.wav,1.045,226.07004323531922,True
amdf_pitch_spectral_p200,phone_F1.wav,1.055,226.62033641326732,True
amdf_pitch_spectral_p200,phone_F1.wav,1.065,228.1805566085948,True
amdf_pitch_spectral_p200,phone_F1.wav,1.075,236.2853236463497,True
amdf_pitch_spectral_p200,phone_F1.wav,1.085,240.08052285875667,True
amdf_pitch_spectral_p200,phone_F1.wav,1.095,243.6257552084529,True
amdf_pitch_spectral_p200,phone_F1.wav,1.105,245.50362606275513,True
amdf_pitch_spectral_p200,phone_F1.wav,1.115,245.27555472828047,True
amdf_pitch_spectral_p200,phone_F1.wav,1.125,244.6002327765804,True
amdf_pitch_spectral_p200,phone_F1.wav,1.135,242.33406952377229,True
amdf_pitch_spectral_p200,phone_F1.wav,1.145,0.0,False
amdf_pitch_spectral_p200,phone_F1.wav,1.155,0.0,False
amdf_pitch_spectral_p200,phone_F1.wav,1.165,0.0,False
amdf_pitch_spectral_p200,phone_F1.wav,1.175,0.0,False
amdf_pitch_spectral_p200,phone_F1.wav,1.185,0.0,False
amdf_pitch_spectral_p200,phone_F1.wav,1.195,0.0,False
amdf_pitch_spectral_p200,phone_F1.wav,1.205,0.0,False
amdf_pitch_spectral_p200,phone_F1.wav,1.215,207.0692283823941,True
amdf_pitch_spectral_p200,phone_F1.wav,1.225,191.97179323022536,True
amdf_pitch_spectral_p200,phone_F1.wav,1.235,190.6358913453365,True
amdf_pitch_spectral_p200,phone_F1.wav,1.245,185.97101053583782,True
amdf_pitch_spectral_p200,phone_F1.wav,1.255,183.79111223832373,True
amdf_pitch_spectral_p200,phone_F1.wav,1.265,179.3241800452577,True
amdf_pitch_spectral_p200,phone_F1.wav,1.275,180.03821736100377,True
amdf_pitch_spectral_p200,phone_F1.wav,1.285,182.87633643936059,True
amdf_pitch_spectral_p200,phone_F1.wav,1.295,182.3351497241474,True
amdf_pitch_spectral_p200,phone_F1.wav,1.305,183.36625715092865,True
amdf_pitch_spectral_p200,phone_F1.wav,1.315,181.62506082181147,True
amdf_pitch_spectral_p200,phone_F1.wav,1.325,181.0468504753197,True
amdf_pitch_spectral_p200,phone_F1.wav,1.335,180.26111214958257,True
amdf_pitch_spectral_p200,phone_F1.wav,1.345,170.24718564979403,True
amdf_pitch_spectral_p200,phone_F1.wav,1.355,0.0,False
amdf_pitch_spectral_p200,phone_F1.wav,1.365,0.0,False
amdf_pitch_spectral_p200,phone_F1.wav,1.375,0.0,False
amdf_pitch_spectral_p200,phone_F1.wav,1.385,0.0,False
amdf_pitch_spectral_p200,phone_F1.wav,1.395,0.0,False
amdf_pitch_spectral_p200,phone_F1.wav,1.405,0.0,False
amdf_pitch_spectral_p200,phone_F1.wav,1.415,0.0,False
amdf_pitch_spectral_p200,phone_F1.wav,1.425,0.0,False
amdf_pitch_spectral_p200,phone_F1.wav,1.435,0.0,False
amdf_pitch_spectral_p200,phone_F1.wav,1.445,0.0,False
amdf_pitch_spectral_p200,phone_F1.wav,1.455,218.46944793880544,True
amdf_pitch_spectral_p200,phone_F1.wav,1.465,208.2158751852807,True
amdf_pitch_spectral_p200,phone_F1.wav,1.475,204.01119457051595,True
amdf_pitch_spectral_p200,phone_F1.wav,1.485,200.73209543480667,True
amdf_pitch_spectral_p200,phone_F1.wav,1.495,198.4706208115498,True
amdf_pitch_spectral_p200,phone_F1.wav,1.505,196.37220107451927,True
amdf_pitch_spectral_p200,phone_F1.wav,1.515,194.99588993974942,True
amdf_pitch_spectral_p200,phone_F1.wav,1.525,193.50088703271618,True
amdf_pitch_spectral_p200,phone_F1.wav,1.535,192.36367166399697,True
amdf_pitch_spectral_p200,phone_F1.wav,1.545,190.76365652952,True
amdf_pitch_spectral_p200,phone_F1.wav,1.555,189.20208150209075,True
amdf_pitch_spectral_p200,phone_F1.wav,1.565,187.25349226424458,True
amdf_pitch_spectral_p200,phone_F1.wav,1.575,186.35748698554514,True
amdf_pitch_spectral_p200,phone_F1.wav,1.585,187.76572471730785,True
amdf_pitch_spectral_p200,phone_F1.wav,1.595,242.94006543595967,True
amdf_pitch_spectral_p200,phone_F1.wav,1.605,235.40501108968257,True
amdf_pitch_spectral_p200,phone_F1.wav,1.615,235.63628994362972,True
amdf_pitch_spectral_p200,phone_F1.wav,1.625,0.0,False
amdf_pitch_spectral_p200,phone_F1.wav,1.635,0.0,False
amdf_pitch_spectral_p200,phone_F1.wav,1.645,0.0,False
amdf_pitch_spectral_p200,phone_F1.wav,1.655,0.0,False
amdf_pitch_spectral_p200,phone_F1.wav,1.665,0.0,False
amdf_pitch_spectral_p200,phone_F1.wav,1.675,0.0,False
amdf_pitch_spectral_p200,phone_F1.wav,1.685,0.0,False
amdf_pitch_spectral_p200,phone_F1.wav,1.695,0.0,False
amdf_pitch_spectral_p200,phone_F1.wav,1.705,0.0,False
amdf_pitch_spectral_p200,phone_F1.wav,1.715,0.0,False
amdf_pitch_spectral_p200,phone_F1.wav,1.725,0.0,False
amdf_pitch_spectral_p200,phone_F1.wav,1.735,0.0,False
amdf_pitch_spectral_p200,phone_F1.wav,1.745,0.0,False
amdf_pitch_spectral_p200,phone_F1.wav,1.755,0.0,False
amdf_pitch_spectral_p200,phone_F1.wav,1.765,0.0,False
amdf_pitch_spectral_p200,phone_F1.wav,1.775,0.0,False
amdf_pitch_spectral_p200,phone_F1.wav,1.785,0.0,False
amdf_pitch_spectral_p200,phone_F1.wav,1.795,0.0,False
amdf_pitch_spectral_p200,phone_F1.wav,1.805,0.0,False
amdf_pitch_spectral_p200,phone_F1.wav,1.815,0.0,False
amdf_pitch_spectral_p200,phone_F1.wav,1.825,0.0,False
amdf_pitch_spectral_p200,phone_F1.wav,1.835,225.62049327141344,True
amdf_pitch_spectral_p200,phone_F1.wav,1.845,224.47460592859062,True
amdf_pitch_spectral_p200,phone_F1.wav,1.855,0.0,False
amdf_pitch_spectral_p200,phone_F1.wav,1.865,0.0,False
amdf_pitch_spectral_p200,phone_F1.wav,1.875,0.0,False
amdf_pitch_spectral_p200,phone_F1.wav,1.885,0.0,False
amdf_pitch_spectral_p200,phone_F1.wav,1.895,0.0,False
amdf_pitch_spectral_p200,phone_F1.wav,1.905,0.0,False
amdf_pitch_spectral_p200,phone_F1.wav,1.915,220.75706763998318,True
amdf_pitch_spectral_p200,phone_F1.wav,1.925,226.81115938882192,True
amdf_pitch_spectral_p200,phone_F1.wav,1.935,226.35939904539137,True
amdf_pitch_spectral_p200,phone_F1.wav,1.945,225.1919613856994,True
amdf_pitch_spectral_p200,phone_F1.wav,1.955,223.6612376294618,True
amdf_pitch_spectral_p200,phone_F1.wav,1.965,222.6718366357934,True
amdf_pitch_spectral_p200,phone_F1.wav,1.975,221.89312657105694,True
amdf_pitch_spectral_p200,phone_F1.wav,1.985,219.82164994846238,True
amdf_pitch_spectral_p200,phone_F1.wav,1.995,218.33810915110442,True
amdf_pitch_spectral_p200,phone_F1.wav,2.005,216.07436194572549,True
amdf_pitch_spectral_p200,phone_F1.wav,2.015,212.96231430995252,True
amdf_pitch_spectral_p200,phone_F1.wav,2.025,210.70048969711175,True
amdf_pitch_spectral_p200,phone_F1.wav,2.035,209.88021222985486,True
amdf_pitch_spectral_p200,phone_F1.wav,2.045,190.4302191835745,True
amdf_pitch_spectral_p200,phone_F1.wav,2.055,189.507528478077,True
amdf_pitch_spectral_p200,phone_F1.wav,2.065,188.54949355102025,True
amdf_pitch_spectral_p200,phone_F1.wav,2.075,190.73287109206402,True
amdf_pitch_spectral_p200,phone_F1.wav,2.085,205.43715720402895,True
amdf_pitch_spectral_p200,phone_F1.wav,2.095,202.96669615278105,True
amdf_pitch_spectral_p200,phone_F1.wav,2.105,201.09332461833176,True
amdf_pitch_spectral_p200,phone_F1.wav,2.115,200.0701266011689,True
amdf_pitch_spectral_p200,phone_F1.wav,2.125,198.51482168370535,True
amdf_pitch_spectral_p200,phone_F1.wav,2.135,197.0655970066458,True
amdf_pitch_spectral_p200,phone_F1.wav,2.145,195.95663095600443,True
amdf_pitch_spectral_p200,phone_F1.wav,2.155,194.98009495291763,True
amdf_pitch_spectral_p200,phone_F1.wav,2.165,193.902787048504,True
amdf_pitch_spectral_p200,phone_F1.wav,2.175,192.6939694740242,True
amdf_pitch_spectral_p200,phone_F1.wav,2.185,190.58807515867562,True
amdf_pitch_spectral_p200,phone_F1.wav,2.195,189.94504213247015,True
amdf_pitch_spectral_p200,phone_F1.wav,2.205,0.0,False
amdf_pitch_spectral_p200,phone_F1.wav,2.215,0.0,False
amdf_pitch_spectral_p200,phone_F1.wav,2.225,0.0,False
amdf_pitch_spectral_p200,phone_F1.wav,2.235,0.0,False
amdf_pitch_spectral_p200,phone_F1.wav,2.245,0.0,False
amdf_pitch_spectral_p200,phone_F1.wav,2.255,0.0,False
amdf_pitch_spectral_p200,phone_F1.wav,2.265,0.0,False
amdf_pitch_spectral_p200,phone_F1.wav,2.275,0.0,False
amdf_pitch_spectral_p200,phone_F1.wav,2.285,233.06797257096088,True
amdf_pitch_spectral_p200,phone_F1.wav,2.295,234.26124798560107,True
amdf_pitch_spectral_p200,phone_F1.wav,2.305,235.37420673123071,True
amdf_pitch_spectral_p200,phone_F1.wav,2.315,237.20730477283053,True
amdf_pitch_spectral_p200,phone_F1.wav,2.325,240.28357077130786,True
amdf_pitch_spectral_p200,phone_F1.wav,2.335,241.87841380438286,True
amdf_pitch_spectral_p200,phone_F1.wav,2.345,0.0,False
amdf_pitch_spectral_p200,phone_F1.wav,2.355,0.0,False
amdf_pitch_spectral_p200,phone_F1.wav,2.365,0.0,False
amdf_pitch_spectral_p200,phone_F1.wav,2.375,0.0,False
amdf_pitch_spectral_p200,phone_F1.wav,2.385,0.0,False
amdf_pitch_spectral_p200,phone_F1.wav,2.395,0.0,False
amdf_pitch_spectral_p200,phone_F1.wav,2.405,246.63914332994514,True
amdf_pitch_spectral_p200,phone_F1.wav,2.415,239.7413365264993,True
amdf_pitch_spectral_p200,phone_F1.wav,2.425,235.36529037442506,True
amdf_pitch_spectral_p200,phone_F1.wav,2.435,218.02686772478873,True
amdf_pitch_spectral_p200,phone_F1.wav,2.445,198.97942182808464,True
amdf_pitch_spectral_p200,phone_F1.wav,2.455,192.36891091726258,True
amdf_pitch_spectral_p200,phone_F1.wav,2.465,217.373560393574,True
amdf_pitch_spectral_p200,phone_F1.wav,2.475,190.94770912077556,True
amdf_pitch_spectral_p200,phone_F1.wav,2.485,191.65919725385604,True
amdf_pitch_spectral_p200,phone_F1.wav,2.495,193.73456543067235,True
amdf_pitch_spectral_p200,phone_F1.wav,2.505,211.06278024694768,True
amdf_pitch_spectral_p200,phone_F1.wav,2.515,0.0,False
amdf_pitch_spectral_p200,phone_F1.wav,2.525,0.0,False
amdf_pitch_spectral_p200,phone_F1.wav,2.535,0.0,False
amdf_pitch_spectral_p200,phone_F1.wav,2.545,0.0,False
amdf_pitch_spectral_p200,phone_F1.wav,2.555,0.0,False
amdf_pitch_spectral_p200,phone_F1.wav,2.565,0.0,False
amdf_pitch_spectral_p200,phone_F1.wav,2.575,0.0,False
amdf_pitch_spectral_p200,phone_F1.wav,2.585,0.0,False
amdf_pitch_spectral_p200,phone_F1.wav,2.595,0.0,False
amdf_pitch_spectral_p200,phone_F1.wav,2.605,0.0,False
amdf_pitch_spectral_p200,phone_F1.wav,2.615,0.0,False
amdf_pitch_spectral_p200,phone_F1.wav,2.625,0.0,False
amdf_pitch_spectral_p200,phone_F1.wav,2.635,0.0,False
amdf_pitch_spectral_p200,phone_F1.wav,2.645,0.0,False
amdf_pitch_spectral_p200,phone_F1.wav,2.655,0.0,False
amdf_pitch_spectral_p200,phone_F1.wav,2.665,204.232746442535,True
amdf_pitch_spectral_p200,phone_F1.wav,2.675,200.72857451911602,True
amdf_pitch_spectral_p200,phone_F1.wav,2.685,197.75730585789083,True
amdf_pitch_spectral_p200,phone_F1.wav,2.695,195.18995651315677,True
amdf_pitch_spectral_p200,phone_F1.wav,2.705,192.63468481615683,True
amdf_pitch_spectral_p200,phone_F1.wav,2.715,189.72497953117292,True
amdf_pitch_spectral_p200,phone_F1.wav,2.725,185.92828568655378,True
amdf_pitch_spectral_p200,phone_F1.wav,2.735,184.1227583387641,True
amdf_pitch_spectral_p200,phone_F1.wav,2.745,0.0,False
amdf_pitch_spectral_p200,phone_F1.wav,2.755,0.0,False
amdf_pitch_spectral_p200,phone_F1.wav,2.765,0.0,False
amdf_pitch_spectral_p200,phone_F1.wav,2.775,0.0,False
amdf_pitch_spectral_p200,phone_F1.wav,2.785,0.0,False
amdf_pitch_spectral_p200,phone_F1.wav,2.795,0.0,False
amdf_pitch_spectral_p200,phone_F1.wav,2.805,0.0,False
amdf_pitch_spectral_p200,phone_F1.wav,2.815,0.0,False
amdf_pitch_spectral_p200,phone_F1.wav,2.825,0.0,False
amdf_pitch_spectral_p200,phone_F1.wav,2.835,0.0,False
amdf_pitch_spectral_p200,phone_F1.wav,2.845,0.0,False
amdf_pitch_spectral_p200,phone_F1.wav,2.855,0.0,False
amdf_pitch_spectral_p200,phone_F1.wav,2.865,0.0,False
amdf_pitch_spectral_p200,phone_F1.wav,2.875,0.0,False
amdf_pitch_spectral_p200,phone_F1.wav,2.885,0.0,False
amdf_pitch_spectral_p200,phone_F1.wav,2.895,0.0,False
amdf_pitch_spectral_p200,phone_F1.wav,2.905,0.0,False
amdf_pitch_spectral_p200,phone_F1.wav,2.915,0.0,False
amdf_pitch_spectral_p200,phone_F1.wav,2.925,0.0,False
amdf_pitch_spectral_p200,phone_F1.wav,2.935,0.0,False
amdf_pitch_spectral_p200,phone_F1.wav,2.945,0.0,False
amdf_pitch_spectral_p200,phone_F1.wav,2.955,0.0,False
amdf_pitch_spectral_p200,phone_F1.wav,2.965,0.0,False
amdf_pitch_spectral_p200,phone_F1.wav,2.975,0.0,False
amdf_pitch_spectral_p200,phone_F1.wav,2.985,0.0,False
amdf_pitch_spectral_p200,phone_F1.wav,2.995,0.0,False
amdf_pitch_spectral_p200,phone_F1.wav,3.005,0.0,False
amdf_pitch_spectral_p200,phone_F1.wav,3.015,0.0,False
amdf_pitch_spectral_p200,phone_F1.wav,3.025,0.0,False
amdf_pitch_spectral_p200,phone_F1.wav,3.035,0.0,False
amdf_pitch_spectral_p200,phone_F1.wav,3.045,0.0,False
amdf_pitch_spectral_p200,phone_F1.wav,3.055,0.0,False
amdf_pitch_spectral_p200,phone_F1.wav,3.065,0.0,False
amdf_pitch_spectral_p200,phone_F1.wav,3.075,0.0,False
amdf_pitch_spectral_p200,phone_F1.wav,3.085,0.0,False
amdf_pitch_spectral_p200,phone_F1.wav,3.095,0.0,False
amdf_pitch_spectral_p200,phone_F1.wav,3.105,0.0,False
amdf_pitch_spectral_p200,phone_F1.wav,3.115,0.0,False
amdf_pitch_spectral_p200,phone_F1.wav,3.125,0.0,False
amdf_pitch_spectral_p200,phone_F1.wav,3.135,0.0,False
amdf_pitch_spectral_p200,phone_F1.wav,3.145,0.0,False
amdf_pitch_spectral_p200,phone_F1.wav,3.155,0.0,False
amdf_pitch_spectral_p200,phone_F1.wav,3.165,0.0,False
amdf_pitch_spectral_p200,phone_F1.wav,3.175,0.0,False
amdf_pitch_spectral_p200,phone_F1.wav,3.185,0.0,False
amdf_pitch_spectral_p200,phone_F1.wav,3.195,0.0,False
amdf_pitch_spectral_p200,phone_F1.wav,3.205,0.0,False
amdf_pitch_spectral_p200,phone_F1.wav,3.215,0.0,False
praat7_filtered_v0.3,phone_M1.wav,0.025,0.0,False
praat7_filtered_v0.3,phone_M1.wav,0.035,0.0,False
praat7_filtered_v0.3,phone_M1.wav,0.045,0.0,False
praat7_filtered_v0.3,phone_M1.wav,0.055,0.0,False
praat7_filtered_v0.3,phone_M1.wav,0.065,0.0,False
praat7_filtered_v0.3,phone_M1.wav,0.075,0.0,False
praat7_filtered_v0.3,phone_M1.wav,0.085,0.0,False
praat7_filtered_v0.3,phone_M1.wav,0.095,0.0,False
praat7_filtered_v0.3,phone_M1.wav,0.105,0.0,False
praat7_filtered_v0.3,phone_M1.wav,0.115,0.0,False
praat7_filtered_v0.3,phone_M1.wav,0.125,0.0,False
praat7_filtered_v0.3,phone_M1.wav,0.135,0.0,False
praat7_filtered_v0.3,phone_M1.wav,0.145,0.0,False
praat7_filtered_v0.3,phone_M1.wav,0.155,0.0,False
praat7_filtered_v0.3,phone_M1.wav,0.165,0.0,False
praat7_filtered_v0.3,phone_M1.wav,0.175,0.0,False
praat7_filtered_v0.3,phone_M1.wav,0.185,0.0,False
praat7_filtered_v0.3,phone_M1.wav,0.195,0.0,False
praat7_filtered_v0.3,phone_M1.wav,0.205,0.0,False
praat7_filtered_v0.3,phone_M1.wav,0.215,0.0,False
praat7_filtered_v0.3,phone_M1.wav,0.225,0.0,False
praat7_filtered_v0.3,phone_M1.wav,0.235,0.0,False
praat7_filtered_v0.3,phone_M1.wav,0.245,0.0,False
praat7_filtered_v0.3,phone_M1.wav,0.255,0.0,False
praat7_filtered_v0.3,phone_M1.wav,0.265,0.0,False
praat7_filtered_v0.3,phone_M1.wav,0.275,0.0,False
praat7_filtered_v0.3,phone_M1.wav,0.285,0.0,False
praat7_filtered_v0.3,phone_M1.wav,0.295,0.0,False
praat7_filtered_v0.3,phone_M1.wav,0.305,0.0,False
praat7_filtered_v0.3,phone_M1.wav,0.315,0.0,False
praat7_filtered_v0.3,phone_M1.wav,0.325,0.0,False
praat7_filtered_v0.3,phone_M1.wav,0.335,0.0,False
praat7_filtered_v0.3,phone_M1.wav,0.345,0.0,False
praat7_filtered_v0.3,phone_M1.wav,0.355,0.0,False
praat7_filtered_v0.3,phone_M1.wav,0.365,0.0,False
praat7_filtered_v0.3,phone_M1.wav,0.375,0.0,False
praat7_filtered_v0.3,phone_M1.wav,0.385,0.0,False
praat7_filtered_v0.3,phone_M1.wav,0.395,0.0,False
praat7_filtered_v0.3,phone_M1.wav,0.405,0.0,False
praat7_filtered_v0.3,phone_M1.wav,0.415,0.0,False
praat7_filtered_v0.3,phone_M1.wav,0.425,0.0,False
praat7_filtered_v0.3,phone_M1.wav,0.435,0.0,False
praat7_filtered_v0.3,phone_M1.wav,0.445,0.0,False
praat7_filtered_v0.3,phone_M1.wav,0.455,0.0,False
praat7_filtered_v0.3,phone_M1.wav,0.465,0.0,False
praat7_filtered_v0.3,phone_M1.wav,0.475,138.9088485650244,True
praat7_filtered_v0.3,phone_M1.wav,0.485,136.9354530616309,True
praat7_filtered_v0.3,phone_M1.wav,0.495,136.33263828102875,True
praat7_filtered_v0.3,phone_M1.wav,0.505,136.35805846818354,True
praat7_filtered_v0.3,phone_M1.wav,0.515,135.7466745053719,True
praat7_filtered_v0.3,phone_M1.wav,0.525,134.72748434791188,True
praat7_filtered_v0.3,phone_M1.wav,0.535,134.8482636913602,True
praat7_filtered_v0.3,phone_M1.wav,0.545,136.1947976286359,True
praat7_filtered_v0.3,phone_M1.wav,0.555,137.70480228065725,True
praat7_filtered_v0.3,phone_M1.wav,0.565,137.66124322323464,True
praat7_filtered_v0.3,phone_M1.wav,0.575,137.13804440459435,True
praat7_filtered_v0.3,phone_M1.wav,0.585,137.69149868895843,True
praat7_filtered_v0.3,phone_M1.wav,0.595,137.86569841133579,True
praat7_filtered_v0.3,phone_M1.wav,0.605,138.34644689184603,True
praat7_filtered_v0.3,phone_M1.wav,0.615,138.85166304073087,True
praat7_filtered_v0.3,phone_M1.wav,0.625,139.51455007848696,True
praat7_filtered_v0.3,phone_M1.wav,0.635,139.97486877246095,True
praat7_filtered_v0.3,phone_M1.wav,0.645,139.49767373377557,True
praat7_filtered_v0.3,phone_M1.wav,0.655,137.80116403226918,True
praat7_filtered_v0.3,phone_M1.wav,0.665,135.94523381088783,True
praat7_filtered_v0.3,phone_M1.wav,0.675,134.2960954840052,True
praat7_filtered_v0.3,phone_M1.wav,0.685,132.58091891031395,True
praat7_filtered_v0.3,phone_M1.wav,0.695,130.9450919670001,True
praat7_filtered_v0.3,phone_M1.wav,0.705,129.1816126622188,True
praat7_filtered_v0.3,phone_M1.wav,0.715,127.75516826373332,True
praat7_filtered_v0.3,phone_M1.wav,0.725,125.50463329407312,True
praat7_filtered_v0.3,phone_M1.wav,0.735,123.58580591861595,True
praat7_filtered_v0.3,phone_M1.wav,0.745,122.41349808410108,True
praat7_filtered_v0.3,phone_M1.wav,0.755,121.11016505657769,True
praat7_filtered_v0.3,phone_M1.wav,0.765,119.38380856248192,True
praat7_filtered_v0.3,phone_M1.wav,0.775,117.91111263227016,True
praat7_filtered_v0.3,phone_M1.wav,0.785,116.60535925914289,True
praat7_filtered_v0.3,phone_M1.wav,0.795,114.34104801361336,True
praat7_filtered_v0.3,phone_M1.wav,0.805,112.97934244776208,True
praat7_filtered_v0.3,phone_M1.wav,0.815,112.27417832644667,True
praat7_filtered_v0.3,phone_M1.wav,0.825,114.75825622448176,True
praat7_filtered_v0.3,phone_M1.wav,0.835,115.35875818091786,True
praat7_filtered_v0.3,phone_M1.wav,0.845,116.23661202654885,True
praat7_filtered_v0.3,phone_M1.wav,0.855,118.43452983082231,True
praat7_filtered_v0.3,phone_M1.wav,0.865,119.20656686769446,True
praat7_filtered_v0.3,phone_M1.wav,0.875,120.69093197160652,True
praat7_filtered_v0.3,phone_M1.wav,0.885,122.78306218323254,True
praat7_filtered_v0.3,phone_M1.wav,0.895,124.1253380735767,True
praat7_filtered_v0.3,phone_M1.wav,0.905,128.23393331768483,True
praat7_filtered_v0.3,phone_M1.wav,0.915,132.86932828424662,True
praat7_filtered_v0.3,phone_M1.wav,0.925,132.55837332255018,True
praat7_filtered_v0.3,phone_M1.wav,0.935,133.90859892140773,True
praat7_filtered_v0.3,phone_M1.wav,0.945,135.46936013880057,True
praat7_filtered_v0.3,phone_M1.wav,0.955,137.61177438611577,True
praat7_filtered_v0.3,phone_M1.wav,0.965,139.60552935527863,True
praat7_filtered_v0.3,phone_M1.wav,0.975,141.59686357856899,True
praat7_filtered_v0.3,phone_M1.wav,0.985,141.94696395913314,True
praat7_filtered_v0.3,phone_M1.wav,0.995,140.32130048414868,True
praat7_filtered_v0.3,phone_M1.wav,1.005,142.37027294384117,True
praat7_filtered_v0.3,phone_M1.wav,1.015,146.7765363572416,True
praat7_filtered_v0.3,phone_M1.wav,1.025,148.55301530087124,True
praat7_filtered_v0.3,phone_M1.wav,1.035,149.35510544938595,True
praat7_filtered_v0.3,phone_M1.wav,1.045,149.92884504879387,True
praat7_filtered_v0.3,phone_M1.wav,1.055,149.80902517207227,True
praat7_filtered_v0.3,phone_M1.wav,1.065,149.3530290636188,True
praat7_filtered_v0.3,phone_M1.wav,1.075,148.33601126163907,True
praat7_filtered_v0.3,phone_M1.wav,1.085,146.63205898265116,True
praat7_filtered_v0.3,phone_M1.wav,1.095,144.83576141403347,True
praat7_filtered_v0.3,phone_M1.wav,1.105,143.06284321961687,True
praat7_filtered_v0.3,phone_M1.wav,1.115,141.5384361926565,True
praat7_filtered_v0.3,phone_M1.wav,1.125,139.06951579519446,True
praat7_filtered_v0.3,phone_M1.wav,1.135,142.96214042502092,True
praat7_filtered_v0.3,phone_M1.wav,1.145,149.07585246875962,True
praat7_filtered_v0.3,phone_M1.wav,1.155,152.92495164303847,True
praat7_filtered_v0.3,phone_M1.wav,1.165,155.52369765893044,True
praat7_filtered_v0.3,phone_M1.wav,1.175,156.2774068228227,True
praat7_filtered_v0.3,phone_M1.wav,1.185,154.65568935886677,True
praat7_filtered_v0.3,phone_M1.wav,1.195,153.6430245745723,True
praat7_filtered_v0.3,phone_M1.wav,1.205,153.12024406690333,True
praat7_filtered_v0.3,phone_M1.wav,1.215,150.99275691442466,True
praat7_filtered_v0.3,phone_M1.wav,1.225,145.5289693692635,True
praat7_filtered_v0.3,phone_M1.wav,1.235,150.6723944340197,True
praat7_filtered_v0.3,phone_M1.wav,1.245,153.3308891364185,True
praat7_filtered_v0.3,phone_M1.wav,1.255,155.11060887439595,True
praat7_filtered_v0.3,phone_M1.wav,1.265,156.74903809593891,True
praat7_filtered_v0.3,phone_M1.wav,1.275,157.37315439778706,True
praat7_filtered_v0.3,phone_M1.wav,1.285,156.4810680260267,True
praat7_filtered_v0.3,phone_M1.wav,1.295,154.5075121729987,True
praat7_filtered_v0.3,phone_M1.wav,1.305,153.46559411543802,True
praat7_filtered_v0.3,phone_M1.wav,1.315,152.56644379375427,True
praat7_filtered_v0.3,phone_M1.wav,1.325,151.34556935564154,True
praat7_filtered_v0.3,phone_M1.wav,1.335,152.83785951535845,True
praat7_filtered_v0.3,phone_M1.wav,1.345,152.50710432850855,True
praat7_filtered_v0.3,phone_M1.wav,1.355,153.07802459253583,True
praat7_filtered_v0.3,phone_M1.wav,1.365,152.60240244073992,True
praat7_filtered_v0.3,phone_M1.wav,1.375,147.17615172954223,True
praat7_filtered_v0.3,phone_M1.wav,1.385,146.74995771436363,True
praat7_filtered_v0.3,phone_M1.wav,1.395,0.0,False
praat7_filtered_v0.3,phone_M1.wav,1.405,0.0,False
praat7_filtered_v0.3,phone_M1.wav,1.415,0.0,False
praat7_filtered_v0.3,phone_M1.wav,1.425,0.0,False
praat7_filtered_v0.3,phone_M1.wav,1.435,0.0,False
praat7_filtered_v0.3,phone_M1.wav,1.445,0.0,False
praat7_filtered_v0.3,phone_M1.wav,1.455,0.0,False
praat7_filtered_v0.3,phone_M1.wav,1.465,0.0,False
praat7_filtered_v0.3,phone_M1.wav,1.475,0.0,False
praat7_filtered_v0.3,phone_M1.wav,1.485,0.0,False
praat7_filtered_v0.3,phone_M1.wav,1.495,0.0,False
praat7_filtered_v0.3,phone_M1.wav,1.505,119.77441795223503,True
praat7_filtered_v0.3,phone_M1.wav,1.515,115.61082486013431,True
praat7_filtered_v0.3,phone_M1.wav,1.525,114.62428428859305,True
praat7_filtered_v0.3,phone_M1.wav,1.535,114.80988343107542,True
praat7_filtered_v0.3,phone_M1.wav,1.545,114.55904604417621,True
praat7_filtered_v0.3,phone_M1.wav,1.555,113.86720232561464,True
praat7_filtered_v0.3,phone_M1.wav,1.565,112.76725981975262,True
praat7_filtered_v0.3,phone_M1.wav,1.575,111.73364780986692,True
praat7_filtered_v0.3,phone_M1.wav,1.585,109.72149314908712,True
praat7_filtered_v0.3,phone_M1.wav,1.595,108.556334986029,True
praat7_filtered_v0.3,phone_M1.wav,1.605,109.73707433355294,True
praat7_filtered_v0.3,phone_M1.wav,1.615,110.30848425593584,True
praat7_filtered_v0.3,phone_M1.wav,1.625,108.5996093999815,True
praat7_filtered_v0.3,phone_M1.wav,1.635,107.47287150692608,True
praat7_filtered_v0.3,phone_M1.wav,1.645,107.40497846580016,True
praat7_filtered_v0.3,phone_M1.wav,1.655,107.61305455855597,True
praat7_filtered_v0.3,phone_M1.wav,1.665,107.1446594129983,True
praat7_filtered_v0.3,phone_M1.wav,1.675,107.72379221988582,True
praat7_filtered_v0.3,phone_M1.wav,1.685,109.2750081088538,True
praat7_filtered_v0.3,phone_M1.wav,1.695,108.57573437140464,True
praat7_filtered_v0.3,phone_M1.wav,1.705,0.0,False
praat7_filtered_v0.3,phone_M1.wav,1.715,0.0,False
praat7_filtered_v0.3,phone_M1.wav,1.725,0.0,False
praat7_filtered_v0.3,phone_M1.wav,1.735,0.0,False
praat7_filtered_v0.3,phone_M1.wav,1.745,0.0,False
praat7_filtered_v0.3,phone_M1.wav,1.755,0.0,False
praat7_filtered_v0.3,phone_M1.wav,1.765,0.0,False
praat7_filtered_v0.3,phone_M1.wav,1.775,0.0,False
praat7_filtered_v0.3,phone_M1.wav,1.785,0.0,False
praat7_filtered_v0.3,phone_M1.wav,1.795,125.26892670469007,True
praat7_filtered_v0.3,phone_M1.wav,1.805,122.92917761131696,True
praat7_filtered_v0.3,phone_M1.wav,1.815,121.35768502542955,True
praat7_filtered_v0.3,phone_M1.wav,1.825,121.41326760614088,True
praat7_filtered_v0.3,phone_M1.wav,1.835,120.89998965116932,True
praat7_filtered_v0.3,phone_M1.wav,1.845,120.4536594032999,True
praat7_filtered_v0.3,phone_M1.wav,1.855,119.22121230356032,True
praat7_filtered_v0.3,phone_M1.wav,1.865,117.38776274632346,True
praat7_filtered_v0.3,phone_M1.wav,1.875,115.79169326968008,True
praat7_filtered_v0.3,phone_M1.wav,1.885,113.86846838043428,True
praat7_filtered_v0.3,phone_M1.wav,1.895,112.56141510938308,True
praat7_filtered_v0.3,phone_M1.wav,1.905,111.36510763231564,True
praat7_filtered_v0.3,phone_M1.wav,1.915,110.35990656188957,True
praat7_filtered_v0.3,phone_M1.wav,1.925,109.80230674447255,True
praat7_filtered_v0.3,phone_M1.wav,1.935,107.1983695810704,True
praat7_filtered_v0.3,phone_M1.wav,1.945,102.82503152830944,True
praat7_filtered_v0.3,phone_M1.wav,1.955,100.32382200101316,True
praat7_filtered_v0.3,phone_M1.wav,1.965,98.23384796638572,True
praat7_filtered_v0.3,phone_M1.wav,1.975,0.0,False
praat7_filtered_v0.3,phone_M1.wav,1.985,473.45312592855447,True
praat7_filtered_v0.3,phone_M1.wav,1.995,473.9153657679539,True
praat7_filtered_v0.3,phone_M1.wav,2.005,0.0,False
praat7_filtered_v0.3,phone_M1.wav,2.015,0.0,False
praat7_filtered_v0.3,phone_M1.wav,2.025,100.2510295202328,True
praat7_filtered_v0.3,phone_M1.wav,2.035,101.31493377447084,True
praat7_filtered_v0.3,phone_M1.wav,2.045,101.88736273808692,True
praat7_filtered_v0.3,phone_M1.wav,2.055,98.84775621790483,True
praat7_filtered_v0.3,phone_M1.wav,2.065,96.7313529725541,True
praat7_filtered_v0.3,phone_M1.wav,2.075,103.94125369514332,True
praat7_filtered_v0.3,phone_M1.wav,2.085,106.05002106827313,True
praat7_filtered_v0.3,phone_M1.wav,2.095,106.72470791477387,True
praat7_filtered_v0.3,phone_M1.wav,2.105,107.4100770136494,True
praat7_filtered_v0.3,phone_M1.wav,2.115,107.86309040722884,True
praat7_filtered_v0.3,phone_M1.wav,2.125,108.02281834490763,True
praat7_filtered_v0.3,phone_M1.wav,2.135,111.88225210863811,True
praat7_filtered_v0.3,phone_M1.wav,2.145,118.00649200745256,True
praat7_filtered_v0.3,phone_M1.wav,2.155,124.3848567746585,True
praat7_filtered_v0.3,phone_M1.wav,2.165,122.95619682168704,True
praat7_filtered_v0.3,phone_M1.wav,2.175,123.56984349641736,True
praat7_filtered_v0.3,phone_M1.wav,2.185,123.07444706677369,True
praat7_filtered_v0.3,phone_M1.wav,2.195,122.4221933124214,True
praat7_filtered_v0.3,phone_M1.wav,2.205,121.6367856829138,True
praat7_filtered_v0.3,phone_M1.wav,2.215,120.73263400830022,True
praat7_filtered_v0.3,phone_M1.wav,2.225,120.14094557811012,True
praat7_filtered_v0.3,phone_M1.wav,2.235,118.69131395207359,True
praat7_filtered_v0.3,phone_M1.wav,2.245,116.9447979097844,True
praat7_filtered_v0.3,phone_M1.wav,2.255,115.8009119023623,True
praat7_filtered_v0.3,phone_M1.wav,2.265,115.47179091371278,True
praat7_filtered_v0.3,phone_M1.wav,2.275,115.14306386909863,True
praat7_filtered_v0.3,phone_M1.wav,2.285,114.14893833980284,True
praat7_filtered_v0.3,phone_M1.wav,2.295,112.63941639570328,True
praat7_filtered_v0.3,phone_M1.wav,2.305,111.92537674071832,True
praat7_filtered_v0.3,phone_M1.wav,2.315,111.57656489314677,True
praat7_filtered_v0.3,phone_M1.wav,2.325,110.37877004485938,True
praat7_filtered_v0.3,phone_M1.wav,2.335,108.73659922317422,True
praat7_filtered_v0.3,phone_M1.wav,2.345,109.25995831699488,True
praat7_filtered_v0.3,phone_M1.wav,2.355,110.87975760228665,True
praat7_filtered_v0.3,phone_M1.wav,2.365,111.3011126670187,True
praat7_filtered_v0.3,phone_M1.wav,2.375,111.64809467689555,True
praat7_filtered_v0.3,phone_M1.wav,2.385,113.95374483979148,True
praat7_filtered_v0.3,phone_M1.wav,2.395,114.6112291757588,True
praat7_filtered_v0.3,phone_M1.wav,2.405,111.33654638840537,True
praat7_filtered_v0.3,phone_M1.wav,2.415,117.4564432341893,True
praat7_filtered_v0.3,phone_M1.wav,2.425,124.6333617250546,True
praat7_filtered_v0.3,phone_M1.wav,2.435,124.53436945774305,True
praat7_filtered_v0.3,phone_M1.wav,2.445,125.91706989480763,True
praat7_filtered_v0.3,phone_M1.wav,2.455,129.56278404425743,True
praat7_filtered_v0.3,phone_M1.wav,2.465,126.3184714082784,True
praat7_filtered_v0.3,phone_M1.wav,2.475,123.08582296697128,True
praat7_filtered_v0.3,phone_M1.wav,2.485,121.25950485043388,True
praat7_filtered_v0.3,phone_M1.wav,2.495,124.84752450501318,True
praat7_filtered_v0.3,phone_M1.wav,2.505,114.09485258687683,True
praat7_filtered_v0.3,phone_M1.wav,2.515,109.96891171142184,True
praat7_filtered_v0.3,phone_M1.wav,2.525,110.91156323233103,True
praat7_filtered_v0.3,phone_M1.wav,2.535,110.71972338426924,True
praat7_filtered_v0.3,phone_M1.wav,2.545,110.80358310713876,True
praat7_filtered_v0.3,phone_M1.wav,2.555,108.97471474607956,True
praat7_filtered_v0.3,phone_M1.wav,2.565,108.93798536150376,True
praat7_filtered_v0.3,phone_M1.wav,2.575,108.35634648161574,True
praat7_filtered_v0.3,phone_M1.wav,2.585,107.89136320477652,True
praat7_filtered_v0.3,phone_M1.wav,2.595,107.75121195397647,True
praat7_filtered_v0.3,phone_M1.wav,2.605,108.55706306845008,True
praat7_filtered_v0.3,phone_M1.wav,2.615,107.65075535771292,True
praat7_filtered_v0.3,phone_M1.wav,2.625,106.79968575873691,True
praat7_filtered_v0.3,phone_M1.wav,2.635,105.54543019505576,True
praat7_filtered_v0.3,phone_M1.wav,2.645,104.70384773496964,True
praat7_filtered_v0.3,phone_M1.wav,2.655,104.0736818325177,True
praat7_filtered_v0.3,phone_M1.wav,2.665,103.14478545043433,True
praat7_filtered_v0.3,phone_M1.wav,2.675,102.50718762125192,True
praat7_filtered_v0.3,phone_M1.wav,2.685,102.75836821149925,True
praat7_filtered_v0.3,phone_M1.wav,2.695,104.02664403445203,True
praat7_filtered_v0.3,phone_M1.wav,2.705,105.44868473827896,True
praat7_filtered_v0.3,phone_M1.wav,2.715,109.7753352394358,True
praat7_filtered_v0.3,phone_M1.wav,2.725,0.0,False
praat7_filtered_v0.3,phone_M1.wav,2.735,0.0,False
praat7_filtered_v0.3,phone_M1.wav,2.745,0.0,False
praat7_filtered_v0.3,phone_M1.wav,2.755,0.0,False
praat7_filtered_v0.3,phone_M1.wav,2.765,0.0,False
praat7_filtered_v0.3,phone_M1.wav,2.775,0.0,False
praat7_filtered_v0.3,phone_M1.wav,2.785,0.0,False
praat7_filtered_v0.3,phone_M1.wav,2.795,0.0,False
praat7_filtered_v0.3,phone_M1.wav,2.805,0.0,False
praat7_filtered_v0.3,phone_M1.wav,2.815,0.0,False
praat7_filtered_v0.3,phone_M1.wav,2.825,0.0,False
praat7_filtered_v0.3,phone_M1.wav,2.835,0.0,False
praat7_filtered_v0.3,phone_M1.wav,2.845,0.0,False
praat7_filtered_v0.3,phone_M1.wav,2.855,0.0,False
praat7_filtered_v0.3,phone_M1.wav,2.865,0.0,False
praat7_filtered_v0.3,phone_M1.wav,2.875,133.42839761657203,True
praat7_filtered_v0.3,phone_M1.wav,2.885,135.03415750592836,True
praat7_filtered_v0.3,phone_M1.wav,2.895,135.50089540820733,True
praat7_filtered_v0.3,phone_M1.wav,2.905,135.40783590096015,True
praat7_filtered_v0.3,phone_M1.wav,2.915,137.35003506751227,True
praat7_filtered_v0.3,phone_M1.wav,2.925,139.55488975479207,True
praat7_filtered_v0.3,phone_M1.wav,2.935,0.0,False
praat7_filtered_v0.3,phone_M1.wav,2.945,0.0,False
praat7_filtered_v0.3,phone_M1.wav,2.955,0.0,False
praat7_filtered_v0.3,phone_M1.wav,2.965,0.0,False
praat7_filtered_v0.3,phone_M1.wav,2.975,0.0,False
praat7_filtered_v0.3,phone_M1.wav,2.985,0.0,False
praat7_filtered_v0.3,phone_M1.wav,2.995,0.0,False
praat7_filtered_v0.3,phone_M1.wav,3.005,0.0,False
praat7_filtered_v0.3,phone_M1.wav,3.015,0.0,False
praat7_filtered_v0.3,phone_M1.wav,3.025,0.0,False
praat7_filtered_v0.3,phone_M1.wav,3.035,0.0,False
praat7_filtered_v0.3,phone_M1.wav,3.045,0.0,False
praat7_filtered_v0.3,phone_M1.wav,3.055,0.0,False
praat7_filtered_v0.3,phone_M1.wav,3.065,0.0,False
praat7_filtered_v0.3,phone_M1.wav,3.075,0.0,False
praat7_filtered_v0.3,phone_M1.wav,3.085,0.0,False
praat7_filtered_v0.3,phone_M1.wav,3.095,0.0,False
praat7_filtered_v0.3,phone_M1.wav,3.105,104.06703203640188,True
praat7_filtered_v0.3,phone_M1.wav,3.115,94.56668925541747,True
praat7_filtered_v0.3,phone_M1.wav,3.125,97.46500827339034,True
praat7_filtered_v0.3,phone_M1.wav,3.135,94.92531828116317,True
praat7_filtered_v0.3,phone_M1.wav,3.145,93.10049556544288,True
praat7_filtered_v0.3,phone_M1.wav,3.155,94.40126573548169,True
praat7_filtered_v0.3,phone_M1.wav,3.165,95.87809911681168,True
praat7_filtered_v0.3,phone_M1.wav,3.175,98.32427185353555,True
praat7_filtered_v0.3,phone_M1.wav,3.185,101.7582661480768,True
praat7_filtered_v0.3,phone_M1.wav,3.195,101.1890015508098,True
praat7_filtered_v0.3,phone_M1.wav,3.205,100.47562679229497,True
praat7_filtered_v0.3,phone_M1.wav,3.215,99.56446701940217,True
praat7_filtered_v0.3,phone_M1.wav,3.225,99.19691538265705,True
praat7_filtered_v0.3,phone_M1.wav,3.235,99.06159519730019,True
praat7_filtered_v0.3,phone_M1.wav,3.245,99.87335505875993,True
praat7_filtered_v0.3,phone_M1.wav,3.255,101.8654648415283,True
praat7_filtered_v0.3,phone_M1.wav,3.265,106.3580984583638,True
praat7_filtered_v0.3,phone_M1.wav,3.275,110.95058061392017,True
praat7_filtered_v0.3,phone_M1.wav,3.285,110.58351630003392,True
praat7_filtered_v0.3,phone_M1.wav,3.295,0.0,False
praat7_filtered_v0.3,phone_M1.wav,3.305,0.0,False
praat7_filtered_v0.3,phone_M1.wav,3.315,0.0,False
praat7_filtered_v0.3,phone_M1.wav,3.325,0.0,False
praat7_filtered_v0.3,phone_M1.wav,3.335,0.0,False
praat7_filtered_v0.3,phone_M1.wav,3.345,0.0,False
praat7_filtered_v0.3,phone_M1.wav,3.355,0.0,False
praat7_filtered_v0.3,phone_M1.wav,3.365,0.0,False
praat7_filtered_v0.3,phone_M1.wav,3.375,0.0,False
praat7_filtered_v0.3,phone_M1.wav,3.385,0.0,False
praat7_filtered_v0.3,phone_M1.wav,3.395,0.0,False
praat7_filtered_v0.3,phone_M1.wav,3.405,0.0,False
praat7_filtered_v0.3,phone_M1.wav,3.415,0.0,False
praat7_filtered_v0.3,phone_M1.wav,3.425,0.0,False
praat7_filtered_v0.3,phone_M1.wav,3.435,0.0,False
praat7_filtered_v0.3,phone_M1.wav,3.445,141.8783415505278,True
praat7_filtered_v0.3,phone_M1.wav,3.455,123.30162034721516,True
praat7_filtered_v0.3,phone_M1.wav,3.465,115.32701668055437,True
praat7_filtered_v0.3,phone_M1.wav,3.475,111.7266562080214,True
praat7_filtered_v0.3,phone_M1.wav,3.485,108.584774594921,True
praat7_filtered_v0.3,phone_M1.wav,3.495,105.63978792295556,True
praat7_filtered_v0.3,phone_M1.wav,3.505,103.01058304400505,True
praat7_filtered_v0.3,phone_M1.wav,3.515,101.90996019958574,True
praat7_filtered_v0.3,phone_M1.wav,3.525,0.0,False
praat7_filtered_v0.3,phone_M1.wav,3.535,0.0,False
praat7_filtered_v0.3,phone_M1.wav,3.545,0.0,False
praat7_filtered_v0.3,phone_M1.wav,3.555,0.0,False
praat7_filtered_v0.3,phone_M1.wav,3.565,0.0,False
praat7_filtered_v0.3,phone_M1.wav,3.575,0.0,False
praat7_filtered_v0.3,phone_M1.wav,3.585,0.0,False
praat7_filtered_v0.3,phone_M1.wav,3.595,0.0,False
praat7_filtered_v0.3,phone_M1.wav,3.605,0.0,False
praat7_filtered_v0.3,phone_M1.wav,3.615,0.0,False
praat7_filtered_v0.3,phone_M1.wav,3.625,0.0,False
praat7_filtered_v0.3,phone_M1.wav,3.635,0.0,False
praat7_filtered_v0.3,phone_M1.wav,3.645,0.0,False
praat7_filtered_v0.3,phone_M1.wav,3.655,0.0,False
praat7_filtered_v0.3,phone_M1.wav,3.665,0.0,False
praat7_filtered_v0.3,phone_M1.wav,3.675,0.0,False
praat7_filtered_v0.3,phone_M1.wav,3.685,0.0,False
praat7_filtered_v0.3,phone_M1.wav,3.695,0.0,False
praat7_filtered_v0.3,phone_M1.wav,3.705,0.0,False
praat7_filtered_v0.3,phone_M1.wav,3.715,0.0,False
praat7_filtered_v0.3,phone_M1.wav,3.725,0.0,False
praat7_filtered_v0.3,phone_M1.wav,3.735,0.0,False
praat7_filtered_v0.3,phone_M1.wav,3.745,0.0,False
praat7_filtered_v0.3,phone_M1.wav,3.755,0.0,False
praat7_filtered_v0.3,phone_M1.wav,3.765,0.0,False
praat7_filtered_v0.3,phone_M1.wav,3.775,0.0,False
praat7_filtered_v0.3,phone_M1.wav,3.785,0.0,False
praat7_filtered_v0.3,phone_M1.wav,3.795,0.0,False
praat7_filtered_v0.3,phone_M1.wav,3.805,0.0,False
praat7_filtered_v0.3,phone_M1.wav,3.815,0.0,False
praat7_filtered_v0.3,phone_M1.wav,3.825,0.0,False
praat7_filtered_v0.3,phone_M1.wav,3.835,0.0,False
praat7_filtered_v0.3,phone_M1.wav,3.845,0.0,False
praat7_filtered_v0.3,phone_M1.wav,3.855,0.0,False
praat7_filtered_v0.3,phone_M1.wav,3.865,0.0,False
praat7_filtered_v0.3,phone_M1.wav,3.875,0.0,False
praat7_filtered_v0.3,phone_M1.wav,3.885,0.0,False
praat7_filtered_v0.3,phone_M1.wav,3.895,0.0,False
praat7_filtered_v0.3,phone_M1.wav,3.905,0.0,False
praat7_filtered_v0.3,phone_M1.wav,3.915,0.0,False
praat7_filtered_v0.3,phone_M1.wav,3.925,0.0,False
praat7_filtered_v0.3,phone_M1.wav,3.935,0.0,False
praat7_filtered_v0.3,phone_M1.wav,3.945,0.0,False
praat7_filtered_v0.3,phone_M1.wav,3.955,0.0,False
praat7_filtered_v0.3,phone_M1.wav,3.965,0.0,False
praat7_filtered_v0.3,phone_M1.wav,3.975,0.0,False
praat7_filtered_v0.3,phone_M1.wav,3.985,0.0,False
praat7_filtered_v0.3,phone_M1.wav,3.995,0.0,False
praat7_filtered_v0.3,phone_M1.wav,4.005,0.0,False
praat7_filtered_v0.3,phone_M1.wav,4.015000000000001,0.0,False
praat7_filtered_v0.3,phone_M1.wav,4.025,0.0,False
praat7_filtered_v0.3,phone_M1.wav,4.035,0.0,False
praat7_filtered_v0.3,phone_M1.wav,4.045000000000001,0.0,False
praat7_filtered_v0.3,phone_M1.wav,4.055000000000001,0.0,False
praat7_filtered_v0.3,phone_M1.wav,4.065,0.0,False
praat7_filtered_v0.3,phone_M1.wav,4.075,0.0,False
praat7_filtered_v0.3,phone_M1.wav,4.085000000000001,0.0,False
praat7_filtered_v0.3,phone_M1.wav,4.095000000000001,0.0,False
praat7_filtered_v0.3,phone_M1.wav,4.105,0.0,False
praat7_filtered_v0.3,phone_M1.wav,4.115,0.0,False
praat7_filtered_v0.3,phone_M1.wav,4.125,0.0,False
praat7_filtered_v0.3,phone_M1.wav,4.135000000000001,0.0,False
amdf_anchor_w25_b200,phone_M1.wav,0.025,0.0,False
amdf_anchor_w25_b200,phone_M1.wav,0.035,0.0,False
amdf_anchor_w25_b200,phone_M1.wav,0.045,0.0,False
amdf_anchor_w25_b200,phone_M1.wav,0.055,0.0,False
amdf_anchor_w25_b200,phone_M1.wav,0.065,0.0,False
amdf_anchor_w25_b200,phone_M1.wav,0.075,0.0,False
amdf_anchor_w25_b200,phone_M1.wav,0.085,0.0,False
amdf_anchor_w25_b200,phone_M1.wav,0.095,0.0,False
amdf_anchor_w25_b200,phone_M1.wav,0.105,0.0,False
amdf_anchor_w25_b200,phone_M1.wav,0.115,0.0,False
amdf_anchor_w25_b200,phone_M1.wav,0.125,0.0,False
amdf_anchor_w25_b200,phone_M1.wav,0.135,0.0,False
amdf_anchor_w25_b200,phone_M1.wav,0.145,0.0,False
amdf_anchor_w25_b200,phone_M1.wav,0.155,0.0,False
amdf_anchor_w25_b200,phone_M1.wav,0.165,0.0,False
amdf_anchor_w25_b200,phone_M1.wav,0.175,0.0,False
amdf_anchor_w25_b200,phone_M1.wav,0.185,0.0,False
amdf_anchor_w25_b200,phone_M1.wav,0.195,0.0,False
amdf_anchor_w25_b200,phone_M1.wav,0.205,0.0,False
amdf_anchor_w25_b200,phone_M1.wav,0.215,0.0,False
amdf_anchor_w25_b200,phone_M1.wav,0.225,0.0,False
amdf_anchor_w25_b200,phone_M1.wav,0.235,0.0,False
amdf_anchor_w25_b200,phone_M1.wav,0.245,0.0,False
amdf_anchor_w25_b200,phone_M1.wav,0.255,0.0,False
amdf_anchor_w25_b200,phone_M1.wav,0.265,0.0,False
amdf_anchor_w25_b200,phone_M1.wav,0.275,0.0,False
amdf_anchor_w25_b200,phone_M1.wav,0.285,0.0,False
amdf_anchor_w25_b200,phone_M1.wav,0.295,0.0,False
amdf_anchor_w25_b200,phone_M1.wav,0.305,0.0,False
amdf_anchor_w25_b200,phone_M1.wav,0.315,0.0,False
amdf_anchor_w25_b200,phone_M1.wav,0.325,0.0,False
amdf_anchor_w25_b200,phone_M1.wav,0.335,0.0,False
amdf_anchor_w25_b200,phone_M1.wav,0.345,0.0,False
amdf_anchor_w25_b200,phone_M1.wav,0.355,0.0,False
amdf_anchor_w25_b200,phone_M1.wav,0.365,0.0,False
amdf_anchor_w25_b200,phone_M1.wav,0.375,0.0,False
amdf_anchor_w25_b200,phone_M1.wav,0.385,0.0,False
amdf_anchor_w25_b200,phone_M1.wav,0.395,0.0,False
amdf_anchor_w25_b200,phone_M1.wav,0.405,0.0,False
amdf_anchor_w25_b200,phone_M1.wav,0.415,0.0,False
amdf_anchor_w25_b200,phone_M1.wav,0.425,0.0,False
amdf_anchor_w25_b200,phone_M1.wav,0.435,0.0,False
amdf_anchor_w25_b200,phone_M1.wav,0.445,0.0,False
amdf_anchor_w25_b200,phone_M1.wav,0.455,0.0,False
amdf_anchor_w25_b200,phone_M1.wav,0.465,0.0,False
amdf_anchor_w25_b200,phone_M1.wav,0.475,140.61140022952898,True
amdf_anchor_w25_b200,phone_M1.wav,0.485,136.56715016977773,True
amdf_anchor_w25_b200,phone_M1.wav,0.495,136.44348519005743,True
amdf_anchor_w25_b200,phone_M1.wav,0.505,136.3866377159719,True
amdf_anchor_w25_b200,phone_M1.wav,0.515,135.8206474638098,True
amdf_anchor_w25_b200,phone_M1.wav,0.525,135.08132047142837,True
amdf_anchor_w25_b200,phone_M1.wav,0.535,135.00097123327467,True
amdf_anchor_w25_b200,phone_M1.wav,0.545,136.13695582343033,True
amdf_anchor_w25_b200,phone_M1.wav,0.555,137.31248345292013,True
amdf_anchor_w25_b200,phone_M1.wav,0.565,138.43561130339424,True
amdf_anchor_w25_b200,phone_M1.wav,0.575,135.74634950396046,True
amdf_anchor_w25_b200,phone_M1.wav,0.585,136.7477927202596,True
amdf_anchor_w25_b200,phone_M1.wav,0.595,136.84700888757754,True
amdf_anchor_w25_b200,phone_M1.wav,0.605,137.54971990534997,True
amdf_anchor_w25_b200,phone_M1.wav,0.615,137.88325818934953,True
amdf_anchor_w25_b200,phone_M1.wav,0.625,138.08614530158968,True
amdf_anchor_w25_b200,phone_M1.wav,0.635,138.62005984651398,True
amdf_anchor_w25_b200,phone_M1.wav,0.645,138.28200730552624,True
amdf_anchor_w25_b200,phone_M1.wav,0.655,137.27781758679075,True
amdf_anchor_w25_b200,phone_M1.wav,0.665,134.97087231020333,True
amdf_anchor_w25_b200,phone_M1.wav,0.675,133.66099533633152,True
amdf_anchor_w25_b200,phone_M1.wav,0.685,132.38680968449032,True
amdf_anchor_w25_b200,phone_M1.wav,0.695,131.39266732884545,True
amdf_anchor_w25_b200,phone_M1.wav,0.705,128.7752604499131,True
amdf_anchor_w25_b200,phone_M1.wav,0.715,127.67606375592936,True
amdf_anchor_w25_b200,phone_M1.wav,0.725,125.56179782949324,True
amdf_anchor_w25_b200,phone_M1.wav,0.735,123.16819719957749,True
amdf_anchor_w25_b200,phone_M1.wav,0.745,122.66703204853812,True
amdf_anchor_w25_b200,phone_M1.wav,0.755,121.11374621287216,True
amdf_anchor_w25_b200,phone_M1.wav,0.765,119.00814895197138,True
amdf_anchor_w25_b200,phone_M1.wav,0.775,117.7853278848161,True
amdf_anchor_w25_b200,phone_M1.wav,0.785,116.52211886070339,True
amdf_anchor_w25_b200,phone_M1.wav,0.795,114.62539378572176,True
amdf_anchor_w25_b200,phone_M1.wav,0.805,112.82781627458259,True
amdf_anchor_w25_b200,phone_M1.wav,0.815,111.14156435978268,True
amdf_anchor_w25_b200,phone_M1.wav,0.825,116.28312873591662,True
amdf_anchor_w25_b200,phone_M1.wav,0.835,114.41498212036927,True
amdf_anchor_w25_b200,phone_M1.wav,0.845,116.74269356745413,True
amdf_anchor_w25_b200,phone_M1.wav,0.855,118.82750865703056,True
amdf_anchor_w25_b200,phone_M1.wav,0.865,119.26760876149031,True
amdf_anchor_w25_b200,phone_M1.wav,0.875,120.24963881767519,True
amdf_anchor_w25_b200,phone_M1.wav,0.885,122.29471610696208,True
amdf_anchor_w25_b200,phone_M1.wav,0.895,123.99110692288016,True
amdf_anchor_w25_b200,phone_M1.wav,0.905,124.8469868004664,True
amdf_anchor_w25_b200,phone_M1.wav,0.915,139.0919775933245,True
amdf_anchor_w25_b200,phone_M1.wav,0.925,133.2138283390675,True
amdf_anchor_w25_b200,phone_M1.wav,0.935,133.47013230100293,True
amdf_anchor_w25_b200,phone_M1.wav,0.945,135.09107990412252,True
amdf_anchor_w25_b200,phone_M1.wav,0.955,136.68967283805748,True
amdf_anchor_w25_b200,phone_M1.wav,0.965,138.57149891211094,True
amdf_anchor_w25_b200,phone_M1.wav,0.975,140.33816255588636,True
amdf_anchor_w25_b200,phone_M1.wav,0.985,140.92630479493454,True
amdf_anchor_w25_b200,phone_M1.wav,0.995,141.30103470323672,True
amdf_anchor_w25_b200,phone_M1.wav,1.005,142.32520197098495,True
amdf_anchor_w25_b200,phone_M1.wav,1.015,146.95179496537364,True
amdf_anchor_w25_b200,phone_M1.wav,1.025,148.95930253914142,True
amdf_anchor_w25_b200,phone_M1.wav,1.035,149.135094467618,True
amdf_anchor_w25_b200,phone_M1.wav,1.045,149.11400777293022,True
amdf_anchor_w25_b200,phone_M1.wav,1.055,149.3825306220188,True
amdf_anchor_w25_b200,phone_M1.wav,1.065,149.16781199569718,True
amdf_anchor_w25_b200,phone_M1.wav,1.075,147.99995079819035,True
amdf_anchor_w25_b200,phone_M1.wav,1.085,146.77841764224308,True
amdf_anchor_w25_b200,phone_M1.wav,1.095,144.77793042005513,True
amdf_anchor_w25_b200,phone_M1.wav,1.105,143.04353365088463,True
amdf_anchor_w25_b200,phone_M1.wav,1.115,142.45566061791,True
amdf_anchor_w25_b200,phone_M1.wav,1.125,139.09220940637604,True
amdf_anchor_w25_b200,phone_M1.wav,1.135,139.27045093983946,True
amdf_anchor_w25_b200,phone_M1.wav,1.145,147.7313474131549,True
amdf_anchor_w25_b200,phone_M1.wav,1.155,153.0131249503326,True
amdf_anchor_w25_b200,phone_M1.wav,1.165,158.1147111391564,True
amdf_anchor_w25_b200,phone_M1.wav,1.175,154.25159009489713,True
amdf_anchor_w25_b200,phone_M1.wav,1.185,153.94311242385814,True
amdf_anchor_w25_b200,phone_M1.wav,1.195,153.64577440710337,True
amdf_anchor_w25_b200,phone_M1.wav,1.205,152.73431079045372,True
amdf_anchor_w25_b200,phone_M1.wav,1.215,152.20421053692766,True
amdf_anchor_w25_b200,phone_M1.wav,1.225,141.50403472079816,True
amdf_anchor_w25_b200,phone_M1.wav,1.235,151.73885081497758,True
amdf_anchor_w25_b200,phone_M1.wav,1.245,153.08702369789177,True
amdf_anchor_w25_b200,phone_M1.wav,1.255,154.91567282801768,True
amdf_anchor_w25_b200,phone_M1.wav,1.265,156.38048532964382,True
amdf_anchor_w25_b200,phone_M1.wav,1.275,157.10717129820927,True
amdf_anchor_w25_b200,phone_M1.wav,1.285,156.20068357342058,True
amdf_anchor_w25_b200,phone_M1.wav,1.295,154.2817568784777,True
amdf_anchor_w25_b200,phone_M1.wav,1.305,152.96783631546376,True
amdf_anchor_w25_b200,phone_M1.wav,1.315,153.42235721812304,True
amdf_anchor_w25_b200,phone_M1.wav,1.325,152.19360577282131,True
amdf_anchor_w25_b200,phone_M1.wav,1.335,153.25331229705398,True
amdf_anchor_w25_b200,phone_M1.wav,1.345,153.51672593769493,True
amdf_anchor_w25_b200,phone_M1.wav,1.355,153.0324256693403,True
amdf_anchor_w25_b200,phone_M1.wav,1.365,153.34732468764798,True
amdf_anchor_w25_b200,phone_M1.wav,1.375,145.74613603074476,True
amdf_anchor_w25_b200,phone_M1.wav,1.385,148.11189965784035,True
amdf_anchor_w25_b200,phone_M1.wav,1.395,0.0,False
amdf_anchor_w25_b200,phone_M1.wav,1.405,0.0,False
amdf_anchor_w25_b200,phone_M1.wav,1.415,0.0,False
amdf_anchor_w25_b200,phone_M1.wav,1.425,0.0,False
amdf_anchor_w25_b200,phone_M1.wav,1.435,0.0,False
amdf_anchor_w25_b200,phone_M1.wav,1.445,0.0,False
amdf_anchor_w25_b200,phone_M1.wav,1.455,0.0,False
amdf_anchor_w25_b200,phone_M1.wav,1.465,0.0,False
amdf_anchor_w25_b200,phone_M1.wav,1.475,0.0,False
amdf_anchor_w25_b200,phone_M1.wav,1.485,0.0,False
amdf_anchor_w25_b200,phone_M1.wav,1.495,0.0,False
amdf_anchor_w25_b200,phone_M1.wav,1.505,119.23040745677676,True
amdf_anchor_w25_b200,phone_M1.wav,1.515,115.1711050464258,True
amdf_anchor_w25_b200,phone_M1.wav,1.525,114.3334492153201,True
amdf_anchor_w25_b200,phone_M1.wav,1.535,114.70073344682882,True
amdf_anchor_w25_b200,phone_M1.wav,1.545,114.61224207408594,True
amdf_anchor_w25_b200,phone_M1.wav,1.555,113.98988807536239,True
amdf_anchor_w25_b200,phone_M1.wav,1.565,112.8595417530294,True
amdf_anchor_w25_b200,phone_M1.wav,1.575,111.66867975031316,True
amdf_anchor_w25_b200,phone_M1.wav,1.585,109.75429749905729,True
amdf_anchor_w25_b200,phone_M1.wav,1.595,109.5823236913821,True
amdf_anchor_w25_b200,phone_M1.wav,1.605,112.38966519933976,True
amdf_anchor_w25_b200,phone_M1.wav,1.615,111.58528071938703,True
amdf_anchor_w25_b200,phone_M1.wav,1.625,109.02525485396231,True
amdf_anchor_w25_b200,phone_M1.wav,1.635,107.35206814817636,True
amdf_anchor_w25_b200,phone_M1.wav,1.645,107.1689686105737,True
amdf_anchor_w25_b200,phone_M1.wav,1.655,108.44724645304025,True
amdf_anchor_w25_b200,phone_M1.wav,1.665,109.55152876518127,True
amdf_anchor_w25_b200,phone_M1.wav,1.675,114.79784100300276,True
amdf_anchor_w25_b200,phone_M1.wav,1.685,112.48648752783402,True
amdf_anchor_w25_b200,phone_M1.wav,1.695,113.72006026255401,True
amdf_anchor_w25_b200,phone_M1.wav,1.705,0.0,False
amdf_anchor_w25_b200,phone_M1.wav,1.715,0.0,False
amdf_anchor_w25_b200,phone_M1.wav,1.725,0.0,False
amdf_anchor_w25_b200,phone_M1.wav,1.735,0.0,False
amdf_anchor_w25_b200,phone_M1.wav,1.745,0.0,False
amdf_anchor_w25_b200,phone_M1.wav,1.755,0.0,False
amdf_anchor_w25_b200,phone_M1.wav,1.765,0.0,False
amdf_anchor_w25_b200,phone_M1.wav,1.775,0.0,False
amdf_anchor_w25_b200,phone_M1.wav,1.785,0.0,False
amdf_anchor_w25_b200,phone_M1.wav,1.795,118.71237286304867,True
amdf_anchor_w25_b200,phone_M1.wav,1.805,122.91938039900599,True
amdf_anchor_w25_b200,phone_M1.wav,1.815,120.99336471572163,True
amdf_anchor_w25_b200,phone_M1.wav,1.825,121.12901048703986,True
amdf_anchor_w25_b200,phone_M1.wav,1.835,120.67575270256879,True
amdf_anchor_w25_b200,phone_M1.wav,1.845,120.42371991297419,True
amdf_anchor_w25_b200,phone_M1.wav,1.855,119.44283468047868,True
amdf_anchor_w25_b200,phone_M1.wav,1.865,117.18831733304071,True
amdf_anchor_w25_b200,phone_M1.wav,1.875,116.37900102805615,True
amdf_anchor_w25_b200,phone_M1.wav,1.885,114.04030097586997,True
amdf_anchor_w25_b200,phone_M1.wav,1.895,112.48405817333624,True
amdf_anchor_w25_b200,phone_M1.wav,1.905,111.42744784417076,True
amdf_anchor_w25_b200,phone_M1.wav,1.915,110.52666286830384,True
amdf_anchor_w25_b200,phone_M1.wav,1.925,110.04605462314947,True
amdf_anchor_w25_b200,phone_M1.wav,1.935,106.56881259398136,True
amdf_anchor_w25_b200,phone_M1.wav,1.945,103.21644471604483,True
amdf_anchor_w25_b200,phone_M1.wav,1.955,100.43364716968338,True
amdf_anchor_w25_b200,phone_M1.wav,1.965,98.11144657318252,True
amdf_anchor_w25_b200,phone_M1.wav,1.975,0.0,False
amdf_anchor_w25_b200,phone_M1.wav,1.985,473.45312592855447,True
amdf_anchor_w25_b200,phone_M1.wav,1.995,473.9153657679539,True
amdf_anchor_w25_b200,phone_M1.wav,2.005,0.0,False
amdf_anchor_w25_b200,phone_M1.wav,2.015,0.0,False
amdf_anchor_w25_b200,phone_M1.wav,2.025,102.41908391983722,True
amdf_anchor_w25_b200,phone_M1.wav,2.035,103.25870664082083,True
amdf_anchor_w25_b200,phone_M1.wav,2.045,101.44537268993899,True
amdf_anchor_w25_b200,phone_M1.wav,2.055,99.72290353219154,True
amdf_anchor_w25_b200,phone_M1.wav,2.065,96.16163943404464,True
amdf_anchor_w25_b200,phone_M1.wav,2.075,104.29427895441685,True
amdf_anchor_w25_b200,phone_M1.wav,2.085,106.91052638484442,True
amdf_anchor_w25_b200,phone_M1.wav,2.095,108.28548458580146,True
amdf_anchor_w25_b200,phone_M1.wav,2.105,106.4341157869309,True
amdf_anchor_w25_b200,phone_M1.wav,2.115,106.71535580299182,True
amdf_anchor_w25_b200,phone_M1.wav,2.125,108.68880556411654,True
amdf_anchor_w25_b200,phone_M1.wav,2.135,112.4885359182962,True
amdf_anchor_w25_b200,phone_M1.wav,2.145,121.22513083615078,True
amdf_anchor_w25_b200,phone_M1.wav,2.155,125.9582016301792,True
amdf_anchor_w25_b200,phone_M1.wav,2.165,121.17142033902753,True
amdf_anchor_w25_b200,phone_M1.wav,2.175,123.92386314623265,True
amdf_anchor_w25_b200,phone_M1.wav,2.185,123.32378687732383,True
amdf_anchor_w25_b200,phone_M1.wav,2.195,122.68248317556238,True
amdf_anchor_w25_b200,phone_M1.wav,2.205,121.77149717229747,True
amdf_anchor_w25_b200,phone_M1.wav,2.215,120.53340426110351,True
amdf_anchor_w25_b200,phone_M1.wav,2.225,120.19262051230776,True
amdf_anchor_w25_b200,phone_M1.wav,2.235,118.32377943103339,True
amdf_anchor_w25_b200,phone_M1.wav,2.245,117.48548169616656,True
amdf_anchor_w25_b200,phone_M1.wav,2.255,116.43248635174433,True
amdf_anchor_w25_b200,phone_M1.wav,2.265,115.17158322287533,True
amdf_anchor_w25_b200,phone_M1.wav,2.275,114.8877726677132,True
amdf_anchor_w25_b200,phone_M1.wav,2.285,114.35637775101226,True
amdf_anchor_w25_b200,phone_M1.wav,2.295,113.37764934938492,True
amdf_anchor_w25_b200,phone_M1.wav,2.305,111.75821289757964,True
amdf_anchor_w25_b200,phone_M1.wav,2.315,111.4764353683385,True
amdf_anchor_w25_b200,phone_M1.wav,2.325,109.8129269930601,True
amdf_anchor_w25_b200,phone_M1.wav,2.335,109.53171099417085,True
amdf_anchor_w25_b200,phone_M1.wav,2.345,109.60150192519804,True
amdf_anchor_w25_b200,phone_M1.wav,2.355,110.18367050708117,True
amdf_anchor_w25_b200,phone_M1.wav,2.365,111.03388579701685,True
amdf_anchor_w25_b200,phone_M1.wav,2.375,111.54831681121587,True
amdf_anchor_w25_b200,phone_M1.wav,2.385,114.27726941683781,True
amdf_anchor_w25_b200,phone_M1.wav,2.395,115.16687606473837,True
amdf_anchor_w25_b200,phone_M1.wav,2.405,112.00273054078652,True
amdf_anchor_w25_b200,phone_M1.wav,2.415,118.69867267462277,True
amdf_anchor_w25_b200,phone_M1.wav,2.425,123.70723214100175,True
amdf_anchor_w25_b200,phone_M1.wav,2.435,125.27083800229572,True
amdf_anchor_w25_b200,phone_M1.wav,2.445,127.03238542403017,True
amdf_anchor_w25_b200,phone_M1.wav,2.455,130.56989395421223,True
amdf_anchor_w25_b200,phone_M1.wav,2.465,126.43069324681312,True
amdf_anchor_w25_b200,phone_M1.wav,2.475,123.061773285868,True
amdf_anchor_w25_b200,phone_M1.wav,2.485,121.68036719318604,True
amdf_anchor_w25_b200,phone_M1.wav,2.495,127.33724727792367,True
amdf_anchor_w25_b200,phone_M1.wav,2.505,110.33510582319578,True
amdf_anchor_w25_b200,phone_M1.wav,2.515,110.90302432190406,True
amdf_anchor_w25_b200,phone_M1.wav,2.525,111.19728472074651,True
amdf_anchor_w25_b200,phone_M1.wav,2.535,110.64831399706564,True
amdf_anchor_w25_b200,phone_M1.wav,2.545,111.18540295634656,True
amdf_anchor_w25_b200,phone_M1.wav,2.555,109.3645320285213,True
amdf_anchor_w25_b200,phone_M1.wav,2.565,109.55492082276245,True
amdf_anchor_w25_b200,phone_M1.wav,2.575,108.35040061768765,True
amdf_anchor_w25_b200,phone_M1.wav,2.585,108.58230211321587,True
amdf_anchor_w25_b200,phone_M1.wav,2.595,108.07437149074819,True
amdf_anchor_w25_b200,phone_M1.wav,2.605,108.01084333487032,True
amdf_anchor_w25_b200,phone_M1.wav,2.615,107.48160983704298,True
amdf_anchor_w25_b200,phone_M1.wav,2.625,106.68555904753099,True
amdf_anchor_w25_b200,phone_M1.wav,2.635,105.95773605486261,True
amdf_anchor_w25_b200,phone_M1.wav,2.645,104.51531977242507,True
amdf_anchor_w25_b200,phone_M1.wav,2.655,104.0369418090266,True
amdf_anchor_w25_b200,phone_M1.wav,2.665,103.33784470959671,True
amdf_anchor_w25_b200,phone_M1.wav,2.675,102.70091353177507,True
amdf_anchor_w25_b200,phone_M1.wav,2.685,102.59480407993908,True
amdf_anchor_w25_b200,phone_M1.wav,2.695,103.15419753570292,True
amdf_anchor_w25_b200,phone_M1.wav,2.705,103.72089219713192,True
amdf_anchor_w25_b200,phone_M1.wav,2.715,111.95421419273394,True
amdf_anchor_w25_b200,phone_M1.wav,2.725,0.0,False
amdf_anchor_w25_b200,phone_M1.wav,2.735,0.0,False
amdf_anchor_w25_b200,phone_M1.wav,2.745,0.0,False
amdf_anchor_w25_b200,phone_M1.wav,2.755,0.0,False
amdf_anchor_w25_b200,phone_M1.wav,2.765,0.0,False
amdf_anchor_w25_b200,phone_M1.wav,2.775,0.0,False
amdf_anchor_w25_b200,phone_M1.wav,2.785,0.0,False
amdf_anchor_w25_b200,phone_M1.wav,2.795,0.0,False
amdf_anchor_w25_b200,phone_M1.wav,2.805,0.0,False
amdf_anchor_w25_b200,phone_M1.wav,2.815,0.0,False
amdf_anchor_w25_b200,phone_M1.wav,2.825,0.0,False
amdf_anchor_w25_b200,phone_M1.wav,2.835,0.0,False
amdf_anchor_w25_b200,phone_M1.wav,2.845,0.0,False
amdf_anchor_w25_b200,phone_M1.wav,2.855,0.0,False
amdf_anchor_w25_b200,phone_M1.wav,2.865,0.0,False
amdf_anchor_w25_b200,phone_M1.wav,2.875,134.94177461351055,True
amdf_anchor_w25_b200,phone_M1.wav,2.885,136.74338673966338,True
amdf_anchor_w25_b200,phone_M1.wav,2.895,135.48923709559537,True
amdf_anchor_w25_b200,phone_M1.wav,2.905,135.56390282023048,True
amdf_anchor_w25_b200,phone_M1.wav,2.915,136.51759750395084,True
amdf_anchor_w25_b200,phone_M1.wav,2.925,138.19315337122865,True
amdf_anchor_w25_b200,phone_M1.wav,2.935,0.0,False
amdf_anchor_w25_b200,phone_M1.wav,2.945,0.0,False
amdf_anchor_w25_b200,phone_M1.wav,2.955,0.0,False
amdf_anchor_w25_b200,phone_M1.wav,2.965,0.0,False
amdf_anchor_w25_b200,phone_M1.wav,2.975,0.0,False
amdf_anchor_w25_b200,phone_M1.wav,2.985,0.0,False
amdf_anchor_w25_b200,phone_M1.wav,2.995,0.0,False
amdf_anchor_w25_b200,phone_M1.wav,3.005,0.0,False
amdf_anchor_w25_b200,phone_M1.wav,3.015,0.0,False
amdf_anchor_w25_b200,phone_M1.wav,3.025,0.0,False
amdf_anchor_w25_b200,phone_M1.wav,3.035,0.0,False
amdf_anchor_w25_b200,phone_M1.wav,3.045,0.0,False
amdf_anchor_w25_b200,phone_M1.wav,3.055,0.0,False
amdf_anchor_w25_b200,phone_M1.wav,3.065,0.0,False
amdf_anchor_w25_b200,phone_M1.wav,3.075,0.0,False
amdf_anchor_w25_b200,phone_M1.wav,3.085,0.0,False
amdf_anchor_w25_b200,phone_M1.wav,3.095,0.0,False
amdf_anchor_w25_b200,phone_M1.wav,3.105,111.06561920424248,True
amdf_anchor_w25_b200,phone_M1.wav,3.115,92.65515404521004,True
amdf_anchor_w25_b200,phone_M1.wav,3.125,99.81372717963758,True
amdf_anchor_w25_b200,phone_M1.wav,3.135,92.36570234129957,True
amdf_anchor_w25_b200,phone_M1.wav,3.145,92.61064370184127,True
amdf_anchor_w25_b200,phone_M1.wav,3.155,94.16937025600197,True
amdf_anchor_w25_b200,phone_M1.wav,3.165,96.22364603018615,True
amdf_anchor_w25_b200,phone_M1.wav,3.175,97.03815557500656,True
amdf_anchor_w25_b200,phone_M1.wav,3.185,101.49544437530486,True
amdf_anchor_w25_b200,phone_M1.wav,3.195,101.20151732066144,True
amdf_anchor_w25_b200,phone_M1.wav,3.205,100.46275722054135,True
amdf_anchor_w25_b200,phone_M1.wav,3.215,99.43251088619611,True
amdf_anchor_w25_b200,phone_M1.wav,3.225,98.91809229956668,True
amdf_anchor_w25_b200,phone_M1.wav,3.235,98.91360506456651,True
amdf_anchor_w25_b200,phone_M1.wav,3.245,100.49477813003473,True
amdf_anchor_w25_b200,phone_M1.wav,3.255,101.46294717793857,True
amdf_anchor_w25_b200,phone_M1.wav,3.265,104.82484202557704,True
amdf_anchor_w25_b200,phone_M1.wav,3.275,110.81949938859171,True
amdf_anchor_w25_b200,phone_M1.wav,3.285,111.58735576198498,True
amdf_anchor_w25_b200,phone_M1.wav,3.295,0.0,False
amdf_anchor_w25_b200,phone_M1.wav,3.305,0.0,False
amdf_anchor_w25_b200,phone_M1.wav,3.315,0.0,False
amdf_anchor_w25_b200,phone_M1.wav,3.325,0.0,False
amdf_anchor_w25_b200,phone_M1.wav,3.335,0.0,False
amdf_anchor_w25_b200,phone_M1.wav,3.345,0.0,False
amdf_anchor_w25_b200,phone_M1.wav,3.355,0.0,False
amdf_anchor_w25_b200,phone_M1.wav,3.365,0.0,False
amdf_anchor_w25_b200,phone_M1.wav,3.375,0.0,False
amdf_anchor_w25_b200,phone_M1.wav,3.385,0.0,False
amdf_anchor_w25_b200,phone_M1.wav,3.395,0.0,False
amdf_anchor_w25_b200,phone_M1.wav,3.405,0.0,False
amdf_anchor_w25_b200,phone_M1.wav,3.415,0.0,False
amdf_anchor_w25_b200,phone_M1.wav,3.425,0.0,False
amdf_anchor_w25_b200,phone_M1.wav,3.435,0.0,False
amdf_anchor_w25_b200,phone_M1.wav,3.445,138.0437578402067,True
amdf_anchor_w25_b200,phone_M1.wav,3.455,117.55825286079047,True
amdf_anchor_w25_b200,phone_M1.wav,3.465,116.92404410812499,True
amdf_anchor_w25_b200,phone_M1.wav,3.475,112.78874015003151,True
amdf_anchor_w25_b200,phone_M1.wav,3.485,108.91503630531122,True
amdf_anchor_w25_b200,phone_M1.wav,3.495,105.5714102805694,True
amdf_anchor_w25_b200,phone_M1.wav,3.505,102.54203393194399,True
amdf_anchor_w25_b200,phone_M1.wav,3.515,95.82837727409543,True
amdf_anchor_w25_b200,phone_M1.wav,3.525,0.0,False
amdf_anchor_w25_b200,phone_M1.wav,3.535,0.0,False
amdf_anchor_w25_b200,phone_M1.wav,3.545,0.0,False
amdf_anchor_w25_b200,phone_M1.wav,3.555,0.0,False
amdf_anchor_w25_b200,phone_M1.wav,3.565,0.0,False
amdf_anchor_w25_b200,phone_M1.wav,3.575,0.0,False
amdf_anchor_w25_b200,phone_M1.wav,3.585,0.0,False
amdf_anchor_w25_b200,phone_M1.wav,3.595,0.0,False
amdf_anchor_w25_b200,phone_M1.wav,3.605,0.0,False
amdf_anchor_w25_b200,phone_M1.wav,3.615,0.0,False
amdf_anchor_w25_b200,phone_M1.wav,3.625,0.0,False
amdf_anchor_w25_b200,phone_M1.wav,3.635,0.0,False
amdf_anchor_w25_b200,phone_M1.wav,3.645,0.0,False
amdf_anchor_w25_b200,phone_M1.wav,3.655,0.0,False
amdf_anchor_w25_b200,phone_M1.wav,3.665,0.0,False
amdf_anchor_w25_b200,phone_M1.wav,3.675,0.0,False
amdf_anchor_w25_b200,phone_M1.wav,3.685,0.0,False
amdf_anchor_w25_b200,phone_M1.wav,3.695,0.0,False
amdf_anchor_w25_b200,phone_M1.wav,3.705,0.0,False
amdf_anchor_w25_b200,phone_M1.wav,3.715,0.0,False
amdf_anchor_w25_b200,phone_M1.wav,3.725,0.0,False
amdf_anchor_w25_b200,phone_M1.wav,3.735,0.0,False
amdf_anchor_w25_b200,phone_M1.wav,3.745,0.0,False
amdf_anchor_w25_b200,phone_M1.wav,3.755,0.0,False
amdf_anchor_w25_b200,phone_M1.wav,3.765,0.0,False
amdf_anchor_w25_b200,phone_M1.wav,3.775,0.0,False
amdf_anchor_w25_b200,phone_M1.wav,3.785,0.0,False
amdf_anchor_w25_b200,phone_M1.wav,3.795,0.0,False
amdf_anchor_w25_b200,phone_M1.wav,3.805,0.0,False
amdf_anchor_w25_b200,phone_M1.wav,3.815,0.0,False
amdf_anchor_w25_b200,phone_M1.wav,3.825,0.0,False
amdf_anchor_w25_b200,phone_M1.wav,3.835,0.0,False
amdf_anchor_w25_b200,phone_M1.wav,3.845,0.0,False
amdf_anchor_w25_b200,phone_M1.wav,3.855,0.0,False
amdf_anchor_w25_b200,phone_M1.wav,3.865,0.0,False
amdf_anchor_w25_b200,phone_M1.wav,3.875,0.0,False
amdf_anchor_w25_b200,phone_M1.wav,3.885,0.0,False
amdf_anchor_w25_b200,phone_M1.wav,3.895,0.0,False
amdf_anchor_w25_b200,phone_M1.wav,3.905,0.0,False
amdf_anchor_w25_b200,phone_M1.wav,3.915,0.0,False
amdf_anchor_w25_b200,phone_M1.wav,3.925,0.0,False
amdf_anchor_w25_b200,phone_M1.wav,3.935,0.0,False
amdf_anchor_w25_b200,phone_M1.wav,3.945,0.0,False
amdf_anchor_w25_b200,phone_M1.wav,3.955,0.0,False
amdf_anchor_w25_b200,phone_M1.wav,3.965,0.0,False
amdf_anchor_w25_b200,phone_M1.wav,3.975,0.0,False
amdf_anchor_w25_b200,phone_M1.wav,3.985,0.0,False
amdf_anchor_w25_b200,phone_M1.wav,3.995,0.0,False
amdf_anchor_w25_b200,phone_M1.wav,4.005,0.0,False
amdf_anchor_w25_b200,phone_M1.wav,4.015000000000001,0.0,False
amdf_anchor_w25_b200,phone_M1.wav,4.025,0.0,False
amdf_anchor_w25_b200,phone_M1.wav,4.035,0.0,False
amdf_anchor_w25_b200,phone_M1.wav,4.045000000000001,0.0,False
amdf_anchor_w25_b200,phone_M1.wav,4.055000000000001,0.0,False
amdf_anchor_w25_b200,phone_M1.wav,4.065,0.0,False
amdf_anchor_w25_b200,phone_M1.wav,4.075,0.0,False
amdf_anchor_w25_b200,phone_M1.wav,4.085000000000001,0.0,False
amdf_anchor_w25_b200,phone_M1.wav,4.095000000000001,0.0,False
amdf_anchor_w25_b200,phone_M1.wav,4.105,0.0,False
amdf_anchor_w25_b200,phone_M1.wav,4.115,0.0,False
amdf_anchor_w25_b200,phone_M1.wav,4.125,0.0,False
amdf_anchor_w25_b200,phone_M1.wav,4.135000000000001,0.0,False
amdf_anchor_w40_b200,phone_M1.wav,0.025,0.0,False
amdf_anchor_w40_b200,phone_M1.wav,0.035,0.0,False
amdf_anchor_w40_b200,phone_M1.wav,0.045,0.0,False
amdf_anchor_w40_b200,phone_M1.wav,0.055,0.0,False
amdf_anchor_w40_b200,phone_M1.wav,0.065,0.0,False
amdf_anchor_w40_b200,phone_M1.wav,0.075,0.0,False
amdf_anchor_w40_b200,phone_M1.wav,0.085,0.0,False
amdf_anchor_w40_b200,phone_M1.wav,0.095,0.0,False
amdf_anchor_w40_b200,phone_M1.wav,0.105,0.0,False
amdf_anchor_w40_b200,phone_M1.wav,0.115,0.0,False
amdf_anchor_w40_b200,phone_M1.wav,0.125,0.0,False
amdf_anchor_w40_b200,phone_M1.wav,0.135,0.0,False
amdf_anchor_w40_b200,phone_M1.wav,0.145,0.0,False
amdf_anchor_w40_b200,phone_M1.wav,0.155,0.0,False
amdf_anchor_w40_b200,phone_M1.wav,0.165,0.0,False
amdf_anchor_w40_b200,phone_M1.wav,0.175,0.0,False
amdf_anchor_w40_b200,phone_M1.wav,0.185,0.0,False
amdf_anchor_w40_b200,phone_M1.wav,0.195,0.0,False
amdf_anchor_w40_b200,phone_M1.wav,0.205,0.0,False
amdf_anchor_w40_b200,phone_M1.wav,0.215,0.0,False
amdf_anchor_w40_b200,phone_M1.wav,0.225,0.0,False
amdf_anchor_w40_b200,phone_M1.wav,0.235,0.0,False
amdf_anchor_w40_b200,phone_M1.wav,0.245,0.0,False
amdf_anchor_w40_b200,phone_M1.wav,0.255,0.0,False
amdf_anchor_w40_b200,phone_M1.wav,0.265,0.0,False
amdf_anchor_w40_b200,phone_M1.wav,0.275,0.0,False
amdf_anchor_w40_b200,phone_M1.wav,0.285,0.0,False
amdf_anchor_w40_b200,phone_M1.wav,0.295,0.0,False
amdf_anchor_w40_b200,phone_M1.wav,0.305,0.0,False
amdf_anchor_w40_b200,phone_M1.wav,0.315,0.0,False
amdf_anchor_w40_b200,phone_M1.wav,0.325,0.0,False
amdf_anchor_w40_b200,phone_M1.wav,0.335,0.0,False
amdf_anchor_w40_b200,phone_M1.wav,0.345,0.0,False
amdf_anchor_w40_b200,phone_M1.wav,0.355,0.0,False
amdf_anchor_w40_b200,phone_M1.wav,0.365,0.0,False
amdf_anchor_w40_b200,phone_M1.wav,0.375,0.0,False
amdf_anchor_w40_b200,phone_M1.wav,0.385,0.0,False
amdf_anchor_w40_b200,phone_M1.wav,0.395,0.0,False
amdf_anchor_w40_b200,phone_M1.wav,0.405,0.0,False
amdf_anchor_w40_b200,phone_M1.wav,0.415,0.0,False
amdf_anchor_w40_b200,phone_M1.wav,0.425,0.0,False
amdf_anchor_w40_b200,phone_M1.wav,0.435,0.0,False
amdf_anchor_w40_b200,phone_M1.wav,0.445,0.0,False
amdf_anchor_w40_b200,phone_M1.wav,0.455,0.0,False
amdf_anchor_w40_b200,phone_M1.wav,0.465,0.0,False
amdf_anchor_w40_b200,phone_M1.wav,0.475,137.41095680621027,True
amdf_anchor_w40_b200,phone_M1.wav,0.485,136.5210698017478,True
amdf_anchor_w40_b200,phone_M1.wav,0.495,136.500118185768,True
amdf_anchor_w40_b200,phone_M1.wav,0.505,136.17059322687868,True
amdf_anchor_w40_b200,phone_M1.wav,0.515,135.67986940377799,True
amdf_anchor_w40_b200,phone_M1.wav,0.525,135.38148626925795,True
amdf_anchor_w40_b200,phone_M1.wav,0.535,135.44438148601793,True
amdf_anchor_w40_b200,phone_M1.wav,0.545,136.29513694351968,True
amdf_anchor_w40_b200,phone_M1.wav,0.555,136.73758850793783,True
amdf_anchor_w40_b200,phone_M1.wav,0.565,136.0492028580776,True
amdf_anchor_w40_b200,phone_M1.wav,0.575,136.7003046624942,True
amdf_anchor_w40_b200,phone_M1.wav,0.585,136.74101816057808,True
amdf_anchor_w40_b200,phone_M1.wav,0.595,137.01925956880072,True
amdf_anchor_w40_b200,phone_M1.wav,0.605,137.56070310310275,True
amdf_anchor_w40_b200,phone_M1.wav,0.615,137.88455363823172,True
amdf_anchor_w40_b200,phone_M1.wav,0.625,138.10541964751357,True
amdf_anchor_w40_b200,phone_M1.wav,0.635,138.24178705347023,True
amdf_anchor_w40_b200,phone_M1.wav,0.645,138.12483388259582,True
amdf_anchor_w40_b200,phone_M1.wav,0.655,137.5972388284806,True
amdf_anchor_w40_b200,phone_M1.wav,0.665,136.42146137160125,True
amdf_anchor_w40_b200,phone_M1.wav,0.675,133.63072714960265,True
amdf_anchor_w40_b200,phone_M1.wav,0.685,132.50932666918038,True
amdf_anchor_w40_b200,phone_M1.wav,0.695,131.69825411758174,True
amdf_anchor_w40_b200,phone_M1.wav,0.705,128.94063619556516,True
amdf_anchor_w40_b200,phone_M1.wav,0.715,127.363456358443,True
amdf_anchor_w40_b200,phone_M1.wav,0.725,125.38530400027726,True
amdf_anchor_w40_b200,phone_M1.wav,0.735,123.36600318568792,True
amdf_anchor_w40_b200,phone_M1.wav,0.745,122.51896293200333,True
amdf_anchor_w40_b200,phone_M1.wav,0.755,121.5419520656429,True
amdf_anchor_w40_b200,phone_M1.wav,0.765,118.94905654755505,True
amdf_anchor_w40_b200,phone_M1.wav,0.775,117.9719396466572,True
amdf_anchor_w40_b200,phone_M1.wav,0.785,117.2413227790755,True
amdf_anchor_w40_b200,phone_M1.wav,0.795,115.1414999386586,True
amdf_anchor_w40_b200,phone_M1.wav,0.805,113.52668440618012,True
amdf_anchor_w40_b200,phone_M1.wav,0.815,112.9006042357791,True
amdf_anchor_w40_b200,phone_M1.wav,0.825,113.81978806872482,True
amdf_anchor_w40_b200,phone_M1.wav,0.835,116.27299088546526,True
amdf_anchor_w40_b200,phone_M1.wav,0.845,116.66687187702931,True
amdf_anchor_w40_b200,phone_M1.wav,0.855,118.80790737747995,True
amdf_anchor_w40_b200,phone_M1.wav,0.865,119.3983291815055,True
amdf_anchor_w40_b200,phone_M1.wav,0.875,120.56376764964956,True
amdf_anchor_w40_b200,phone_M1.wav,0.885,122.68424753338257,True
amdf_anchor_w40_b200,phone_M1.wav,0.895,123.93805169761308,True
amdf_anchor_w40_b200,phone_M1.wav,0.905,130.95560849422822,True
amdf_anchor_w40_b200,phone_M1.wav,0.915,130.98774806676664,True
amdf_anchor_w40_b200,phone_M1.wav,0.925,133.37343661057145,True
amdf_anchor_w40_b200,phone_M1.wav,0.935,133.56008196583602,True
amdf_anchor_w40_b200,phone_M1.wav,0.945,135.26088259020796,True
amdf_anchor_w40_b200,phone_M1.wav,0.955,136.35397645419422,True
amdf_anchor_w40_b200,phone_M1.wav,0.965,138.1173238938928,True
amdf_anchor_w40_b200,phone_M1.wav,0.975,139.35139038355382,True
amdf_anchor_w40_b200,phone_M1.wav,0.985,140.31979981980328,True
amdf_anchor_w40_b200,phone_M1.wav,0.995,141.62055490078288,True
amdf_anchor_w40_b200,phone_M1.wav,1.005,142.84659782624817,True
amdf_anchor_w40_b200,phone_M1.wav,1.015,146.93872042398098,True
amdf_anchor_w40_b200,phone_M1.wav,1.025,148.35834384024642,True
amdf_anchor_w40_b200,phone_M1.wav,1.035,148.8561312960773,True
amdf_anchor_w40_b200,phone_M1.wav,1.045,149.20847770896833,True
amdf_anchor_w40_b200,phone_M1.wav,1.055,149.28107102805896,True
amdf_anchor_w40_b200,phone_M1.wav,1.065,148.75361748235713,True
amdf_anchor_w40_b200,phone_M1.wav,1.075,147.78664775776693,True
amdf_anchor_w40_b200,phone_M1.wav,1.085,146.9048735840855,True
amdf_anchor_w40_b200,phone_M1.wav,1.095,145.26327185776432,True
amdf_anchor_w40_b200,phone_M1.wav,1.105,143.58597336208922,True
amdf_anchor_w40_b200,phone_M1.wav,1.115,142.4984960805545,True
amdf_anchor_w40_b200,phone_M1.wav,1.125,141.47261795478846,True
amdf_anchor_w40_b200,phone_M1.wav,1.135,146.57349370437447,True
amdf_anchor_w40_b200,phone_M1.wav,1.145,151.35287733400187,True
amdf_anchor_w40_b200,phone_M1.wav,1.155,154.32892042278027,True
amdf_anchor_w40_b200,phone_M1.wav,1.165,156.61614177084695,True
amdf_anchor_w40_b200,phone_M1.wav,1.175,154.20667264446112,True
amdf_anchor_w40_b200,phone_M1.wav,1.185,153.97129292007853,True
amdf_anchor_w40_b200,phone_M1.wav,1.195,153.5416791898208,True
amdf_anchor_w40_b200,phone_M1.wav,1.205,153.08909261775247,True
amdf_anchor_w40_b200,phone_M1.wav,1.215,152.44769116402438,True
amdf_anchor_w40_b200,phone_M1.wav,1.225,151.75324883451484,True
amdf_anchor_w40_b200,phone_M1.wav,1.235,151.96067848305688,True
amdf_anchor_w40_b200,phone_M1.wav,1.245,153.49585300828903,True
amdf_anchor_w40_b200,phone_M1.wav,1.255,155.06099244427716,True
amdf_anchor_w40_b200,phone_M1.wav,1.265,156.38721924075827,True
amdf_anchor_w40_b200,phone_M1.wav,1.275,156.55099094792004,True
amdf_anchor_w40_b200,phone_M1.wav,1.285,155.95188419271562,True
amdf_anchor_w40_b200,phone_M1.wav,1.295,155.1177122547271,True
amdf_anchor_w40_b200,phone_M1.wav,1.305,153.82606835750232,True
amdf_anchor_w40_b200,phone_M1.wav,1.315,152.67034483919426,True
amdf_anchor_w40_b200,phone_M1.wav,1.325,153.17405874972047,True
amdf_anchor_w40_b200,phone_M1.wav,1.335,152.79370744072887,True
amdf_anchor_w40_b200,phone_M1.wav,1.345,153.35944998899015,True
amdf_anchor_w40_b200,phone_M1.wav,1.355,153.27637903150992,True
amdf_anchor_w40_b200,phone_M1.wav,1.365,151.88610846512105,True
amdf_anchor_w40_b200,phone_M1.wav,1.375,148.6372794509257,True
amdf_anchor_w40_b200,phone_M1.wav,1.385,149.96177241193112,True
amdf_anchor_w40_b200,phone_M1.wav,1.395,0.0,False
amdf_anchor_w40_b200,phone_M1.wav,1.405,0.0,False
amdf_anchor_w40_b200,phone_M1.wav,1.415,0.0,False
amdf_anchor_w40_b200,phone_M1.wav,1.425,0.0,False
amdf_anchor_w40_b200,phone_M1.wav,1.435,0.0,False
amdf_anchor_w40_b200,phone_M1.wav,1.445,0.0,False
amdf_anchor_w40_b200,phone_M1.wav,1.455,0.0,False
amdf_anchor_w40_b200,phone_M1.wav,1.465,0.0,False
amdf_anchor_w40_b200,phone_M1.wav,1.475,0.0,False
amdf_anchor_w40_b200,phone_M1.wav,1.485,0.0,False
amdf_anchor_w40_b200,phone_M1.wav,1.495,0.0,False
amdf_anchor_w40_b200,phone_M1.wav,1.505,116.45207427743865,True
amdf_anchor_w40_b200,phone_M1.wav,1.515,114.65315565145491,True
amdf_anchor_w40_b200,phone_M1.wav,1.525,114.65228950729761,True
amdf_anchor_w40_b200,phone_M1.wav,1.535,114.60463633988826,True
amdf_anchor_w40_b200,phone_M1.wav,1.545,114.44287391274568,True
amdf_anchor_w40_b200,phone_M1.wav,1.555,114.05850167393545,True
amdf_anchor_w40_b200,phone_M1.wav,1.565,113.28243106716246,True
amdf_anchor_w40_b200,phone_M1.wav,1.575,111.79458939374393,True
amdf_anchor_w40_b200,phone_M1.wav,1.585,110.317163679629,True
amdf_anchor_w40_b200,phone_M1.wav,1.595,109.8455376790692,True
amdf_anchor_w40_b200,phone_M1.wav,1.605,110.84832211931932,True
amdf_anchor_w40_b200,phone_M1.wav,1.615,111.36274678052928,True
amdf_anchor_w40_b200,phone_M1.wav,1.625,110.31784718433404,True
amdf_anchor_w40_b200,phone_M1.wav,1.635,107.69020479761285,True
amdf_anchor_w40_b200,phone_M1.wav,1.645,107.61010851022381,True
amdf_anchor_w40_b200,phone_M1.wav,1.655,108.27214919636492,True
amdf_anchor_w40_b200,phone_M1.wav,1.665,108.80469305726109,True
amdf_anchor_w40_b200,phone_M1.wav,1.675,111.85576814314761,True
amdf_anchor_w40_b200,phone_M1.wav,1.685,112.98132664812131,True
amdf_anchor_w40_b200,phone_M1.wav,1.695,112.2093138009272,True
amdf_anchor_w40_b200,phone_M1.wav,1.705,0.0,False
amdf_anchor_w40_b200,phone_M1.wav,1.715,0.0,False
amdf_anchor_w40_b200,phone_M1.wav,1.725,0.0,False
amdf_anchor_w40_b200,phone_M1.wav,1.735,0.0,False
amdf_anchor_w40_b200,phone_M1.wav,1.745,0.0,False
amdf_anchor_w40_b200,phone_M1.wav,1.755,0.0,False
amdf_anchor_w40_b200,phone_M1.wav,1.765,0.0,False
amdf_anchor_w40_b200,phone_M1.wav,1.775,0.0,False
amdf_anchor_w40_b200,phone_M1.wav,1.785,0.0,False
amdf_anchor_w40_b200,phone_M1.wav,1.795,122.46935052375284,True
amdf_anchor_w40_b200,phone_M1.wav,1.805,121.06687561127819,True
amdf_anchor_w40_b200,phone_M1.wav,1.815,121.12410696973672,True
amdf_anchor_w40_b200,phone_M1.wav,1.825,120.85603132727859,True
amdf_anchor_w40_b200,phone_M1.wav,1.835,120.63166176261606,True
amdf_anchor_w40_b200,phone_M1.wav,1.845,120.30535359718459,True
amdf_anchor_w40_b200,phone_M1.wav,1.855,119.38720249257499,True
amdf_anchor_w40_b200,phone_M1.wav,1.865,117.37861584176218,True
amdf_anchor_w40_b200,phone_M1.wav,1.875,116.47937641058645,True
amdf_anchor_w40_b200,phone_M1.wav,1.885,114.16968582759746,True
amdf_anchor_w40_b200,phone_M1.wav,1.895,112.51479514834108,True
amdf_anchor_w40_b200,phone_M1.wav,1.905,111.35226434877644,True
amdf_anchor_w40_b200,phone_M1.wav,1.915,110.5942616561292,True
amdf_anchor_w40_b200,phone_M1.wav,1.925,110.09936731379051,True
amdf_anchor_w40_b200,phone_M1.wav,1.935,108.85256490038782,True
amdf_anchor_w40_b200,phone_M1.wav,1.945,101.88173299640329,True
amdf_anchor_w40_b200,phone_M1.wav,1.955,100.38140639110311,True
amdf_anchor_w40_b200,phone_M1.wav,1.965,99.60231033786944,True
amdf_anchor_w40_b200,phone_M1.wav,1.975,0.0,False
amdf_anchor_w40_b200,phone_M1.wav,1.985,473.45312592855447,True
amdf_anchor_w40_b200,phone_M1.wav,1.995,473.9153657679539,True
amdf_anchor_w40_b200,phone_M1.wav,2.005,0.0,False
amdf_anchor_w40_b200,phone_M1.wav,2.015,0.0,False
amdf_anchor_w40_b200,phone_M1.wav,2.025,93.7444125465812,True
amdf_anchor_w40_b200,phone_M1.wav,2.035,102.7334563325394,True
amdf_anchor_w40_b200,phone_M1.wav,2.045,101.21603284036641,True
amdf_anchor_w40_b200,phone_M1.wav,2.055,100.39346053233668,True
amdf_anchor_w40_b200,phone_M1.wav,2.065,100.66637493296469,True
amdf_anchor_w40_b200,phone_M1.wav,2.075,103.78132300163148,True
amdf_anchor_w40_b200,phone_M1.wav,2.085,104.89888583840842,True
amdf_anchor_w40_b200,phone_M1.wav,2.095,106.9673785666493,True
amdf_anchor_w40_b200,phone_M1.wav,2.105,106.56044574358715,True
amdf_anchor_w40_b200,phone_M1.wav,2.115,108.00996797971001,True
amdf_anchor_w40_b200,phone_M1.wav,2.125,108.83812681917306,True
amdf_anchor_w40_b200,phone_M1.wav,2.135,112.5916102171069,True
amdf_anchor_w40_b200,phone_M1.wav,2.145,121.2077123316519,True
amdf_anchor_w40_b200,phone_M1.wav,2.155,121.30809347551427,True
amdf_anchor_w40_b200,phone_M1.wav,2.165,124.12997300660011,True
amdf_anchor_w40_b200,phone_M1.wav,2.175,123.65093587718216,True
amdf_anchor_w40_b200,phone_M1.wav,2.185,123.1841365409959,True
amdf_anchor_w40_b200,phone_M1.wav,2.195,122.42964379620888,True
amdf_anchor_w40_b200,phone_M1.wav,2.205,121.75092986477259,True
amdf_anchor_w40_b200,phone_M1.wav,2.215,120.48182314566834,True
amdf_anchor_w40_b200,phone_M1.wav,2.225,120.20011748687418,True
amdf_anchor_w40_b200,phone_M1.wav,2.235,118.50040997669743,True
amdf_anchor_w40_b200,phone_M1.wav,2.245,117.73430253953694,True
amdf_anchor_w40_b200,phone_M1.wav,2.255,115.15565649740381,True
amdf_anchor_w40_b200,phone_M1.wav,2.265,115.02671888955975,True
amdf_anchor_w40_b200,phone_M1.wav,2.275,114.77416111346842,True
amdf_anchor_w40_b200,phone_M1.wav,2.285,114.26341697439885,True
amdf_anchor_w40_b200,phone_M1.wav,2.295,113.6999205254433,True
amdf_anchor_w40_b200,phone_M1.wav,2.305,111.81491047163875,True
amdf_anchor_w40_b200,phone_M1.wav,2.315,111.57845302857518,True
amdf_anchor_w40_b200,phone_M1.wav,2.325,109.82692019206185,True
amdf_anchor_w40_b200,phone_M1.wav,2.335,109.66587036023725,True
amdf_anchor_w40_b200,phone_M1.wav,2.345,109.62882960582493,True
amdf_anchor_w40_b200,phone_M1.wav,2.355,109.86711631109887,True
amdf_anchor_w40_b200,phone_M1.wav,2.365,111.14751381375224,True
amdf_anchor_w40_b200,phone_M1.wav,2.375,111.48718760141628,True
amdf_anchor_w40_b200,phone_M1.wav,2.385,112.4618704920492,True
amdf_anchor_w40_b200,phone_M1.wav,2.395,114.43906550871422,True
amdf_anchor_w40_b200,phone_M1.wav,2.405,115.40969922072452,True
amdf_anchor_w40_b200,phone_M1.wav,2.415,121.04235737406948,True
amdf_anchor_w40_b200,phone_M1.wav,2.425,123.08837907899844,True
amdf_anchor_w40_b200,phone_M1.wav,2.435,125.58114019329844,True
amdf_anchor_w40_b200,phone_M1.wav,2.445,127.15980066123414,True
amdf_anchor_w40_b200,phone_M1.wav,2.455,127.5941850697369,True
amdf_anchor_w40_b200,phone_M1.wav,2.465,126.13717308506219,True
amdf_anchor_w40_b200,phone_M1.wav,2.475,122.96818263828443,True
amdf_anchor_w40_b200,phone_M1.wav,2.485,122.26139392076874,True
amdf_anchor_w40_b200,phone_M1.wav,2.495,120.68228422810573,True
amdf_anchor_w40_b200,phone_M1.wav,2.505,110.97041593065428,True
amdf_anchor_w40_b200,phone_M1.wav,2.515,111.1131391498565,True
amdf_anchor_w40_b200,phone_M1.wav,2.525,110.94882206713476,True
amdf_anchor_w40_b200,phone_M1.wav,2.535,111.12811303503686,True
amdf_anchor_w40_b200,phone_M1.wav,2.545,110.70082769129046,True
amdf_anchor_w40_b200,phone_M1.wav,2.555,109.56630145125679,True
amdf_anchor_w40_b200,phone_M1.wav,2.565,109.36467471393,True
amdf_anchor_w40_b200,phone_M1.wav,2.575,108.81669388640638,True
amdf_anchor_w40_b200,phone_M1.wav,2.585,108.27651677179216,True
amdf_anchor_w40_b200,phone_M1.wav,2.595,108.31465339962294,True
amdf_anchor_w40_b200,phone_M1.wav,2.605,107.98664506150502,True
amdf_anchor_w40_b200,phone_M1.wav,2.615,107.51457458318154,True
amdf_anchor_w40_b200,phone_M1.wav,2.625,106.84317079135096,True
amdf_anchor_w40_b200,phone_M1.wav,2.635,106.12089803775699,True
amdf_anchor_w40_b200,phone_M1.wav,2.645,104.28952521645557,True
amdf_anchor_w40_b200,phone_M1.wav,2.655,103.8796674345975,True
amdf_anchor_w40_b200,phone_M1.wav,2.665,103.29187186667554,True
amdf_anchor_w40_b200,phone_M1.wav,2.675,103.00379505970326,True
amdf_anchor_w40_b200,phone_M1.wav,2.685,102.69971400132829,True
amdf_anchor_w40_b200,phone_M1.wav,2.695,103.17577056219638,True
amdf_anchor_w40_b200,phone_M1.wav,2.705,107.04412813080218,True
amdf_anchor_w40_b200,phone_M1.wav,2.715,108.0244320041152,True
amdf_anchor_w40_b200,phone_M1.wav,2.725,0.0,False
amdf_anchor_w40_b200,phone_M1.wav,2.735,0.0,False
amdf_anchor_w40_b200,phone_M1.wav,2.745,0.0,False
amdf_anchor_w40_b200,phone_M1.wav,2.755,0.0,False
amdf_anchor_w40_b200,phone_M1.wav,2.765,0.0,False
amdf_anchor_w40_b200,phone_M1.wav,2.775,0.0,False
amdf_anchor_w40_b200,phone_M1.wav,2.785,0.0,False
amdf_anchor_w40_b200,phone_M1.wav,2.795,0.0,False
amdf_anchor_w40_b200,phone_M1.wav,2.805,0.0,False
amdf_anchor_w40_b200,phone_M1.wav,2.815,0.0,False
amdf_anchor_w40_b200,phone_M1.wav,2.825,0.0,False
amdf_anchor_w40_b200,phone_M1.wav,2.835,0.0,False
amdf_anchor_w40_b200,phone_M1.wav,2.845,0.0,False
amdf_anchor_w40_b200,phone_M1.wav,2.855,0.0,False
amdf_anchor_w40_b200,phone_M1.wav,2.865,0.0,False
amdf_anchor_w40_b200,phone_M1.wav,2.875,135.64539330764669,True
amdf_anchor_w40_b200,phone_M1.wav,2.885,135.46327694846417,True
amdf_anchor_w40_b200,phone_M1.wav,2.895,135.8141236574533,True
amdf_anchor_w40_b200,phone_M1.wav,2.905,135.64763058948702,True
amdf_anchor_w40_b200,phone_M1.wav,2.915,135.93797903221306,True
amdf_anchor_w40_b200,phone_M1.wav,2.925,136.79056877078736,True
amdf_anchor_w40_b200,phone_M1.wav,2.935,0.0,False
amdf_anchor_w40_b200,phone_M1.wav,2.945,0.0,False
amdf_anchor_w40_b200,phone_M1.wav,2.955,0.0,False
amdf_anchor_w40_b200,phone_M1.wav,2.965,0.0,False
amdf_anchor_w40_b200,phone_M1.wav,2.975,0.0,False
amdf_anchor_w40_b200,phone_M1.wav,2.985,0.0,False
amdf_anchor_w40_b200,phone_M1.wav,2.995,0.0,False
amdf_anchor_w40_b200,phone_M1.wav,3.005,0.0,False
amdf_anchor_w40_b200,phone_M1.wav,3.015,0.0,False
amdf_anchor_w40_b200,phone_M1.wav,3.025,0.0,False
amdf_anchor_w40_b200,phone_M1.wav,3.035,0.0,False
amdf_anchor_w40_b200,phone_M1.wav,3.045,0.0,False
amdf_anchor_w40_b200,phone_M1.wav,3.055,0.0,False
amdf_anchor_w40_b200,phone_M1.wav,3.065,0.0,False
amdf_anchor_w40_b200,phone_M1.wav,3.075,0.0,False
amdf_anchor_w40_b200,phone_M1.wav,3.085,0.0,False
amdf_anchor_w40_b200,phone_M1.wav,3.095,0.0,False
amdf_anchor_w40_b200,phone_M1.wav,3.105,97.61775045469054,True
amdf_anchor_w40_b200,phone_M1.wav,3.115,98.04009598537392,True
amdf_anchor_w40_b200,phone_M1.wav,3.125,97.60508959356324,True
amdf_anchor_w40_b200,phone_M1.wav,3.135,92.5049171900305,True
amdf_anchor_w40_b200,phone_M1.wav,3.145,93.42183107804506,True
amdf_anchor_w40_b200,phone_M1.wav,3.155,94.28426078747853,True
amdf_anchor_w40_b200,phone_M1.wav,3.165,95.64239751432727,True
amdf_anchor_w40_b200,phone_M1.wav,3.175,96.59246124206895,True
amdf_anchor_w40_b200,phone_M1.wav,3.185,101.01115316750983,True
amdf_anchor_w40_b200,phone_M1.wav,3.195,101.00271645362255,True
amdf_anchor_w40_b200,phone_M1.wav,3.205,100.43024984213007,True
amdf_anchor_w40_b200,phone_M1.wav,3.215,100.01767944337983,True
amdf_anchor_w40_b200,phone_M1.wav,3.225,99.60133172849959,True
amdf_anchor_w40_b200,phone_M1.wav,3.235,99.82418929792556,True
amdf_anchor_w40_b200,phone_M1.wav,3.245,100.55783945203083,True
amdf_anchor_w40_b200,phone_M1.wav,3.255,101.31434510995422,True
amdf_anchor_w40_b200,phone_M1.wav,3.265,103.56431342597915,True
amdf_anchor_w40_b200,phone_M1.wav,3.275,105.54498479055444,True
amdf_anchor_w40_b200,phone_M1.wav,3.285,110.88036489607062,True
amdf_anchor_w40_b200,phone_M1.wav,3.295,0.0,False
amdf_anchor_w40_b200,phone_M1.wav,3.305,0.0,False
amdf_anchor_w40_b200,phone_M1.wav,3.315,0.0,False
amdf_anchor_w40_b200,phone_M1.wav,3.325,0.0,False
amdf_anchor_w40_b200,phone_M1.wav,3.335,0.0,False
amdf_anchor_w40_b200,phone_M1.wav,3.345,0.0,False
amdf_anchor_w40_b200,phone_M1.wav,3.355,0.0,False
amdf_anchor_w40_b200,phone_M1.wav,3.365,0.0,False
amdf_anchor_w40_b200,phone_M1.wav,3.375,0.0,False
amdf_anchor_w40_b200,phone_M1.wav,3.385,0.0,False
amdf_anchor_w40_b200,phone_M1.wav,3.395,0.0,False
amdf_anchor_w40_b200,phone_M1.wav,3.405,0.0,False
amdf_anchor_w40_b200,phone_M1.wav,3.415,0.0,False
amdf_anchor_w40_b200,phone_M1.wav,3.425,0.0,False
amdf_anchor_w40_b200,phone_M1.wav,3.435,0.0,False
amdf_anchor_w40_b200,phone_M1.wav,3.445,131.2559819204083,True
amdf_anchor_w40_b200,phone_M1.wav,3.455,117.37878605605701,True
amdf_anchor_w40_b200,phone_M1.wav,3.465,114.19899603392017,True
amdf_anchor_w40_b200,phone_M1.wav,3.475,110.93838537158884,True
amdf_anchor_w40_b200,phone_M1.wav,3.485,108.79102281085619,True
amdf_anchor_w40_b200,phone_M1.wav,3.495,105.37015196621392,True
amdf_anchor_w40_b200,phone_M1.wav,3.505,105.42636531773748,True
amdf_anchor_w40_b200,phone_M1.wav,3.515,102.58043085639983,True
amdf_anchor_w40_b200,phone_M1.wav,3.525,0.0,False
amdf_anchor_w40_b200,phone_M1.wav,3.535,0.0,False
amdf_anchor_w40_b200,phone_M1.wav,3.545,0.0,False
amdf_anchor_w40_b200,phone_M1.wav,3.555,0.0,False
amdf_anchor_w40_b200,phone_M1.wav,3.565,0.0,False
amdf_anchor_w40_b200,phone_M1.wav,3.575,0.0,False
amdf_anchor_w40_b200,phone_M1.wav,3.585,0.0,False
amdf_anchor_w40_b200,phone_M1.wav,3.595,0.0,False
amdf_anchor_w40_b200,phone_M1.wav,3.605,0.0,False
amdf_anchor_w40_b200,phone_M1.wav,3.615,0.0,False
amdf_anchor_w40_b200,phone_M1.wav,3.625,0.0,False
amdf_anchor_w40_b200,phone_M1.wav,3.635,0.0,False
amdf_anchor_w40_b200,phone_M1.wav,3.645,0.0,False
amdf_anchor_w40_b200,phone_M1.wav,3.655,0.0,False
amdf_anchor_w40_b200,phone_M1.wav,3.665,0.0,False
amdf_anchor_w40_b200,phone_M1.wav,3.675,0.0,False
amdf_anchor_w40_b200,phone_M1.wav,3.685,0.0,False
amdf_anchor_w40_b200,phone_M1.wav,3.695,0.0,False
amdf_anchor_w40_b200,phone_M1.wav,3.705,0.0,False
amdf_anchor_w40_b200,phone_M1.wav,3.715,0.0,False
amdf_anchor_w40_b200,phone_M1.wav,3.725,0.0,False
amdf_anchor_w40_b200,phone_M1.wav,3.735,0.0,False
amdf_anchor_w40_b200,phone_M1.wav,3.745,0.0,False
amdf_anchor_w40_b200,phone_M1.wav,3.755,0.0,False
amdf_anchor_w40_b200,phone_M1.wav,3.765,0.0,False
amdf_anchor_w40_b200,phone_M1.wav,3.775,0.0,False
amdf_anchor_w40_b200,phone_M1.wav,3.785,0.0,False
amdf_anchor_w40_b200,phone_M1.wav,3.795,0.0,False
amdf_anchor_w40_b200,phone_M1.wav,3.805,0.0,False
amdf_anchor_w40_b200,phone_M1.wav,3.815,0.0,False
amdf_anchor_w40_b200,phone_M1.wav,3.825,0.0,False
amdf_anchor_w40_b200,phone_M1.wav,3.835,0.0,False
amdf_anchor_w40_b200,phone_M1.wav,3.845,0.0,False
amdf_anchor_w40_b200,phone_M1.wav,3.855,0.0,False
amdf_anchor_w40_b200,phone_M1.wav,3.865,0.0,False
amdf_anchor_w40_b200,phone_M1.wav,3.875,0.0,False
amdf_anchor_w40_b200,phone_M1.wav,3.885,0.0,False
amdf_anchor_w40_b200,phone_M1.wav,3.895,0.0,False
amdf_anchor_w40_b200,phone_M1.wav,3.905,0.0,False
amdf_anchor_w40_b200,phone_M1.wav,3.915,0.0,False
amdf_anchor_w40_b200,phone_M1.wav,3.925,0.0,False
amdf_anchor_w40_b200,phone_M1.wav,3.935,0.0,False
amdf_anchor_w40_b200,phone_M1.wav,3.945,0.0,False
amdf_anchor_w40_b200,phone_M1.wav,3.955,0.0,False
amdf_anchor_w40_b200,phone_M1.wav,3.965,0.0,False
amdf_anchor_w40_b200,phone_M1.wav,3.975,0.0,False
amdf_anchor_w40_b200,phone_M1.wav,3.985,0.0,False
amdf_anchor_w40_b200,phone_M1.wav,3.995,0.0,False
amdf_anchor_w40_b200,phone_M1.wav,4.005,0.0,False
amdf_anchor_w40_b200,phone_M1.wav,4.015000000000001,0.0,False
amdf_anchor_w40_b200,phone_M1.wav,4.025,0.0,False
amdf_anchor_w40_b200,phone_M1.wav,4.035,0.0,False
amdf_anchor_w40_b200,phone_M1.wav,4.045000000000001,0.0,False
amdf_anchor_w40_b200,phone_M1.wav,4.055000000000001,0.0,False
amdf_anchor_w40_b200,phone_M1.wav,4.065,0.0,False
amdf_anchor_w40_b200,phone_M1.wav,4.075,0.0,False
amdf_anchor_w40_b200,phone_M1.wav,4.085000000000001,0.0,False
amdf_anchor_w40_b200,phone_M1.wav,4.095000000000001,0.0,False
amdf_anchor_w40_b200,phone_M1.wav,4.105,0.0,False
amdf_anchor_w40_b200,phone_M1.wav,4.115,0.0,False
amdf_anchor_w40_b200,phone_M1.wav,4.125,0.0,False
amdf_anchor_w40_b200,phone_M1.wav,4.135000000000001,0.0,False
amdf_pitch_spectral_p000,phone_M1.wav,0.025,0.0,False
amdf_pitch_spectral_p000,phone_M1.wav,0.035,0.0,False
amdf_pitch_spectral_p000,phone_M1.wav,0.045,0.0,False
amdf_pitch_spectral_p000,phone_M1.wav,0.055,0.0,False
amdf_pitch_spectral_p000,phone_M1.wav,0.065,0.0,False
amdf_pitch_spectral_p000,phone_M1.wav,0.075,0.0,False
amdf_pitch_spectral_p000,phone_M1.wav,0.085,0.0,False
amdf_pitch_spectral_p000,phone_M1.wav,0.095,0.0,False
amdf_pitch_spectral_p000,phone_M1.wav,0.105,0.0,False
amdf_pitch_spectral_p000,phone_M1.wav,0.115,0.0,False
amdf_pitch_spectral_p000,phone_M1.wav,0.125,0.0,False
amdf_pitch_spectral_p000,phone_M1.wav,0.135,0.0,False
amdf_pitch_spectral_p000,phone_M1.wav,0.145,0.0,False
amdf_pitch_spectral_p000,phone_M1.wav,0.155,0.0,False
amdf_pitch_spectral_p000,phone_M1.wav,0.165,0.0,False
amdf_pitch_spectral_p000,phone_M1.wav,0.175,0.0,False
amdf_pitch_spectral_p000,phone_M1.wav,0.185,0.0,False
amdf_pitch_spectral_p000,phone_M1.wav,0.195,0.0,False
amdf_pitch_spectral_p000,phone_M1.wav,0.205,0.0,False
amdf_pitch_spectral_p000,phone_M1.wav,0.215,0.0,False
amdf_pitch_spectral_p000,phone_M1.wav,0.225,0.0,False
amdf_pitch_spectral_p000,phone_M1.wav,0.235,0.0,False
amdf_pitch_spectral_p000,phone_M1.wav,0.245,0.0,False
amdf_pitch_spectral_p000,phone_M1.wav,0.255,0.0,False
amdf_pitch_spectral_p000,phone_M1.wav,0.265,0.0,False
amdf_pitch_spectral_p000,phone_M1.wav,0.275,0.0,False
amdf_pitch_spectral_p000,phone_M1.wav,0.285,0.0,False
amdf_pitch_spectral_p000,phone_M1.wav,0.295,0.0,False
amdf_pitch_spectral_p000,phone_M1.wav,0.305,0.0,False
amdf_pitch_spectral_p000,phone_M1.wav,0.315,0.0,False
amdf_pitch_spectral_p000,phone_M1.wav,0.325,0.0,False
amdf_pitch_spectral_p000,phone_M1.wav,0.335,0.0,False
amdf_pitch_spectral_p000,phone_M1.wav,0.345,0.0,False
amdf_pitch_spectral_p000,phone_M1.wav,0.355,0.0,False
amdf_pitch_spectral_p000,phone_M1.wav,0.365,0.0,False
amdf_pitch_spectral_p000,phone_M1.wav,0.375,0.0,False
amdf_pitch_spectral_p000,phone_M1.wav,0.385,0.0,False
amdf_pitch_spectral_p000,phone_M1.wav,0.395,0.0,False
amdf_pitch_spectral_p000,phone_M1.wav,0.405,0.0,False
amdf_pitch_spectral_p000,phone_M1.wav,0.415,0.0,False
amdf_pitch_spectral_p000,phone_M1.wav,0.425,0.0,False
amdf_pitch_spectral_p000,phone_M1.wav,0.435,0.0,False
amdf_pitch_spectral_p000,phone_M1.wav,0.445,0.0,False
amdf_pitch_spectral_p000,phone_M1.wav,0.455,0.0,False
amdf_pitch_spectral_p000,phone_M1.wav,0.465,0.0,False
amdf_pitch_spectral_p000,phone_M1.wav,0.475,137.41095680621027,True
amdf_pitch_spectral_p000,phone_M1.wav,0.485,136.5210698017478,True
amdf_pitch_spectral_p000,phone_M1.wav,0.495,136.500118185768,True
amdf_pitch_spectral_p000,phone_M1.wav,0.505,136.17059322687868,True
amdf_pitch_spectral_p000,phone_M1.wav,0.515,135.67986940377799,True
amdf_pitch_spectral_p000,phone_M1.wav,0.525,135.08132047142837,True
amdf_pitch_spectral_p000,phone_M1.wav,0.535,135.44438148601793,True
amdf_pitch_spectral_p000,phone_M1.wav,0.545,136.29513694351968,True
amdf_pitch_spectral_p000,phone_M1.wav,0.555,136.73758850793783,True
amdf_pitch_spectral_p000,phone_M1.wav,0.565,136.0492028580776,True
amdf_pitch_spectral_p000,phone_M1.wav,0.575,135.74634950396046,True
amdf_pitch_spectral_p000,phone_M1.wav,0.585,136.7477927202596,True
amdf_pitch_spectral_p000,phone_M1.wav,0.595,136.84700888757754,True
amdf_pitch_spectral_p000,phone_M1.wav,0.605,137.54971990534997,True
amdf_pitch_spectral_p000,phone_M1.wav,0.615,137.88325818934953,True
amdf_pitch_spectral_p000,phone_M1.wav,0.625,138.08614530158968,True
amdf_pitch_spectral_p000,phone_M1.wav,0.635,138.62005984651398,True
amdf_pitch_spectral_p000,phone_M1.wav,0.645,138.28200730552624,True
amdf_pitch_spectral_p000,phone_M1.wav,0.655,137.27781758679075,True
amdf_pitch_spectral_p000,phone_M1.wav,0.665,134.97087231020333,True
amdf_pitch_spectral_p000,phone_M1.wav,0.675,133.66099533633152,True
amdf_pitch_spectral_p000,phone_M1.wav,0.685,132.38680968449032,True
amdf_pitch_spectral_p000,phone_M1.wav,0.695,131.39266732884545,True
amdf_pitch_spectral_p000,phone_M1.wav,0.705,128.7752604499131,True
amdf_pitch_spectral_p000,phone_M1.wav,0.715,127.67606375592936,True
amdf_pitch_spectral_p000,phone_M1.wav,0.725,125.56179782949324,True
amdf_pitch_spectral_p000,phone_M1.wav,0.735,123.16819719957749,True
amdf_pitch_spectral_p000,phone_M1.wav,0.745,122.51896293200333,True
amdf_pitch_spectral_p000,phone_M1.wav,0.755,121.5419520656429,True
amdf_pitch_spectral_p000,phone_M1.wav,0.765,118.94905654755505,True
amdf_pitch_spectral_p000,phone_M1.wav,0.775,117.9719396466572,True
amdf_pitch_spectral_p000,phone_M1.wav,0.785,117.2413227790755,True
amdf_pitch_spectral_p000,phone_M1.wav,0.795,115.1414999386586,True
amdf_pitch_spectral_p000,phone_M1.wav,0.805,113.52668440618012,True
amdf_pitch_spectral_p000,phone_M1.wav,0.815,112.9006042357791,True
amdf_pitch_spectral_p000,phone_M1.wav,0.825,113.81978806872482,True
amdf_pitch_spectral_p000,phone_M1.wav,0.835,116.27299088546526,True
amdf_pitch_spectral_p000,phone_M1.wav,0.845,116.66687187702931,True
amdf_pitch_spectral_p000,phone_M1.wav,0.855,118.80790737747995,True
amdf_pitch_spectral_p000,phone_M1.wav,0.865,119.3983291815055,True
amdf_pitch_spectral_p000,phone_M1.wav,0.875,120.56376764964956,True
amdf_pitch_spectral_p000,phone_M1.wav,0.885,122.68424753338257,True
amdf_pitch_spectral_p000,phone_M1.wav,0.895,123.93805169761308,True
amdf_pitch_spectral_p000,phone_M1.wav,0.905,124.8469868004664,True
amdf_pitch_spectral_p000,phone_M1.wav,0.915,139.0919775933245,True
amdf_pitch_spectral_p000,phone_M1.wav,0.925,133.2138283390675,True
amdf_pitch_spectral_p000,phone_M1.wav,0.935,133.47013230100293,True
amdf_pitch_spectral_p000,phone_M1.wav,0.945,135.09107990412252,True
amdf_pitch_spectral_p000,phone_M1.wav,0.955,136.68967283805748,True
amdf_pitch_spectral_p000,phone_M1.wav,0.965,138.57149891211094,True
amdf_pitch_spectral_p000,phone_M1.wav,0.975,140.33816255588636,True
amdf_pitch_spectral_p000,phone_M1.wav,0.985,140.31979981980328,True
amdf_pitch_spectral_p000,phone_M1.wav,0.995,141.62055490078288,True
amdf_pitch_spectral_p000,phone_M1.wav,1.005,142.84659782624817,True
amdf_pitch_spectral_p000,phone_M1.wav,1.015,146.93872042398098,True
amdf_pitch_spectral_p000,phone_M1.wav,1.025,148.35834384024642,True
amdf_pitch_spectral_p000,phone_M1.wav,1.035,148.8561312960773,True
amdf_pitch_spectral_p000,phone_M1.wav,1.045,149.20847770896833,True
amdf_pitch_spectral_p000,phone_M1.wav,1.055,149.28107102805896,True
amdf_pitch_spectral_p000,phone_M1.wav,1.065,148.75361748235713,True
amdf_pitch_spectral_p000,phone_M1.wav,1.075,147.78664775776693,True
amdf_pitch_spectral_p000,phone_M1.wav,1.085,146.9048735840855,True
amdf_pitch_spectral_p000,phone_M1.wav,1.095,145.26327185776432,True
amdf_pitch_spectral_p000,phone_M1.wav,1.105,143.58597336208922,True
amdf_pitch_spectral_p000,phone_M1.wav,1.115,142.4984960805545,True
amdf_pitch_spectral_p000,phone_M1.wav,1.125,139.09220940637604,True
amdf_pitch_spectral_p000,phone_M1.wav,1.135,139.27045093983946,True
amdf_pitch_spectral_p000,phone_M1.wav,1.145,147.7313474131549,True
amdf_pitch_spectral_p000,phone_M1.wav,1.155,153.0131249503326,True
amdf_pitch_spectral_p000,phone_M1.wav,1.165,158.1147111391564,True
amdf_pitch_spectral_p000,phone_M1.wav,1.175,154.25159009489713,True
amdf_pitch_spectral_p000,phone_M1.wav,1.185,153.94311242385814,True
amdf_pitch_spectral_p000,phone_M1.wav,1.195,153.64577440710337,True
amdf_pitch_spectral_p000,phone_M1.wav,1.205,152.73431079045372,True
amdf_pitch_spectral_p000,phone_M1.wav,1.215,152.20421053692766,True
amdf_pitch_spectral_p000,phone_M1.wav,1.225,141.50403472079816,True
amdf_pitch_spectral_p000,phone_M1.wav,1.235,151.96067848305688,True
amdf_pitch_spectral_p000,phone_M1.wav,1.245,153.49585300828903,True
amdf_pitch_spectral_p000,phone_M1.wav,1.255,155.06099244427716,True
amdf_pitch_spectral_p000,phone_M1.wav,1.265,156.38721924075827,True
amdf_pitch_spectral_p000,phone_M1.wav,1.275,156.55099094792004,True
amdf_pitch_spectral_p000,phone_M1.wav,1.285,155.95188419271562,True
amdf_pitch_spectral_p000,phone_M1.wav,1.295,155.1177122547271,True
amdf_pitch_spectral_p000,phone_M1.wav,1.305,153.82606835750232,True
amdf_pitch_spectral_p000,phone_M1.wav,1.315,152.67034483919426,True
amdf_pitch_spectral_p000,phone_M1.wav,1.325,153.17405874972047,True
amdf_pitch_spectral_p000,phone_M1.wav,1.335,152.79370744072887,True
amdf_pitch_spectral_p000,phone_M1.wav,1.345,153.35944998899015,True
amdf_pitch_spectral_p000,phone_M1.wav,1.355,153.27637903150992,True
amdf_pitch_spectral_p000,phone_M1.wav,1.365,151.88610846512105,True
amdf_pitch_spectral_p000,phone_M1.wav,1.375,145.74613603074476,True
amdf_pitch_spectral_p000,phone_M1.wav,1.385,148.11189965784035,True
amdf_pitch_spectral_p000,phone_M1.wav,1.395,0.0,False
amdf_pitch_spectral_p000,phone_M1.wav,1.405,0.0,False
amdf_pitch_spectral_p000,phone_M1.wav,1.415,0.0,False
amdf_pitch_spectral_p000,phone_M1.wav,1.425,0.0,False
amdf_pitch_spectral_p000,phone_M1.wav,1.435,0.0,False
amdf_pitch_spectral_p000,phone_M1.wav,1.445,0.0,False
amdf_pitch_spectral_p000,phone_M1.wav,1.455,0.0,False
amdf_pitch_spectral_p000,phone_M1.wav,1.465,0.0,False
amdf_pitch_spectral_p000,phone_M1.wav,1.475,0.0,False
amdf_pitch_spectral_p000,phone_M1.wav,1.485,0.0,False
amdf_pitch_spectral_p000,phone_M1.wav,1.495,0.0,False
amdf_pitch_spectral_p000,phone_M1.wav,1.505,116.45207427743865,True
amdf_pitch_spectral_p000,phone_M1.wav,1.515,114.65315565145491,True
amdf_pitch_spectral_p000,phone_M1.wav,1.525,114.65228950729761,True
amdf_pitch_spectral_p000,phone_M1.wav,1.535,114.60463633988826,True
amdf_pitch_spectral_p000,phone_M1.wav,1.545,114.44287391274568,True
amdf_pitch_spectral_p000,phone_M1.wav,1.555,114.05850167393545,True
amdf_pitch_spectral_p000,phone_M1.wav,1.565,113.28243106716246,True
amdf_pitch_spectral_p000,phone_M1.wav,1.575,111.79458939374393,True
amdf_pitch_spectral_p000,phone_M1.wav,1.585,110.317163679629,True
amdf_pitch_spectral_p000,phone_M1.wav,1.595,109.8455376790692,True
amdf_pitch_spectral_p000,phone_M1.wav,1.605,110.84832211931932,True
amdf_pitch_spectral_p000,phone_M1.wav,1.615,111.36274678052928,True
amdf_pitch_spectral_p000,phone_M1.wav,1.625,109.02525485396231,True
amdf_pitch_spectral_p000,phone_M1.wav,1.635,107.69020479761285,True
amdf_pitch_spectral_p000,phone_M1.wav,1.645,107.61010851022381,True
amdf_pitch_spectral_p000,phone_M1.wav,1.655,108.27214919636492,True
amdf_pitch_spectral_p000,phone_M1.wav,1.665,108.80469305726109,True
amdf_pitch_spectral_p000,phone_M1.wav,1.675,114.79784100300276,True
amdf_pitch_spectral_p000,phone_M1.wav,1.685,112.48648752783402,True
amdf_pitch_spectral_p000,phone_M1.wav,1.695,113.72006026255401,True
amdf_pitch_spectral_p000,phone_M1.wav,1.705,0.0,False
amdf_pitch_spectral_p000,phone_M1.wav,1.715,0.0,False
amdf_pitch_spectral_p000,phone_M1.wav,1.725,0.0,False
amdf_pitch_spectral_p000,phone_M1.wav,1.735,0.0,False
amdf_pitch_spectral_p000,phone_M1.wav,1.745,0.0,False
amdf_pitch_spectral_p000,phone_M1.wav,1.755,0.0,False
amdf_pitch_spectral_p000,phone_M1.wav,1.765,0.0,False
amdf_pitch_spectral_p000,phone_M1.wav,1.775,0.0,False
amdf_pitch_spectral_p000,phone_M1.wav,1.785,0.0,False
amdf_pitch_spectral_p000,phone_M1.wav,1.795,122.46935052375284,True
amdf_pitch_spectral_p000,phone_M1.wav,1.805,121.06687561127819,True
amdf_pitch_spectral_p000,phone_M1.wav,1.815,121.12410696973672,True
amdf_pitch_spectral_p000,phone_M1.wav,1.825,120.85603132727859,True
amdf_pitch_spectral_p000,phone_M1.wav,1.835,120.63166176261606,True
amdf_pitch_spectral_p000,phone_M1.wav,1.845,120.30535359718459,True
amdf_pitch_spectral_p000,phone_M1.wav,1.855,119.38720249257499,True
amdf_pitch_spectral_p000,phone_M1.wav,1.865,117.37861584176218,True
amdf_pitch_spectral_p000,phone_M1.wav,1.875,116.47937641058645,True
amdf_pitch_spectral_p000,phone_M1.wav,1.885,114.16968582759746,True
amdf_pitch_spectral_p000,phone_M1.wav,1.895,112.51479514834108,True
amdf_pitch_spectral_p000,phone_M1.wav,1.905,111.35226434877644,True
amdf_pitch_spectral_p000,phone_M1.wav,1.915,110.5942616561292,True
amdf_pitch_spectral_p000,phone_M1.wav,1.925,110.09936731379051,True
amdf_pitch_spectral_p000,phone_M1.wav,1.935,108.85256490038782,True
amdf_pitch_spectral_p000,phone_M1.wav,1.945,101.88173299640329,True
amdf_pitch_spectral_p000,phone_M1.wav,1.955,100.38140639110311,True
amdf_pitch_spectral_p000,phone_M1.wav,1.965,99.60231033786944,True
amdf_pitch_spectral_p000,phone_M1.wav,1.975,0.0,False
amdf_pitch_spectral_p000,phone_M1.wav,1.985,473.45312592855447,True
amdf_pitch_spectral_p000,phone_M1.wav,1.995,473.9153657679539,True
amdf_pitch_spectral_p000,phone_M1.wav,2.005,0.0,False
amdf_pitch_spectral_p000,phone_M1.wav,2.015,0.0,False
amdf_pitch_spectral_p000,phone_M1.wav,2.025,93.7444125465812,True
amdf_pitch_spectral_p000,phone_M1.wav,2.035,102.7334563325394,True
amdf_pitch_spectral_p000,phone_M1.wav,2.045,101.21603284036641,True
amdf_pitch_spectral_p000,phone_M1.wav,2.055,100.39346053233668,True
amdf_pitch_spectral_p000,phone_M1.wav,2.065,100.66637493296469,True
amdf_pitch_spectral_p000,phone_M1.wav,2.075,103.78132300163148,True
amdf_pitch_spectral_p000,phone_M1.wav,2.085,104.89888583840842,True
amdf_pitch_spectral_p000,phone_M1.wav,2.095,106.9673785666493,True
amdf_pitch_spectral_p000,phone_M1.wav,2.105,106.56044574358715,True
amdf_pitch_spectral_p000,phone_M1.wav,2.115,108.00996797971001,True
amdf_pitch_spectral_p000,phone_M1.wav,2.125,108.83812681917306,True
amdf_pitch_spectral_p000,phone_M1.wav,2.135,112.4885359182962,True
amdf_pitch_spectral_p000,phone_M1.wav,2.145,121.22513083615078,True
amdf_pitch_spectral_p000,phone_M1.wav,2.155,125.9582016301792,True
amdf_pitch_spectral_p000,phone_M1.wav,2.165,121.17142033902753,True
amdf_pitch_spectral_p000,phone_M1.wav,2.175,123.92386314623265,True
amdf_pitch_spectral_p000,phone_M1.wav,2.185,123.32378687732383,True
amdf_pitch_spectral_p000,phone_M1.wav,2.195,122.68248317556238,True
amdf_pitch_spectral_p000,phone_M1.wav,2.205,121.77149717229747,True
amdf_pitch_spectral_p000,phone_M1.wav,2.215,120.53340426110351,True
amdf_pitch_spectral_p000,phone_M1.wav,2.225,120.19262051230776,True
amdf_pitch_spectral_p000,phone_M1.wav,2.235,118.32377943103339,True
amdf_pitch_spectral_p000,phone_M1.wav,2.245,117.48548169616656,True
amdf_pitch_spectral_p000,phone_M1.wav,2.255,116.43248635174433,True
amdf_pitch_spectral_p000,phone_M1.wav,2.265,115.17158322287533,True
amdf_pitch_spectral_p000,phone_M1.wav,2.275,114.8877726677132,True
amdf_pitch_spectral_p000,phone_M1.wav,2.285,114.35637775101226,True
amdf_pitch_spectral_p000,phone_M1.wav,2.295,113.37764934938492,True
amdf_pitch_spectral_p000,phone_M1.wav,2.305,111.75821289757964,True
amdf_pitch_spectral_p000,phone_M1.wav,2.315,111.4764353683385,True
amdf_pitch_spectral_p000,phone_M1.wav,2.325,109.8129269930601,True
amdf_pitch_spectral_p000,phone_M1.wav,2.335,109.53171099417085,True
amdf_pitch_spectral_p000,phone_M1.wav,2.345,109.60150192519804,True
amdf_pitch_spectral_p000,phone_M1.wav,2.355,110.18367050708117,True
amdf_pitch_spectral_p000,phone_M1.wav,2.365,111.03388579701685,True
amdf_pitch_spectral_p000,phone_M1.wav,2.375,111.54831681121587,True
amdf_pitch_spectral_p000,phone_M1.wav,2.385,114.27726941683781,True
amdf_pitch_spectral_p000,phone_M1.wav,2.395,115.16687606473837,True
amdf_pitch_spectral_p000,phone_M1.wav,2.405,115.40969922072452,True
amdf_pitch_spectral_p000,phone_M1.wav,2.415,121.04235737406948,True
amdf_pitch_spectral_p000,phone_M1.wav,2.425,123.08837907899844,True
amdf_pitch_spectral_p000,phone_M1.wav,2.435,125.58114019329844,True
amdf_pitch_spectral_p000,phone_M1.wav,2.445,127.15980066123414,True
amdf_pitch_spectral_p000,phone_M1.wav,2.455,127.5941850697369,True
amdf_pitch_spectral_p000,phone_M1.wav,2.465,126.13717308506219,True
amdf_pitch_spectral_p000,phone_M1.wav,2.475,122.96818263828443,True
amdf_pitch_spectral_p000,phone_M1.wav,2.485,122.26139392076874,True
amdf_pitch_spectral_p000,phone_M1.wav,2.495,127.33724727792367,True
amdf_pitch_spectral_p000,phone_M1.wav,2.505,110.33510582319578,True
amdf_pitch_spectral_p000,phone_M1.wav,2.515,110.90302432190406,True
amdf_pitch_spectral_p000,phone_M1.wav,2.525,111.19728472074651,True
amdf_pitch_spectral_p000,phone_M1.wav,2.535,110.64831399706564,True
amdf_pitch_spectral_p000,phone_M1.wav,2.545,111.18540295634656,True
amdf_pitch_spectral_p000,phone_M1.wav,2.555,109.3645320285213,True
amdf_pitch_spectral_p000,phone_M1.wav,2.565,109.55492082276245,True
amdf_pitch_spectral_p000,phone_M1.wav,2.575,108.35040061768765,True
amdf_pitch_spectral_p000,phone_M1.wav,2.585,108.58230211321587,True
amdf_pitch_spectral_p000,phone_M1.wav,2.595,108.07437149074819,True
amdf_pitch_spectral_p000,phone_M1.wav,2.605,108.01084333487032,True
amdf_pitch_spectral_p000,phone_M1.wav,2.615,107.48160983704298,True
amdf_pitch_spectral_p000,phone_M1.wav,2.625,106.68555904753099,True
amdf_pitch_spectral_p000,phone_M1.wav,2.635,105.95773605486261,True
amdf_pitch_spectral_p000,phone_M1.wav,2.645,104.51531977242507,True
amdf_pitch_spectral_p000,phone_M1.wav,2.655,104.0369418090266,True
amdf_pitch_spectral_p000,phone_M1.wav,2.665,103.33784470959671,True
amdf_pitch_spectral_p000,phone_M1.wav,2.675,102.70091353177507,True
amdf_pitch_spectral_p000,phone_M1.wav,2.685,102.59480407993908,True
amdf_pitch_spectral_p000,phone_M1.wav,2.695,103.15419753570292,True
amdf_pitch_spectral_p000,phone_M1.wav,2.705,103.72089219713192,True
amdf_pitch_spectral_p000,phone_M1.wav,2.715,111.95421419273394,True
amdf_pitch_spectral_p000,phone_M1.wav,2.725,0.0,False
amdf_pitch_spectral_p000,phone_M1.wav,2.735,0.0,False
amdf_pitch_spectral_p000,phone_M1.wav,2.745,0.0,False
amdf_pitch_spectral_p000,phone_M1.wav,2.755,0.0,False
amdf_pitch_spectral_p000,phone_M1.wav,2.765,0.0,False
amdf_pitch_spectral_p000,phone_M1.wav,2.775,0.0,False
amdf_pitch_spectral_p000,phone_M1.wav,2.785,0.0,False
amdf_pitch_spectral_p000,phone_M1.wav,2.795,0.0,False
amdf_pitch_spectral_p000,phone_M1.wav,2.805,0.0,False
amdf_pitch_spectral_p000,phone_M1.wav,2.815,0.0,False
amdf_pitch_spectral_p000,phone_M1.wav,2.825,0.0,False
amdf_pitch_spectral_p000,phone_M1.wav,2.835,0.0,False
amdf_pitch_spectral_p000,phone_M1.wav,2.845,0.0,False
amdf_pitch_spectral_p000,phone_M1.wav,2.855,0.0,False
amdf_pitch_spectral_p000,phone_M1.wav,2.865,0.0,False
amdf_pitch_spectral_p000,phone_M1.wav,2.875,134.94177461351055,True
amdf_pitch_spectral_p000,phone_M1.wav,2.885,136.74338673966338,True
amdf_pitch_spectral_p000,phone_M1.wav,2.895,135.48923709559537,True
amdf_pitch_spectral_p000,phone_M1.wav,2.905,135.56390282023048,True
amdf_pitch_spectral_p000,phone_M1.wav,2.915,136.51759750395084,True
amdf_pitch_spectral_p000,phone_M1.wav,2.925,138.19315337122865,True
amdf_pitch_spectral_p000,phone_M1.wav,2.935,0.0,False
amdf_pitch_spectral_p000,phone_M1.wav,2.945,0.0,False
amdf_pitch_spectral_p000,phone_M1.wav,2.955,0.0,False
amdf_pitch_spectral_p000,phone_M1.wav,2.965,0.0,False
amdf_pitch_spectral_p000,phone_M1.wav,2.975,0.0,False
amdf_pitch_spectral_p000,phone_M1.wav,2.985,0.0,False
amdf_pitch_spectral_p000,phone_M1.wav,2.995,0.0,False
amdf_pitch_spectral_p000,phone_M1.wav,3.005,0.0,False
amdf_pitch_spectral_p000,phone_M1.wav,3.015,0.0,False
amdf_pitch_spectral_p000,phone_M1.wav,3.025,0.0,False
amdf_pitch_spectral_p000,phone_M1.wav,3.035,0.0,False
amdf_pitch_spectral_p000,phone_M1.wav,3.045,0.0,False
amdf_pitch_spectral_p000,phone_M1.wav,3.055,0.0,False
amdf_pitch_spectral_p000,phone_M1.wav,3.065,0.0,False
amdf_pitch_spectral_p000,phone_M1.wav,3.075,0.0,False
amdf_pitch_spectral_p000,phone_M1.wav,3.085,0.0,False
amdf_pitch_spectral_p000,phone_M1.wav,3.095,0.0,False
amdf_pitch_spectral_p000,phone_M1.wav,3.105,97.61775045469054,True
amdf_pitch_spectral_p000,phone_M1.wav,3.115,98.04009598537392,True
amdf_pitch_spectral_p000,phone_M1.wav,3.125,97.60508959356324,True
amdf_pitch_spectral_p000,phone_M1.wav,3.135,92.5049171900305,True
amdf_pitch_spectral_p000,phone_M1.wav,3.145,93.42183107804506,True
amdf_pitch_spectral_p000,phone_M1.wav,3.155,94.28426078747853,True
amdf_pitch_spectral_p000,phone_M1.wav,3.165,95.64239751432727,True
amdf_pitch_spectral_p000,phone_M1.wav,3.175,97.03815557500656,True
amdf_pitch_spectral_p000,phone_M1.wav,3.185,101.49544437530486,True
amdf_pitch_spectral_p000,phone_M1.wav,3.195,101.20151732066144,True
amdf_pitch_spectral_p000,phone_M1.wav,3.205,100.43024984213007,True
amdf_pitch_spectral_p000,phone_M1.wav,3.215,100.01767944337983,True
amdf_pitch_spectral_p000,phone_M1.wav,3.225,99.60133172849959,True
amdf_pitch_spectral_p000,phone_M1.wav,3.235,99.82418929792556,True
amdf_pitch_spectral_p000,phone_M1.wav,3.245,100.55783945203083,True
amdf_pitch_spectral_p000,phone_M1.wav,3.255,101.31434510995422,True
amdf_pitch_spectral_p000,phone_M1.wav,3.265,103.56431342597915,True
amdf_pitch_spectral_p000,phone_M1.wav,3.275,110.81949938859171,True
amdf_pitch_spectral_p000,phone_M1.wav,3.285,111.58735576198498,True
amdf_pitch_spectral_p000,phone_M1.wav,3.295,0.0,False
amdf_pitch_spectral_p000,phone_M1.wav,3.305,0.0,False
amdf_pitch_spectral_p000,phone_M1.wav,3.315,0.0,False
amdf_pitch_spectral_p000,phone_M1.wav,3.325,0.0,False
amdf_pitch_spectral_p000,phone_M1.wav,3.335,0.0,False
amdf_pitch_spectral_p000,phone_M1.wav,3.345,0.0,False
amdf_pitch_spectral_p000,phone_M1.wav,3.355,0.0,False
amdf_pitch_spectral_p000,phone_M1.wav,3.365,0.0,False
amdf_pitch_spectral_p000,phone_M1.wav,3.375,0.0,False
amdf_pitch_spectral_p000,phone_M1.wav,3.385,0.0,False
amdf_pitch_spectral_p000,phone_M1.wav,3.395,0.0,False
amdf_pitch_spectral_p000,phone_M1.wav,3.405,0.0,False
amdf_pitch_spectral_p000,phone_M1.wav,3.415,0.0,False
amdf_pitch_spectral_p000,phone_M1.wav,3.425,0.0,False
amdf_pitch_spectral_p000,phone_M1.wav,3.435,0.0,False
amdf_pitch_spectral_p000,phone_M1.wav,3.445,138.0437578402067,True
amdf_pitch_spectral_p000,phone_M1.wav,3.455,117.55825286079047,True
amdf_pitch_spectral_p000,phone_M1.wav,3.465,116.92404410812499,True
amdf_pitch_spectral_p000,phone_M1.wav,3.475,112.78874015003151,True
amdf_pitch_spectral_p000,phone_M1.wav,3.485,108.91503630531122,True
amdf_pitch_spectral_p000,phone_M1.wav,3.495,105.5714102805694,True
amdf_pitch_spectral_p000,phone_M1.wav,3.505,102.54203393194399,True
amdf_pitch_spectral_p000,phone_M1.wav,3.515,95.82837727409543,True
amdf_pitch_spectral_p000,phone_M1.wav,3.525,0.0,False
amdf_pitch_spectral_p000,phone_M1.wav,3.535,0.0,False
amdf_pitch_spectral_p000,phone_M1.wav,3.545,0.0,False
amdf_pitch_spectral_p000,phone_M1.wav,3.555,0.0,False
amdf_pitch_spectral_p000,phone_M1.wav,3.565,0.0,False
amdf_pitch_spectral_p000,phone_M1.wav,3.575,0.0,False
amdf_pitch_spectral_p000,phone_M1.wav,3.585,0.0,False
amdf_pitch_spectral_p000,phone_M1.wav,3.595,0.0,False
amdf_pitch_spectral_p000,phone_M1.wav,3.605,0.0,False
amdf_pitch_spectral_p000,phone_M1.wav,3.615,0.0,False
amdf_pitch_spectral_p000,phone_M1.wav,3.625,0.0,False
amdf_pitch_spectral_p000,phone_M1.wav,3.635,0.0,False
amdf_pitch_spectral_p000,phone_M1.wav,3.645,0.0,False
amdf_pitch_spectral_p000,phone_M1.wav,3.655,0.0,False
amdf_pitch_spectral_p000,phone_M1.wav,3.665,0.0,False
amdf_pitch_spectral_p000,phone_M1.wav,3.675,0.0,False
amdf_pitch_spectral_p000,phone_M1.wav,3.685,0.0,False
amdf_pitch_spectral_p000,phone_M1.wav,3.695,0.0,False
amdf_pitch_spectral_p000,phone_M1.wav,3.705,0.0,False
amdf_pitch_spectral_p000,phone_M1.wav,3.715,0.0,False
amdf_pitch_spectral_p000,phone_M1.wav,3.725,0.0,False
amdf_pitch_spectral_p000,phone_M1.wav,3.735,0.0,False
amdf_pitch_spectral_p000,phone_M1.wav,3.745,0.0,False
amdf_pitch_spectral_p000,phone_M1.wav,3.755,0.0,False
amdf_pitch_spectral_p000,phone_M1.wav,3.765,0.0,False
amdf_pitch_spectral_p000,phone_M1.wav,3.775,0.0,False
amdf_pitch_spectral_p000,phone_M1.wav,3.785,0.0,False
amdf_pitch_spectral_p000,phone_M1.wav,3.795,0.0,False
amdf_pitch_spectral_p000,phone_M1.wav,3.805,0.0,False
amdf_pitch_spectral_p000,phone_M1.wav,3.815,0.0,False
amdf_pitch_spectral_p000,phone_M1.wav,3.825,0.0,False
amdf_pitch_spectral_p000,phone_M1.wav,3.835,0.0,False
amdf_pitch_spectral_p000,phone_M1.wav,3.845,0.0,False
amdf_pitch_spectral_p000,phone_M1.wav,3.855,0.0,False
amdf_pitch_spectral_p000,phone_M1.wav,3.865,0.0,False
amdf_pitch_spectral_p000,phone_M1.wav,3.875,0.0,False
amdf_pitch_spectral_p000,phone_M1.wav,3.885,0.0,False
amdf_pitch_spectral_p000,phone_M1.wav,3.895,0.0,False
amdf_pitch_spectral_p000,phone_M1.wav,3.905,0.0,False
amdf_pitch_spectral_p000,phone_M1.wav,3.915,0.0,False
amdf_pitch_spectral_p000,phone_M1.wav,3.925,0.0,False
amdf_pitch_spectral_p000,phone_M1.wav,3.935,0.0,False
amdf_pitch_spectral_p000,phone_M1.wav,3.945,0.0,False
amdf_pitch_spectral_p000,phone_M1.wav,3.955,0.0,False
amdf_pitch_spectral_p000,phone_M1.wav,3.965,0.0,False
amdf_pitch_spectral_p000,phone_M1.wav,3.975,0.0,False
amdf_pitch_spectral_p000,phone_M1.wav,3.985,0.0,False
amdf_pitch_spectral_p000,phone_M1.wav,3.995,0.0,False
amdf_pitch_spectral_p000,phone_M1.wav,4.005,0.0,False
amdf_pitch_spectral_p000,phone_M1.wav,4.015000000000001,0.0,False
amdf_pitch_spectral_p000,phone_M1.wav,4.025,0.0,False
amdf_pitch_spectral_p000,phone_M1.wav,4.035,0.0,False
amdf_pitch_spectral_p000,phone_M1.wav,4.045000000000001,0.0,False
amdf_pitch_spectral_p000,phone_M1.wav,4.055000000000001,0.0,False
amdf_pitch_spectral_p000,phone_M1.wav,4.065,0.0,False
amdf_pitch_spectral_p000,phone_M1.wav,4.075,0.0,False
amdf_pitch_spectral_p000,phone_M1.wav,4.085000000000001,0.0,False
amdf_pitch_spectral_p000,phone_M1.wav,4.095000000000001,0.0,False
amdf_pitch_spectral_p000,phone_M1.wav,4.105,0.0,False
amdf_pitch_spectral_p000,phone_M1.wav,4.115,0.0,False
amdf_pitch_spectral_p000,phone_M1.wav,4.125,0.0,False
amdf_pitch_spectral_p000,phone_M1.wav,4.135000000000001,0.0,False
amdf_pitch_spectral_p140,phone_M1.wav,0.025,0.0,False
amdf_pitch_spectral_p140,phone_M1.wav,0.035,0.0,False
amdf_pitch_spectral_p140,phone_M1.wav,0.045,0.0,False
amdf_pitch_spectral_p140,phone_M1.wav,0.055,0.0,False
amdf_pitch_spectral_p140,phone_M1.wav,0.065,0.0,False
amdf_pitch_spectral_p140,phone_M1.wav,0.075,0.0,False
amdf_pitch_spectral_p140,phone_M1.wav,0.085,0.0,False
amdf_pitch_spectral_p140,phone_M1.wav,0.095,0.0,False
amdf_pitch_spectral_p140,phone_M1.wav,0.105,0.0,False
amdf_pitch_spectral_p140,phone_M1.wav,0.115,0.0,False
amdf_pitch_spectral_p140,phone_M1.wav,0.125,0.0,False
amdf_pitch_spectral_p140,phone_M1.wav,0.135,0.0,False
amdf_pitch_spectral_p140,phone_M1.wav,0.145,0.0,False
amdf_pitch_spectral_p140,phone_M1.wav,0.155,0.0,False
amdf_pitch_spectral_p140,phone_M1.wav,0.165,0.0,False
amdf_pitch_spectral_p140,phone_M1.wav,0.175,0.0,False
amdf_pitch_spectral_p140,phone_M1.wav,0.185,0.0,False
amdf_pitch_spectral_p140,phone_M1.wav,0.195,0.0,False
amdf_pitch_spectral_p140,phone_M1.wav,0.205,0.0,False
amdf_pitch_spectral_p140,phone_M1.wav,0.215,0.0,False
amdf_pitch_spectral_p140,phone_M1.wav,0.225,0.0,False
amdf_pitch_spectral_p140,phone_M1.wav,0.235,0.0,False
amdf_pitch_spectral_p140,phone_M1.wav,0.245,0.0,False
amdf_pitch_spectral_p140,phone_M1.wav,0.255,0.0,False
amdf_pitch_spectral_p140,phone_M1.wav,0.265,0.0,False
amdf_pitch_spectral_p140,phone_M1.wav,0.275,0.0,False
amdf_pitch_spectral_p140,phone_M1.wav,0.285,0.0,False
amdf_pitch_spectral_p140,phone_M1.wav,0.295,0.0,False
amdf_pitch_spectral_p140,phone_M1.wav,0.305,0.0,False
amdf_pitch_spectral_p140,phone_M1.wav,0.315,0.0,False
amdf_pitch_spectral_p140,phone_M1.wav,0.325,0.0,False
amdf_pitch_spectral_p140,phone_M1.wav,0.335,0.0,False
amdf_pitch_spectral_p140,phone_M1.wav,0.345,0.0,False
amdf_pitch_spectral_p140,phone_M1.wav,0.355,0.0,False
amdf_pitch_spectral_p140,phone_M1.wav,0.365,0.0,False
amdf_pitch_spectral_p140,phone_M1.wav,0.375,0.0,False
amdf_pitch_spectral_p140,phone_M1.wav,0.385,0.0,False
amdf_pitch_spectral_p140,phone_M1.wav,0.395,0.0,False
amdf_pitch_spectral_p140,phone_M1.wav,0.405,0.0,False
amdf_pitch_spectral_p140,phone_M1.wav,0.415,0.0,False
amdf_pitch_spectral_p140,phone_M1.wav,0.425,0.0,False
amdf_pitch_spectral_p140,phone_M1.wav,0.435,0.0,False
amdf_pitch_spectral_p140,phone_M1.wav,0.445,0.0,False
amdf_pitch_spectral_p140,phone_M1.wav,0.455,0.0,False
amdf_pitch_spectral_p140,phone_M1.wav,0.465,0.0,False
amdf_pitch_spectral_p140,phone_M1.wav,0.475,140.61140022952898,True
amdf_pitch_spectral_p140,phone_M1.wav,0.485,136.56715016977773,True
amdf_pitch_spectral_p140,phone_M1.wav,0.495,136.44348519005743,True
amdf_pitch_spectral_p140,phone_M1.wav,0.505,136.3866377159719,True
amdf_pitch_spectral_p140,phone_M1.wav,0.515,135.8206474638098,True
amdf_pitch_spectral_p140,phone_M1.wav,0.525,135.08132047142837,True
amdf_pitch_spectral_p140,phone_M1.wav,0.535,135.00097123327467,True
amdf_pitch_spectral_p140,phone_M1.wav,0.545,136.13695582343033,True
amdf_pitch_spectral_p140,phone_M1.wav,0.555,137.31248345292013,True
amdf_pitch_spectral_p140,phone_M1.wav,0.565,138.43561130339424,True
amdf_pitch_spectral_p140,phone_M1.wav,0.575,135.74634950396046,True
amdf_pitch_spectral_p140,phone_M1.wav,0.585,136.7477927202596,True
amdf_pitch_spectral_p140,phone_M1.wav,0.595,136.84700888757754,True
amdf_pitch_spectral_p140,phone_M1.wav,0.605,137.54971990534997,True
amdf_pitch_spectral_p140,phone_M1.wav,0.615,137.88325818934953,True
amdf_pitch_spectral_p140,phone_M1.wav,0.625,138.08614530158968,True
amdf_pitch_spectral_p140,phone_M1.wav,0.635,138.62005984651398,True
amdf_pitch_spectral_p140,phone_M1.wav,0.645,138.28200730552624,True
amdf_pitch_spectral_p140,phone_M1.wav,0.655,137.27781758679075,True
amdf_pitch_spectral_p140,phone_M1.wav,0.665,134.97087231020333,True
amdf_pitch_spectral_p140,phone_M1.wav,0.675,133.66099533633152,True
amdf_pitch_spectral_p140,phone_M1.wav,0.685,132.38680968449032,True
amdf_pitch_spectral_p140,phone_M1.wav,0.695,131.39266732884545,True
amdf_pitch_spectral_p140,phone_M1.wav,0.705,128.7752604499131,True
amdf_pitch_spectral_p140,phone_M1.wav,0.715,127.67606375592936,True
amdf_pitch_spectral_p140,phone_M1.wav,0.725,125.56179782949324,True
amdf_pitch_spectral_p140,phone_M1.wav,0.735,123.16819719957749,True
amdf_pitch_spectral_p140,phone_M1.wav,0.745,122.66703204853812,True
amdf_pitch_spectral_p140,phone_M1.wav,0.755,121.11374621287216,True
amdf_pitch_spectral_p140,phone_M1.wav,0.765,119.00814895197138,True
amdf_pitch_spectral_p140,phone_M1.wav,0.775,117.7853278848161,True
amdf_pitch_spectral_p140,phone_M1.wav,0.785,116.52211886070339,True
amdf_pitch_spectral_p140,phone_M1.wav,0.795,114.62539378572176,True
amdf_pitch_spectral_p140,phone_M1.wav,0.805,112.82781627458259,True
amdf_pitch_spectral_p140,phone_M1.wav,0.815,111.14156435978268,True
amdf_pitch_spectral_p140,phone_M1.wav,0.825,116.28312873591662,True
amdf_pitch_spectral_p140,phone_M1.wav,0.835,114.41498212036927,True
amdf_pitch_spectral_p140,phone_M1.wav,0.845,116.74269356745413,True
amdf_pitch_spectral_p140,phone_M1.wav,0.855,118.82750865703056,True
amdf_pitch_spectral_p140,phone_M1.wav,0.865,119.26760876149031,True
amdf_pitch_spectral_p140,phone_M1.wav,0.875,120.24963881767519,True
amdf_pitch_spectral_p140,phone_M1.wav,0.885,122.29471610696208,True
amdf_pitch_spectral_p140,phone_M1.wav,0.895,123.99110692288016,True
amdf_pitch_spectral_p140,phone_M1.wav,0.905,124.8469868004664,True
amdf_pitch_spectral_p140,phone_M1.wav,0.915,139.0919775933245,True
amdf_pitch_spectral_p140,phone_M1.wav,0.925,133.2138283390675,True
amdf_pitch_spectral_p140,phone_M1.wav,0.935,133.47013230100293,True
amdf_pitch_spectral_p140,phone_M1.wav,0.945,135.09107990412252,True
amdf_pitch_spectral_p140,phone_M1.wav,0.955,136.68967283805748,True
amdf_pitch_spectral_p140,phone_M1.wav,0.965,138.57149891211094,True
amdf_pitch_spectral_p140,phone_M1.wav,0.975,140.33816255588636,True
amdf_pitch_spectral_p140,phone_M1.wav,0.985,140.31979981980328,True
amdf_pitch_spectral_p140,phone_M1.wav,0.995,141.62055490078288,True
amdf_pitch_spectral_p140,phone_M1.wav,1.005,142.84659782624817,True
amdf_pitch_spectral_p140,phone_M1.wav,1.015,146.93872042398098,True
amdf_pitch_spectral_p140,phone_M1.wav,1.025,148.35834384024642,True
amdf_pitch_spectral_p140,phone_M1.wav,1.035,148.8561312960773,True
amdf_pitch_spectral_p140,phone_M1.wav,1.045,149.20847770896833,True
amdf_pitch_spectral_p140,phone_M1.wav,1.055,149.28107102805896,True
amdf_pitch_spectral_p140,phone_M1.wav,1.065,148.75361748235713,True
amdf_pitch_spectral_p140,phone_M1.wav,1.075,147.78664775776693,True
amdf_pitch_spectral_p140,phone_M1.wav,1.085,146.9048735840855,True
amdf_pitch_spectral_p140,phone_M1.wav,1.095,145.26327185776432,True
amdf_pitch_spectral_p140,phone_M1.wav,1.105,143.58597336208922,True
amdf_pitch_spectral_p140,phone_M1.wav,1.115,142.4984960805545,True
amdf_pitch_spectral_p140,phone_M1.wav,1.125,139.09220940637604,True
amdf_pitch_spectral_p140,phone_M1.wav,1.135,139.27045093983946,True
amdf_pitch_spectral_p140,phone_M1.wav,1.145,147.7313474131549,True
amdf_pitch_spectral_p140,phone_M1.wav,1.155,153.0131249503326,True
amdf_pitch_spectral_p140,phone_M1.wav,1.165,158.1147111391564,True
amdf_pitch_spectral_p140,phone_M1.wav,1.175,154.25159009489713,True
amdf_pitch_spectral_p140,phone_M1.wav,1.185,153.94311242385814,True
amdf_pitch_spectral_p140,phone_M1.wav,1.195,153.64577440710337,True
amdf_pitch_spectral_p140,phone_M1.wav,1.205,152.73431079045372,True
amdf_pitch_spectral_p140,phone_M1.wav,1.215,152.20421053692766,True
amdf_pitch_spectral_p140,phone_M1.wav,1.225,141.50403472079816,True
amdf_pitch_spectral_p140,phone_M1.wav,1.235,151.96067848305688,True
amdf_pitch_spectral_p140,phone_M1.wav,1.245,153.49585300828903,True
amdf_pitch_spectral_p140,phone_M1.wav,1.255,155.06099244427716,True
amdf_pitch_spectral_p140,phone_M1.wav,1.265,156.38721924075827,True
amdf_pitch_spectral_p140,phone_M1.wav,1.275,156.55099094792004,True
amdf_pitch_spectral_p140,phone_M1.wav,1.285,155.95188419271562,True
amdf_pitch_spectral_p140,phone_M1.wav,1.295,155.1177122547271,True
amdf_pitch_spectral_p140,phone_M1.wav,1.305,153.82606835750232,True
amdf_pitch_spectral_p140,phone_M1.wav,1.315,152.67034483919426,True
amdf_pitch_spectral_p140,phone_M1.wav,1.325,153.17405874972047,True
amdf_pitch_spectral_p140,phone_M1.wav,1.335,152.79370744072887,True
amdf_pitch_spectral_p140,phone_M1.wav,1.345,153.35944998899015,True
amdf_pitch_spectral_p140,phone_M1.wav,1.355,153.27637903150992,True
amdf_pitch_spectral_p140,phone_M1.wav,1.365,151.88610846512105,True
amdf_pitch_spectral_p140,phone_M1.wav,1.375,145.74613603074476,True
amdf_pitch_spectral_p140,phone_M1.wav,1.385,148.11189965784035,True
amdf_pitch_spectral_p140,phone_M1.wav,1.395,0.0,False
amdf_pitch_spectral_p140,phone_M1.wav,1.405,0.0,False
amdf_pitch_spectral_p140,phone_M1.wav,1.415,0.0,False
amdf_pitch_spectral_p140,phone_M1.wav,1.425,0.0,False
amdf_pitch_spectral_p140,phone_M1.wav,1.435,0.0,False
amdf_pitch_spectral_p140,phone_M1.wav,1.445,0.0,False
amdf_pitch_spectral_p140,phone_M1.wav,1.455,0.0,False
amdf_pitch_spectral_p140,phone_M1.wav,1.465,0.0,False
amdf_pitch_spectral_p140,phone_M1.wav,1.475,0.0,False
amdf_pitch_spectral_p140,phone_M1.wav,1.485,0.0,False
amdf_pitch_spectral_p140,phone_M1.wav,1.495,0.0,False
amdf_pitch_spectral_p140,phone_M1.wav,1.505,119.23040745677676,True
amdf_pitch_spectral_p140,phone_M1.wav,1.515,115.1711050464258,True
amdf_pitch_spectral_p140,phone_M1.wav,1.525,114.3334492153201,True
amdf_pitch_spectral_p140,phone_M1.wav,1.535,114.70073344682882,True
amdf_pitch_spectral_p140,phone_M1.wav,1.545,114.61224207408594,True
amdf_pitch_spectral_p140,phone_M1.wav,1.555,113.98988807536239,True
amdf_pitch_spectral_p140,phone_M1.wav,1.565,112.8595417530294,True
amdf_pitch_spectral_p140,phone_M1.wav,1.575,111.66867975031316,True
amdf_pitch_spectral_p140,phone_M1.wav,1.585,109.75429749905729,True
amdf_pitch_spectral_p140,phone_M1.wav,1.595,109.5823236913821,True
amdf_pitch_spectral_p140,phone_M1.wav,1.605,112.38966519933976,True
amdf_pitch_spectral_p140,phone_M1.wav,1.615,111.58528071938703,True
amdf_pitch_spectral_p140,phone_M1.wav,1.625,109.02525485396231,True
amdf_pitch_spectral_p140,phone_M1.wav,1.635,107.35206814817636,True
amdf_pitch_spectral_p140,phone_M1.wav,1.645,107.1689686105737,True
amdf_pitch_spectral_p140,phone_M1.wav,1.655,108.44724645304025,True
amdf_pitch_spectral_p140,phone_M1.wav,1.665,109.55152876518127,True
amdf_pitch_spectral_p140,phone_M1.wav,1.675,114.79784100300276,True
amdf_pitch_spectral_p140,phone_M1.wav,1.685,112.48648752783402,True
amdf_pitch_spectral_p140,phone_M1.wav,1.695,113.72006026255401,True
amdf_pitch_spectral_p140,phone_M1.wav,1.705,0.0,False
amdf_pitch_spectral_p140,phone_M1.wav,1.715,0.0,False
amdf_pitch_spectral_p140,phone_M1.wav,1.725,0.0,False
amdf_pitch_spectral_p140,phone_M1.wav,1.735,0.0,False
amdf_pitch_spectral_p140,phone_M1.wav,1.745,0.0,False
amdf_pitch_spectral_p140,phone_M1.wav,1.755,0.0,False
amdf_pitch_spectral_p140,phone_M1.wav,1.765,0.0,False
amdf_pitch_spectral_p140,phone_M1.wav,1.775,0.0,False
amdf_pitch_spectral_p140,phone_M1.wav,1.785,0.0,False
amdf_pitch_spectral_p140,phone_M1.wav,1.795,118.71237286304867,True
amdf_pitch_spectral_p140,phone_M1.wav,1.805,122.91938039900599,True
amdf_pitch_spectral_p140,phone_M1.wav,1.815,120.99336471572163,True
amdf_pitch_spectral_p140,phone_M1.wav,1.825,121.12901048703986,True
amdf_pitch_spectral_p140,phone_M1.wav,1.835,120.67575270256879,True
amdf_pitch_spectral_p140,phone_M1.wav,1.845,120.42371991297419,True
amdf_pitch_spectral_p140,phone_M1.wav,1.855,119.44283468047868,True
amdf_pitch_spectral_p140,phone_M1.wav,1.865,117.18831733304071,True
amdf_pitch_spectral_p140,phone_M1.wav,1.875,116.37900102805615,True
amdf_pitch_spectral_p140,phone_M1.wav,1.885,114.04030097586997,True
amdf_pitch_spectral_p140,phone_M1.wav,1.895,112.48405817333624,True
amdf_pitch_spectral_p140,phone_M1.wav,1.905,111.42744784417076,True
amdf_pitch_spectral_p140,phone_M1.wav,1.915,110.52666286830384,True
amdf_pitch_spectral_p140,phone_M1.wav,1.925,110.04605462314947,True
amdf_pitch_spectral_p140,phone_M1.wav,1.935,106.56881259398136,True
amdf_pitch_spectral_p140,phone_M1.wav,1.945,103.21644471604483,True
amdf_pitch_spectral_p140,phone_M1.wav,1.955,100.43364716968338,True
amdf_pitch_spectral_p140,phone_M1.wav,1.965,98.11144657318252,True
amdf_pitch_spectral_p140,phone_M1.wav,1.975,0.0,False
amdf_pitch_spectral_p140,phone_M1.wav,1.985,473.45312592855447,True
amdf_pitch_spectral_p140,phone_M1.wav,1.995,473.9153657679539,True
amdf_pitch_spectral_p140,phone_M1.wav,2.005,0.0,False
amdf_pitch_spectral_p140,phone_M1.wav,2.015,0.0,False
amdf_pitch_spectral_p140,phone_M1.wav,2.025,102.41908391983722,True
amdf_pitch_spectral_p140,phone_M1.wav,2.035,103.25870664082083,True
amdf_pitch_spectral_p140,phone_M1.wav,2.045,101.44537268993899,True
amdf_pitch_spectral_p140,phone_M1.wav,2.055,99.72290353219154,True
amdf_pitch_spectral_p140,phone_M1.wav,2.065,96.16163943404464,True
amdf_pitch_spectral_p140,phone_M1.wav,2.075,104.29427895441685,True
amdf_pitch_spectral_p140,phone_M1.wav,2.085,106.91052638484442,True
amdf_pitch_spectral_p140,phone_M1.wav,2.095,108.28548458580146,True
amdf_pitch_spectral_p140,phone_M1.wav,2.105,106.4341157869309,True
amdf_pitch_spectral_p140,phone_M1.wav,2.115,106.71535580299182,True
amdf_pitch_spectral_p140,phone_M1.wav,2.125,108.68880556411654,True
amdf_pitch_spectral_p140,phone_M1.wav,2.135,112.4885359182962,True
amdf_pitch_spectral_p140,phone_M1.wav,2.145,121.22513083615078,True
amdf_pitch_spectral_p140,phone_M1.wav,2.155,125.9582016301792,True
amdf_pitch_spectral_p140,phone_M1.wav,2.165,121.17142033902753,True
amdf_pitch_spectral_p140,phone_M1.wav,2.175,123.92386314623265,True
amdf_pitch_spectral_p140,phone_M1.wav,2.185,123.32378687732383,True
amdf_pitch_spectral_p140,phone_M1.wav,2.195,122.68248317556238,True
amdf_pitch_spectral_p140,phone_M1.wav,2.205,121.77149717229747,True
amdf_pitch_spectral_p140,phone_M1.wav,2.215,120.53340426110351,True
amdf_pitch_spectral_p140,phone_M1.wav,2.225,120.19262051230776,True
amdf_pitch_spectral_p140,phone_M1.wav,2.235,118.32377943103339,True
amdf_pitch_spectral_p140,phone_M1.wav,2.245,117.48548169616656,True
amdf_pitch_spectral_p140,phone_M1.wav,2.255,116.43248635174433,True
amdf_pitch_spectral_p140,phone_M1.wav,2.265,115.17158322287533,True
amdf_pitch_spectral_p140,phone_M1.wav,2.275,114.8877726677132,True
amdf_pitch_spectral_p140,phone_M1.wav,2.285,114.35637775101226,True
amdf_pitch_spectral_p140,phone_M1.wav,2.295,113.37764934938492,True
amdf_pitch_spectral_p140,phone_M1.wav,2.305,111.75821289757964,True
amdf_pitch_spectral_p140,phone_M1.wav,2.315,111.4764353683385,True
amdf_pitch_spectral_p140,phone_M1.wav,2.325,109.8129269930601,True
amdf_pitch_spectral_p140,phone_M1.wav,2.335,109.53171099417085,True
amdf_pitch_spectral_p140,phone_M1.wav,2.345,109.60150192519804,True
amdf_pitch_spectral_p140,phone_M1.wav,2.355,110.18367050708117,True
amdf_pitch_spectral_p140,phone_M1.wav,2.365,111.03388579701685,True
amdf_pitch_spectral_p140,phone_M1.wav,2.375,111.54831681121587,True
amdf_pitch_spectral_p140,phone_M1.wav,2.385,114.27726941683781,True
amdf_pitch_spectral_p140,phone_M1.wav,2.395,115.16687606473837,True
amdf_pitch_spectral_p140,phone_M1.wav,2.405,112.00273054078652,True
amdf_pitch_spectral_p140,phone_M1.wav,2.415,118.69867267462277,True
amdf_pitch_spectral_p140,phone_M1.wav,2.425,123.70723214100175,True
amdf_pitch_spectral_p140,phone_M1.wav,2.435,125.27083800229572,True
amdf_pitch_spectral_p140,phone_M1.wav,2.445,127.03238542403017,True
amdf_pitch_spectral_p140,phone_M1.wav,2.455,130.56989395421223,True
amdf_pitch_spectral_p140,phone_M1.wav,2.465,126.43069324681312,True
amdf_pitch_spectral_p140,phone_M1.wav,2.475,123.061773285868,True
amdf_pitch_spectral_p140,phone_M1.wav,2.485,121.68036719318604,True
amdf_pitch_spectral_p140,phone_M1.wav,2.495,127.33724727792367,True
amdf_pitch_spectral_p140,phone_M1.wav,2.505,110.33510582319578,True
amdf_pitch_spectral_p140,phone_M1.wav,2.515,110.90302432190406,True
amdf_pitch_spectral_p140,phone_M1.wav,2.525,111.19728472074651,True
amdf_pitch_spectral_p140,phone_M1.wav,2.535,110.64831399706564,True
amdf_pitch_spectral_p140,phone_M1.wav,2.545,111.18540295634656,True
amdf_pitch_spectral_p140,phone_M1.wav,2.555,109.3645320285213,True
amdf_pitch_spectral_p140,phone_M1.wav,2.565,109.55492082276245,True
amdf_pitch_spectral_p140,phone_M1.wav,2.575,108.35040061768765,True
amdf_pitch_spectral_p140,phone_M1.wav,2.585,108.58230211321587,True
amdf_pitch_spectral_p140,phone_M1.wav,2.595,108.07437149074819,True
amdf_pitch_spectral_p140,phone_M1.wav,2.605,108.01084333487032,True
amdf_pitch_spectral_p140,phone_M1.wav,2.615,107.48160983704298,True
amdf_pitch_spectral_p140,phone_M1.wav,2.625,106.68555904753099,True
amdf_pitch_spectral_p140,phone_M1.wav,2.635,105.95773605486261,True
amdf_pitch_spectral_p140,phone_M1.wav,2.645,104.51531977242507,True
amdf_pitch_spectral_p140,phone_M1.wav,2.655,104.0369418090266,True
amdf_pitch_spectral_p140,phone_M1.wav,2.665,103.33784470959671,True
amdf_pitch_spectral_p140,phone_M1.wav,2.675,102.70091353177507,True
amdf_pitch_spectral_p140,phone_M1.wav,2.685,102.59480407993908,True
amdf_pitch_spectral_p140,phone_M1.wav,2.695,103.15419753570292,True
amdf_pitch_spectral_p140,phone_M1.wav,2.705,103.72089219713192,True
amdf_pitch_spectral_p140,phone_M1.wav,2.715,111.95421419273394,True
amdf_pitch_spectral_p140,phone_M1.wav,2.725,0.0,False
amdf_pitch_spectral_p140,phone_M1.wav,2.735,0.0,False
amdf_pitch_spectral_p140,phone_M1.wav,2.745,0.0,False
amdf_pitch_spectral_p140,phone_M1.wav,2.755,0.0,False
amdf_pitch_spectral_p140,phone_M1.wav,2.765,0.0,False
amdf_pitch_spectral_p140,phone_M1.wav,2.775,0.0,False
amdf_pitch_spectral_p140,phone_M1.wav,2.785,0.0,False
amdf_pitch_spectral_p140,phone_M1.wav,2.795,0.0,False
amdf_pitch_spectral_p140,phone_M1.wav,2.805,0.0,False
amdf_pitch_spectral_p140,phone_M1.wav,2.815,0.0,False
amdf_pitch_spectral_p140,phone_M1.wav,2.825,0.0,False
amdf_pitch_spectral_p140,phone_M1.wav,2.835,0.0,False
amdf_pitch_spectral_p140,phone_M1.wav,2.845,0.0,False
amdf_pitch_spectral_p140,phone_M1.wav,2.855,0.0,False
amdf_pitch_spectral_p140,phone_M1.wav,2.865,0.0,False
amdf_pitch_spectral_p140,phone_M1.wav,2.875,134.94177461351055,True
amdf_pitch_spectral_p140,phone_M1.wav,2.885,136.74338673966338,True
amdf_pitch_spectral_p140,phone_M1.wav,2.895,135.48923709559537,True
amdf_pitch_spectral_p140,phone_M1.wav,2.905,135.56390282023048,True
amdf_pitch_spectral_p140,phone_M1.wav,2.915,136.51759750395084,True
amdf_pitch_spectral_p140,phone_M1.wav,2.925,138.19315337122865,True
amdf_pitch_spectral_p140,phone_M1.wav,2.935,0.0,False
amdf_pitch_spectral_p140,phone_M1.wav,2.945,0.0,False
amdf_pitch_spectral_p140,phone_M1.wav,2.955,0.0,False
amdf_pitch_spectral_p140,phone_M1.wav,2.965,0.0,False
amdf_pitch_spectral_p140,phone_M1.wav,2.975,0.0,False
amdf_pitch_spectral_p140,phone_M1.wav,2.985,0.0,False
amdf_pitch_spectral_p140,phone_M1.wav,2.995,0.0,False
amdf_pitch_spectral_p140,phone_M1.wav,3.005,0.0,False
amdf_pitch_spectral_p140,phone_M1.wav,3.015,0.0,False
amdf_pitch_spectral_p140,phone_M1.wav,3.025,0.0,False
amdf_pitch_spectral_p140,phone_M1.wav,3.035,0.0,False
amdf_pitch_spectral_p140,phone_M1.wav,3.045,0.0,False
amdf_pitch_spectral_p140,phone_M1.wav,3.055,0.0,False
amdf_pitch_spectral_p140,phone_M1.wav,3.065,0.0,False
amdf_pitch_spectral_p140,phone_M1.wav,3.075,0.0,False
amdf_pitch_spectral_p140,phone_M1.wav,3.085,0.0,False
amdf_pitch_spectral_p140,phone_M1.wav,3.095,0.0,False
amdf_pitch_spectral_p140,phone_M1.wav,3.105,111.06561920424248,True
amdf_pitch_spectral_p140,phone_M1.wav,3.115,92.65515404521004,True
amdf_pitch_spectral_p140,phone_M1.wav,3.125,99.81372717963758,True
amdf_pitch_spectral_p140,phone_M1.wav,3.135,92.36570234129957,True
amdf_pitch_spectral_p140,phone_M1.wav,3.145,92.61064370184127,True
amdf_pitch_spectral_p140,phone_M1.wav,3.155,94.16937025600197,True
amdf_pitch_spectral_p140,phone_M1.wav,3.165,96.22364603018615,True
amdf_pitch_spectral_p140,phone_M1.wav,3.175,97.03815557500656,True
amdf_pitch_spectral_p140,phone_M1.wav,3.185,101.49544437530486,True
amdf_pitch_spectral_p140,phone_M1.wav,3.195,101.20151732066144,True
amdf_pitch_spectral_p140,phone_M1.wav,3.205,100.46275722054135,True
amdf_pitch_spectral_p140,phone_M1.wav,3.215,99.43251088619611,True
amdf_pitch_spectral_p140,phone_M1.wav,3.225,98.91809229956668,True
amdf_pitch_spectral_p140,phone_M1.wav,3.235,98.91360506456651,True
amdf_pitch_spectral_p140,phone_M1.wav,3.245,100.49477813003473,True
amdf_pitch_spectral_p140,phone_M1.wav,3.255,101.46294717793857,True
amdf_pitch_spectral_p140,phone_M1.wav,3.265,104.82484202557704,True
amdf_pitch_spectral_p140,phone_M1.wav,3.275,110.81949938859171,True
amdf_pitch_spectral_p140,phone_M1.wav,3.285,111.58735576198498,True
amdf_pitch_spectral_p140,phone_M1.wav,3.295,0.0,False
amdf_pitch_spectral_p140,phone_M1.wav,3.305,0.0,False
amdf_pitch_spectral_p140,phone_M1.wav,3.315,0.0,False
amdf_pitch_spectral_p140,phone_M1.wav,3.325,0.0,False
amdf_pitch_spectral_p140,phone_M1.wav,3.335,0.0,False
amdf_pitch_spectral_p140,phone_M1.wav,3.345,0.0,False
amdf_pitch_spectral_p140,phone_M1.wav,3.355,0.0,False
amdf_pitch_spectral_p140,phone_M1.wav,3.365,0.0,False
amdf_pitch_spectral_p140,phone_M1.wav,3.375,0.0,False
amdf_pitch_spectral_p140,phone_M1.wav,3.385,0.0,False
amdf_pitch_spectral_p140,phone_M1.wav,3.395,0.0,False
amdf_pitch_spectral_p140,phone_M1.wav,3.405,0.0,False
amdf_pitch_spectral_p140,phone_M1.wav,3.415,0.0,False
amdf_pitch_spectral_p140,phone_M1.wav,3.425,0.0,False
amdf_pitch_spectral_p140,phone_M1.wav,3.435,0.0,False
amdf_pitch_spectral_p140,phone_M1.wav,3.445,138.0437578402067,True
amdf_pitch_spectral_p140,phone_M1.wav,3.455,117.55825286079047,True
amdf_pitch_spectral_p140,phone_M1.wav,3.465,116.92404410812499,True
amdf_pitch_spectral_p140,phone_M1.wav,3.475,112.78874015003151,True
amdf_pitch_spectral_p140,phone_M1.wav,3.485,108.91503630531122,True
amdf_pitch_spectral_p140,phone_M1.wav,3.495,105.5714102805694,True
amdf_pitch_spectral_p140,phone_M1.wav,3.505,102.54203393194399,True
amdf_pitch_spectral_p140,phone_M1.wav,3.515,95.82837727409543,True
amdf_pitch_spectral_p140,phone_M1.wav,3.525,0.0,False
amdf_pitch_spectral_p140,phone_M1.wav,3.535,0.0,False
amdf_pitch_spectral_p140,phone_M1.wav,3.545,0.0,False
amdf_pitch_spectral_p140,phone_M1.wav,3.555,0.0,False
amdf_pitch_spectral_p140,phone_M1.wav,3.565,0.0,False
amdf_pitch_spectral_p140,phone_M1.wav,3.575,0.0,False
amdf_pitch_spectral_p140,phone_M1.wav,3.585,0.0,False
amdf_pitch_spectral_p140,phone_M1.wav,3.595,0.0,False
amdf_pitch_spectral_p140,phone_M1.wav,3.605,0.0,False
amdf_pitch_spectral_p140,phone_M1.wav,3.615,0.0,False
amdf_pitch_spectral_p140,phone_M1.wav,3.625,0.0,False
amdf_pitch_spectral_p140,phone_M1.wav,3.635,0.0,False
amdf_pitch_spectral_p140,phone_M1.wav,3.645,0.0,False
amdf_pitch_spectral_p140,phone_M1.wav,3.655,0.0,False
amdf_pitch_spectral_p140,phone_M1.wav,3.665,0.0,False
amdf_pitch_spectral_p140,phone_M1.wav,3.675,0.0,False
amdf_pitch_spectral_p140,phone_M1.wav,3.685,0.0,False
amdf_pitch_spectral_p140,phone_M1.wav,3.695,0.0,False
amdf_pitch_spectral_p140,phone_M1.wav,3.705,0.0,False
amdf_pitch_spectral_p140,phone_M1.wav,3.715,0.0,False
amdf_pitch_spectral_p140,phone_M1.wav,3.725,0.0,False
amdf_pitch_spectral_p140,phone_M1.wav,3.735,0.0,False
amdf_pitch_spectral_p140,phone_M1.wav,3.745,0.0,False
amdf_pitch_spectral_p140,phone_M1.wav,3.755,0.0,False
amdf_pitch_spectral_p140,phone_M1.wav,3.765,0.0,False
amdf_pitch_spectral_p140,phone_M1.wav,3.775,0.0,False
amdf_pitch_spectral_p140,phone_M1.wav,3.785,0.0,False
amdf_pitch_spectral_p140,phone_M1.wav,3.795,0.0,False
amdf_pitch_spectral_p140,phone_M1.wav,3.805,0.0,False
amdf_pitch_spectral_p140,phone_M1.wav,3.815,0.0,False
amdf_pitch_spectral_p140,phone_M1.wav,3.825,0.0,False
amdf_pitch_spectral_p140,phone_M1.wav,3.835,0.0,False
amdf_pitch_spectral_p140,phone_M1.wav,3.845,0.0,False
amdf_pitch_spectral_p140,phone_M1.wav,3.855,0.0,False
amdf_pitch_spectral_p140,phone_M1.wav,3.865,0.0,False
amdf_pitch_spectral_p140,phone_M1.wav,3.875,0.0,False
amdf_pitch_spectral_p140,phone_M1.wav,3.885,0.0,False
amdf_pitch_spectral_p140,phone_M1.wav,3.895,0.0,False
amdf_pitch_spectral_p140,phone_M1.wav,3.905,0.0,False
amdf_pitch_spectral_p140,phone_M1.wav,3.915,0.0,False
amdf_pitch_spectral_p140,phone_M1.wav,3.925,0.0,False
amdf_pitch_spectral_p140,phone_M1.wav,3.935,0.0,False
amdf_pitch_spectral_p140,phone_M1.wav,3.945,0.0,False
amdf_pitch_spectral_p140,phone_M1.wav,3.955,0.0,False
amdf_pitch_spectral_p140,phone_M1.wav,3.965,0.0,False
amdf_pitch_spectral_p140,phone_M1.wav,3.975,0.0,False
amdf_pitch_spectral_p140,phone_M1.wav,3.985,0.0,False
amdf_pitch_spectral_p140,phone_M1.wav,3.995,0.0,False
amdf_pitch_spectral_p140,phone_M1.wav,4.005,0.0,False
amdf_pitch_spectral_p140,phone_M1.wav,4.015000000000001,0.0,False
amdf_pitch_spectral_p140,phone_M1.wav,4.025,0.0,False
amdf_pitch_spectral_p140,phone_M1.wav,4.035,0.0,False
amdf_pitch_spectral_p140,phone_M1.wav,4.045000000000001,0.0,False
amdf_pitch_spectral_p140,phone_M1.wav,4.055000000000001,0.0,False
amdf_pitch_spectral_p140,phone_M1.wav,4.065,0.0,False
amdf_pitch_spectral_p140,phone_M1.wav,4.075,0.0,False
amdf_pitch_spectral_p140,phone_M1.wav,4.085000000000001,0.0,False
amdf_pitch_spectral_p140,phone_M1.wav,4.095000000000001,0.0,False
amdf_pitch_spectral_p140,phone_M1.wav,4.105,0.0,False
amdf_pitch_spectral_p140,phone_M1.wav,4.115,0.0,False
amdf_pitch_spectral_p140,phone_M1.wav,4.125,0.0,False
amdf_pitch_spectral_p140,phone_M1.wav,4.135000000000001,0.0,False
amdf_pitch_spectral_p170,phone_M1.wav,0.025,0.0,False
amdf_pitch_spectral_p170,phone_M1.wav,0.035,0.0,False
amdf_pitch_spectral_p170,phone_M1.wav,0.045,0.0,False
amdf_pitch_spectral_p170,phone_M1.wav,0.055,0.0,False
amdf_pitch_spectral_p170,phone_M1.wav,0.065,0.0,False
amdf_pitch_spectral_p170,phone_M1.wav,0.075,0.0,False
amdf_pitch_spectral_p170,phone_M1.wav,0.085,0.0,False
amdf_pitch_spectral_p170,phone_M1.wav,0.095,0.0,False
amdf_pitch_spectral_p170,phone_M1.wav,0.105,0.0,False
amdf_pitch_spectral_p170,phone_M1.wav,0.115,0.0,False
amdf_pitch_spectral_p170,phone_M1.wav,0.125,0.0,False
amdf_pitch_spectral_p170,phone_M1.wav,0.135,0.0,False
amdf_pitch_spectral_p170,phone_M1.wav,0.145,0.0,False
amdf_pitch_spectral_p170,phone_M1.wav,0.155,0.0,False
amdf_pitch_spectral_p170,phone_M1.wav,0.165,0.0,False
amdf_pitch_spectral_p170,phone_M1.wav,0.175,0.0,False
amdf_pitch_spectral_p170,phone_M1.wav,0.185,0.0,False
amdf_pitch_spectral_p170,phone_M1.wav,0.195,0.0,False
amdf_pitch_spectral_p170,phone_M1.wav,0.205,0.0,False
amdf_pitch_spectral_p170,phone_M1.wav,0.215,0.0,False
amdf_pitch_spectral_p170,phone_M1.wav,0.225,0.0,False
amdf_pitch_spectral_p170,phone_M1.wav,0.235,0.0,False
amdf_pitch_spectral_p170,phone_M1.wav,0.245,0.0,False
amdf_pitch_spectral_p170,phone_M1.wav,0.255,0.0,False
amdf_pitch_spectral_p170,phone_M1.wav,0.265,0.0,False
amdf_pitch_spectral_p170,phone_M1.wav,0.275,0.0,False
amdf_pitch_spectral_p170,phone_M1.wav,0.285,0.0,False
amdf_pitch_spectral_p170,phone_M1.wav,0.295,0.0,False
amdf_pitch_spectral_p170,phone_M1.wav,0.305,0.0,False
amdf_pitch_spectral_p170,phone_M1.wav,0.315,0.0,False
amdf_pitch_spectral_p170,phone_M1.wav,0.325,0.0,False
amdf_pitch_spectral_p170,phone_M1.wav,0.335,0.0,False
amdf_pitch_spectral_p170,phone_M1.wav,0.345,0.0,False
amdf_pitch_spectral_p170,phone_M1.wav,0.355,0.0,False
amdf_pitch_spectral_p170,phone_M1.wav,0.365,0.0,False
amdf_pitch_spectral_p170,phone_M1.wav,0.375,0.0,False
amdf_pitch_spectral_p170,phone_M1.wav,0.385,0.0,False
amdf_pitch_spectral_p170,phone_M1.wav,0.395,0.0,False
amdf_pitch_spectral_p170,phone_M1.wav,0.405,0.0,False
amdf_pitch_spectral_p170,phone_M1.wav,0.415,0.0,False
amdf_pitch_spectral_p170,phone_M1.wav,0.425,0.0,False
amdf_pitch_spectral_p170,phone_M1.wav,0.435,0.0,False
amdf_pitch_spectral_p170,phone_M1.wav,0.445,0.0,False
amdf_pitch_spectral_p170,phone_M1.wav,0.455,0.0,False
amdf_pitch_spectral_p170,phone_M1.wav,0.465,0.0,False
amdf_pitch_spectral_p170,phone_M1.wav,0.475,140.61140022952898,True
amdf_pitch_spectral_p170,phone_M1.wav,0.485,136.56715016977773,True
amdf_pitch_spectral_p170,phone_M1.wav,0.495,136.44348519005743,True
amdf_pitch_spectral_p170,phone_M1.wav,0.505,136.3866377159719,True
amdf_pitch_spectral_p170,phone_M1.wav,0.515,135.8206474638098,True
amdf_pitch_spectral_p170,phone_M1.wav,0.525,135.08132047142837,True
amdf_pitch_spectral_p170,phone_M1.wav,0.535,135.00097123327467,True
amdf_pitch_spectral_p170,phone_M1.wav,0.545,136.13695582343033,True
amdf_pitch_spectral_p170,phone_M1.wav,0.555,137.31248345292013,True
amdf_pitch_spectral_p170,phone_M1.wav,0.565,138.43561130339424,True
amdf_pitch_spectral_p170,phone_M1.wav,0.575,135.74634950396046,True
amdf_pitch_spectral_p170,phone_M1.wav,0.585,136.7477927202596,True
amdf_pitch_spectral_p170,phone_M1.wav,0.595,136.84700888757754,True
amdf_pitch_spectral_p170,phone_M1.wav,0.605,137.54971990534997,True
amdf_pitch_spectral_p170,phone_M1.wav,0.615,137.88325818934953,True
amdf_pitch_spectral_p170,phone_M1.wav,0.625,138.08614530158968,True
amdf_pitch_spectral_p170,phone_M1.wav,0.635,138.62005984651398,True
amdf_pitch_spectral_p170,phone_M1.wav,0.645,138.28200730552624,True
amdf_pitch_spectral_p170,phone_M1.wav,0.655,137.27781758679075,True
amdf_pitch_spectral_p170,phone_M1.wav,0.665,134.97087231020333,True
amdf_pitch_spectral_p170,phone_M1.wav,0.675,133.66099533633152,True
amdf_pitch_spectral_p170,phone_M1.wav,0.685,132.38680968449032,True
amdf_pitch_spectral_p170,phone_M1.wav,0.695,131.39266732884545,True
amdf_pitch_spectral_p170,phone_M1.wav,0.705,128.7752604499131,True
amdf_pitch_spectral_p170,phone_M1.wav,0.715,127.67606375592936,True
amdf_pitch_spectral_p170,phone_M1.wav,0.725,125.56179782949324,True
amdf_pitch_spectral_p170,phone_M1.wav,0.735,123.16819719957749,True
amdf_pitch_spectral_p170,phone_M1.wav,0.745,122.66703204853812,True
amdf_pitch_spectral_p170,phone_M1.wav,0.755,121.11374621287216,True
amdf_pitch_spectral_p170,phone_M1.wav,0.765,119.00814895197138,True
amdf_pitch_spectral_p170,phone_M1.wav,0.775,117.7853278848161,True
amdf_pitch_spectral_p170,phone_M1.wav,0.785,116.52211886070339,True
amdf_pitch_spectral_p170,phone_M1.wav,0.795,114.62539378572176,True
amdf_pitch_spectral_p170,phone_M1.wav,0.805,112.82781627458259,True
amdf_pitch_spectral_p170,phone_M1.wav,0.815,111.14156435978268,True
amdf_pitch_spectral_p170,phone_M1.wav,0.825,116.28312873591662,True
amdf_pitch_spectral_p170,phone_M1.wav,0.835,114.41498212036927,True
amdf_pitch_spectral_p170,phone_M1.wav,0.845,116.74269356745413,True
amdf_pitch_spectral_p170,phone_M1.wav,0.855,118.82750865703056,True
amdf_pitch_spectral_p170,phone_M1.wav,0.865,119.26760876149031,True
amdf_pitch_spectral_p170,phone_M1.wav,0.875,120.24963881767519,True
amdf_pitch_spectral_p170,phone_M1.wav,0.885,122.29471610696208,True
amdf_pitch_spectral_p170,phone_M1.wav,0.895,123.99110692288016,True
amdf_pitch_spectral_p170,phone_M1.wav,0.905,124.8469868004664,True
amdf_pitch_spectral_p170,phone_M1.wav,0.915,139.0919775933245,True
amdf_pitch_spectral_p170,phone_M1.wav,0.925,133.2138283390675,True
amdf_pitch_spectral_p170,phone_M1.wav,0.935,133.47013230100293,True
amdf_pitch_spectral_p170,phone_M1.wav,0.945,135.09107990412252,True
amdf_pitch_spectral_p170,phone_M1.wav,0.955,136.68967283805748,True
amdf_pitch_spectral_p170,phone_M1.wav,0.965,138.57149891211094,True
amdf_pitch_spectral_p170,phone_M1.wav,0.975,140.33816255588636,True
amdf_pitch_spectral_p170,phone_M1.wav,0.985,140.92630479493454,True
amdf_pitch_spectral_p170,phone_M1.wav,0.995,141.30103470323672,True
amdf_pitch_spectral_p170,phone_M1.wav,1.005,142.32520197098495,True
amdf_pitch_spectral_p170,phone_M1.wav,1.015,146.95179496537364,True
amdf_pitch_spectral_p170,phone_M1.wav,1.025,148.95930253914142,True
amdf_pitch_spectral_p170,phone_M1.wav,1.035,149.135094467618,True
amdf_pitch_spectral_p170,phone_M1.wav,1.045,149.11400777293022,True
amdf_pitch_spectral_p170,phone_M1.wav,1.055,149.3825306220188,True
amdf_pitch_spectral_p170,phone_M1.wav,1.065,149.16781199569718,True
amdf_pitch_spectral_p170,phone_M1.wav,1.075,147.99995079819035,True
amdf_pitch_spectral_p170,phone_M1.wav,1.085,146.77841764224308,True
amdf_pitch_spectral_p170,phone_M1.wav,1.095,144.77793042005513,True
amdf_pitch_spectral_p170,phone_M1.wav,1.105,143.04353365088463,True
amdf_pitch_spectral_p170,phone_M1.wav,1.115,142.45566061791,True
amdf_pitch_spectral_p170,phone_M1.wav,1.125,139.09220940637604,True
amdf_pitch_spectral_p170,phone_M1.wav,1.135,139.27045093983946,True
amdf_pitch_spectral_p170,phone_M1.wav,1.145,147.7313474131549,True
amdf_pitch_spectral_p170,phone_M1.wav,1.155,153.0131249503326,True
amdf_pitch_spectral_p170,phone_M1.wav,1.165,158.1147111391564,True
amdf_pitch_spectral_p170,phone_M1.wav,1.175,154.25159009489713,True
amdf_pitch_spectral_p170,phone_M1.wav,1.185,153.94311242385814,True
amdf_pitch_spectral_p170,phone_M1.wav,1.195,153.64577440710337,True
amdf_pitch_spectral_p170,phone_M1.wav,1.205,152.73431079045372,True
amdf_pitch_spectral_p170,phone_M1.wav,1.215,152.20421053692766,True
amdf_pitch_spectral_p170,phone_M1.wav,1.225,141.50403472079816,True
amdf_pitch_spectral_p170,phone_M1.wav,1.235,151.73885081497758,True
amdf_pitch_spectral_p170,phone_M1.wav,1.245,153.08702369789177,True
amdf_pitch_spectral_p170,phone_M1.wav,1.255,154.91567282801768,True
amdf_pitch_spectral_p170,phone_M1.wav,1.265,156.38048532964382,True
amdf_pitch_spectral_p170,phone_M1.wav,1.275,157.10717129820927,True
amdf_pitch_spectral_p170,phone_M1.wav,1.285,156.20068357342058,True
amdf_pitch_spectral_p170,phone_M1.wav,1.295,154.2817568784777,True
amdf_pitch_spectral_p170,phone_M1.wav,1.305,152.96783631546376,True
amdf_pitch_spectral_p170,phone_M1.wav,1.315,153.42235721812304,True
amdf_pitch_spectral_p170,phone_M1.wav,1.325,152.19360577282131,True
amdf_pitch_spectral_p170,phone_M1.wav,1.335,153.25331229705398,True
amdf_pitch_spectral_p170,phone_M1.wav,1.345,153.51672593769493,True
amdf_pitch_spectral_p170,phone_M1.wav,1.355,153.0324256693403,True
amdf_pitch_spectral_p170,phone_M1.wav,1.365,153.34732468764798,True
amdf_pitch_spectral_p170,phone_M1.wav,1.375,145.74613603074476,True
amdf_pitch_spectral_p170,phone_M1.wav,1.385,148.11189965784035,True
amdf_pitch_spectral_p170,phone_M1.wav,1.395,0.0,False
amdf_pitch_spectral_p170,phone_M1.wav,1.405,0.0,False
amdf_pitch_spectral_p170,phone_M1.wav,1.415,0.0,False
amdf_pitch_spectral_p170,phone_M1.wav,1.425,0.0,False
amdf_pitch_spectral_p170,phone_M1.wav,1.435,0.0,False
amdf_pitch_spectral_p170,phone_M1.wav,1.445,0.0,False
amdf_pitch_spectral_p170,phone_M1.wav,1.455,0.0,False
amdf_pitch_spectral_p170,phone_M1.wav,1.465,0.0,False
amdf_pitch_spectral_p170,phone_M1.wav,1.475,0.0,False
amdf_pitch_spectral_p170,phone_M1.wav,1.485,0.0,False
amdf_pitch_spectral_p170,phone_M1.wav,1.495,0.0,False
amdf_pitch_spectral_p170,phone_M1.wav,1.505,119.23040745677676,True
amdf_pitch_spectral_p170,phone_M1.wav,1.515,115.1711050464258,True
amdf_pitch_spectral_p170,phone_M1.wav,1.525,114.3334492153201,True
amdf_pitch_spectral_p170,phone_M1.wav,1.535,114.70073344682882,True
amdf_pitch_spectral_p170,phone_M1.wav,1.545,114.61224207408594,True
amdf_pitch_spectral_p170,phone_M1.wav,1.555,113.98988807536239,True
amdf_pitch_spectral_p170,phone_M1.wav,1.565,112.8595417530294,True
amdf_pitch_spectral_p170,phone_M1.wav,1.575,111.66867975031316,True
amdf_pitch_spectral_p170,phone_M1.wav,1.585,109.75429749905729,True
amdf_pitch_spectral_p170,phone_M1.wav,1.595,109.5823236913821,True
amdf_pitch_spectral_p170,phone_M1.wav,1.605,112.38966519933976,True
amdf_pitch_spectral_p170,phone_M1.wav,1.615,111.58528071938703,True
amdf_pitch_spectral_p170,phone_M1.wav,1.625,109.02525485396231,True
amdf_pitch_spectral_p170,phone_M1.wav,1.635,107.35206814817636,True
amdf_pitch_spectral_p170,phone_M1.wav,1.645,107.1689686105737,True
amdf_pitch_spectral_p170,phone_M1.wav,1.655,108.44724645304025,True
amdf_pitch_spectral_p170,phone_M1.wav,1.665,109.55152876518127,True
amdf_pitch_spectral_p170,phone_M1.wav,1.675,114.79784100300276,True
amdf_pitch_spectral_p170,phone_M1.wav,1.685,112.48648752783402,True
amdf_pitch_spectral_p170,phone_M1.wav,1.695,113.72006026255401,True
amdf_pitch_spectral_p170,phone_M1.wav,1.705,0.0,False
amdf_pitch_spectral_p170,phone_M1.wav,1.715,0.0,False
amdf_pitch_spectral_p170,phone_M1.wav,1.725,0.0,False
amdf_pitch_spectral_p170,phone_M1.wav,1.735,0.0,False
amdf_pitch_spectral_p170,phone_M1.wav,1.745,0.0,False
amdf_pitch_spectral_p170,phone_M1.wav,1.755,0.0,False
amdf_pitch_spectral_p170,phone_M1.wav,1.765,0.0,False
amdf_pitch_spectral_p170,phone_M1.wav,1.775,0.0,False
amdf_pitch_spectral_p170,phone_M1.wav,1.785,0.0,False
amdf_pitch_spectral_p170,phone_M1.wav,1.795,118.71237286304867,True
amdf_pitch_spectral_p170,phone_M1.wav,1.805,122.91938039900599,True
amdf_pitch_spectral_p170,phone_M1.wav,1.815,120.99336471572163,True
amdf_pitch_spectral_p170,phone_M1.wav,1.825,121.12901048703986,True
amdf_pitch_spectral_p170,phone_M1.wav,1.835,120.67575270256879,True
amdf_pitch_spectral_p170,phone_M1.wav,1.845,120.42371991297419,True
amdf_pitch_spectral_p170,phone_M1.wav,1.855,119.44283468047868,True
amdf_pitch_spectral_p170,phone_M1.wav,1.865,117.18831733304071,True
amdf_pitch_spectral_p170,phone_M1.wav,1.875,116.37900102805615,True
amdf_pitch_spectral_p170,phone_M1.wav,1.885,114.04030097586997,True
amdf_pitch_spectral_p170,phone_M1.wav,1.895,112.48405817333624,True
amdf_pitch_spectral_p170,phone_M1.wav,1.905,111.42744784417076,True
amdf_pitch_spectral_p170,phone_M1.wav,1.915,110.52666286830384,True
amdf_pitch_spectral_p170,phone_M1.wav,1.925,110.04605462314947,True
amdf_pitch_spectral_p170,phone_M1.wav,1.935,106.56881259398136,True
amdf_pitch_spectral_p170,phone_M1.wav,1.945,103.21644471604483,True
amdf_pitch_spectral_p170,phone_M1.wav,1.955,100.43364716968338,True
amdf_pitch_spectral_p170,phone_M1.wav,1.965,98.11144657318252,True
amdf_pitch_spectral_p170,phone_M1.wav,1.975,0.0,False
amdf_pitch_spectral_p170,phone_M1.wav,1.985,473.45312592855447,True
amdf_pitch_spectral_p170,phone_M1.wav,1.995,473.9153657679539,True
amdf_pitch_spectral_p170,phone_M1.wav,2.005,0.0,False
amdf_pitch_spectral_p170,phone_M1.wav,2.015,0.0,False
amdf_pitch_spectral_p170,phone_M1.wav,2.025,102.41908391983722,True
amdf_pitch_spectral_p170,phone_M1.wav,2.035,103.25870664082083,True
amdf_pitch_spectral_p170,phone_M1.wav,2.045,101.44537268993899,True
amdf_pitch_spectral_p170,phone_M1.wav,2.055,99.72290353219154,True
amdf_pitch_spectral_p170,phone_M1.wav,2.065,96.16163943404464,True
amdf_pitch_spectral_p170,phone_M1.wav,2.075,104.29427895441685,True
amdf_pitch_spectral_p170,phone_M1.wav,2.085,106.91052638484442,True
amdf_pitch_spectral_p170,phone_M1.wav,2.095,108.28548458580146,True
amdf_pitch_spectral_p170,phone_M1.wav,2.105,106.4341157869309,True
amdf_pitch_spectral_p170,phone_M1.wav,2.115,106.71535580299182,True
amdf_pitch_spectral_p170,phone_M1.wav,2.125,108.68880556411654,True
amdf_pitch_spectral_p170,phone_M1.wav,2.135,112.4885359182962,True
amdf_pitch_spectral_p170,phone_M1.wav,2.145,121.22513083615078,True
amdf_pitch_spectral_p170,phone_M1.wav,2.155,125.9582016301792,True
amdf_pitch_spectral_p170,phone_M1.wav,2.165,121.17142033902753,True
amdf_pitch_spectral_p170,phone_M1.wav,2.175,123.92386314623265,True
amdf_pitch_spectral_p170,phone_M1.wav,2.185,123.32378687732383,True
amdf_pitch_spectral_p170,phone_M1.wav,2.195,122.68248317556238,True
amdf_pitch_spectral_p170,phone_M1.wav,2.205,121.77149717229747,True
amdf_pitch_spectral_p170,phone_M1.wav,2.215,120.53340426110351,True
amdf_pitch_spectral_p170,phone_M1.wav,2.225,120.19262051230776,True
amdf_pitch_spectral_p170,phone_M1.wav,2.235,118.32377943103339,True
amdf_pitch_spectral_p170,phone_M1.wav,2.245,117.48548169616656,True
amdf_pitch_spectral_p170,phone_M1.wav,2.255,116.43248635174433,True
amdf_pitch_spectral_p170,phone_M1.wav,2.265,115.17158322287533,True
amdf_pitch_spectral_p170,phone_M1.wav,2.275,114.8877726677132,True
amdf_pitch_spectral_p170,phone_M1.wav,2.285,114.35637775101226,True
amdf_pitch_spectral_p170,phone_M1.wav,2.295,113.37764934938492,True
amdf_pitch_spectral_p170,phone_M1.wav,2.305,111.75821289757964,True
amdf_pitch_spectral_p170,phone_M1.wav,2.315,111.4764353683385,True
amdf_pitch_spectral_p170,phone_M1.wav,2.325,109.8129269930601,True
amdf_pitch_spectral_p170,phone_M1.wav,2.335,109.53171099417085,True
amdf_pitch_spectral_p170,phone_M1.wav,2.345,109.60150192519804,True
amdf_pitch_spectral_p170,phone_M1.wav,2.355,110.18367050708117,True
amdf_pitch_spectral_p170,phone_M1.wav,2.365,111.03388579701685,True
amdf_pitch_spectral_p170,phone_M1.wav,2.375,111.54831681121587,True
amdf_pitch_spectral_p170,phone_M1.wav,2.385,114.27726941683781,True
amdf_pitch_spectral_p170,phone_M1.wav,2.395,115.16687606473837,True
amdf_pitch_spectral_p170,phone_M1.wav,2.405,112.00273054078652,True
amdf_pitch_spectral_p170,phone_M1.wav,2.415,118.69867267462277,True
amdf_pitch_spectral_p170,phone_M1.wav,2.425,123.70723214100175,True
amdf_pitch_spectral_p170,phone_M1.wav,2.435,125.27083800229572,True
amdf_pitch_spectral_p170,phone_M1.wav,2.445,127.03238542403017,True
amdf_pitch_spectral_p170,phone_M1.wav,2.455,130.56989395421223,True
amdf_pitch_spectral_p170,phone_M1.wav,2.465,126.43069324681312,True
amdf_pitch_spectral_p170,phone_M1.wav,2.475,123.061773285868,True
amdf_pitch_spectral_p170,phone_M1.wav,2.485,121.68036719318604,True
amdf_pitch_spectral_p170,phone_M1.wav,2.495,127.33724727792367,True
amdf_pitch_spectral_p170,phone_M1.wav,2.505,110.33510582319578,True
amdf_pitch_spectral_p170,phone_M1.wav,2.515,110.90302432190406,True
amdf_pitch_spectral_p170,phone_M1.wav,2.525,111.19728472074651,True
amdf_pitch_spectral_p170,phone_M1.wav,2.535,110.64831399706564,True
amdf_pitch_spectral_p170,phone_M1.wav,2.545,111.18540295634656,True
amdf_pitch_spectral_p170,phone_M1.wav,2.555,109.3645320285213,True
amdf_pitch_spectral_p170,phone_M1.wav,2.565,109.55492082276245,True
amdf_pitch_spectral_p170,phone_M1.wav,2.575,108.35040061768765,True
amdf_pitch_spectral_p170,phone_M1.wav,2.585,108.58230211321587,True
amdf_pitch_spectral_p170,phone_M1.wav,2.595,108.07437149074819,True
amdf_pitch_spectral_p170,phone_M1.wav,2.605,108.01084333487032,True
amdf_pitch_spectral_p170,phone_M1.wav,2.615,107.48160983704298,True
amdf_pitch_spectral_p170,phone_M1.wav,2.625,106.68555904753099,True
amdf_pitch_spectral_p170,phone_M1.wav,2.635,105.95773605486261,True
amdf_pitch_spectral_p170,phone_M1.wav,2.645,104.51531977242507,True
amdf_pitch_spectral_p170,phone_M1.wav,2.655,104.0369418090266,True
amdf_pitch_spectral_p170,phone_M1.wav,2.665,103.33784470959671,True
amdf_pitch_spectral_p170,phone_M1.wav,2.675,102.70091353177507,True
amdf_pitch_spectral_p170,phone_M1.wav,2.685,102.59480407993908,True
amdf_pitch_spectral_p170,phone_M1.wav,2.695,103.15419753570292,True
amdf_pitch_spectral_p170,phone_M1.wav,2.705,103.72089219713192,True
amdf_pitch_spectral_p170,phone_M1.wav,2.715,111.95421419273394,True
amdf_pitch_spectral_p170,phone_M1.wav,2.725,0.0,False
amdf_pitch_spectral_p170,phone_M1.wav,2.735,0.0,False
amdf_pitch_spectral_p170,phone_M1.wav,2.745,0.0,False
amdf_pitch_spectral_p170,phone_M1.wav,2.755,0.0,False
amdf_pitch_spectral_p170,phone_M1.wav,2.765,0.0,False
amdf_pitch_spectral_p170,phone_M1.wav,2.775,0.0,False
amdf_pitch_spectral_p170,phone_M1.wav,2.785,0.0,False
amdf_pitch_spectral_p170,phone_M1.wav,2.795,0.0,False
amdf_pitch_spectral_p170,phone_M1.wav,2.805,0.0,False
amdf_pitch_spectral_p170,phone_M1.wav,2.815,0.0,False
amdf_pitch_spectral_p170,phone_M1.wav,2.825,0.0,False
amdf_pitch_spectral_p170,phone_M1.wav,2.835,0.0,False
amdf_pitch_spectral_p170,phone_M1.wav,2.845,0.0,False
amdf_pitch_spectral_p170,phone_M1.wav,2.855,0.0,False
amdf_pitch_spectral_p170,phone_M1.wav,2.865,0.0,False
amdf_pitch_spectral_p170,phone_M1.wav,2.875,134.94177461351055,True
amdf_pitch_spectral_p170,phone_M1.wav,2.885,136.74338673966338,True
amdf_pitch_spectral_p170,phone_M1.wav,2.895,135.48923709559537,True
amdf_pitch_spectral_p170,phone_M1.wav,2.905,135.56390282023048,True
amdf_pitch_spectral_p170,phone_M1.wav,2.915,136.51759750395084,True
amdf_pitch_spectral_p170,phone_M1.wav,2.925,138.19315337122865,True
amdf_pitch_spectral_p170,phone_M1.wav,2.935,0.0,False
amdf_pitch_spectral_p170,phone_M1.wav,2.945,0.0,False
amdf_pitch_spectral_p170,phone_M1.wav,2.955,0.0,False
amdf_pitch_spectral_p170,phone_M1.wav,2.965,0.0,False
amdf_pitch_spectral_p170,phone_M1.wav,2.975,0.0,False
amdf_pitch_spectral_p170,phone_M1.wav,2.985,0.0,False
amdf_pitch_spectral_p170,phone_M1.wav,2.995,0.0,False
amdf_pitch_spectral_p170,phone_M1.wav,3.005,0.0,False
amdf_pitch_spectral_p170,phone_M1.wav,3.015,0.0,False
amdf_pitch_spectral_p170,phone_M1.wav,3.025,0.0,False
amdf_pitch_spectral_p170,phone_M1.wav,3.035,0.0,False
amdf_pitch_spectral_p170,phone_M1.wav,3.045,0.0,False
amdf_pitch_spectral_p170,phone_M1.wav,3.055,0.0,False
amdf_pitch_spectral_p170,phone_M1.wav,3.065,0.0,False
amdf_pitch_spectral_p170,phone_M1.wav,3.075,0.0,False
amdf_pitch_spectral_p170,phone_M1.wav,3.085,0.0,False
amdf_pitch_spectral_p170,phone_M1.wav,3.095,0.0,False
amdf_pitch_spectral_p170,phone_M1.wav,3.105,111.06561920424248,True
amdf_pitch_spectral_p170,phone_M1.wav,3.115,92.65515404521004,True
amdf_pitch_spectral_p170,phone_M1.wav,3.125,99.81372717963758,True
amdf_pitch_spectral_p170,phone_M1.wav,3.135,92.36570234129957,True
amdf_pitch_spectral_p170,phone_M1.wav,3.145,92.61064370184127,True
amdf_pitch_spectral_p170,phone_M1.wav,3.155,94.16937025600197,True
amdf_pitch_spectral_p170,phone_M1.wav,3.165,96.22364603018615,True
amdf_pitch_spectral_p170,phone_M1.wav,3.175,97.03815557500656,True
amdf_pitch_spectral_p170,phone_M1.wav,3.185,101.49544437530486,True
amdf_pitch_spectral_p170,phone_M1.wav,3.195,101.20151732066144,True
amdf_pitch_spectral_p170,phone_M1.wav,3.205,100.46275722054135,True
amdf_pitch_spectral_p170,phone_M1.wav,3.215,99.43251088619611,True
amdf_pitch_spectral_p170,phone_M1.wav,3.225,98.91809229956668,True
amdf_pitch_spectral_p170,phone_M1.wav,3.235,98.91360506456651,True
amdf_pitch_spectral_p170,phone_M1.wav,3.245,100.49477813003473,True
amdf_pitch_spectral_p170,phone_M1.wav,3.255,101.46294717793857,True
amdf_pitch_spectral_p170,phone_M1.wav,3.265,104.82484202557704,True
amdf_pitch_spectral_p170,phone_M1.wav,3.275,110.81949938859171,True
amdf_pitch_spectral_p170,phone_M1.wav,3.285,111.58735576198498,True
amdf_pitch_spectral_p170,phone_M1.wav,3.295,0.0,False
amdf_pitch_spectral_p170,phone_M1.wav,3.305,0.0,False
amdf_pitch_spectral_p170,phone_M1.wav,3.315,0.0,False
amdf_pitch_spectral_p170,phone_M1.wav,3.325,0.0,False
amdf_pitch_spectral_p170,phone_M1.wav,3.335,0.0,False
amdf_pitch_spectral_p170,phone_M1.wav,3.345,0.0,False
amdf_pitch_spectral_p170,phone_M1.wav,3.355,0.0,False
amdf_pitch_spectral_p170,phone_M1.wav,3.365,0.0,False
amdf_pitch_spectral_p170,phone_M1.wav,3.375,0.0,False
amdf_pitch_spectral_p170,phone_M1.wav,3.385,0.0,False
amdf_pitch_spectral_p170,phone_M1.wav,3.395,0.0,False
amdf_pitch_spectral_p170,phone_M1.wav,3.405,0.0,False
amdf_pitch_spectral_p170,phone_M1.wav,3.415,0.0,False
amdf_pitch_spectral_p170,phone_M1.wav,3.425,0.0,False
amdf_pitch_spectral_p170,phone_M1.wav,3.435,0.0,False
amdf_pitch_spectral_p170,phone_M1.wav,3.445,138.0437578402067,True
amdf_pitch_spectral_p170,phone_M1.wav,3.455,117.55825286079047,True
amdf_pitch_spectral_p170,phone_M1.wav,3.465,116.92404410812499,True
amdf_pitch_spectral_p170,phone_M1.wav,3.475,112.78874015003151,True
amdf_pitch_spectral_p170,phone_M1.wav,3.485,108.91503630531122,True
amdf_pitch_spectral_p170,phone_M1.wav,3.495,105.5714102805694,True
amdf_pitch_spectral_p170,phone_M1.wav,3.505,102.54203393194399,True
amdf_pitch_spectral_p170,phone_M1.wav,3.515,95.82837727409543,True
amdf_pitch_spectral_p170,phone_M1.wav,3.525,0.0,False
amdf_pitch_spectral_p170,phone_M1.wav,3.535,0.0,False
amdf_pitch_spectral_p170,phone_M1.wav,3.545,0.0,False
amdf_pitch_spectral_p170,phone_M1.wav,3.555,0.0,False
amdf_pitch_spectral_p170,phone_M1.wav,3.565,0.0,False
amdf_pitch_spectral_p170,phone_M1.wav,3.575,0.0,False
amdf_pitch_spectral_p170,phone_M1.wav,3.585,0.0,False
amdf_pitch_spectral_p170,phone_M1.wav,3.595,0.0,False
amdf_pitch_spectral_p170,phone_M1.wav,3.605,0.0,False
amdf_pitch_spectral_p170,phone_M1.wav,3.615,0.0,False
amdf_pitch_spectral_p170,phone_M1.wav,3.625,0.0,False
amdf_pitch_spectral_p170,phone_M1.wav,3.635,0.0,False
amdf_pitch_spectral_p170,phone_M1.wav,3.645,0.0,False
amdf_pitch_spectral_p170,phone_M1.wav,3.655,0.0,False
amdf_pitch_spectral_p170,phone_M1.wav,3.665,0.0,False
amdf_pitch_spectral_p170,phone_M1.wav,3.675,0.0,False
amdf_pitch_spectral_p170,phone_M1.wav,3.685,0.0,False
amdf_pitch_spectral_p170,phone_M1.wav,3.695,0.0,False
amdf_pitch_spectral_p170,phone_M1.wav,3.705,0.0,False
amdf_pitch_spectral_p170,phone_M1.wav,3.715,0.0,False
amdf_pitch_spectral_p170,phone_M1.wav,3.725,0.0,False
amdf_pitch_spectral_p170,phone_M1.wav,3.735,0.0,False
amdf_pitch_spectral_p170,phone_M1.wav,3.745,0.0,False
amdf_pitch_spectral_p170,phone_M1.wav,3.755,0.0,False
amdf_pitch_spectral_p170,phone_M1.wav,3.765,0.0,False
amdf_pitch_spectral_p170,phone_M1.wav,3.775,0.0,False
amdf_pitch_spectral_p170,phone_M1.wav,3.785,0.0,False
amdf_pitch_spectral_p170,phone_M1.wav,3.795,0.0,False
amdf_pitch_spectral_p170,phone_M1.wav,3.805,0.0,False
amdf_pitch_spectral_p170,phone_M1.wav,3.815,0.0,False
amdf_pitch_spectral_p170,phone_M1.wav,3.825,0.0,False
amdf_pitch_spectral_p170,phone_M1.wav,3.835,0.0,False
amdf_pitch_spectral_p170,phone_M1.wav,3.845,0.0,False
amdf_pitch_spectral_p170,phone_M1.wav,3.855,0.0,False
amdf_pitch_spectral_p170,phone_M1.wav,3.865,0.0,False
amdf_pitch_spectral_p170,phone_M1.wav,3.875,0.0,False
amdf_pitch_spectral_p170,phone_M1.wav,3.885,0.0,False
amdf_pitch_spectral_p170,phone_M1.wav,3.895,0.0,False
amdf_pitch_spectral_p170,phone_M1.wav,3.905,0.0,False
amdf_pitch_spectral_p170,phone_M1.wav,3.915,0.0,False
amdf_pitch_spectral_p170,phone_M1.wav,3.925,0.0,False
amdf_pitch_spectral_p170,phone_M1.wav,3.935,0.0,False
amdf_pitch_spectral_p170,phone_M1.wav,3.945,0.0,False
amdf_pitch_spectral_p170,phone_M1.wav,3.955,0.0,False
amdf_pitch_spectral_p170,phone_M1.wav,3.965,0.0,False
amdf_pitch_spectral_p170,phone_M1.wav,3.975,0.0,False
amdf_pitch_spectral_p170,phone_M1.wav,3.985,0.0,False
amdf_pitch_spectral_p170,phone_M1.wav,3.995,0.0,False
amdf_pitch_spectral_p170,phone_M1.wav,4.005,0.0,False
amdf_pitch_spectral_p170,phone_M1.wav,4.015000000000001,0.0,False
amdf_pitch_spectral_p170,phone_M1.wav,4.025,0.0,False
amdf_pitch_spectral_p170,phone_M1.wav,4.035,0.0,False
amdf_pitch_spectral_p170,phone_M1.wav,4.045000000000001,0.0,False
amdf_pitch_spectral_p170,phone_M1.wav,4.055000000000001,0.0,False
amdf_pitch_spectral_p170,phone_M1.wav,4.065,0.0,False
amdf_pitch_spectral_p170,phone_M1.wav,4.075,0.0,False
amdf_pitch_spectral_p170,phone_M1.wav,4.085000000000001,0.0,False
amdf_pitch_spectral_p170,phone_M1.wav,4.095000000000001,0.0,False
amdf_pitch_spectral_p170,phone_M1.wav,4.105,0.0,False
amdf_pitch_spectral_p170,phone_M1.wav,4.115,0.0,False
amdf_pitch_spectral_p170,phone_M1.wav,4.125,0.0,False
amdf_pitch_spectral_p170,phone_M1.wav,4.135000000000001,0.0,False
amdf_pitch_spectral_p200,phone_M1.wav,0.025,0.0,False
amdf_pitch_spectral_p200,phone_M1.wav,0.035,0.0,False
amdf_pitch_spectral_p200,phone_M1.wav,0.045,0.0,False
amdf_pitch_spectral_p200,phone_M1.wav,0.055,0.0,False
amdf_pitch_spectral_p200,phone_M1.wav,0.065,0.0,False
amdf_pitch_spectral_p200,phone_M1.wav,0.075,0.0,False
amdf_pitch_spectral_p200,phone_M1.wav,0.085,0.0,False
amdf_pitch_spectral_p200,phone_M1.wav,0.095,0.0,False
amdf_pitch_spectral_p200,phone_M1.wav,0.105,0.0,False
amdf_pitch_spectral_p200,phone_M1.wav,0.115,0.0,False
amdf_pitch_spectral_p200,phone_M1.wav,0.125,0.0,False
amdf_pitch_spectral_p200,phone_M1.wav,0.135,0.0,False
amdf_pitch_spectral_p200,phone_M1.wav,0.145,0.0,False
amdf_pitch_spectral_p200,phone_M1.wav,0.155,0.0,False
amdf_pitch_spectral_p200,phone_M1.wav,0.165,0.0,False
amdf_pitch_spectral_p200,phone_M1.wav,0.175,0.0,False
amdf_pitch_spectral_p200,phone_M1.wav,0.185,0.0,False
amdf_pitch_spectral_p200,phone_M1.wav,0.195,0.0,False
amdf_pitch_spectral_p200,phone_M1.wav,0.205,0.0,False
amdf_pitch_spectral_p200,phone_M1.wav,0.215,0.0,False
amdf_pitch_spectral_p200,phone_M1.wav,0.225,0.0,False
amdf_pitch_spectral_p200,phone_M1.wav,0.235,0.0,False
amdf_pitch_spectral_p200,phone_M1.wav,0.245,0.0,False
amdf_pitch_spectral_p200,phone_M1.wav,0.255,0.0,False
amdf_pitch_spectral_p200,phone_M1.wav,0.265,0.0,False
amdf_pitch_spectral_p200,phone_M1.wav,0.275,0.0,False
amdf_pitch_spectral_p200,phone_M1.wav,0.285,0.0,False
amdf_pitch_spectral_p200,phone_M1.wav,0.295,0.0,False
amdf_pitch_spectral_p200,phone_M1.wav,0.305,0.0,False
amdf_pitch_spectral_p200,phone_M1.wav,0.315,0.0,False
amdf_pitch_spectral_p200,phone_M1.wav,0.325,0.0,False
amdf_pitch_spectral_p200,phone_M1.wav,0.335,0.0,False
amdf_pitch_spectral_p200,phone_M1.wav,0.345,0.0,False
amdf_pitch_spectral_p200,phone_M1.wav,0.355,0.0,False
amdf_pitch_spectral_p200,phone_M1.wav,0.365,0.0,False
amdf_pitch_spectral_p200,phone_M1.wav,0.375,0.0,False
amdf_pitch_spectral_p200,phone_M1.wav,0.385,0.0,False
amdf_pitch_spectral_p200,phone_M1.wav,0.395,0.0,False
amdf_pitch_spectral_p200,phone_M1.wav,0.405,0.0,False
amdf_pitch_spectral_p200,phone_M1.wav,0.415,0.0,False
amdf_pitch_spectral_p200,phone_M1.wav,0.425,0.0,False
amdf_pitch_spectral_p200,phone_M1.wav,0.435,0.0,False
amdf_pitch_spectral_p200,phone_M1.wav,0.445,0.0,False
amdf_pitch_spectral_p200,phone_M1.wav,0.455,0.0,False
amdf_pitch_spectral_p200,phone_M1.wav,0.465,0.0,False
amdf_pitch_spectral_p200,phone_M1.wav,0.475,140.61140022952898,True
amdf_pitch_spectral_p200,phone_M1.wav,0.485,136.56715016977773,True
amdf_pitch_spectral_p200,phone_M1.wav,0.495,136.44348519005743,True
amdf_pitch_spectral_p200,phone_M1.wav,0.505,136.3866377159719,True
amdf_pitch_spectral_p200,phone_M1.wav,0.515,135.8206474638098,True
amdf_pitch_spectral_p200,phone_M1.wav,0.525,135.08132047142837,True
amdf_pitch_spectral_p200,phone_M1.wav,0.535,135.00097123327467,True
amdf_pitch_spectral_p200,phone_M1.wav,0.545,136.13695582343033,True
amdf_pitch_spectral_p200,phone_M1.wav,0.555,137.31248345292013,True
amdf_pitch_spectral_p200,phone_M1.wav,0.565,138.43561130339424,True
amdf_pitch_spectral_p200,phone_M1.wav,0.575,135.74634950396046,True
amdf_pitch_spectral_p200,phone_M1.wav,0.585,136.7477927202596,True
amdf_pitch_spectral_p200,phone_M1.wav,0.595,136.84700888757754,True
amdf_pitch_spectral_p200,phone_M1.wav,0.605,137.54971990534997,True
amdf_pitch_spectral_p200,phone_M1.wav,0.615,137.88325818934953,True
amdf_pitch_spectral_p200,phone_M1.wav,0.625,138.08614530158968,True
amdf_pitch_spectral_p200,phone_M1.wav,0.635,138.62005984651398,True
amdf_pitch_spectral_p200,phone_M1.wav,0.645,138.28200730552624,True
amdf_pitch_spectral_p200,phone_M1.wav,0.655,137.27781758679075,True
amdf_pitch_spectral_p200,phone_M1.wav,0.665,134.97087231020333,True
amdf_pitch_spectral_p200,phone_M1.wav,0.675,133.66099533633152,True
amdf_pitch_spectral_p200,phone_M1.wav,0.685,132.38680968449032,True
amdf_pitch_spectral_p200,phone_M1.wav,0.695,131.39266732884545,True
amdf_pitch_spectral_p200,phone_M1.wav,0.705,128.7752604499131,True
amdf_pitch_spectral_p200,phone_M1.wav,0.715,127.67606375592936,True
amdf_pitch_spectral_p200,phone_M1.wav,0.725,125.56179782949324,True
amdf_pitch_spectral_p200,phone_M1.wav,0.735,123.16819719957749,True
amdf_pitch_spectral_p200,phone_M1.wav,0.745,122.66703204853812,True
amdf_pitch_spectral_p200,phone_M1.wav,0.755,121.11374621287216,True
amdf_pitch_spectral_p200,phone_M1.wav,0.765,119.00814895197138,True
amdf_pitch_spectral_p200,phone_M1.wav,0.775,117.7853278848161,True
amdf_pitch_spectral_p200,phone_M1.wav,0.785,116.52211886070339,True
amdf_pitch_spectral_p200,phone_M1.wav,0.795,114.62539378572176,True
amdf_pitch_spectral_p200,phone_M1.wav,0.805,112.82781627458259,True
amdf_pitch_spectral_p200,phone_M1.wav,0.815,111.14156435978268,True
amdf_pitch_spectral_p200,phone_M1.wav,0.825,116.28312873591662,True
amdf_pitch_spectral_p200,phone_M1.wav,0.835,114.41498212036927,True
amdf_pitch_spectral_p200,phone_M1.wav,0.845,116.74269356745413,True
amdf_pitch_spectral_p200,phone_M1.wav,0.855,118.82750865703056,True
amdf_pitch_spectral_p200,phone_M1.wav,0.865,119.26760876149031,True
amdf_pitch_spectral_p200,phone_M1.wav,0.875,120.24963881767519,True
amdf_pitch_spectral_p200,phone_M1.wav,0.885,122.29471610696208,True
amdf_pitch_spectral_p200,phone_M1.wav,0.895,123.99110692288016,True
amdf_pitch_spectral_p200,phone_M1.wav,0.905,124.8469868004664,True
amdf_pitch_spectral_p200,phone_M1.wav,0.915,139.0919775933245,True
amdf_pitch_spectral_p200,phone_M1.wav,0.925,133.2138283390675,True
amdf_pitch_spectral_p200,phone_M1.wav,0.935,133.47013230100293,True
amdf_pitch_spectral_p200,phone_M1.wav,0.945,135.09107990412252,True
amdf_pitch_spectral_p200,phone_M1.wav,0.955,136.68967283805748,True
amdf_pitch_spectral_p200,phone_M1.wav,0.965,138.57149891211094,True
amdf_pitch_spectral_p200,phone_M1.wav,0.975,140.33816255588636,True
amdf_pitch_spectral_p200,phone_M1.wav,0.985,140.92630479493454,True
amdf_pitch_spectral_p200,phone_M1.wav,0.995,141.30103470323672,True
amdf_pitch_spectral_p200,phone_M1.wav,1.005,142.32520197098495,True
amdf_pitch_spectral_p200,phone_M1.wav,1.015,146.95179496537364,True
amdf_pitch_spectral_p200,phone_M1.wav,1.025,148.95930253914142,True
amdf_pitch_spectral_p200,phone_M1.wav,1.035,149.135094467618,True
amdf_pitch_spectral_p200,phone_M1.wav,1.045,149.11400777293022,True
amdf_pitch_spectral_p200,phone_M1.wav,1.055,149.3825306220188,True
amdf_pitch_spectral_p200,phone_M1.wav,1.065,149.16781199569718,True
amdf_pitch_spectral_p200,phone_M1.wav,1.075,147.99995079819035,True
amdf_pitch_spectral_p200,phone_M1.wav,1.085,146.77841764224308,True
amdf_pitch_spectral_p200,phone_M1.wav,1.095,144.77793042005513,True
amdf_pitch_spectral_p200,phone_M1.wav,1.105,143.04353365088463,True
amdf_pitch_spectral_p200,phone_M1.wav,1.115,142.45566061791,True
amdf_pitch_spectral_p200,phone_M1.wav,1.125,139.09220940637604,True
amdf_pitch_spectral_p200,phone_M1.wav,1.135,139.27045093983946,True
amdf_pitch_spectral_p200,phone_M1.wav,1.145,147.7313474131549,True
amdf_pitch_spectral_p200,phone_M1.wav,1.155,153.0131249503326,True
amdf_pitch_spectral_p200,phone_M1.wav,1.165,158.1147111391564,True
amdf_pitch_spectral_p200,phone_M1.wav,1.175,154.25159009489713,True
amdf_pitch_spectral_p200,phone_M1.wav,1.185,153.94311242385814,True
amdf_pitch_spectral_p200,phone_M1.wav,1.195,153.64577440710337,True
amdf_pitch_spectral_p200,phone_M1.wav,1.205,152.73431079045372,True
amdf_pitch_spectral_p200,phone_M1.wav,1.215,152.20421053692766,True
amdf_pitch_spectral_p200,phone_M1.wav,1.225,141.50403472079816,True
amdf_pitch_spectral_p200,phone_M1.wav,1.235,151.73885081497758,True
amdf_pitch_spectral_p200,phone_M1.wav,1.245,153.08702369789177,True
amdf_pitch_spectral_p200,phone_M1.wav,1.255,154.91567282801768,True
amdf_pitch_spectral_p200,phone_M1.wav,1.265,156.38048532964382,True
amdf_pitch_spectral_p200,phone_M1.wav,1.275,157.10717129820927,True
amdf_pitch_spectral_p200,phone_M1.wav,1.285,156.20068357342058,True
amdf_pitch_spectral_p200,phone_M1.wav,1.295,154.2817568784777,True
amdf_pitch_spectral_p200,phone_M1.wav,1.305,152.96783631546376,True
amdf_pitch_spectral_p200,phone_M1.wav,1.315,153.42235721812304,True
amdf_pitch_spectral_p200,phone_M1.wav,1.325,152.19360577282131,True
amdf_pitch_spectral_p200,phone_M1.wav,1.335,153.25331229705398,True
amdf_pitch_spectral_p200,phone_M1.wav,1.345,153.51672593769493,True
amdf_pitch_spectral_p200,phone_M1.wav,1.355,153.0324256693403,True
amdf_pitch_spectral_p200,phone_M1.wav,1.365,153.34732468764798,True
amdf_pitch_spectral_p200,phone_M1.wav,1.375,145.74613603074476,True
amdf_pitch_spectral_p200,phone_M1.wav,1.385,148.11189965784035,True
amdf_pitch_spectral_p200,phone_M1.wav,1.395,0.0,False
amdf_pitch_spectral_p200,phone_M1.wav,1.405,0.0,False
amdf_pitch_spectral_p200,phone_M1.wav,1.415,0.0,False
amdf_pitch_spectral_p200,phone_M1.wav,1.425,0.0,False
amdf_pitch_spectral_p200,phone_M1.wav,1.435,0.0,False
amdf_pitch_spectral_p200,phone_M1.wav,1.445,0.0,False
amdf_pitch_spectral_p200,phone_M1.wav,1.455,0.0,False
amdf_pitch_spectral_p200,phone_M1.wav,1.465,0.0,False
amdf_pitch_spectral_p200,phone_M1.wav,1.475,0.0,False
amdf_pitch_spectral_p200,phone_M1.wav,1.485,0.0,False
amdf_pitch_spectral_p200,phone_M1.wav,1.495,0.0,False
amdf_pitch_spectral_p200,phone_M1.wav,1.505,119.23040745677676,True
amdf_pitch_spectral_p200,phone_M1.wav,1.515,115.1711050464258,True
amdf_pitch_spectral_p200,phone_M1.wav,1.525,114.3334492153201,True
amdf_pitch_spectral_p200,phone_M1.wav,1.535,114.70073344682882,True
amdf_pitch_spectral_p200,phone_M1.wav,1.545,114.61224207408594,True
amdf_pitch_spectral_p200,phone_M1.wav,1.555,113.98988807536239,True
amdf_pitch_spectral_p200,phone_M1.wav,1.565,112.8595417530294,True
amdf_pitch_spectral_p200,phone_M1.wav,1.575,111.66867975031316,True
amdf_pitch_spectral_p200,phone_M1.wav,1.585,109.75429749905729,True
amdf_pitch_spectral_p200,phone_M1.wav,1.595,109.5823236913821,True
amdf_pitch_spectral_p200,phone_M1.wav,1.605,112.38966519933976,True
amdf_pitch_spectral_p200,phone_M1.wav,1.615,111.58528071938703,True
amdf_pitch_spectral_p200,phone_M1.wav,1.625,109.02525485396231,True
amdf_pitch_spectral_p200,phone_M1.wav,1.635,107.35206814817636,True
amdf_pitch_spectral_p200,phone_M1.wav,1.645,107.1689686105737,True
amdf_pitch_spectral_p200,phone_M1.wav,1.655,108.44724645304025,True
amdf_pitch_spectral_p200,phone_M1.wav,1.665,109.55152876518127,True
amdf_pitch_spectral_p200,phone_M1.wav,1.675,114.79784100300276,True
amdf_pitch_spectral_p200,phone_M1.wav,1.685,112.48648752783402,True
amdf_pitch_spectral_p200,phone_M1.wav,1.695,113.72006026255401,True
amdf_pitch_spectral_p200,phone_M1.wav,1.705,0.0,False
amdf_pitch_spectral_p200,phone_M1.wav,1.715,0.0,False
amdf_pitch_spectral_p200,phone_M1.wav,1.725,0.0,False
amdf_pitch_spectral_p200,phone_M1.wav,1.735,0.0,False
amdf_pitch_spectral_p200,phone_M1.wav,1.745,0.0,False
amdf_pitch_spectral_p200,phone_M1.wav,1.755,0.0,False
amdf_pitch_spectral_p200,phone_M1.wav,1.765,0.0,False
amdf_pitch_spectral_p200,phone_M1.wav,1.775,0.0,False
amdf_pitch_spectral_p200,phone_M1.wav,1.785,0.0,False
amdf_pitch_spectral_p200,phone_M1.wav,1.795,118.71237286304867,True
amdf_pitch_spectral_p200,phone_M1.wav,1.805,122.91938039900599,True
amdf_pitch_spectral_p200,phone_M1.wav,1.815,120.99336471572163,True
amdf_pitch_spectral_p200,phone_M1.wav,1.825,121.12901048703986,True
amdf_pitch_spectral_p200,phone_M1.wav,1.835,120.67575270256879,True
amdf_pitch_spectral_p200,phone_M1.wav,1.845,120.42371991297419,True
amdf_pitch_spectral_p200,phone_M1.wav,1.855,119.44283468047868,True
amdf_pitch_spectral_p200,phone_M1.wav,1.865,117.18831733304071,True
amdf_pitch_spectral_p200,phone_M1.wav,1.875,116.37900102805615,True
amdf_pitch_spectral_p200,phone_M1.wav,1.885,114.04030097586997,True
amdf_pitch_spectral_p200,phone_M1.wav,1.895,112.48405817333624,True
amdf_pitch_spectral_p200,phone_M1.wav,1.905,111.42744784417076,True
amdf_pitch_spectral_p200,phone_M1.wav,1.915,110.52666286830384,True
amdf_pitch_spectral_p200,phone_M1.wav,1.925,110.04605462314947,True
amdf_pitch_spectral_p200,phone_M1.wav,1.935,106.56881259398136,True
amdf_pitch_spectral_p200,phone_M1.wav,1.945,103.21644471604483,True
amdf_pitch_spectral_p200,phone_M1.wav,1.955,100.43364716968338,True
amdf_pitch_spectral_p200,phone_M1.wav,1.965,98.11144657318252,True
amdf_pitch_spectral_p200,phone_M1.wav,1.975,0.0,False
amdf_pitch_spectral_p200,phone_M1.wav,1.985,473.45312592855447,True
amdf_pitch_spectral_p200,phone_M1.wav,1.995,473.9153657679539,True
amdf_pitch_spectral_p200,phone_M1.wav,2.005,0.0,False
amdf_pitch_spectral_p200,phone_M1.wav,2.015,0.0,False
amdf_pitch_spectral_p200,phone_M1.wav,2.025,102.41908391983722,True
amdf_pitch_spectral_p200,phone_M1.wav,2.035,103.25870664082083,True
amdf_pitch_spectral_p200,phone_M1.wav,2.045,101.44537268993899,True
amdf_pitch_spectral_p200,phone_M1.wav,2.055,99.72290353219154,True
amdf_pitch_spectral_p200,phone_M1.wav,2.065,96.16163943404464,True
amdf_pitch_spectral_p200,phone_M1.wav,2.075,104.29427895441685,True
amdf_pitch_spectral_p200,phone_M1.wav,2.085,106.91052638484442,True
amdf_pitch_spectral_p200,phone_M1.wav,2.095,108.28548458580146,True
amdf_pitch_spectral_p200,phone_M1.wav,2.105,106.4341157869309,True
amdf_pitch_spectral_p200,phone_M1.wav,2.115,106.71535580299182,True
amdf_pitch_spectral_p200,phone_M1.wav,2.125,108.68880556411654,True
amdf_pitch_spectral_p200,phone_M1.wav,2.135,112.4885359182962,True
amdf_pitch_spectral_p200,phone_M1.wav,2.145,121.22513083615078,True
amdf_pitch_spectral_p200,phone_M1.wav,2.155,125.9582016301792,True
amdf_pitch_spectral_p200,phone_M1.wav,2.165,121.17142033902753,True
amdf_pitch_spectral_p200,phone_M1.wav,2.175,123.92386314623265,True
amdf_pitch_spectral_p200,phone_M1.wav,2.185,123.32378687732383,True
amdf_pitch_spectral_p200,phone_M1.wav,2.195,122.68248317556238,True
amdf_pitch_spectral_p200,phone_M1.wav,2.205,121.77149717229747,True
amdf_pitch_spectral_p200,phone_M1.wav,2.215,120.53340426110351,True
amdf_pitch_spectral_p200,phone_M1.wav,2.225,120.19262051230776,True
amdf_pitch_spectral_p200,phone_M1.wav,2.235,118.32377943103339,True
amdf_pitch_spectral_p200,phone_M1.wav,2.245,117.48548169616656,True
amdf_pitch_spectral_p200,phone_M1.wav,2.255,116.43248635174433,True
amdf_pitch_spectral_p200,phone_M1.wav,2.265,115.17158322287533,True
amdf_pitch_spectral_p200,phone_M1.wav,2.275,114.8877726677132,True
amdf_pitch_spectral_p200,phone_M1.wav,2.285,114.35637775101226,True
amdf_pitch_spectral_p200,phone_M1.wav,2.295,113.37764934938492,True
amdf_pitch_spectral_p200,phone_M1.wav,2.305,111.75821289757964,True
amdf_pitch_spectral_p200,phone_M1.wav,2.315,111.4764353683385,True
amdf_pitch_spectral_p200,phone_M1.wav,2.325,109.8129269930601,True
amdf_pitch_spectral_p200,phone_M1.wav,2.335,109.53171099417085,True
amdf_pitch_spectral_p200,phone_M1.wav,2.345,109.60150192519804,True
amdf_pitch_spectral_p200,phone_M1.wav,2.355,110.18367050708117,True
amdf_pitch_spectral_p200,phone_M1.wav,2.365,111.03388579701685,True
amdf_pitch_spectral_p200,phone_M1.wav,2.375,111.54831681121587,True
amdf_pitch_spectral_p200,phone_M1.wav,2.385,114.27726941683781,True
amdf_pitch_spectral_p200,phone_M1.wav,2.395,115.16687606473837,True
amdf_pitch_spectral_p200,phone_M1.wav,2.405,112.00273054078652,True
amdf_pitch_spectral_p200,phone_M1.wav,2.415,118.69867267462277,True
amdf_pitch_spectral_p200,phone_M1.wav,2.425,123.70723214100175,True
amdf_pitch_spectral_p200,phone_M1.wav,2.435,125.27083800229572,True
amdf_pitch_spectral_p200,phone_M1.wav,2.445,127.03238542403017,True
amdf_pitch_spectral_p200,phone_M1.wav,2.455,130.56989395421223,True
amdf_pitch_spectral_p200,phone_M1.wav,2.465,126.43069324681312,True
amdf_pitch_spectral_p200,phone_M1.wav,2.475,123.061773285868,True
amdf_pitch_spectral_p200,phone_M1.wav,2.485,121.68036719318604,True
amdf_pitch_spectral_p200,phone_M1.wav,2.495,127.33724727792367,True
amdf_pitch_spectral_p200,phone_M1.wav,2.505,110.33510582319578,True
amdf_pitch_spectral_p200,phone_M1.wav,2.515,110.90302432190406,True
amdf_pitch_spectral_p200,phone_M1.wav,2.525,111.19728472074651,True
amdf_pitch_spectral_p200,phone_M1.wav,2.535,110.64831399706564,True
amdf_pitch_spectral_p200,phone_M1.wav,2.545,111.18540295634656,True
amdf_pitch_spectral_p200,phone_M1.wav,2.555,109.3645320285213,True
amdf_pitch_spectral_p200,phone_M1.wav,2.565,109.55492082276245,True
amdf_pitch_spectral_p200,phone_M1.wav,2.575,108.35040061768765,True
amdf_pitch_spectral_p200,phone_M1.wav,2.585,108.58230211321587,True
amdf_pitch_spectral_p200,phone_M1.wav,2.595,108.07437149074819,True
amdf_pitch_spectral_p200,phone_M1.wav,2.605,108.01084333487032,True
amdf_pitch_spectral_p200,phone_M1.wav,2.615,107.48160983704298,True
amdf_pitch_spectral_p200,phone_M1.wav,2.625,106.68555904753099,True
amdf_pitch_spectral_p200,phone_M1.wav,2.635,105.95773605486261,True
amdf_pitch_spectral_p200,phone_M1.wav,2.645,104.51531977242507,True
amdf_pitch_spectral_p200,phone_M1.wav,2.655,104.0369418090266,True
amdf_pitch_spectral_p200,phone_M1.wav,2.665,103.33784470959671,True
amdf_pitch_spectral_p200,phone_M1.wav,2.675,102.70091353177507,True
amdf_pitch_spectral_p200,phone_M1.wav,2.685,102.59480407993908,True
amdf_pitch_spectral_p200,phone_M1.wav,2.695,103.15419753570292,True
amdf_pitch_spectral_p200,phone_M1.wav,2.705,103.72089219713192,True
amdf_pitch_spectral_p200,phone_M1.wav,2.715,111.95421419273394,True
amdf_pitch_spectral_p200,phone_M1.wav,2.725,0.0,False
amdf_pitch_spectral_p200,phone_M1.wav,2.735,0.0,False
amdf_pitch_spectral_p200,phone_M1.wav,2.745,0.0,False
amdf_pitch_spectral_p200,phone_M1.wav,2.755,0.0,False
amdf_pitch_spectral_p200,phone_M1.wav,2.765,0.0,False
amdf_pitch_spectral_p200,phone_M1.wav,2.775,0.0,False
amdf_pitch_spectral_p200,phone_M1.wav,2.785,0.0,False
amdf_pitch_spectral_p200,phone_M1.wav,2.795,0.0,False
amdf_pitch_spectral_p200,phone_M1.wav,2.805,0.0,False
amdf_pitch_spectral_p200,phone_M1.wav,2.815,0.0,False
amdf_pitch_spectral_p200,phone_M1.wav,2.825,0.0,False
amdf_pitch_spectral_p200,phone_M1.wav,2.835,0.0,False
amdf_pitch_spectral_p200,phone_M1.wav,2.845,0.0,False
amdf_pitch_spectral_p200,phone_M1.wav,2.855,0.0,False
amdf_pitch_spectral_p200,phone_M1.wav,2.865,0.0,False
amdf_pitch_spectral_p200,phone_M1.wav,2.875,134.94177461351055,True
amdf_pitch_spectral_p200,phone_M1.wav,2.885,136.74338673966338,True
amdf_pitch_spectral_p200,phone_M1.wav,2.895,135.48923709559537,True
amdf_pitch_spectral_p200,phone_M1.wav,2.905,135.56390282023048,True
amdf_pitch_spectral_p200,phone_M1.wav,2.915,136.51759750395084,True
amdf_pitch_spectral_p200,phone_M1.wav,2.925,138.19315337122865,True
amdf_pitch_spectral_p200,phone_M1.wav,2.935,0.0,False
amdf_pitch_spectral_p200,phone_M1.wav,2.945,0.0,False
amdf_pitch_spectral_p200,phone_M1.wav,2.955,0.0,False
amdf_pitch_spectral_p200,phone_M1.wav,2.965,0.0,False
amdf_pitch_spectral_p200,phone_M1.wav,2.975,0.0,False
amdf_pitch_spectral_p200,phone_M1.wav,2.985,0.0,False
amdf_pitch_spectral_p200,phone_M1.wav,2.995,0.0,False
amdf_pitch_spectral_p200,phone_M1.wav,3.005,0.0,False
amdf_pitch_spectral_p200,phone_M1.wav,3.015,0.0,False
amdf_pitch_spectral_p200,phone_M1.wav,3.025,0.0,False
amdf_pitch_spectral_p200,phone_M1.wav,3.035,0.0,False
amdf_pitch_spectral_p200,phone_M1.wav,3.045,0.0,False
amdf_pitch_spectral_p200,phone_M1.wav,3.055,0.0,False
amdf_pitch_spectral_p200,phone_M1.wav,3.065,0.0,False
amdf_pitch_spectral_p200,phone_M1.wav,3.075,0.0,False
amdf_pitch_spectral_p200,phone_M1.wav,3.085,0.0,False
amdf_pitch_spectral_p200,phone_M1.wav,3.095,0.0,False
amdf_pitch_spectral_p200,phone_M1.wav,3.105,111.06561920424248,True
amdf_pitch_spectral_p200,phone_M1.wav,3.115,92.65515404521004,True
amdf_pitch_spectral_p200,phone_M1.wav,3.125,99.81372717963758,True
amdf_pitch_spectral_p200,phone_M1.wav,3.135,92.36570234129957,True
amdf_pitch_spectral_p200,phone_M1.wav,3.145,92.61064370184127,True
amdf_pitch_spectral_p200,phone_M1.wav,3.155,94.16937025600197,True
amdf_pitch_spectral_p200,phone_M1.wav,3.165,96.22364603018615,True
amdf_pitch_spectral_p200,phone_M1.wav,3.175,97.03815557500656,True
amdf_pitch_spectral_p200,phone_M1.wav,3.185,101.49544437530486,True
amdf_pitch_spectral_p200,phone_M1.wav,3.195,101.20151732066144,True
amdf_pitch_spectral_p200,phone_M1.wav,3.205,100.46275722054135,True
amdf_pitch_spectral_p200,phone_M1.wav,3.215,99.43251088619611,True
amdf_pitch_spectral_p200,phone_M1.wav,3.225,98.91809229956668,True
amdf_pitch_spectral_p200,phone_M1.wav,3.235,98.91360506456651,True
amdf_pitch_spectral_p200,phone_M1.wav,3.245,100.49477813003473,True
amdf_pitch_spectral_p200,phone_M1.wav,3.255,101.46294717793857,True
amdf_pitch_spectral_p200,phone_M1.wav,3.265,104.82484202557704,True
amdf_pitch_spectral_p200,phone_M1.wav,3.275,110.81949938859171,True
amdf_pitch_spectral_p200,phone_M1.wav,3.285,111.58735576198498,True
amdf_pitch_spectral_p200,phone_M1.wav,3.295,0.0,False
amdf_pitch_spectral_p200,phone_M1.wav,3.305,0.0,False
amdf_pitch_spectral_p200,phone_M1.wav,3.315,0.0,False
amdf_pitch_spectral_p200,phone_M1.wav,3.325,0.0,False
amdf_pitch_spectral_p200,phone_M1.wav,3.335,0.0,False
amdf_pitch_spectral_p200,phone_M1.wav,3.345,0.0,False
amdf_pitch_spectral_p200,phone_M1.wav,3.355,0.0,False
amdf_pitch_spectral_p200,phone_M1.wav,3.365,0.0,False
amdf_pitch_spectral_p200,phone_M1.wav,3.375,0.0,False
amdf_pitch_spectral_p200,phone_M1.wav,3.385,0.0,False
amdf_pitch_spectral_p200,phone_M1.wav,3.395,0.0,False
amdf_pitch_spectral_p200,phone_M1.wav,3.405,0.0,False
amdf_pitch_spectral_p200,phone_M1.wav,3.415,0.0,False
amdf_pitch_spectral_p200,phone_M1.wav,3.425,0.0,False
amdf_pitch_spectral_p200,phone_M1.wav,3.435,0.0,False
amdf_pitch_spectral_p200,phone_M1.wav,3.445,138.0437578402067,True
amdf_pitch_spectral_p200,phone_M1.wav,3.455,117.55825286079047,True
amdf_pitch_spectral_p200,phone_M1.wav,3.465,116.92404410812499,True
amdf_pitch_spectral_p200,phone_M1.wav,3.475,112.78874015003151,True
amdf_pitch_spectral_p200,phone_M1.wav,3.485,108.91503630531122,True
amdf_pitch_spectral_p200,phone_M1.wav,3.495,105.5714102805694,True
amdf_pitch_spectral_p200,phone_M1.wav,3.505,102.54203393194399,True
amdf_pitch_spectral_p200,phone_M1.wav,3.515,95.82837727409543,True
amdf_pitch_spectral_p200,phone_M1.wav,3.525,0.0,False
amdf_pitch_spectral_p200,phone_M1.wav,3.535,0.0,False
amdf_pitch_spectral_p200,phone_M1.wav,3.545,0.0,False
amdf_pitch_spectral_p200,phone_M1.wav,3.555,0.0,False
amdf_pitch_spectral_p200,phone_M1.wav,3.565,0.0,False
amdf_pitch_spectral_p200,phone_M1.wav,3.575,0.0,False
amdf_pitch_spectral_p200,phone_M1.wav,3.585,0.0,False
amdf_pitch_spectral_p200,phone_M1.wav,3.595,0.0,False
amdf_pitch_spectral_p200,phone_M1.wav,3.605,0.0,False
amdf_pitch_spectral_p200,phone_M1.wav,3.615,0.0,False
amdf_pitch_spectral_p200,phone_M1.wav,3.625,0.0,False
amdf_pitch_spectral_p200,phone_M1.wav,3.635,0.0,False
amdf_pitch_spectral_p200,phone_M1.wav,3.645,0.0,False
amdf_pitch_spectral_p200,phone_M1.wav,3.655,0.0,False
amdf_pitch_spectral_p200,phone_M1.wav,3.665,0.0,False
amdf_pitch_spectral_p200,phone_M1.wav,3.675,0.0,False
amdf_pitch_spectral_p200,phone_M1.wav,3.685,0.0,False
amdf_pitch_spectral_p200,phone_M1.wav,3.695,0.0,False
amdf_pitch_spectral_p200,phone_M1.wav,3.705,0.0,False
amdf_pitch_spectral_p200,phone_M1.wav,3.715,0.0,False
amdf_pitch_spectral_p200,phone_M1.wav,3.725,0.0,False
amdf_pitch_spectral_p200,phone_M1.wav,3.735,0.0,False
amdf_pitch_spectral_p200,phone_M1.wav,3.745,0.0,False
amdf_pitch_spectral_p200,phone_M1.wav,3.755,0.0,False
amdf_pitch_spectral_p200,phone_M1.wav,3.765,0.0,False
amdf_pitch_spectral_p200,phone_M1.wav,3.775,0.0,False
amdf_pitch_spectral_p200,phone_M1.wav,3.785,0.0,False
amdf_pitch_spectral_p200,phone_M1.wav,3.795,0.0,False
amdf_pitch_spectral_p200,phone_M1.wav,3.805,0.0,False
amdf_pitch_spectral_p200,phone_M1.wav,3.815,0.0,False
amdf_pitch_spectral_p200,phone_M1.wav,3.825,0.0,False
amdf_pitch_spectral_p200,phone_M1.wav,3.835,0.0,False
amdf_pitch_spectral_p200,phone_M1.wav,3.845,0.0,False
amdf_pitch_spectral_p200,phone_M1.wav,3.855,0.0,False
amdf_pitch_spectral_p200,phone_M1.wav,3.865,0.0,False
amdf_pitch_spectral_p200,phone_M1.wav,3.875,0.0,False
amdf_pitch_spectral_p200,phone_M1.wav,3.885,0.0,False
amdf_pitch_spectral_p200,phone_M1.wav,3.895,0.0,False
amdf_pitch_spectral_p200,phone_M1.wav,3.905,0.0,False
amdf_pitch_spectral_p200,phone_M1.wav,3.915,0.0,False
amdf_pitch_spectral_p200,phone_M1.wav,3.925,0.0,False
amdf_pitch_spectral_p200,phone_M1.wav,3.935,0.0,False
amdf_pitch_spectral_p200,phone_M1.wav,3.945,0.0,False
amdf_pitch_spectral_p200,phone_M1.wav,3.955,0.0,False
amdf_pitch_spectral_p200,phone_M1.wav,3.965,0.0,False
amdf_pitch_spectral_p200,phone_M1.wav,3.975,0.0,False
amdf_pitch_spectral_p200,phone_M1.wav,3.985,0.0,False
amdf_pitch_spectral_p200,phone_M1.wav,3.995,0.0,False
amdf_pitch_spectral_p200,phone_M1.wav,4.005,0.0,False
amdf_pitch_spectral_p200,phone_M1.wav,4.015000000000001,0.0,False
amdf_pitch_spectral_p200,phone_M1.wav,4.025,0.0,False
amdf_pitch_spectral_p200,phone_M1.wav,4.035,0.0,False
amdf_pitch_spectral_p200,phone_M1.wav,4.045000000000001,0.0,False
amdf_pitch_spectral_p200,phone_M1.wav,4.055000000000001,0.0,False
amdf_pitch_spectral_p200,phone_M1.wav,4.065,0.0,False
amdf_pitch_spectral_p200,phone_M1.wav,4.075,0.0,False
amdf_pitch_spectral_p200,phone_M1.wav,4.085000000000001,0.0,False
amdf_pitch_spectral_p200,phone_M1.wav,4.095000000000001,0.0,False
amdf_pitch_spectral_p200,phone_M1.wav,4.105,0.0,False
amdf_pitch_spectral_p200,phone_M1.wav,4.115,0.0,False
amdf_pitch_spectral_p200,phone_M1.wav,4.125,0.0,False
amdf_pitch_spectral_p200,phone_M1.wav,4.135000000000001,0.0,False
praat7_filtered_v0.3,studio_F1.wav,0.021598639455782,0.0,False
praat7_filtered_v0.3,studio_F1.wav,0.031598639455782,0.0,False
praat7_filtered_v0.3,studio_F1.wav,0.041598639455782,0.0,False
praat7_filtered_v0.3,studio_F1.wav,0.051598639455782,0.0,False
praat7_filtered_v0.3,studio_F1.wav,0.061598639455782,0.0,False
praat7_filtered_v0.3,studio_F1.wav,0.071598639455782,0.0,False
praat7_filtered_v0.3,studio_F1.wav,0.081598639455782,0.0,False
praat7_filtered_v0.3,studio_F1.wav,0.091598639455782,0.0,False
praat7_filtered_v0.3,studio_F1.wav,0.101598639455782,0.0,False
praat7_filtered_v0.3,studio_F1.wav,0.111598639455782,0.0,False
praat7_filtered_v0.3,studio_F1.wav,0.121598639455782,0.0,False
praat7_filtered_v0.3,studio_F1.wav,0.131598639455782,0.0,False
praat7_filtered_v0.3,studio_F1.wav,0.141598639455782,0.0,False
praat7_filtered_v0.3,studio_F1.wav,0.151598639455782,0.0,False
praat7_filtered_v0.3,studio_F1.wav,0.161598639455782,0.0,False
praat7_filtered_v0.3,studio_F1.wav,0.171598639455782,0.0,False
praat7_filtered_v0.3,studio_F1.wav,0.181598639455782,0.0,False
praat7_filtered_v0.3,studio_F1.wav,0.191598639455782,0.0,False
praat7_filtered_v0.3,studio_F1.wav,0.201598639455782,0.0,False
praat7_filtered_v0.3,studio_F1.wav,0.211598639455782,0.0,False
praat7_filtered_v0.3,studio_F1.wav,0.221598639455782,0.0,False
praat7_filtered_v0.3,studio_F1.wav,0.231598639455782,0.0,False
praat7_filtered_v0.3,studio_F1.wav,0.241598639455782,0.0,False
praat7_filtered_v0.3,studio_F1.wav,0.251598639455782,0.0,False
praat7_filtered_v0.3,studio_F1.wav,0.261598639455782,0.0,False
praat7_filtered_v0.3,studio_F1.wav,0.271598639455782,0.0,False
praat7_filtered_v0.3,studio_F1.wav,0.281598639455782,0.0,False
praat7_filtered_v0.3,studio_F1.wav,0.291598639455782,0.0,False
praat7_filtered_v0.3,studio_F1.wav,0.301598639455782,0.0,False
praat7_filtered_v0.3,studio_F1.wav,0.311598639455782,0.0,False
praat7_filtered_v0.3,studio_F1.wav,0.321598639455782,0.0,False
praat7_filtered_v0.3,studio_F1.wav,0.331598639455782,0.0,False
praat7_filtered_v0.3,studio_F1.wav,0.341598639455782,0.0,False
praat7_filtered_v0.3,studio_F1.wav,0.351598639455782,0.0,False
praat7_filtered_v0.3,studio_F1.wav,0.361598639455782,0.0,False
praat7_filtered_v0.3,studio_F1.wav,0.371598639455782,0.0,False
praat7_filtered_v0.3,studio_F1.wav,0.381598639455782,0.0,False
praat7_filtered_v0.3,studio_F1.wav,0.391598639455782,0.0,False
praat7_filtered_v0.3,studio_F1.wav,0.401598639455782,0.0,False
praat7_filtered_v0.3,studio_F1.wav,0.411598639455782,0.0,False
praat7_filtered_v0.3,studio_F1.wav,0.421598639455782,0.0,False
praat7_filtered_v0.3,studio_F1.wav,0.431598639455782,0.0,False
praat7_filtered_v0.3,studio_F1.wav,0.441598639455782,0.0,False
praat7_filtered_v0.3,studio_F1.wav,0.451598639455782,0.0,False
praat7_filtered_v0.3,studio_F1.wav,0.461598639455782,0.0,False
praat7_filtered_v0.3,studio_F1.wav,0.471598639455782,0.0,False
praat7_filtered_v0.3,studio_F1.wav,0.481598639455782,0.0,False
praat7_filtered_v0.3,studio_F1.wav,0.491598639455782,0.0,False
praat7_filtered_v0.3,studio_F1.wav,0.501598639455782,0.0,False
praat7_filtered_v0.3,studio_F1.wav,0.511598639455782,0.0,False
praat7_filtered_v0.3,studio_F1.wav,0.521598639455782,0.0,False
praat7_filtered_v0.3,studio_F1.wav,0.531598639455782,0.0,False
praat7_filtered_v0.3,studio_F1.wav,0.541598639455782,0.0,False
praat7_filtered_v0.3,studio_F1.wav,0.551598639455782,0.0,False
praat7_filtered_v0.3,studio_F1.wav,0.561598639455782,0.0,False
praat7_filtered_v0.3,studio_F1.wav,0.571598639455782,0.0,False
praat7_filtered_v0.3,studio_F1.wav,0.581598639455782,0.0,False
praat7_filtered_v0.3,studio_F1.wav,0.591598639455782,0.0,False
praat7_filtered_v0.3,studio_F1.wav,0.601598639455782,0.0,False
praat7_filtered_v0.3,studio_F1.wav,0.611598639455782,0.0,False
praat7_filtered_v0.3,studio_F1.wav,0.621598639455782,0.0,False
praat7_filtered_v0.3,studio_F1.wav,0.631598639455782,0.0,False
praat7_filtered_v0.3,studio_F1.wav,0.641598639455782,0.0,False
praat7_filtered_v0.3,studio_F1.wav,0.651598639455782,0.0,False
praat7_filtered_v0.3,studio_F1.wav,0.661598639455782,0.0,False
praat7_filtered_v0.3,studio_F1.wav,0.671598639455782,0.0,False
praat7_filtered_v0.3,studio_F1.wav,0.681598639455782,0.0,False
praat7_filtered_v0.3,studio_F1.wav,0.691598639455782,273.75356450735774,True
praat7_filtered_v0.3,studio_F1.wav,0.701598639455782,271.5012405522591,True
praat7_filtered_v0.3,studio_F1.wav,0.711598639455782,268.56593577936246,True
praat7_filtered_v0.3,studio_F1.wav,0.721598639455782,264.88379645951085,True
praat7_filtered_v0.3,studio_F1.wav,0.731598639455782,260.91183475666446,True
praat7_filtered_v0.3,studio_F1.wav,0.741598639455782,258.4636179134388,True
praat7_filtered_v0.3,studio_F1.wav,0.751598639455782,256.3276159040268,True
praat7_filtered_v0.3,studio_F1.wav,0.761598639455782,253.64706829842763,True
praat7_filtered_v0.3,studio_F1.wav,0.771598639455782,247.10040868155568,True
praat7_filtered_v0.3,studio_F1.wav,0.781598639455782,238.28201791544933,True
praat7_filtered_v0.3,studio_F1.wav,0.791598639455782,239.65151182460232,True
praat7_filtered_v0.3,studio_F1.wav,0.801598639455782,245.18192742051573,True
praat7_filtered_v0.3,studio_F1.wav,0.811598639455782,247.60027380842257,True
praat7_filtered_v0.3,studio_F1.wav,0.821598639455782,247.22992277252376,True
praat7_filtered_v0.3,studio_F1.wav,0.831598639455782,246.29892294996597,True
praat7_filtered_v0.3,studio_F1.wav,0.841598639455782,245.6773936754288,True
praat7_filtered_v0.3,studio_F1.wav,0.851598639455782,245.1995620579795,True
praat7_filtered_v0.3,studio_F1.wav,0.861598639455782,244.04960614303312,True
praat7_filtered_v0.3,studio_F1.wav,0.871598639455782,242.5696359961707,True
praat7_filtered_v0.3,studio_F1.wav,0.881598639455782,241.02904628251397,True
praat7_filtered_v0.3,studio_F1.wav,0.891598639455782,238.7376732791404,True
praat7_filtered_v0.3,studio_F1.wav,0.901598639455782,232.5303690951584,True
praat7_filtered_v0.3,studio_F1.wav,0.911598639455782,223.61394207825293,True
praat7_filtered_v0.3,studio_F1.wav,0.921598639455782,223.43950057390373,True
praat7_filtered_v0.3,studio_F1.wav,0.931598639455782,225.50285419301343,True
praat7_filtered_v0.3,studio_F1.wav,0.941598639455782,230.19690359909788,True
praat7_filtered_v0.3,studio_F1.wav,0.951598639455782,239.16883871801264,True
praat7_filtered_v0.3,studio_F1.wav,0.961598639455782,251.3466159068859,True
praat7_filtered_v0.3,studio_F1.wav,0.971598639455782,253.36411813086232,True
praat7_filtered_v0.3,studio_F1.wav,0.981598639455782,249.2870763131172,True
praat7_filtered_v0.3,studio_F1.wav,0.991598639455782,242.46293063219588,True
praat7_filtered_v0.3,studio_F1.wav,1.001598639455782,243.96108341402393,True
praat7_filtered_v0.3,studio_F1.wav,1.011598639455782,272.29342361748746,True
praat7_filtered_v0.3,studio_F1.wav,1.021598639455782,276.1749867864865,True
praat7_filtered_v0.3,studio_F1.wav,1.031598639455782,282.5040701561445,True
praat7_filtered_v0.3,studio_F1.wav,1.041598639455782,288.83720388785633,True
praat7_filtered_v0.3,studio_F1.wav,1.051598639455782,293.0825248937574,True
praat7_filtered_v0.3,studio_F1.wav,1.061598639455782,293.5139586376508,True
praat7_filtered_v0.3,studio_F1.wav,1.071598639455782,287.2428940507339,True
praat7_filtered_v0.3,studio_F1.wav,1.081598639455782,278.15025347463734,True
praat7_filtered_v0.3,studio_F1.wav,1.091598639455782,0.0,False
praat7_filtered_v0.3,studio_F1.wav,1.101598639455782,0.0,False
praat7_filtered_v0.3,studio_F1.wav,1.111598639455782,0.0,False
praat7_filtered_v0.3,studio_F1.wav,1.121598639455782,298.71367714869126,True
praat7_filtered_v0.3,studio_F1.wav,1.131598639455782,286.62743147244186,True
praat7_filtered_v0.3,studio_F1.wav,1.141598639455782,269.99086640434075,True
praat7_filtered_v0.3,studio_F1.wav,1.151598639455782,253.14345027998672,True
praat7_filtered_v0.3,studio_F1.wav,1.161598639455782,246.0955616257472,True
praat7_filtered_v0.3,studio_F1.wav,1.171598639455782,243.4496444924748,True
praat7_filtered_v0.3,studio_F1.wav,1.181598639455782,243.06053505324607,True
praat7_filtered_v0.3,studio_F1.wav,1.191598639455782,240.5534117585532,True
praat7_filtered_v0.3,studio_F1.wav,1.201598639455782,228.8569988874069,True
praat7_filtered_v0.3,studio_F1.wav,1.211598639455782,0.0,False
praat7_filtered_v0.3,studio_F1.wav,1.221598639455782,0.0,False
praat7_filtered_v0.3,studio_F1.wav,1.231598639455782,0.0,False
praat7_filtered_v0.3,studio_F1.wav,1.241598639455782,0.0,False
praat7_filtered_v0.3,studio_F1.wav,1.251598639455782,0.0,False
praat7_filtered_v0.3,studio_F1.wav,1.261598639455782,307.4011687131925,True
praat7_filtered_v0.3,studio_F1.wav,1.271598639455782,313.8065718581404,True
praat7_filtered_v0.3,studio_F1.wav,1.281598639455782,315.08966394837574,True
praat7_filtered_v0.3,studio_F1.wav,1.291598639455782,317.8404502327399,True
praat7_filtered_v0.3,studio_F1.wav,1.301598639455782,316.871299329206,True
praat7_filtered_v0.3,studio_F1.wav,1.311598639455782,308.73066638184537,True
praat7_filtered_v0.3,studio_F1.wav,1.321598639455782,295.05441322061773,True
praat7_filtered_v0.3,studio_F1.wav,1.331598639455782,279.7901598785315,True
praat7_filtered_v0.3,studio_F1.wav,1.341598639455782,263.6179225036123,True
praat7_filtered_v0.3,studio_F1.wav,1.351598639455782,244.12313190233763,True
praat7_filtered_v0.3,studio_F1.wav,1.361598639455782,230.5370772939769,True
praat7_filtered_v0.3,studio_F1.wav,1.371598639455782,218.83581193977295,True
praat7_filtered_v0.3,studio_F1.wav,1.381598639455782,210.19092240901,True
praat7_filtered_v0.3,studio_F1.wav,1.391598639455782,203.73360459878472,True
praat7_filtered_v0.3,studio_F1.wav,1.401598639455782,199.3844737380857,True
praat7_filtered_v0.3,studio_F1.wav,1.411598639455782,194.4430333354802,True
praat7_filtered_v0.3,studio_F1.wav,1.421598639455782,191.36506131902303,True
praat7_filtered_v0.3,studio_F1.wav,1.431598639455782,200.13091801329855,True
praat7_filtered_v0.3,studio_F1.wav,1.441598639455782,202.0640747831672,True
praat7_filtered_v0.3,studio_F1.wav,1.451598639455782,203.4294720104164,True
praat7_filtered_v0.3,studio_F1.wav,1.461598639455782,206.54013819016268,True
praat7_filtered_v0.3,studio_F1.wav,1.471598639455782,210.92607971063643,True
praat7_filtered_v0.3,studio_F1.wav,1.481598639455782,214.6788591524029,True
praat7_filtered_v0.3,studio_F1.wav,1.491598639455782,218.56372618184585,True
praat7_filtered_v0.3,studio_F1.wav,1.501598639455782,218.1505801093796,True
praat7_filtered_v0.3,studio_F1.wav,1.511598639455782,215.71195558809316,True
praat7_filtered_v0.3,studio_F1.wav,1.521598639455782,213.17846232638092,True
praat7_filtered_v0.3,studio_F1.wav,1.531598639455782,210.03726280049955,True
praat7_filtered_v0.3,studio_F1.wav,1.541598639455782,206.42493771158416,True
praat7_filtered_v0.3,studio_F1.wav,1.551598639455782,198.97126733794192,True
praat7_filtered_v0.3,studio_F1.wav,1.561598639455782,196.82422064173647,True
praat7_filtered_v0.3,studio_F1.wav,1.571598639455782,200.0999380662913,True
praat7_filtered_v0.3,studio_F1.wav,1.581598639455782,199.30708888311528,True
praat7_filtered_v0.3,studio_F1.wav,1.591598639455782,197.2368651372678,True
praat7_filtered_v0.3,studio_F1.wav,1.601598639455782,196.9659210489488,True
praat7_filtered_v0.3,studio_F1.wav,1.611598639455782,197.49520089765096,True
praat7_filtered_v0.3,studio_F1.wav,1.621598639455782,195.32821749406688,True
praat7_filtered_v0.3,studio_F1.wav,1.631598639455782,187.87057387625828,True
praat7_filtered_v0.3,studio_F1.wav,1.641598639455782,178.862734226114,True
praat7_filtered_v0.3,studio_F1.wav,1.651598639455782,0.0,False
praat7_filtered_v0.3,studio_F1.wav,1.661598639455782,0.0,False
praat7_filtered_v0.3,studio_F1.wav,1.671598639455782,0.0,False
praat7_filtered_v0.3,studio_F1.wav,1.681598639455782,0.0,False
praat7_filtered_v0.3,studio_F1.wav,1.691598639455782,0.0,False
praat7_filtered_v0.3,studio_F1.wav,1.701598639455782,250.06335569213263,True
praat7_filtered_v0.3,studio_F1.wav,1.711598639455782,241.60418065142304,True
praat7_filtered_v0.3,studio_F1.wav,1.721598639455782,232.76963153945897,True
praat7_filtered_v0.3,studio_F1.wav,1.731598639455782,227.30844339064336,True
praat7_filtered_v0.3,studio_F1.wav,1.741598639455782,221.8669009880739,True
praat7_filtered_v0.3,studio_F1.wav,1.751598639455782,210.8010297115502,True
praat7_filtered_v0.3,studio_F1.wav,1.761598639455782,0.0,False
praat7_filtered_v0.3,studio_F1.wav,1.771598639455782,0.0,False
praat7_filtered_v0.3,studio_F1.wav,1.781598639455782,0.0,False
praat7_filtered_v0.3,studio_F1.wav,1.791598639455782,0.0,False
praat7_filtered_v0.3,studio_F1.wav,1.801598639455782,174.74005887608055,True
praat7_filtered_v0.3,studio_F1.wav,1.811598639455782,185.677711831884,True
praat7_filtered_v0.3,studio_F1.wav,1.821598639455782,197.91632095713015,True
praat7_filtered_v0.3,studio_F1.wav,1.831598639455782,196.28347166924337,True
praat7_filtered_v0.3,studio_F1.wav,1.841598639455782,198.92016746384328,True
praat7_filtered_v0.3,studio_F1.wav,1.851598639455782,0.0,False
praat7_filtered_v0.3,studio_F1.wav,1.861598639455782,0.0,False
praat7_filtered_v0.3,studio_F1.wav,1.871598639455782,0.0,False
praat7_filtered_v0.3,studio_F1.wav,1.881598639455782,0.0,False
praat7_filtered_v0.3,studio_F1.wav,1.891598639455782,0.0,False
praat7_filtered_v0.3,studio_F1.wav,1.901598639455782,0.0,False
praat7_filtered_v0.3,studio_F1.wav,1.911598639455782,243.06398568956664,True
praat7_filtered_v0.3,studio_F1.wav,1.921598639455782,227.47991792301707,True
praat7_filtered_v0.3,studio_F1.wav,1.931598639455782,217.876169821719,True
praat7_filtered_v0.3,studio_F1.wav,1.941598639455782,212.44005985714583,True
praat7_filtered_v0.3,studio_F1.wav,1.951598639455782,209.48198254631373,True
praat7_filtered_v0.3,studio_F1.wav,1.961598639455782,207.45165698280144,True
praat7_filtered_v0.3,studio_F1.wav,1.971598639455782,205.55608308898667,True
praat7_filtered_v0.3,studio_F1.wav,1.981598639455782,203.09644126100025,True
praat7_filtered_v0.3,studio_F1.wav,1.991598639455782,201.22263977880553,True
praat7_filtered_v0.3,studio_F1.wav,2.001598639455782,199.99645222375335,True
praat7_filtered_v0.3,studio_F1.wav,2.011598639455782,198.69654090417436,True
praat7_filtered_v0.3,studio_F1.wav,2.021598639455782,196.80762476564695,True
praat7_filtered_v0.3,studio_F1.wav,2.031598639455782,195.2973099131036,True
praat7_filtered_v0.3,studio_F1.wav,2.041598639455782,193.4242366915712,True
praat7_filtered_v0.3,studio_F1.wav,2.051598639455782,190.9104718179155,True
praat7_filtered_v0.3,studio_F1.wav,2.061598639455782,189.78363805075676,True
praat7_filtered_v0.3,studio_F1.wav,2.071598639455782,189.71232347270643,True
praat7_filtered_v0.3,studio_F1.wav,2.081598639455782,188.0985726694689,True
praat7_filtered_v0.3,studio_F1.wav,2.091598639455782,186.17851703968583,True
praat7_filtered_v0.3,studio_F1.wav,2.101598639455782,184.6329190114916,True
praat7_filtered_v0.3,studio_F1.wav,2.111598639455782,182.16647281890891,True
praat7_filtered_v0.3,studio_F1.wav,2.121598639455782,178.68887170774124,True
praat7_filtered_v0.3,studio_F1.wav,2.131598639455782,172.3196801639259,True
praat7_filtered_v0.3,studio_F1.wav,2.141598639455782,164.25478295181935,True
praat7_filtered_v0.3,studio_F1.wav,2.151598639455782,0.0,False
praat7_filtered_v0.3,studio_F1.wav,2.161598639455782,0.0,False
praat7_filtered_v0.3,studio_F1.wav,2.171598639455782,0.0,False
praat7_filtered_v0.3,studio_F1.wav,2.181598639455782,0.0,False
praat7_filtered_v0.3,studio_F1.wav,2.191598639455782,0.0,False
praat7_filtered_v0.3,studio_F1.wav,2.201598639455782,0.0,False
praat7_filtered_v0.3,studio_F1.wav,2.211598639455782,0.0,False
praat7_filtered_v0.3,studio_F1.wav,2.221598639455782,0.0,False
praat7_filtered_v0.3,studio_F1.wav,2.231598639455782,0.0,False
praat7_filtered_v0.3,studio_F1.wav,2.241598639455782,0.0,False
praat7_filtered_v0.3,studio_F1.wav,2.251598639455782,0.0,False
praat7_filtered_v0.3,studio_F1.wav,2.261598639455782,0.0,False
praat7_filtered_v0.3,studio_F1.wav,2.271598639455782,0.0,False
praat7_filtered_v0.3,studio_F1.wav,2.281598639455782,0.0,False
praat7_filtered_v0.3,studio_F1.wav,2.291598639455782,0.0,False
praat7_filtered_v0.3,studio_F1.wav,2.301598639455782,0.0,False
praat7_filtered_v0.3,studio_F1.wav,2.311598639455782,0.0,False
praat7_filtered_v0.3,studio_F1.wav,2.321598639455782,0.0,False
praat7_filtered_v0.3,studio_F1.wav,2.331598639455782,0.0,False
praat7_filtered_v0.3,studio_F1.wav,2.341598639455782,0.0,False
praat7_filtered_v0.3,studio_F1.wav,2.351598639455782,0.0,False
praat7_filtered_v0.3,studio_F1.wav,2.361598639455782,0.0,False
praat7_filtered_v0.3,studio_F1.wav,2.371598639455782,0.0,False
praat7_filtered_v0.3,studio_F1.wav,2.381598639455782,0.0,False
praat7_filtered_v0.3,studio_F1.wav,2.391598639455782,0.0,False
praat7_filtered_v0.3,studio_F1.wav,2.401598639455782,0.0,False
praat7_filtered_v0.3,studio_F1.wav,2.411598639455782,0.0,False
praat7_filtered_v0.3,studio_F1.wav,2.421598639455782,0.0,False
praat7_filtered_v0.3,studio_F1.wav,2.431598639455782,0.0,False
praat7_filtered_v0.3,studio_F1.wav,2.441598639455782,0.0,False
praat7_filtered_v0.3,studio_F1.wav,2.451598639455782,0.0,False
praat7_filtered_v0.3,studio_F1.wav,2.461598639455782,0.0,False
praat7_filtered_v0.3,studio_F1.wav,2.471598639455782,0.0,False
praat7_filtered_v0.3,studio_F1.wav,2.481598639455782,0.0,False
praat7_filtered_v0.3,studio_F1.wav,2.491598639455782,0.0,False
praat7_filtered_v0.3,studio_F1.wav,2.501598639455782,0.0,False
praat7_filtered_v0.3,studio_F1.wav,2.511598639455782,0.0,False
praat7_filtered_v0.3,studio_F1.wav,2.521598639455782,0.0,False
praat7_filtered_v0.3,studio_F1.wav,2.531598639455782,0.0,False
praat7_filtered_v0.3,studio_F1.wav,2.541598639455782,0.0,False
praat7_filtered_v0.3,studio_F1.wav,2.551598639455782,0.0,False
praat7_filtered_v0.3,studio_F1.wav,2.561598639455782,0.0,False
praat7_filtered_v0.3,studio_F1.wav,2.571598639455782,0.0,False
praat7_filtered_v0.3,studio_F1.wav,2.581598639455782,0.0,False
praat7_filtered_v0.3,studio_F1.wav,2.591598639455782,0.0,False
praat7_filtered_v0.3,studio_F1.wav,2.601598639455782,0.0,False
praat7_filtered_v0.3,studio_F1.wav,2.611598639455782,0.0,False
praat7_filtered_v0.3,studio_F1.wav,2.621598639455782,0.0,False
praat7_filtered_v0.3,studio_F1.wav,2.631598639455782,0.0,False
praat7_filtered_v0.3,studio_F1.wav,2.641598639455782,0.0,False
praat7_filtered_v0.3,studio_F1.wav,2.651598639455782,0.0,False
praat7_filtered_v0.3,studio_F1.wav,2.661598639455782,0.0,False
praat7_filtered_v0.3,studio_F1.wav,2.671598639455782,0.0,False
praat7_filtered_v0.3,studio_F1.wav,2.681598639455782,0.0,False
praat7_filtered_v0.3,studio_F1.wav,2.691598639455782,0.0,False
praat7_filtered_v0.3,studio_F1.wav,2.701598639455782,0.0,False
praat7_filtered_v0.3,studio_F1.wav,2.711598639455782,0.0,False
praat7_filtered_v0.3,studio_F1.wav,2.721598639455782,0.0,False
praat7_filtered_v0.3,studio_F1.wav,2.731598639455782,0.0,False
praat7_filtered_v0.3,studio_F1.wav,2.741598639455782,0.0,False
praat7_filtered_v0.3,studio_F1.wav,2.751598639455782,0.0,False
praat7_filtered_v0.3,studio_F1.wav,2.761598639455782,0.0,False
praat7_filtered_v0.3,studio_F1.wav,2.771598639455782,0.0,False
praat7_filtered_v0.3,studio_F1.wav,2.781598639455782,0.0,False
praat7_filtered_v0.3,studio_F1.wav,2.791598639455782,0.0,False
praat7_filtered_v0.3,studio_F1.wav,2.801598639455782,0.0,False
praat7_filtered_v0.3,studio_F1.wav,2.811598639455782,0.0,False
praat7_filtered_v0.3,studio_F1.wav,2.821598639455782,0.0,False
praat7_filtered_v0.3,studio_F1.wav,2.831598639455782,0.0,False
praat7_filtered_v0.3,studio_F1.wav,2.841598639455782,0.0,False
amdf_anchor_w25_b200,studio_F1.wav,0.021598639455782,0.0,False
amdf_anchor_w25_b200,studio_F1.wav,0.031598639455782,0.0,False
amdf_anchor_w25_b200,studio_F1.wav,0.041598639455782,0.0,False
amdf_anchor_w25_b200,studio_F1.wav,0.051598639455782,0.0,False
amdf_anchor_w25_b200,studio_F1.wav,0.061598639455782,0.0,False
amdf_anchor_w25_b200,studio_F1.wav,0.071598639455782,0.0,False
amdf_anchor_w25_b200,studio_F1.wav,0.081598639455782,0.0,False
amdf_anchor_w25_b200,studio_F1.wav,0.091598639455782,0.0,False
amdf_anchor_w25_b200,studio_F1.wav,0.101598639455782,0.0,False
amdf_anchor_w25_b200,studio_F1.wav,0.111598639455782,0.0,False
amdf_anchor_w25_b200,studio_F1.wav,0.121598639455782,0.0,False
amdf_anchor_w25_b200,studio_F1.wav,0.131598639455782,0.0,False
amdf_anchor_w25_b200,studio_F1.wav,0.141598639455782,0.0,False
amdf_anchor_w25_b200,studio_F1.wav,0.151598639455782,0.0,False
amdf_anchor_w25_b200,studio_F1.wav,0.161598639455782,0.0,False
amdf_anchor_w25_b200,studio_F1.wav,0.171598639455782,0.0,False
amdf_anchor_w25_b200,studio_F1.wav,0.181598639455782,0.0,False
amdf_anchor_w25_b200,studio_F1.wav,0.191598639455782,0.0,False
amdf_anchor_w25_b200,studio_F1.wav,0.201598639455782,0.0,False
amdf_anchor_w25_b200,studio_F1.wav,0.211598639455782,0.0,False
amdf_anchor_w25_b200,studio_F1.wav,0.221598639455782,0.0,False
amdf_anchor_w25_b200,studio_F1.wav,0.231598639455782,0.0,False
amdf_anchor_w25_b200,studio_F1.wav,0.241598639455782,0.0,False
amdf_anchor_w25_b200,studio_F1.wav,0.251598639455782,0.0,False
amdf_anchor_w25_b200,studio_F1.wav,0.261598639455782,0.0,False
amdf_anchor_w25_b200,studio_F1.wav,0.271598639455782,0.0,False
amdf_anchor_w25_b200,studio_F1.wav,0.281598639455782,0.0,False
amdf_anchor_w25_b200,studio_F1.wav,0.291598639455782,0.0,False
amdf_anchor_w25_b200,studio_F1.wav,0.301598639455782,0.0,False
amdf_anchor_w25_b200,studio_F1.wav,0.311598639455782,0.0,False
amdf_anchor_w25_b200,studio_F1.wav,0.321598639455782,0.0,False
amdf_anchor_w25_b200,studio_F1.wav,0.331598639455782,0.0,False
amdf_anchor_w25_b200,studio_F1.wav,0.341598639455782,0.0,False
amdf_anchor_w25_b200,studio_F1.wav,0.351598639455782,0.0,False
amdf_anchor_w25_b200,studio_F1.wav,0.361598639455782,0.0,False
amdf_anchor_w25_b200,studio_F1.wav,0.371598639455782,0.0,False
amdf_anchor_w25_b200,studio_F1.wav,0.381598639455782,0.0,False
amdf_anchor_w25_b200,studio_F1.wav,0.391598639455782,0.0,False
amdf_anchor_w25_b200,studio_F1.wav,0.401598639455782,0.0,False
amdf_anchor_w25_b200,studio_F1.wav,0.411598639455782,0.0,False
amdf_anchor_w25_b200,studio_F1.wav,0.421598639455782,0.0,False
amdf_anchor_w25_b200,studio_F1.wav,0.431598639455782,0.0,False
amdf_anchor_w25_b200,studio_F1.wav,0.441598639455782,0.0,False
amdf_anchor_w25_b200,studio_F1.wav,0.451598639455782,0.0,False
amdf_anchor_w25_b200,studio_F1.wav,0.461598639455782,0.0,False
amdf_anchor_w25_b200,studio_F1.wav,0.471598639455782,0.0,False
amdf_anchor_w25_b200,studio_F1.wav,0.481598639455782,0.0,False
amdf_anchor_w25_b200,studio_F1.wav,0.491598639455782,0.0,False
amdf_anchor_w25_b200,studio_F1.wav,0.501598639455782,0.0,False
amdf_anchor_w25_b200,studio_F1.wav,0.511598639455782,0.0,False
amdf_anchor_w25_b200,studio_F1.wav,0.521598639455782,0.0,False
amdf_anchor_w25_b200,studio_F1.wav,0.531598639455782,0.0,False
amdf_anchor_w25_b200,studio_F1.wav,0.541598639455782,0.0,False
amdf_anchor_w25_b200,studio_F1.wav,0.551598639455782,0.0,False
amdf_anchor_w25_b200,studio_F1.wav,0.561598639455782,0.0,False
amdf_anchor_w25_b200,studio_F1.wav,0.571598639455782,0.0,False
amdf_anchor_w25_b200,studio_F1.wav,0.581598639455782,0.0,False
amdf_anchor_w25_b200,studio_F1.wav,0.591598639455782,0.0,False
amdf_anchor_w25_b200,studio_F1.wav,0.601598639455782,0.0,False
amdf_anchor_w25_b200,studio_F1.wav,0.611598639455782,0.0,False
amdf_anchor_w25_b200,studio_F1.wav,0.621598639455782,0.0,False
amdf_anchor_w25_b200,studio_F1.wav,0.631598639455782,0.0,False
amdf_anchor_w25_b200,studio_F1.wav,0.641598639455782,0.0,False
amdf_anchor_w25_b200,studio_F1.wav,0.651598639455782,0.0,False
amdf_anchor_w25_b200,studio_F1.wav,0.661598639455782,0.0,False
amdf_anchor_w25_b200,studio_F1.wav,0.671598639455782,0.0,False
amdf_anchor_w25_b200,studio_F1.wav,0.681598639455782,0.0,False
amdf_anchor_w25_b200,studio_F1.wav,0.691598639455782,267.5060844537619,True
amdf_anchor_w25_b200,studio_F1.wav,0.701598639455782,270.32276451967675,True
amdf_anchor_w25_b200,studio_F1.wav,0.711598639455782,269.66510319485417,True
amdf_anchor_w25_b200,studio_F1.wav,0.721598639455782,266.1752077688139,True
amdf_anchor_w25_b200,studio_F1.wav,0.731598639455782,263.2864516157925,True
amdf_anchor_w25_b200,studio_F1.wav,0.741598639455782,258.80192648602326,True
amdf_anchor_w25_b200,studio_F1.wav,0.751598639455782,257.42014631122674,True
amdf_anchor_w25_b200,studio_F1.wav,0.761598639455782,257.41559777512094,True
amdf_anchor_w25_b200,studio_F1.wav,0.771598639455782,240.9420660042284,True
amdf_anchor_w25_b200,studio_F1.wav,0.781598639455782,236.4257714726623,True
amdf_anchor_w25_b200,studio_F1.wav,0.791598639455782,239.65106777381064,True
amdf_anchor_w25_b200,studio_F1.wav,0.801598639455782,246.79328239463084,True
amdf_anchor_w25_b200,studio_F1.wav,0.811598639455782,247.68604850788685,True
amdf_anchor_w25_b200,studio_F1.wav,0.821598639455782,247.08159619622398,True
amdf_anchor_w25_b200,studio_F1.wav,0.831598639455782,246.18212986304198,True
amdf_anchor_w25_b200,studio_F1.wav,0.841598639455782,245.72728690484848,True
amdf_anchor_w25_b200,studio_F1.wav,0.851598639455782,245.05980292343133,True
amdf_anchor_w25_b200,studio_F1.wav,0.861598639455782,244.053454547501,True
amdf_anchor_w25_b200,studio_F1.wav,0.871598639455782,242.50162836855384,True
amdf_anchor_w25_b200,studio_F1.wav,0.881598639455782,241.00927641455462,True
amdf_anchor_w25_b200,studio_F1.wav,0.891598639455782,239.35930063205018,True
amdf_anchor_w25_b200,studio_F1.wav,0.901598639455782,232.90780388167818,True
amdf_anchor_w25_b200,studio_F1.wav,0.911598639455782,223.5802523312108,True
amdf_anchor_w25_b200,studio_F1.wav,0.921598639455782,223.9496123871916,True
amdf_anchor_w25_b200,studio_F1.wav,0.931598639455782,225.5660064998105,True
amdf_anchor_w25_b200,studio_F1.wav,0.941598639455782,230.27900396824884,True
amdf_anchor_w25_b200,studio_F1.wav,0.951598639455782,238.10059951521788,True
amdf_anchor_w25_b200,studio_F1.wav,0.961598639455782,252.03228493805648,True
amdf_anchor_w25_b200,studio_F1.wav,0.971598639455782,253.4812561444147,True
amdf_anchor_w25_b200,studio_F1.wav,0.981598639455782,253.09358238234074,True
amdf_anchor_w25_b200,studio_F1.wav,0.991598639455782,249.4762694603681,True
amdf_anchor_w25_b200,studio_F1.wav,1.001598639455782,242.64253566618663,True
amdf_anchor_w25_b200,studio_F1.wav,1.011598639455782,273.0830233677469,True
amdf_anchor_w25_b200,studio_F1.wav,1.021598639455782,276.77887371998827,True
amdf_anchor_w25_b200,studio_F1.wav,1.031598639455782,282.2561167112366,True
amdf_anchor_w25_b200,studio_F1.wav,1.041598639455782,288.3929924980593,True
amdf_anchor_w25_b200,studio_F1.wav,1.051598639455782,292.64441563765666,True
amdf_anchor_w25_b200,studio_F1.wav,1.061598639455782,293.59337811962257,True
amdf_anchor_w25_b200,studio_F1.wav,1.071598639455782,291.0711319326416,True
amdf_anchor_w25_b200,studio_F1.wav,1.081598639455782,279.28406850378127,True
amdf_anchor_w25_b200,studio_F1.wav,1.091598639455782,0.0,False
amdf_anchor_w25_b200,studio_F1.wav,1.101598639455782,0.0,False
amdf_anchor_w25_b200,studio_F1.wav,1.111598639455782,0.0,False
amdf_anchor_w25_b200,studio_F1.wav,1.121598639455782,321.18224395272114,True
amdf_anchor_w25_b200,studio_F1.wav,1.131598639455782,278.9792586559647,True
amdf_anchor_w25_b200,studio_F1.wav,1.141598639455782,268.23850554211623,True
amdf_anchor_w25_b200,studio_F1.wav,1.151598639455782,252.1475689786541,True
amdf_anchor_w25_b200,studio_F1.wav,1.161598639455782,249.5751153141194,True
amdf_anchor_w25_b200,studio_F1.wav,1.171598639455782,245.80880137465712,True
amdf_anchor_w25_b200,studio_F1.wav,1.181598639455782,244.89698910430837,True
amdf_anchor_w25_b200,studio_F1.wav,1.191598639455782,245.38759658677031,True
amdf_anchor_w25_b200,studio_F1.wav,1.201598639455782,220.87762663814013,True
amdf_anchor_w25_b200,studio_F1.wav,1.211598639455782,0.0,False
amdf_anchor_w25_b200,studio_F1.wav,1.221598639455782,0.0,False
amdf_anchor_w25_b200,studio_F1.wav,1.231598639455782,0.0,False
amdf_anchor_w25_b200,studio_F1.wav,1.241598639455782,0.0,False
amdf_anchor_w25_b200,studio_F1.wav,1.251598639455782,0.0,False
amdf_anchor_w25_b200,studio_F1.wav,1.261598639455782,308.1821430057199,True
amdf_anchor_w25_b200,studio_F1.wav,1.271598639455782,314.4692685834541,True
amdf_anchor_w25_b200,studio_F1.wav,1.281598639455782,315.83367916484525,True
amdf_anchor_w25_b200,studio_F1.wav,1.291598639455782,318.63711275334293,True
amdf_anchor_w25_b200,studio_F1.wav,1.301598639455782,317.3856334038848,True
amdf_anchor_w25_b200,studio_F1.wav,1.311598639455782,308.52948338812,True
amdf_anchor_w25_b200,studio_F1.wav,1.321598639455782,299.3234027886517,True
amdf_anchor_w25_b200,studio_F1.wav,1.331598639455782,283.26227542950727,True
amdf_anchor_w25_b200,studio_F1.wav,1.341598639455782,269.570767136087,True
amdf_anchor_w25_b200,studio_F1.wav,1.351598639455782,237.92670013780378,True
amdf_anchor_w25_b200,studio_F1.wav,1.361598639455782,231.25778937834414,True
amdf_anchor_w25_b200,studio_F1.wav,1.371598639455782,219.352505317975,True
amdf_anchor_w25_b200,studio_F1.wav,1.381598639455782,211.29643710622096,True
amdf_anchor_w25_b200,studio_F1.wav,1.391598639455782,203.69781603186195,True
amdf_anchor_w25_b200,studio_F1.wav,1.401598639455782,199.20584124130144,True
amdf_anchor_w25_b200,studio_F1.wav,1.411598639455782,196.22273845904638,True
amdf_anchor_w25_b200,studio_F1.wav,1.421598639455782,193.42447321051577,True
amdf_anchor_w25_b200,studio_F1.wav,1.431598639455782,200.50747232108208,True
amdf_anchor_w25_b200,studio_F1.wav,1.441598639455782,201.5252202120455,True
amdf_anchor_w25_b200,studio_F1.wav,1.451598639455782,204.5079197003059,True
amdf_anchor_w25_b200,studio_F1.wav,1.461598639455782,206.88704474234234,True
amdf_anchor_w25_b200,studio_F1.wav,1.471598639455782,211.76045193921132,True
amdf_anchor_w25_b200,studio_F1.wav,1.481598639455782,214.91450300322515,True
amdf_anchor_w25_b200,studio_F1.wav,1.491598639455782,218.39940722495942,True
amdf_anchor_w25_b200,studio_F1.wav,1.501598639455782,217.4159720712275,True
amdf_anchor_w25_b200,studio_F1.wav,1.511598639455782,215.17091593375267,True
amdf_anchor_w25_b200,studio_F1.wav,1.521598639455782,212.3582124523553,True
amdf_anchor_w25_b200,studio_F1.wav,1.531598639455782,209.6352388297692,True
amdf_anchor_w25_b200,studio_F1.wav,1.541598639455782,206.5260050239633,True
amdf_anchor_w25_b200,studio_F1.wav,1.551598639455782,203.38138116978837,True
amdf_anchor_w25_b200,studio_F1.wav,1.561598639455782,199.18791200004995,True
amdf_anchor_w25_b200,studio_F1.wav,1.571598639455782,200.22616748130488,True
amdf_anchor_w25_b200,studio_F1.wav,1.581598639455782,199.162698703679,True
amdf_anchor_w25_b200,studio_F1.wav,1.591598639455782,196.67674041369827,True
amdf_anchor_w25_b200,studio_F1.wav,1.601598639455782,196.30736242908736,True
amdf_anchor_w25_b200,studio_F1.wav,1.611598639455782,196.71418369400934,True
amdf_anchor_w25_b200,studio_F1.wav,1.621598639455782,195.76891358046805,True
amdf_anchor_w25_b200,studio_F1.wav,1.631598639455782,184.74160346097017,True
amdf_anchor_w25_b200,studio_F1.wav,1.641598639455782,177.4657798641123,True
amdf_anchor_w25_b200,studio_F1.wav,1.651598639455782,0.0,False
amdf_anchor_w25_b200,studio_F1.wav,1.661598639455782,0.0,False
amdf_anchor_w25_b200,studio_F1.wav,1.671598639455782,0.0,False
amdf_anchor_w25_b200,studio_F1.wav,1.681598639455782,0.0,False
amdf_anchor_w25_b200,studio_F1.wav,1.691598639455782,0.0,False
amdf_anchor_w25_b200,studio_F1.wav,1.701598639455782,245.4914167330512,True
amdf_anchor_w25_b200,studio_F1.wav,1.711598639455782,237.29963157522133,True
amdf_anchor_w25_b200,studio_F1.wav,1.721598639455782,231.88539336160213,True
amdf_anchor_w25_b200,studio_F1.wav,1.731598639455782,227.1999650070932,True
amdf_anchor_w25_b200,studio_F1.wav,1.741598639455782,224.0331229204067,True
amdf_anchor_w25_b200,studio_F1.wav,1.751598639455782,221.59534640375045,True
amdf_anchor_w25_b200,studio_F1.wav,1.761598639455782,0.0,False
amdf_anchor_w25_b200,studio_F1.wav,1.771598639455782,0.0,False
amdf_anchor_w25_b200,studio_F1.wav,1.781598639455782,0.0,False
amdf_anchor_w25_b200,studio_F1.wav,1.791598639455782,0.0,False
amdf_anchor_w25_b200,studio_F1.wav,1.801598639455782,173.55031881778325,True
amdf_anchor_w25_b200,studio_F1.wav,1.811598639455782,183.69648716073888,True
amdf_anchor_w25_b200,studio_F1.wav,1.821598639455782,196.53636398911323,True
amdf_anchor_w25_b200,studio_F1.wav,1.831598639455782,191.4518750866833,True
amdf_anchor_w25_b200,studio_F1.wav,1.841598639455782,198.34479256062758,True
amdf_anchor_w25_b200,studio_F1.wav,1.851598639455782,0.0,False
amdf_anchor_w25_b200,studio_F1.wav,1.861598639455782,0.0,False
amdf_anchor_w25_b200,studio_F1.wav,1.871598639455782,0.0,False
amdf_anchor_w25_b200,studio_F1.wav,1.881598639455782,0.0,False
amdf_anchor_w25_b200,studio_F1.wav,1.891598639455782,0.0,False
amdf_anchor_w25_b200,studio_F1.wav,1.901598639455782,0.0,False
amdf_anchor_w25_b200,studio_F1.wav,1.911598639455782,267.197918696294,True
amdf_anchor_w25_b200,studio_F1.wav,1.921598639455782,224.60221173953357,True
amdf_anchor_w25_b200,studio_F1.wav,1.931598639455782,216.43129333935636,True
amdf_anchor_w25_b200,studio_F1.wav,1.941598639455782,211.7000252917107,True
amdf_anchor_w25_b200,studio_F1.wav,1.951598639455782,208.84562037950187,True
amdf_anchor_w25_b200,studio_F1.wav,1.961598639455782,207.70803645322337,True
amdf_anchor_w25_b200,studio_F1.wav,1.971598639455782,205.97690672920066,True
amdf_anchor_w25_b200,studio_F1.wav,1.981598639455782,203.5498654983114,True
amdf_anchor_w25_b200,studio_F1.wav,1.991598639455782,200.96632474444345,True
amdf_anchor_w25_b200,studio_F1.wav,2.001598639455782,199.60602113491097,True
amdf_anchor_w25_b200,studio_F1.wav,2.011598639455782,198.4477931666042,True
amdf_anchor_w25_b200,studio_F1.wav,2.021598639455782,196.58039772518507,True
amdf_anchor_w25_b200,studio_F1.wav,2.031598639455782,195.41573853651133,True
amdf_anchor_w25_b200,studio_F1.wav,2.041598639455782,194.18482302698987,True
amdf_anchor_w25_b200,studio_F1.wav,2.051598639455782,191.7359907355383,True
amdf_anchor_w25_b200,studio_F1.wav,2.061598639455782,189.98676142003754,True
amdf_anchor_w25_b200,studio_F1.wav,2.071598639455782,189.81978498290732,True
amdf_anchor_w25_b200,studio_F1.wav,2.081598639455782,187.98082513406948,True
amdf_anchor_w25_b200,studio_F1.wav,2.091598639455782,187.07762081393045,True
amdf_anchor_w25_b200,studio_F1.wav,2.101598639455782,185.8408677200369,True
amdf_anchor_w25_b200,studio_F1.wav,2.111598639455782,182.7727923428059,True
amdf_anchor_w25_b200,studio_F1.wav,2.121598639455782,177.26724352890662,True
amdf_anchor_w25_b200,studio_F1.wav,2.131598639455782,174.15716170891923,True
amdf_anchor_w25_b200,studio_F1.wav,2.141598639455782,165.72305278328858,True
amdf_anchor_w25_b200,studio_F1.wav,2.151598639455782,0.0,False
amdf_anchor_w25_b200,studio_F1.wav,2.161598639455782,0.0,False
amdf_anchor_w25_b200,studio_F1.wav,2.171598639455782,0.0,False
amdf_anchor_w25_b200,studio_F1.wav,2.181598639455782,0.0,False
amdf_anchor_w25_b200,studio_F1.wav,2.191598639455782,0.0,False
amdf_anchor_w25_b200,studio_F1.wav,2.201598639455782,0.0,False
amdf_anchor_w25_b200,studio_F1.wav,2.211598639455782,0.0,False
amdf_anchor_w25_b200,studio_F1.wav,2.221598639455782,0.0,False
amdf_anchor_w25_b200,studio_F1.wav,2.231598639455782,0.0,False
amdf_anchor_w25_b200,studio_F1.wav,2.241598639455782,0.0,False
amdf_anchor_w25_b200,studio_F1.wav,2.251598639455782,0.0,False
amdf_anchor_w25_b200,studio_F1.wav,2.261598639455782,0.0,False
amdf_anchor_w25_b200,studio_F1.wav,2.271598639455782,0.0,False
amdf_anchor_w25_b200,studio_F1.wav,2.281598639455782,0.0,False
amdf_anchor_w25_b200,studio_F1.wav,2.291598639455782,0.0,False
amdf_anchor_w25_b200,studio_F1.wav,2.301598639455782,0.0,False
amdf_anchor_w25_b200,studio_F1.wav,2.311598639455782,0.0,False
amdf_anchor_w25_b200,studio_F1.wav,2.321598639455782,0.0,False
amdf_anchor_w25_b200,studio_F1.wav,2.331598639455782,0.0,False
amdf_anchor_w25_b200,studio_F1.wav,2.341598639455782,0.0,False
amdf_anchor_w25_b200,studio_F1.wav,2.351598639455782,0.0,False
amdf_anchor_w25_b200,studio_F1.wav,2.361598639455782,0.0,False
amdf_anchor_w25_b200,studio_F1.wav,2.371598639455782,0.0,False
amdf_anchor_w25_b200,studio_F1.wav,2.381598639455782,0.0,False
amdf_anchor_w25_b200,studio_F1.wav,2.391598639455782,0.0,False
amdf_anchor_w25_b200,studio_F1.wav,2.401598639455782,0.0,False
amdf_anchor_w25_b200,studio_F1.wav,2.411598639455782,0.0,False
amdf_anchor_w25_b200,studio_F1.wav,2.421598639455782,0.0,False
amdf_anchor_w25_b200,studio_F1.wav,2.431598639455782,0.0,False
amdf_anchor_w25_b200,studio_F1.wav,2.441598639455782,0.0,False
amdf_anchor_w25_b200,studio_F1.wav,2.451598639455782,0.0,False
amdf_anchor_w25_b200,studio_F1.wav,2.461598639455782,0.0,False
amdf_anchor_w25_b200,studio_F1.wav,2.471598639455782,0.0,False
amdf_anchor_w25_b200,studio_F1.wav,2.481598639455782,0.0,False
amdf_anchor_w25_b200,studio_F1.wav,2.491598639455782,0.0,False
amdf_anchor_w25_b200,studio_F1.wav,2.501598639455782,0.0,False
amdf_anchor_w25_b200,studio_F1.wav,2.511598639455782,0.0,False
amdf_anchor_w25_b200,studio_F1.wav,2.521598639455782,0.0,False
amdf_anchor_w25_b200,studio_F1.wav,2.531598639455782,0.0,False
amdf_anchor_w25_b200,studio_F1.wav,2.541598639455782,0.0,False
amdf_anchor_w25_b200,studio_F1.wav,2.551598639455782,0.0,False
amdf_anchor_w25_b200,studio_F1.wav,2.561598639455782,0.0,False
amdf_anchor_w25_b200,studio_F1.wav,2.571598639455782,0.0,False
amdf_anchor_w25_b200,studio_F1.wav,2.581598639455782,0.0,False
amdf_anchor_w25_b200,studio_F1.wav,2.591598639455782,0.0,False
amdf_anchor_w25_b200,studio_F1.wav,2.601598639455782,0.0,False
amdf_anchor_w25_b200,studio_F1.wav,2.611598639455782,0.0,False
amdf_anchor_w25_b200,studio_F1.wav,2.621598639455782,0.0,False
amdf_anchor_w25_b200,studio_F1.wav,2.631598639455782,0.0,False
amdf_anchor_w25_b200,studio_F1.wav,2.641598639455782,0.0,False
amdf_anchor_w25_b200,studio_F1.wav,2.651598639455782,0.0,False
amdf_anchor_w25_b200,studio_F1.wav,2.661598639455782,0.0,False
amdf_anchor_w25_b200,studio_F1.wav,2.671598639455782,0.0,False
amdf_anchor_w25_b200,studio_F1.wav,2.681598639455782,0.0,False
amdf_anchor_w25_b200,studio_F1.wav,2.691598639455782,0.0,False
amdf_anchor_w25_b200,studio_F1.wav,2.701598639455782,0.0,False
amdf_anchor_w25_b200,studio_F1.wav,2.711598639455782,0.0,False
amdf_anchor_w25_b200,studio_F1.wav,2.721598639455782,0.0,False
amdf_anchor_w25_b200,studio_F1.wav,2.731598639455782,0.0,False
amdf_anchor_w25_b200,studio_F1.wav,2.741598639455782,0.0,False
amdf_anchor_w25_b200,studio_F1.wav,2.751598639455782,0.0,False
amdf_anchor_w25_b200,studio_F1.wav,2.761598639455782,0.0,False
amdf_anchor_w25_b200,studio_F1.wav,2.771598639455782,0.0,False
amdf_anchor_w25_b200,studio_F1.wav,2.781598639455782,0.0,False
amdf_anchor_w25_b200,studio_F1.wav,2.791598639455782,0.0,False
amdf_anchor_w25_b200,studio_F1.wav,2.801598639455782,0.0,False
amdf_anchor_w25_b200,studio_F1.wav,2.811598639455782,0.0,False
amdf_anchor_w25_b200,studio_F1.wav,2.821598639455782,0.0,False
amdf_anchor_w25_b200,studio_F1.wav,2.831598639455782,0.0,False
amdf_anchor_w25_b200,studio_F1.wav,2.841598639455782,0.0,False
amdf_anchor_w40_b200,studio_F1.wav,0.021598639455782,0.0,False
amdf_anchor_w40_b200,studio_F1.wav,0.031598639455782,0.0,False
amdf_anchor_w40_b200,studio_F1.wav,0.041598639455782,0.0,False
amdf_anchor_w40_b200,studio_F1.wav,0.051598639455782,0.0,False
amdf_anchor_w40_b200,studio_F1.wav,0.061598639455782,0.0,False
amdf_anchor_w40_b200,studio_F1.wav,0.071598639455782,0.0,False
amdf_anchor_w40_b200,studio_F1.wav,0.081598639455782,0.0,False
amdf_anchor_w40_b200,studio_F1.wav,0.091598639455782,0.0,False
amdf_anchor_w40_b200,studio_F1.wav,0.101598639455782,0.0,False
amdf_anchor_w40_b200,studio_F1.wav,0.111598639455782,0.0,False
amdf_anchor_w40_b200,studio_F1.wav,0.121598639455782,0.0,False
amdf_anchor_w40_b200,studio_F1.wav,0.131598639455782,0.0,False
amdf_anchor_w40_b200,studio_F1.wav,0.141598639455782,0.0,False
amdf_anchor_w40_b200,studio_F1.wav,0.151598639455782,0.0,False
amdf_anchor_w40_b200,studio_F1.wav,0.161598639455782,0.0,False
amdf_anchor_w40_b200,studio_F1.wav,0.171598639455782,0.0,False
amdf_anchor_w40_b200,studio_F1.wav,0.181598639455782,0.0,False
amdf_anchor_w40_b200,studio_F1.wav,0.191598639455782,0.0,False
amdf_anchor_w40_b200,studio_F1.wav,0.201598639455782,0.0,False
amdf_anchor_w40_b200,studio_F1.wav,0.211598639455782,0.0,False
amdf_anchor_w40_b200,studio_F1.wav,0.221598639455782,0.0,False
amdf_anchor_w40_b200,studio_F1.wav,0.231598639455782,0.0,False
amdf_anchor_w40_b200,studio_F1.wav,0.241598639455782,0.0,False
amdf_anchor_w40_b200,studio_F1.wav,0.251598639455782,0.0,False
amdf_anchor_w40_b200,studio_F1.wav,0.261598639455782,0.0,False
amdf_anchor_w40_b200,studio_F1.wav,0.271598639455782,0.0,False
amdf_anchor_w40_b200,studio_F1.wav,0.281598639455782,0.0,False
amdf_anchor_w40_b200,studio_F1.wav,0.291598639455782,0.0,False
amdf_anchor_w40_b200,studio_F1.wav,0.301598639455782,0.0,False
amdf_anchor_w40_b200,studio_F1.wav,0.311598639455782,0.0,False
amdf_anchor_w40_b200,studio_F1.wav,0.321598639455782,0.0,False
amdf_anchor_w40_b200,studio_F1.wav,0.331598639455782,0.0,False
amdf_anchor_w40_b200,studio_F1.wav,0.341598639455782,0.0,False
amdf_anchor_w40_b200,studio_F1.wav,0.351598639455782,0.0,False
amdf_anchor_w40_b200,studio_F1.wav,0.361598639455782,0.0,False
amdf_anchor_w40_b200,studio_F1.wav,0.371598639455782,0.0,False
amdf_anchor_w40_b200,studio_F1.wav,0.381598639455782,0.0,False
amdf_anchor_w40_b200,studio_F1.wav,0.391598639455782,0.0,False
amdf_anchor_w40_b200,studio_F1.wav,0.401598639455782,0.0,False
amdf_anchor_w40_b200,studio_F1.wav,0.411598639455782,0.0,False
amdf_anchor_w40_b200,studio_F1.wav,0.421598639455782,0.0,False
amdf_anchor_w40_b200,studio_F1.wav,0.431598639455782,0.0,False
amdf_anchor_w40_b200,studio_F1.wav,0.441598639455782,0.0,False
amdf_anchor_w40_b200,studio_F1.wav,0.451598639455782,0.0,False
amdf_anchor_w40_b200,studio_F1.wav,0.461598639455782,0.0,False
amdf_anchor_w40_b200,studio_F1.wav,0.471598639455782,0.0,False
amdf_anchor_w40_b200,studio_F1.wav,0.481598639455782,0.0,False
amdf_anchor_w40_b200,studio_F1.wav,0.491598639455782,0.0,False
amdf_anchor_w40_b200,studio_F1.wav,0.501598639455782,0.0,False
amdf_anchor_w40_b200,studio_F1.wav,0.511598639455782,0.0,False
amdf_anchor_w40_b200,studio_F1.wav,0.521598639455782,0.0,False
amdf_anchor_w40_b200,studio_F1.wav,0.531598639455782,0.0,False
amdf_anchor_w40_b200,studio_F1.wav,0.541598639455782,0.0,False
amdf_anchor_w40_b200,studio_F1.wav,0.551598639455782,0.0,False
amdf_anchor_w40_b200,studio_F1.wav,0.561598639455782,0.0,False
amdf_anchor_w40_b200,studio_F1.wav,0.571598639455782,0.0,False
amdf_anchor_w40_b200,studio_F1.wav,0.581598639455782,0.0,False
amdf_anchor_w40_b200,studio_F1.wav,0.591598639455782,0.0,False
amdf_anchor_w40_b200,studio_F1.wav,0.601598639455782,0.0,False
amdf_anchor_w40_b200,studio_F1.wav,0.611598639455782,0.0,False
amdf_anchor_w40_b200,studio_F1.wav,0.621598639455782,0.0,False
amdf_anchor_w40_b200,studio_F1.wav,0.631598639455782,0.0,False
amdf_anchor_w40_b200,studio_F1.wav,0.641598639455782,0.0,False
amdf_anchor_w40_b200,studio_F1.wav,0.651598639455782,0.0,False
amdf_anchor_w40_b200,studio_F1.wav,0.661598639455782,0.0,False
amdf_anchor_w40_b200,studio_F1.wav,0.671598639455782,0.0,False
amdf_anchor_w40_b200,studio_F1.wav,0.681598639455782,0.0,False
amdf_anchor_w40_b200,studio_F1.wav,0.691598639455782,270.3007844139549,True
amdf_anchor_w40_b200,studio_F1.wav,0.701598639455782,269.3817183855334,True
amdf_anchor_w40_b200,studio_F1.wav,0.711598639455782,268.48320369967195,True
amdf_anchor_w40_b200,studio_F1.wav,0.721598639455782,267.23389459846356,True
amdf_anchor_w40_b200,studio_F1.wav,0.731598639455782,264.1438423412062,True
amdf_anchor_w40_b200,studio_F1.wav,0.741598639455782,260.44403939698265,True
amdf_anchor_w40_b200,studio_F1.wav,0.751598639455782,258.03637433839435,True
amdf_anchor_w40_b200,studio_F1.wav,0.761598639455782,256.90533444493155,True
amdf_anchor_w40_b200,studio_F1.wav,0.771598639455782,241.0080595433978,True
amdf_anchor_w40_b200,studio_F1.wav,0.781598639455782,240.94538914797954,True
amdf_anchor_w40_b200,studio_F1.wav,0.791598639455782,243.9053932223786,True
amdf_anchor_w40_b200,studio_F1.wav,0.801598639455782,246.74266973620604,True
amdf_anchor_w40_b200,studio_F1.wav,0.811598639455782,247.07464504240954,True
amdf_anchor_w40_b200,studio_F1.wav,0.821598639455782,246.92581032329844,True
amdf_anchor_w40_b200,studio_F1.wav,0.831598639455782,246.3420669267753,True
amdf_anchor_w40_b200,studio_F1.wav,0.841598639455782,245.6760904113571,True
amdf_anchor_w40_b200,studio_F1.wav,0.851598639455782,244.90859734933616,True
amdf_anchor_w40_b200,studio_F1.wav,0.861598639455782,244.1057581966675,True
amdf_anchor_w40_b200,studio_F1.wav,0.871598639455782,242.71251683282026,True
amdf_anchor_w40_b200,studio_F1.wav,0.881598639455782,241.27189088732797,True
amdf_anchor_w40_b200,studio_F1.wav,0.891598639455782,239.84309884802784,True
amdf_anchor_w40_b200,studio_F1.wav,0.901598639455782,236.65466148775428,True
amdf_anchor_w40_b200,studio_F1.wav,0.911598639455782,225.40466131357363,True
amdf_anchor_w40_b200,studio_F1.wav,0.921598639455782,224.21121881346272,True
amdf_anchor_w40_b200,studio_F1.wav,0.931598639455782,225.97733504832652,True
amdf_anchor_w40_b200,studio_F1.wav,0.941598639455782,232.5269220699965,True
amdf_anchor_w40_b200,studio_F1.wav,0.951598639455782,249.72736402219255,True
amdf_anchor_w40_b200,studio_F1.wav,0.961598639455782,252.67564754481188,True
amdf_anchor_w40_b200,studio_F1.wav,0.971598639455782,253.03175973832475,True
amdf_anchor_w40_b200,studio_F1.wav,0.981598639455782,252.66297191584607,True
amdf_anchor_w40_b200,studio_F1.wav,0.991598639455782,252.7761863902362,True
amdf_anchor_w40_b200,studio_F1.wav,1.001598639455782,248.05476120826248,True
amdf_anchor_w40_b200,studio_F1.wav,1.011598639455782,274.04497490874263,True
amdf_anchor_w40_b200,studio_F1.wav,1.021598639455782,279.71453277999024,True
amdf_anchor_w40_b200,studio_F1.wav,1.031598639455782,283.5516772294992,True
amdf_anchor_w40_b200,studio_F1.wav,1.041598639455782,289.46359570115385,True
amdf_anchor_w40_b200,studio_F1.wav,1.051598639455782,291.65569647097556,True
amdf_anchor_w40_b200,studio_F1.wav,1.061598639455782,292.63136328182793,True
amdf_anchor_w40_b200,studio_F1.wav,1.071598639455782,293.3098756380308,True
amdf_anchor_w40_b200,studio_F1.wav,1.081598639455782,288.38400249453184,True
amdf_anchor_w40_b200,studio_F1.wav,1.091598639455782,0.0,False
amdf_anchor_w40_b200,studio_F1.wav,1.101598639455782,0.0,False
amdf_anchor_w40_b200,studio_F1.wav,1.111598639455782,0.0,False
amdf_anchor_w40_b200,studio_F1.wav,1.121598639455782,284.3337025709459,True
amdf_anchor_w40_b200,studio_F1.wav,1.131598639455782,270.08395260629834,True
amdf_anchor_w40_b200,studio_F1.wav,1.141598639455782,256.3319790017536,True
amdf_anchor_w40_b200,studio_F1.wav,1.151598639455782,251.51346573951994,True
amdf_anchor_w40_b200,studio_F1.wav,1.161598639455782,249.66496996215986,True
amdf_anchor_w40_b200,studio_F1.wav,1.171598639455782,247.5666067370758,True
amdf_anchor_w40_b200,studio_F1.wav,1.181598639455782,245.21408624719348,True
amdf_anchor_w40_b200,studio_F1.wav,1.191598639455782,245.15354467200524,True
amdf_anchor_w40_b200,studio_F1.wav,1.201598639455782,245.36876752929658,True
amdf_anchor_w40_b200,studio_F1.wav,1.211598639455782,0.0,False
amdf_anchor_w40_b200,studio_F1.wav,1.221598639455782,0.0,False
amdf_anchor_w40_b200,studio_F1.wav,1.231598639455782,0.0,False
amdf_anchor_w40_b200,studio_F1.wav,1.241598639455782,0.0,False
amdf_anchor_w40_b200,studio_F1.wav,1.251598639455782,0.0,False
amdf_anchor_w40_b200,studio_F1.wav,1.261598639455782,313.7459945292955,True
amdf_anchor_w40_b200,studio_F1.wav,1.271598639455782,314.5706853049979,True
amdf_anchor_w40_b200,studio_F1.wav,1.281598639455782,318.015314330092,True
amdf_anchor_w40_b200,studio_F1.wav,1.291598639455782,317.2520662471943,True
amdf_anchor_w40_b200,studio_F1.wav,1.301598639455782,314.20820986932887,True
amdf_anchor_w40_b200,studio_F1.wav,1.311598639455782,307.96940537474757,True
amdf_anchor_w40_b200,studio_F1.wav,1.321598639455782,299.68478827488553,True
amdf_anchor_w40_b200,studio_F1.wav,1.331598639455782,286.36362000810016,True
amdf_anchor_w40_b200,studio_F1.wav,1.341598639455782,274.1355983523884,True
amdf_anchor_w40_b200,studio_F1.wav,1.351598639455782,250.05510861491805,True
amdf_anchor_w40_b200,studio_F1.wav,1.361598639455782,231.38964612120301,True
amdf_anchor_w40_b200,studio_F1.wav,1.371598639455782,219.3389056890638,True
amdf_anchor_w40_b200,studio_F1.wav,1.381598639455782,208.29187102925894,True
amdf_anchor_w40_b200,studio_F1.wav,1.391598639455782,201.82948071395873,True
amdf_anchor_w40_b200,studio_F1.wav,1.401598639455782,198.89403605487485,True
amdf_anchor_w40_b200,studio_F1.wav,1.411598639455782,198.227505956768,True
amdf_anchor_w40_b200,studio_F1.wav,1.421598639455782,196.78351302214244,True
amdf_anchor_w40_b200,studio_F1.wav,1.431598639455782,199.93875714944335,True
amdf_anchor_w40_b200,studio_F1.wav,1.441598639455782,203.41331540898952,True
amdf_anchor_w40_b200,studio_F1.wav,1.451598639455782,205.3263624496444,True
amdf_anchor_w40_b200,studio_F1.wav,1.461598639455782,208.02156453155297,True
amdf_anchor_w40_b200,studio_F1.wav,1.471598639455782,211.58074132129664,True
amdf_anchor_w40_b200,studio_F1.wav,1.481598639455782,214.89473653717147,True
amdf_anchor_w40_b200,studio_F1.wav,1.491598639455782,217.17542319645332,True
amdf_anchor_w40_b200,studio_F1.wav,1.501598639455782,216.24915789814634,True
amdf_anchor_w40_b200,studio_F1.wav,1.511598639455782,214.62393497449654,True
amdf_anchor_w40_b200,studio_F1.wav,1.521598639455782,212.46030223608332,True
amdf_anchor_w40_b200,studio_F1.wav,1.531598639455782,210.14252328688409,True
amdf_anchor_w40_b200,studio_F1.wav,1.541598639455782,208.64615193286465,True
amdf_anchor_w40_b200,studio_F1.wav,1.551598639455782,205.91217120250764,True
amdf_anchor_w40_b200,studio_F1.wav,1.561598639455782,201.38250321865874,True
amdf_anchor_w40_b200,studio_F1.wav,1.571598639455782,199.45596095313942,True
amdf_anchor_w40_b200,studio_F1.wav,1.581598639455782,198.25629326224464,True
amdf_anchor_w40_b200,studio_F1.wav,1.591598639455782,197.32480005347688,True
amdf_anchor_w40_b200,studio_F1.wav,1.601598639455782,196.58838554774283,True
amdf_anchor_w40_b200,studio_F1.wav,1.611598639455782,196.20211308022616,True
amdf_anchor_w40_b200,studio_F1.wav,1.621598639455782,196.11217466719336,True
amdf_anchor_w40_b200,studio_F1.wav,1.631598639455782,190.99517030133296,True
amdf_anchor_w40_b200,studio_F1.wav,1.641598639455782,178.86944156793584,True
amdf_anchor_w40_b200,studio_F1.wav,1.651598639455782,0.0,False
amdf_anchor_w40_b200,studio_F1.wav,1.661598639455782,0.0,False
amdf_anchor_w40_b200,studio_F1.wav,1.671598639455782,0.0,False
amdf_anchor_w40_b200,studio_F1.wav,1.681598639455782,0.0,False
amdf_anchor_w40_b200,studio_F1.wav,1.691598639455782,0.0,False
amdf_anchor_w40_b200,studio_F1.wav,1.701598639455782,239.62162317932197,True
amdf_anchor_w40_b200,studio_F1.wav,1.711598639455782,233.03096522294607,True
amdf_anchor_w40_b200,studio_F1.wav,1.721598639455782,230.1625618856739,True
amdf_anchor_w40_b200,studio_F1.wav,1.731598639455782,226.67358194443668,True
amdf_anchor_w40_b200,studio_F1.wav,1.741598639455782,224.9425225730941,True
amdf_anchor_w40_b200,studio_F1.wav,1.751598639455782,223.28453288875977,True
amdf_anchor_w40_b200,studio_F1.wav,1.761598639455782,0.0,False
amdf_anchor_w40_b200,studio_F1.wav,1.771598639455782,0.0,False
amdf_anchor_w40_b200,studio_F1.wav,1.781598639455782,0.0,False
amdf_anchor_w40_b200,studio_F1.wav,1.791598639455782,0.0,False
amdf_anchor_w40_b200,studio_F1.wav,1.801598639455782,176.34312422052278,True
amdf_anchor_w40_b200,studio_F1.wav,1.811598639455782,187.09427849439066,True
amdf_anchor_w40_b200,studio_F1.wav,1.821598639455782,190.33745692836735,True
amdf_anchor_w40_b200,studio_F1.wav,1.831598639455782,197.79447299533,True
amdf_anchor_w40_b200,studio_F1.wav,1.841598639455782,191.27591505923297,True
amdf_anchor_w40_b200,studio_F1.wav,1.851598639455782,0.0,False
amdf_anchor_w40_b200,studio_F1.wav,1.861598639455782,0.0,False
amdf_anchor_w40_b200,studio_F1.wav,1.871598639455782,0.0,False
amdf_anchor_w40_b200,studio_F1.wav,1.881598639455782,0.0,False
amdf_anchor_w40_b200,studio_F1.wav,1.891598639455782,0.0,False
amdf_anchor_w40_b200,studio_F1.wav,1.901598639455782,0.0,False
amdf_anchor_w40_b200,studio_F1.wav,1.911598639455782,225.06013816151722,True
amdf_anchor_w40_b200,studio_F1.wav,1.921598639455782,217.65811570531272,True
amdf_anchor_w40_b200,studio_F1.wav,1.931598639455782,215.02758868364862,True
amdf_anchor_w40_b200,studio_F1.wav,1.941598639455782,210.99343095961063,True
amdf_anchor_w40_b200,studio_F1.wav,1.951598639455782,209.2088900808989,True
amdf_anchor_w40_b200,studio_F1.wav,1.961598639455782,207.74854829036843,True
amdf_anchor_w40_b200,studio_F1.wav,1.971598639455782,206.25854506270892,True
amdf_anchor_w40_b200,studio_F1.wav,1.981598639455782,203.92974779851335,True
amdf_anchor_w40_b200,studio_F1.wav,1.991598639455782,201.8077912134347,True
amdf_anchor_w40_b200,studio_F1.wav,2.001598639455782,199.8427873827877,True
amdf_anchor_w40_b200,studio_F1.wav,2.011598639455782,198.6758648254681,True
amdf_anchor_w40_b200,studio_F1.wav,2.021598639455782,197.06892668690023,True
amdf_anchor_w40_b200,studio_F1.wav,2.031598639455782,195.63974185863867,True
amdf_anchor_w40_b200,studio_F1.wav,2.041598639455782,194.44608708092952,True
amdf_anchor_w40_b200,studio_F1.wav,2.051598639455782,192.25883799225466,True
amdf_anchor_w40_b200,studio_F1.wav,2.061598639455782,191.1520605819318,True
amdf_anchor_w40_b200,studio_F1.wav,2.071598639455782,189.21361129677612,True
amdf_anchor_w40_b200,studio_F1.wav,2.081598639455782,188.14419626641987,True
amdf_anchor_w40_b200,studio_F1.wav,2.091598639455782,186.99379165516876,True
amdf_anchor_w40_b200,studio_F1.wav,2.101598639455782,185.80014905516856,True
amdf_anchor_w40_b200,studio_F1.wav,2.111598639455782,183.00014676031824,True
amdf_anchor_w40_b200,studio_F1.wav,2.121598639455782,180.09774303994487,True
amdf_anchor_w40_b200,studio_F1.wav,2.131598639455782,176.43815174279104,True
amdf_anchor_w40_b200,studio_F1.wav,2.141598639455782,171.9502909241509,True
amdf_anchor_w40_b200,studio_F1.wav,2.151598639455782,0.0,False
amdf_anchor_w40_b200,studio_F1.wav,2.161598639455782,0.0,False
amdf_anchor_w40_b200,studio_F1.wav,2.171598639455782,0.0,False
amdf_anchor_w40_b200,studio_F1.wav,2.181598639455782,0.0,False
amdf_anchor_w40_b200,studio_F1.wav,2.191598639455782,0.0,False
amdf_anchor_w40_b200,studio_F1.wav,2.201598639455782,0.0,False
amdf_anchor_w40_b200,studio_F1.wav,2.211598639455782,0.0,False
amdf_anchor_w40_b200,studio_F1.wav,2.221598639455782,0.0,False
amdf_anchor_w40_b200,studio_F1.wav,2.231598639455782,0.0,False
amdf_anchor_w40_b200,studio_F1.wav,2.241598639455782,0.0,False
amdf_anchor_w40_b200,studio_F1.wav,2.251598639455782,0.0,False
amdf_anchor_w40_b200,studio_F1.wav,2.261598639455782,0.0,False
amdf_anchor_w40_b200,studio_F1.wav,2.271598639455782,0.0,False
amdf_anchor_w40_b200,studio_F1.wav,2.281598639455782,0.0,False
amdf_anchor_w40_b200,studio_F1.wav,2.291598639455782,0.0,False
amdf_anchor_w40_b200,studio_F1.wav,2.301598639455782,0.0,False
amdf_anchor_w40_b200,studio_F1.wav,2.311598639455782,0.0,False
amdf_anchor_w40_b200,studio_F1.wav,2.321598639455782,0.0,False
amdf_anchor_w40_b200,studio_F1.wav,2.331598639455782,0.0,False
amdf_anchor_w40_b200,studio_F1.wav,2.341598639455782,0.0,False
amdf_anchor_w40_b200,studio_F1.wav,2.351598639455782,0.0,False
amdf_anchor_w40_b200,studio_F1.wav,2.361598639455782,0.0,False
amdf_anchor_w40_b200,studio_F1.wav,2.371598639455782,0.0,False
amdf_anchor_w40_b200,studio_F1.wav,2.381598639455782,0.0,False
amdf_anchor_w40_b200,studio_F1.wav,2.391598639455782,0.0,False
amdf_anchor_w40_b200,studio_F1.wav,2.401598639455782,0.0,False
amdf_anchor_w40_b200,studio_F1.wav,2.411598639455782,0.0,False
amdf_anchor_w40_b200,studio_F1.wav,2.421598639455782,0.0,False
amdf_anchor_w40_b200,studio_F1.wav,2.431598639455782,0.0,False
amdf_anchor_w40_b200,studio_F1.wav,2.441598639455782,0.0,False
amdf_anchor_w40_b200,studio_F1.wav,2.451598639455782,0.0,False
amdf_anchor_w40_b200,studio_F1.wav,2.461598639455782,0.0,False
amdf_anchor_w40_b200,studio_F1.wav,2.471598639455782,0.0,False
amdf_anchor_w40_b200,studio_F1.wav,2.481598639455782,0.0,False
amdf_anchor_w40_b200,studio_F1.wav,2.491598639455782,0.0,False
amdf_anchor_w40_b200,studio_F1.wav,2.501598639455782,0.0,False
amdf_anchor_w40_b200,studio_F1.wav,2.511598639455782,0.0,False
amdf_anchor_w40_b200,studio_F1.wav,2.521598639455782,0.0,False
amdf_anchor_w40_b200,studio_F1.wav,2.531598639455782,0.0,False
amdf_anchor_w40_b200,studio_F1.wav,2.541598639455782,0.0,False
amdf_anchor_w40_b200,studio_F1.wav,2.551598639455782,0.0,False
amdf_anchor_w40_b200,studio_F1.wav,2.561598639455782,0.0,False
amdf_anchor_w40_b200,studio_F1.wav,2.571598639455782,0.0,False
amdf_anchor_w40_b200,studio_F1.wav,2.581598639455782,0.0,False
amdf_anchor_w40_b200,studio_F1.wav,2.591598639455782,0.0,False
amdf_anchor_w40_b200,studio_F1.wav,2.601598639455782,0.0,False
amdf_anchor_w40_b200,studio_F1.wav,2.611598639455782,0.0,False
amdf_anchor_w40_b200,studio_F1.wav,2.621598639455782,0.0,False
amdf_anchor_w40_b200,studio_F1.wav,2.631598639455782,0.0,False
amdf_anchor_w40_b200,studio_F1.wav,2.641598639455782,0.0,False
amdf_anchor_w40_b200,studio_F1.wav,2.651598639455782,0.0,False
amdf_anchor_w40_b200,studio_F1.wav,2.661598639455782,0.0,False
amdf_anchor_w40_b200,studio_F1.wav,2.671598639455782,0.0,False
amdf_anchor_w40_b200,studio_F1.wav,2.681598639455782,0.0,False
amdf_anchor_w40_b200,studio_F1.wav,2.691598639455782,0.0,False
amdf_anchor_w40_b200,studio_F1.wav,2.701598639455782,0.0,False
amdf_anchor_w40_b200,studio_F1.wav,2.711598639455782,0.0,False
amdf_anchor_w40_b200,studio_F1.wav,2.721598639455782,0.0,False
amdf_anchor_w40_b200,studio_F1.wav,2.731598639455782,0.0,False
amdf_anchor_w40_b200,studio_F1.wav,2.741598639455782,0.0,False
amdf_anchor_w40_b200,studio_F1.wav,2.751598639455782,0.0,False
amdf_anchor_w40_b200,studio_F1.wav,2.761598639455782,0.0,False
amdf_anchor_w40_b200,studio_F1.wav,2.771598639455782,0.0,False
amdf_anchor_w40_b200,studio_F1.wav,2.781598639455782,0.0,False
amdf_anchor_w40_b200,studio_F1.wav,2.791598639455782,0.0,False
amdf_anchor_w40_b200,studio_F1.wav,2.801598639455782,0.0,False
amdf_anchor_w40_b200,studio_F1.wav,2.811598639455782,0.0,False
amdf_anchor_w40_b200,studio_F1.wav,2.821598639455782,0.0,False
amdf_anchor_w40_b200,studio_F1.wav,2.831598639455782,0.0,False
amdf_anchor_w40_b200,studio_F1.wav,2.841598639455782,0.0,False
amdf_pitch_spectral_p000,studio_F1.wav,0.021598639455782,0.0,False
amdf_pitch_spectral_p000,studio_F1.wav,0.031598639455782,0.0,False
amdf_pitch_spectral_p000,studio_F1.wav,0.041598639455782,0.0,False
amdf_pitch_spectral_p000,studio_F1.wav,0.051598639455782,0.0,False
amdf_pitch_spectral_p000,studio_F1.wav,0.061598639455782,0.0,False
amdf_pitch_spectral_p000,studio_F1.wav,0.071598639455782,0.0,False
amdf_pitch_spectral_p000,studio_F1.wav,0.081598639455782,0.0,False
amdf_pitch_spectral_p000,studio_F1.wav,0.091598639455782,0.0,False
amdf_pitch_spectral_p000,studio_F1.wav,0.101598639455782,0.0,False
amdf_pitch_spectral_p000,studio_F1.wav,0.111598639455782,0.0,False
amdf_pitch_spectral_p000,studio_F1.wav,0.121598639455782,0.0,False
amdf_pitch_spectral_p000,studio_F1.wav,0.131598639455782,0.0,False
amdf_pitch_spectral_p000,studio_F1.wav,0.141598639455782,0.0,False
amdf_pitch_spectral_p000,studio_F1.wav,0.151598639455782,0.0,False
amdf_pitch_spectral_p000,studio_F1.wav,0.161598639455782,0.0,False
amdf_pitch_spectral_p000,studio_F1.wav,0.171598639455782,0.0,False
amdf_pitch_spectral_p000,studio_F1.wav,0.181598639455782,0.0,False
amdf_pitch_spectral_p000,studio_F1.wav,0.191598639455782,0.0,False
amdf_pitch_spectral_p000,studio_F1.wav,0.201598639455782,0.0,False
amdf_pitch_spectral_p000,studio_F1.wav,0.211598639455782,0.0,False
amdf_pitch_spectral_p000,studio_F1.wav,0.221598639455782,0.0,False
amdf_pitch_spectral_p000,studio_F1.wav,0.231598639455782,0.0,False
amdf_pitch_spectral_p000,studio_F1.wav,0.241598639455782,0.0,False
amdf_pitch_spectral_p000,studio_F1.wav,0.251598639455782,0.0,False
amdf_pitch_spectral_p000,studio_F1.wav,0.261598639455782,0.0,False
amdf_pitch_spectral_p000,studio_F1.wav,0.271598639455782,0.0,False
amdf_pitch_spectral_p000,studio_F1.wav,0.281598639455782,0.0,False
amdf_pitch_spectral_p000,studio_F1.wav,0.291598639455782,0.0,False
amdf_pitch_spectral_p000,studio_F1.wav,0.301598639455782,0.0,False
amdf_pitch_spectral_p000,studio_F1.wav,0.311598639455782,0.0,False
amdf_pitch_spectral_p000,studio_F1.wav,0.321598639455782,0.0,False
amdf_pitch_spectral_p000,studio_F1.wav,0.331598639455782,0.0,False
amdf_pitch_spectral_p000,studio_F1.wav,0.341598639455782,0.0,False
amdf_pitch_spectral_p000,studio_F1.wav,0.351598639455782,0.0,False
amdf_pitch_spectral_p000,studio_F1.wav,0.361598639455782,0.0,False
amdf_pitch_spectral_p000,studio_F1.wav,0.371598639455782,0.0,False
amdf_pitch_spectral_p000,studio_F1.wav,0.381598639455782,0.0,False
amdf_pitch_spectral_p000,studio_F1.wav,0.391598639455782,0.0,False
amdf_pitch_spectral_p000,studio_F1.wav,0.401598639455782,0.0,False
amdf_pitch_spectral_p000,studio_F1.wav,0.411598639455782,0.0,False
amdf_pitch_spectral_p000,studio_F1.wav,0.421598639455782,0.0,False
amdf_pitch_spectral_p000,studio_F1.wav,0.431598639455782,0.0,False
amdf_pitch_spectral_p000,studio_F1.wav,0.441598639455782,0.0,False
amdf_pitch_spectral_p000,studio_F1.wav,0.451598639455782,0.0,False
amdf_pitch_spectral_p000,studio_F1.wav,0.461598639455782,0.0,False
amdf_pitch_spectral_p000,studio_F1.wav,0.471598639455782,0.0,False
amdf_pitch_spectral_p000,studio_F1.wav,0.481598639455782,0.0,False
amdf_pitch_spectral_p000,studio_F1.wav,0.491598639455782,0.0,False
amdf_pitch_spectral_p000,studio_F1.wav,0.501598639455782,0.0,False
amdf_pitch_spectral_p000,studio_F1.wav,0.511598639455782,0.0,False
amdf_pitch_spectral_p000,studio_F1.wav,0.521598639455782,0.0,False
amdf_pitch_spectral_p000,studio_F1.wav,0.531598639455782,0.0,False
amdf_pitch_spectral_p000,studio_F1.wav,0.541598639455782,0.0,False
amdf_pitch_spectral_p000,studio_F1.wav,0.551598639455782,0.0,False
amdf_pitch_spectral_p000,studio_F1.wav,0.561598639455782,0.0,False
amdf_pitch_spectral_p000,studio_F1.wav,0.571598639455782,0.0,False
amdf_pitch_spectral_p000,studio_F1.wav,0.581598639455782,0.0,False
amdf_pitch_spectral_p000,studio_F1.wav,0.591598639455782,0.0,False
amdf_pitch_spectral_p000,studio_F1.wav,0.601598639455782,0.0,False
amdf_pitch_spectral_p000,studio_F1.wav,0.611598639455782,0.0,False
amdf_pitch_spectral_p000,studio_F1.wav,0.621598639455782,0.0,False
amdf_pitch_spectral_p000,studio_F1.wav,0.631598639455782,0.0,False
amdf_pitch_spectral_p000,studio_F1.wav,0.641598639455782,0.0,False
amdf_pitch_spectral_p000,studio_F1.wav,0.651598639455782,0.0,False
amdf_pitch_spectral_p000,studio_F1.wav,0.661598639455782,0.0,False
amdf_pitch_spectral_p000,studio_F1.wav,0.671598639455782,0.0,False
amdf_pitch_spectral_p000,studio_F1.wav,0.681598639455782,0.0,False
amdf_pitch_spectral_p000,studio_F1.wav,0.691598639455782,267.5060844537619,True
amdf_pitch_spectral_p000,studio_F1.wav,0.701598639455782,270.32276451967675,True
amdf_pitch_spectral_p000,studio_F1.wav,0.711598639455782,269.66510319485417,True
amdf_pitch_spectral_p000,studio_F1.wav,0.721598639455782,266.1752077688139,True
amdf_pitch_spectral_p000,studio_F1.wav,0.731598639455782,263.2864516157925,True
amdf_pitch_spectral_p000,studio_F1.wav,0.741598639455782,258.80192648602326,True
amdf_pitch_spectral_p000,studio_F1.wav,0.751598639455782,257.42014631122674,True
amdf_pitch_spectral_p000,studio_F1.wav,0.761598639455782,257.41559777512094,True
amdf_pitch_spectral_p000,studio_F1.wav,0.771598639455782,240.9420660042284,True
amdf_pitch_spectral_p000,studio_F1.wav,0.781598639455782,240.94538914797954,True
amdf_pitch_spectral_p000,studio_F1.wav,0.791598639455782,243.9053932223786,True
amdf_pitch_spectral_p000,studio_F1.wav,0.801598639455782,246.74266973620604,True
amdf_pitch_spectral_p000,studio_F1.wav,0.811598639455782,247.07464504240954,True
amdf_pitch_spectral_p000,studio_F1.wav,0.821598639455782,246.92581032329844,True
amdf_pitch_spectral_p000,studio_F1.wav,0.831598639455782,246.3420669267753,True
amdf_pitch_spectral_p000,studio_F1.wav,0.841598639455782,245.6760904113571,True
amdf_pitch_spectral_p000,studio_F1.wav,0.851598639455782,244.90859734933616,True
amdf_pitch_spectral_p000,studio_F1.wav,0.861598639455782,244.1057581966675,True
amdf_pitch_spectral_p000,studio_F1.wav,0.871598639455782,242.71251683282026,True
amdf_pitch_spectral_p000,studio_F1.wav,0.881598639455782,241.27189088732797,True
amdf_pitch_spectral_p000,studio_F1.wav,0.891598639455782,239.84309884802784,True
amdf_pitch_spectral_p000,studio_F1.wav,0.901598639455782,236.65466148775428,True
amdf_pitch_spectral_p000,studio_F1.wav,0.911598639455782,225.40466131357363,True
amdf_pitch_spectral_p000,studio_F1.wav,0.921598639455782,224.21121881346272,True
amdf_pitch_spectral_p000,studio_F1.wav,0.931598639455782,225.97733504832652,True
amdf_pitch_spectral_p000,studio_F1.wav,0.941598639455782,232.5269220699965,True
amdf_pitch_spectral_p000,studio_F1.wav,0.951598639455782,249.72736402219255,True
amdf_pitch_spectral_p000,studio_F1.wav,0.961598639455782,252.03228493805648,True
amdf_pitch_spectral_p000,studio_F1.wav,0.971598639455782,253.4812561444147,True
amdf_pitch_spectral_p000,studio_F1.wav,0.981598639455782,253.09358238234074,True
amdf_pitch_spectral_p000,studio_F1.wav,0.991598639455782,249.4762694603681,True
amdf_pitch_spectral_p000,studio_F1.wav,1.001598639455782,242.64253566618663,True
amdf_pitch_spectral_p000,studio_F1.wav,1.011598639455782,274.04497490874263,True
amdf_pitch_spectral_p000,studio_F1.wav,1.021598639455782,279.71453277999024,True
amdf_pitch_spectral_p000,studio_F1.wav,1.031598639455782,283.5516772294992,True
amdf_pitch_spectral_p000,studio_F1.wav,1.041598639455782,289.46359570115385,True
amdf_pitch_spectral_p000,studio_F1.wav,1.051598639455782,291.65569647097556,True
amdf_pitch_spectral_p000,studio_F1.wav,1.061598639455782,292.63136328182793,True
amdf_pitch_spectral_p000,studio_F1.wav,1.071598639455782,293.3098756380308,True
amdf_pitch_spectral_p000,studio_F1.wav,1.081598639455782,279.28406850378127,True
amdf_pitch_spectral_p000,studio_F1.wav,1.091598639455782,0.0,False
amdf_pitch_spectral_p000,studio_F1.wav,1.101598639455782,0.0,False
amdf_pitch_spectral_p000,studio_F1.wav,1.111598639455782,0.0,False
amdf_pitch_spectral_p000,studio_F1.wav,1.121598639455782,321.18224395272114,True
amdf_pitch_spectral_p000,studio_F1.wav,1.131598639455782,278.9792586559647,True
amdf_pitch_spectral_p000,studio_F1.wav,1.141598639455782,268.23850554211623,True
amdf_pitch_spectral_p000,studio_F1.wav,1.151598639455782,252.1475689786541,True
amdf_pitch_spectral_p000,studio_F1.wav,1.161598639455782,249.5751153141194,True
amdf_pitch_spectral_p000,studio_F1.wav,1.171598639455782,245.80880137465712,True
amdf_pitch_spectral_p000,studio_F1.wav,1.181598639455782,244.89698910430837,True
amdf_pitch_spectral_p000,studio_F1.wav,1.191598639455782,245.38759658677031,True
amdf_pitch_spectral_p000,studio_F1.wav,1.201598639455782,220.87762663814013,True
amdf_pitch_spectral_p000,studio_F1.wav,1.211598639455782,0.0,False
amdf_pitch_spectral_p000,studio_F1.wav,1.221598639455782,0.0,False
amdf_pitch_spectral_p000,studio_F1.wav,1.231598639455782,0.0,False
amdf_pitch_spectral_p000,studio_F1.wav,1.241598639455782,0.0,False
amdf_pitch_spectral_p000,studio_F1.wav,1.251598639455782,0.0,False
amdf_pitch_spectral_p000,studio_F1.wav,1.261598639455782,308.1821430057199,True
amdf_pitch_spectral_p000,studio_F1.wav,1.271598639455782,314.5706853049979,True
amdf_pitch_spectral_p000,studio_F1.wav,1.281598639455782,318.015314330092,True
amdf_pitch_spectral_p000,studio_F1.wav,1.291598639455782,317.2520662471943,True
amdf_pitch_spectral_p000,studio_F1.wav,1.301598639455782,314.20820986932887,True
amdf_pitch_spectral_p000,studio_F1.wav,1.311598639455782,308.52948338812,True
amdf_pitch_spectral_p000,studio_F1.wav,1.321598639455782,299.3234027886517,True
amdf_pitch_spectral_p000,studio_F1.wav,1.331598639455782,283.26227542950727,True
amdf_pitch_spectral_p000,studio_F1.wav,1.341598639455782,269.570767136087,True
amdf_pitch_spectral_p000,studio_F1.wav,1.351598639455782,237.92670013780378,True
amdf_pitch_spectral_p000,studio_F1.wav,1.361598639455782,231.25778937834414,True
amdf_pitch_spectral_p000,studio_F1.wav,1.371598639455782,219.352505317975,True
amdf_pitch_spectral_p000,studio_F1.wav,1.381598639455782,211.29643710622096,True
amdf_pitch_spectral_p000,studio_F1.wav,1.391598639455782,203.69781603186195,True
amdf_pitch_spectral_p000,studio_F1.wav,1.401598639455782,199.20584124130144,True
amdf_pitch_spectral_p000,studio_F1.wav,1.411598639455782,196.22273845904638,True
amdf_pitch_spectral_p000,studio_F1.wav,1.421598639455782,196.78351302214244,True
amdf_pitch_spectral_p000,studio_F1.wav,1.431598639455782,199.93875714944335,True
amdf_pitch_spectral_p000,studio_F1.wav,1.441598639455782,203.41331540898952,True
amdf_pitch_spectral_p000,studio_F1.wav,1.451598639455782,205.3263624496444,True
amdf_pitch_spectral_p000,studio_F1.wav,1.461598639455782,208.02156453155297,True
amdf_pitch_spectral_p000,studio_F1.wav,1.471598639455782,211.58074132129664,True
amdf_pitch_spectral_p000,studio_F1.wav,1.481598639455782,214.89473653717147,True
amdf_pitch_spectral_p000,studio_F1.wav,1.491598639455782,218.39940722495942,True
amdf_pitch_spectral_p000,studio_F1.wav,1.501598639455782,217.4159720712275,True
amdf_pitch_spectral_p000,studio_F1.wav,1.511598639455782,215.17091593375267,True
amdf_pitch_spectral_p000,studio_F1.wav,1.521598639455782,212.3582124523553,True
amdf_pitch_spectral_p000,studio_F1.wav,1.531598639455782,209.6352388297692,True
amdf_pitch_spectral_p000,studio_F1.wav,1.541598639455782,206.5260050239633,True
amdf_pitch_spectral_p000,studio_F1.wav,1.551598639455782,203.38138116978837,True
amdf_pitch_spectral_p000,studio_F1.wav,1.561598639455782,201.38250321865874,True
amdf_pitch_spectral_p000,studio_F1.wav,1.571598639455782,199.45596095313942,True
amdf_pitch_spectral_p000,studio_F1.wav,1.581598639455782,198.25629326224464,True
amdf_pitch_spectral_p000,studio_F1.wav,1.591598639455782,197.32480005347688,True
amdf_pitch_spectral_p000,studio_F1.wav,1.601598639455782,196.58838554774283,True
amdf_pitch_spectral_p000,studio_F1.wav,1.611598639455782,196.20211308022616,True
amdf_pitch_spectral_p000,studio_F1.wav,1.621598639455782,196.11217466719336,True
amdf_pitch_spectral_p000,studio_F1.wav,1.631598639455782,190.99517030133296,True
amdf_pitch_spectral_p000,studio_F1.wav,1.641598639455782,178.86944156793584,True
amdf_pitch_spectral_p000,studio_F1.wav,1.651598639455782,0.0,False
amdf_pitch_spectral_p000,studio_F1.wav,1.661598639455782,0.0,False
amdf_pitch_spectral_p000,studio_F1.wav,1.671598639455782,0.0,False
amdf_pitch_spectral_p000,studio_F1.wav,1.681598639455782,0.0,False
amdf_pitch_spectral_p000,studio_F1.wav,1.691598639455782,0.0,False
amdf_pitch_spectral_p000,studio_F1.wav,1.701598639455782,245.4914167330512,True
amdf_pitch_spectral_p000,studio_F1.wav,1.711598639455782,237.29963157522133,True
amdf_pitch_spectral_p000,studio_F1.wav,1.721598639455782,231.88539336160213,True
amdf_pitch_spectral_p000,studio_F1.wav,1.731598639455782,227.1999650070932,True
amdf_pitch_spectral_p000,studio_F1.wav,1.741598639455782,224.0331229204067,True
amdf_pitch_spectral_p000,studio_F1.wav,1.751598639455782,221.59534640375045,True
amdf_pitch_spectral_p000,studio_F1.wav,1.761598639455782,0.0,False
amdf_pitch_spectral_p000,studio_F1.wav,1.771598639455782,0.0,False
amdf_pitch_spectral_p000,studio_F1.wav,1.781598639455782,0.0,False
amdf_pitch_spectral_p000,studio_F1.wav,1.791598639455782,0.0,False
amdf_pitch_spectral_p000,studio_F1.wav,1.801598639455782,176.34312422052278,True
amdf_pitch_spectral_p000,studio_F1.wav,1.811598639455782,187.09427849439066,True
amdf_pitch_spectral_p000,studio_F1.wav,1.821598639455782,190.33745692836735,True
amdf_pitch_spectral_p000,studio_F1.wav,1.831598639455782,197.79447299533,True
amdf_pitch_spectral_p000,studio_F1.wav,1.841598639455782,191.27591505923297,True
amdf_pitch_spectral_p000,studio_F1.wav,1.851598639455782,0.0,False
amdf_pitch_spectral_p000,studio_F1.wav,1.861598639455782,0.0,False
amdf_pitch_spectral_p000,studio_F1.wav,1.871598639455782,0.0,False
amdf_pitch_spectral_p000,studio_F1.wav,1.881598639455782,0.0,False
amdf_pitch_spectral_p000,studio_F1.wav,1.891598639455782,0.0,False
amdf_pitch_spectral_p000,studio_F1.wav,1.901598639455782,0.0,False
amdf_pitch_spectral_p000,studio_F1.wav,1.911598639455782,267.197918696294,True
amdf_pitch_spectral_p000,studio_F1.wav,1.921598639455782,224.60221173953357,True
amdf_pitch_spectral_p000,studio_F1.wav,1.931598639455782,216.43129333935636,True
amdf_pitch_spectral_p000,studio_F1.wav,1.941598639455782,211.7000252917107,True
amdf_pitch_spectral_p000,studio_F1.wav,1.951598639455782,208.84562037950187,True
amdf_pitch_spectral_p000,studio_F1.wav,1.961598639455782,207.70803645322337,True
amdf_pitch_spectral_p000,studio_F1.wav,1.971598639455782,205.97690672920066,True
amdf_pitch_spectral_p000,studio_F1.wav,1.981598639455782,203.5498654983114,True
amdf_pitch_spectral_p000,studio_F1.wav,1.991598639455782,200.96632474444345,True
amdf_pitch_spectral_p000,studio_F1.wav,2.001598639455782,199.60602113491097,True
amdf_pitch_spectral_p000,studio_F1.wav,2.011598639455782,198.4477931666042,True
amdf_pitch_spectral_p000,studio_F1.wav,2.021598639455782,196.58039772518507,True
amdf_pitch_spectral_p000,studio_F1.wav,2.031598639455782,195.41573853651133,True
amdf_pitch_spectral_p000,studio_F1.wav,2.041598639455782,194.18482302698987,True
amdf_pitch_spectral_p000,studio_F1.wav,2.051598639455782,191.7359907355383,True
amdf_pitch_spectral_p000,studio_F1.wav,2.061598639455782,189.98676142003754,True
amdf_pitch_spectral_p000,studio_F1.wav,2.071598639455782,189.81978498290732,True
amdf_pitch_spectral_p000,studio_F1.wav,2.081598639455782,188.14419626641987,True
amdf_pitch_spectral_p000,studio_F1.wav,2.091598639455782,186.99379165516876,True
amdf_pitch_spectral_p000,studio_F1.wav,2.101598639455782,185.80014905516856,True
amdf_pitch_spectral_p000,studio_F1.wav,2.111598639455782,183.00014676031824,True
amdf_pitch_spectral_p000,studio_F1.wav,2.121598639455782,180.09774303994487,True
amdf_pitch_spectral_p000,studio_F1.wav,2.131598639455782,176.43815174279104,True
amdf_pitch_spectral_p000,studio_F1.wav,2.141598639455782,171.9502909241509,True
amdf_pitch_spectral_p000,studio_F1.wav,2.151598639455782,0.0,False
amdf_pitch_spectral_p000,studio_F1.wav,2.161598639455782,0.0,False
amdf_pitch_spectral_p000,studio_F1.wav,2.171598639455782,0.0,False
amdf_pitch_spectral_p000,studio_F1.wav,2.181598639455782,0.0,False
amdf_pitch_spectral_p000,studio_F1.wav,2.191598639455782,0.0,False
amdf_pitch_spectral_p000,studio_F1.wav,2.201598639455782,0.0,False
amdf_pitch_spectral_p000,studio_F1.wav,2.211598639455782,0.0,False
amdf_pitch_spectral_p000,studio_F1.wav,2.221598639455782,0.0,False
amdf_pitch_spectral_p000,studio_F1.wav,2.231598639455782,0.0,False
amdf_pitch_spectral_p000,studio_F1.wav,2.241598639455782,0.0,False
amdf_pitch_spectral_p000,studio_F1.wav,2.251598639455782,0.0,False
amdf_pitch_spectral_p000,studio_F1.wav,2.261598639455782,0.0,False
amdf_pitch_spectral_p000,studio_F1.wav,2.271598639455782,0.0,False
amdf_pitch_spectral_p000,studio_F1.wav,2.281598639455782,0.0,False
amdf_pitch_spectral_p000,studio_F1.wav,2.291598639455782,0.0,False
amdf_pitch_spectral_p000,studio_F1.wav,2.301598639455782,0.0,False
amdf_pitch_spectral_p000,studio_F1.wav,2.311598639455782,0.0,False
amdf_pitch_spectral_p000,studio_F1.wav,2.321598639455782,0.0,False
amdf_pitch_spectral_p000,studio_F1.wav,2.331598639455782,0.0,False
amdf_pitch_spectral_p000,studio_F1.wav,2.341598639455782,0.0,False
amdf_pitch_spectral_p000,studio_F1.wav,2.351598639455782,0.0,False
amdf_pitch_spectral_p000,studio_F1.wav,2.361598639455782,0.0,False
amdf_pitch_spectral_p000,studio_F1.wav,2.371598639455782,0.0,False
amdf_pitch_spectral_p000,studio_F1.wav,2.381598639455782,0.0,False
amdf_pitch_spectral_p000,studio_F1.wav,2.391598639455782,0.0,False
amdf_pitch_spectral_p000,studio_F1.wav,2.401598639455782,0.0,False
amdf_pitch_spectral_p000,studio_F1.wav,2.411598639455782,0.0,False
amdf_pitch_spectral_p000,studio_F1.wav,2.421598639455782,0.0,False
amdf_pitch_spectral_p000,studio_F1.wav,2.431598639455782,0.0,False
amdf_pitch_spectral_p000,studio_F1.wav,2.441598639455782,0.0,False
amdf_pitch_spectral_p000,studio_F1.wav,2.451598639455782,0.0,False
amdf_pitch_spectral_p000,studio_F1.wav,2.461598639455782,0.0,False
amdf_pitch_spectral_p000,studio_F1.wav,2.471598639455782,0.0,False
amdf_pitch_spectral_p000,studio_F1.wav,2.481598639455782,0.0,False
amdf_pitch_spectral_p000,studio_F1.wav,2.491598639455782,0.0,False
amdf_pitch_spectral_p000,studio_F1.wav,2.501598639455782,0.0,False
amdf_pitch_spectral_p000,studio_F1.wav,2.511598639455782,0.0,False
amdf_pitch_spectral_p000,studio_F1.wav,2.521598639455782,0.0,False
amdf_pitch_spectral_p000,studio_F1.wav,2.531598639455782,0.0,False
amdf_pitch_spectral_p000,studio_F1.wav,2.541598639455782,0.0,False
amdf_pitch_spectral_p000,studio_F1.wav,2.551598639455782,0.0,False
amdf_pitch_spectral_p000,studio_F1.wav,2.561598639455782,0.0,False
amdf_pitch_spectral_p000,studio_F1.wav,2.571598639455782,0.0,False
amdf_pitch_spectral_p000,studio_F1.wav,2.581598639455782,0.0,False
amdf_pitch_spectral_p000,studio_F1.wav,2.591598639455782,0.0,False
amdf_pitch_spectral_p000,studio_F1.wav,2.601598639455782,0.0,False
amdf_pitch_spectral_p000,studio_F1.wav,2.611598639455782,0.0,False
amdf_pitch_spectral_p000,studio_F1.wav,2.621598639455782,0.0,False
amdf_pitch_spectral_p000,studio_F1.wav,2.631598639455782,0.0,False
amdf_pitch_spectral_p000,studio_F1.wav,2.641598639455782,0.0,False
amdf_pitch_spectral_p000,studio_F1.wav,2.651598639455782,0.0,False
amdf_pitch_spectral_p000,studio_F1.wav,2.661598639455782,0.0,False
amdf_pitch_spectral_p000,studio_F1.wav,2.671598639455782,0.0,False
amdf_pitch_spectral_p000,studio_F1.wav,2.681598639455782,0.0,False
amdf_pitch_spectral_p000,studio_F1.wav,2.691598639455782,0.0,False
amdf_pitch_spectral_p000,studio_F1.wav,2.701598639455782,0.0,False
amdf_pitch_spectral_p000,studio_F1.wav,2.711598639455782,0.0,False
amdf_pitch_spectral_p000,studio_F1.wav,2.721598639455782,0.0,False
amdf_pitch_spectral_p000,studio_F1.wav,2.731598639455782,0.0,False
amdf_pitch_spectral_p000,studio_F1.wav,2.741598639455782,0.0,False
amdf_pitch_spectral_p000,studio_F1.wav,2.751598639455782,0.0,False
amdf_pitch_spectral_p000,studio_F1.wav,2.761598639455782,0.0,False
amdf_pitch_spectral_p000,studio_F1.wav,2.771598639455782,0.0,False
amdf_pitch_spectral_p000,studio_F1.wav,2.781598639455782,0.0,False
amdf_pitch_spectral_p000,studio_F1.wav,2.791598639455782,0.0,False
amdf_pitch_spectral_p000,studio_F1.wav,2.801598639455782,0.0,False
amdf_pitch_spectral_p000,studio_F1.wav,2.811598639455782,0.0,False
amdf_pitch_spectral_p000,studio_F1.wav,2.821598639455782,0.0,False
amdf_pitch_spectral_p000,studio_F1.wav,2.831598639455782,0.0,False
amdf_pitch_spectral_p000,studio_F1.wav,2.841598639455782,0.0,False
amdf_pitch_spectral_p140,studio_F1.wav,0.021598639455782,0.0,False
amdf_pitch_spectral_p140,studio_F1.wav,0.031598639455782,0.0,False
amdf_pitch_spectral_p140,studio_F1.wav,0.041598639455782,0.0,False
amdf_pitch_spectral_p140,studio_F1.wav,0.051598639455782,0.0,False
amdf_pitch_spectral_p140,studio_F1.wav,0.061598639455782,0.0,False
amdf_pitch_spectral_p140,studio_F1.wav,0.071598639455782,0.0,False
amdf_pitch_spectral_p140,studio_F1.wav,0.081598639455782,0.0,False
amdf_pitch_spectral_p140,studio_F1.wav,0.091598639455782,0.0,False
amdf_pitch_spectral_p140,studio_F1.wav,0.101598639455782,0.0,False
amdf_pitch_spectral_p140,studio_F1.wav,0.111598639455782,0.0,False
amdf_pitch_spectral_p140,studio_F1.wav,0.121598639455782,0.0,False
amdf_pitch_spectral_p140,studio_F1.wav,0.131598639455782,0.0,False
amdf_pitch_spectral_p140,studio_F1.wav,0.141598639455782,0.0,False
amdf_pitch_spectral_p140,studio_F1.wav,0.151598639455782,0.0,False
amdf_pitch_spectral_p140,studio_F1.wav,0.161598639455782,0.0,False
amdf_pitch_spectral_p140,studio_F1.wav,0.171598639455782,0.0,False
amdf_pitch_spectral_p140,studio_F1.wav,0.181598639455782,0.0,False
amdf_pitch_spectral_p140,studio_F1.wav,0.191598639455782,0.0,False
amdf_pitch_spectral_p140,studio_F1.wav,0.201598639455782,0.0,False
amdf_pitch_spectral_p140,studio_F1.wav,0.211598639455782,0.0,False
amdf_pitch_spectral_p140,studio_F1.wav,0.221598639455782,0.0,False
amdf_pitch_spectral_p140,studio_F1.wav,0.231598639455782,0.0,False
amdf_pitch_spectral_p140,studio_F1.wav,0.241598639455782,0.0,False
amdf_pitch_spectral_p140,studio_F1.wav,0.251598639455782,0.0,False
amdf_pitch_spectral_p140,studio_F1.wav,0.261598639455782,0.0,False
amdf_pitch_spectral_p140,studio_F1.wav,0.271598639455782,0.0,False
amdf_pitch_spectral_p140,studio_F1.wav,0.281598639455782,0.0,False
amdf_pitch_spectral_p140,studio_F1.wav,0.291598639455782,0.0,False
amdf_pitch_spectral_p140,studio_F1.wav,0.301598639455782,0.0,False
amdf_pitch_spectral_p140,studio_F1.wav,0.311598639455782,0.0,False
amdf_pitch_spectral_p140,studio_F1.wav,0.321598639455782,0.0,False
amdf_pitch_spectral_p140,studio_F1.wav,0.331598639455782,0.0,False
amdf_pitch_spectral_p140,studio_F1.wav,0.341598639455782,0.0,False
amdf_pitch_spectral_p140,studio_F1.wav,0.351598639455782,0.0,False
amdf_pitch_spectral_p140,studio_F1.wav,0.361598639455782,0.0,False
amdf_pitch_spectral_p140,studio_F1.wav,0.371598639455782,0.0,False
amdf_pitch_spectral_p140,studio_F1.wav,0.381598639455782,0.0,False
amdf_pitch_spectral_p140,studio_F1.wav,0.391598639455782,0.0,False
amdf_pitch_spectral_p140,studio_F1.wav,0.401598639455782,0.0,False
amdf_pitch_spectral_p140,studio_F1.wav,0.411598639455782,0.0,False
amdf_pitch_spectral_p140,studio_F1.wav,0.421598639455782,0.0,False
amdf_pitch_spectral_p140,studio_F1.wav,0.431598639455782,0.0,False
amdf_pitch_spectral_p140,studio_F1.wav,0.441598639455782,0.0,False
amdf_pitch_spectral_p140,studio_F1.wav,0.451598639455782,0.0,False
amdf_pitch_spectral_p140,studio_F1.wav,0.461598639455782,0.0,False
amdf_pitch_spectral_p140,studio_F1.wav,0.471598639455782,0.0,False
amdf_pitch_spectral_p140,studio_F1.wav,0.481598639455782,0.0,False
amdf_pitch_spectral_p140,studio_F1.wav,0.491598639455782,0.0,False
amdf_pitch_spectral_p140,studio_F1.wav,0.501598639455782,0.0,False
amdf_pitch_spectral_p140,studio_F1.wav,0.511598639455782,0.0,False
amdf_pitch_spectral_p140,studio_F1.wav,0.521598639455782,0.0,False
amdf_pitch_spectral_p140,studio_F1.wav,0.531598639455782,0.0,False
amdf_pitch_spectral_p140,studio_F1.wav,0.541598639455782,0.0,False
amdf_pitch_spectral_p140,studio_F1.wav,0.551598639455782,0.0,False
amdf_pitch_spectral_p140,studio_F1.wav,0.561598639455782,0.0,False
amdf_pitch_spectral_p140,studio_F1.wav,0.571598639455782,0.0,False
amdf_pitch_spectral_p140,studio_F1.wav,0.581598639455782,0.0,False
amdf_pitch_spectral_p140,studio_F1.wav,0.591598639455782,0.0,False
amdf_pitch_spectral_p140,studio_F1.wav,0.601598639455782,0.0,False
amdf_pitch_spectral_p140,studio_F1.wav,0.611598639455782,0.0,False
amdf_pitch_spectral_p140,studio_F1.wav,0.621598639455782,0.0,False
amdf_pitch_spectral_p140,studio_F1.wav,0.631598639455782,0.0,False
amdf_pitch_spectral_p140,studio_F1.wav,0.641598639455782,0.0,False
amdf_pitch_spectral_p140,studio_F1.wav,0.651598639455782,0.0,False
amdf_pitch_spectral_p140,studio_F1.wav,0.661598639455782,0.0,False
amdf_pitch_spectral_p140,studio_F1.wav,0.671598639455782,0.0,False
amdf_pitch_spectral_p140,studio_F1.wav,0.681598639455782,0.0,False
amdf_pitch_spectral_p140,studio_F1.wav,0.691598639455782,267.5060844537619,True
amdf_pitch_spectral_p140,studio_F1.wav,0.701598639455782,270.32276451967675,True
amdf_pitch_spectral_p140,studio_F1.wav,0.711598639455782,269.66510319485417,True
amdf_pitch_spectral_p140,studio_F1.wav,0.721598639455782,266.1752077688139,True
amdf_pitch_spectral_p140,studio_F1.wav,0.731598639455782,263.2864516157925,True
amdf_pitch_spectral_p140,studio_F1.wav,0.741598639455782,258.80192648602326,True
amdf_pitch_spectral_p140,studio_F1.wav,0.751598639455782,257.42014631122674,True
amdf_pitch_spectral_p140,studio_F1.wav,0.761598639455782,257.41559777512094,True
amdf_pitch_spectral_p140,studio_F1.wav,0.771598639455782,240.9420660042284,True
amdf_pitch_spectral_p140,studio_F1.wav,0.781598639455782,240.94538914797954,True
amdf_pitch_spectral_p140,studio_F1.wav,0.791598639455782,243.9053932223786,True
amdf_pitch_spectral_p140,studio_F1.wav,0.801598639455782,246.74266973620604,True
amdf_pitch_spectral_p140,studio_F1.wav,0.811598639455782,247.07464504240954,True
amdf_pitch_spectral_p140,studio_F1.wav,0.821598639455782,246.92581032329844,True
amdf_pitch_spectral_p140,studio_F1.wav,0.831598639455782,246.3420669267753,True
amdf_pitch_spectral_p140,studio_F1.wav,0.841598639455782,245.6760904113571,True
amdf_pitch_spectral_p140,studio_F1.wav,0.851598639455782,244.90859734933616,True
amdf_pitch_spectral_p140,studio_F1.wav,0.861598639455782,244.1057581966675,True
amdf_pitch_spectral_p140,studio_F1.wav,0.871598639455782,242.71251683282026,True
amdf_pitch_spectral_p140,studio_F1.wav,0.881598639455782,241.27189088732797,True
amdf_pitch_spectral_p140,studio_F1.wav,0.891598639455782,239.84309884802784,True
amdf_pitch_spectral_p140,studio_F1.wav,0.901598639455782,236.65466148775428,True
amdf_pitch_spectral_p140,studio_F1.wav,0.911598639455782,225.40466131357363,True
amdf_pitch_spectral_p140,studio_F1.wav,0.921598639455782,224.21121881346272,True
amdf_pitch_spectral_p140,studio_F1.wav,0.931598639455782,225.97733504832652,True
amdf_pitch_spectral_p140,studio_F1.wav,0.941598639455782,232.5269220699965,True
amdf_pitch_spectral_p140,studio_F1.wav,0.951598639455782,249.72736402219255,True
amdf_pitch_spectral_p140,studio_F1.wav,0.961598639455782,252.03228493805648,True
amdf_pitch_spectral_p140,studio_F1.wav,0.971598639455782,253.4812561444147,True
amdf_pitch_spectral_p140,studio_F1.wav,0.981598639455782,253.09358238234074,True
amdf_pitch_spectral_p140,studio_F1.wav,0.991598639455782,249.4762694603681,True
amdf_pitch_spectral_p140,studio_F1.wav,1.001598639455782,242.64253566618663,True
amdf_pitch_spectral_p140,studio_F1.wav,1.011598639455782,274.04497490874263,True
amdf_pitch_spectral_p140,studio_F1.wav,1.021598639455782,279.71453277999024,True
amdf_pitch_spectral_p140,studio_F1.wav,1.031598639455782,283.5516772294992,True
amdf_pitch_spectral_p140,studio_F1.wav,1.041598639455782,289.46359570115385,True
amdf_pitch_spectral_p140,studio_F1.wav,1.051598639455782,291.65569647097556,True
amdf_pitch_spectral_p140,studio_F1.wav,1.061598639455782,292.63136328182793,True
amdf_pitch_spectral_p140,studio_F1.wav,1.071598639455782,293.3098756380308,True
amdf_pitch_spectral_p140,studio_F1.wav,1.081598639455782,279.28406850378127,True
amdf_pitch_spectral_p140,studio_F1.wav,1.091598639455782,0.0,False
amdf_pitch_spectral_p140,studio_F1.wav,1.101598639455782,0.0,False
amdf_pitch_spectral_p140,studio_F1.wav,1.111598639455782,0.0,False
amdf_pitch_spectral_p140,studio_F1.wav,1.121598639455782,321.18224395272114,True
amdf_pitch_spectral_p140,studio_F1.wav,1.131598639455782,278.9792586559647,True
amdf_pitch_spectral_p140,studio_F1.wav,1.141598639455782,268.23850554211623,True
amdf_pitch_spectral_p140,studio_F1.wav,1.151598639455782,252.1475689786541,True
amdf_pitch_spectral_p140,studio_F1.wav,1.161598639455782,249.5751153141194,True
amdf_pitch_spectral_p140,studio_F1.wav,1.171598639455782,245.80880137465712,True
amdf_pitch_spectral_p140,studio_F1.wav,1.181598639455782,244.89698910430837,True
amdf_pitch_spectral_p140,studio_F1.wav,1.191598639455782,245.38759658677031,True
amdf_pitch_spectral_p140,studio_F1.wav,1.201598639455782,220.87762663814013,True
amdf_pitch_spectral_p140,studio_F1.wav,1.211598639455782,0.0,False
amdf_pitch_spectral_p140,studio_F1.wav,1.221598639455782,0.0,False
amdf_pitch_spectral_p140,studio_F1.wav,1.231598639455782,0.0,False
amdf_pitch_spectral_p140,studio_F1.wav,1.241598639455782,0.0,False
amdf_pitch_spectral_p140,studio_F1.wav,1.251598639455782,0.0,False
amdf_pitch_spectral_p140,studio_F1.wav,1.261598639455782,308.1821430057199,True
amdf_pitch_spectral_p140,studio_F1.wav,1.271598639455782,314.5706853049979,True
amdf_pitch_spectral_p140,studio_F1.wav,1.281598639455782,318.015314330092,True
amdf_pitch_spectral_p140,studio_F1.wav,1.291598639455782,317.2520662471943,True
amdf_pitch_spectral_p140,studio_F1.wav,1.301598639455782,314.20820986932887,True
amdf_pitch_spectral_p140,studio_F1.wav,1.311598639455782,308.52948338812,True
amdf_pitch_spectral_p140,studio_F1.wav,1.321598639455782,299.3234027886517,True
amdf_pitch_spectral_p140,studio_F1.wav,1.331598639455782,283.26227542950727,True
amdf_pitch_spectral_p140,studio_F1.wav,1.341598639455782,269.570767136087,True
amdf_pitch_spectral_p140,studio_F1.wav,1.351598639455782,237.92670013780378,True
amdf_pitch_spectral_p140,studio_F1.wav,1.361598639455782,231.25778937834414,True
amdf_pitch_spectral_p140,studio_F1.wav,1.371598639455782,219.352505317975,True
amdf_pitch_spectral_p140,studio_F1.wav,1.381598639455782,211.29643710622096,True
amdf_pitch_spectral_p140,studio_F1.wav,1.391598639455782,203.69781603186195,True
amdf_pitch_spectral_p140,studio_F1.wav,1.401598639455782,199.20584124130144,True
amdf_pitch_spectral_p140,studio_F1.wav,1.411598639455782,196.22273845904638,True
amdf_pitch_spectral_p140,studio_F1.wav,1.421598639455782,196.78351302214244,True
amdf_pitch_spectral_p140,studio_F1.wav,1.431598639455782,199.93875714944335,True
amdf_pitch_spectral_p140,studio_F1.wav,1.441598639455782,203.41331540898952,True
amdf_pitch_spectral_p140,studio_F1.wav,1.451598639455782,205.3263624496444,True
amdf_pitch_spectral_p140,studio_F1.wav,1.461598639455782,208.02156453155297,True
amdf_pitch_spectral_p140,studio_F1.wav,1.471598639455782,211.58074132129664,True
amdf_pitch_spectral_p140,studio_F1.wav,1.481598639455782,214.89473653717147,True
amdf_pitch_spectral_p140,studio_F1.wav,1.491598639455782,218.39940722495942,True
amdf_pitch_spectral_p140,studio_F1.wav,1.501598639455782,217.4159720712275,True
amdf_pitch_spectral_p140,studio_F1.wav,1.511598639455782,215.17091593375267,True
amdf_pitch_spectral_p140,studio_F1.wav,1.521598639455782,212.3582124523553,True
amdf_pitch_spectral_p140,studio_F1.wav,1.531598639455782,209.6352388297692,True
amdf_pitch_spectral_p140,studio_F1.wav,1.541598639455782,206.5260050239633,True
amdf_pitch_spectral_p140,studio_F1.wav,1.551598639455782,203.38138116978837,True
amdf_pitch_spectral_p140,studio_F1.wav,1.561598639455782,201.38250321865874,True
amdf_pitch_spectral_p140,studio_F1.wav,1.571598639455782,199.45596095313942,True
amdf_pitch_spectral_p140,studio_F1.wav,1.581598639455782,198.25629326224464,True
amdf_pitch_spectral_p140,studio_F1.wav,1.591598639455782,197.32480005347688,True
amdf_pitch_spectral_p140,studio_F1.wav,1.601598639455782,196.58838554774283,True
amdf_pitch_spectral_p140,studio_F1.wav,1.611598639455782,196.20211308022616,True
amdf_pitch_spectral_p140,studio_F1.wav,1.621598639455782,196.11217466719336,True
amdf_pitch_spectral_p140,studio_F1.wav,1.631598639455782,190.99517030133296,True
amdf_pitch_spectral_p140,studio_F1.wav,1.641598639455782,178.86944156793584,True
amdf_pitch_spectral_p140,studio_F1.wav,1.651598639455782,0.0,False
amdf_pitch_spectral_p140,studio_F1.wav,1.661598639455782,0.0,False
amdf_pitch_spectral_p140,studio_F1.wav,1.671598639455782,0.0,False
amdf_pitch_spectral_p140,studio_F1.wav,1.681598639455782,0.0,False
amdf_pitch_spectral_p140,studio_F1.wav,1.691598639455782,0.0,False
amdf_pitch_spectral_p140,studio_F1.wav,1.701598639455782,245.4914167330512,True
amdf_pitch_spectral_p140,studio_F1.wav,1.711598639455782,237.29963157522133,True
amdf_pitch_spectral_p140,studio_F1.wav,1.721598639455782,231.88539336160213,True
amdf_pitch_spectral_p140,studio_F1.wav,1.731598639455782,227.1999650070932,True
amdf_pitch_spectral_p140,studio_F1.wav,1.741598639455782,224.0331229204067,True
amdf_pitch_spectral_p140,studio_F1.wav,1.751598639455782,221.59534640375045,True
amdf_pitch_spectral_p140,studio_F1.wav,1.761598639455782,0.0,False
amdf_pitch_spectral_p140,studio_F1.wav,1.771598639455782,0.0,False
amdf_pitch_spectral_p140,studio_F1.wav,1.781598639455782,0.0,False
amdf_pitch_spectral_p140,studio_F1.wav,1.791598639455782,0.0,False
amdf_pitch_spectral_p140,studio_F1.wav,1.801598639455782,176.34312422052278,True
amdf_pitch_spectral_p140,studio_F1.wav,1.811598639455782,187.09427849439066,True
amdf_pitch_spectral_p140,studio_F1.wav,1.821598639455782,190.33745692836735,True
amdf_pitch_spectral_p140,studio_F1.wav,1.831598639455782,197.79447299533,True
amdf_pitch_spectral_p140,studio_F1.wav,1.841598639455782,191.27591505923297,True
amdf_pitch_spectral_p140,studio_F1.wav,1.851598639455782,0.0,False
amdf_pitch_spectral_p140,studio_F1.wav,1.861598639455782,0.0,False
amdf_pitch_spectral_p140,studio_F1.wav,1.871598639455782,0.0,False
amdf_pitch_spectral_p140,studio_F1.wav,1.881598639455782,0.0,False
amdf_pitch_spectral_p140,studio_F1.wav,1.891598639455782,0.0,False
amdf_pitch_spectral_p140,studio_F1.wav,1.901598639455782,0.0,False
amdf_pitch_spectral_p140,studio_F1.wav,1.911598639455782,267.197918696294,True
amdf_pitch_spectral_p140,studio_F1.wav,1.921598639455782,224.60221173953357,True
amdf_pitch_spectral_p140,studio_F1.wav,1.931598639455782,216.43129333935636,True
amdf_pitch_spectral_p140,studio_F1.wav,1.941598639455782,211.7000252917107,True
amdf_pitch_spectral_p140,studio_F1.wav,1.951598639455782,208.84562037950187,True
amdf_pitch_spectral_p140,studio_F1.wav,1.961598639455782,207.70803645322337,True
amdf_pitch_spectral_p140,studio_F1.wav,1.971598639455782,205.97690672920066,True
amdf_pitch_spectral_p140,studio_F1.wav,1.981598639455782,203.5498654983114,True
amdf_pitch_spectral_p140,studio_F1.wav,1.991598639455782,200.96632474444345,True
amdf_pitch_spectral_p140,studio_F1.wav,2.001598639455782,199.60602113491097,True
amdf_pitch_spectral_p140,studio_F1.wav,2.011598639455782,198.4477931666042,True
amdf_pitch_spectral_p140,studio_F1.wav,2.021598639455782,196.58039772518507,True
amdf_pitch_spectral_p140,studio_F1.wav,2.031598639455782,195.41573853651133,True
amdf_pitch_spectral_p140,studio_F1.wav,2.041598639455782,194.18482302698987,True
amdf_pitch_spectral_p140,studio_F1.wav,2.051598639455782,191.7359907355383,True
amdf_pitch_spectral_p140,studio_F1.wav,2.061598639455782,189.98676142003754,True
amdf_pitch_spectral_p140,studio_F1.wav,2.071598639455782,189.81978498290732,True
amdf_pitch_spectral_p140,studio_F1.wav,2.081598639455782,188.14419626641987,True
amdf_pitch_spectral_p140,studio_F1.wav,2.091598639455782,186.99379165516876,True
amdf_pitch_spectral_p140,studio_F1.wav,2.101598639455782,185.80014905516856,True
amdf_pitch_spectral_p140,studio_F1.wav,2.111598639455782,183.00014676031824,True
amdf_pitch_spectral_p140,studio_F1.wav,2.121598639455782,180.09774303994487,True
amdf_pitch_spectral_p140,studio_F1.wav,2.131598639455782,176.43815174279104,True
amdf_pitch_spectral_p140,studio_F1.wav,2.141598639455782,171.9502909241509,True
amdf_pitch_spectral_p140,studio_F1.wav,2.151598639455782,0.0,False
amdf_pitch_spectral_p140,studio_F1.wav,2.161598639455782,0.0,False
amdf_pitch_spectral_p140,studio_F1.wav,2.171598639455782,0.0,False
amdf_pitch_spectral_p140,studio_F1.wav,2.181598639455782,0.0,False
amdf_pitch_spectral_p140,studio_F1.wav,2.191598639455782,0.0,False
amdf_pitch_spectral_p140,studio_F1.wav,2.201598639455782,0.0,False
amdf_pitch_spectral_p140,studio_F1.wav,2.211598639455782,0.0,False
amdf_pitch_spectral_p140,studio_F1.wav,2.221598639455782,0.0,False
amdf_pitch_spectral_p140,studio_F1.wav,2.231598639455782,0.0,False
amdf_pitch_spectral_p140,studio_F1.wav,2.241598639455782,0.0,False
amdf_pitch_spectral_p140,studio_F1.wav,2.251598639455782,0.0,False
amdf_pitch_spectral_p140,studio_F1.wav,2.261598639455782,0.0,False
amdf_pitch_spectral_p140,studio_F1.wav,2.271598639455782,0.0,False
amdf_pitch_spectral_p140,studio_F1.wav,2.281598639455782,0.0,False
amdf_pitch_spectral_p140,studio_F1.wav,2.291598639455782,0.0,False
amdf_pitch_spectral_p140,studio_F1.wav,2.301598639455782,0.0,False
amdf_pitch_spectral_p140,studio_F1.wav,2.311598639455782,0.0,False
amdf_pitch_spectral_p140,studio_F1.wav,2.321598639455782,0.0,False
amdf_pitch_spectral_p140,studio_F1.wav,2.331598639455782,0.0,False
amdf_pitch_spectral_p140,studio_F1.wav,2.341598639455782,0.0,False
amdf_pitch_spectral_p140,studio_F1.wav,2.351598639455782,0.0,False
amdf_pitch_spectral_p140,studio_F1.wav,2.361598639455782,0.0,False
amdf_pitch_spectral_p140,studio_F1.wav,2.371598639455782,0.0,False
amdf_pitch_spectral_p140,studio_F1.wav,2.381598639455782,0.0,False
amdf_pitch_spectral_p140,studio_F1.wav,2.391598639455782,0.0,False
amdf_pitch_spectral_p140,studio_F1.wav,2.401598639455782,0.0,False
amdf_pitch_spectral_p140,studio_F1.wav,2.411598639455782,0.0,False
amdf_pitch_spectral_p140,studio_F1.wav,2.421598639455782,0.0,False
amdf_pitch_spectral_p140,studio_F1.wav,2.431598639455782,0.0,False
amdf_pitch_spectral_p140,studio_F1.wav,2.441598639455782,0.0,False
amdf_pitch_spectral_p140,studio_F1.wav,2.451598639455782,0.0,False
amdf_pitch_spectral_p140,studio_F1.wav,2.461598639455782,0.0,False
amdf_pitch_spectral_p140,studio_F1.wav,2.471598639455782,0.0,False
amdf_pitch_spectral_p140,studio_F1.wav,2.481598639455782,0.0,False
amdf_pitch_spectral_p140,studio_F1.wav,2.491598639455782,0.0,False
amdf_pitch_spectral_p140,studio_F1.wav,2.501598639455782,0.0,False
amdf_pitch_spectral_p140,studio_F1.wav,2.511598639455782,0.0,False
amdf_pitch_spectral_p140,studio_F1.wav,2.521598639455782,0.0,False
amdf_pitch_spectral_p140,studio_F1.wav,2.531598639455782,0.0,False
amdf_pitch_spectral_p140,studio_F1.wav,2.541598639455782,0.0,False
amdf_pitch_spectral_p140,studio_F1.wav,2.551598639455782,0.0,False
amdf_pitch_spectral_p140,studio_F1.wav,2.561598639455782,0.0,False
amdf_pitch_spectral_p140,studio_F1.wav,2.571598639455782,0.0,False
amdf_pitch_spectral_p140,studio_F1.wav,2.581598639455782,0.0,False
amdf_pitch_spectral_p140,studio_F1.wav,2.591598639455782,0.0,False
amdf_pitch_spectral_p140,studio_F1.wav,2.601598639455782,0.0,False
amdf_pitch_spectral_p140,studio_F1.wav,2.611598639455782,0.0,False
amdf_pitch_spectral_p140,studio_F1.wav,2.621598639455782,0.0,False
amdf_pitch_spectral_p140,studio_F1.wav,2.631598639455782,0.0,False
amdf_pitch_spectral_p140,studio_F1.wav,2.641598639455782,0.0,False
amdf_pitch_spectral_p140,studio_F1.wav,2.651598639455782,0.0,False
amdf_pitch_spectral_p140,studio_F1.wav,2.661598639455782,0.0,False
amdf_pitch_spectral_p140,studio_F1.wav,2.671598639455782,0.0,False
amdf_pitch_spectral_p140,studio_F1.wav,2.681598639455782,0.0,False
amdf_pitch_spectral_p140,studio_F1.wav,2.691598639455782,0.0,False
amdf_pitch_spectral_p140,studio_F1.wav,2.701598639455782,0.0,False
amdf_pitch_spectral_p140,studio_F1.wav,2.711598639455782,0.0,False
amdf_pitch_spectral_p140,studio_F1.wav,2.721598639455782,0.0,False
amdf_pitch_spectral_p140,studio_F1.wav,2.731598639455782,0.0,False
amdf_pitch_spectral_p140,studio_F1.wav,2.741598639455782,0.0,False
amdf_pitch_spectral_p140,studio_F1.wav,2.751598639455782,0.0,False
amdf_pitch_spectral_p140,studio_F1.wav,2.761598639455782,0.0,False
amdf_pitch_spectral_p140,studio_F1.wav,2.771598639455782,0.0,False
amdf_pitch_spectral_p140,studio_F1.wav,2.781598639455782,0.0,False
amdf_pitch_spectral_p140,studio_F1.wav,2.791598639455782,0.0,False
amdf_pitch_spectral_p140,studio_F1.wav,2.801598639455782,0.0,False
amdf_pitch_spectral_p140,studio_F1.wav,2.811598639455782,0.0,False
amdf_pitch_spectral_p140,studio_F1.wav,2.821598639455782,0.0,False
amdf_pitch_spectral_p140,studio_F1.wav,2.831598639455782,0.0,False
amdf_pitch_spectral_p140,studio_F1.wav,2.841598639455782,0.0,False
amdf_pitch_spectral_p170,studio_F1.wav,0.021598639455782,0.0,False
amdf_pitch_spectral_p170,studio_F1.wav,0.031598639455782,0.0,False
amdf_pitch_spectral_p170,studio_F1.wav,0.041598639455782,0.0,False
amdf_pitch_spectral_p170,studio_F1.wav,0.051598639455782,0.0,False
amdf_pitch_spectral_p170,studio_F1.wav,0.061598639455782,0.0,False
amdf_pitch_spectral_p170,studio_F1.wav,0.071598639455782,0.0,False
amdf_pitch_spectral_p170,studio_F1.wav,0.081598639455782,0.0,False
amdf_pitch_spectral_p170,studio_F1.wav,0.091598639455782,0.0,False
amdf_pitch_spectral_p170,studio_F1.wav,0.101598639455782,0.0,False
amdf_pitch_spectral_p170,studio_F1.wav,0.111598639455782,0.0,False
amdf_pitch_spectral_p170,studio_F1.wav,0.121598639455782,0.0,False
amdf_pitch_spectral_p170,studio_F1.wav,0.131598639455782,0.0,False
amdf_pitch_spectral_p170,studio_F1.wav,0.141598639455782,0.0,False
amdf_pitch_spectral_p170,studio_F1.wav,0.151598639455782,0.0,False
amdf_pitch_spectral_p170,studio_F1.wav,0.161598639455782,0.0,False
amdf_pitch_spectral_p170,studio_F1.wav,0.171598639455782,0.0,False
amdf_pitch_spectral_p170,studio_F1.wav,0.181598639455782,0.0,False
amdf_pitch_spectral_p170,studio_F1.wav,0.191598639455782,0.0,False
amdf_pitch_spectral_p170,studio_F1.wav,0.201598639455782,0.0,False
amdf_pitch_spectral_p170,studio_F1.wav,0.211598639455782,0.0,False
amdf_pitch_spectral_p170,studio_F1.wav,0.221598639455782,0.0,False
amdf_pitch_spectral_p170,studio_F1.wav,0.231598639455782,0.0,False
amdf_pitch_spectral_p170,studio_F1.wav,0.241598639455782,0.0,False
amdf_pitch_spectral_p170,studio_F1.wav,0.251598639455782,0.0,False
amdf_pitch_spectral_p170,studio_F1.wav,0.261598639455782,0.0,False
amdf_pitch_spectral_p170,studio_F1.wav,0.271598639455782,0.0,False
amdf_pitch_spectral_p170,studio_F1.wav,0.281598639455782,0.0,False
amdf_pitch_spectral_p170,studio_F1.wav,0.291598639455782,0.0,False
amdf_pitch_spectral_p170,studio_F1.wav,0.301598639455782,0.0,False
amdf_pitch_spectral_p170,studio_F1.wav,0.311598639455782,0.0,False
amdf_pitch_spectral_p170,studio_F1.wav,0.321598639455782,0.0,False
amdf_pitch_spectral_p170,studio_F1.wav,0.331598639455782,0.0,False
amdf_pitch_spectral_p170,studio_F1.wav,0.341598639455782,0.0,False
amdf_pitch_spectral_p170,studio_F1.wav,0.351598639455782,0.0,False
amdf_pitch_spectral_p170,studio_F1.wav,0.361598639455782,0.0,False
amdf_pitch_spectral_p170,studio_F1.wav,0.371598639455782,0.0,False
amdf_pitch_spectral_p170,studio_F1.wav,0.381598639455782,0.0,False
amdf_pitch_spectral_p170,studio_F1.wav,0.391598639455782,0.0,False
amdf_pitch_spectral_p170,studio_F1.wav,0.401598639455782,0.0,False
amdf_pitch_spectral_p170,studio_F1.wav,0.411598639455782,0.0,False
amdf_pitch_spectral_p170,studio_F1.wav,0.421598639455782,0.0,False
amdf_pitch_spectral_p170,studio_F1.wav,0.431598639455782,0.0,False
amdf_pitch_spectral_p170,studio_F1.wav,0.441598639455782,0.0,False
amdf_pitch_spectral_p170,studio_F1.wav,0.451598639455782,0.0,False
amdf_pitch_spectral_p170,studio_F1.wav,0.461598639455782,0.0,False
amdf_pitch_spectral_p170,studio_F1.wav,0.471598639455782,0.0,False
amdf_pitch_spectral_p170,studio_F1.wav,0.481598639455782,0.0,False
amdf_pitch_spectral_p170,studio_F1.wav,0.491598639455782,0.0,False
amdf_pitch_spectral_p170,studio_F1.wav,0.501598639455782,0.0,False
amdf_pitch_spectral_p170,studio_F1.wav,0.511598639455782,0.0,False
amdf_pitch_spectral_p170,studio_F1.wav,0.521598639455782,0.0,False
amdf_pitch_spectral_p170,studio_F1.wav,0.531598639455782,0.0,False
amdf_pitch_spectral_p170,studio_F1.wav,0.541598639455782,0.0,False
amdf_pitch_spectral_p170,studio_F1.wav,0.551598639455782,0.0,False
amdf_pitch_spectral_p170,studio_F1.wav,0.561598639455782,0.0,False
amdf_pitch_spectral_p170,studio_F1.wav,0.571598639455782,0.0,False
amdf_pitch_spectral_p170,studio_F1.wav,0.581598639455782,0.0,False
amdf_pitch_spectral_p170,studio_F1.wav,0.591598639455782,0.0,False
amdf_pitch_spectral_p170,studio_F1.wav,0.601598639455782,0.0,False
amdf_pitch_spectral_p170,studio_F1.wav,0.611598639455782,0.0,False
amdf_pitch_spectral_p170,studio_F1.wav,0.621598639455782,0.0,False
amdf_pitch_spectral_p170,studio_F1.wav,0.631598639455782,0.0,False
amdf_pitch_spectral_p170,studio_F1.wav,0.641598639455782,0.0,False
amdf_pitch_spectral_p170,studio_F1.wav,0.651598639455782,0.0,False
amdf_pitch_spectral_p170,studio_F1.wav,0.661598639455782,0.0,False
amdf_pitch_spectral_p170,studio_F1.wav,0.671598639455782,0.0,False
amdf_pitch_spectral_p170,studio_F1.wav,0.681598639455782,0.0,False
amdf_pitch_spectral_p170,studio_F1.wav,0.691598639455782,267.5060844537619,True
amdf_pitch_spectral_p170,studio_F1.wav,0.701598639455782,270.32276451967675,True
amdf_pitch_spectral_p170,studio_F1.wav,0.711598639455782,269.66510319485417,True
amdf_pitch_spectral_p170,studio_F1.wav,0.721598639455782,266.1752077688139,True
amdf_pitch_spectral_p170,studio_F1.wav,0.731598639455782,263.2864516157925,True
amdf_pitch_spectral_p170,studio_F1.wav,0.741598639455782,258.80192648602326,True
amdf_pitch_spectral_p170,studio_F1.wav,0.751598639455782,257.42014631122674,True
amdf_pitch_spectral_p170,studio_F1.wav,0.761598639455782,257.41559777512094,True
amdf_pitch_spectral_p170,studio_F1.wav,0.771598639455782,240.9420660042284,True
amdf_pitch_spectral_p170,studio_F1.wav,0.781598639455782,240.94538914797954,True
amdf_pitch_spectral_p170,studio_F1.wav,0.791598639455782,243.9053932223786,True
amdf_pitch_spectral_p170,studio_F1.wav,0.801598639455782,246.74266973620604,True
amdf_pitch_spectral_p170,studio_F1.wav,0.811598639455782,247.07464504240954,True
amdf_pitch_spectral_p170,studio_F1.wav,0.821598639455782,246.92581032329844,True
amdf_pitch_spectral_p170,studio_F1.wav,0.831598639455782,246.3420669267753,True
amdf_pitch_spectral_p170,studio_F1.wav,0.841598639455782,245.6760904113571,True
amdf_pitch_spectral_p170,studio_F1.wav,0.851598639455782,244.90859734933616,True
amdf_pitch_spectral_p170,studio_F1.wav,0.861598639455782,244.1057581966675,True
amdf_pitch_spectral_p170,studio_F1.wav,0.871598639455782,242.71251683282026,True
amdf_pitch_spectral_p170,studio_F1.wav,0.881598639455782,241.27189088732797,True
amdf_pitch_spectral_p170,studio_F1.wav,0.891598639455782,239.84309884802784,True
amdf_pitch_spectral_p170,studio_F1.wav,0.901598639455782,236.65466148775428,True
amdf_pitch_spectral_p170,studio_F1.wav,0.911598639455782,225.40466131357363,True
amdf_pitch_spectral_p170,studio_F1.wav,0.921598639455782,224.21121881346272,True
amdf_pitch_spectral_p170,studio_F1.wav,0.931598639455782,225.97733504832652,True
amdf_pitch_spectral_p170,studio_F1.wav,0.941598639455782,232.5269220699965,True
amdf_pitch_spectral_p170,studio_F1.wav,0.951598639455782,249.72736402219255,True
amdf_pitch_spectral_p170,studio_F1.wav,0.961598639455782,252.03228493805648,True
amdf_pitch_spectral_p170,studio_F1.wav,0.971598639455782,253.4812561444147,True
amdf_pitch_spectral_p170,studio_F1.wav,0.981598639455782,253.09358238234074,True
amdf_pitch_spectral_p170,studio_F1.wav,0.991598639455782,249.4762694603681,True
amdf_pitch_spectral_p170,studio_F1.wav,1.001598639455782,242.64253566618663,True
amdf_pitch_spectral_p170,studio_F1.wav,1.011598639455782,274.04497490874263,True
amdf_pitch_spectral_p170,studio_F1.wav,1.021598639455782,279.71453277999024,True
amdf_pitch_spectral_p170,studio_F1.wav,1.031598639455782,283.5516772294992,True
amdf_pitch_spectral_p170,studio_F1.wav,1.041598639455782,289.46359570115385,True
amdf_pitch_spectral_p170,studio_F1.wav,1.051598639455782,291.65569647097556,True
amdf_pitch_spectral_p170,studio_F1.wav,1.061598639455782,292.63136328182793,True
amdf_pitch_spectral_p170,studio_F1.wav,1.071598639455782,293.3098756380308,True
amdf_pitch_spectral_p170,studio_F1.wav,1.081598639455782,279.28406850378127,True
amdf_pitch_spectral_p170,studio_F1.wav,1.091598639455782,0.0,False
amdf_pitch_spectral_p170,studio_F1.wav,1.101598639455782,0.0,False
amdf_pitch_spectral_p170,studio_F1.wav,1.111598639455782,0.0,False
amdf_pitch_spectral_p170,studio_F1.wav,1.121598639455782,321.18224395272114,True
amdf_pitch_spectral_p170,studio_F1.wav,1.131598639455782,278.9792586559647,True
amdf_pitch_spectral_p170,studio_F1.wav,1.141598639455782,268.23850554211623,True
amdf_pitch_spectral_p170,studio_F1.wav,1.151598639455782,252.1475689786541,True
amdf_pitch_spectral_p170,studio_F1.wav,1.161598639455782,249.5751153141194,True
amdf_pitch_spectral_p170,studio_F1.wav,1.171598639455782,245.80880137465712,True
amdf_pitch_spectral_p170,studio_F1.wav,1.181598639455782,244.89698910430837,True
amdf_pitch_spectral_p170,studio_F1.wav,1.191598639455782,245.38759658677031,True
amdf_pitch_spectral_p170,studio_F1.wav,1.201598639455782,220.87762663814013,True
amdf_pitch_spectral_p170,studio_F1.wav,1.211598639455782,0.0,False
amdf_pitch_spectral_p170,studio_F1.wav,1.221598639455782,0.0,False
amdf_pitch_spectral_p170,studio_F1.wav,1.231598639455782,0.0,False
amdf_pitch_spectral_p170,studio_F1.wav,1.241598639455782,0.0,False
amdf_pitch_spectral_p170,studio_F1.wav,1.251598639455782,0.0,False
amdf_pitch_spectral_p170,studio_F1.wav,1.261598639455782,308.1821430057199,True
amdf_pitch_spectral_p170,studio_F1.wav,1.271598639455782,314.5706853049979,True
amdf_pitch_spectral_p170,studio_F1.wav,1.281598639455782,318.015314330092,True
amdf_pitch_spectral_p170,studio_F1.wav,1.291598639455782,317.2520662471943,True
amdf_pitch_spectral_p170,studio_F1.wav,1.301598639455782,314.20820986932887,True
amdf_pitch_spectral_p170,studio_F1.wav,1.311598639455782,308.52948338812,True
amdf_pitch_spectral_p170,studio_F1.wav,1.321598639455782,299.3234027886517,True
amdf_pitch_spectral_p170,studio_F1.wav,1.331598639455782,283.26227542950727,True
amdf_pitch_spectral_p170,studio_F1.wav,1.341598639455782,269.570767136087,True
amdf_pitch_spectral_p170,studio_F1.wav,1.351598639455782,237.92670013780378,True
amdf_pitch_spectral_p170,studio_F1.wav,1.361598639455782,231.25778937834414,True
amdf_pitch_spectral_p170,studio_F1.wav,1.371598639455782,219.352505317975,True
amdf_pitch_spectral_p170,studio_F1.wav,1.381598639455782,211.29643710622096,True
amdf_pitch_spectral_p170,studio_F1.wav,1.391598639455782,203.69781603186195,True
amdf_pitch_spectral_p170,studio_F1.wav,1.401598639455782,199.20584124130144,True
amdf_pitch_spectral_p170,studio_F1.wav,1.411598639455782,196.22273845904638,True
amdf_pitch_spectral_p170,studio_F1.wav,1.421598639455782,196.78351302214244,True
amdf_pitch_spectral_p170,studio_F1.wav,1.431598639455782,199.93875714944335,True
amdf_pitch_spectral_p170,studio_F1.wav,1.441598639455782,203.41331540898952,True
amdf_pitch_spectral_p170,studio_F1.wav,1.451598639455782,205.3263624496444,True
amdf_pitch_spectral_p170,studio_F1.wav,1.461598639455782,208.02156453155297,True
amdf_pitch_spectral_p170,studio_F1.wav,1.471598639455782,211.58074132129664,True
amdf_pitch_spectral_p170,studio_F1.wav,1.481598639455782,214.89473653717147,True
amdf_pitch_spectral_p170,studio_F1.wav,1.491598639455782,218.39940722495942,True
amdf_pitch_spectral_p170,studio_F1.wav,1.501598639455782,217.4159720712275,True
amdf_pitch_spectral_p170,studio_F1.wav,1.511598639455782,215.17091593375267,True
amdf_pitch_spectral_p170,studio_F1.wav,1.521598639455782,212.3582124523553,True
amdf_pitch_spectral_p170,studio_F1.wav,1.531598639455782,209.6352388297692,True
amdf_pitch_spectral_p170,studio_F1.wav,1.541598639455782,206.5260050239633,True
amdf_pitch_spectral_p170,studio_F1.wav,1.551598639455782,203.38138116978837,True
amdf_pitch_spectral_p170,studio_F1.wav,1.561598639455782,201.38250321865874,True
amdf_pitch_spectral_p170,studio_F1.wav,1.571598639455782,199.45596095313942,True
amdf_pitch_spectral_p170,studio_F1.wav,1.581598639455782,198.25629326224464,True
amdf_pitch_spectral_p170,studio_F1.wav,1.591598639455782,197.32480005347688,True
amdf_pitch_spectral_p170,studio_F1.wav,1.601598639455782,196.58838554774283,True
amdf_pitch_spectral_p170,studio_F1.wav,1.611598639455782,196.20211308022616,True
amdf_pitch_spectral_p170,studio_F1.wav,1.621598639455782,196.11217466719336,True
amdf_pitch_spectral_p170,studio_F1.wav,1.631598639455782,190.99517030133296,True
amdf_pitch_spectral_p170,studio_F1.wav,1.641598639455782,178.86944156793584,True
amdf_pitch_spectral_p170,studio_F1.wav,1.651598639455782,0.0,False
amdf_pitch_spectral_p170,studio_F1.wav,1.661598639455782,0.0,False
amdf_pitch_spectral_p170,studio_F1.wav,1.671598639455782,0.0,False
amdf_pitch_spectral_p170,studio_F1.wav,1.681598639455782,0.0,False
amdf_pitch_spectral_p170,studio_F1.wav,1.691598639455782,0.0,False
amdf_pitch_spectral_p170,studio_F1.wav,1.701598639455782,245.4914167330512,True
amdf_pitch_spectral_p170,studio_F1.wav,1.711598639455782,237.29963157522133,True
amdf_pitch_spectral_p170,studio_F1.wav,1.721598639455782,231.88539336160213,True
amdf_pitch_spectral_p170,studio_F1.wav,1.731598639455782,227.1999650070932,True
amdf_pitch_spectral_p170,studio_F1.wav,1.741598639455782,224.0331229204067,True
amdf_pitch_spectral_p170,studio_F1.wav,1.751598639455782,221.59534640375045,True
amdf_pitch_spectral_p170,studio_F1.wav,1.761598639455782,0.0,False
amdf_pitch_spectral_p170,studio_F1.wav,1.771598639455782,0.0,False
amdf_pitch_spectral_p170,studio_F1.wav,1.781598639455782,0.0,False
amdf_pitch_spectral_p170,studio_F1.wav,1.791598639455782,0.0,False
amdf_pitch_spectral_p170,studio_F1.wav,1.801598639455782,176.34312422052278,True
amdf_pitch_spectral_p170,studio_F1.wav,1.811598639455782,187.09427849439066,True
amdf_pitch_spectral_p170,studio_F1.wav,1.821598639455782,190.33745692836735,True
amdf_pitch_spectral_p170,studio_F1.wav,1.831598639455782,197.79447299533,True
amdf_pitch_spectral_p170,studio_F1.wav,1.841598639455782,191.27591505923297,True
amdf_pitch_spectral_p170,studio_F1.wav,1.851598639455782,0.0,False
amdf_pitch_spectral_p170,studio_F1.wav,1.861598639455782,0.0,False
amdf_pitch_spectral_p170,studio_F1.wav,1.871598639455782,0.0,False
amdf_pitch_spectral_p170,studio_F1.wav,1.881598639455782,0.0,False
amdf_pitch_spectral_p170,studio_F1.wav,1.891598639455782,0.0,False
amdf_pitch_spectral_p170,studio_F1.wav,1.901598639455782,0.0,False
amdf_pitch_spectral_p170,studio_F1.wav,1.911598639455782,267.197918696294,True
amdf_pitch_spectral_p170,studio_F1.wav,1.921598639455782,224.60221173953357,True
amdf_pitch_spectral_p170,studio_F1.wav,1.931598639455782,216.43129333935636,True
amdf_pitch_spectral_p170,studio_F1.wav,1.941598639455782,211.7000252917107,True
amdf_pitch_spectral_p170,studio_F1.wav,1.951598639455782,208.84562037950187,True
amdf_pitch_spectral_p170,studio_F1.wav,1.961598639455782,207.70803645322337,True
amdf_pitch_spectral_p170,studio_F1.wav,1.971598639455782,205.97690672920066,True
amdf_pitch_spectral_p170,studio_F1.wav,1.981598639455782,203.5498654983114,True
amdf_pitch_spectral_p170,studio_F1.wav,1.991598639455782,200.96632474444345,True
amdf_pitch_spectral_p170,studio_F1.wav,2.001598639455782,199.60602113491097,True
amdf_pitch_spectral_p170,studio_F1.wav,2.011598639455782,198.4477931666042,True
amdf_pitch_spectral_p170,studio_F1.wav,2.021598639455782,196.58039772518507,True
amdf_pitch_spectral_p170,studio_F1.wav,2.031598639455782,195.41573853651133,True
amdf_pitch_spectral_p170,studio_F1.wav,2.041598639455782,194.18482302698987,True
amdf_pitch_spectral_p170,studio_F1.wav,2.051598639455782,191.7359907355383,True
amdf_pitch_spectral_p170,studio_F1.wav,2.061598639455782,189.98676142003754,True
amdf_pitch_spectral_p170,studio_F1.wav,2.071598639455782,189.81978498290732,True
amdf_pitch_spectral_p170,studio_F1.wav,2.081598639455782,188.14419626641987,True
amdf_pitch_spectral_p170,studio_F1.wav,2.091598639455782,186.99379165516876,True
amdf_pitch_spectral_p170,studio_F1.wav,2.101598639455782,185.80014905516856,True
amdf_pitch_spectral_p170,studio_F1.wav,2.111598639455782,183.00014676031824,True
amdf_pitch_spectral_p170,studio_F1.wav,2.121598639455782,180.09774303994487,True
amdf_pitch_spectral_p170,studio_F1.wav,2.131598639455782,176.43815174279104,True
amdf_pitch_spectral_p170,studio_F1.wav,2.141598639455782,165.72305278328858,True
amdf_pitch_spectral_p170,studio_F1.wav,2.151598639455782,0.0,False
amdf_pitch_spectral_p170,studio_F1.wav,2.161598639455782,0.0,False
amdf_pitch_spectral_p170,studio_F1.wav,2.171598639455782,0.0,False
amdf_pitch_spectral_p170,studio_F1.wav,2.181598639455782,0.0,False
amdf_pitch_spectral_p170,studio_F1.wav,2.191598639455782,0.0,False
amdf_pitch_spectral_p170,studio_F1.wav,2.201598639455782,0.0,False
amdf_pitch_spectral_p170,studio_F1.wav,2.211598639455782,0.0,False
amdf_pitch_spectral_p170,studio_F1.wav,2.221598639455782,0.0,False
amdf_pitch_spectral_p170,studio_F1.wav,2.231598639455782,0.0,False
amdf_pitch_spectral_p170,studio_F1.wav,2.241598639455782,0.0,False
amdf_pitch_spectral_p170,studio_F1.wav,2.251598639455782,0.0,False
amdf_pitch_spectral_p170,studio_F1.wav,2.261598639455782,0.0,False
amdf_pitch_spectral_p170,studio_F1.wav,2.271598639455782,0.0,False
amdf_pitch_spectral_p170,studio_F1.wav,2.281598639455782,0.0,False
amdf_pitch_spectral_p170,studio_F1.wav,2.291598639455782,0.0,False
amdf_pitch_spectral_p170,studio_F1.wav,2.301598639455782,0.0,False
amdf_pitch_spectral_p170,studio_F1.wav,2.311598639455782,0.0,False
amdf_pitch_spectral_p170,studio_F1.wav,2.321598639455782,0.0,False
amdf_pitch_spectral_p170,studio_F1.wav,2.331598639455782,0.0,False
amdf_pitch_spectral_p170,studio_F1.wav,2.341598639455782,0.0,False
amdf_pitch_spectral_p170,studio_F1.wav,2.351598639455782,0.0,False
amdf_pitch_spectral_p170,studio_F1.wav,2.361598639455782,0.0,False
amdf_pitch_spectral_p170,studio_F1.wav,2.371598639455782,0.0,False
amdf_pitch_spectral_p170,studio_F1.wav,2.381598639455782,0.0,False
amdf_pitch_spectral_p170,studio_F1.wav,2.391598639455782,0.0,False
amdf_pitch_spectral_p170,studio_F1.wav,2.401598639455782,0.0,False
amdf_pitch_spectral_p170,studio_F1.wav,2.411598639455782,0.0,False
amdf_pitch_spectral_p170,studio_F1.wav,2.421598639455782,0.0,False
amdf_pitch_spectral_p170,studio_F1.wav,2.431598639455782,0.0,False
amdf_pitch_spectral_p170,studio_F1.wav,2.441598639455782,0.0,False
amdf_pitch_spectral_p170,studio_F1.wav,2.451598639455782,0.0,False
amdf_pitch_spectral_p170,studio_F1.wav,2.461598639455782,0.0,False
amdf_pitch_spectral_p170,studio_F1.wav,2.471598639455782,0.0,False
amdf_pitch_spectral_p170,studio_F1.wav,2.481598639455782,0.0,False
amdf_pitch_spectral_p170,studio_F1.wav,2.491598639455782,0.0,False
amdf_pitch_spectral_p170,studio_F1.wav,2.501598639455782,0.0,False
amdf_pitch_spectral_p170,studio_F1.wav,2.511598639455782,0.0,False
amdf_pitch_spectral_p170,studio_F1.wav,2.521598639455782,0.0,False
amdf_pitch_spectral_p170,studio_F1.wav,2.531598639455782,0.0,False
amdf_pitch_spectral_p170,studio_F1.wav,2.541598639455782,0.0,False
amdf_pitch_spectral_p170,studio_F1.wav,2.551598639455782,0.0,False
amdf_pitch_spectral_p170,studio_F1.wav,2.561598639455782,0.0,False
amdf_pitch_spectral_p170,studio_F1.wav,2.571598639455782,0.0,False
amdf_pitch_spectral_p170,studio_F1.wav,2.581598639455782,0.0,False
amdf_pitch_spectral_p170,studio_F1.wav,2.591598639455782,0.0,False
amdf_pitch_spectral_p170,studio_F1.wav,2.601598639455782,0.0,False
amdf_pitch_spectral_p170,studio_F1.wav,2.611598639455782,0.0,False
amdf_pitch_spectral_p170,studio_F1.wav,2.621598639455782,0.0,False
amdf_pitch_spectral_p170,studio_F1.wav,2.631598639455782,0.0,False
amdf_pitch_spectral_p170,studio_F1.wav,2.641598639455782,0.0,False
amdf_pitch_spectral_p170,studio_F1.wav,2.651598639455782,0.0,False
amdf_pitch_spectral_p170,studio_F1.wav,2.661598639455782,0.0,False
amdf_pitch_spectral_p170,studio_F1.wav,2.671598639455782,0.0,False
amdf_pitch_spectral_p170,studio_F1.wav,2.681598639455782,0.0,False
amdf_pitch_spectral_p170,studio_F1.wav,2.691598639455782,0.0,False
amdf_pitch_spectral_p170,studio_F1.wav,2.701598639455782,0.0,False
amdf_pitch_spectral_p170,studio_F1.wav,2.711598639455782,0.0,False
amdf_pitch_spectral_p170,studio_F1.wav,2.721598639455782,0.0,False
amdf_pitch_spectral_p170,studio_F1.wav,2.731598639455782,0.0,False
amdf_pitch_spectral_p170,studio_F1.wav,2.741598639455782,0.0,False
amdf_pitch_spectral_p170,studio_F1.wav,2.751598639455782,0.0,False
amdf_pitch_spectral_p170,studio_F1.wav,2.761598639455782,0.0,False
amdf_pitch_spectral_p170,studio_F1.wav,2.771598639455782,0.0,False
amdf_pitch_spectral_p170,studio_F1.wav,2.781598639455782,0.0,False
amdf_pitch_spectral_p170,studio_F1.wav,2.791598639455782,0.0,False
amdf_pitch_spectral_p170,studio_F1.wav,2.801598639455782,0.0,False
amdf_pitch_spectral_p170,studio_F1.wav,2.811598639455782,0.0,False
amdf_pitch_spectral_p170,studio_F1.wav,2.821598639455782,0.0,False
amdf_pitch_spectral_p170,studio_F1.wav,2.831598639455782,0.0,False
amdf_pitch_spectral_p170,studio_F1.wav,2.841598639455782,0.0,False
amdf_pitch_spectral_p200,studio_F1.wav,0.021598639455782,0.0,False
amdf_pitch_spectral_p200,studio_F1.wav,0.031598639455782,0.0,False
amdf_pitch_spectral_p200,studio_F1.wav,0.041598639455782,0.0,False
amdf_pitch_spectral_p200,studio_F1.wav,0.051598639455782,0.0,False
amdf_pitch_spectral_p200,studio_F1.wav,0.061598639455782,0.0,False
amdf_pitch_spectral_p200,studio_F1.wav,0.071598639455782,0.0,False
amdf_pitch_spectral_p200,studio_F1.wav,0.081598639455782,0.0,False
amdf_pitch_spectral_p200,studio_F1.wav,0.091598639455782,0.0,False
amdf_pitch_spectral_p200,studio_F1.wav,0.101598639455782,0.0,False
amdf_pitch_spectral_p200,studio_F1.wav,0.111598639455782,0.0,False
amdf_pitch_spectral_p200,studio_F1.wav,0.121598639455782,0.0,False
amdf_pitch_spectral_p200,studio_F1.wav,0.131598639455782,0.0,False
amdf_pitch_spectral_p200,studio_F1.wav,0.141598639455782,0.0,False
amdf_pitch_spectral_p200,studio_F1.wav,0.151598639455782,0.0,False
amdf_pitch_spectral_p200,studio_F1.wav,0.161598639455782,0.0,False
amdf_pitch_spectral_p200,studio_F1.wav,0.171598639455782,0.0,False
amdf_pitch_spectral_p200,studio_F1.wav,0.181598639455782,0.0,False
amdf_pitch_spectral_p200,studio_F1.wav,0.191598639455782,0.0,False
amdf_pitch_spectral_p200,studio_F1.wav,0.201598639455782,0.0,False
amdf_pitch_spectral_p200,studio_F1.wav,0.211598639455782,0.0,False
amdf_pitch_spectral_p200,studio_F1.wav,0.221598639455782,0.0,False
amdf_pitch_spectral_p200,studio_F1.wav,0.231598639455782,0.0,False
amdf_pitch_spectral_p200,studio_F1.wav,0.241598639455782,0.0,False
amdf_pitch_spectral_p200,studio_F1.wav,0.251598639455782,0.0,False
amdf_pitch_spectral_p200,studio_F1.wav,0.261598639455782,0.0,False
amdf_pitch_spectral_p200,studio_F1.wav,0.271598639455782,0.0,False
amdf_pitch_spectral_p200,studio_F1.wav,0.281598639455782,0.0,False
amdf_pitch_spectral_p200,studio_F1.wav,0.291598639455782,0.0,False
amdf_pitch_spectral_p200,studio_F1.wav,0.301598639455782,0.0,False
amdf_pitch_spectral_p200,studio_F1.wav,0.311598639455782,0.0,False
amdf_pitch_spectral_p200,studio_F1.wav,0.321598639455782,0.0,False
amdf_pitch_spectral_p200,studio_F1.wav,0.331598639455782,0.0,False
amdf_pitch_spectral_p200,studio_F1.wav,0.341598639455782,0.0,False
amdf_pitch_spectral_p200,studio_F1.wav,0.351598639455782,0.0,False
amdf_pitch_spectral_p200,studio_F1.wav,0.361598639455782,0.0,False
amdf_pitch_spectral_p200,studio_F1.wav,0.371598639455782,0.0,False
amdf_pitch_spectral_p200,studio_F1.wav,0.381598639455782,0.0,False
amdf_pitch_spectral_p200,studio_F1.wav,0.391598639455782,0.0,False
amdf_pitch_spectral_p200,studio_F1.wav,0.401598639455782,0.0,False
amdf_pitch_spectral_p200,studio_F1.wav,0.411598639455782,0.0,False
amdf_pitch_spectral_p200,studio_F1.wav,0.421598639455782,0.0,False
amdf_pitch_spectral_p200,studio_F1.wav,0.431598639455782,0.0,False
amdf_pitch_spectral_p200,studio_F1.wav,0.441598639455782,0.0,False
amdf_pitch_spectral_p200,studio_F1.wav,0.451598639455782,0.0,False
amdf_pitch_spectral_p200,studio_F1.wav,0.461598639455782,0.0,False
amdf_pitch_spectral_p200,studio_F1.wav,0.471598639455782,0.0,False
amdf_pitch_spectral_p200,studio_F1.wav,0.481598639455782,0.0,False
amdf_pitch_spectral_p200,studio_F1.wav,0.491598639455782,0.0,False
amdf_pitch_spectral_p200,studio_F1.wav,0.501598639455782,0.0,False
amdf_pitch_spectral_p200,studio_F1.wav,0.511598639455782,0.0,False
amdf_pitch_spectral_p200,studio_F1.wav,0.521598639455782,0.0,False
amdf_pitch_spectral_p200,studio_F1.wav,0.531598639455782,0.0,False
amdf_pitch_spectral_p200,studio_F1.wav,0.541598639455782,0.0,False
amdf_pitch_spectral_p200,studio_F1.wav,0.551598639455782,0.0,False
amdf_pitch_spectral_p200,studio_F1.wav,0.561598639455782,0.0,False
amdf_pitch_spectral_p200,studio_F1.wav,0.571598639455782,0.0,False
amdf_pitch_spectral_p200,studio_F1.wav,0.581598639455782,0.0,False
amdf_pitch_spectral_p200,studio_F1.wav,0.591598639455782,0.0,False
amdf_pitch_spectral_p200,studio_F1.wav,0.601598639455782,0.0,False
amdf_pitch_spectral_p200,studio_F1.wav,0.611598639455782,0.0,False
amdf_pitch_spectral_p200,studio_F1.wav,0.621598639455782,0.0,False
amdf_pitch_spectral_p200,studio_F1.wav,0.631598639455782,0.0,False
amdf_pitch_spectral_p200,studio_F1.wav,0.641598639455782,0.0,False
amdf_pitch_spectral_p200,studio_F1.wav,0.651598639455782,0.0,False
amdf_pitch_spectral_p200,studio_F1.wav,0.661598639455782,0.0,False
amdf_pitch_spectral_p200,studio_F1.wav,0.671598639455782,0.0,False
amdf_pitch_spectral_p200,studio_F1.wav,0.681598639455782,0.0,False
amdf_pitch_spectral_p200,studio_F1.wav,0.691598639455782,267.5060844537619,True
amdf_pitch_spectral_p200,studio_F1.wav,0.701598639455782,270.32276451967675,True
amdf_pitch_spectral_p200,studio_F1.wav,0.711598639455782,269.66510319485417,True
amdf_pitch_spectral_p200,studio_F1.wav,0.721598639455782,266.1752077688139,True
amdf_pitch_spectral_p200,studio_F1.wav,0.731598639455782,263.2864516157925,True
amdf_pitch_spectral_p200,studio_F1.wav,0.741598639455782,258.80192648602326,True
amdf_pitch_spectral_p200,studio_F1.wav,0.751598639455782,257.42014631122674,True
amdf_pitch_spectral_p200,studio_F1.wav,0.761598639455782,257.41559777512094,True
amdf_pitch_spectral_p200,studio_F1.wav,0.771598639455782,240.9420660042284,True
amdf_pitch_spectral_p200,studio_F1.wav,0.781598639455782,240.94538914797954,True
amdf_pitch_spectral_p200,studio_F1.wav,0.791598639455782,243.9053932223786,True
amdf_pitch_spectral_p200,studio_F1.wav,0.801598639455782,246.74266973620604,True
amdf_pitch_spectral_p200,studio_F1.wav,0.811598639455782,247.07464504240954,True
amdf_pitch_spectral_p200,studio_F1.wav,0.821598639455782,246.92581032329844,True
amdf_pitch_spectral_p200,studio_F1.wav,0.831598639455782,246.3420669267753,True
amdf_pitch_spectral_p200,studio_F1.wav,0.841598639455782,245.6760904113571,True
amdf_pitch_spectral_p200,studio_F1.wav,0.851598639455782,244.90859734933616,True
amdf_pitch_spectral_p200,studio_F1.wav,0.861598639455782,244.1057581966675,True
amdf_pitch_spectral_p200,studio_F1.wav,0.871598639455782,242.71251683282026,True
amdf_pitch_spectral_p200,studio_F1.wav,0.881598639455782,241.27189088732797,True
amdf_pitch_spectral_p200,studio_F1.wav,0.891598639455782,239.84309884802784,True
amdf_pitch_spectral_p200,studio_F1.wav,0.901598639455782,236.65466148775428,True
amdf_pitch_spectral_p200,studio_F1.wav,0.911598639455782,225.40466131357363,True
amdf_pitch_spectral_p200,studio_F1.wav,0.921598639455782,224.21121881346272,True
amdf_pitch_spectral_p200,studio_F1.wav,0.931598639455782,225.97733504832652,True
amdf_pitch_spectral_p200,studio_F1.wav,0.941598639455782,232.5269220699965,True
amdf_pitch_spectral_p200,studio_F1.wav,0.951598639455782,249.72736402219255,True
amdf_pitch_spectral_p200,studio_F1.wav,0.961598639455782,252.03228493805648,True
amdf_pitch_spectral_p200,studio_F1.wav,0.971598639455782,253.4812561444147,True
amdf_pitch_spectral_p200,studio_F1.wav,0.981598639455782,253.09358238234074,True
amdf_pitch_spectral_p200,studio_F1.wav,0.991598639455782,249.4762694603681,True
amdf_pitch_spectral_p200,studio_F1.wav,1.001598639455782,242.64253566618663,True
amdf_pitch_spectral_p200,studio_F1.wav,1.011598639455782,274.04497490874263,True
amdf_pitch_spectral_p200,studio_F1.wav,1.021598639455782,279.71453277999024,True
amdf_pitch_spectral_p200,studio_F1.wav,1.031598639455782,283.5516772294992,True
amdf_pitch_spectral_p200,studio_F1.wav,1.041598639455782,289.46359570115385,True
amdf_pitch_spectral_p200,studio_F1.wav,1.051598639455782,291.65569647097556,True
amdf_pitch_spectral_p200,studio_F1.wav,1.061598639455782,292.63136328182793,True
amdf_pitch_spectral_p200,studio_F1.wav,1.071598639455782,293.3098756380308,True
amdf_pitch_spectral_p200,studio_F1.wav,1.081598639455782,279.28406850378127,True
amdf_pitch_spectral_p200,studio_F1.wav,1.091598639455782,0.0,False
amdf_pitch_spectral_p200,studio_F1.wav,1.101598639455782,0.0,False
amdf_pitch_spectral_p200,studio_F1.wav,1.111598639455782,0.0,False
amdf_pitch_spectral_p200,studio_F1.wav,1.121598639455782,321.18224395272114,True
amdf_pitch_spectral_p200,studio_F1.wav,1.131598639455782,278.9792586559647,True
amdf_pitch_spectral_p200,studio_F1.wav,1.141598639455782,268.23850554211623,True
amdf_pitch_spectral_p200,studio_F1.wav,1.151598639455782,252.1475689786541,True
amdf_pitch_spectral_p200,studio_F1.wav,1.161598639455782,249.5751153141194,True
amdf_pitch_spectral_p200,studio_F1.wav,1.171598639455782,245.80880137465712,True
amdf_pitch_spectral_p200,studio_F1.wav,1.181598639455782,244.89698910430837,True
amdf_pitch_spectral_p200,studio_F1.wav,1.191598639455782,245.38759658677031,True
amdf_pitch_spectral_p200,studio_F1.wav,1.201598639455782,220.87762663814013,True
amdf_pitch_spectral_p200,studio_F1.wav,1.211598639455782,0.0,False
amdf_pitch_spectral_p200,studio_F1.wav,1.221598639455782,0.0,False
amdf_pitch_spectral_p200,studio_F1.wav,1.231598639455782,0.0,False
amdf_pitch_spectral_p200,studio_F1.wav,1.241598639455782,0.0,False
amdf_pitch_spectral_p200,studio_F1.wav,1.251598639455782,0.0,False
amdf_pitch_spectral_p200,studio_F1.wav,1.261598639455782,308.1821430057199,True
amdf_pitch_spectral_p200,studio_F1.wav,1.271598639455782,314.5706853049979,True
amdf_pitch_spectral_p200,studio_F1.wav,1.281598639455782,318.015314330092,True
amdf_pitch_spectral_p200,studio_F1.wav,1.291598639455782,317.2520662471943,True
amdf_pitch_spectral_p200,studio_F1.wav,1.301598639455782,314.20820986932887,True
amdf_pitch_spectral_p200,studio_F1.wav,1.311598639455782,308.52948338812,True
amdf_pitch_spectral_p200,studio_F1.wav,1.321598639455782,299.3234027886517,True
amdf_pitch_spectral_p200,studio_F1.wav,1.331598639455782,283.26227542950727,True
amdf_pitch_spectral_p200,studio_F1.wav,1.341598639455782,269.570767136087,True
amdf_pitch_spectral_p200,studio_F1.wav,1.351598639455782,237.92670013780378,True
amdf_pitch_spectral_p200,studio_F1.wav,1.361598639455782,231.25778937834414,True
amdf_pitch_spectral_p200,studio_F1.wav,1.371598639455782,219.352505317975,True
amdf_pitch_spectral_p200,studio_F1.wav,1.381598639455782,211.29643710622096,True
amdf_pitch_spectral_p200,studio_F1.wav,1.391598639455782,203.69781603186195,True
amdf_pitch_spectral_p200,studio_F1.wav,1.401598639455782,199.20584124130144,True
amdf_pitch_spectral_p200,studio_F1.wav,1.411598639455782,196.22273845904638,True
amdf_pitch_spectral_p200,studio_F1.wav,1.421598639455782,193.42447321051577,True
amdf_pitch_spectral_p200,studio_F1.wav,1.431598639455782,199.93875714944335,True
amdf_pitch_spectral_p200,studio_F1.wav,1.441598639455782,203.41331540898952,True
amdf_pitch_spectral_p200,studio_F1.wav,1.451598639455782,205.3263624496444,True
amdf_pitch_spectral_p200,studio_F1.wav,1.461598639455782,208.02156453155297,True
amdf_pitch_spectral_p200,studio_F1.wav,1.471598639455782,211.58074132129664,True
amdf_pitch_spectral_p200,studio_F1.wav,1.481598639455782,214.89473653717147,True
amdf_pitch_spectral_p200,studio_F1.wav,1.491598639455782,218.39940722495942,True
amdf_pitch_spectral_p200,studio_F1.wav,1.501598639455782,217.4159720712275,True
amdf_pitch_spectral_p200,studio_F1.wav,1.511598639455782,215.17091593375267,True
amdf_pitch_spectral_p200,studio_F1.wav,1.521598639455782,212.3582124523553,True
amdf_pitch_spectral_p200,studio_F1.wav,1.531598639455782,209.6352388297692,True
amdf_pitch_spectral_p200,studio_F1.wav,1.541598639455782,206.5260050239633,True
amdf_pitch_spectral_p200,studio_F1.wav,1.551598639455782,203.38138116978837,True
amdf_pitch_spectral_p200,studio_F1.wav,1.561598639455782,199.18791200004995,True
amdf_pitch_spectral_p200,studio_F1.wav,1.571598639455782,199.45596095313942,True
amdf_pitch_spectral_p200,studio_F1.wav,1.581598639455782,199.162698703679,True
amdf_pitch_spectral_p200,studio_F1.wav,1.591598639455782,196.67674041369827,True
amdf_pitch_spectral_p200,studio_F1.wav,1.601598639455782,196.30736242908736,True
amdf_pitch_spectral_p200,studio_F1.wav,1.611598639455782,196.71418369400934,True
amdf_pitch_spectral_p200,studio_F1.wav,1.621598639455782,195.76891358046805,True
amdf_pitch_spectral_p200,studio_F1.wav,1.631598639455782,184.74160346097017,True
amdf_pitch_spectral_p200,studio_F1.wav,1.641598639455782,177.4657798641123,True
amdf_pitch_spectral_p200,studio_F1.wav,1.651598639455782,0.0,False
amdf_pitch_spectral_p200,studio_F1.wav,1.661598639455782,0.0,False
amdf_pitch_spectral_p200,studio_F1.wav,1.671598639455782,0.0,False
amdf_pitch_spectral_p200,studio_F1.wav,1.681598639455782,0.0,False
amdf_pitch_spectral_p200,studio_F1.wav,1.691598639455782,0.0,False
amdf_pitch_spectral_p200,studio_F1.wav,1.701598639455782,245.4914167330512,True
amdf_pitch_spectral_p200,studio_F1.wav,1.711598639455782,237.29963157522133,True
amdf_pitch_spectral_p200,studio_F1.wav,1.721598639455782,231.88539336160213,True
amdf_pitch_spectral_p200,studio_F1.wav,1.731598639455782,227.1999650070932,True
amdf_pitch_spectral_p200,studio_F1.wav,1.741598639455782,224.0331229204067,True
amdf_pitch_spectral_p200,studio_F1.wav,1.751598639455782,221.59534640375045,True
amdf_pitch_spectral_p200,studio_F1.wav,1.761598639455782,0.0,False
amdf_pitch_spectral_p200,studio_F1.wav,1.771598639455782,0.0,False
amdf_pitch_spectral_p200,studio_F1.wav,1.781598639455782,0.0,False
amdf_pitch_spectral_p200,studio_F1.wav,1.791598639455782,0.0,False
amdf_pitch_spectral_p200,studio_F1.wav,1.801598639455782,173.55031881778325,True
amdf_pitch_spectral_p200,studio_F1.wav,1.811598639455782,183.69648716073888,True
amdf_pitch_spectral_p200,studio_F1.wav,1.821598639455782,196.53636398911323,True
amdf_pitch_spectral_p200,studio_F1.wav,1.831598639455782,191.4518750866833,True
amdf_pitch_spectral_p200,studio_F1.wav,1.841598639455782,198.34479256062758,True
amdf_pitch_spectral_p200,studio_F1.wav,1.851598639455782,0.0,False
amdf_pitch_spectral_p200,studio_F1.wav,1.861598639455782,0.0,False
amdf_pitch_spectral_p200,studio_F1.wav,1.871598639455782,0.0,False
amdf_pitch_spectral_p200,studio_F1.wav,1.881598639455782,0.0,False
amdf_pitch_spectral_p200,studio_F1.wav,1.891598639455782,0.0,False
amdf_pitch_spectral_p200,studio_F1.wav,1.901598639455782,0.0,False
amdf_pitch_spectral_p200,studio_F1.wav,1.911598639455782,267.197918696294,True
amdf_pitch_spectral_p200,studio_F1.wav,1.921598639455782,224.60221173953357,True
amdf_pitch_spectral_p200,studio_F1.wav,1.931598639455782,216.43129333935636,True
amdf_pitch_spectral_p200,studio_F1.wav,1.941598639455782,211.7000252917107,True
amdf_pitch_spectral_p200,studio_F1.wav,1.951598639455782,208.84562037950187,True
amdf_pitch_spectral_p200,studio_F1.wav,1.961598639455782,207.70803645322337,True
amdf_pitch_spectral_p200,studio_F1.wav,1.971598639455782,205.97690672920066,True
amdf_pitch_spectral_p200,studio_F1.wav,1.981598639455782,203.5498654983114,True
amdf_pitch_spectral_p200,studio_F1.wav,1.991598639455782,200.96632474444345,True
amdf_pitch_spectral_p200,studio_F1.wav,2.001598639455782,199.60602113491097,True
amdf_pitch_spectral_p200,studio_F1.wav,2.011598639455782,198.4477931666042,True
amdf_pitch_spectral_p200,studio_F1.wav,2.021598639455782,196.58039772518507,True
amdf_pitch_spectral_p200,studio_F1.wav,2.031598639455782,195.41573853651133,True
amdf_pitch_spectral_p200,studio_F1.wav,2.041598639455782,194.18482302698987,True
amdf_pitch_spectral_p200,studio_F1.wav,2.051598639455782,191.7359907355383,True
amdf_pitch_spectral_p200,studio_F1.wav,2.061598639455782,189.98676142003754,True
amdf_pitch_spectral_p200,studio_F1.wav,2.071598639455782,189.81978498290732,True
amdf_pitch_spectral_p200,studio_F1.wav,2.081598639455782,187.98082513406948,True
amdf_pitch_spectral_p200,studio_F1.wav,2.091598639455782,187.07762081393045,True
amdf_pitch_spectral_p200,studio_F1.wav,2.101598639455782,185.8408677200369,True
amdf_pitch_spectral_p200,studio_F1.wav,2.111598639455782,182.7727923428059,True
amdf_pitch_spectral_p200,studio_F1.wav,2.121598639455782,177.26724352890662,True
amdf_pitch_spectral_p200,studio_F1.wav,2.131598639455782,174.15716170891923,True
amdf_pitch_spectral_p200,studio_F1.wav,2.141598639455782,165.72305278328858,True
amdf_pitch_spectral_p200,studio_F1.wav,2.151598639455782,0.0,False
amdf_pitch_spectral_p200,studio_F1.wav,2.161598639455782,0.0,False
amdf_pitch_spectral_p200,studio_F1.wav,2.171598639455782,0.0,False
amdf_pitch_spectral_p200,studio_F1.wav,2.181598639455782,0.0,False
amdf_pitch_spectral_p200,studio_F1.wav,2.191598639455782,0.0,False
amdf_pitch_spectral_p200,studio_F1.wav,2.201598639455782,0.0,False
amdf_pitch_spectral_p200,studio_F1.wav,2.211598639455782,0.0,False
amdf_pitch_spectral_p200,studio_F1.wav,2.221598639455782,0.0,False
amdf_pitch_spectral_p200,studio_F1.wav,2.231598639455782,0.0,False
amdf_pitch_spectral_p200,studio_F1.wav,2.241598639455782,0.0,False
amdf_pitch_spectral_p200,studio_F1.wav,2.251598639455782,0.0,False
amdf_pitch_spectral_p200,studio_F1.wav,2.261598639455782,0.0,False
amdf_pitch_spectral_p200,studio_F1.wav,2.271598639455782,0.0,False
amdf_pitch_spectral_p200,studio_F1.wav,2.281598639455782,0.0,False
amdf_pitch_spectral_p200,studio_F1.wav,2.291598639455782,0.0,False
amdf_pitch_spectral_p200,studio_F1.wav,2.301598639455782,0.0,False
amdf_pitch_spectral_p200,studio_F1.wav,2.311598639455782,0.0,False
amdf_pitch_spectral_p200,studio_F1.wav,2.321598639455782,0.0,False
amdf_pitch_spectral_p200,studio_F1.wav,2.331598639455782,0.0,False
amdf_pitch_spectral_p200,studio_F1.wav,2.341598639455782,0.0,False
amdf_pitch_spectral_p200,studio_F1.wav,2.351598639455782,0.0,False
amdf_pitch_spectral_p200,studio_F1.wav,2.361598639455782,0.0,False
amdf_pitch_spectral_p200,studio_F1.wav,2.371598639455782,0.0,False
amdf_pitch_spectral_p200,studio_F1.wav,2.381598639455782,0.0,False
amdf_pitch_spectral_p200,studio_F1.wav,2.391598639455782,0.0,False
amdf_pitch_spectral_p200,studio_F1.wav,2.401598639455782,0.0,False
amdf_pitch_spectral_p200,studio_F1.wav,2.411598639455782,0.0,False
amdf_pitch_spectral_p200,studio_F1.wav,2.421598639455782,0.0,False
amdf_pitch_spectral_p200,studio_F1.wav,2.431598639455782,0.0,False
amdf_pitch_spectral_p200,studio_F1.wav,2.441598639455782,0.0,False
amdf_pitch_spectral_p200,studio_F1.wav,2.451598639455782,0.0,False
amdf_pitch_spectral_p200,studio_F1.wav,2.461598639455782,0.0,False
amdf_pitch_spectral_p200,studio_F1.wav,2.471598639455782,0.0,False
amdf_pitch_spectral_p200,studio_F1.wav,2.481598639455782,0.0,False
amdf_pitch_spectral_p200,studio_F1.wav,2.491598639455782,0.0,False
amdf_pitch_spectral_p200,studio_F1.wav,2.501598639455782,0.0,False
amdf_pitch_spectral_p200,studio_F1.wav,2.511598639455782,0.0,False
amdf_pitch_spectral_p200,studio_F1.wav,2.521598639455782,0.0,False
amdf_pitch_spectral_p200,studio_F1.wav,2.531598639455782,0.0,False
amdf_pitch_spectral_p200,studio_F1.wav,2.541598639455782,0.0,False
amdf_pitch_spectral_p200,studio_F1.wav,2.551598639455782,0.0,False
amdf_pitch_spectral_p200,studio_F1.wav,2.561598639455782,0.0,False
amdf_pitch_spectral_p200,studio_F1.wav,2.571598639455782,0.0,False
amdf_pitch_spectral_p200,studio_F1.wav,2.581598639455782,0.0,False
amdf_pitch_spectral_p200,studio_F1.wav,2.591598639455782,0.0,False
amdf_pitch_spectral_p200,studio_F1.wav,2.601598639455782,0.0,False
amdf_pitch_spectral_p200,studio_F1.wav,2.611598639455782,0.0,False
amdf_pitch_spectral_p200,studio_F1.wav,2.621598639455782,0.0,False
amdf_pitch_spectral_p200,studio_F1.wav,2.631598639455782,0.0,False
amdf_pitch_spectral_p200,studio_F1.wav,2.641598639455782,0.0,False
amdf_pitch_spectral_p200,studio_F1.wav,2.651598639455782,0.0,False
amdf_pitch_spectral_p200,studio_F1.wav,2.661598639455782,0.0,False
amdf_pitch_spectral_p200,studio_F1.wav,2.671598639455782,0.0,False
amdf_pitch_spectral_p200,studio_F1.wav,2.681598639455782,0.0,False
amdf_pitch_spectral_p200,studio_F1.wav,2.691598639455782,0.0,False
amdf_pitch_spectral_p200,studio_F1.wav,2.701598639455782,0.0,False
amdf_pitch_spectral_p200,studio_F1.wav,2.711598639455782,0.0,False
amdf_pitch_spectral_p200,studio_F1.wav,2.721598639455782,0.0,False
amdf_pitch_spectral_p200,studio_F1.wav,2.731598639455782,0.0,False
amdf_pitch_spectral_p200,studio_F1.wav,2.741598639455782,0.0,False
amdf_pitch_spectral_p200,studio_F1.wav,2.751598639455782,0.0,False
amdf_pitch_spectral_p200,studio_F1.wav,2.761598639455782,0.0,False
amdf_pitch_spectral_p200,studio_F1.wav,2.771598639455782,0.0,False
amdf_pitch_spectral_p200,studio_F1.wav,2.781598639455782,0.0,False
amdf_pitch_spectral_p200,studio_F1.wav,2.791598639455782,0.0,False
amdf_pitch_spectral_p200,studio_F1.wav,2.801598639455782,0.0,False
amdf_pitch_spectral_p200,studio_F1.wav,2.811598639455782,0.0,False
amdf_pitch_spectral_p200,studio_F1.wav,2.821598639455782,0.0,False
amdf_pitch_spectral_p200,studio_F1.wav,2.831598639455782,0.0,False
amdf_pitch_spectral_p200,studio_F1.wav,2.841598639455782,0.0,False
praat7_filtered_v0.3,studio_M1.wav,0.025079365079365,0.0,False
praat7_filtered_v0.3,studio_M1.wav,0.035079365079365,0.0,False
praat7_filtered_v0.3,studio_M1.wav,0.045079365079365,0.0,False
praat7_filtered_v0.3,studio_M1.wav,0.055079365079365,0.0,False
praat7_filtered_v0.3,studio_M1.wav,0.065079365079365,0.0,False
praat7_filtered_v0.3,studio_M1.wav,0.075079365079365,0.0,False
praat7_filtered_v0.3,studio_M1.wav,0.085079365079365,0.0,False
praat7_filtered_v0.3,studio_M1.wav,0.095079365079365,0.0,False
praat7_filtered_v0.3,studio_M1.wav,0.105079365079365,0.0,False
praat7_filtered_v0.3,studio_M1.wav,0.115079365079365,0.0,False
praat7_filtered_v0.3,studio_M1.wav,0.125079365079365,0.0,False
praat7_filtered_v0.3,studio_M1.wav,0.135079365079365,0.0,False
praat7_filtered_v0.3,studio_M1.wav,0.145079365079365,0.0,False
praat7_filtered_v0.3,studio_M1.wav,0.155079365079365,0.0,False
praat7_filtered_v0.3,studio_M1.wav,0.165079365079365,0.0,False
praat7_filtered_v0.3,studio_M1.wav,0.175079365079365,0.0,False
praat7_filtered_v0.3,studio_M1.wav,0.185079365079365,0.0,False
praat7_filtered_v0.3,studio_M1.wav,0.195079365079365,0.0,False
praat7_filtered_v0.3,studio_M1.wav,0.205079365079365,0.0,False
praat7_filtered_v0.3,studio_M1.wav,0.215079365079365,0.0,False
praat7_filtered_v0.3,studio_M1.wav,0.225079365079365,0.0,False
praat7_filtered_v0.3,studio_M1.wav,0.235079365079365,0.0,False
praat7_filtered_v0.3,studio_M1.wav,0.245079365079365,0.0,False
praat7_filtered_v0.3,studio_M1.wav,0.255079365079365,0.0,False
praat7_filtered_v0.3,studio_M1.wav,0.265079365079365,0.0,False
praat7_filtered_v0.3,studio_M1.wav,0.275079365079365,0.0,False
praat7_filtered_v0.3,studio_M1.wav,0.285079365079365,0.0,False
praat7_filtered_v0.3,studio_M1.wav,0.295079365079365,0.0,False
praat7_filtered_v0.3,studio_M1.wav,0.305079365079365,0.0,False
praat7_filtered_v0.3,studio_M1.wav,0.315079365079365,0.0,False
praat7_filtered_v0.3,studio_M1.wav,0.325079365079365,0.0,False
praat7_filtered_v0.3,studio_M1.wav,0.335079365079365,0.0,False
praat7_filtered_v0.3,studio_M1.wav,0.345079365079365,0.0,False
praat7_filtered_v0.3,studio_M1.wav,0.355079365079365,0.0,False
praat7_filtered_v0.3,studio_M1.wav,0.365079365079365,0.0,False
praat7_filtered_v0.3,studio_M1.wav,0.375079365079365,0.0,False
praat7_filtered_v0.3,studio_M1.wav,0.385079365079365,0.0,False
praat7_filtered_v0.3,studio_M1.wav,0.395079365079365,0.0,False
praat7_filtered_v0.3,studio_M1.wav,0.405079365079365,0.0,False
praat7_filtered_v0.3,studio_M1.wav,0.415079365079365,0.0,False
praat7_filtered_v0.3,studio_M1.wav,0.425079365079365,0.0,False
praat7_filtered_v0.3,studio_M1.wav,0.435079365079365,0.0,False
praat7_filtered_v0.3,studio_M1.wav,0.445079365079365,0.0,False
praat7_filtered_v0.3,studio_M1.wav,0.455079365079365,0.0,False
praat7_filtered_v0.3,studio_M1.wav,0.465079365079365,0.0,False
praat7_filtered_v0.3,studio_M1.wav,0.475079365079365,0.0,False
praat7_filtered_v0.3,studio_M1.wav,0.485079365079365,0.0,False
praat7_filtered_v0.3,studio_M1.wav,0.495079365079365,0.0,False
praat7_filtered_v0.3,studio_M1.wav,0.505079365079365,0.0,False
praat7_filtered_v0.3,studio_M1.wav,0.515079365079365,0.0,False
praat7_filtered_v0.3,studio_M1.wav,0.525079365079365,0.0,False
praat7_filtered_v0.3,studio_M1.wav,0.535079365079365,0.0,False
praat7_filtered_v0.3,studio_M1.wav,0.545079365079365,0.0,False
praat7_filtered_v0.3,studio_M1.wav,0.555079365079365,0.0,False
praat7_filtered_v0.3,studio_M1.wav,0.565079365079365,0.0,False
praat7_filtered_v0.3,studio_M1.wav,0.575079365079365,0.0,False
praat7_filtered_v0.3,studio_M1.wav,0.585079365079365,0.0,False
praat7_filtered_v0.3,studio_M1.wav,0.595079365079365,0.0,False
praat7_filtered_v0.3,studio_M1.wav,0.605079365079365,0.0,False
praat7_filtered_v0.3,studio_M1.wav,0.615079365079365,0.0,False
praat7_filtered_v0.3,studio_M1.wav,0.625079365079365,0.0,False
praat7_filtered_v0.3,studio_M1.wav,0.635079365079365,0.0,False
praat7_filtered_v0.3,studio_M1.wav,0.645079365079365,0.0,False
praat7_filtered_v0.3,studio_M1.wav,0.655079365079365,0.0,False
praat7_filtered_v0.3,studio_M1.wav,0.665079365079365,0.0,False
praat7_filtered_v0.3,studio_M1.wav,0.675079365079365,0.0,False
praat7_filtered_v0.3,studio_M1.wav,0.685079365079365,0.0,False
praat7_filtered_v0.3,studio_M1.wav,0.695079365079365,0.0,False
praat7_filtered_v0.3,studio_M1.wav,0.705079365079365,0.0,False
praat7_filtered_v0.3,studio_M1.wav,0.715079365079365,0.0,False
praat7_filtered_v0.3,studio_M1.wav,0.725079365079365,0.0,False
praat7_filtered_v0.3,studio_M1.wav,0.735079365079365,0.0,False
praat7_filtered_v0.3,studio_M1.wav,0.745079365079365,0.0,False
praat7_filtered_v0.3,studio_M1.wav,0.755079365079365,0.0,False
praat7_filtered_v0.3,studio_M1.wav,0.765079365079365,0.0,False
praat7_filtered_v0.3,studio_M1.wav,0.775079365079365,0.0,False
praat7_filtered_v0.3,studio_M1.wav,0.785079365079365,0.0,False
praat7_filtered_v0.3,studio_M1.wav,0.795079365079365,0.0,False
praat7_filtered_v0.3,studio_M1.wav,0.805079365079365,0.0,False
praat7_filtered_v0.3,studio_M1.wav,0.815079365079365,0.0,False
praat7_filtered_v0.3,studio_M1.wav,0.825079365079365,0.0,False
praat7_filtered_v0.3,studio_M1.wav,0.835079365079365,0.0,False
praat7_filtered_v0.3,studio_M1.wav,0.845079365079365,0.0,False
praat7_filtered_v0.3,studio_M1.wav,0.855079365079365,0.0,False
praat7_filtered_v0.3,studio_M1.wav,0.865079365079365,0.0,False
praat7_filtered_v0.3,studio_M1.wav,0.875079365079365,0.0,False
praat7_filtered_v0.3,studio_M1.wav,0.885079365079365,0.0,False
praat7_filtered_v0.3,studio_M1.wav,0.895079365079365,0.0,False
praat7_filtered_v0.3,studio_M1.wav,0.905079365079365,0.0,False
praat7_filtered_v0.3,studio_M1.wav,0.915079365079365,0.0,False
praat7_filtered_v0.3,studio_M1.wav,0.925079365079365,153.7397190440944,True
praat7_filtered_v0.3,studio_M1.wav,0.935079365079365,140.99228560384873,True
praat7_filtered_v0.3,studio_M1.wav,0.945079365079365,138.34598524270967,True
praat7_filtered_v0.3,studio_M1.wav,0.955079365079365,135.33726354543603,True
praat7_filtered_v0.3,studio_M1.wav,0.965079365079365,133.42777124949885,True
praat7_filtered_v0.3,studio_M1.wav,0.975079365079365,132.85707754795953,True
praat7_filtered_v0.3,studio_M1.wav,0.985079365079365,131.8848710900044,True
praat7_filtered_v0.3,studio_M1.wav,0.995079365079365,127.83841380747629,True
praat7_filtered_v0.3,studio_M1.wav,1.005079365079365,123.73198702070793,True
praat7_filtered_v0.3,studio_M1.wav,1.015079365079365,121.22228418444496,True
praat7_filtered_v0.3,studio_M1.wav,1.025079365079365,119.81498337295372,True
praat7_filtered_v0.3,studio_M1.wav,1.035079365079365,118.93667991862785,True
praat7_filtered_v0.3,studio_M1.wav,1.045079365079365,118.48774715707792,True
praat7_filtered_v0.3,studio_M1.wav,1.055079365079365,118.48447716577068,True
praat7_filtered_v0.3,studio_M1.wav,1.065079365079365,117.38873584167033,True
praat7_filtered_v0.3,studio_M1.wav,1.075079365079365,115.68223451865332,True
praat7_filtered_v0.3,studio_M1.wav,1.085079365079365,117.04413296152784,True
praat7_filtered_v0.3,studio_M1.wav,1.095079365079365,126.10102279105092,True
praat7_filtered_v0.3,studio_M1.wav,1.105079365079365,130.65244919101653,True
praat7_filtered_v0.3,studio_M1.wav,1.115079365079365,132.74121558878502,True
praat7_filtered_v0.3,studio_M1.wav,1.125079365079365,135.35653486719156,True
praat7_filtered_v0.3,studio_M1.wav,1.135079365079365,136.2610538197067,True
praat7_filtered_v0.3,studio_M1.wav,1.145079365079365,139.22904309635635,True
praat7_filtered_v0.3,studio_M1.wav,1.155079365079365,140.23622896135063,True
praat7_filtered_v0.3,studio_M1.wav,1.165079365079365,134.41780382771864,True
praat7_filtered_v0.3,studio_M1.wav,1.175079365079365,142.08245746002424,True
praat7_filtered_v0.3,studio_M1.wav,1.185079365079365,0.0,False
praat7_filtered_v0.3,studio_M1.wav,1.195079365079365,0.0,False
praat7_filtered_v0.3,studio_M1.wav,1.205079365079365,165.6856068399136,True
praat7_filtered_v0.3,studio_M1.wav,1.215079365079365,164.6782677792912,True
praat7_filtered_v0.3,studio_M1.wav,1.225079365079365,170.6028851667022,True
praat7_filtered_v0.3,studio_M1.wav,1.235079365079365,174.05590908990618,True
praat7_filtered_v0.3,studio_M1.wav,1.245079365079365,174.75109435643918,True
praat7_filtered_v0.3,studio_M1.wav,1.255079365079365,173.77754969996147,True
praat7_filtered_v0.3,studio_M1.wav,1.265079365079365,171.84497639012298,True
praat7_filtered_v0.3,studio_M1.wav,1.275079365079365,0.0,False
praat7_filtered_v0.3,studio_M1.wav,1.285079365079365,0.0,False
praat7_filtered_v0.3,studio_M1.wav,1.295079365079365,0.0,False
praat7_filtered_v0.3,studio_M1.wav,1.305079365079365,0.0,False
praat7_filtered_v0.3,studio_M1.wav,1.315079365079365,0.0,False
praat7_filtered_v0.3,studio_M1.wav,1.325079365079365,170.40478146397152,True
praat7_filtered_v0.3,studio_M1.wav,1.335079365079365,158.82682011023843,True
praat7_filtered_v0.3,studio_M1.wav,1.345079365079365,145.24230143590069,True
praat7_filtered_v0.3,studio_M1.wav,1.355079365079365,134.96995912999708,True
praat7_filtered_v0.3,studio_M1.wav,1.365079365079365,123.90378968806128,True
praat7_filtered_v0.3,studio_M1.wav,1.375079365079365,116.28241233977874,True
praat7_filtered_v0.3,studio_M1.wav,1.385079365079365,109.58454522986344,True
praat7_filtered_v0.3,studio_M1.wav,1.395079365079365,104.3531428915982,True
praat7_filtered_v0.3,studio_M1.wav,1.405079365079365,101.65690566840384,True
praat7_filtered_v0.3,studio_M1.wav,1.415079365079365,100.09060217809989,True
praat7_filtered_v0.3,studio_M1.wav,1.425079365079365,99.45138695307377,True
praat7_filtered_v0.3,studio_M1.wav,1.435079365079365,95.03493169116759,True
praat7_filtered_v0.3,studio_M1.wav,1.445079365079365,92.22350336637545,True
praat7_filtered_v0.3,studio_M1.wav,1.455079365079365,93.61223672253406,True
praat7_filtered_v0.3,studio_M1.wav,1.465079365079365,93.85344948286938,True
praat7_filtered_v0.3,studio_M1.wav,1.475079365079365,94.95491765733568,True
praat7_filtered_v0.3,studio_M1.wav,1.485079365079365,96.38696936359821,True
praat7_filtered_v0.3,studio_M1.wav,1.495079365079365,98.63973809468943,True
praat7_filtered_v0.3,studio_M1.wav,1.505079365079365,97.96434946092737,True
praat7_filtered_v0.3,studio_M1.wav,1.515079365079365,96.3549129343733,True
praat7_filtered_v0.3,studio_M1.wav,1.525079365079365,95.4337883725896,True
praat7_filtered_v0.3,studio_M1.wav,1.535079365079365,94.81763881788096,True
praat7_filtered_v0.3,studio_M1.wav,1.545079365079365,92.63101727681745,True
praat7_filtered_v0.3,studio_M1.wav,1.555079365079365,89.89579097464804,True
praat7_filtered_v0.3,studio_M1.wav,1.565079365079365,91.81588925518146,True
praat7_filtered_v0.3,studio_M1.wav,1.575079365079365,92.58507576635574,True
praat7_filtered_v0.3,studio_M1.wav,1.585079365079365,0.0,False
praat7_filtered_v0.3,studio_M1.wav,1.595079365079365,0.0,False
praat7_filtered_v0.3,studio_M1.wav,1.605079365079365,0.0,False
praat7_filtered_v0.3,studio_M1.wav,1.615079365079365,0.0,False
praat7_filtered_v0.3,studio_M1.wav,1.625079365079365,0.0,False
praat7_filtered_v0.3,studio_M1.wav,1.635079365079365,0.0,False
praat7_filtered_v0.3,studio_M1.wav,1.645079365079365,0.0,False
praat7_filtered_v0.3,studio_M1.wav,1.655079365079365,0.0,False
praat7_filtered_v0.3,studio_M1.wav,1.665079365079365,118.88222277756208,True
praat7_filtered_v0.3,studio_M1.wav,1.675079365079365,107.9845924636583,True
praat7_filtered_v0.3,studio_M1.wav,1.685079365079365,94.33162371223011,True
praat7_filtered_v0.3,studio_M1.wav,1.695079365079365,92.58395497686345,True
praat7_filtered_v0.3,studio_M1.wav,1.705079365079365,0.0,False
praat7_filtered_v0.3,studio_M1.wav,1.715079365079365,0.0,False
praat7_filtered_v0.3,studio_M1.wav,1.725079365079365,0.0,False
praat7_filtered_v0.3,studio_M1.wav,1.735079365079365,0.0,False
praat7_filtered_v0.3,studio_M1.wav,1.745079365079365,0.0,False
praat7_filtered_v0.3,studio_M1.wav,1.755079365079365,0.0,False
praat7_filtered_v0.3,studio_M1.wav,1.765079365079365,0.0,False
praat7_filtered_v0.3,studio_M1.wav,1.775079365079365,0.0,False
praat7_filtered_v0.3,studio_M1.wav,1.785079365079365,0.0,False
praat7_filtered_v0.3,studio_M1.wav,1.795079365079365,0.0,False
praat7_filtered_v0.3,studio_M1.wav,1.805079365079365,0.0,False
praat7_filtered_v0.3,studio_M1.wav,1.815079365079365,0.0,False
praat7_filtered_v0.3,studio_M1.wav,1.825079365079365,0.0,False
praat7_filtered_v0.3,studio_M1.wav,1.835079365079365,112.53842750509781,True
praat7_filtered_v0.3,studio_M1.wav,1.845079365079365,105.52424392118894,True
praat7_filtered_v0.3,studio_M1.wav,1.855079365079365,103.8241898574414,True
praat7_filtered_v0.3,studio_M1.wav,1.865079365079365,102.2601509581586,True
praat7_filtered_v0.3,studio_M1.wav,1.875079365079365,101.10826787274118,True
praat7_filtered_v0.3,studio_M1.wav,1.885079365079365,100.32166163880125,True
praat7_filtered_v0.3,studio_M1.wav,1.895079365079365,99.48185684123713,True
praat7_filtered_v0.3,studio_M1.wav,1.905079365079365,98.96304389882312,True
praat7_filtered_v0.3,studio_M1.wav,1.915079365079365,98.12775720590824,True
praat7_filtered_v0.3,studio_M1.wav,1.925079365079365,97.67940701198052,True
praat7_filtered_v0.3,studio_M1.wav,1.935079365079365,96.71851553583414,True
praat7_filtered_v0.3,studio_M1.wav,1.945079365079365,95.17691231707698,True
praat7_filtered_v0.3,studio_M1.wav,1.955079365079365,94.19748387230733,True
praat7_filtered_v0.3,studio_M1.wav,1.965079365079365,93.42402590629837,True
praat7_filtered_v0.3,studio_M1.wav,1.975079365079365,92.95722730734637,True
praat7_filtered_v0.3,studio_M1.wav,1.985079365079365,92.45947143722236,True
praat7_filtered_v0.3,studio_M1.wav,1.995079365079365,91.4839478310013,True
praat7_filtered_v0.3,studio_M1.wav,2.005079365079365,90.62697041987218,True
praat7_filtered_v0.3,studio_M1.wav,2.015079365079365,89.55540446298771,True
praat7_filtered_v0.3,studio_M1.wav,2.025079365079365,88.94356189932952,True
praat7_filtered_v0.3,studio_M1.wav,2.035079365079365,87.57981882517002,True
praat7_filtered_v0.3,studio_M1.wav,2.045079365079365,90.16164138159368,True
praat7_filtered_v0.3,studio_M1.wav,2.055079365079366,0.0,False
praat7_filtered_v0.3,studio_M1.wav,2.065079365079365,0.0,False
praat7_filtered_v0.3,studio_M1.wav,2.075079365079365,0.0,False
praat7_filtered_v0.3,studio_M1.wav,2.085079365079365,0.0,False
praat7_filtered_v0.3,studio_M1.wav,2.095079365079365,0.0,False
praat7_filtered_v0.3,studio_M1.wav,2.105079365079365,0.0,False
praat7_filtered_v0.3,studio_M1.wav,2.115079365079365,0.0,False
praat7_filtered_v0.3,studio_M1.wav,2.125079365079365,0.0,False
praat7_filtered_v0.3,studio_M1.wav,2.135079365079365,0.0,False
praat7_filtered_v0.3,studio_M1.wav,2.145079365079365,0.0,False
praat7_filtered_v0.3,studio_M1.wav,2.155079365079365,0.0,False
praat7_filtered_v0.3,studio_M1.wav,2.165079365079365,0.0,False
praat7_filtered_v0.3,studio_M1.wav,2.175079365079365,0.0,False
praat7_filtered_v0.3,studio_M1.wav,2.185079365079365,0.0,False
praat7_filtered_v0.3,studio_M1.wav,2.195079365079365,0.0,False
praat7_filtered_v0.3,studio_M1.wav,2.205079365079365,0.0,False
praat7_filtered_v0.3,studio_M1.wav,2.215079365079365,0.0,False
praat7_filtered_v0.3,studio_M1.wav,2.225079365079365,0.0,False
praat7_filtered_v0.3,studio_M1.wav,2.235079365079365,0.0,False
praat7_filtered_v0.3,studio_M1.wav,2.245079365079365,0.0,False
praat7_filtered_v0.3,studio_M1.wav,2.255079365079365,0.0,False
praat7_filtered_v0.3,studio_M1.wav,2.265079365079365,0.0,False
praat7_filtered_v0.3,studio_M1.wav,2.275079365079365,0.0,False
praat7_filtered_v0.3,studio_M1.wav,2.285079365079365,0.0,False
praat7_filtered_v0.3,studio_M1.wav,2.295079365079365,0.0,False
praat7_filtered_v0.3,studio_M1.wav,2.305079365079366,0.0,False
praat7_filtered_v0.3,studio_M1.wav,2.315079365079365,0.0,False
praat7_filtered_v0.3,studio_M1.wav,2.325079365079366,0.0,False
praat7_filtered_v0.3,studio_M1.wav,2.335079365079365,0.0,False
praat7_filtered_v0.3,studio_M1.wav,2.345079365079365,0.0,False
praat7_filtered_v0.3,studio_M1.wav,2.355079365079365,0.0,False
praat7_filtered_v0.3,studio_M1.wav,2.365079365079365,0.0,False
praat7_filtered_v0.3,studio_M1.wav,2.375079365079365,0.0,False
praat7_filtered_v0.3,studio_M1.wav,2.385079365079365,0.0,False
praat7_filtered_v0.3,studio_M1.wav,2.395079365079365,0.0,False
praat7_filtered_v0.3,studio_M1.wav,2.405079365079365,0.0,False
praat7_filtered_v0.3,studio_M1.wav,2.415079365079365,0.0,False
praat7_filtered_v0.3,studio_M1.wav,2.425079365079365,0.0,False
praat7_filtered_v0.3,studio_M1.wav,2.435079365079365,0.0,False
praat7_filtered_v0.3,studio_M1.wav,2.445079365079365,0.0,False
praat7_filtered_v0.3,studio_M1.wav,2.455079365079365,0.0,False
praat7_filtered_v0.3,studio_M1.wav,2.465079365079365,0.0,False
praat7_filtered_v0.3,studio_M1.wav,2.475079365079365,0.0,False
praat7_filtered_v0.3,studio_M1.wav,2.485079365079365,0.0,False
praat7_filtered_v0.3,studio_M1.wav,2.495079365079365,0.0,False
praat7_filtered_v0.3,studio_M1.wav,2.505079365079365,0.0,False
praat7_filtered_v0.3,studio_M1.wav,2.515079365079365,0.0,False
praat7_filtered_v0.3,studio_M1.wav,2.525079365079365,0.0,False
praat7_filtered_v0.3,studio_M1.wav,2.535079365079365,0.0,False
praat7_filtered_v0.3,studio_M1.wav,2.545079365079365,0.0,False
praat7_filtered_v0.3,studio_M1.wav,2.555079365079366,0.0,False
praat7_filtered_v0.3,studio_M1.wav,2.565079365079365,0.0,False
praat7_filtered_v0.3,studio_M1.wav,2.575079365079366,0.0,False
praat7_filtered_v0.3,studio_M1.wav,2.585079365079365,0.0,False
praat7_filtered_v0.3,studio_M1.wav,2.595079365079365,0.0,False
praat7_filtered_v0.3,studio_M1.wav,2.605079365079365,0.0,False
praat7_filtered_v0.3,studio_M1.wav,2.615079365079365,0.0,False
praat7_filtered_v0.3,studio_M1.wav,2.625079365079365,0.0,False
praat7_filtered_v0.3,studio_M1.wav,2.635079365079365,0.0,False
praat7_filtered_v0.3,studio_M1.wav,2.645079365079365,0.0,False
praat7_filtered_v0.3,studio_M1.wav,2.655079365079365,0.0,False
praat7_filtered_v0.3,studio_M1.wav,2.665079365079365,0.0,False
praat7_filtered_v0.3,studio_M1.wav,2.675079365079365,0.0,False
praat7_filtered_v0.3,studio_M1.wav,2.685079365079365,0.0,False
praat7_filtered_v0.3,studio_M1.wav,2.695079365079365,0.0,False
praat7_filtered_v0.3,studio_M1.wav,2.705079365079365,0.0,False
amdf_anchor_w25_b200,studio_M1.wav,0.025079365079365,0.0,False
amdf_anchor_w25_b200,studio_M1.wav,0.035079365079365,0.0,False
amdf_anchor_w25_b200,studio_M1.wav,0.045079365079365,0.0,False
amdf_anchor_w25_b200,studio_M1.wav,0.055079365079365,0.0,False
amdf_anchor_w25_b200,studio_M1.wav,0.065079365079365,0.0,False
amdf_anchor_w25_b200,studio_M1.wav,0.075079365079365,0.0,False
amdf_anchor_w25_b200,studio_M1.wav,0.085079365079365,0.0,False
amdf_anchor_w25_b200,studio_M1.wav,0.095079365079365,0.0,False
amdf_anchor_w25_b200,studio_M1.wav,0.105079365079365,0.0,False
amdf_anchor_w25_b200,studio_M1.wav,0.115079365079365,0.0,False
amdf_anchor_w25_b200,studio_M1.wav,0.125079365079365,0.0,False
amdf_anchor_w25_b200,studio_M1.wav,0.135079365079365,0.0,False
amdf_anchor_w25_b200,studio_M1.wav,0.145079365079365,0.0,False
amdf_anchor_w25_b200,studio_M1.wav,0.155079365079365,0.0,False
amdf_anchor_w25_b200,studio_M1.wav,0.165079365079365,0.0,False
amdf_anchor_w25_b200,studio_M1.wav,0.175079365079365,0.0,False
amdf_anchor_w25_b200,studio_M1.wav,0.185079365079365,0.0,False
amdf_anchor_w25_b200,studio_M1.wav,0.195079365079365,0.0,False
amdf_anchor_w25_b200,studio_M1.wav,0.205079365079365,0.0,False
amdf_anchor_w25_b200,studio_M1.wav,0.215079365079365,0.0,False
amdf_anchor_w25_b200,studio_M1.wav,0.225079365079365,0.0,False
amdf_anchor_w25_b200,studio_M1.wav,0.235079365079365,0.0,False
amdf_anchor_w25_b200,studio_M1.wav,0.245079365079365,0.0,False
amdf_anchor_w25_b200,studio_M1.wav,0.255079365079365,0.0,False
amdf_anchor_w25_b200,studio_M1.wav,0.265079365079365,0.0,False
amdf_anchor_w25_b200,studio_M1.wav,0.275079365079365,0.0,False
amdf_anchor_w25_b200,studio_M1.wav,0.285079365079365,0.0,False
amdf_anchor_w25_b200,studio_M1.wav,0.295079365079365,0.0,False
amdf_anchor_w25_b200,studio_M1.wav,0.305079365079365,0.0,False
amdf_anchor_w25_b200,studio_M1.wav,0.315079365079365,0.0,False
amdf_anchor_w25_b200,studio_M1.wav,0.325079365079365,0.0,False
amdf_anchor_w25_b200,studio_M1.wav,0.335079365079365,0.0,False
amdf_anchor_w25_b200,studio_M1.wav,0.345079365079365,0.0,False
amdf_anchor_w25_b200,studio_M1.wav,0.355079365079365,0.0,False
amdf_anchor_w25_b200,studio_M1.wav,0.365079365079365,0.0,False
amdf_anchor_w25_b200,studio_M1.wav,0.375079365079365,0.0,False
amdf_anchor_w25_b200,studio_M1.wav,0.385079365079365,0.0,False
amdf_anchor_w25_b200,studio_M1.wav,0.395079365079365,0.0,False
amdf_anchor_w25_b200,studio_M1.wav,0.405079365079365,0.0,False
amdf_anchor_w25_b200,studio_M1.wav,0.415079365079365,0.0,False
amdf_anchor_w25_b200,studio_M1.wav,0.425079365079365,0.0,False
amdf_anchor_w25_b200,studio_M1.wav,0.435079365079365,0.0,False
amdf_anchor_w25_b200,studio_M1.wav,0.445079365079365,0.0,False
amdf_anchor_w25_b200,studio_M1.wav,0.455079365079365,0.0,False
amdf_anchor_w25_b200,studio_M1.wav,0.465079365079365,0.0,False
amdf_anchor_w25_b200,studio_M1.wav,0.475079365079365,0.0,False
amdf_anchor_w25_b200,studio_M1.wav,0.485079365079365,0.0,False
amdf_anchor_w25_b200,studio_M1.wav,0.495079365079365,0.0,False
amdf_anchor_w25_b200,studio_M1.wav,0.505079365079365,0.0,False
amdf_anchor_w25_b200,studio_M1.wav,0.515079365079365,0.0,False
amdf_anchor_w25_b200,studio_M1.wav,0.525079365079365,0.0,False
amdf_anchor_w25_b200,studio_M1.wav,0.535079365079365,0.0,False
amdf_anchor_w25_b200,studio_M1.wav,0.545079365079365,0.0,False
amdf_anchor_w25_b200,studio_M1.wav,0.555079365079365,0.0,False
amdf_anchor_w25_b200,studio_M1.wav,0.565079365079365,0.0,False
amdf_anchor_w25_b200,studio_M1.wav,0.575079365079365,0.0,False
amdf_anchor_w25_b200,studio_M1.wav,0.585079365079365,0.0,False
amdf_anchor_w25_b200,studio_M1.wav,0.595079365079365,0.0,False
amdf_anchor_w25_b200,studio_M1.wav,0.605079365079365,0.0,False
amdf_anchor_w25_b200,studio_M1.wav,0.615079365079365,0.0,False
amdf_anchor_w25_b200,studio_M1.wav,0.625079365079365,0.0,False
amdf_anchor_w25_b200,studio_M1.wav,0.635079365079365,0.0,False
amdf_anchor_w25_b200,studio_M1.wav,0.645079365079365,0.0,False
amdf_anchor_w25_b200,studio_M1.wav,0.655079365079365,0.0,False
amdf_anchor_w25_b200,studio_M1.wav,0.665079365079365,0.0,False
amdf_anchor_w25_b200,studio_M1.wav,0.675079365079365,0.0,False
amdf_anchor_w25_b200,studio_M1.wav,0.685079365079365,0.0,False
amdf_anchor_w25_b200,studio_M1.wav,0.695079365079365,0.0,False
amdf_anchor_w25_b200,studio_M1.wav,0.705079365079365,0.0,False
amdf_anchor_w25_b200,studio_M1.wav,0.715079365079365,0.0,False
amdf_anchor_w25_b200,studio_M1.wav,0.725079365079365,0.0,False
amdf_anchor_w25_b200,studio_M1.wav,0.735079365079365,0.0,False
amdf_anchor_w25_b200,studio_M1.wav,0.745079365079365,0.0,False
amdf_anchor_w25_b200,studio_M1.wav,0.755079365079365,0.0,False
amdf_anchor_w25_b200,studio_M1.wav,0.765079365079365,0.0,False
amdf_anchor_w25_b200,studio_M1.wav,0.775079365079365,0.0,False
amdf_anchor_w25_b200,studio_M1.wav,0.785079365079365,0.0,False
amdf_anchor_w25_b200,studio_M1.wav,0.795079365079365,0.0,False
amdf_anchor_w25_b200,studio_M1.wav,0.805079365079365,0.0,False
amdf_anchor_w25_b200,studio_M1.wav,0.815079365079365,0.0,False
amdf_anchor_w25_b200,studio_M1.wav,0.825079365079365,0.0,False
amdf_anchor_w25_b200,studio_M1.wav,0.835079365079365,0.0,False
amdf_anchor_w25_b200,studio_M1.wav,0.845079365079365,0.0,False
amdf_anchor_w25_b200,studio_M1.wav,0.855079365079365,0.0,False
amdf_anchor_w25_b200,studio_M1.wav,0.865079365079365,0.0,False
amdf_anchor_w25_b200,studio_M1.wav,0.875079365079365,0.0,False
amdf_anchor_w25_b200,studio_M1.wav,0.885079365079365,0.0,False
amdf_anchor_w25_b200,studio_M1.wav,0.895079365079365,0.0,False
amdf_anchor_w25_b200,studio_M1.wav,0.905079365079365,0.0,False
amdf_anchor_w25_b200,studio_M1.wav,0.915079365079365,0.0,False
amdf_anchor_w25_b200,studio_M1.wav,0.925079365079365,159.95183766823317,True
amdf_anchor_w25_b200,studio_M1.wav,0.935079365079365,137.78495633153034,True
amdf_anchor_w25_b200,studio_M1.wav,0.945079365079365,137.9939254439179,True
amdf_anchor_w25_b200,studio_M1.wav,0.955079365079365,135.83820705829027,True
amdf_anchor_w25_b200,studio_M1.wav,0.965079365079365,134.71451851848516,True
amdf_anchor_w25_b200,studio_M1.wav,0.975079365079365,133.98029363824944,True
amdf_anchor_w25_b200,studio_M1.wav,0.985079365079365,133.46994132071188,True
amdf_anchor_w25_b200,studio_M1.wav,0.995079365079365,124.0797711820343,True
amdf_anchor_w25_b200,studio_M1.wav,1.005079365079365,122.2838704545872,True
amdf_anchor_w25_b200,studio_M1.wav,1.015079365079365,120.90359598744406,True
amdf_anchor_w25_b200,studio_M1.wav,1.025079365079365,120.03250798879564,True
amdf_anchor_w25_b200,studio_M1.wav,1.035079365079365,119.24033332669657,True
amdf_anchor_w25_b200,studio_M1.wav,1.045079365079365,118.60426357053717,True
amdf_anchor_w25_b200,studio_M1.wav,1.055079365079365,118.55891140050744,True
amdf_anchor_w25_b200,studio_M1.wav,1.065079365079365,117.8037990950555,True
amdf_anchor_w25_b200,studio_M1.wav,1.075079365079365,116.57306439126317,True
amdf_anchor_w25_b200,studio_M1.wav,1.085079365079365,115.87137827020342,True
amdf_anchor_w25_b200,studio_M1.wav,1.095079365079365,126.65270865492722,True
amdf_anchor_w25_b200,studio_M1.wav,1.105079365079365,131.93868414238727,True
amdf_anchor_w25_b200,studio_M1.wav,1.115079365079365,133.1498350781403,True
amdf_anchor_w25_b200,studio_M1.wav,1.125079365079365,135.94006211419511,True
amdf_anchor_w25_b200,studio_M1.wav,1.135079365079365,136.1912925323943,True
amdf_anchor_w25_b200,studio_M1.wav,1.145079365079365,140.3718560982152,True
amdf_anchor_w25_b200,studio_M1.wav,1.155079365079365,141.70413690443849,True
amdf_anchor_w25_b200,studio_M1.wav,1.165079365079365,132.63190389640047,True
amdf_anchor_w25_b200,studio_M1.wav,1.175079365079365,144.50833550004884,True
amdf_anchor_w25_b200,studio_M1.wav,1.185079365079365,0.0,False
amdf_anchor_w25_b200,studio_M1.wav,1.195079365079365,0.0,False
amdf_anchor_w25_b200,studio_M1.wav,1.205079365079365,165.52808829747028,True
amdf_anchor_w25_b200,studio_M1.wav,1.215079365079365,164.53892754300972,True
amdf_anchor_w25_b200,studio_M1.wav,1.225079365079365,170.70669511256497,True
amdf_anchor_w25_b200,studio_M1.wav,1.235079365079365,174.7007487978347,True
amdf_anchor_w25_b200,studio_M1.wav,1.245079365079365,175.2776044621431,True
amdf_anchor_w25_b200,studio_M1.wav,1.255079365079365,174.88424869110855,True
amdf_anchor_w25_b200,studio_M1.wav,1.265079365079365,175.64123456795468,True
amdf_anchor_w25_b200,studio_M1.wav,1.275079365079365,0.0,False
amdf_anchor_w25_b200,studio_M1.wav,1.285079365079365,0.0,False
amdf_anchor_w25_b200,studio_M1.wav,1.295079365079365,0.0,False
amdf_anchor_w25_b200,studio_M1.wav,1.305079365079365,0.0,False
amdf_anchor_w25_b200,studio_M1.wav,1.315079365079365,0.0,False
amdf_anchor_w25_b200,studio_M1.wav,1.325079365079365,185.3347154244106,True
amdf_anchor_w25_b200,studio_M1.wav,1.335079365079365,166.53625063956414,True
amdf_anchor_w25_b200,studio_M1.wav,1.345079365079365,145.9312381835057,True
amdf_anchor_w25_b200,studio_M1.wav,1.355079365079365,136.02777090349298,True
amdf_anchor_w25_b200,studio_M1.wav,1.365079365079365,121.89567590433565,True
amdf_anchor_w25_b200,studio_M1.wav,1.375079365079365,116.69973329935608,True
amdf_anchor_w25_b200,studio_M1.wav,1.385079365079365,109.06910809148181,True
amdf_anchor_w25_b200,studio_M1.wav,1.395079365079365,103.12348356331653,True
amdf_anchor_w25_b200,studio_M1.wav,1.405079365079365,101.1621227312116,True
amdf_anchor_w25_b200,studio_M1.wav,1.415079365079365,99.64892412224458,True
amdf_anchor_w25_b200,studio_M1.wav,1.425079365079365,98.67900670131297,True
amdf_anchor_w25_b200,studio_M1.wav,1.435079365079365,98.73553988851084,True
amdf_anchor_w25_b200,studio_M1.wav,1.445079365079365,93.12112771223421,True
amdf_anchor_w25_b200,studio_M1.wav,1.455079365079365,93.79377490525252,True
amdf_anchor_w25_b200,studio_M1.wav,1.465079365079365,94.30820610225177,True
amdf_anchor_w25_b200,studio_M1.wav,1.475079365079365,94.9628507084039,True
amdf_anchor_w25_b200,studio_M1.wav,1.485079365079365,96.34706461367745,True
amdf_anchor_w25_b200,studio_M1.wav,1.495079365079365,99.59069989419754,True
amdf_anchor_w25_b200,studio_M1.wav,1.505079365079365,97.74055962159012,True
amdf_anchor_w25_b200,studio_M1.wav,1.515079365079365,96.61933543083578,True
amdf_anchor_w25_b200,studio_M1.wav,1.525079365079365,95.54695125968851,True
amdf_anchor_w25_b200,studio_M1.wav,1.535079365079365,94.801734878035,True
amdf_anchor_w25_b200,studio_M1.wav,1.545079365079365,93.97229263456889,True
amdf_anchor_w25_b200,studio_M1.wav,1.555079365079365,88.30935681874448,True
amdf_anchor_w25_b200,studio_M1.wav,1.565079365079365,91.1662168577219,True
amdf_anchor_w25_b200,studio_M1.wav,1.575079365079365,91.98469726177332,True
amdf_anchor_w25_b200,studio_M1.wav,1.585079365079365,0.0,False
amdf_anchor_w25_b200,studio_M1.wav,1.595079365079365,0.0,False
amdf_anchor_w25_b200,studio_M1.wav,1.605079365079365,0.0,False
amdf_anchor_w25_b200,studio_M1.wav,1.615079365079365,0.0,False
amdf_anchor_w25_b200,studio_M1.wav,1.625079365079365,0.0,False
amdf_anchor_w25_b200,studio_M1.wav,1.635079365079365,0.0,False
amdf_anchor_w25_b200,studio_M1.wav,1.645079365079365,0.0,False
amdf_anchor_w25_b200,studio_M1.wav,1.655079365079365,0.0,False
amdf_anchor_w25_b200,studio_M1.wav,1.665079365079365,119.63974996034403,True
amdf_anchor_w25_b200,studio_M1.wav,1.675079365079365,105.45611297648121,True
amdf_anchor_w25_b200,studio_M1.wav,1.685079365079365,92.98526401148821,True
amdf_anchor_w25_b200,studio_M1.wav,1.695079365079365,91.45563662085992,True
amdf_anchor_w25_b200,studio_M1.wav,1.705079365079365,0.0,False
amdf_anchor_w25_b200,studio_M1.wav,1.715079365079365,0.0,False
amdf_anchor_w25_b200,studio_M1.wav,1.725079365079365,0.0,False
amdf_anchor_w25_b200,studio_M1.wav,1.735079365079365,0.0,False
amdf_anchor_w25_b200,studio_M1.wav,1.745079365079365,0.0,False
amdf_anchor_w25_b200,studio_M1.wav,1.755079365079365,0.0,False
amdf_anchor_w25_b200,studio_M1.wav,1.765079365079365,0.0,False
amdf_anchor_w25_b200,studio_M1.wav,1.775079365079365,0.0,False
amdf_anchor_w25_b200,studio_M1.wav,1.785079365079365,0.0,False
amdf_anchor_w25_b200,studio_M1.wav,1.795079365079365,0.0,False
amdf_anchor_w25_b200,studio_M1.wav,1.805079365079365,0.0,False
amdf_anchor_w25_b200,studio_M1.wav,1.815079365079365,0.0,False
amdf_anchor_w25_b200,studio_M1.wav,1.825079365079365,0.0,False
amdf_anchor_w25_b200,studio_M1.wav,1.835079365079365,114.16940727031945,True
amdf_anchor_w25_b200,studio_M1.wav,1.845079365079365,104.79546590879009,True
amdf_anchor_w25_b200,studio_M1.wav,1.855079365079365,103.74400167310662,True
amdf_anchor_w25_b200,studio_M1.wav,1.865079365079365,102.363102041038,True
amdf_anchor_w25_b200,studio_M1.wav,1.875079365079365,100.81596921078989,True
amdf_anchor_w25_b200,studio_M1.wav,1.885079365079365,100.32149743446527,True
amdf_anchor_w25_b200,studio_M1.wav,1.895079365079365,99.3116093944699,True
amdf_anchor_w25_b200,studio_M1.wav,1.905079365079365,98.60135034592788,True
amdf_anchor_w25_b200,studio_M1.wav,1.915079365079365,98.4621405094522,True
amdf_anchor_w25_b200,studio_M1.wav,1.925079365079365,97.99629515550517,True
amdf_anchor_w25_b200,studio_M1.wav,1.935079365079365,97.44495834820373,True
amdf_anchor_w25_b200,studio_M1.wav,1.945079365079365,95.24703471078925,True
amdf_anchor_w25_b200,studio_M1.wav,1.955079365079365,95.16684051192198,True
amdf_anchor_w25_b200,studio_M1.wav,1.965079365079365,93.90276126030032,True
amdf_anchor_w25_b200,studio_M1.wav,1.975079365079365,93.21990320021604,True
amdf_anchor_w25_b200,studio_M1.wav,1.985079365079365,92.46851425175649,True
amdf_anchor_w25_b200,studio_M1.wav,1.995079365079365,92.03060634959554,True
amdf_anchor_w25_b200,studio_M1.wav,2.005079365079365,89.74773507109072,True
amdf_anchor_w25_b200,studio_M1.wav,2.015079365079365,89.50774218528659,True
amdf_anchor_w25_b200,studio_M1.wav,2.025079365079365,89.07975353159553,True
amdf_anchor_w25_b200,studio_M1.wav,2.035079365079365,87.65777745535614,True
amdf_anchor_w25_b200,studio_M1.wav,2.045079365079365,94.20105391953462,True
amdf_anchor_w25_b200,studio_M1.wav,2.055079365079366,0.0,False
amdf_anchor_w25_b200,studio_M1.wav,2.065079365079365,0.0,False
amdf_anchor_w25_b200,studio_M1.wav,2.075079365079365,0.0,False
amdf_anchor_w25_b200,studio_M1.wav,2.085079365079365,0.0,False
amdf_anchor_w25_b200,studio_M1.wav,2.095079365079365,0.0,False
amdf_anchor_w25_b200,studio_M1.wav,2.105079365079365,0.0,False
amdf_anchor_w25_b200,studio_M1.wav,2.115079365079365,0.0,False
amdf_anchor_w25_b200,studio_M1.wav,2.125079365079365,0.0,False
amdf_anchor_w25_b200,studio_M1.wav,2.135079365079365,0.0,False
amdf_anchor_w25_b200,studio_M1.wav,2.145079365079365,0.0,False
amdf_anchor_w25_b200,studio_M1.wav,2.155079365079365,0.0,False
amdf_anchor_w25_b200,studio_M1.wav,2.165079365079365,0.0,False
amdf_anchor_w25_b200,studio_M1.wav,2.175079365079365,0.0,False
amdf_anchor_w25_b200,studio_M1.wav,2.185079365079365,0.0,False
amdf_anchor_w25_b200,studio_M1.wav,2.195079365079365,0.0,False
amdf_anchor_w25_b200,studio_M1.wav,2.205079365079365,0.0,False
amdf_anchor_w25_b200,studio_M1.wav,2.215079365079365,0.0,False
amdf_anchor_w25_b200,studio_M1.wav,2.225079365079365,0.0,False
amdf_anchor_w25_b200,studio_M1.wav,2.235079365079365,0.0,False
amdf_anchor_w25_b200,studio_M1.wav,2.245079365079365,0.0,False
amdf_anchor_w25_b200,studio_M1.wav,2.255079365079365,0.0,False
amdf_anchor_w25_b200,studio_M1.wav,2.265079365079365,0.0,False
amdf_anchor_w25_b200,studio_M1.wav,2.275079365079365,0.0,False
amdf_anchor_w25_b200,studio_M1.wav,2.285079365079365,0.0,False
amdf_anchor_w25_b200,studio_M1.wav,2.295079365079365,0.0,False
amdf_anchor_w25_b200,studio_M1.wav,2.305079365079366,0.0,False
amdf_anchor_w25_b200,studio_M1.wav,2.315079365079365,0.0,False
amdf_anchor_w25_b200,studio_M1.wav,2.325079365079366,0.0,False
amdf_anchor_w25_b200,studio_M1.wav,2.335079365079365,0.0,False
amdf_anchor_w25_b200,studio_M1.wav,2.345079365079365,0.0,False
amdf_anchor_w25_b200,studio_M1.wav,2.355079365079365,0.0,False
amdf_anchor_w25_b200,studio_M1.wav,2.365079365079365,0.0,False
amdf_anchor_w25_b200,studio_M1.wav,2.375079365079365,0.0,False
amdf_anchor_w25_b200,studio_M1.wav,2.385079365079365,0.0,False
amdf_anchor_w25_b200,studio_M1.wav,2.395079365079365,0.0,False
amdf_anchor_w25_b200,studio_M1.wav,2.405079365079365,0.0,False
amdf_anchor_w25_b200,studio_M1.wav,2.415079365079365,0.0,False
amdf_anchor_w25_b200,studio_M1.wav,2.425079365079365,0.0,False
amdf_anchor_w25_b200,studio_M1.wav,2.435079365079365,0.0,False
amdf_anchor_w25_b200,studio_M1.wav,2.445079365079365,0.0,False
amdf_anchor_w25_b200,studio_M1.wav,2.455079365079365,0.0,False
amdf_anchor_w25_b200,studio_M1.wav,2.465079365079365,0.0,False
amdf_anchor_w25_b200,studio_M1.wav,2.475079365079365,0.0,False
amdf_anchor_w25_b200,studio_M1.wav,2.485079365079365,0.0,False
amdf_anchor_w25_b200,studio_M1.wav,2.495079365079365,0.0,False
amdf_anchor_w25_b200,studio_M1.wav,2.505079365079365,0.0,False
amdf_anchor_w25_b200,studio_M1.wav,2.515079365079365,0.0,False
amdf_anchor_w25_b200,studio_M1.wav,2.525079365079365,0.0,False
amdf_anchor_w25_b200,studio_M1.wav,2.535079365079365,0.0,False
amdf_anchor_w25_b200,studio_M1.wav,2.545079365079365,0.0,False
amdf_anchor_w25_b200,studio_M1.wav,2.555079365079366,0.0,False
amdf_anchor_w25_b200,studio_M1.wav,2.565079365079365,0.0,False
amdf_anchor_w25_b200,studio_M1.wav,2.575079365079366,0.0,False
amdf_anchor_w25_b200,studio_M1.wav,2.585079365079365,0.0,False
amdf_anchor_w25_b200,studio_M1.wav,2.595079365079365,0.0,False
amdf_anchor_w25_b200,studio_M1.wav,2.605079365079365,0.0,False
amdf_anchor_w25_b200,studio_M1.wav,2.615079365079365,0.0,False
amdf_anchor_w25_b200,studio_M1.wav,2.625079365079365,0.0,False
amdf_anchor_w25_b200,studio_M1.wav,2.635079365079365,0.0,False
amdf_anchor_w25_b200,studio_M1.wav,2.645079365079365,0.0,False
amdf_anchor_w25_b200,studio_M1.wav,2.655079365079365,0.0,False
amdf_anchor_w25_b200,studio_M1.wav,2.665079365079365,0.0,False
amdf_anchor_w25_b200,studio_M1.wav,2.675079365079365,0.0,False
amdf_anchor_w25_b200,studio_M1.wav,2.685079365079365,0.0,False
amdf_anchor_w25_b200,studio_M1.wav,2.695079365079365,0.0,False
amdf_anchor_w25_b200,studio_M1.wav,2.705079365079365,0.0,False
amdf_anchor_w40_b200,studio_M1.wav,0.025079365079365,0.0,False
amdf_anchor_w40_b200,studio_M1.wav,0.035079365079365,0.0,False
amdf_anchor_w40_b200,studio_M1.wav,0.045079365079365,0.0,False
amdf_anchor_w40_b200,studio_M1.wav,0.055079365079365,0.0,False
amdf_anchor_w40_b200,studio_M1.wav,0.065079365079365,0.0,False
amdf_anchor_w40_b200,studio_M1.wav,0.075079365079365,0.0,False
amdf_anchor_w40_b200,studio_M1.wav,0.085079365079365,0.0,False
amdf_anchor_w40_b200,studio_M1.wav,0.095079365079365,0.0,False
amdf_anchor_w40_b200,studio_M1.wav,0.105079365079365,0.0,False
amdf_anchor_w40_b200,studio_M1.wav,0.115079365079365,0.0,False
amdf_anchor_w40_b200,studio_M1.wav,0.125079365079365,0.0,False
amdf_anchor_w40_b200,studio_M1.wav,0.135079365079365,0.0,False
amdf_anchor_w40_b200,studio_M1.wav,0.145079365079365,0.0,False
amdf_anchor_w40_b200,studio_M1.wav,0.155079365079365,0.0,False
amdf_anchor_w40_b200,studio_M1.wav,0.165079365079365,0.0,False
amdf_anchor_w40_b200,studio_M1.wav,0.175079365079365,0.0,False
amdf_anchor_w40_b200,studio_M1.wav,0.185079365079365,0.0,False
amdf_anchor_w40_b200,studio_M1.wav,0.195079365079365,0.0,False
amdf_anchor_w40_b200,studio_M1.wav,0.205079365079365,0.0,False
amdf_anchor_w40_b200,studio_M1.wav,0.215079365079365,0.0,False
amdf_anchor_w40_b200,studio_M1.wav,0.225079365079365,0.0,False
amdf_anchor_w40_b200,studio_M1.wav,0.235079365079365,0.0,False
amdf_anchor_w40_b200,studio_M1.wav,0.245079365079365,0.0,False
amdf_anchor_w40_b200,studio_M1.wav,0.255079365079365,0.0,False
amdf_anchor_w40_b200,studio_M1.wav,0.265079365079365,0.0,False
amdf_anchor_w40_b200,studio_M1.wav,0.275079365079365,0.0,False
amdf_anchor_w40_b200,studio_M1.wav,0.285079365079365,0.0,False
amdf_anchor_w40_b200,studio_M1.wav,0.295079365079365,0.0,False
amdf_anchor_w40_b200,studio_M1.wav,0.305079365079365,0.0,False
amdf_anchor_w40_b200,studio_M1.wav,0.315079365079365,0.0,False
amdf_anchor_w40_b200,studio_M1.wav,0.325079365079365,0.0,False
amdf_anchor_w40_b200,studio_M1.wav,0.335079365079365,0.0,False
amdf_anchor_w40_b200,studio_M1.wav,0.345079365079365,0.0,False
amdf_anchor_w40_b200,studio_M1.wav,0.355079365079365,0.0,False
amdf_anchor_w40_b200,studio_M1.wav,0.365079365079365,0.0,False
amdf_anchor_w40_b200,studio_M1.wav,0.375079365079365,0.0,False
amdf_anchor_w40_b200,studio_M1.wav,0.385079365079365,0.0,False
amdf_anchor_w40_b200,studio_M1.wav,0.395079365079365,0.0,False
amdf_anchor_w40_b200,studio_M1.wav,0.405079365079365,0.0,False
amdf_anchor_w40_b200,studio_M1.wav,0.415079365079365,0.0,False
amdf_anchor_w40_b200,studio_M1.wav,0.425079365079365,0.0,False
amdf_anchor_w40_b200,studio_M1.wav,0.435079365079365,0.0,False
amdf_anchor_w40_b200,studio_M1.wav,0.445079365079365,0.0,False
amdf_anchor_w40_b200,studio_M1.wav,0.455079365079365,0.0,False
amdf_anchor_w40_b200,studio_M1.wav,0.465079365079365,0.0,False
amdf_anchor_w40_b200,studio_M1.wav,0.475079365079365,0.0,False
amdf_anchor_w40_b200,studio_M1.wav,0.485079365079365,0.0,False
amdf_anchor_w40_b200,studio_M1.wav,0.495079365079365,0.0,False
amdf_anchor_w40_b200,studio_M1.wav,0.505079365079365,0.0,False
amdf_anchor_w40_b200,studio_M1.wav,0.515079365079365,0.0,False
amdf_anchor_w40_b200,studio_M1.wav,0.525079365079365,0.0,False
amdf_anchor_w40_b200,studio_M1.wav,0.535079365079365,0.0,False
amdf_anchor_w40_b200,studio_M1.wav,0.545079365079365,0.0,False
amdf_anchor_w40_b200,studio_M1.wav,0.555079365079365,0.0,False
amdf_anchor_w40_b200,studio_M1.wav,0.565079365079365,0.0,False
amdf_anchor_w40_b200,studio_M1.wav,0.575079365079365,0.0,False
amdf_anchor_w40_b200,studio_M1.wav,0.585079365079365,0.0,False
amdf_anchor_w40_b200,studio_M1.wav,0.595079365079365,0.0,False
amdf_anchor_w40_b200,studio_M1.wav,0.605079365079365,0.0,False
amdf_anchor_w40_b200,studio_M1.wav,0.615079365079365,0.0,False
amdf_anchor_w40_b200,studio_M1.wav,0.625079365079365,0.0,False
amdf_anchor_w40_b200,studio_M1.wav,0.635079365079365,0.0,False
amdf_anchor_w40_b200,studio_M1.wav,0.645079365079365,0.0,False
amdf_anchor_w40_b200,studio_M1.wav,0.655079365079365,0.0,False
amdf_anchor_w40_b200,studio_M1.wav,0.665079365079365,0.0,False
amdf_anchor_w40_b200,studio_M1.wav,0.675079365079365,0.0,False
amdf_anchor_w40_b200,studio_M1.wav,0.685079365079365,0.0,False
amdf_anchor_w40_b200,studio_M1.wav,0.695079365079365,0.0,False
amdf_anchor_w40_b200,studio_M1.wav,0.705079365079365,0.0,False
amdf_anchor_w40_b200,studio_M1.wav,0.715079365079365,0.0,False
amdf_anchor_w40_b200,studio_M1.wav,0.725079365079365,0.0,False
amdf_anchor_w40_b200,studio_M1.wav,0.735079365079365,0.0,False
amdf_anchor_w40_b200,studio_M1.wav,0.745079365079365,0.0,False
amdf_anchor_w40_b200,studio_M1.wav,0.755079365079365,0.0,False
amdf_anchor_w40_b200,studio_M1.wav,0.765079365079365,0.0,False
amdf_anchor_w40_b200,studio_M1.wav,0.775079365079365,0.0,False
amdf_anchor_w40_b200,studio_M1.wav,0.785079365079365,0.0,False
amdf_anchor_w40_b200,studio_M1.wav,0.795079365079365,0.0,False
amdf_anchor_w40_b200,studio_M1.wav,0.805079365079365,0.0,False
amdf_anchor_w40_b200,studio_M1.wav,0.815079365079365,0.0,False
amdf_anchor_w40_b200,studio_M1.wav,0.825079365079365,0.0,False
amdf_anchor_w40_b200,studio_M1.wav,0.835079365079365,0.0,False
amdf_anchor_w40_b200,studio_M1.wav,0.845079365079365,0.0,False
amdf_anchor_w40_b200,studio_M1.wav,0.855079365079365,0.0,False
amdf_anchor_w40_b200,studio_M1.wav,0.865079365079365,0.0,False
amdf_anchor_w40_b200,studio_M1.wav,0.875079365079365,0.0,False
amdf_anchor_w40_b200,studio_M1.wav,0.885079365079365,0.0,False
amdf_anchor_w40_b200,studio_M1.wav,0.895079365079365,0.0,False
amdf_anchor_w40_b200,studio_M1.wav,0.905079365079365,0.0,False
amdf_anchor_w40_b200,studio_M1.wav,0.915079365079365,0.0,False
amdf_anchor_w40_b200,studio_M1.wav,0.925079365079365,159.8704384054223,True
amdf_anchor_w40_b200,studio_M1.wav,0.935079365079365,138.07994599382053,True
amdf_anchor_w40_b200,studio_M1.wav,0.945079365079365,137.33653849119347,True
amdf_anchor_w40_b200,studio_M1.wav,0.955079365079365,136.33576598359014,True
amdf_anchor_w40_b200,studio_M1.wav,0.965079365079365,134.96896804630518,True
amdf_anchor_w40_b200,studio_M1.wav,0.975079365079365,134.002717397335,True
amdf_anchor_w40_b200,studio_M1.wav,0.985079365079365,133.6964679966726,True
amdf_anchor_w40_b200,studio_M1.wav,0.995079365079365,125.17063902280917,True
amdf_anchor_w40_b200,studio_M1.wav,1.005079365079365,122.27372388264448,True
amdf_anchor_w40_b200,studio_M1.wav,1.015079365079365,120.68956605256218,True
amdf_anchor_w40_b200,studio_M1.wav,1.025079365079365,119.9894584978849,True
amdf_anchor_w40_b200,studio_M1.wav,1.035079365079365,119.43050933698251,True
amdf_anchor_w40_b200,studio_M1.wav,1.045079365079365,118.75218658568183,True
amdf_anchor_w40_b200,studio_M1.wav,1.055079365079365,118.33461946699798,True
amdf_anchor_w40_b200,studio_M1.wav,1.065079365079365,118.18414249052115,True
amdf_anchor_w40_b200,studio_M1.wav,1.075079365079365,116.76339264960133,True
amdf_anchor_w40_b200,studio_M1.wav,1.085079365079365,116.6320486084198,True
amdf_anchor_w40_b200,studio_M1.wav,1.095079365079365,131.6814081571677,True
amdf_anchor_w40_b200,studio_M1.wav,1.105079365079365,132.65584645893674,True
amdf_anchor_w40_b200,studio_M1.wav,1.115079365079365,133.46370932003552,True
amdf_anchor_w40_b200,studio_M1.wav,1.125079365079365,135.6869200652778,True
amdf_anchor_w40_b200,studio_M1.wav,1.135079365079365,136.17000957685576,True
amdf_anchor_w40_b200,studio_M1.wav,1.145079365079365,137.6704899320291,True
amdf_anchor_w40_b200,studio_M1.wav,1.155079365079365,140.77391808677262,True
amdf_anchor_w40_b200,studio_M1.wav,1.165079365079365,141.85568518118265,True
amdf_anchor_w40_b200,studio_M1.wav,1.175079365079365,134.90862372371666,True
amdf_anchor_w40_b200,studio_M1.wav,1.185079365079365,0.0,False
amdf_anchor_w40_b200,studio_M1.wav,1.195079365079365,0.0,False
amdf_anchor_w40_b200,studio_M1.wav,1.205079365079365,164.65141044317917,True
amdf_anchor_w40_b200,studio_M1.wav,1.215079365079365,168.41087834410231,True
amdf_anchor_w40_b200,studio_M1.wav,1.225079365079365,172.88174802971818,True
amdf_anchor_w40_b200,studio_M1.wav,1.235079365079365,174.49696969854793,True
amdf_anchor_w40_b200,studio_M1.wav,1.245079365079365,174.91399626831978,True
amdf_anchor_w40_b200,studio_M1.wav,1.255079365079365,175.20970812872423,True
amdf_anchor_w40_b200,studio_M1.wav,1.265079365079365,174.86207180946508,True
amdf_anchor_w40_b200,studio_M1.wav,1.275079365079365,0.0,False
amdf_anchor_w40_b200,studio_M1.wav,1.285079365079365,0.0,False
amdf_anchor_w40_b200,studio_M1.wav,1.295079365079365,0.0,False
amdf_anchor_w40_b200,studio_M1.wav,1.305079365079365,0.0,False
amdf_anchor_w40_b200,studio_M1.wav,1.315079365079365,0.0,False
amdf_anchor_w40_b200,studio_M1.wav,1.325079365079365,168.35975781765376,True
amdf_anchor_w40_b200,studio_M1.wav,1.335079365079365,146.57928685773194,True
amdf_anchor_w40_b200,studio_M1.wav,1.345079365079365,145.00330030020208,True
amdf_anchor_w40_b200,studio_M1.wav,1.355079365079365,130.33956733445376,True
amdf_anchor_w40_b200,studio_M1.wav,1.365079365079365,119.88907497194909,True
amdf_anchor_w40_b200,studio_M1.wav,1.375079365079365,115.6719914615293,True
amdf_anchor_w40_b200,studio_M1.wav,1.385079365079365,113.21748251009917,True
amdf_anchor_w40_b200,studio_M1.wav,1.395079365079365,103.128193587869,True
amdf_anchor_w40_b200,studio_M1.wav,1.405079365079365,100.9562286604331,True
amdf_anchor_w40_b200,studio_M1.wav,1.415079365079365,99.77952419143911,True
amdf_anchor_w40_b200,studio_M1.wav,1.425079365079365,99.02815570975467,True
amdf_anchor_w40_b200,studio_M1.wav,1.435079365079365,98.36514430970207,True
amdf_anchor_w40_b200,studio_M1.wav,1.445079365079365,93.41595656085714,True
amdf_anchor_w40_b200,studio_M1.wav,1.455079365079365,94.00174483828168,True
amdf_anchor_w40_b200,studio_M1.wav,1.465079365079365,94.43861276168025,True
amdf_anchor_w40_b200,studio_M1.wav,1.475079365079365,94.74609503583208,True
amdf_anchor_w40_b200,studio_M1.wav,1.485079365079365,96.5278068387919,True
amdf_anchor_w40_b200,studio_M1.wav,1.495079365079365,98.41164352619107,True
amdf_anchor_w40_b200,studio_M1.wav,1.505079365079365,97.26912831770105,True
amdf_anchor_w40_b200,studio_M1.wav,1.515079365079365,96.14745950437056,True
amdf_anchor_w40_b200,studio_M1.wav,1.525079365079365,95.70594704477577,True
amdf_anchor_w40_b200,studio_M1.wav,1.535079365079365,95.03955040275284,True
amdf_anchor_w40_b200,studio_M1.wav,1.545079365079365,94.46504696418167,True
amdf_anchor_w40_b200,studio_M1.wav,1.555079365079365,90.7722398702537,True
amdf_anchor_w40_b200,studio_M1.wav,1.565079365079365,91.01302545781164,True
amdf_anchor_w40_b200,studio_M1.wav,1.575079365079365,91.50551301919565,True
amdf_anchor_w40_b200,studio_M1.wav,1.585079365079365,0.0,False
amdf_anchor_w40_b200,studio_M1.wav,1.595079365079365,0.0,False
amdf_anchor_w40_b200,studio_M1.wav,1.605079365079365,0.0,False
amdf_anchor_w40_b200,studio_M1.wav,1.615079365079365,0.0,False
amdf_anchor_w40_b200,studio_M1.wav,1.625079365079365,0.0,False
amdf_anchor_w40_b200,studio_M1.wav,1.635079365079365,0.0,False
amdf_anchor_w40_b200,studio_M1.wav,1.645079365079365,0.0,False
amdf_anchor_w40_b200,studio_M1.wav,1.655079365079365,0.0,False
amdf_anchor_w40_b200,studio_M1.wav,1.665079365079365,125.22689589647779,True
amdf_anchor_w40_b200,studio_M1.wav,1.675079365079365,105.88418284103334,True
amdf_anchor_w40_b200,studio_M1.wav,1.685079365079365,91.59182946290572,True
amdf_anchor_w40_b200,studio_M1.wav,1.695079365079365,92.44207169528396,True
amdf_anchor_w40_b200,studio_M1.wav,1.705079365079365,0.0,False
amdf_anchor_w40_b200,studio_M1.wav,1.715079365079365,0.0,False
amdf_anchor_w40_b200,studio_M1.wav,1.725079365079365,0.0,False
amdf_anchor_w40_b200,studio_M1.wav,1.735079365079365,0.0,False
amdf_anchor_w40_b200,studio_M1.wav,1.745079365079365,0.0,False
amdf_anchor_w40_b200,studio_M1.wav,1.755079365079365,0.0,False
amdf_anchor_w40_b200,studio_M1.wav,1.765079365079365,0.0,False
amdf_anchor_w40_b200,studio_M1.wav,1.775079365079365,0.0,False
amdf_anchor_w40_b200,studio_M1.wav,1.785079365079365,0.0,False
amdf_anchor_w40_b200,studio_M1.wav,1.795079365079365,0.0,False
amdf_anchor_w40_b200,studio_M1.wav,1.805079365079365,0.0,False
amdf_anchor_w40_b200,studio_M1.wav,1.815079365079365,0.0,False
amdf_anchor_w40_b200,studio_M1.wav,1.825079365079365,0.0,False
amdf_anchor_w40_b200,studio_M1.wav,1.835079365079365,104.81146387231293,True
amdf_anchor_w40_b200,studio_M1.wav,1.845079365079365,104.40457365301548,True
amdf_anchor_w40_b200,studio_M1.wav,1.855079365079365,103.7231659592263,True
amdf_anchor_w40_b200,studio_M1.wav,1.865079365079365,102.43761409250332,True
amdf_anchor_w40_b200,studio_M1.wav,1.875079365079365,100.9698041996793,True
amdf_anchor_w40_b200,studio_M1.wav,1.885079365079365,100.42413462602026,True
amdf_anchor_w40_b200,studio_M1.wav,1.895079365079365,99.39226889936417,True
amdf_anchor_w40_b200,studio_M1.wav,1.905079365079365,98.78435704011463,True
amdf_anchor_w40_b200,studio_M1.wav,1.915079365079365,98.4023351523775,True
amdf_anchor_w40_b200,studio_M1.wav,1.925079365079365,98.09097402864049,True
amdf_anchor_w40_b200,studio_M1.wav,1.935079365079365,97.55143639132073,True
amdf_anchor_w40_b200,studio_M1.wav,1.945079365079365,95.3441460040802,True
amdf_anchor_w40_b200,studio_M1.wav,1.955079365079365,94.95823384221514,True
amdf_anchor_w40_b200,studio_M1.wav,1.965079365079365,94.03918074229519,True
amdf_anchor_w40_b200,studio_M1.wav,1.975079365079365,93.18772210464577,True
amdf_anchor_w40_b200,studio_M1.wav,1.985079365079365,92.53570941269888,True
amdf_anchor_w40_b200,studio_M1.wav,1.995079365079365,92.1280991687036,True
amdf_anchor_w40_b200,studio_M1.wav,2.005079365079365,89.67770278331479,True
amdf_anchor_w40_b200,studio_M1.wav,2.015079365079365,89.51225392670503,True
amdf_anchor_w40_b200,studio_M1.wav,2.025079365079365,89.17080779630095,True
amdf_anchor_w40_b200,studio_M1.wav,2.035079365079365,88.91235697801571,True
amdf_anchor_w40_b200,studio_M1.wav,2.045079365079365,87.46324110838917,True
amdf_anchor_w40_b200,studio_M1.wav,2.055079365079366,0.0,False
amdf_anchor_w40_b200,studio_M1.wav,2.065079365079365,0.0,False
amdf_anchor_w40_b200,studio_M1.wav,2.075079365079365,0.0,False
amdf_anchor_w40_b200,studio_M1.wav,2.085079365079365,0.0,False
amdf_anchor_w40_b200,studio_M1.wav,2.095079365079365,0.0,False
amdf_anchor_w40_b200,studio_M1.wav,2.105079365079365,0.0,False
amdf_anchor_w40_b200,studio_M1.wav,2.115079365079365,0.0,False
amdf_anchor_w40_b200,studio_M1.wav,2.125079365079365,0.0,False
amdf_anchor_w40_b200,studio_M1.wav,2.135079365079365,0.0,False
amdf_anchor_w40_b200,studio_M1.wav,2.145079365079365,0.0,False
amdf_anchor_w40_b200,studio_M1.wav,2.155079365079365,0.0,False
amdf_anchor_w40_b200,studio_M1.wav,2.165079365079365,0.0,False
amdf_anchor_w40_b200,studio_M1.wav,2.175079365079365,0.0,False
amdf_anchor_w40_b200,studio_M1.wav,2.185079365079365,0.0,False
amdf_anchor_w40_b200,studio_M1.wav,2.195079365079365,0.0,False
amdf_anchor_w40_b200,studio_M1.wav,2.205079365079365,0.0,False
amdf_anchor_w40_b200,studio_M1.wav,2.215079365079365,0.0,False
amdf_anchor_w40_b200,studio_M1.wav,2.225079365079365,0.0,False
amdf_anchor_w40_b200,studio_M1.wav,2.235079365079365,0.0,False
amdf_anchor_w40_b200,studio_M1.wav,2.245079365079365,0.0,False
amdf_anchor_w40_b200,studio_M1.wav,2.255079365079365,0.0,False
amdf_anchor_w40_b200,studio_M1.wav,2.265079365079365,0.0,False
amdf_anchor_w40_b200,studio_M1.wav,2.275079365079365,0.0,False
amdf_anchor_w40_b200,studio_M1.wav,2.285079365079365,0.0,False
amdf_anchor_w40_b200,studio_M1.wav,2.295079365079365,0.0,False
amdf_anchor_w40_b200,studio_M1.wav,2.305079365079366,0.0,False
amdf_anchor_w40_b200,studio_M1.wav,2.315079365079365,0.0,False
amdf_anchor_w40_b200,studio_M1.wav,2.325079365079366,0.0,False
amdf_anchor_w40_b200,studio_M1.wav,2.335079365079365,0.0,False
amdf_anchor_w40_b200,studio_M1.wav,2.345079365079365,0.0,False
amdf_anchor_w40_b200,studio_M1.wav,2.355079365079365,0.0,False
amdf_anchor_w40_b200,studio_M1.wav,2.365079365079365,0.0,False
amdf_anchor_w40_b200,studio_M1.wav,2.375079365079365,0.0,False
amdf_anchor_w40_b200,studio_M1.wav,2.385079365079365,0.0,False
amdf_anchor_w40_b200,studio_M1.wav,2.395079365079365,0.0,False
amdf_anchor_w40_b200,studio_M1.wav,2.405079365079365,0.0,False
amdf_anchor_w40_b200,studio_M1.wav,2.415079365079365,0.0,False
amdf_anchor_w40_b200,studio_M1.wav,2.425079365079365,0.0,False
amdf_anchor_w40_b200,studio_M1.wav,2.435079365079365,0.0,False
amdf_anchor_w40_b200,studio_M1.wav,2.445079365079365,0.0,False
amdf_anchor_w40_b200,studio_M1.wav,2.455079365079365,0.0,False
amdf_anchor_w40_b200,studio_M1.wav,2.465079365079365,0.0,False
amdf_anchor_w40_b200,studio_M1.wav,2.475079365079365,0.0,False
amdf_anchor_w40_b200,studio_M1.wav,2.485079365079365,0.0,False
amdf_anchor_w40_b200,studio_M1.wav,2.495079365079365,0.0,False
amdf_anchor_w40_b200,studio_M1.wav,2.505079365079365,0.0,False
amdf_anchor_w40_b200,studio_M1.wav,2.515079365079365,0.0,False
amdf_anchor_w40_b200,studio_M1.wav,2.525079365079365,0.0,False
amdf_anchor_w40_b200,studio_M1.wav,2.535079365079365,0.0,False
amdf_anchor_w40_b200,studio_M1.wav,2.545079365079365,0.0,False
amdf_anchor_w40_b200,studio_M1.wav,2.555079365079366,0.0,False
amdf_anchor_w40_b200,studio_M1.wav,2.565079365079365,0.0,False
amdf_anchor_w40_b200,studio_M1.wav,2.575079365079366,0.0,False
amdf_anchor_w40_b200,studio_M1.wav,2.585079365079365,0.0,False
amdf_anchor_w40_b200,studio_M1.wav,2.595079365079365,0.0,False
amdf_anchor_w40_b200,studio_M1.wav,2.605079365079365,0.0,False
amdf_anchor_w40_b200,studio_M1.wav,2.615079365079365,0.0,False
amdf_anchor_w40_b200,studio_M1.wav,2.625079365079365,0.0,False
amdf_anchor_w40_b200,studio_M1.wav,2.635079365079365,0.0,False
amdf_anchor_w40_b200,studio_M1.wav,2.645079365079365,0.0,False
amdf_anchor_w40_b200,studio_M1.wav,2.655079365079365,0.0,False
amdf_anchor_w40_b200,studio_M1.wav,2.665079365079365,0.0,False
amdf_anchor_w40_b200,studio_M1.wav,2.675079365079365,0.0,False
amdf_anchor_w40_b200,studio_M1.wav,2.685079365079365,0.0,False
amdf_anchor_w40_b200,studio_M1.wav,2.695079365079365,0.0,False
amdf_anchor_w40_b200,studio_M1.wav,2.705079365079365,0.0,False
amdf_pitch_spectral_p000,studio_M1.wav,0.025079365079365,0.0,False
amdf_pitch_spectral_p000,studio_M1.wav,0.035079365079365,0.0,False
amdf_pitch_spectral_p000,studio_M1.wav,0.045079365079365,0.0,False
amdf_pitch_spectral_p000,studio_M1.wav,0.055079365079365,0.0,False
amdf_pitch_spectral_p000,studio_M1.wav,0.065079365079365,0.0,False
amdf_pitch_spectral_p000,studio_M1.wav,0.075079365079365,0.0,False
amdf_pitch_spectral_p000,studio_M1.wav,0.085079365079365,0.0,False
amdf_pitch_spectral_p000,studio_M1.wav,0.095079365079365,0.0,False
amdf_pitch_spectral_p000,studio_M1.wav,0.105079365079365,0.0,False
amdf_pitch_spectral_p000,studio_M1.wav,0.115079365079365,0.0,False
amdf_pitch_spectral_p000,studio_M1.wav,0.125079365079365,0.0,False
amdf_pitch_spectral_p000,studio_M1.wav,0.135079365079365,0.0,False
amdf_pitch_spectral_p000,studio_M1.wav,0.145079365079365,0.0,False
amdf_pitch_spectral_p000,studio_M1.wav,0.155079365079365,0.0,False
amdf_pitch_spectral_p000,studio_M1.wav,0.165079365079365,0.0,False
amdf_pitch_spectral_p000,studio_M1.wav,0.175079365079365,0.0,False
amdf_pitch_spectral_p000,studio_M1.wav,0.185079365079365,0.0,False
amdf_pitch_spectral_p000,studio_M1.wav,0.195079365079365,0.0,False
amdf_pitch_spectral_p000,studio_M1.wav,0.205079365079365,0.0,False
amdf_pitch_spectral_p000,studio_M1.wav,0.215079365079365,0.0,False
amdf_pitch_spectral_p000,studio_M1.wav,0.225079365079365,0.0,False
amdf_pitch_spectral_p000,studio_M1.wav,0.235079365079365,0.0,False
amdf_pitch_spectral_p000,studio_M1.wav,0.245079365079365,0.0,False
amdf_pitch_spectral_p000,studio_M1.wav,0.255079365079365,0.0,False
amdf_pitch_spectral_p000,studio_M1.wav,0.265079365079365,0.0,False
amdf_pitch_spectral_p000,studio_M1.wav,0.275079365079365,0.0,False
amdf_pitch_spectral_p000,studio_M1.wav,0.285079365079365,0.0,False
amdf_pitch_spectral_p000,studio_M1.wav,0.295079365079365,0.0,False
amdf_pitch_spectral_p000,studio_M1.wav,0.305079365079365,0.0,False
amdf_pitch_spectral_p000,studio_M1.wav,0.315079365079365,0.0,False
amdf_pitch_spectral_p000,studio_M1.wav,0.325079365079365,0.0,False
amdf_pitch_spectral_p000,studio_M1.wav,0.335079365079365,0.0,False
amdf_pitch_spectral_p000,studio_M1.wav,0.345079365079365,0.0,False
amdf_pitch_spectral_p000,studio_M1.wav,0.355079365079365,0.0,False
amdf_pitch_spectral_p000,studio_M1.wav,0.365079365079365,0.0,False
amdf_pitch_spectral_p000,studio_M1.wav,0.375079365079365,0.0,False
amdf_pitch_spectral_p000,studio_M1.wav,0.385079365079365,0.0,False
amdf_pitch_spectral_p000,studio_M1.wav,0.395079365079365,0.0,False
amdf_pitch_spectral_p000,studio_M1.wav,0.405079365079365,0.0,False
amdf_pitch_spectral_p000,studio_M1.wav,0.415079365079365,0.0,False
amdf_pitch_spectral_p000,studio_M1.wav,0.425079365079365,0.0,False
amdf_pitch_spectral_p000,studio_M1.wav,0.435079365079365,0.0,False
amdf_pitch_spectral_p000,studio_M1.wav,0.445079365079365,0.0,False
amdf_pitch_spectral_p000,studio_M1.wav,0.455079365079365,0.0,False
amdf_pitch_spectral_p000,studio_M1.wav,0.465079365079365,0.0,False
amdf_pitch_spectral_p000,studio_M1.wav,0.475079365079365,0.0,False
amdf_pitch_spectral_p000,studio_M1.wav,0.485079365079365,0.0,False
amdf_pitch_spectral_p000,studio_M1.wav,0.495079365079365,0.0,False
amdf_pitch_spectral_p000,studio_M1.wav,0.505079365079365,0.0,False
amdf_pitch_spectral_p000,studio_M1.wav,0.515079365079365,0.0,False
amdf_pitch_spectral_p000,studio_M1.wav,0.525079365079365,0.0,False
amdf_pitch_spectral_p000,studio_M1.wav,0.535079365079365,0.0,False
amdf_pitch_spectral_p000,studio_M1.wav,0.545079365079365,0.0,False
amdf_pitch_spectral_p000,studio_M1.wav,0.555079365079365,0.0,False
amdf_pitch_spectral_p000,studio_M1.wav,0.565079365079365,0.0,False
amdf_pitch_spectral_p000,studio_M1.wav,0.575079365079365,0.0,False
amdf_pitch_spectral_p000,studio_M1.wav,0.585079365079365,0.0,False
amdf_pitch_spectral_p000,studio_M1.wav,0.595079365079365,0.0,False
amdf_pitch_spectral_p000,studio_M1.wav,0.605079365079365,0.0,False
amdf_pitch_spectral_p000,studio_M1.wav,0.615079365079365,0.0,False
amdf_pitch_spectral_p000,studio_M1.wav,0.625079365079365,0.0,False
amdf_pitch_spectral_p000,studio_M1.wav,0.635079365079365,0.0,False
amdf_pitch_spectral_p000,studio_M1.wav,0.645079365079365,0.0,False
amdf_pitch_spectral_p000,studio_M1.wav,0.655079365079365,0.0,False
amdf_pitch_spectral_p000,studio_M1.wav,0.665079365079365,0.0,False
amdf_pitch_spectral_p000,studio_M1.wav,0.675079365079365,0.0,False
amdf_pitch_spectral_p000,studio_M1.wav,0.685079365079365,0.0,False
amdf_pitch_spectral_p000,studio_M1.wav,0.695079365079365,0.0,False
amdf_pitch_spectral_p000,studio_M1.wav,0.705079365079365,0.0,False
amdf_pitch_spectral_p000,studio_M1.wav,0.715079365079365,0.0,False
amdf_pitch_spectral_p000,studio_M1.wav,0.725079365079365,0.0,False
amdf_pitch_spectral_p000,studio_M1.wav,0.735079365079365,0.0,False
amdf_pitch_spectral_p000,studio_M1.wav,0.745079365079365,0.0,False
amdf_pitch_spectral_p000,studio_M1.wav,0.755079365079365,0.0,False
amdf_pitch_spectral_p000,studio_M1.wav,0.765079365079365,0.0,False
amdf_pitch_spectral_p000,studio_M1.wav,0.775079365079365,0.0,False
amdf_pitch_spectral_p000,studio_M1.wav,0.785079365079365,0.0,False
amdf_pitch_spectral_p000,studio_M1.wav,0.795079365079365,0.0,False
amdf_pitch_spectral_p000,studio_M1.wav,0.805079365079365,0.0,False
amdf_pitch_spectral_p000,studio_M1.wav,0.815079365079365,0.0,False
amdf_pitch_spectral_p000,studio_M1.wav,0.825079365079365,0.0,False
amdf_pitch_spectral_p000,studio_M1.wav,0.835079365079365,0.0,False
amdf_pitch_spectral_p000,studio_M1.wav,0.845079365079365,0.0,False
amdf_pitch_spectral_p000,studio_M1.wav,0.855079365079365,0.0,False
amdf_pitch_spectral_p000,studio_M1.wav,0.865079365079365,0.0,False
amdf_pitch_spectral_p000,studio_M1.wav,0.875079365079365,0.0,False
amdf_pitch_spectral_p000,studio_M1.wav,0.885079365079365,0.0,False
amdf_pitch_spectral_p000,studio_M1.wav,0.895079365079365,0.0,False
amdf_pitch_spectral_p000,studio_M1.wav,0.905079365079365,0.0,False
amdf_pitch_spectral_p000,studio_M1.wav,0.915079365079365,0.0,False
amdf_pitch_spectral_p000,studio_M1.wav,0.925079365079365,159.95183766823317,True
amdf_pitch_spectral_p000,studio_M1.wav,0.935079365079365,137.78495633153034,True
amdf_pitch_spectral_p000,studio_M1.wav,0.945079365079365,137.9939254439179,True
amdf_pitch_spectral_p000,studio_M1.wav,0.955079365079365,135.83820705829027,True
amdf_pitch_spectral_p000,studio_M1.wav,0.965079365079365,134.71451851848516,True
amdf_pitch_spectral_p000,studio_M1.wav,0.975079365079365,133.98029363824944,True
amdf_pitch_spectral_p000,studio_M1.wav,0.985079365079365,133.46994132071188,True
amdf_pitch_spectral_p000,studio_M1.wav,0.995079365079365,124.0797711820343,True
amdf_pitch_spectral_p000,studio_M1.wav,1.005079365079365,122.27372388264448,True
amdf_pitch_spectral_p000,studio_M1.wav,1.015079365079365,120.68956605256218,True
amdf_pitch_spectral_p000,studio_M1.wav,1.025079365079365,119.9894584978849,True
amdf_pitch_spectral_p000,studio_M1.wav,1.035079365079365,119.43050933698251,True
amdf_pitch_spectral_p000,studio_M1.wav,1.045079365079365,118.75218658568183,True
amdf_pitch_spectral_p000,studio_M1.wav,1.055079365079365,118.33461946699798,True
amdf_pitch_spectral_p000,studio_M1.wav,1.065079365079365,118.18414249052115,True
amdf_pitch_spectral_p000,studio_M1.wav,1.075079365079365,116.76339264960133,True
amdf_pitch_spectral_p000,studio_M1.wav,1.085079365079365,116.6320486084198,True
amdf_pitch_spectral_p000,studio_M1.wav,1.095079365079365,131.6814081571677,True
amdf_pitch_spectral_p000,studio_M1.wav,1.105079365079365,131.93868414238727,True
amdf_pitch_spectral_p000,studio_M1.wav,1.115079365079365,133.1498350781403,True
amdf_pitch_spectral_p000,studio_M1.wav,1.125079365079365,135.94006211419511,True
amdf_pitch_spectral_p000,studio_M1.wav,1.135079365079365,136.1912925323943,True
amdf_pitch_spectral_p000,studio_M1.wav,1.145079365079365,140.3718560982152,True
amdf_pitch_spectral_p000,studio_M1.wav,1.155079365079365,140.77391808677262,True
amdf_pitch_spectral_p000,studio_M1.wav,1.165079365079365,141.85568518118265,True
amdf_pitch_spectral_p000,studio_M1.wav,1.175079365079365,134.90862372371666,True
amdf_pitch_spectral_p000,studio_M1.wav,1.185079365079365,0.0,False
amdf_pitch_spectral_p000,studio_M1.wav,1.195079365079365,0.0,False
amdf_pitch_spectral_p000,studio_M1.wav,1.205079365079365,164.65141044317917,True
amdf_pitch_spectral_p000,studio_M1.wav,1.215079365079365,168.41087834410231,True
amdf_pitch_spectral_p000,studio_M1.wav,1.225079365079365,172.88174802971818,True
amdf_pitch_spectral_p000,studio_M1.wav,1.235079365079365,174.49696969854793,True
amdf_pitch_spectral_p000,studio_M1.wav,1.245079365079365,174.91399626831978,True
amdf_pitch_spectral_p000,studio_M1.wav,1.255079365079365,175.20970812872423,True
amdf_pitch_spectral_p000,studio_M1.wav,1.265079365079365,174.86207180946508,True
amdf_pitch_spectral_p000,studio_M1.wav,1.275079365079365,0.0,False
amdf_pitch_spectral_p000,studio_M1.wav,1.285079365079365,0.0,False
amdf_pitch_spectral_p000,studio_M1.wav,1.295079365079365,0.0,False
amdf_pitch_spectral_p000,studio_M1.wav,1.305079365079365,0.0,False
amdf_pitch_spectral_p000,studio_M1.wav,1.315079365079365,0.0,False
amdf_pitch_spectral_p000,studio_M1.wav,1.325079365079365,185.3347154244106,True
amdf_pitch_spectral_p000,studio_M1.wav,1.335079365079365,146.57928685773194,True
amdf_pitch_spectral_p000,studio_M1.wav,1.345079365079365,145.00330030020208,True
amdf_pitch_spectral_p000,studio_M1.wav,1.355079365079365,130.33956733445376,True
amdf_pitch_spectral_p000,studio_M1.wav,1.365079365079365,119.88907497194909,True
amdf_pitch_spectral_p000,studio_M1.wav,1.375079365079365,115.6719914615293,True
amdf_pitch_spectral_p000,studio_M1.wav,1.385079365079365,113.21748251009917,True
amdf_pitch_spectral_p000,studio_M1.wav,1.395079365079365,103.128193587869,True
amdf_pitch_spectral_p000,studio_M1.wav,1.405079365079365,100.9562286604331,True
amdf_pitch_spectral_p000,studio_M1.wav,1.415079365079365,99.77952419143911,True
amdf_pitch_spectral_p000,studio_M1.wav,1.425079365079365,99.02815570975467,True
amdf_pitch_spectral_p000,studio_M1.wav,1.435079365079365,98.36514430970207,True
amdf_pitch_spectral_p000,studio_M1.wav,1.445079365079365,93.41595656085714,True
amdf_pitch_spectral_p000,studio_M1.wav,1.455079365079365,94.00174483828168,True
amdf_pitch_spectral_p000,studio_M1.wav,1.465079365079365,94.43861276168025,True
amdf_pitch_spectral_p000,studio_M1.wav,1.475079365079365,94.74609503583208,True
amdf_pitch_spectral_p000,studio_M1.wav,1.485079365079365,96.5278068387919,True
amdf_pitch_spectral_p000,studio_M1.wav,1.495079365079365,99.59069989419754,True
amdf_pitch_spectral_p000,studio_M1.wav,1.505079365079365,97.74055962159012,True
amdf_pitch_spectral_p000,studio_M1.wav,1.515079365079365,96.61933543083578,True
amdf_pitch_spectral_p000,studio_M1.wav,1.525079365079365,95.54695125968851,True
amdf_pitch_spectral_p000,studio_M1.wav,1.535079365079365,94.801734878035,True
amdf_pitch_spectral_p000,studio_M1.wav,1.545079365079365,93.97229263456889,True
amdf_pitch_spectral_p000,studio_M1.wav,1.555079365079365,90.7722398702537,True
amdf_pitch_spectral_p000,studio_M1.wav,1.565079365079365,91.01302545781164,True
amdf_pitch_spectral_p000,studio_M1.wav,1.575079365079365,91.50551301919565,True
amdf_pitch_spectral_p000,studio_M1.wav,1.585079365079365,0.0,False
amdf_pitch_spectral_p000,studio_M1.wav,1.595079365079365,0.0,False
amdf_pitch_spectral_p000,studio_M1.wav,1.605079365079365,0.0,False
amdf_pitch_spectral_p000,studio_M1.wav,1.615079365079365,0.0,False
amdf_pitch_spectral_p000,studio_M1.wav,1.625079365079365,0.0,False
amdf_pitch_spectral_p000,studio_M1.wav,1.635079365079365,0.0,False
amdf_pitch_spectral_p000,studio_M1.wav,1.645079365079365,0.0,False
amdf_pitch_spectral_p000,studio_M1.wav,1.655079365079365,0.0,False
amdf_pitch_spectral_p000,studio_M1.wav,1.665079365079365,119.63974996034403,True
amdf_pitch_spectral_p000,studio_M1.wav,1.675079365079365,105.45611297648121,True
amdf_pitch_spectral_p000,studio_M1.wav,1.685079365079365,92.98526401148821,True
amdf_pitch_spectral_p000,studio_M1.wav,1.695079365079365,91.45563662085992,True
amdf_pitch_spectral_p000,studio_M1.wav,1.705079365079365,0.0,False
amdf_pitch_spectral_p000,studio_M1.wav,1.715079365079365,0.0,False
amdf_pitch_spectral_p000,studio_M1.wav,1.725079365079365,0.0,False
amdf_pitch_spectral_p000,studio_M1.wav,1.735079365079365,0.0,False
amdf_pitch_spectral_p000,studio_M1.wav,1.745079365079365,0.0,False
amdf_pitch_spectral_p000,studio_M1.wav,1.755079365079365,0.0,False
amdf_pitch_spectral_p000,studio_M1.wav,1.765079365079365,0.0,False
amdf_pitch_spectral_p000,studio_M1.wav,1.775079365079365,0.0,False
amdf_pitch_spectral_p000,studio_M1.wav,1.785079365079365,0.0,False
amdf_pitch_spectral_p000,studio_M1.wav,1.795079365079365,0.0,False
amdf_pitch_spectral_p000,studio_M1.wav,1.805079365079365,0.0,False
amdf_pitch_spectral_p000,studio_M1.wav,1.815079365079365,0.0,False
amdf_pitch_spectral_p000,studio_M1.wav,1.825079365079365,0.0,False
amdf_pitch_spectral_p000,studio_M1.wav,1.835079365079365,114.16940727031945,True
amdf_pitch_spectral_p000,studio_M1.wav,1.845079365079365,104.79546590879009,True
amdf_pitch_spectral_p000,studio_M1.wav,1.855079365079365,103.74400167310662,True
amdf_pitch_spectral_p000,studio_M1.wav,1.865079365079365,102.363102041038,True
amdf_pitch_spectral_p000,studio_M1.wav,1.875079365079365,100.81596921078989,True
amdf_pitch_spectral_p000,studio_M1.wav,1.885079365079365,100.32149743446527,True
amdf_pitch_spectral_p000,studio_M1.wav,1.895079365079365,99.3116093944699,True
amdf_pitch_spectral_p000,studio_M1.wav,1.905079365079365,98.60135034592788,True
amdf_pitch_spectral_p000,studio_M1.wav,1.915079365079365,98.4621405094522,True
amdf_pitch_spectral_p000,studio_M1.wav,1.925079365079365,97.99629515550517,True
amdf_pitch_spectral_p000,studio_M1.wav,1.935079365079365,97.44495834820373,True
amdf_pitch_spectral_p000,studio_M1.wav,1.945079365079365,95.24703471078925,True
amdf_pitch_spectral_p000,studio_M1.wav,1.955079365079365,95.16684051192198,True
amdf_pitch_spectral_p000,studio_M1.wav,1.965079365079365,93.90276126030032,True
amdf_pitch_spectral_p000,studio_M1.wav,1.975079365079365,93.21990320021604,True
amdf_pitch_spectral_p000,studio_M1.wav,1.985079365079365,92.46851425175649,True
amdf_pitch_spectral_p000,studio_M1.wav,1.995079365079365,92.03060634959554,True
amdf_pitch_spectral_p000,studio_M1.wav,2.005079365079365,89.67770278331479,True
amdf_pitch_spectral_p000,studio_M1.wav,2.015079365079365,89.51225392670503,True
amdf_pitch_spectral_p000,studio_M1.wav,2.025079365079365,89.17080779630095,True
amdf_pitch_spectral_p000,studio_M1.wav,2.035079365079365,88.91235697801571,True
amdf_pitch_spectral_p000,studio_M1.wav,2.045079365079365,87.46324110838917,True
amdf_pitch_spectral_p000,studio_M1.wav,2.055079365079366,0.0,False
amdf_pitch_spectral_p000,studio_M1.wav,2.065079365079365,0.0,False
amdf_pitch_spectral_p000,studio_M1.wav,2.075079365079365,0.0,False
amdf_pitch_spectral_p000,studio_M1.wav,2.085079365079365,0.0,False
amdf_pitch_spectral_p000,studio_M1.wav,2.095079365079365,0.0,False
amdf_pitch_spectral_p000,studio_M1.wav,2.105079365079365,0.0,False
amdf_pitch_spectral_p000,studio_M1.wav,2.115079365079365,0.0,False
amdf_pitch_spectral_p000,studio_M1.wav,2.125079365079365,0.0,False
amdf_pitch_spectral_p000,studio_M1.wav,2.135079365079365,0.0,False
amdf_pitch_spectral_p000,studio_M1.wav,2.145079365079365,0.0,False
amdf_pitch_spectral_p000,studio_M1.wav,2.155079365079365,0.0,False
amdf_pitch_spectral_p000,studio_M1.wav,2.165079365079365,0.0,False
amdf_pitch_spectral_p000,studio_M1.wav,2.175079365079365,0.0,False
amdf_pitch_spectral_p000,studio_M1.wav,2.185079365079365,0.0,False
amdf_pitch_spectral_p000,studio_M1.wav,2.195079365079365,0.0,False
amdf_pitch_spectral_p000,studio_M1.wav,2.205079365079365,0.0,False
amdf_pitch_spectral_p000,studio_M1.wav,2.215079365079365,0.0,False
amdf_pitch_spectral_p000,studio_M1.wav,2.225079365079365,0.0,False
amdf_pitch_spectral_p000,studio_M1.wav,2.235079365079365,0.0,False
amdf_pitch_spectral_p000,studio_M1.wav,2.245079365079365,0.0,False
amdf_pitch_spectral_p000,studio_M1.wav,2.255079365079365,0.0,False
amdf_pitch_spectral_p000,studio_M1.wav,2.265079365079365,0.0,False
amdf_pitch_spectral_p000,studio_M1.wav,2.275079365079365,0.0,False
amdf_pitch_spectral_p000,studio_M1.wav,2.285079365079365,0.0,False
amdf_pitch_spectral_p000,studio_M1.wav,2.295079365079365,0.0,False
amdf_pitch_spectral_p000,studio_M1.wav,2.305079365079366,0.0,False
amdf_pitch_spectral_p000,studio_M1.wav,2.315079365079365,0.0,False
amdf_pitch_spectral_p000,studio_M1.wav,2.325079365079366,0.0,False
amdf_pitch_spectral_p000,studio_M1.wav,2.335079365079365,0.0,False
amdf_pitch_spectral_p000,studio_M1.wav,2.345079365079365,0.0,False
amdf_pitch_spectral_p000,studio_M1.wav,2.355079365079365,0.0,False
amdf_pitch_spectral_p000,studio_M1.wav,2.365079365079365,0.0,False
amdf_pitch_spectral_p000,studio_M1.wav,2.375079365079365,0.0,False
amdf_pitch_spectral_p000,studio_M1.wav,2.385079365079365,0.0,False
amdf_pitch_spectral_p000,studio_M1.wav,2.395079365079365,0.0,False
amdf_pitch_spectral_p000,studio_M1.wav,2.405079365079365,0.0,False
amdf_pitch_spectral_p000,studio_M1.wav,2.415079365079365,0.0,False
amdf_pitch_spectral_p000,studio_M1.wav,2.425079365079365,0.0,False
amdf_pitch_spectral_p000,studio_M1.wav,2.435079365079365,0.0,False
amdf_pitch_spectral_p000,studio_M1.wav,2.445079365079365,0.0,False
amdf_pitch_spectral_p000,studio_M1.wav,2.455079365079365,0.0,False
amdf_pitch_spectral_p000,studio_M1.wav,2.465079365079365,0.0,False
amdf_pitch_spectral_p000,studio_M1.wav,2.475079365079365,0.0,False
amdf_pitch_spectral_p000,studio_M1.wav,2.485079365079365,0.0,False
amdf_pitch_spectral_p000,studio_M1.wav,2.495079365079365,0.0,False
amdf_pitch_spectral_p000,studio_M1.wav,2.505079365079365,0.0,False
amdf_pitch_spectral_p000,studio_M1.wav,2.515079365079365,0.0,False
amdf_pitch_spectral_p000,studio_M1.wav,2.525079365079365,0.0,False
amdf_pitch_spectral_p000,studio_M1.wav,2.535079365079365,0.0,False
amdf_pitch_spectral_p000,studio_M1.wav,2.545079365079365,0.0,False
amdf_pitch_spectral_p000,studio_M1.wav,2.555079365079366,0.0,False
amdf_pitch_spectral_p000,studio_M1.wav,2.565079365079365,0.0,False
amdf_pitch_spectral_p000,studio_M1.wav,2.575079365079366,0.0,False
amdf_pitch_spectral_p000,studio_M1.wav,2.585079365079365,0.0,False
amdf_pitch_spectral_p000,studio_M1.wav,2.595079365079365,0.0,False
amdf_pitch_spectral_p000,studio_M1.wav,2.605079365079365,0.0,False
amdf_pitch_spectral_p000,studio_M1.wav,2.615079365079365,0.0,False
amdf_pitch_spectral_p000,studio_M1.wav,2.625079365079365,0.0,False
amdf_pitch_spectral_p000,studio_M1.wav,2.635079365079365,0.0,False
amdf_pitch_spectral_p000,studio_M1.wav,2.645079365079365,0.0,False
amdf_pitch_spectral_p000,studio_M1.wav,2.655079365079365,0.0,False
amdf_pitch_spectral_p000,studio_M1.wav,2.665079365079365,0.0,False
amdf_pitch_spectral_p000,studio_M1.wav,2.675079365079365,0.0,False
amdf_pitch_spectral_p000,studio_M1.wav,2.685079365079365,0.0,False
amdf_pitch_spectral_p000,studio_M1.wav,2.695079365079365,0.0,False
amdf_pitch_spectral_p000,studio_M1.wav,2.705079365079365,0.0,False
amdf_pitch_spectral_p140,studio_M1.wav,0.025079365079365,0.0,False
amdf_pitch_spectral_p140,studio_M1.wav,0.035079365079365,0.0,False
amdf_pitch_spectral_p140,studio_M1.wav,0.045079365079365,0.0,False
amdf_pitch_spectral_p140,studio_M1.wav,0.055079365079365,0.0,False
amdf_pitch_spectral_p140,studio_M1.wav,0.065079365079365,0.0,False
amdf_pitch_spectral_p140,studio_M1.wav,0.075079365079365,0.0,False
amdf_pitch_spectral_p140,studio_M1.wav,0.085079365079365,0.0,False
amdf_pitch_spectral_p140,studio_M1.wav,0.095079365079365,0.0,False
amdf_pitch_spectral_p140,studio_M1.wav,0.105079365079365,0.0,False
amdf_pitch_spectral_p140,studio_M1.wav,0.115079365079365,0.0,False
amdf_pitch_spectral_p140,studio_M1.wav,0.125079365079365,0.0,False
amdf_pitch_spectral_p140,studio_M1.wav,0.135079365079365,0.0,False
amdf_pitch_spectral_p140,studio_M1.wav,0.145079365079365,0.0,False
amdf_pitch_spectral_p140,studio_M1.wav,0.155079365079365,0.0,False
amdf_pitch_spectral_p140,studio_M1.wav,0.165079365079365,0.0,False
amdf_pitch_spectral_p140,studio_M1.wav,0.175079365079365,0.0,False
amdf_pitch_spectral_p140,studio_M1.wav,0.185079365079365,0.0,False
amdf_pitch_spectral_p140,studio_M1.wav,0.195079365079365,0.0,False
amdf_pitch_spectral_p140,studio_M1.wav,0.205079365079365,0.0,False
amdf_pitch_spectral_p140,studio_M1.wav,0.215079365079365,0.0,False
amdf_pitch_spectral_p140,studio_M1.wav,0.225079365079365,0.0,False
amdf_pitch_spectral_p140,studio_M1.wav,0.235079365079365,0.0,False
amdf_pitch_spectral_p140,studio_M1.wav,0.245079365079365,0.0,False
amdf_pitch_spectral_p140,studio_M1.wav,0.255079365079365,0.0,False
amdf_pitch_spectral_p140,studio_M1.wav,0.265079365079365,0.0,False
amdf_pitch_spectral_p140,studio_M1.wav,0.275079365079365,0.0,False
amdf_pitch_spectral_p140,studio_M1.wav,0.285079365079365,0.0,False
amdf_pitch_spectral_p140,studio_M1.wav,0.295079365079365,0.0,False
amdf_pitch_spectral_p140,studio_M1.wav,0.305079365079365,0.0,False
amdf_pitch_spectral_p140,studio_M1.wav,0.315079365079365,0.0,False
amdf_pitch_spectral_p140,studio_M1.wav,0.325079365079365,0.0,False
amdf_pitch_spectral_p140,studio_M1.wav,0.335079365079365,0.0,False
amdf_pitch_spectral_p140,studio_M1.wav,0.345079365079365,0.0,False
amdf_pitch_spectral_p140,studio_M1.wav,0.355079365079365,0.0,False
amdf_pitch_spectral_p140,studio_M1.wav,0.365079365079365,0.0,False
amdf_pitch_spectral_p140,studio_M1.wav,0.375079365079365,0.0,False
amdf_pitch_spectral_p140,studio_M1.wav,0.385079365079365,0.0,False
amdf_pitch_spectral_p140,studio_M1.wav,0.395079365079365,0.0,False
amdf_pitch_spectral_p140,studio_M1.wav,0.405079365079365,0.0,False
amdf_pitch_spectral_p140,studio_M1.wav,0.415079365079365,0.0,False
amdf_pitch_spectral_p140,studio_M1.wav,0.425079365079365,0.0,False
amdf_pitch_spectral_p140,studio_M1.wav,0.435079365079365,0.0,False
amdf_pitch_spectral_p140,studio_M1.wav,0.445079365079365,0.0,False
amdf_pitch_spectral_p140,studio_M1.wav,0.455079365079365,0.0,False
amdf_pitch_spectral_p140,studio_M1.wav,0.465079365079365,0.0,False
amdf_pitch_spectral_p140,studio_M1.wav,0.475079365079365,0.0,False
amdf_pitch_spectral_p140,studio_M1.wav,0.485079365079365,0.0,False
amdf_pitch_spectral_p140,studio_M1.wav,0.495079365079365,0.0,False
amdf_pitch_spectral_p140,studio_M1.wav,0.505079365079365,0.0,False
amdf_pitch_spectral_p140,studio_M1.wav,0.515079365079365,0.0,False
amdf_pitch_spectral_p140,studio_M1.wav,0.525079365079365,0.0,False
amdf_pitch_spectral_p140,studio_M1.wav,0.535079365079365,0.0,False
amdf_pitch_spectral_p140,studio_M1.wav,0.545079365079365,0.0,False
amdf_pitch_spectral_p140,studio_M1.wav,0.555079365079365,0.0,False
amdf_pitch_spectral_p140,studio_M1.wav,0.565079365079365,0.0,False
amdf_pitch_spectral_p140,studio_M1.wav,0.575079365079365,0.0,False
amdf_pitch_spectral_p140,studio_M1.wav,0.585079365079365,0.0,False
amdf_pitch_spectral_p140,studio_M1.wav,0.595079365079365,0.0,False
amdf_pitch_spectral_p140,studio_M1.wav,0.605079365079365,0.0,False
amdf_pitch_spectral_p140,studio_M1.wav,0.615079365079365,0.0,False
amdf_pitch_spectral_p140,studio_M1.wav,0.625079365079365,0.0,False
amdf_pitch_spectral_p140,studio_M1.wav,0.635079365079365,0.0,False
amdf_pitch_spectral_p140,studio_M1.wav,0.645079365079365,0.0,False
amdf_pitch_spectral_p140,studio_M1.wav,0.655079365079365,0.0,False
amdf_pitch_spectral_p140,studio_M1.wav,0.665079365079365,0.0,False
amdf_pitch_spectral_p140,studio_M1.wav,0.675079365079365,0.0,False
amdf_pitch_spectral_p140,studio_M1.wav,0.685079365079365,0.0,False
amdf_pitch_spectral_p140,studio_M1.wav,0.695079365079365,0.0,False
amdf_pitch_spectral_p140,studio_M1.wav,0.705079365079365,0.0,False
amdf_pitch_spectral_p140,studio_M1.wav,0.715079365079365,0.0,False
amdf_pitch_spectral_p140,studio_M1.wav,0.725079365079365,0.0,False
amdf_pitch_spectral_p140,studio_M1.wav,0.735079365079365,0.0,False
amdf_pitch_spectral_p140,studio_M1.wav,0.745079365079365,0.0,False
amdf_pitch_spectral_p140,studio_M1.wav,0.755079365079365,0.0,False
amdf_pitch_spectral_p140,studio_M1.wav,0.765079365079365,0.0,False
amdf_pitch_spectral_p140,studio_M1.wav,0.775079365079365,0.0,False
amdf_pitch_spectral_p140,studio_M1.wav,0.785079365079365,0.0,False
amdf_pitch_spectral_p140,studio_M1.wav,0.795079365079365,0.0,False
amdf_pitch_spectral_p140,studio_M1.wav,0.805079365079365,0.0,False
amdf_pitch_spectral_p140,studio_M1.wav,0.815079365079365,0.0,False
amdf_pitch_spectral_p140,studio_M1.wav,0.825079365079365,0.0,False
amdf_pitch_spectral_p140,studio_M1.wav,0.835079365079365,0.0,False
amdf_pitch_spectral_p140,studio_M1.wav,0.845079365079365,0.0,False
amdf_pitch_spectral_p140,studio_M1.wav,0.855079365079365,0.0,False
amdf_pitch_spectral_p140,studio_M1.wav,0.865079365079365,0.0,False
amdf_pitch_spectral_p140,studio_M1.wav,0.875079365079365,0.0,False
amdf_pitch_spectral_p140,studio_M1.wav,0.885079365079365,0.0,False
amdf_pitch_spectral_p140,studio_M1.wav,0.895079365079365,0.0,False
amdf_pitch_spectral_p140,studio_M1.wav,0.905079365079365,0.0,False
amdf_pitch_spectral_p140,studio_M1.wav,0.915079365079365,0.0,False
amdf_pitch_spectral_p140,studio_M1.wav,0.925079365079365,159.95183766823317,True
amdf_pitch_spectral_p140,studio_M1.wav,0.935079365079365,137.78495633153034,True
amdf_pitch_spectral_p140,studio_M1.wav,0.945079365079365,137.9939254439179,True
amdf_pitch_spectral_p140,studio_M1.wav,0.955079365079365,135.83820705829027,True
amdf_pitch_spectral_p140,studio_M1.wav,0.965079365079365,134.71451851848516,True
amdf_pitch_spectral_p140,studio_M1.wav,0.975079365079365,133.98029363824944,True
amdf_pitch_spectral_p140,studio_M1.wav,0.985079365079365,133.46994132071188,True
amdf_pitch_spectral_p140,studio_M1.wav,0.995079365079365,124.0797711820343,True
amdf_pitch_spectral_p140,studio_M1.wav,1.005079365079365,122.2838704545872,True
amdf_pitch_spectral_p140,studio_M1.wav,1.015079365079365,120.90359598744406,True
amdf_pitch_spectral_p140,studio_M1.wav,1.025079365079365,120.03250798879564,True
amdf_pitch_spectral_p140,studio_M1.wav,1.035079365079365,119.24033332669657,True
amdf_pitch_spectral_p140,studio_M1.wav,1.045079365079365,118.60426357053717,True
amdf_pitch_spectral_p140,studio_M1.wav,1.055079365079365,118.55891140050744,True
amdf_pitch_spectral_p140,studio_M1.wav,1.065079365079365,117.8037990950555,True
amdf_pitch_spectral_p140,studio_M1.wav,1.075079365079365,116.57306439126317,True
amdf_pitch_spectral_p140,studio_M1.wav,1.085079365079365,115.87137827020342,True
amdf_pitch_spectral_p140,studio_M1.wav,1.095079365079365,126.65270865492722,True
amdf_pitch_spectral_p140,studio_M1.wav,1.105079365079365,131.93868414238727,True
amdf_pitch_spectral_p140,studio_M1.wav,1.115079365079365,133.1498350781403,True
amdf_pitch_spectral_p140,studio_M1.wav,1.125079365079365,135.94006211419511,True
amdf_pitch_spectral_p140,studio_M1.wav,1.135079365079365,136.1912925323943,True
amdf_pitch_spectral_p140,studio_M1.wav,1.145079365079365,140.3718560982152,True
amdf_pitch_spectral_p140,studio_M1.wav,1.155079365079365,140.77391808677262,True
amdf_pitch_spectral_p140,studio_M1.wav,1.165079365079365,132.63190389640047,True
amdf_pitch_spectral_p140,studio_M1.wav,1.175079365079365,134.90862372371666,True
amdf_pitch_spectral_p140,studio_M1.wav,1.185079365079365,0.0,False
amdf_pitch_spectral_p140,studio_M1.wav,1.195079365079365,0.0,False
amdf_pitch_spectral_p140,studio_M1.wav,1.205079365079365,164.65141044317917,True
amdf_pitch_spectral_p140,studio_M1.wav,1.215079365079365,168.41087834410231,True
amdf_pitch_spectral_p140,studio_M1.wav,1.225079365079365,172.88174802971818,True
amdf_pitch_spectral_p140,studio_M1.wav,1.235079365079365,174.49696969854793,True
amdf_pitch_spectral_p140,studio_M1.wav,1.245079365079365,174.91399626831978,True
amdf_pitch_spectral_p140,studio_M1.wav,1.255079365079365,175.20970812872423,True
amdf_pitch_spectral_p140,studio_M1.wav,1.265079365079365,174.86207180946508,True
amdf_pitch_spectral_p140,studio_M1.wav,1.275079365079365,0.0,False
amdf_pitch_spectral_p140,studio_M1.wav,1.285079365079365,0.0,False
amdf_pitch_spectral_p140,studio_M1.wav,1.295079365079365,0.0,False
amdf_pitch_spectral_p140,studio_M1.wav,1.305079365079365,0.0,False
amdf_pitch_spectral_p140,studio_M1.wav,1.315079365079365,0.0,False
amdf_pitch_spectral_p140,studio_M1.wav,1.325079365079365,185.3347154244106,True
amdf_pitch_spectral_p140,studio_M1.wav,1.335079365079365,146.57928685773194,True
amdf_pitch_spectral_p140,studio_M1.wav,1.345079365079365,145.00330030020208,True
amdf_pitch_spectral_p140,studio_M1.wav,1.355079365079365,136.02777090349298,True
amdf_pitch_spectral_p140,studio_M1.wav,1.365079365079365,121.89567590433565,True
amdf_pitch_spectral_p140,studio_M1.wav,1.375079365079365,116.69973329935608,True
amdf_pitch_spectral_p140,studio_M1.wav,1.385079365079365,109.06910809148181,True
amdf_pitch_spectral_p140,studio_M1.wav,1.395079365079365,103.12348356331653,True
amdf_pitch_spectral_p140,studio_M1.wav,1.405079365079365,101.1621227312116,True
amdf_pitch_spectral_p140,studio_M1.wav,1.415079365079365,99.64892412224458,True
amdf_pitch_spectral_p140,studio_M1.wav,1.425079365079365,98.67900670131297,True
amdf_pitch_spectral_p140,studio_M1.wav,1.435079365079365,98.73553988851084,True
amdf_pitch_spectral_p140,studio_M1.wav,1.445079365079365,93.12112771223421,True
amdf_pitch_spectral_p140,studio_M1.wav,1.455079365079365,93.79377490525252,True
amdf_pitch_spectral_p140,studio_M1.wav,1.465079365079365,94.30820610225177,True
amdf_pitch_spectral_p140,studio_M1.wav,1.475079365079365,94.9628507084039,True
amdf_pitch_spectral_p140,studio_M1.wav,1.485079365079365,96.34706461367745,True
amdf_pitch_spectral_p140,studio_M1.wav,1.495079365079365,99.59069989419754,True
amdf_pitch_spectral_p140,studio_M1.wav,1.505079365079365,97.74055962159012,True
amdf_pitch_spectral_p140,studio_M1.wav,1.515079365079365,96.61933543083578,True
amdf_pitch_spectral_p140,studio_M1.wav,1.525079365079365,95.54695125968851,True
amdf_pitch_spectral_p140,studio_M1.wav,1.535079365079365,94.801734878035,True
amdf_pitch_spectral_p140,studio_M1.wav,1.545079365079365,93.97229263456889,True
amdf_pitch_spectral_p140,studio_M1.wav,1.555079365079365,88.30935681874448,True
amdf_pitch_spectral_p140,studio_M1.wav,1.565079365079365,91.1662168577219,True
amdf_pitch_spectral_p140,studio_M1.wav,1.575079365079365,91.98469726177332,True
amdf_pitch_spectral_p140,studio_M1.wav,1.585079365079365,0.0,False
amdf_pitch_spectral_p140,studio_M1.wav,1.595079365079365,0.0,False
amdf_pitch_spectral_p140,studio_M1.wav,1.605079365079365,0.0,False
amdf_pitch_spectral_p140,studio_M1.wav,1.615079365079365,0.0,False
amdf_pitch_spectral_p140,studio_M1.wav,1.625079365079365,0.0,False
amdf_pitch_spectral_p140,studio_M1.wav,1.635079365079365,0.0,False
amdf_pitch_spectral_p140,studio_M1.wav,1.645079365079365,0.0,False
amdf_pitch_spectral_p140,studio_M1.wav,1.655079365079365,0.0,False
amdf_pitch_spectral_p140,studio_M1.wav,1.665079365079365,119.63974996034403,True
amdf_pitch_spectral_p140,studio_M1.wav,1.675079365079365,105.45611297648121,True
amdf_pitch_spectral_p140,studio_M1.wav,1.685079365079365,92.98526401148821,True
amdf_pitch_spectral_p140,studio_M1.wav,1.695079365079365,91.45563662085992,True
amdf_pitch_spectral_p140,studio_M1.wav,1.705079365079365,0.0,False
amdf_pitch_spectral_p140,studio_M1.wav,1.715079365079365,0.0,False
amdf_pitch_spectral_p140,studio_M1.wav,1.725079365079365,0.0,False
amdf_pitch_spectral_p140,studio_M1.wav,1.735079365079365,0.0,False
amdf_pitch_spectral_p140,studio_M1.wav,1.745079365079365,0.0,False
amdf_pitch_spectral_p140,studio_M1.wav,1.755079365079365,0.0,False
amdf_pitch_spectral_p140,studio_M1.wav,1.765079365079365,0.0,False
amdf_pitch_spectral_p140,studio_M1.wav,1.775079365079365,0.0,False
amdf_pitch_spectral_p140,studio_M1.wav,1.785079365079365,0.0,False
amdf_pitch_spectral_p140,studio_M1.wav,1.795079365079365,0.0,False
amdf_pitch_spectral_p140,studio_M1.wav,1.805079365079365,0.0,False
amdf_pitch_spectral_p140,studio_M1.wav,1.815079365079365,0.0,False
amdf_pitch_spectral_p140,studio_M1.wav,1.825079365079365,0.0,False
amdf_pitch_spectral_p140,studio_M1.wav,1.835079365079365,114.16940727031945,True
amdf_pitch_spectral_p140,studio_M1.wav,1.845079365079365,104.79546590879009,True
amdf_pitch_spectral_p140,studio_M1.wav,1.855079365079365,103.74400167310662,True
amdf_pitch_spectral_p140,studio_M1.wav,1.865079365079365,102.363102041038,True
amdf_pitch_spectral_p140,studio_M1.wav,1.875079365079365,100.81596921078989,True
amdf_pitch_spectral_p140,studio_M1.wav,1.885079365079365,100.32149743446527,True
amdf_pitch_spectral_p140,studio_M1.wav,1.895079365079365,99.3116093944699,True
amdf_pitch_spectral_p140,studio_M1.wav,1.905079365079365,98.60135034592788,True
amdf_pitch_spectral_p140,studio_M1.wav,1.915079365079365,98.4621405094522,True
amdf_pitch_spectral_p140,studio_M1.wav,1.925079365079365,97.99629515550517,True
amdf_pitch_spectral_p140,studio_M1.wav,1.935079365079365,97.44495834820373,True
amdf_pitch_spectral_p140,studio_M1.wav,1.945079365079365,95.24703471078925,True
amdf_pitch_spectral_p140,studio_M1.wav,1.955079365079365,95.16684051192198,True
amdf_pitch_spectral_p140,studio_M1.wav,1.965079365079365,93.90276126030032,True
amdf_pitch_spectral_p140,studio_M1.wav,1.975079365079365,93.21990320021604,True
amdf_pitch_spectral_p140,studio_M1.wav,1.985079365079365,92.46851425175649,True
amdf_pitch_spectral_p140,studio_M1.wav,1.995079365079365,92.03060634959554,True
amdf_pitch_spectral_p140,studio_M1.wav,2.005079365079365,89.74773507109072,True
amdf_pitch_spectral_p140,studio_M1.wav,2.015079365079365,89.50774218528659,True
amdf_pitch_spectral_p140,studio_M1.wav,2.025079365079365,89.07975353159553,True
amdf_pitch_spectral_p140,studio_M1.wav,2.035079365079365,87.65777745535614,True
amdf_pitch_spectral_p140,studio_M1.wav,2.045079365079365,94.20105391953462,True
amdf_pitch_spectral_p140,studio_M1.wav,2.055079365079366,0.0,False
amdf_pitch_spectral_p140,studio_M1.wav,2.065079365079365,0.0,False
amdf_pitch_spectral_p140,studio_M1.wav,2.075079365079365,0.0,False
amdf_pitch_spectral_p140,studio_M1.wav,2.085079365079365,0.0,False
amdf_pitch_spectral_p140,studio_M1.wav,2.095079365079365,0.0,False
amdf_pitch_spectral_p140,studio_M1.wav,2.105079365079365,0.0,False
amdf_pitch_spectral_p140,studio_M1.wav,2.115079365079365,0.0,False
amdf_pitch_spectral_p140,studio_M1.wav,2.125079365079365,0.0,False
amdf_pitch_spectral_p140,studio_M1.wav,2.135079365079365,0.0,False
amdf_pitch_spectral_p140,studio_M1.wav,2.145079365079365,0.0,False
amdf_pitch_spectral_p140,studio_M1.wav,2.155079365079365,0.0,False
amdf_pitch_spectral_p140,studio_M1.wav,2.165079365079365,0.0,False
amdf_pitch_spectral_p140,studio_M1.wav,2.175079365079365,0.0,False
amdf_pitch_spectral_p140,studio_M1.wav,2.185079365079365,0.0,False
amdf_pitch_spectral_p140,studio_M1.wav,2.195079365079365,0.0,False
amdf_pitch_spectral_p140,studio_M1.wav,2.205079365079365,0.0,False
amdf_pitch_spectral_p140,studio_M1.wav,2.215079365079365,0.0,False
amdf_pitch_spectral_p140,studio_M1.wav,2.225079365079365,0.0,False
amdf_pitch_spectral_p140,studio_M1.wav,2.235079365079365,0.0,False
amdf_pitch_spectral_p140,studio_M1.wav,2.245079365079365,0.0,False
amdf_pitch_spectral_p140,studio_M1.wav,2.255079365079365,0.0,False
amdf_pitch_spectral_p140,studio_M1.wav,2.265079365079365,0.0,False
amdf_pitch_spectral_p140,studio_M1.wav,2.275079365079365,0.0,False
amdf_pitch_spectral_p140,studio_M1.wav,2.285079365079365,0.0,False
amdf_pitch_spectral_p140,studio_M1.wav,2.295079365079365,0.0,False
amdf_pitch_spectral_p140,studio_M1.wav,2.305079365079366,0.0,False
amdf_pitch_spectral_p140,studio_M1.wav,2.315079365079365,0.0,False
amdf_pitch_spectral_p140,studio_M1.wav,2.325079365079366,0.0,False
amdf_pitch_spectral_p140,studio_M1.wav,2.335079365079365,0.0,False
amdf_pitch_spectral_p140,studio_M1.wav,2.345079365079365,0.0,False
amdf_pitch_spectral_p140,studio_M1.wav,2.355079365079365,0.0,False
amdf_pitch_spectral_p140,studio_M1.wav,2.365079365079365,0.0,False
amdf_pitch_spectral_p140,studio_M1.wav,2.375079365079365,0.0,False
amdf_pitch_spectral_p140,studio_M1.wav,2.385079365079365,0.0,False
amdf_pitch_spectral_p140,studio_M1.wav,2.395079365079365,0.0,False
amdf_pitch_spectral_p140,studio_M1.wav,2.405079365079365,0.0,False
amdf_pitch_spectral_p140,studio_M1.wav,2.415079365079365,0.0,False
amdf_pitch_spectral_p140,studio_M1.wav,2.425079365079365,0.0,False
amdf_pitch_spectral_p140,studio_M1.wav,2.435079365079365,0.0,False
amdf_pitch_spectral_p140,studio_M1.wav,2.445079365079365,0.0,False
amdf_pitch_spectral_p140,studio_M1.wav,2.455079365079365,0.0,False
amdf_pitch_spectral_p140,studio_M1.wav,2.465079365079365,0.0,False
amdf_pitch_spectral_p140,studio_M1.wav,2.475079365079365,0.0,False
amdf_pitch_spectral_p140,studio_M1.wav,2.485079365079365,0.0,False
amdf_pitch_spectral_p140,studio_M1.wav,2.495079365079365,0.0,False
amdf_pitch_spectral_p140,studio_M1.wav,2.505079365079365,0.0,False
amdf_pitch_spectral_p140,studio_M1.wav,2.515079365079365,0.0,False
amdf_pitch_spectral_p140,studio_M1.wav,2.525079365079365,0.0,False
amdf_pitch_spectral_p140,studio_M1.wav,2.535079365079365,0.0,False
amdf_pitch_spectral_p140,studio_M1.wav,2.545079365079365,0.0,False
amdf_pitch_spectral_p140,studio_M1.wav,2.555079365079366,0.0,False
amdf_pitch_spectral_p140,studio_M1.wav,2.565079365079365,0.0,False
amdf_pitch_spectral_p140,studio_M1.wav,2.575079365079366,0.0,False
amdf_pitch_spectral_p140,studio_M1.wav,2.585079365079365,0.0,False
amdf_pitch_spectral_p140,studio_M1.wav,2.595079365079365,0.0,False
amdf_pitch_spectral_p140,studio_M1.wav,2.605079365079365,0.0,False
amdf_pitch_spectral_p140,studio_M1.wav,2.615079365079365,0.0,False
amdf_pitch_spectral_p140,studio_M1.wav,2.625079365079365,0.0,False
amdf_pitch_spectral_p140,studio_M1.wav,2.635079365079365,0.0,False
amdf_pitch_spectral_p140,studio_M1.wav,2.645079365079365,0.0,False
amdf_pitch_spectral_p140,studio_M1.wav,2.655079365079365,0.0,False
amdf_pitch_spectral_p140,studio_M1.wav,2.665079365079365,0.0,False
amdf_pitch_spectral_p140,studio_M1.wav,2.675079365079365,0.0,False
amdf_pitch_spectral_p140,studio_M1.wav,2.685079365079365,0.0,False
amdf_pitch_spectral_p140,studio_M1.wav,2.695079365079365,0.0,False
amdf_pitch_spectral_p140,studio_M1.wav,2.705079365079365,0.0,False
amdf_pitch_spectral_p170,studio_M1.wav,0.025079365079365,0.0,False
amdf_pitch_spectral_p170,studio_M1.wav,0.035079365079365,0.0,False
amdf_pitch_spectral_p170,studio_M1.wav,0.045079365079365,0.0,False
amdf_pitch_spectral_p170,studio_M1.wav,0.055079365079365,0.0,False
amdf_pitch_spectral_p170,studio_M1.wav,0.065079365079365,0.0,False
amdf_pitch_spectral_p170,studio_M1.wav,0.075079365079365,0.0,False
amdf_pitch_spectral_p170,studio_M1.wav,0.085079365079365,0.0,False
amdf_pitch_spectral_p170,studio_M1.wav,0.095079365079365,0.0,False
amdf_pitch_spectral_p170,studio_M1.wav,0.105079365079365,0.0,False
amdf_pitch_spectral_p170,studio_M1.wav,0.115079365079365,0.0,False
amdf_pitch_spectral_p170,studio_M1.wav,0.125079365079365,0.0,False
amdf_pitch_spectral_p170,studio_M1.wav,0.135079365079365,0.0,False
amdf_pitch_spectral_p170,studio_M1.wav,0.145079365079365,0.0,False
amdf_pitch_spectral_p170,studio_M1.wav,0.155079365079365,0.0,False
amdf_pitch_spectral_p170,studio_M1.wav,0.165079365079365,0.0,False
amdf_pitch_spectral_p170,studio_M1.wav,0.175079365079365,0.0,False
amdf_pitch_spectral_p170,studio_M1.wav,0.185079365079365,0.0,False
amdf_pitch_spectral_p170,studio_M1.wav,0.195079365079365,0.0,False
amdf_pitch_spectral_p170,studio_M1.wav,0.205079365079365,0.0,False
amdf_pitch_spectral_p170,studio_M1.wav,0.215079365079365,0.0,False
amdf_pitch_spectral_p170,studio_M1.wav,0.225079365079365,0.0,False
amdf_pitch_spectral_p170,studio_M1.wav,0.235079365079365,0.0,False
amdf_pitch_spectral_p170,studio_M1.wav,0.245079365079365,0.0,False
amdf_pitch_spectral_p170,studio_M1.wav,0.255079365079365,0.0,False
amdf_pitch_spectral_p170,studio_M1.wav,0.265079365079365,0.0,False
amdf_pitch_spectral_p170,studio_M1.wav,0.275079365079365,0.0,False
amdf_pitch_spectral_p170,studio_M1.wav,0.285079365079365,0.0,False
amdf_pitch_spectral_p170,studio_M1.wav,0.295079365079365,0.0,False
amdf_pitch_spectral_p170,studio_M1.wav,0.305079365079365,0.0,False
amdf_pitch_spectral_p170,studio_M1.wav,0.315079365079365,0.0,False
amdf_pitch_spectral_p170,studio_M1.wav,0.325079365079365,0.0,False
amdf_pitch_spectral_p170,studio_M1.wav,0.335079365079365,0.0,False
amdf_pitch_spectral_p170,studio_M1.wav,0.345079365079365,0.0,False
amdf_pitch_spectral_p170,studio_M1.wav,0.355079365079365,0.0,False
amdf_pitch_spectral_p170,studio_M1.wav,0.365079365079365,0.0,False
amdf_pitch_spectral_p170,studio_M1.wav,0.375079365079365,0.0,False
amdf_pitch_spectral_p170,studio_M1.wav,0.385079365079365,0.0,False
amdf_pitch_spectral_p170,studio_M1.wav,0.395079365079365,0.0,False
amdf_pitch_spectral_p170,studio_M1.wav,0.405079365079365,0.0,False
amdf_pitch_spectral_p170,studio_M1.wav,0.415079365079365,0.0,False
amdf_pitch_spectral_p170,studio_M1.wav,0.425079365079365,0.0,False
amdf_pitch_spectral_p170,studio_M1.wav,0.435079365079365,0.0,False
amdf_pitch_spectral_p170,studio_M1.wav,0.445079365079365,0.0,False
amdf_pitch_spectral_p170,studio_M1.wav,0.455079365079365,0.0,False
amdf_pitch_spectral_p170,studio_M1.wav,0.465079365079365,0.0,False
amdf_pitch_spectral_p170,studio_M1.wav,0.475079365079365,0.0,False
amdf_pitch_spectral_p170,studio_M1.wav,0.485079365079365,0.0,False
amdf_pitch_spectral_p170,studio_M1.wav,0.495079365079365,0.0,False
amdf_pitch_spectral_p170,studio_M1.wav,0.505079365079365,0.0,False
amdf_pitch_spectral_p170,studio_M1.wav,0.515079365079365,0.0,False
amdf_pitch_spectral_p170,studio_M1.wav,0.525079365079365,0.0,False
amdf_pitch_spectral_p170,studio_M1.wav,0.535079365079365,0.0,False
amdf_pitch_spectral_p170,studio_M1.wav,0.545079365079365,0.0,False
amdf_pitch_spectral_p170,studio_M1.wav,0.555079365079365,0.0,False
amdf_pitch_spectral_p170,studio_M1.wav,0.565079365079365,0.0,False
amdf_pitch_spectral_p170,studio_M1.wav,0.575079365079365,0.0,False
amdf_pitch_spectral_p170,studio_M1.wav,0.585079365079365,0.0,False
amdf_pitch_spectral_p170,studio_M1.wav,0.595079365079365,0.0,False
amdf_pitch_spectral_p170,studio_M1.wav,0.605079365079365,0.0,False
amdf_pitch_spectral_p170,studio_M1.wav,0.615079365079365,0.0,False
amdf_pitch_spectral_p170,studio_M1.wav,0.625079365079365,0.0,False
amdf_pitch_spectral_p170,studio_M1.wav,0.635079365079365,0.0,False
amdf_pitch_spectral_p170,studio_M1.wav,0.645079365079365,0.0,False
amdf_pitch_spectral_p170,studio_M1.wav,0.655079365079365,0.0,False
amdf_pitch_spectral_p170,studio_M1.wav,0.665079365079365,0.0,False
amdf_pitch_spectral_p170,studio_M1.wav,0.675079365079365,0.0,False
amdf_pitch_spectral_p170,studio_M1.wav,0.685079365079365,0.0,False
amdf_pitch_spectral_p170,studio_M1.wav,0.695079365079365,0.0,False
amdf_pitch_spectral_p170,studio_M1.wav,0.705079365079365,0.0,False
amdf_pitch_spectral_p170,studio_M1.wav,0.715079365079365,0.0,False
amdf_pitch_spectral_p170,studio_M1.wav,0.725079365079365,0.0,False
amdf_pitch_spectral_p170,studio_M1.wav,0.735079365079365,0.0,False
amdf_pitch_spectral_p170,studio_M1.wav,0.745079365079365,0.0,False
amdf_pitch_spectral_p170,studio_M1.wav,0.755079365079365,0.0,False
amdf_pitch_spectral_p170,studio_M1.wav,0.765079365079365,0.0,False
amdf_pitch_spectral_p170,studio_M1.wav,0.775079365079365,0.0,False
amdf_pitch_spectral_p170,studio_M1.wav,0.785079365079365,0.0,False
amdf_pitch_spectral_p170,studio_M1.wav,0.795079365079365,0.0,False
amdf_pitch_spectral_p170,studio_M1.wav,0.805079365079365,0.0,False
amdf_pitch_spectral_p170,studio_M1.wav,0.815079365079365,0.0,False
amdf_pitch_spectral_p170,studio_M1.wav,0.825079365079365,0.0,False
amdf_pitch_spectral_p170,studio_M1.wav,0.835079365079365,0.0,False
amdf_pitch_spectral_p170,studio_M1.wav,0.845079365079365,0.0,False
amdf_pitch_spectral_p170,studio_M1.wav,0.855079365079365,0.0,False
amdf_pitch_spectral_p170,studio_M1.wav,0.865079365079365,0.0,False
amdf_pitch_spectral_p170,studio_M1.wav,0.875079365079365,0.0,False
amdf_pitch_spectral_p170,studio_M1.wav,0.885079365079365,0.0,False
amdf_pitch_spectral_p170,studio_M1.wav,0.895079365079365,0.0,False
amdf_pitch_spectral_p170,studio_M1.wav,0.905079365079365,0.0,False
amdf_pitch_spectral_p170,studio_M1.wav,0.915079365079365,0.0,False
amdf_pitch_spectral_p170,studio_M1.wav,0.925079365079365,159.95183766823317,True
amdf_pitch_spectral_p170,studio_M1.wav,0.935079365079365,137.78495633153034,True
amdf_pitch_spectral_p170,studio_M1.wav,0.945079365079365,137.9939254439179,True
amdf_pitch_spectral_p170,studio_M1.wav,0.955079365079365,135.83820705829027,True
amdf_pitch_spectral_p170,studio_M1.wav,0.965079365079365,134.71451851848516,True
amdf_pitch_spectral_p170,studio_M1.wav,0.975079365079365,133.98029363824944,True
amdf_pitch_spectral_p170,studio_M1.wav,0.985079365079365,133.46994132071188,True
amdf_pitch_spectral_p170,studio_M1.wav,0.995079365079365,124.0797711820343,True
amdf_pitch_spectral_p170,studio_M1.wav,1.005079365079365,122.2838704545872,True
amdf_pitch_spectral_p170,studio_M1.wav,1.015079365079365,120.90359598744406,True
amdf_pitch_spectral_p170,studio_M1.wav,1.025079365079365,120.03250798879564,True
amdf_pitch_spectral_p170,studio_M1.wav,1.035079365079365,119.24033332669657,True
amdf_pitch_spectral_p170,studio_M1.wav,1.045079365079365,118.60426357053717,True
amdf_pitch_spectral_p170,studio_M1.wav,1.055079365079365,118.55891140050744,True
amdf_pitch_spectral_p170,studio_M1.wav,1.065079365079365,117.8037990950555,True
amdf_pitch_spectral_p170,studio_M1.wav,1.075079365079365,116.57306439126317,True
amdf_pitch_spectral_p170,studio_M1.wav,1.085079365079365,115.87137827020342,True
amdf_pitch_spectral_p170,studio_M1.wav,1.095079365079365,126.65270865492722,True
amdf_pitch_spectral_p170,studio_M1.wav,1.105079365079365,131.93868414238727,True
amdf_pitch_spectral_p170,studio_M1.wav,1.115079365079365,133.1498350781403,True
amdf_pitch_spectral_p170,studio_M1.wav,1.125079365079365,135.94006211419511,True
amdf_pitch_spectral_p170,studio_M1.wav,1.135079365079365,136.1912925323943,True
amdf_pitch_spectral_p170,studio_M1.wav,1.145079365079365,140.3718560982152,True
amdf_pitch_spectral_p170,studio_M1.wav,1.155079365079365,141.70413690443849,True
amdf_pitch_spectral_p170,studio_M1.wav,1.165079365079365,132.63190389640047,True
amdf_pitch_spectral_p170,studio_M1.wav,1.175079365079365,144.50833550004884,True
amdf_pitch_spectral_p170,studio_M1.wav,1.185079365079365,0.0,False
amdf_pitch_spectral_p170,studio_M1.wav,1.195079365079365,0.0,False
amdf_pitch_spectral_p170,studio_M1.wav,1.205079365079365,165.52808829747028,True
amdf_pitch_spectral_p170,studio_M1.wav,1.215079365079365,164.53892754300972,True
amdf_pitch_spectral_p170,studio_M1.wav,1.225079365079365,172.88174802971818,True
amdf_pitch_spectral_p170,studio_M1.wav,1.235079365079365,174.49696969854793,True
amdf_pitch_spectral_p170,studio_M1.wav,1.245079365079365,174.91399626831978,True
amdf_pitch_spectral_p170,studio_M1.wav,1.255079365079365,175.20970812872423,True
amdf_pitch_spectral_p170,studio_M1.wav,1.265079365079365,174.86207180946508,True
amdf_pitch_spectral_p170,studio_M1.wav,1.275079365079365,0.0,False
amdf_pitch_spectral_p170,studio_M1.wav,1.285079365079365,0.0,False
amdf_pitch_spectral_p170,studio_M1.wav,1.295079365079365,0.0,False
amdf_pitch_spectral_p170,studio_M1.wav,1.305079365079365,0.0,False
amdf_pitch_spectral_p170,studio_M1.wav,1.315079365079365,0.0,False
amdf_pitch_spectral_p170,studio_M1.wav,1.325079365079365,185.3347154244106,True
amdf_pitch_spectral_p170,studio_M1.wav,1.335079365079365,166.53625063956414,True
amdf_pitch_spectral_p170,studio_M1.wav,1.345079365079365,145.9312381835057,True
amdf_pitch_spectral_p170,studio_M1.wav,1.355079365079365,136.02777090349298,True
amdf_pitch_spectral_p170,studio_M1.wav,1.365079365079365,121.89567590433565,True
amdf_pitch_spectral_p170,studio_M1.wav,1.375079365079365,116.69973329935608,True
amdf_pitch_spectral_p170,studio_M1.wav,1.385079365079365,109.06910809148181,True
amdf_pitch_spectral_p170,studio_M1.wav,1.395079365079365,103.12348356331653,True
amdf_pitch_spectral_p170,studio_M1.wav,1.405079365079365,101.1621227312116,True
amdf_pitch_spectral_p170,studio_M1.wav,1.415079365079365,99.64892412224458,True
amdf_pitch_spectral_p170,studio_M1.wav,1.425079365079365,98.67900670131297,True
amdf_pitch_spectral_p170,studio_M1.wav,1.435079365079365,98.73553988851084,True
amdf_pitch_spectral_p170,studio_M1.wav,1.445079365079365,93.12112771223421,True
amdf_pitch_spectral_p170,studio_M1.wav,1.455079365079365,93.79377490525252,True
amdf_pitch_spectral_p170,studio_M1.wav,1.465079365079365,94.30820610225177,True
amdf_pitch_spectral_p170,studio_M1.wav,1.475079365079365,94.9628507084039,True
amdf_pitch_spectral_p170,studio_M1.wav,1.485079365079365,96.34706461367745,True
amdf_pitch_spectral_p170,studio_M1.wav,1.495079365079365,99.59069989419754,True
amdf_pitch_spectral_p170,studio_M1.wav,1.505079365079365,97.74055962159012,True
amdf_pitch_spectral_p170,studio_M1.wav,1.515079365079365,96.61933543083578,True
amdf_pitch_spectral_p170,studio_M1.wav,1.525079365079365,95.54695125968851,True
amdf_pitch_spectral_p170,studio_M1.wav,1.535079365079365,94.801734878035,True
amdf_pitch_spectral_p170,studio_M1.wav,1.545079365079365,93.97229263456889,True
amdf_pitch_spectral_p170,studio_M1.wav,1.555079365079365,88.30935681874448,True
amdf_pitch_spectral_p170,studio_M1.wav,1.565079365079365,91.1662168577219,True
amdf_pitch_spectral_p170,studio_M1.wav,1.575079365079365,91.98469726177332,True
amdf_pitch_spectral_p170,studio_M1.wav,1.585079365079365,0.0,False
amdf_pitch_spectral_p170,studio_M1.wav,1.595079365079365,0.0,False
amdf_pitch_spectral_p170,studio_M1.wav,1.605079365079365,0.0,False
amdf_pitch_spectral_p170,studio_M1.wav,1.615079365079365,0.0,False
amdf_pitch_spectral_p170,studio_M1.wav,1.625079365079365,0.0,False
amdf_pitch_spectral_p170,studio_M1.wav,1.635079365079365,0.0,False
amdf_pitch_spectral_p170,studio_M1.wav,1.645079365079365,0.0,False
amdf_pitch_spectral_p170,studio_M1.wav,1.655079365079365,0.0,False
amdf_pitch_spectral_p170,studio_M1.wav,1.665079365079365,119.63974996034403,True
amdf_pitch_spectral_p170,studio_M1.wav,1.675079365079365,105.45611297648121,True
amdf_pitch_spectral_p170,studio_M1.wav,1.685079365079365,92.98526401148821,True
amdf_pitch_spectral_p170,studio_M1.wav,1.695079365079365,91.45563662085992,True
amdf_pitch_spectral_p170,studio_M1.wav,1.705079365079365,0.0,False
amdf_pitch_spectral_p170,studio_M1.wav,1.715079365079365,0.0,False
amdf_pitch_spectral_p170,studio_M1.wav,1.725079365079365,0.0,False
amdf_pitch_spectral_p170,studio_M1.wav,1.735079365079365,0.0,False
amdf_pitch_spectral_p170,studio_M1.wav,1.745079365079365,0.0,False
amdf_pitch_spectral_p170,studio_M1.wav,1.755079365079365,0.0,False
amdf_pitch_spectral_p170,studio_M1.wav,1.765079365079365,0.0,False
amdf_pitch_spectral_p170,studio_M1.wav,1.775079365079365,0.0,False
amdf_pitch_spectral_p170,studio_M1.wav,1.785079365079365,0.0,False
amdf_pitch_spectral_p170,studio_M1.wav,1.795079365079365,0.0,False
amdf_pitch_spectral_p170,studio_M1.wav,1.805079365079365,0.0,False
amdf_pitch_spectral_p170,studio_M1.wav,1.815079365079365,0.0,False
amdf_pitch_spectral_p170,studio_M1.wav,1.825079365079365,0.0,False
amdf_pitch_spectral_p170,studio_M1.wav,1.835079365079365,114.16940727031945,True
amdf_pitch_spectral_p170,studio_M1.wav,1.845079365079365,104.79546590879009,True
amdf_pitch_spectral_p170,studio_M1.wav,1.855079365079365,103.74400167310662,True
amdf_pitch_spectral_p170,studio_M1.wav,1.865079365079365,102.363102041038,True
amdf_pitch_spectral_p170,studio_M1.wav,1.875079365079365,100.81596921078989,True
amdf_pitch_spectral_p170,studio_M1.wav,1.885079365079365,100.32149743446527,True
amdf_pitch_spectral_p170,studio_M1.wav,1.895079365079365,99.3116093944699,True
amdf_pitch_spectral_p170,studio_M1.wav,1.905079365079365,98.60135034592788,True
amdf_pitch_spectral_p170,studio_M1.wav,1.915079365079365,98.4621405094522,True
amdf_pitch_spectral_p170,studio_M1.wav,1.925079365079365,97.99629515550517,True
amdf_pitch_spectral_p170,studio_M1.wav,1.935079365079365,97.44495834820373,True
amdf_pitch_spectral_p170,studio_M1.wav,1.945079365079365,95.24703471078925,True
amdf_pitch_spectral_p170,studio_M1.wav,1.955079365079365,95.16684051192198,True
amdf_pitch_spectral_p170,studio_M1.wav,1.965079365079365,93.90276126030032,True
amdf_pitch_spectral_p170,studio_M1.wav,1.975079365079365,93.21990320021604,True
amdf_pitch_spectral_p170,studio_M1.wav,1.985079365079365,92.46851425175649,True
amdf_pitch_spectral_p170,studio_M1.wav,1.995079365079365,92.03060634959554,True
amdf_pitch_spectral_p170,studio_M1.wav,2.005079365079365,89.74773507109072,True
amdf_pitch_spectral_p170,studio_M1.wav,2.015079365079365,89.50774218528659,True
amdf_pitch_spectral_p170,studio_M1.wav,2.025079365079365,89.07975353159553,True
amdf_pitch_spectral_p170,studio_M1.wav,2.035079365079365,87.65777745535614,True
amdf_pitch_spectral_p170,studio_M1.wav,2.045079365079365,94.20105391953462,True
amdf_pitch_spectral_p170,studio_M1.wav,2.055079365079366,0.0,False
amdf_pitch_spectral_p170,studio_M1.wav,2.065079365079365,0.0,False
amdf_pitch_spectral_p170,studio_M1.wav,2.075079365079365,0.0,False
amdf_pitch_spectral_p170,studio_M1.wav,2.085079365079365,0.0,False
amdf_pitch_spectral_p170,studio_M1.wav,2.095079365079365,0.0,False
amdf_pitch_spectral_p170,studio_M1.wav,2.105079365079365,0.0,False
amdf_pitch_spectral_p170,studio_M1.wav,2.115079365079365,0.0,False
amdf_pitch_spectral_p170,studio_M1.wav,2.125079365079365,0.0,False
amdf_pitch_spectral_p170,studio_M1.wav,2.135079365079365,0.0,False
amdf_pitch_spectral_p170,studio_M1.wav,2.145079365079365,0.0,False
amdf_pitch_spectral_p170,studio_M1.wav,2.155079365079365,0.0,False
amdf_pitch_spectral_p170,studio_M1.wav,2.165079365079365,0.0,False
amdf_pitch_spectral_p170,studio_M1.wav,2.175079365079365,0.0,False
amdf_pitch_spectral_p170,studio_M1.wav,2.185079365079365,0.0,False
amdf_pitch_spectral_p170,studio_M1.wav,2.195079365079365,0.0,False
amdf_pitch_spectral_p170,studio_M1.wav,2.205079365079365,0.0,False
amdf_pitch_spectral_p170,studio_M1.wav,2.215079365079365,0.0,False
amdf_pitch_spectral_p170,studio_M1.wav,2.225079365079365,0.0,False
amdf_pitch_spectral_p170,studio_M1.wav,2.235079365079365,0.0,False
amdf_pitch_spectral_p170,studio_M1.wav,2.245079365079365,0.0,False
amdf_pitch_spectral_p170,studio_M1.wav,2.255079365079365,0.0,False
amdf_pitch_spectral_p170,studio_M1.wav,2.265079365079365,0.0,False
amdf_pitch_spectral_p170,studio_M1.wav,2.275079365079365,0.0,False
amdf_pitch_spectral_p170,studio_M1.wav,2.285079365079365,0.0,False
amdf_pitch_spectral_p170,studio_M1.wav,2.295079365079365,0.0,False
amdf_pitch_spectral_p170,studio_M1.wav,2.305079365079366,0.0,False
amdf_pitch_spectral_p170,studio_M1.wav,2.315079365079365,0.0,False
amdf_pitch_spectral_p170,studio_M1.wav,2.325079365079366,0.0,False
amdf_pitch_spectral_p170,studio_M1.wav,2.335079365079365,0.0,False
amdf_pitch_spectral_p170,studio_M1.wav,2.345079365079365,0.0,False
amdf_pitch_spectral_p170,studio_M1.wav,2.355079365079365,0.0,False
amdf_pitch_spectral_p170,studio_M1.wav,2.365079365079365,0.0,False
amdf_pitch_spectral_p170,studio_M1.wav,2.375079365079365,0.0,False
amdf_pitch_spectral_p170,studio_M1.wav,2.385079365079365,0.0,False
amdf_pitch_spectral_p170,studio_M1.wav,2.395079365079365,0.0,False
amdf_pitch_spectral_p170,studio_M1.wav,2.405079365079365,0.0,False
amdf_pitch_spectral_p170,studio_M1.wav,2.415079365079365,0.0,False
amdf_pitch_spectral_p170,studio_M1.wav,2.425079365079365,0.0,False
amdf_pitch_spectral_p170,studio_M1.wav,2.435079365079365,0.0,False
amdf_pitch_spectral_p170,studio_M1.wav,2.445079365079365,0.0,False
amdf_pitch_spectral_p170,studio_M1.wav,2.455079365079365,0.0,False
amdf_pitch_spectral_p170,studio_M1.wav,2.465079365079365,0.0,False
amdf_pitch_spectral_p170,studio_M1.wav,2.475079365079365,0.0,False
amdf_pitch_spectral_p170,studio_M1.wav,2.485079365079365,0.0,False
amdf_pitch_spectral_p170,studio_M1.wav,2.495079365079365,0.0,False
amdf_pitch_spectral_p170,studio_M1.wav,2.505079365079365,0.0,False
amdf_pitch_spectral_p170,studio_M1.wav,2.515079365079365,0.0,False
amdf_pitch_spectral_p170,studio_M1.wav,2.525079365079365,0.0,False
amdf_pitch_spectral_p170,studio_M1.wav,2.535079365079365,0.0,False
amdf_pitch_spectral_p170,studio_M1.wav,2.545079365079365,0.0,False
amdf_pitch_spectral_p170,studio_M1.wav,2.555079365079366,0.0,False
amdf_pitch_spectral_p170,studio_M1.wav,2.565079365079365,0.0,False
amdf_pitch_spectral_p170,studio_M1.wav,2.575079365079366,0.0,False
amdf_pitch_spectral_p170,studio_M1.wav,2.585079365079365,0.0,False
amdf_pitch_spectral_p170,studio_M1.wav,2.595079365079365,0.0,False
amdf_pitch_spectral_p170,studio_M1.wav,2.605079365079365,0.0,False
amdf_pitch_spectral_p170,studio_M1.wav,2.615079365079365,0.0,False
amdf_pitch_spectral_p170,studio_M1.wav,2.625079365079365,0.0,False
amdf_pitch_spectral_p170,studio_M1.wav,2.635079365079365,0.0,False
amdf_pitch_spectral_p170,studio_M1.wav,2.645079365079365,0.0,False
amdf_pitch_spectral_p170,studio_M1.wav,2.655079365079365,0.0,False
amdf_pitch_spectral_p170,studio_M1.wav,2.665079365079365,0.0,False
amdf_pitch_spectral_p170,studio_M1.wav,2.675079365079365,0.0,False
amdf_pitch_spectral_p170,studio_M1.wav,2.685079365079365,0.0,False
amdf_pitch_spectral_p170,studio_M1.wav,2.695079365079365,0.0,False
amdf_pitch_spectral_p170,studio_M1.wav,2.705079365079365,0.0,False
amdf_pitch_spectral_p200,studio_M1.wav,0.025079365079365,0.0,False
amdf_pitch_spectral_p200,studio_M1.wav,0.035079365079365,0.0,False
amdf_pitch_spectral_p200,studio_M1.wav,0.045079365079365,0.0,False
amdf_pitch_spectral_p200,studio_M1.wav,0.055079365079365,0.0,False
amdf_pitch_spectral_p200,studio_M1.wav,0.065079365079365,0.0,False
amdf_pitch_spectral_p200,studio_M1.wav,0.075079365079365,0.0,False
amdf_pitch_spectral_p200,studio_M1.wav,0.085079365079365,0.0,False
amdf_pitch_spectral_p200,studio_M1.wav,0.095079365079365,0.0,False
amdf_pitch_spectral_p200,studio_M1.wav,0.105079365079365,0.0,False
amdf_pitch_spectral_p200,studio_M1.wav,0.115079365079365,0.0,False
amdf_pitch_spectral_p200,studio_M1.wav,0.125079365079365,0.0,False
amdf_pitch_spectral_p200,studio_M1.wav,0.135079365079365,0.0,False
amdf_pitch_spectral_p200,studio_M1.wav,0.145079365079365,0.0,False
amdf_pitch_spectral_p200,studio_M1.wav,0.155079365079365,0.0,False
amdf_pitch_spectral_p200,studio_M1.wav,0.165079365079365,0.0,False
amdf_pitch_spectral_p200,studio_M1.wav,0.175079365079365,0.0,False
amdf_pitch_spectral_p200,studio_M1.wav,0.185079365079365,0.0,False
amdf_pitch_spectral_p200,studio_M1.wav,0.195079365079365,0.0,False
amdf_pitch_spectral_p200,studio_M1.wav,0.205079365079365,0.0,False
amdf_pitch_spectral_p200,studio_M1.wav,0.215079365079365,0.0,False
amdf_pitch_spectral_p200,studio_M1.wav,0.225079365079365,0.0,False
amdf_pitch_spectral_p200,studio_M1.wav,0.235079365079365,0.0,False
amdf_pitch_spectral_p200,studio_M1.wav,0.245079365079365,0.0,False
amdf_pitch_spectral_p200,studio_M1.wav,0.255079365079365,0.0,False
amdf_pitch_spectral_p200,studio_M1.wav,0.265079365079365,0.0,False
amdf_pitch_spectral_p200,studio_M1.wav,0.275079365079365,0.0,False
amdf_pitch_spectral_p200,studio_M1.wav,0.285079365079365,0.0,False
amdf_pitch_spectral_p200,studio_M1.wav,0.295079365079365,0.0,False
amdf_pitch_spectral_p200,studio_M1.wav,0.305079365079365,0.0,False
amdf_pitch_spectral_p200,studio_M1.wav,0.315079365079365,0.0,False
amdf_pitch_spectral_p200,studio_M1.wav,0.325079365079365,0.0,False
amdf_pitch_spectral_p200,studio_M1.wav,0.335079365079365,0.0,False
amdf_pitch_spectral_p200,studio_M1.wav,0.345079365079365,0.0,False
amdf_pitch_spectral_p200,studio_M1.wav,0.355079365079365,0.0,False
amdf_pitch_spectral_p200,studio_M1.wav,0.365079365079365,0.0,False
amdf_pitch_spectral_p200,studio_M1.wav,0.375079365079365,0.0,False
amdf_pitch_spectral_p200,studio_M1.wav,0.385079365079365,0.0,False
amdf_pitch_spectral_p200,studio_M1.wav,0.395079365079365,0.0,False
amdf_pitch_spectral_p200,studio_M1.wav,0.405079365079365,0.0,False
amdf_pitch_spectral_p200,studio_M1.wav,0.415079365079365,0.0,False
amdf_pitch_spectral_p200,studio_M1.wav,0.425079365079365,0.0,False
amdf_pitch_spectral_p200,studio_M1.wav,0.435079365079365,0.0,False
amdf_pitch_spectral_p200,studio_M1.wav,0.445079365079365,0.0,False
amdf_pitch_spectral_p200,studio_M1.wav,0.455079365079365,0.0,False
amdf_pitch_spectral_p200,studio_M1.wav,0.465079365079365,0.0,False
amdf_pitch_spectral_p200,studio_M1.wav,0.475079365079365,0.0,False
amdf_pitch_spectral_p200,studio_M1.wav,0.485079365079365,0.0,False
amdf_pitch_spectral_p200,studio_M1.wav,0.495079365079365,0.0,False
amdf_pitch_spectral_p200,studio_M1.wav,0.505079365079365,0.0,False
amdf_pitch_spectral_p200,studio_M1.wav,0.515079365079365,0.0,False
amdf_pitch_spectral_p200,studio_M1.wav,0.525079365079365,0.0,False
amdf_pitch_spectral_p200,studio_M1.wav,0.535079365079365,0.0,False
amdf_pitch_spectral_p200,studio_M1.wav,0.545079365079365,0.0,False
amdf_pitch_spectral_p200,studio_M1.wav,0.555079365079365,0.0,False
amdf_pitch_spectral_p200,studio_M1.wav,0.565079365079365,0.0,False
amdf_pitch_spectral_p200,studio_M1.wav,0.575079365079365,0.0,False
amdf_pitch_spectral_p200,studio_M1.wav,0.585079365079365,0.0,False
amdf_pitch_spectral_p200,studio_M1.wav,0.595079365079365,0.0,False
amdf_pitch_spectral_p200,studio_M1.wav,0.605079365079365,0.0,False
amdf_pitch_spectral_p200,studio_M1.wav,0.615079365079365,0.0,False
amdf_pitch_spectral_p200,studio_M1.wav,0.625079365079365,0.0,False
amdf_pitch_spectral_p200,studio_M1.wav,0.635079365079365,0.0,False
amdf_pitch_spectral_p200,studio_M1.wav,0.645079365079365,0.0,False
amdf_pitch_spectral_p200,studio_M1.wav,0.655079365079365,0.0,False
amdf_pitch_spectral_p200,studio_M1.wav,0.665079365079365,0.0,False
amdf_pitch_spectral_p200,studio_M1.wav,0.675079365079365,0.0,False
amdf_pitch_spectral_p200,studio_M1.wav,0.685079365079365,0.0,False
amdf_pitch_spectral_p200,studio_M1.wav,0.695079365079365,0.0,False
amdf_pitch_spectral_p200,studio_M1.wav,0.705079365079365,0.0,False
amdf_pitch_spectral_p200,studio_M1.wav,0.715079365079365,0.0,False
amdf_pitch_spectral_p200,studio_M1.wav,0.725079365079365,0.0,False
amdf_pitch_spectral_p200,studio_M1.wav,0.735079365079365,0.0,False
amdf_pitch_spectral_p200,studio_M1.wav,0.745079365079365,0.0,False
amdf_pitch_spectral_p200,studio_M1.wav,0.755079365079365,0.0,False
amdf_pitch_spectral_p200,studio_M1.wav,0.765079365079365,0.0,False
amdf_pitch_spectral_p200,studio_M1.wav,0.775079365079365,0.0,False
amdf_pitch_spectral_p200,studio_M1.wav,0.785079365079365,0.0,False
amdf_pitch_spectral_p200,studio_M1.wav,0.795079365079365,0.0,False
amdf_pitch_spectral_p200,studio_M1.wav,0.805079365079365,0.0,False
amdf_pitch_spectral_p200,studio_M1.wav,0.815079365079365,0.0,False
amdf_pitch_spectral_p200,studio_M1.wav,0.825079365079365,0.0,False
amdf_pitch_spectral_p200,studio_M1.wav,0.835079365079365,0.0,False
amdf_pitch_spectral_p200,studio_M1.wav,0.845079365079365,0.0,False
amdf_pitch_spectral_p200,studio_M1.wav,0.855079365079365,0.0,False
amdf_pitch_spectral_p200,studio_M1.wav,0.865079365079365,0.0,False
amdf_pitch_spectral_p200,studio_M1.wav,0.875079365079365,0.0,False
amdf_pitch_spectral_p200,studio_M1.wav,0.885079365079365,0.0,False
amdf_pitch_spectral_p200,studio_M1.wav,0.895079365079365,0.0,False
amdf_pitch_spectral_p200,studio_M1.wav,0.905079365079365,0.0,False
amdf_pitch_spectral_p200,studio_M1.wav,0.915079365079365,0.0,False
amdf_pitch_spectral_p200,studio_M1.wav,0.925079365079365,159.95183766823317,True
amdf_pitch_spectral_p200,studio_M1.wav,0.935079365079365,137.78495633153034,True
amdf_pitch_spectral_p200,studio_M1.wav,0.945079365079365,137.9939254439179,True
amdf_pitch_spectral_p200,studio_M1.wav,0.955079365079365,135.83820705829027,True
amdf_pitch_spectral_p200,studio_M1.wav,0.965079365079365,134.71451851848516,True
amdf_pitch_spectral_p200,studio_M1.wav,0.975079365079365,133.98029363824944,True
amdf_pitch_spectral_p200,studio_M1.wav,0.985079365079365,133.46994132071188,True
amdf_pitch_spectral_p200,studio_M1.wav,0.995079365079365,124.0797711820343,True
amdf_pitch_spectral_p200,studio_M1.wav,1.005079365079365,122.2838704545872,True
amdf_pitch_spectral_p200,studio_M1.wav,1.015079365079365,120.90359598744406,True
amdf_pitch_spectral_p200,studio_M1.wav,1.025079365079365,120.03250798879564,True
amdf_pitch_spectral_p200,studio_M1.wav,1.035079365079365,119.24033332669657,True
amdf_pitch_spectral_p200,studio_M1.wav,1.045079365079365,118.60426357053717,True
amdf_pitch_spectral_p200,studio_M1.wav,1.055079365079365,118.55891140050744,True
amdf_pitch_spectral_p200,studio_M1.wav,1.065079365079365,117.8037990950555,True
amdf_pitch_spectral_p200,studio_M1.wav,1.075079365079365,116.57306439126317,True
amdf_pitch_spectral_p200,studio_M1.wav,1.085079365079365,115.87137827020342,True
amdf_pitch_spectral_p200,studio_M1.wav,1.095079365079365,126.65270865492722,True
amdf_pitch_spectral_p200,studio_M1.wav,1.105079365079365,131.93868414238727,True
amdf_pitch_spectral_p200,studio_M1.wav,1.115079365079365,133.1498350781403,True
amdf_pitch_spectral_p200,studio_M1.wav,1.125079365079365,135.94006211419511,True
amdf_pitch_spectral_p200,studio_M1.wav,1.135079365079365,136.1912925323943,True
amdf_pitch_spectral_p200,studio_M1.wav,1.145079365079365,140.3718560982152,True
amdf_pitch_spectral_p200,studio_M1.wav,1.155079365079365,141.70413690443849,True
amdf_pitch_spectral_p200,studio_M1.wav,1.165079365079365,132.63190389640047,True
amdf_pitch_spectral_p200,studio_M1.wav,1.175079365079365,144.50833550004884,True
amdf_pitch_spectral_p200,studio_M1.wav,1.185079365079365,0.0,False
amdf_pitch_spectral_p200,studio_M1.wav,1.195079365079365,0.0,False
amdf_pitch_spectral_p200,studio_M1.wav,1.205079365079365,165.52808829747028,True
amdf_pitch_spectral_p200,studio_M1.wav,1.215079365079365,164.53892754300972,True
amdf_pitch_spectral_p200,studio_M1.wav,1.225079365079365,170.70669511256497,True
amdf_pitch_spectral_p200,studio_M1.wav,1.235079365079365,174.7007487978347,True
amdf_pitch_spectral_p200,studio_M1.wav,1.245079365079365,175.2776044621431,True
amdf_pitch_spectral_p200,studio_M1.wav,1.255079365079365,174.88424869110855,True
amdf_pitch_spectral_p200,studio_M1.wav,1.265079365079365,175.64123456795468,True
amdf_pitch_spectral_p200,studio_M1.wav,1.275079365079365,0.0,False
amdf_pitch_spectral_p200,studio_M1.wav,1.285079365079365,0.0,False
amdf_pitch_spectral_p200,studio_M1.wav,1.295079365079365,0.0,False
amdf_pitch_spectral_p200,studio_M1.wav,1.305079365079365,0.0,False
amdf_pitch_spectral_p200,studio_M1.wav,1.315079365079365,0.0,False
amdf_pitch_spectral_p200,studio_M1.wav,1.325079365079365,185.3347154244106,True
amdf_pitch_spectral_p200,studio_M1.wav,1.335079365079365,166.53625063956414,True
amdf_pitch_spectral_p200,studio_M1.wav,1.345079365079365,145.9312381835057,True
amdf_pitch_spectral_p200,studio_M1.wav,1.355079365079365,136.02777090349298,True
amdf_pitch_spectral_p200,studio_M1.wav,1.365079365079365,121.89567590433565,True
amdf_pitch_spectral_p200,studio_M1.wav,1.375079365079365,116.69973329935608,True
amdf_pitch_spectral_p200,studio_M1.wav,1.385079365079365,109.06910809148181,True
amdf_pitch_spectral_p200,studio_M1.wav,1.395079365079365,103.12348356331653,True
amdf_pitch_spectral_p200,studio_M1.wav,1.405079365079365,101.1621227312116,True
amdf_pitch_spectral_p200,studio_M1.wav,1.415079365079365,99.64892412224458,True
amdf_pitch_spectral_p200,studio_M1.wav,1.425079365079365,98.67900670131297,True
amdf_pitch_spectral_p200,studio_M1.wav,1.435079365079365,98.73553988851084,True
amdf_pitch_spectral_p200,studio_M1.wav,1.445079365079365,93.12112771223421,True
amdf_pitch_spectral_p200,studio_M1.wav,1.455079365079365,93.79377490525252,True
amdf_pitch_spectral_p200,studio_M1.wav,1.465079365079365,94.30820610225177,True
amdf_pitch_spectral_p200,studio_M1.wav,1.475079365079365,94.9628507084039,True
amdf_pitch_spectral_p200,studio_M1.wav,1.485079365079365,96.34706461367745,True
amdf_pitch_spectral_p200,studio_M1.wav,1.495079365079365,99.59069989419754,True
amdf_pitch_spectral_p200,studio_M1.wav,1.505079365079365,97.74055962159012,True
amdf_pitch_spectral_p200,studio_M1.wav,1.515079365079365,96.61933543083578,True
amdf_pitch_spectral_p200,studio_M1.wav,1.525079365079365,95.54695125968851,True
amdf_pitch_spectral_p200,studio_M1.wav,1.535079365079365,94.801734878035,True
amdf_pitch_spectral_p200,studio_M1.wav,1.545079365079365,93.97229263456889,True
amdf_pitch_spectral_p200,studio_M1.wav,1.555079365079365,88.30935681874448,True
amdf_pitch_spectral_p200,studio_M1.wav,1.565079365079365,91.1662168577219,True
amdf_pitch_spectral_p200,studio_M1.wav,1.575079365079365,91.98469726177332,True
amdf_pitch_spectral_p200,studio_M1.wav,1.585079365079365,0.0,False
amdf_pitch_spectral_p200,studio_M1.wav,1.595079365079365,0.0,False
amdf_pitch_spectral_p200,studio_M1.wav,1.605079365079365,0.0,False
amdf_pitch_spectral_p200,studio_M1.wav,1.615079365079365,0.0,False
amdf_pitch_spectral_p200,studio_M1.wav,1.625079365079365,0.0,False
amdf_pitch_spectral_p200,studio_M1.wav,1.635079365079365,0.0,False
amdf_pitch_spectral_p200,studio_M1.wav,1.645079365079365,0.0,False
amdf_pitch_spectral_p200,studio_M1.wav,1.655079365079365,0.0,False
amdf_pitch_spectral_p200,studio_M1.wav,1.665079365079365,119.63974996034403,True
amdf_pitch_spectral_p200,studio_M1.wav,1.675079365079365,105.45611297648121,True
amdf_pitch_spectral_p200,studio_M1.wav,1.685079365079365,92.98526401148821,True
amdf_pitch_spectral_p200,studio_M1.wav,1.695079365079365,91.45563662085992,True
amdf_pitch_spectral_p200,studio_M1.wav,1.705079365079365,0.0,False
amdf_pitch_spectral_p200,studio_M1.wav,1.715079365079365,0.0,False
amdf_pitch_spectral_p200,studio_M1.wav,1.725079365079365,0.0,False
amdf_pitch_spectral_p200,studio_M1.wav,1.735079365079365,0.0,False
amdf_pitch_spectral_p200,studio_M1.wav,1.745079365079365,0.0,False
amdf_pitch_spectral_p200,studio_M1.wav,1.755079365079365,0.0,False
amdf_pitch_spectral_p200,studio_M1.wav,1.765079365079365,0.0,False
amdf_pitch_spectral_p200,studio_M1.wav,1.775079365079365,0.0,False
amdf_pitch_spectral_p200,studio_M1.wav,1.785079365079365,0.0,False
amdf_pitch_spectral_p200,studio_M1.wav,1.795079365079365,0.0,False
amdf_pitch_spectral_p200,studio_M1.wav,1.805079365079365,0.0,False
amdf_pitch_spectral_p200,studio_M1.wav,1.815079365079365,0.0,False
amdf_pitch_spectral_p200,studio_M1.wav,1.825079365079365,0.0,False
amdf_pitch_spectral_p200,studio_M1.wav,1.835079365079365,114.16940727031945,True
amdf_pitch_spectral_p200,studio_M1.wav,1.845079365079365,104.79546590879009,True
amdf_pitch_spectral_p200,studio_M1.wav,1.855079365079365,103.74400167310662,True
amdf_pitch_spectral_p200,studio_M1.wav,1.865079365079365,102.363102041038,True
amdf_pitch_spectral_p200,studio_M1.wav,1.875079365079365,100.81596921078989,True
amdf_pitch_spectral_p200,studio_M1.wav,1.885079365079365,100.32149743446527,True
amdf_pitch_spectral_p200,studio_M1.wav,1.895079365079365,99.3116093944699,True
amdf_pitch_spectral_p200,studio_M1.wav,1.905079365079365,98.60135034592788,True
amdf_pitch_spectral_p200,studio_M1.wav,1.915079365079365,98.4621405094522,True
amdf_pitch_spectral_p200,studio_M1.wav,1.925079365079365,97.99629515550517,True
amdf_pitch_spectral_p200,studio_M1.wav,1.935079365079365,97.44495834820373,True
amdf_pitch_spectral_p200,studio_M1.wav,1.945079365079365,95.24703471078925,True
amdf_pitch_spectral_p200,studio_M1.wav,1.955079365079365,95.16684051192198,True
amdf_pitch_spectral_p200,studio_M1.wav,1.965079365079365,93.90276126030032,True
amdf_pitch_spectral_p200,studio_M1.wav,1.975079365079365,93.21990320021604,True
amdf_pitch_spectral_p200,studio_M1.wav,1.985079365079365,92.46851425175649,True
amdf_pitch_spectral_p200,studio_M1.wav,1.995079365079365,92.03060634959554,True
amdf_pitch_spectral_p200,studio_M1.wav,2.005079365079365,89.74773507109072,True
amdf_pitch_spectral_p200,studio_M1.wav,2.015079365079365,89.50774218528659,True
amdf_pitch_spectral_p200,studio_M1.wav,2.025079365079365,89.07975353159553,True
amdf_pitch_spectral_p200,studio_M1.wav,2.035079365079365,87.65777745535614,True
amdf_pitch_spectral_p200,studio_M1.wav,2.045079365079365,94.20105391953462,True
amdf_pitch_spectral_p200,studio_M1.wav,2.055079365079366,0.0,False
amdf_pitch_spectral_p200,studio_M1.wav,2.065079365079365,0.0,False
amdf_pitch_spectral_p200,studio_M1.wav,2.075079365079365,0.0,False
amdf_pitch_spectral_p200,studio_M1.wav,2.085079365079365,0.0,False
amdf_pitch_spectral_p200,studio_M1.wav,2.095079365079365,0.0,False
amdf_pitch_spectral_p200,studio_M1.wav,2.105079365079365,0.0,False
amdf_pitch_spectral_p200,studio_M1.wav,2.115079365079365,0.0,False
amdf_pitch_spectral_p200,studio_M1.wav,2.125079365079365,0.0,False
amdf_pitch_spectral_p200,studio_M1.wav,2.135079365079365,0.0,False
amdf_pitch_spectral_p200,studio_M1.wav,2.145079365079365,0.0,False
amdf_pitch_spectral_p200,studio_M1.wav,2.155079365079365,0.0,False
amdf_pitch_spectral_p200,studio_M1.wav,2.165079365079365,0.0,False
amdf_pitch_spectral_p200,studio_M1.wav,2.175079365079365,0.0,False
amdf_pitch_spectral_p200,studio_M1.wav,2.185079365079365,0.0,False
amdf_pitch_spectral_p200,studio_M1.wav,2.195079365079365,0.0,False
amdf_pitch_spectral_p200,studio_M1.wav,2.205079365079365,0.0,False
amdf_pitch_spectral_p200,studio_M1.wav,2.215079365079365,0.0,False
amdf_pitch_spectral_p200,studio_M1.wav,2.225079365079365,0.0,False
amdf_pitch_spectral_p200,studio_M1.wav,2.235079365079365,0.0,False
amdf_pitch_spectral_p200,studio_M1.wav,2.245079365079365,0.0,False
amdf_pitch_spectral_p200,studio_M1.wav,2.255079365079365,0.0,False
amdf_pitch_spectral_p200,studio_M1.wav,2.265079365079365,0.0,False
amdf_pitch_spectral_p200,studio_M1.wav,2.275079365079365,0.0,False
amdf_pitch_spectral_p200,studio_M1.wav,2.285079365079365,0.0,False
amdf_pitch_spectral_p200,studio_M1.wav,2.295079365079365,0.0,False
amdf_pitch_spectral_p200,studio_M1.wav,2.305079365079366,0.0,False
amdf_pitch_spectral_p200,studio_M1.wav,2.315079365079365,0.0,False
amdf_pitch_spectral_p200,studio_M1.wav,2.325079365079366,0.0,False
amdf_pitch_spectral_p200,studio_M1.wav,2.335079365079365,0.0,False
amdf_pitch_spectral_p200,studio_M1.wav,2.345079365079365,0.0,False
amdf_pitch_spectral_p200,studio_M1.wav,2.355079365079365,0.0,False
amdf_pitch_spectral_p200,studio_M1.wav,2.365079365079365,0.0,False
amdf_pitch_spectral_p200,studio_M1.wav,2.375079365079365,0.0,False
amdf_pitch_spectral_p200,studio_M1.wav,2.385079365079365,0.0,False
amdf_pitch_spectral_p200,studio_M1.wav,2.395079365079365,0.0,False
amdf_pitch_spectral_p200,studio_M1.wav,2.405079365079365,0.0,False
amdf_pitch_spectral_p200,studio_M1.wav,2.415079365079365,0.0,False
amdf_pitch_spectral_p200,studio_M1.wav,2.425079365079365,0.0,False
amdf_pitch_spectral_p200,studio_M1.wav,2.435079365079365,0.0,False
amdf_pitch_spectral_p200,studio_M1.wav,2.445079365079365,0.0,False
amdf_pitch_spectral_p200,studio_M1.wav,2.455079365079365,0.0,False
amdf_pitch_spectral_p200,studio_M1.wav,2.465079365079365,0.0,False
amdf_pitch_spectral_p200,studio_M1.wav,2.475079365079365,0.0,False
amdf_pitch_spectral_p200,studio_M1.wav,2.485079365079365,0.0,False
amdf_pitch_spectral_p200,studio_M1.wav,2.495079365079365,0.0,False
amdf_pitch_spectral_p200,studio_M1.wav,2.505079365079365,0.0,False
amdf_pitch_spectral_p200,studio_M1.wav,2.515079365079365,0.0,False
amdf_pitch_spectral_p200,studio_M1.wav,2.525079365079365,0.0,False
amdf_pitch_spectral_p200,studio_M1.wav,2.535079365079365,0.0,False
amdf_pitch_spectral_p200,studio_M1.wav,2.545079365079365,0.0,False
amdf_pitch_spectral_p200,studio_M1.wav,2.555079365079366,0.0,False
amdf_pitch_spectral_p200,studio_M1.wav,2.565079365079365,0.0,False
amdf_pitch_spectral_p200,studio_M1.wav,2.575079365079366,0.0,False
amdf_pitch_spectral_p200,studio_M1.wav,2.585079365079365,0.0,False
amdf_pitch_spectral_p200,studio_M1.wav,2.595079365079365,0.0,False
amdf_pitch_spectral_p200,studio_M1.wav,2.605079365079365,0.0,False
amdf_pitch_spectral_p200,studio_M1.wav,2.615079365079365,0.0,False
amdf_pitch_spectral_p200,studio_M1.wav,2.625079365079365,0.0,False
amdf_pitch_spectral_p200,studio_M1.wav,2.635079365079365,0.0,False
amdf_pitch_spectral_p200,studio_M1.wav,2.645079365079365,0.0,False
amdf_pitch_spectral_p200,studio_M1.wav,2.655079365079365,0.0,False
amdf_pitch_spectral_p200,studio_M1.wav,2.665079365079365,0.0,False
amdf_pitch_spectral_p200,studio_M1.wav,2.675079365079365,0.0,False
amdf_pitch_spectral_p200,studio_M1.wav,2.685079365079365,0.0,False
amdf_pitch_spectral_p200,studio_M1.wav,2.695079365079365,0.0,False
amdf_pitch_spectral_p200,studio_M1.wav,2.705079365079365,0.0,False
