recipe_id,method,blocks,seed,file,F0mean,F0std,F0num,F0mean_mape,F0std_mape,F0num_mape,average_mape,F0mean_abs_error,F0std_abs_error,TP,TN,FP,FN,recall_v,recall_uv,balanced_accuracy,macro_f1,accuracy_vu,false_voiced_sil,recovered,recovered_v,recovered_uv,recovered_sil
hard170,control,,11,phone_F1.wav,216.1496309153302,20.58153572377531,147,0.2549308512663256,0.08963240885772297,0.6756756756756757,0.3400796452665748,0.5496309153301979,0.018464276224690934,144,66,3,9,0.9411764705882353,0.9565217391304348,0.948849104859335,0.9383333333333332,0.9459459459459459,0,0,0,0,0
hard170,control,,29,phone_F1.wav,216.1496309153302,20.58153572377531,147,0.2549308512663256,0.08963240885772297,0.6756756756756757,0.3400796452665748,0.5496309153301979,0.018464276224690934,144,66,3,9,0.9411764705882353,0.9565217391304348,0.948849104859335,0.9383333333333332,0.9459459459459459,0,0,0,0,0
hard170,control,,47,phone_F1.wav,216.1496309153302,20.58153572377531,147,0.2549308512663256,0.08963240885772297,0.6756756756756757,0.3400796452665748,0.5496309153301979,0.018464276224690934,144,66,3,9,0.9411764705882353,0.9565217391304348,0.948849104859335,0.9383333333333332,0.9459459459459459,0,0,0,0,0
logistic_P,logistic,P,11,phone_F1.wav,215.8414123044048,33.86286467132404,158,0.11197231187606864,64.38283821031087,6.756756756756757,23.750522426314564,0.241412304404804,13.262864671324039,149,62,7,4,0.9738562091503268,0.8985507246376812,0.936203466894004,0.9414599065084501,0.9504504504504504,2,11,5,4,2
logistic_P,logistic,P,29,phone_F1.wav,215.8414123044048,33.86286467132404,158,0.11197231187606864,64.38283821031087,6.756756756756757,23.750522426314564,0.241412304404804,13.262864671324039,149,62,7,4,0.9738562091503268,0.8985507246376812,0.936203466894004,0.9414599065084501,0.9504504504504504,2,11,5,4,2
logistic_P,logistic,P,47,phone_F1.wav,215.8414123044048,33.86286467132404,158,0.11197231187606864,64.38283821031087,6.756756756756757,23.750522426314564,0.241412304404804,13.262864671324039,149,62,7,4,0.9738562091503268,0.8985507246376812,0.936203466894004,0.9414599065084501,0.9504504504504504,2,11,5,4,2
svm_P,svm,P,11,phone_F1.wav,216.76009872128353,31.94757888979914,157,0.5380791842687996,55.085334416500665,6.081081081081081,20.568164893950183,1.160098721283532,11.347578889799138,149,63,6,4,0.9738562091503268,0.9130434782608695,0.9434498437055981,0.9470015278838808,0.954954954954955,2,10,5,3,2
svm_P,svm,P,29,phone_F1.wav,216.76009872128353,31.94757888979914,157,0.5380791842687996,55.085334416500665,6.081081081081081,20.568164893950183,1.160098721283532,11.347578889799138,149,63,6,4,0.9738562091503268,0.9130434782608695,0.9434498437055981,0.9470015278838808,0.954954954954955,2,10,5,3,2
svm_P,svm,P,47,phone_F1.wav,216.76009872128353,31.94757888979914,157,0.5380791842687996,55.085334416500665,6.081081081081081,20.568164893950183,1.160098721283532,11.347578889799138,149,63,6,4,0.9738562091503268,0.9130434782608695,0.9434498437055981,0.9470015278838808,0.954954954954955,2,10,5,3,2
knn_P,knn,P,11,phone_F1.wav,218.8289728356921,33.38155991490381,159,1.4976682911373398,62.046407353901984,7.4324324324324325,23.658836025823916,3.2289728356921046,12.78155991490381,149,62,7,4,0.9738562091503268,0.8985507246376812,0.936203466894004,0.9414599065084501,0.9504504504504504,3,12,5,4,3
knn_P,knn,P,29,phone_F1.wav,218.8289728356921,33.38155991490381,159,1.4976682911373398,62.046407353901984,7.4324324324324325,23.658836025823916,3.2289728356921046,12.78155991490381,149,62,7,4,0.9738562091503268,0.8985507246376812,0.936203466894004,0.9414599065084501,0.9504504504504504,3,12,5,4,3
knn_P,knn,P,47,phone_F1.wav,218.8289728356921,33.38155991490381,159,1.4976682911373398,62.046407353901984,7.4324324324324325,23.658836025823916,3.2289728356921046,12.78155991490381,149,62,7,4,0.9738562091503268,0.8985507246376812,0.936203466894004,0.9414599065084501,0.9504504504504504,3,12,5,4,3
rf_P,rf,P,11,phone_F1.wav,218.0732831652047,34.61450017806921,160,1.1471628781097958,68.03155426247187,8.108108108108109,25.762275082896593,2.4732831652047196,14.014500178069206,150,62,7,3,0.9803921568627451,0.8985507246376812,0.9394714407502132,0.9465575349061146,0.954954954954955,3,13,6,4,3
rf_P,rf,P,29,phone_F1.wav,218.0732831652047,34.61450017806921,160,1.1471628781097958,68.03155426247187,8.108108108108109,25.762275082896593,2.4732831652047196,14.014500178069206,150,62,7,3,0.9803921568627451,0.8985507246376812,0.9394714407502132,0.9465575349061146,0.954954954954955,3,13,6,4,3
rf_P,rf,P,47,phone_F1.wav,218.1881552256219,34.69276507289406,159,1.200443054555614,68.41148093637892,7.4324324324324325,25.681452141122325,2.588155225621904,14.09276507289406,149,62,7,4,0.9738562091503268,0.8985507246376812,0.936203466894004,0.9414599065084501,0.9504504504504504,3,12,5,4,3
gmm_P,gmm,P,11,phone_F1.wav,216.1496309153302,20.58153572377531,147,0.2549308512663256,0.08963240885772297,0.6756756756756757,0.3400796452665748,0.5496309153301979,0.018464276224690934,144,66,3,9,0.9411764705882353,0.9565217391304348,0.948849104859335,0.9383333333333332,0.9459459459459459,0,0,0,0,0
gmm_P,gmm,P,29,phone_F1.wav,216.1496309153302,20.58153572377531,147,0.2549308512663256,0.08963240885772297,0.6756756756756757,0.3400796452665748,0.5496309153301979,0.018464276224690934,144,66,3,9,0.9411764705882353,0.9565217391304348,0.948849104859335,0.9383333333333332,0.9459459459459459,0,0,0,0,0
gmm_P,gmm,P,47,phone_F1.wav,216.1496309153302,20.58153572377531,147,0.2549308512663256,0.08963240885772297,0.6756756756756757,0.3400796452665748,0.5496309153301979,0.018464276224690934,144,66,3,9,0.9411764705882353,0.9565217391304348,0.948849104859335,0.9383333333333332,0.9459459459459459,0,0,0,0,0
logistic_E,logistic,E,11,phone_F1.wav,215.36385425003996,23.62034260330306,149,0.10952956862710138,14.661857297587671,0.6756756756756757,5.149020847296816,0.23614574996003057,3.0203426033030603,145,65,4,8,0.9477124183006536,0.9420289855072463,0.94487070190395,0.9378789292043652,0.9459459459459459,0,2,1,1,0
logistic_E,logistic,E,29,phone_F1.wav,215.36385425003996,23.62034260330306,149,0.10952956862710138,14.661857297587671,0.6756756756756757,5.149020847296816,0.23614574996003057,3.0203426033030603,145,65,4,8,0.9477124183006536,0.9420289855072463,0.94487070190395,0.9378789292043652,0.9459459459459459,0,2,1,1,0
logistic_E,logistic,E,47,phone_F1.wav,215.36385425003996,23.62034260330306,149,0.10952956862710138,14.661857297587671,0.6756756756756757,5.149020847296816,0.23614574996003057,3.0203426033030603,145,65,4,8,0.9477124183006536,0.9420289855072463,0.94487070190395,0.9378789292043652,0.9459459459459459,0,2,1,1,0
svm_E,svm,E,11,phone_F1.wav,215.32042253396915,23.604195765727017,151,0.12967414936495542,14.58347459090784,2.027027027027027,5.5800585890999415,0.2795774660308439,3.0041957657270153,145,63,6,8,0.9477124183006536,0.9130434782608695,0.9303779482807615,0.9269736842105263,0.9369369369369369,0,4,1,3,0
svm_E,svm,E,29,phone_F1.wav,215.32042253396915,23.604195765727017,151,0.12967414936495542,14.58347459090784,2.027027027027027,5.5800585890999415,0.2795774660308439,3.0041957657270153,145,63,6,8,0.9477124183006536,0.9130434782608695,0.9303779482807615,0.9269736842105263,0.9369369369369369,0,4,1,3,0
svm_E,svm,E,47,phone_F1.wav,215.32042253396915,23.604195765727017,151,0.12967414936495542,14.58347459090784,2.027027027027027,5.5800585890999415,0.2795774660308439,3.0041957657270153,145,63,6,8,0.9477124183006536,0.9130434782608695,0.9303779482807615,0.9269736842105263,0.9369369369369369,0,4,1,3,0
knn_E,knn,E,11,phone_F1.wav,213.6340434017756,27.852207816836597,151,0.911853709751568,35.20489231474075,2.027027027027027,12.714591017173115,1.9659565982243805,7.252207816836595,146,64,5,7,0.954248366013072,0.927536231884058,0.940892298948565,0.937406015037594,0.9459459459459459,0,4,2,2,0
knn_E,knn,E,29,phone_F1.wav,213.6340434017756,27.852207816836597,151,0.911853709751568,35.20489231474075,2.027027027027027,12.714591017173115,1.9659565982243805,7.252207816836595,146,64,5,7,0.954248366013072,0.927536231884058,0.940892298948565,0.937406015037594,0.9459459459459459,0,4,2,2,0
knn_E,knn,E,47,phone_F1.wav,213.6340434017756,27.852207816836597,151,0.911853709751568,35.20489231474075,2.027027027027027,12.714591017173115,1.9659565982243805,7.252207816836595,146,64,5,7,0.954248366013072,0.927536231884058,0.940892298948565,0.937406015037594,0.9459459459459459,0,4,2,2,0
rf_E,rf,E,11,phone_F1.wav,213.6340434017756,27.852207816836597,151,0.911853709751568,35.20489231474075,2.027027027027027,12.714591017173115,1.9659565982243805,7.252207816836595,146,64,5,7,0.954248366013072,0.927536231884058,0.940892298948565,0.937406015037594,0.9459459459459459,0,4,2,2,0
rf_E,rf,E,29,phone_F1.wav,213.6340434017756,27.852207816836597,151,0.911853709751568,35.20489231474075,2.027027027027027,12.714591017173115,1.9659565982243805,7.252207816836595,146,64,5,7,0.954248366013072,0.927536231884058,0.940892298948565,0.937406015037594,0.9459459459459459,0,4,2,2,0
rf_E,rf,E,47,phone_F1.wav,213.6340434017756,27.852207816836597,151,0.911853709751568,35.20489231474075,2.027027027027027,12.714591017173115,1.9659565982243805,7.252207816836595,146,64,5,7,0.954248366013072,0.927536231884058,0.940892298948565,0.937406015037594,0.9459459459459459,0,4,2,2,0
gmm_E,gmm,E,11,phone_F1.wav,216.32139553557911,20.617332675797794,148,0.3345990424764007,0.08413920290190542,0.0,0.13957941512610203,0.72139553557912,0.01733267579779252,145,66,3,8,0.9477124183006536,0.9565217391304348,0.9521170787155442,0.9432660362892922,0.9504504504504504,0,1,1,0,0
gmm_E,gmm,E,29,phone_F1.wav,216.32139553557911,20.617332675797794,148,0.3345990424764007,0.08413920290190542,0.0,0.13957941512610203,0.72139553557912,0.01733267579779252,145,66,3,8,0.9477124183006536,0.9565217391304348,0.9521170787155442,0.9432660362892922,0.9504504504504504,0,1,1,0,0
gmm_E,gmm,E,47,phone_F1.wav,216.32139553557911,20.617332675797794,148,0.3345990424764007,0.08413920290190542,0.0,0.13957941512610203,0.72139553557912,0.01733267579779252,145,66,3,8,0.9477124183006536,0.9565217391304348,0.9521170787155442,0.9432660362892922,0.9504504504504504,0,1,1,0,0
logistic_PE,logistic,PE,11,phone_F1.wav,213.9644160857223,32.57377176222107,159,0.7586196262883594,58.12510564184985,7.4324324324324325,22.105385900190214,1.6355839142777029,11.97377176222107,149,60,9,4,0.9738562091503268,0.8695652173913043,0.9217107132708156,0.9302274980054638,0.9414414414414415,1,12,5,6,1
logistic_PE,logistic,PE,29,phone_F1.wav,213.9644160857223,32.57377176222107,159,0.7586196262883594,58.12510564184985,7.4324324324324325,22.105385900190214,1.6355839142777029,11.97377176222107,149,60,9,4,0.9738562091503268,0.8695652173913043,0.9217107132708156,0.9302274980054638,0.9414414414414415,1,12,5,6,1
logistic_PE,logistic,PE,47,phone_F1.wav,213.9644160857223,32.57377176222107,159,0.7586196262883594,58.12510564184985,7.4324324324324325,22.105385900190214,1.6355839142777029,11.97377176222107,149,60,9,4,0.9738562091503268,0.8695652173913043,0.9217107132708156,0.9302274980054638,0.9414414414414415,1,12,5,6,1
svm_PE,svm,PE,11,phone_F1.wav,215.01199688436193,35.43452948035796,161,0.27272871782841357,72.01227903086387,8.783783783783784,27.022930510825358,0.5880031156380596,14.834529480357958,150,60,9,3,0.9803921568627451,0.8695652173913043,0.9249786871270247,0.9353146853146853,0.9459459459459459,2,14,6,6,2
svm_PE,svm,PE,29,phone_F1.wav,215.01199688436193,35.43452948035796,161,0.27272871782841357,72.01227903086387,8.783783783783784,27.022930510825358,0.5880031156380596,14.834529480357958,150,60,9,3,0.9803921568627451,0.8695652173913043,0.9249786871270247,0.9353146853146853,0.9459459459459459,2,14,6,6,2
svm_PE,svm,PE,47,phone_F1.wav,215.01199688436193,35.43452948035796,161,0.27272871782841357,72.01227903086387,8.783783783783784,27.022930510825358,0.5880031156380596,14.834529480357958,150,60,9,3,0.9803921568627451,0.8695652173913043,0.9249786871270247,0.9353146853146853,0.9459459459459459,2,14,6,6,2
knn_PE,knn,PE,11,phone_F1.wav,214.5336818375237,25.696010481894266,155,0.4945817080131294,24.737914960651768,4.72972972972973,9.987408799464875,1.066318162476307,5.096010481894265,147,61,8,6,0.9607843137254902,0.8840579710144928,0.9224211423699915,0.9258021390374331,0.9369369369369369,0,8,3,5,0
knn_PE,knn,PE,29,phone_F1.wav,214.5336818375237,25.696010481894266,155,0.4945817080131294,24.737914960651768,4.72972972972973,9.987408799464875,1.066318162476307,5.096010481894265,147,61,8,6,0.9607843137254902,0.8840579710144928,0.9224211423699915,0.9258021390374331,0.9369369369369369,0,8,3,5,0
knn_PE,knn,PE,47,phone_F1.wav,214.5336818375237,25.696010481894266,155,0.4945817080131294,24.737914960651768,4.72972972972973,9.987408799464875,1.066318162476307,5.096010481894265,147,61,8,6,0.9607843137254902,0.8840579710144928,0.9224211423699915,0.9258021390374331,0.9369369369369369,0,8,3,5,0
rf_PE,rf,PE,11,phone_F1.wav,215.2179155802224,35.73395375249024,158,0.1772191186352431,73.46579491500114,6.756756756756757,26.799923596797715,0.3820844197775841,15.133953752490235,147,60,9,6,0.9607843137254902,0.8695652173913043,0.9151747655583973,0.9201725997842503,0.9324324324324325,2,11,3,6,2
rf_PE,rf,PE,29,phone_F1.wav,215.10701795514623,35.52463577032739,160,0.22865586496000057,72.44968820547277,8.108108108108109,26.928817392846963,0.4929820448537612,14.924635770327392,149,60,9,4,0.9738562091503268,0.8695652173913043,0.9217107132708156,0.9302274980054638,0.9414414414414415,2,13,5,6,2
rf_PE,rf,PE,47,phone_F1.wav,215.26874676658088,35.841880926017524,157,0.15364250158586223,73.98971323309476,6.081081081081081,26.741478938587235,0.33125323341911894,15.241880926017522,146,60,9,7,0.954248366013072,0.8695652173913043,0.9119067917021881,0.9152024446142093,0.9279279279279279,2,10,2,6,2
gmm_PE,gmm,PE,11,phone_F1.wav,216.1496309153302,20.58153572377531,147,0.2549308512663256,0.08963240885772297,0.6756756756756757,0.3400796452665748,0.5496309153301979,0.018464276224690934,144,66,3,9,0.9411764705882353,0.9565217391304348,0.948849104859335,0.9383333333333332,0.9459459459459459,0,0,0,0,0
gmm_PE,gmm,PE,29,phone_F1.wav,216.1496309153302,20.58153572377531,147,0.2549308512663256,0.08963240885772297,0.6756756756756757,0.3400796452665748,0.5496309153301979,0.018464276224690934,144,66,3,9,0.9411764705882353,0.9565217391304348,0.948849104859335,0.9383333333333332,0.9459459459459459,0,0,0,0,0
gmm_PE,gmm,PE,47,phone_F1.wav,216.1496309153302,20.58153572377531,147,0.2549308512663256,0.08963240885772297,0.6756756756756757,0.3400796452665748,0.5496309153301979,0.018464276224690934,144,66,3,9,0.9411764705882353,0.9565217391304348,0.948849104859335,0.9383333333333332,0.9459459459459459,0,0,0,0,0
logistic_Z,logistic,Z,11,phone_F1.wav,216.35285832521186,35.938542244175956,166,0.34919217310383155,74.45894293289298,12.162162162162161,28.990099089386323,0.7528583252118608,15.338542244175954,151,57,12,2,0.9869281045751634,0.8260869565217391,0.9065075305484513,0.9231606012658228,0.9369369369369369,3,19,7,9,3
logistic_Z,logistic,Z,29,phone_F1.wav,216.35285832521186,35.938542244175956,166,0.34919217310383155,74.45894293289298,12.162162162162161,28.990099089386323,0.7528583252118608,15.338542244175954,151,57,12,2,0.9869281045751634,0.8260869565217391,0.9065075305484513,0.9231606012658228,0.9369369369369369,3,19,7,9,3
logistic_Z,logistic,Z,47,phone_F1.wav,216.35285832521186,35.938542244175956,166,0.34919217310383155,74.45894293289298,12.162162162162161,28.990099089386323,0.7528583252118608,15.338542244175954,151,57,12,2,0.9869281045751634,0.8260869565217391,0.9065075305484513,0.9231606012658228,0.9369369369369369,3,19,7,9,3
svm_Z,svm,Z,11,phone_F1.wav,213.39232686247627,29.251927821710083,162,1.0239671324321555,41.999649619951846,9.45945945945946,17.494358737281154,2.2076731375237273,8.651927821710082,151,58,11,2,0.9869281045751634,0.8405797101449275,0.9137539073600455,0.9289774824658545,0.9414414414414415,0,15,7,8,0
svm_Z,svm,Z,29,phone_F1.wav,213.39232686247627,29.251927821710083,162,1.0239671324321555,41.999649619951846,9.45945945945946,17.494358737281154,2.2076731375237273,8.651927821710082,151,58,11,2,0.9869281045751634,0.8405797101449275,0.9137539073600455,0.9289774824658545,0.9414414414414415,0,15,7,8,0
svm_Z,svm,Z,47,phone_F1.wav,213.39232686247627,29.251927821710083,162,1.0239671324321555,41.999649619951846,9.45945945945946,17.494358737281154,2.2076731375237273,8.651927821710082,151,58,11,2,0.9869281045751634,0.8405797101449275,0.9137539073600455,0.9289774824658545,0.9414414414414415,0,15,7,8,0
knn_Z,knn,Z,11,phone_F1.wav,216.35285832521186,35.938542244175956,166,0.34919217310383155,74.45894293289298,12.162162162162161,28.990099089386323,0.7528583252118608,15.338542244175954,151,57,12,2,0.9869281045751634,0.8260869565217391,0.9065075305484513,0.9231606012658228,0.9369369369369369,3,19,7,9,3
knn_Z,knn,Z,29,phone_F1.wav,216.35285832521186,35.938542244175956,166,0.34919217310383155,74.45894293289298,12.162162162162161,28.990099089386323,0.7528583252118608,15.338542244175954,151,57,12,2,0.9869281045751634,0.8260869565217391,0.9065075305484513,0.9231606012658228,0.9369369369369369,3,19,7,9,3
knn_Z,knn,Z,47,phone_F1.wav,216.35285832521186,35.938542244175956,166,0.34919217310383155,74.45894293289298,12.162162162162161,28.990099089386323,0.7528583252118608,15.338542244175954,151,57,12,2,0.9869281045751634,0.8260869565217391,0.9065075305484513,0.9231606012658228,0.9369369369369369,3,19,7,9,3
rf_Z,rf,Z,11,phone_F1.wav,216.35285832521186,35.938542244175956,166,0.34919217310383155,74.45894293289298,12.162162162162161,28.990099089386323,0.7528583252118608,15.338542244175954,151,57,12,2,0.9869281045751634,0.8260869565217391,0.9065075305484513,0.9231606012658228,0.9369369369369369,3,19,7,9,3
rf_Z,rf,Z,29,phone_F1.wav,216.35285832521186,35.938542244175956,166,0.34919217310383155,74.45894293289298,12.162162162162161,28.990099089386323,0.7528583252118608,15.338542244175954,151,57,12,2,0.9869281045751634,0.8260869565217391,0.9065075305484513,0.9231606012658228,0.9369369369369369,3,19,7,9,3
rf_Z,rf,Z,47,phone_F1.wav,216.35285832521186,35.938542244175956,166,0.34919217310383155,74.45894293289298,12.162162162162161,28.990099089386323,0.7528583252118608,15.338542244175954,151,57,12,2,0.9869281045751634,0.8260869565217391,0.9065075305484513,0.9231606012658228,0.9369369369369369,3,19,7,9,3
gmm_Z,gmm,Z,11,phone_F1.wav,218.48823164079053,40.677772328663,168,1.339625065301733,97.46491421681068,13.513513513513514,37.43935093187531,2.8882316407905364,20.077772328663002,151,57,12,2,0.9869281045751634,0.8260869565217391,0.9065075305484513,0.9231606012658228,0.9369369369369369,5,21,7,9,5
gmm_Z,gmm,Z,29,phone_F1.wav,218.48823164079053,40.677772328663,168,1.339625065301733,97.46491421681068,13.513513513513514,37.43935093187531,2.8882316407905364,20.077772328663002,151,57,12,2,0.9869281045751634,0.8260869565217391,0.9065075305484513,0.9231606012658228,0.9369369369369369,5,21,7,9,5
gmm_Z,gmm,Z,47,phone_F1.wav,218.48823164079053,40.677772328663,168,1.339625065301733,97.46491421681068,13.513513513513514,37.43935093187531,2.8882316407905364,20.077772328663002,151,57,12,2,0.9869281045751634,0.8260869565217391,0.9065075305484513,0.9231606012658228,0.9369369369369369,5,21,7,9,5
logistic_PZ,logistic,PZ,11,phone_F1.wav,215.8980324296646,33.625999043924935,161,0.1382339655216149,63.23300506759676,8.783783783783784,24.05167427230072,0.29803242966460175,13.025999043924934,150,60,9,3,0.9803921568627451,0.8695652173913043,0.9249786871270247,0.9353146853146853,0.9459459459459459,2,14,6,6,2
logistic_PZ,logistic,PZ,29,phone_F1.wav,215.8980324296646,33.625999043924935,161,0.1382339655216149,63.23300506759676,8.783783783783784,24.05167427230072,0.29803242966460175,13.025999043924934,150,60,9,3,0.9803921568627451,0.8695652173913043,0.9249786871270247,0.9353146853146853,0.9459459459459459,2,14,6,6,2
logistic_PZ,logistic,PZ,47,phone_F1.wav,215.8980324296646,33.625999043924935,161,0.1382339655216149,63.23300506759676,8.783783783783784,24.05167427230072,0.29803242966460175,13.025999043924934,150,60,9,3,0.9803921568627451,0.8695652173913043,0.9249786871270247,0.9353146853146853,0.9459459459459459,2,14,6,6,2
svm_PZ,svm,PZ,11,phone_F1.wav,216.06017828753176,33.66811309785862,160,0.2134407641612992,63.437442222614656,8.108108108108109,23.919663698294688,0.46017828753176104,13.068113097858621,150,61,8,3,0.9803921568627451,0.8840579710144928,0.9322250639386189,0.9409617290815463,0.9504504504504504,2,13,6,5,2
svm_PZ,svm,PZ,29,phone_F1.wav,216.06017828753176,33.66811309785862,160,0.2134407641612992,63.437442222614656,8.108108108108109,23.919663698294688,0.46017828753176104,13.068113097858621,150,61,8,3,0.9803921568627451,0.8840579710144928,0.9322250639386189,0.9409617290815463,0.9504504504504504,2,13,6,5,2
svm_PZ,svm,PZ,47,phone_F1.wav,216.06017828753176,33.66811309785862,160,0.2134407641612992,63.437442222614656,8.108108108108109,23.919663698294688,0.46017828753176104,13.068113097858621,150,61,8,3,0.9803921568627451,0.8840579710144928,0.9322250639386189,0.9409617290815463,0.9504504504504504,2,13,6,5,2
knn_PZ,knn,PZ,11,phone_F1.wav,216.85810797520307,34.611045338738386,160,0.5835380218938194,68.01478319775914,8.108108108108109,25.568809775920357,1.2581079752030746,14.011045338738384,150,62,7,3,0.9803921568627451,0.8985507246376812,0.9394714407502132,0.9465575349061146,0.954954954954955,3,13,6,4,3
knn_PZ,knn,PZ,29,phone_F1.wav,216.85810797520307,34.611045338738386,160,0.5835380218938194,68.01478319775914,8.108108108108109,25.568809775920357,1.2581079752030746,14.011045338738384,150,62,7,3,0.9803921568627451,0.8985507246376812,0.9394714407502132,0.9465575349061146,0.954954954954955,3,13,6,4,3
knn_PZ,knn,PZ,47,phone_F1.wav,216.85810797520307,34.611045338738386,160,0.5835380218938194,68.01478319775914,8.108108108108109,25.568809775920357,1.2581079752030746,14.011045338738384,150,62,7,3,0.9803921568627451,0.8985507246376812,0.9394714407502132,0.9465575349061146,0.954954954954955,3,13,6,4,3
rf_PZ,rf,PZ,11,phone_F1.wav,217.13011924974472,34.47529567657254,164,0.7097028060040487,67.35580425520651,10.81081081081081,26.292105957340453,1.530119249744729,13.875295676572541,151,59,10,2,0.9869281045751634,0.855072463768116,0.9210002841716397,0.9347378735913767,0.9459459459459459,3,17,7,7,3
rf_PZ,rf,PZ,29,phone_F1.wav,216.38864995998682,36.11482383567632,166,0.3657931168770071,75.3146788139627,12.162162162162161,29.280878031000622,0.7886499599868273,15.514823835676317,151,57,12,2,0.9869281045751634,0.8260869565217391,0.9065075305484513,0.9231606012658228,0.9369369369369369,3,19,7,9,3
rf_PZ,rf,PZ,47,phone_F1.wav,217.05397445845995,34.41180286404935,164,0.6743851848144495,67.04758671868615,10.81081081081081,26.177594238103804,1.4539744584599532,13.811802864049348,151,59,10,2,0.9869281045751634,0.855072463768116,0.9210002841716397,0.9347378735913767,0.9459459459459459,3,17,7,7,3
gmm_PZ,gmm,PZ,11,phone_F1.wav,216.1496309153302,20.58153572377531,147,0.2549308512663256,0.08963240885772297,0.6756756756756757,0.3400796452665748,0.5496309153301979,0.018464276224690934,144,66,3,9,0.9411764705882353,0.9565217391304348,0.948849104859335,0.9383333333333332,0.9459459459459459,0,0,0,0,0
gmm_PZ,gmm,PZ,29,phone_F1.wav,216.1496309153302,20.58153572377531,147,0.2549308512663256,0.08963240885772297,0.6756756756756757,0.3400796452665748,0.5496309153301979,0.018464276224690934,144,66,3,9,0.9411764705882353,0.9565217391304348,0.948849104859335,0.9383333333333332,0.9459459459459459,0,0,0,0,0
gmm_PZ,gmm,PZ,47,phone_F1.wav,216.1496309153302,20.58153572377531,147,0.2549308512663256,0.08963240885772297,0.6756756756756757,0.3400796452665748,0.5496309153301979,0.018464276224690934,144,66,3,9,0.9411764705882353,0.9565217391304348,0.948849104859335,0.9383333333333332,0.9459459459459459,0,0,0,0,0
logistic_EZ,logistic,EZ,11,phone_F1.wav,212.8834320723564,29.210574199076518,159,1.260003677014648,41.798903879012215,7.4324324324324325,16.830446662819767,2.716567927643581,8.610574199076517,151,61,8,2,0.9869281045751634,0.8840579710144928,0.9354930377948281,0.9460955710955711,0.954954954954955,0,12,7,5,0
logistic_EZ,logistic,EZ,29,phone_F1.wav,212.8834320723564,29.210574199076518,159,1.260003677014648,41.798903879012215,7.4324324324324325,16.830446662819767,2.716567927643581,8.610574199076517,151,61,8,2,0.9869281045751634,0.8840579710144928,0.9354930377948281,0.9460955710955711,0.954954954954955,0,12,7,5,0
logistic_EZ,logistic,EZ,47,phone_F1.wav,212.8834320723564,29.210574199076518,159,1.260003677014648,41.798903879012215,7.4324324324324325,16.830446662819767,2.716567927643581,8.610574199076517,151,61,8,2,0.9869281045751634,0.8840579710144928,0.9354930377948281,0.9460955710955711,0.954954954954955,0,12,7,5,0
svm_EZ,svm,EZ,11,phone_F1.wav,212.90478228930405,29.120392545580263,160,1.2501009789869864,41.3611288620401,8.108108108108109,16.906445983045064,2.6952177106959425,8.520392545580261,151,60,9,2,0.9869281045751634,0.8695652173913043,0.9282466609832338,0.940443382191547,0.9504504504504504,0,13,7,6,0
svm_EZ,svm,EZ,29,phone_F1.wav,212.90478228930405,29.120392545580263,160,1.2501009789869864,41.3611288620401,8.108108108108109,16.906445983045064,2.6952177106959425,8.520392545580261,151,60,9,2,0.9869281045751634,0.8695652173913043,0.9282466609832338,0.940443382191547,0.9504504504504504,0,13,7,6,0
svm_EZ,svm,EZ,47,phone_F1.wav,212.90478228930405,29.120392545580263,160,1.2501009789869864,41.3611288620401,8.108108108108109,16.906445983045064,2.6952177106959425,8.520392545580261,151,60,9,2,0.9869281045751634,0.8695652173913043,0.9282466609832338,0.940443382191547,0.9504504504504504,0,13,7,6,0
knn_EZ,knn,EZ,11,phone_F1.wav,212.77075686846652,29.162587813379023,159,1.3122649033086613,41.56596025912146,7.4324324324324325,16.770219198287517,2.829243131533474,8.562587813379022,151,61,8,2,0.9869281045751634,0.8840579710144928,0.9354930377948281,0.9460955710955711,0.954954954954955,0,12,7,5,0
knn_EZ,knn,EZ,29,phone_F1.wav,212.77075686846652,29.162587813379023,159,1.3122649033086613,41.56596025912146,7.4324324324324325,16.770219198287517,2.829243131533474,8.562587813379022,151,61,8,2,0.9869281045751634,0.8840579710144928,0.9354930377948281,0.9460955710955711,0.954954954954955,0,12,7,5,0
knn_EZ,knn,EZ,47,phone_F1.wav,212.77075686846652,29.162587813379023,159,1.3122649033086613,41.56596025912146,7.4324324324324325,16.770219198287517,2.829243131533474,8.562587813379022,151,61,8,2,0.9869281045751634,0.8840579710144928,0.9354930377948281,0.9460955710955711,0.954954954954955,0,12,7,5,0
rf_EZ,rf,EZ,11,phone_F1.wav,212.7484232614064,29.253373422826805,158,1.3226237191992547,42.00666710110098,6.756756756756757,16.69534919235233,2.851576738593593,8.653373422826803,151,62,7,2,0.9869281045751634,0.8985507246376812,0.9427394146064223,0.9516959601576287,0.9594594594594594,0,11,7,4,0
rf_EZ,rf,EZ,29,phone_F1.wav,212.9244819249707,29.504436838952945,155,1.2409638566926198,43.22542154831525,4.72972972972973,16.398705044912532,2.675518075029288,8.904436838952943,148,62,7,5,0.9673202614379085,0.8985507246376812,0.9329354930377949,0.936401833460657,0.9459459459459459,0,8,4,4,0
rf_EZ,rf,EZ,47,phone_F1.wav,212.88802639546412,29.413221266195965,156,1.2578727293765635,42.78262750580564,5.405405405405405,16.481968546862536,2.7119736045358707,8.813221266195963,149,62,7,4,0.9738562091503268,0.8985507246376812,0.936203466894004,0.9414599065084501,0.9504504504504504,0,9,5,4,0
gmm_EZ,gmm,EZ,11,phone_F1.wav,216.32139553557911,20.617332675797794,148,0.3345990424764007,0.08413920290190542,0.0,0.13957941512610203,0.72139553557912,0.01733267579779252,145,66,3,8,0.9477124183006536,0.9565217391304348,0.9521170787155442,0.9432660362892922,0.9504504504504504,0,1,1,0,0
gmm_EZ,gmm,EZ,29,phone_F1.wav,216.32139553557911,20.617332675797794,148,0.3345990424764007,0.08413920290190542,0.0,0.13957941512610203,0.72139553557912,0.01733267579779252,145,66,3,8,0.9477124183006536,0.9565217391304348,0.9521170787155442,0.9432660362892922,0.9504504504504504,0,1,1,0,0
gmm_EZ,gmm,EZ,47,phone_F1.wav,216.32139553557911,20.617332675797794,148,0.3345990424764007,0.08413920290190542,0.0,0.13957941512610203,0.72139553557912,0.01733267579779252,145,66,3,8,0.9477124183006536,0.9565217391304348,0.9521170787155442,0.9432660362892922,0.9504504504504504,0,1,1,0,0
logistic_PEZ,logistic,PEZ,11,phone_F1.wav,212.74192272225244,29.266754568423075,159,1.3256388115712219,42.0716241185586,7.4324324324324325,16.943231787520755,2.8580772777475545,8.666754568423073,150,60,9,3,0.9803921568627451,0.8695652173913043,0.9249786871270247,0.9353146853146853,0.9459459459459459,0,12,6,6,0
logistic_PEZ,logistic,PEZ,29,phone_F1.wav,212.74192272225244,29.266754568423075,159,1.3256388115712219,42.0716241185586,7.4324324324324325,16.943231787520755,2.8580772777475545,8.666754568423073,150,60,9,3,0.9803921568627451,0.8695652173913043,0.9249786871270247,0.9353146853146853,0.9459459459459459,0,12,6,6,0
logistic_PEZ,logistic,PEZ,47,phone_F1.wav,212.74192272225244,29.266754568423075,159,1.3256388115712219,42.0716241185586,7.4324324324324325,16.943231787520755,2.8580772777475545,8.666754568423073,150,60,9,3,0.9803921568627451,0.8695652173913043,0.9249786871270247,0.9353146853146853,0.9459459459459459,0,12,6,6,0
svm_PEZ,svm,PEZ,11,phone_F1.wav,215.0042064233356,35.217181924871156,163,0.27634210420426314,70.95719381005414,10.135135135135135,27.122890349797842,0.5957935766643914,14.617181924871154,151,59,10,2,0.9869281045751634,0.855072463768116,0.9210002841716397,0.9347378735913767,0.9459459459459459,2,16,7,7,2
svm_PEZ,svm,PEZ,29,phone_F1.wav,215.0042064233356,35.217181924871156,163,0.27634210420426314,70.95719381005414,10.135135135135135,27.122890349797842,0.5957935766643914,14.617181924871154,151,59,10,2,0.9869281045751634,0.855072463768116,0.9210002841716397,0.9347378735913767,0.9459459459459459,2,16,7,7,2
svm_PEZ,svm,PEZ,47,phone_F1.wav,215.0042064233356,35.217181924871156,163,0.27634210420426314,70.95719381005414,10.135135135135135,27.122890349797842,0.5957935766643914,14.617181924871154,151,59,10,2,0.9869281045751634,0.855072463768116,0.9210002841716397,0.9347378735913767,0.9459459459459459,2,16,7,7,2
knn_PEZ,knn,PEZ,11,phone_F1.wav,213.00479196775004,29.158729099582363,162,1.2037143006725217,41.547228638749324,9.45945945945946,17.40346746629377,2.595208032249957,8.558729099582361,151,58,11,2,0.9869281045751634,0.8405797101449275,0.9137539073600455,0.9289774824658545,0.9414414414414415,0,15,7,8,0
knn_PEZ,knn,PEZ,29,phone_F1.wav,213.00479196775004,29.158729099582363,162,1.2037143006725217,41.547228638749324,9.45945945945946,17.40346746629377,2.595208032249957,8.558729099582361,151,58,11,2,0.9869281045751634,0.8405797101449275,0.9137539073600455,0.9289774824658545,0.9414414414414415,0,15,7,8,0
knn_PEZ,knn,PEZ,47,phone_F1.wav,213.00479196775004,29.158729099582363,162,1.2037143006725217,41.547228638749324,9.45945945945946,17.40346746629377,2.595208032249957,8.558729099582361,151,58,11,2,0.9869281045751634,0.8405797101449275,0.9137539073600455,0.9289774824658545,0.9414414414414415,0,15,7,8,0
rf_PEZ,rf,PEZ,11,phone_F1.wav,214.0280507948032,32.66683740693656,158,0.7291044551005574,58.576880616196874,6.756756756756757,22.02091394268473,1.5719492051968018,12.066837406936557,148,60,9,5,0.9673202614379085,0.8695652173913043,0.9184427394146064,0.9251805488685605,0.9369369369369369,1,11,4,6,1
rf_PEZ,rf,PEZ,29,phone_F1.wav,212.88614568143808,29.302846944581567,158,1.2587450457151736,42.24682982806585,6.756756756756757,16.754110543512592,2.713854318561914,8.702846944581566,150,61,8,3,0.9803921568627451,0.8840579710144928,0.9322250639386189,0.9409617290815463,0.9504504504504504,0,11,6,5,0
rf_PEZ,rf,PEZ,47,phone_F1.wav,214.08783599426718,32.857599424282256,157,0.7013747707480583,59.502909826612886,6.081081081081081,22.095121892814007,1.5121640057328136,12.257599424282255,147,60,9,6,0.9607843137254902,0.8695652173913043,0.9151747655583973,0.9201725997842503,0.9324324324324325,1,10,3,6,1
gmm_PEZ,gmm,PEZ,11,phone_F1.wav,216.1496309153302,20.58153572377531,147,0.2549308512663256,0.08963240885772297,0.6756756756756757,0.3400796452665748,0.5496309153301979,0.018464276224690934,144,66,3,9,0.9411764705882353,0.9565217391304348,0.948849104859335,0.9383333333333332,0.9459459459459459,0,0,0,0,0
gmm_PEZ,gmm,PEZ,29,phone_F1.wav,216.1496309153302,20.58153572377531,147,0.2549308512663256,0.08963240885772297,0.6756756756756757,0.3400796452665748,0.5496309153301979,0.018464276224690934,144,66,3,9,0.9411764705882353,0.9565217391304348,0.948849104859335,0.9383333333333332,0.9459459459459459,0,0,0,0,0
gmm_PEZ,gmm,PEZ,47,phone_F1.wav,216.1496309153302,20.58153572377531,147,0.2549308512663256,0.08963240885772297,0.6756756756756757,0.3400796452665748,0.5496309153301979,0.018464276224690934,144,66,3,9,0.9411764705882353,0.9565217391304348,0.948849104859335,0.9383333333333332,0.9459459459459459,0,0,0,0,0
logistic_S,logistic,S,11,phone_F1.wav,214.0464483411361,30.512026077380376,162,0.7205712703450284,48.11663144359405,9.45945945945946,19.43222072446618,1.5535516588638814,9.912026077380375,149,57,12,4,0.9738562091503268,0.8260869565217391,0.899971582836033,0.912983831455169,0.9279279279279279,1,15,5,9,1
logistic_S,logistic,S,29,phone_F1.wav,214.0464483411361,30.512026077380376,162,0.7205712703450284,48.11663144359405,9.45945945945946,19.43222072446618,1.5535516588638814,9.912026077380375,149,57,12,4,0.9738562091503268,0.8260869565217391,0.899971582836033,0.912983831455169,0.9279279279279279,1,15,5,9,1
logistic_S,logistic,S,47,phone_F1.wav,214.0464483411361,30.512026077380376,162,0.7205712703450284,48.11663144359405,9.45945945945946,19.43222072446618,1.5535516588638814,9.912026077380375,149,57,12,4,0.9738562091503268,0.8260869565217391,0.899971582836033,0.912983831455169,0.9279279279279279,1,15,5,9,1
svm_S,svm,S,11,phone_F1.wav,212.80953383740737,29.29452258998984,158,1.2942792961932386,42.20642033975649,6.756756756756757,16.752485464235495,2.7904661625926224,8.694522589989838,149,60,9,4,0.9738562091503268,0.8695652173913043,0.9217107132708156,0.9302274980054638,0.9414414414414415,0,11,5,6,0
svm_S,svm,S,29,phone_F1.wav,212.80953383740737,29.29452258998984,158,1.2942792961932386,42.20642033975649,6.756756756756757,16.752485464235495,2.7904661625926224,8.694522589989838,149,60,9,4,0.9738562091503268,0.8695652173913043,0.9217107132708156,0.9302274980054638,0.9414414414414415,0,11,5,6,0
svm_S,svm,S,47,phone_F1.wav,212.80953383740737,29.29452258998984,158,1.2942792961932386,42.20642033975649,6.756756756756757,16.752485464235495,2.7904661625926224,8.694522589989838,149,60,9,4,0.9738562091503268,0.8695652173913043,0.9217107132708156,0.9302274980054638,0.9414414414414415,0,11,5,6,0
knn_S,knn,S,11,phone_F1.wav,214.96921132980884,35.46201959165492,160,0.2925735947083262,72.14572617308214,8.108108108108109,26.848802625299527,0.6307886701911514,14.86201959165492,149,60,9,4,0.9738562091503268,0.8695652173913043,0.9217107132708156,0.9302274980054638,0.9414414414414415,2,13,5,6,2
knn_S,knn,S,29,phone_F1.wav,214.96921132980884,35.46201959165492,160,0.2925735947083262,72.14572617308214,8.108108108108109,26.848802625299527,0.6307886701911514,14.86201959165492,149,60,9,4,0.9738562091503268,0.8695652173913043,0.9217107132708156,0.9302274980054638,0.9414414414414415,2,13,5,6,2
knn_S,knn,S,47,phone_F1.wav,214.96921132980884,35.46201959165492,160,0.2925735947083262,72.14572617308214,8.108108108108109,26.848802625299527,0.6307886701911514,14.86201959165492,149,60,9,4,0.9738562091503268,0.8695652173913043,0.9217107132708156,0.9302274980054638,0.9414414414414415,2,13,5,6,2
rf_S,rf,S,11,phone_F1.wav,214.02436389770784,32.85814670776048,157,0.7308145186883818,59.50556654252661,6.081081081081081,22.105820714098694,1.575636102292151,12.258146707760481,148,61,8,5,0.9673202614379085,0.8840579710144928,0.9256891162262006,0.9308162531463502,0.9414414414414415,1,10,4,5,1
rf_S,rf,S,29,phone_F1.wav,215.14344579595593,35.62923774281908,158,0.21175983489984582,72.9574647709664,6.756756756756757,26.641993787541,0.45655420404406755,15.029237742819078,148,61,8,5,0.9673202614379085,0.8840579710144928,0.9256891162262006,0.9308162531463502,0.9414414414414415,2,11,4,5,2
rf_S,rf,S,47,phone_F1.wav,215.14344579595593,35.62923774281908,158,0.21175983489984582,72.9574647709664,6.756756756756757,26.641993787541,0.45655420404406755,15.029237742819078,148,61,8,5,0.9673202614379085,0.8840579710144928,0.9256891162262006,0.9308162531463502,0.9414414414414415,2,11,4,5,2
gmm_S,gmm,S,11,phone_F1.wav,213.05636970834158,29.366620162753655,159,1.1797914154259819,42.55640855705657,7.4324324324324325,17.05621080163833,2.543630291658417,8.766620162753654,149,59,10,4,0.9738562091503268,0.855072463768116,0.9144643364592213,0.9245337995337995,0.9369369369369369,0,12,5,7,0
gmm_S,gmm,S,29,phone_F1.wav,213.05636970834158,29.366620162753655,159,1.1797914154259819,42.55640855705657,7.4324324324324325,17.05621080163833,2.543630291658417,8.766620162753654,149,59,10,4,0.9738562091503268,0.855072463768116,0.9144643364592213,0.9245337995337995,0.9369369369369369,0,12,5,7,0
gmm_S,gmm,S,47,phone_F1.wav,213.05636970834158,29.366620162753655,159,1.1797914154259819,42.55640855705657,7.4324324324324325,17.05621080163833,2.543630291658417,8.766620162753654,149,59,10,4,0.9738562091503268,0.855072463768116,0.9144643364592213,0.9245337995337995,0.9369369369369369,0,12,5,7,0
logistic_PS,logistic,PS,11,phone_F1.wav,216.09237470339392,33.61263051099558,162,0.22837416669476845,63.168109276677555,9.45945945945946,24.285314300943927,0.49237470339392075,13.012630510995578,150,59,10,3,0.9803921568627451,0.855072463768116,0.9177323103154305,0.9296149062263737,0.9414414414414415,2,15,6,7,2
logistic_PS,logistic,PS,29,phone_F1.wav,216.09237470339392,33.61263051099558,162,0.22837416669476845,63.168109276677555,9.45945945945946,24.285314300943927,0.49237470339392075,13.012630510995578,150,59,10,3,0.9803921568627451,0.855072463768116,0.9177323103154305,0.9296149062263737,0.9414414414414415,2,15,6,7,2
logistic_PS,logistic,PS,47,phone_F1.wav,216.09237470339392,33.61263051099558,162,0.22837416669476845,63.168109276677555,9.45945945945946,24.285314300943927,0.49237470339392075,13.012630510995578,150,59,10,3,0.9803921568627451,0.855072463768116,0.9177323103154305,0.9296149062263737,0.9414414414414415,2,15,6,7,2
svm_PS,svm,PS,11,phone_F1.wav,215.8980324296646,33.625999043924935,161,0.1382339655216149,63.23300506759676,8.783783783783784,24.05167427230072,0.29803242966460175,13.025999043924934,150,60,9,3,0.9803921568627451,0.8695652173913043,0.9249786871270247,0.9353146853146853,0.9459459459459459,2,14,6,6,2
svm_PS,svm,PS,29,phone_F1.wav,215.8980324296646,33.625999043924935,161,0.1382339655216149,63.23300506759676,8.783783783783784,24.05167427230072,0.29803242966460175,13.025999043924934,150,60,9,3,0.9803921568627451,0.8695652173913043,0.9249786871270247,0.9353146853146853,0.9459459459459459,2,14,6,6,2
svm_PS,svm,PS,47,phone_F1.wav,215.8980324296646,33.625999043924935,161,0.1382339655216149,63.23300506759676,8.783783783783784,24.05167427230072,0.29803242966460175,13.025999043924934,150,60,9,3,0.9803921568627451,0.8695652173913043,0.9249786871270247,0.9353146853146853,0.9459459459459459,2,14,6,6,2
knn_PS,knn,PS,11,phone_F1.wav,215.6577683063537,36.305745159172794,160,0.02679420517332736,76.24148135520772,8.108108108108109,28.125461222829724,0.05776830635369379,15.705745159172793,149,61,8,4,0.9738562091503268,0.8840579710144928,0.9289570900824098,0.9358690418873374,0.9459459459459459,3,13,5,5,3
knn_PS,knn,PS,29,phone_F1.wav,215.6577683063537,36.305745159172794,160,0.02679420517332736,76.24148135520772,8.108108108108109,28.125461222829724,0.05776830635369379,15.705745159172793,149,61,8,4,0.9738562091503268,0.8840579710144928,0.9289570900824098,0.9358690418873374,0.9459459459459459,3,13,5,5,3
knn_PS,knn,PS,47,phone_F1.wav,215.6577683063537,36.305745159172794,160,0.02679420517332736,76.24148135520772,8.108108108108109,28.125461222829724,0.05776830635369379,15.705745159172793,149,61,8,4,0.9738562091503268,0.8840579710144928,0.9289570900824098,0.9358690418873374,0.9459459459459459,3,13,5,5,3
rf_PS,rf,PS,11,phone_F1.wav,216.0019989299175,36.36560863421383,162,0.18645590441442988,76.53208074861081,9.45945945945946,28.725998704161565,0.40199892991751085,15.765608634213827,150,60,9,3,0.9803921568627451,0.8695652173913043,0.9249786871270247,0.9353146853146853,0.9459459459459459,3,15,6,6,3
rf_PS,rf,PS,29,phone_F1.wav,216.0019989299175,36.36560863421383,162,0.18645590441442988,76.53208074861081,9.45945945945946,28.725998704161565,0.40199892991751085,15.765608634213827,150,60,9,3,0.9803921568627451,0.8695652173913043,0.9249786871270247,0.9353146853146853,0.9459459459459459,3,15,6,6,3
rf_PS,rf,PS,47,phone_F1.wav,215.8421995203531,36.31089455113673,163,0.11233743986692805,76.26647840357633,10.135135135135135,28.83798365952613,0.2421995203530969,15.710894551136725,150,59,10,3,0.9803921568627451,0.855072463768116,0.9177323103154305,0.9296149062263737,0.9414414414414415,3,16,6,7,3
gmm_PS,gmm,PS,11,phone_F1.wav,216.1496309153302,20.58153572377531,147,0.2549308512663256,0.08963240885772297,0.6756756756756757,0.3400796452665748,0.5496309153301979,0.018464276224690934,144,66,3,9,0.9411764705882353,0.9565217391304348,0.948849104859335,0.9383333333333332,0.9459459459459459,0,0,0,0,0
gmm_PS,gmm,PS,29,phone_F1.wav,216.1496309153302,20.58153572377531,147,0.2549308512663256,0.08963240885772297,0.6756756756756757,0.3400796452665748,0.5496309153301979,0.018464276224690934,144,66,3,9,0.9411764705882353,0.9565217391304348,0.948849104859335,0.9383333333333332,0.9459459459459459,0,0,0,0,0
gmm_PS,gmm,PS,47,phone_F1.wav,216.1496309153302,20.58153572377531,147,0.2549308512663256,0.08963240885772297,0.6756756756756757,0.3400796452665748,0.5496309153301979,0.018464276224690934,144,66,3,9,0.9411764705882353,0.9565217391304348,0.948849104859335,0.9383333333333332,0.9459459459459459,0,0,0,0,0
logistic_ES,logistic,ES,11,phone_F1.wav,212.9798940147073,29.47771133175797,156,1.215262516369525,43.09568607649499,5.405405405405405,16.57211799942331,2.620105985292696,8.877711331757968,148,61,8,5,0.9673202614379085,0.8840579710144928,0.9256891162262006,0.9308162531463502,0.9414414414414415,0,9,4,5,0
logistic_ES,logistic,ES,29,phone_F1.wav,212.9798940147073,29.47771133175797,156,1.215262516369525,43.09568607649499,5.405405405405405,16.57211799942331,2.620105985292696,8.877711331757968,148,61,8,5,0.9673202614379085,0.8840579710144928,0.9256891162262006,0.9308162531463502,0.9414414414414415,0,9,4,5,0
logistic_ES,logistic,ES,47,phone_F1.wav,212.9798940147073,29.47771133175797,156,1.215262516369525,43.09568607649499,5.405405405405405,16.57211799942331,2.620105985292696,8.877711331757968,148,61,8,5,0.9673202614379085,0.8840579710144928,0.9256891162262006,0.9308162531463502,0.9414414414414415,0,9,4,5,0
svm_ES,svm,ES,11,phone_F1.wav,212.78563316758215,29.436958270125587,156,1.305364950101042,42.897855680221284,5.405405405405405,16.53620867857591,2.8143668324178464,8.836958270125585,149,62,7,4,0.9738562091503268,0.8985507246376812,0.936203466894004,0.9414599065084501,0.9504504504504504,0,9,5,4,0
svm_ES,svm,ES,29,phone_F1.wav,212.78563316758215,29.436958270125587,156,1.305364950101042,42.897855680221284,5.405405405405405,16.53620867857591,2.8143668324178464,8.836958270125585,149,62,7,4,0.9738562091503268,0.8985507246376812,0.936203466894004,0.9414599065084501,0.9504504504504504,0,9,5,4,0
svm_ES,svm,ES,47,phone_F1.wav,212.78563316758215,29.436958270125587,156,1.305364950101042,42.897855680221284,5.405405405405405,16.53620867857591,2.8143668324178464,8.836958270125585,149,62,7,4,0.9738562091503268,0.8985507246376812,0.936203466894004,0.9414599065084501,0.9504504504504504,0,9,5,4,0
knn_ES,knn,ES,11,phone_F1.wav,212.92212483022467,29.39254089107326,157,1.2420571288382742,42.68223733530708,6.081081081081081,16.66845851507548,2.6778751697753194,8.792540891073259,149,61,8,4,0.9738562091503268,0.8840579710144928,0.9289570900824098,0.9358690418873374,0.9459459459459459,0,10,5,5,0
knn_ES,knn,ES,29,phone_F1.wav,212.92212483022467,29.39254089107326,157,1.2420571288382742,42.68223733530708,6.081081081081081,16.66845851507548,2.6778751697753194,8.792540891073259,149,61,8,4,0.9738562091503268,0.8840579710144928,0.9289570900824098,0.9358690418873374,0.9459459459459459,0,10,5,5,0
knn_ES,knn,ES,47,phone_F1.wav,212.92212483022467,29.39254089107326,157,1.2420571288382742,42.68223733530708,6.081081081081081,16.66845851507548,2.6778751697753194,8.792540891073259,149,61,8,4,0.9738562091503268,0.8840579710144928,0.9289570900824098,0.9358690418873374,0.9459459459459459,0,10,5,5,0
rf_ES,rf,ES,11,phone_F1.wav,212.8428944651089,29.523102070594863,155,1.278805906721281,43.31602946890709,4.72972972972973,16.441521701786034,2.757105534891082,8.923102070594862,148,62,7,5,0.9673202614379085,0.8985507246376812,0.9329354930377949,0.936401833460657,0.9459459459459459,0,8,4,4,0
rf_ES,rf,ES,29,phone_F1.wav,212.95462704206332,29.69472221484564,153,1.2269818914363044,44.14913696527009,3.3783783783783785,16.25149907836159,2.6453729579366723,9.094722214845639,146,62,7,7,0.954248366013072,0.8985507246376812,0.9263995453253766,0.9263995453253766,0.9369369369369369,0,6,2,4,0
rf_ES,rf,ES,47,phone_F1.wav,212.95462704206332,29.69472221484564,153,1.2269818914363044,44.14913696527009,3.3783783783783785,16.25149907836159,2.6453729579366723,9.094722214845639,146,62,7,7,0.954248366013072,0.8985507246376812,0.9263995453253766,0.9263995453253766,0.9369369369369369,0,6,2,4,0
gmm_ES,gmm,ES,11,phone_F1.wav,216.32139553557911,20.617332675797794,148,0.3345990424764007,0.08413920290190542,0.0,0.13957941512610203,0.72139553557912,0.01733267579779252,145,66,3,8,0.9477124183006536,0.9565217391304348,0.9521170787155442,0.9432660362892922,0.9504504504504504,0,1,1,0,0
gmm_ES,gmm,ES,29,phone_F1.wav,216.32139553557911,20.617332675797794,148,0.3345990424764007,0.08413920290190542,0.0,0.13957941512610203,0.72139553557912,0.01733267579779252,145,66,3,8,0.9477124183006536,0.9565217391304348,0.9521170787155442,0.9432660362892922,0.9504504504504504,0,1,1,0,0
gmm_ES,gmm,ES,47,phone_F1.wav,216.32139553557911,20.617332675797794,148,0.3345990424764007,0.08413920290190542,0.0,0.13957941512610203,0.72139553557912,0.01733267579779252,145,66,3,8,0.9477124183006536,0.9565217391304348,0.9521170787155442,0.9432660362892922,0.9504504504504504,0,1,1,0,0
logistic_PES,logistic,PES,11,phone_F1.wav,212.74192272225244,29.266754568423075,159,1.3256388115712219,42.0716241185586,7.4324324324324325,16.943231787520755,2.8580772777475545,8.666754568423073,150,60,9,3,0.9803921568627451,0.8695652173913043,0.9249786871270247,0.9353146853146853,0.9459459459459459,0,12,6,6,0
logistic_PES,logistic,PES,29,phone_F1.wav,212.74192272225244,29.266754568423075,159,1.3256388115712219,42.0716241185586,7.4324324324324325,16.943231787520755,2.8580772777475545,8.666754568423073,150,60,9,3,0.9803921568627451,0.8695652173913043,0.9249786871270247,0.9353146853146853,0.9459459459459459,0,12,6,6,0
logistic_PES,logistic,PES,47,phone_F1.wav,212.74192272225244,29.266754568423075,159,1.3256388115712219,42.0716241185586,7.4324324324324325,16.943231787520755,2.8580772777475545,8.666754568423073,150,60,9,3,0.9803921568627451,0.8695652173913043,0.9249786871270247,0.9353146853146853,0.9459459459459459,0,12,6,6,0
svm_PES,svm,PES,11,phone_F1.wav,212.74192272225244,29.266754568423075,159,1.3256388115712219,42.0716241185586,7.4324324324324325,16.943231787520755,2.8580772777475545,8.666754568423073,150,60,9,3,0.9803921568627451,0.8695652173913043,0.9249786871270247,0.9353146853146853,0.9459459459459459,0,12,6,6,0
svm_PES,svm,PES,29,phone_F1.wav,212.74192272225244,29.266754568423075,159,1.3256388115712219,42.0716241185586,7.4324324324324325,16.943231787520755,2.8580772777475545,8.666754568423073,150,60,9,3,0.9803921568627451,0.8695652173913043,0.9249786871270247,0.9353146853146853,0.9459459459459459,0,12,6,6,0
svm_PES,svm,PES,47,phone_F1.wav,212.74192272225244,29.266754568423075,159,1.3256388115712219,42.0716241185586,7.4324324324324325,16.943231787520755,2.8580772777475545,8.666754568423073,150,60,9,3,0.9803921568627451,0.8695652173913043,0.9249786871270247,0.9353146853146853,0.9459459459459459,0,12,6,6,0
knn_PES,knn,PES,11,phone_F1.wav,213.98074089605547,32.66461158081611,159,0.7510478218666646,58.56607563502964,7.4324324324324325,22.249851963109577,1.619259103944529,12.064611580816106,149,60,9,4,0.9738562091503268,0.8695652173913043,0.9217107132708156,0.9302274980054638,0.9414414414414415,1,12,5,6,1
knn_PES,knn,PES,29,phone_F1.wav,213.98074089605547,32.66461158081611,159,0.7510478218666646,58.56607563502964,7.4324324324324325,22.249851963109577,1.619259103944529,12.064611580816106,149,60,9,4,0.9738562091503268,0.8695652173913043,0.9217107132708156,0.9302274980054638,0.9414414414414415,1,12,5,6,1
knn_PES,knn,PES,47,phone_F1.wav,213.98074089605547,32.66461158081611,159,0.7510478218666646,58.56607563502964,7.4324324324324325,22.249851963109577,1.619259103944529,12.064611580816106,149,60,9,4,0.9738562091503268,0.8695652173913043,0.9217107132708156,0.9302274980054638,0.9414414414414415,1,12,5,6,1
rf_PES,rf,PES,11,phone_F1.wav,213.87594239492947,32.49097763941093,160,0.7996556609789087,57.72319242432489,8.108108108108109,22.210318731137303,1.7240576050705272,11.890977639410927,150,60,9,3,0.9803921568627451,0.8695652173913043,0.9249786871270247,0.9353146853146853,0.9459459459459459,1,13,6,6,1
rf_PES,rf,PES,29,phone_F1.wav,214.02639049067795,32.537385898823786,159,0.7298745405018738,57.94847523700866,7.4324324324324325,22.036927403314323,1.57360950932204,11.937385898823784,150,61,8,3,0.9803921568627451,0.8840579710144928,0.9322250639386189,0.9409617290815463,0.9504504504504504,1,12,6,5,1
rf_PES,rf,PES,47,phone_F1.wav,214.10520850743364,32.868303299940656,156,0.6933170188155611,59.55487038806143,5.405405405405405,21.884530937427467,1.4947914925663497,12.268303299940655,146,60,9,7,0.954248366013072,0.8695652173913043,0.9119067917021881,0.9152024446142093,0.9279279279279279,1,9,2,6,1
gmm_PES,gmm,PES,11,phone_F1.wav,216.1496309153302,20.58153572377531,147,0.2549308512663256,0.08963240885772297,0.6756756756756757,0.3400796452665748,0.5496309153301979,0.018464276224690934,144,66,3,9,0.9411764705882353,0.9565217391304348,0.948849104859335,0.9383333333333332,0.9459459459459459,0,0,0,0,0
gmm_PES,gmm,PES,29,phone_F1.wav,216.1496309153302,20.58153572377531,147,0.2549308512663256,0.08963240885772297,0.6756756756756757,0.3400796452665748,0.5496309153301979,0.018464276224690934,144,66,3,9,0.9411764705882353,0.9565217391304348,0.948849104859335,0.9383333333333332,0.9459459459459459,0,0,0,0,0
gmm_PES,gmm,PES,47,phone_F1.wav,216.1496309153302,20.58153572377531,147,0.2549308512663256,0.08963240885772297,0.6756756756756757,0.3400796452665748,0.5496309153301979,0.018464276224690934,144,66,3,9,0.9411764705882353,0.9565217391304348,0.948849104859335,0.9383333333333332,0.9459459459459459,0,0,0,0,0
logistic_ZS,logistic,ZS,11,phone_F1.wav,216.35285832521186,35.938542244175956,166,0.34919217310383155,74.45894293289298,12.162162162162161,28.990099089386323,0.7528583252118608,15.338542244175954,151,57,12,2,0.9869281045751634,0.8260869565217391,0.9065075305484513,0.9231606012658228,0.9369369369369369,3,19,7,9,3
logistic_ZS,logistic,ZS,29,phone_F1.wav,216.35285832521186,35.938542244175956,166,0.34919217310383155,74.45894293289298,12.162162162162161,28.990099089386323,0.7528583252118608,15.338542244175954,151,57,12,2,0.9869281045751634,0.8260869565217391,0.9065075305484513,0.9231606012658228,0.9369369369369369,3,19,7,9,3
logistic_ZS,logistic,ZS,47,phone_F1.wav,216.35285832521186,35.938542244175956,166,0.34919217310383155,74.45894293289298,12.162162162162161,28.990099089386323,0.7528583252118608,15.338542244175954,151,57,12,2,0.9869281045751634,0.8260869565217391,0.9065075305484513,0.9231606012658228,0.9369369369369369,3,19,7,9,3
svm_ZS,svm,ZS,11,phone_F1.wav,213.39232686247627,29.251927821710083,162,1.0239671324321555,41.999649619951846,9.45945945945946,17.494358737281154,2.2076731375237273,8.651927821710082,151,58,11,2,0.9869281045751634,0.8405797101449275,0.9137539073600455,0.9289774824658545,0.9414414414414415,0,15,7,8,0
svm_ZS,svm,ZS,29,phone_F1.wav,213.39232686247627,29.251927821710083,162,1.0239671324321555,41.999649619951846,9.45945945945946,17.494358737281154,2.2076731375237273,8.651927821710082,151,58,11,2,0.9869281045751634,0.8405797101449275,0.9137539073600455,0.9289774824658545,0.9414414414414415,0,15,7,8,0
svm_ZS,svm,ZS,47,phone_F1.wav,213.39232686247627,29.251927821710083,162,1.0239671324321555,41.999649619951846,9.45945945945946,17.494358737281154,2.2076731375237273,8.651927821710082,151,58,11,2,0.9869281045751634,0.8405797101449275,0.9137539073600455,0.9289774824658545,0.9414414414414415,0,15,7,8,0
knn_ZS,knn,ZS,11,phone_F1.wav,215.5598969719076,35.157829630774565,164,0.018600662380521008,70.66907587754642,10.81081081081081,27.166162450245917,0.04010302809240329,14.557829630774563,151,58,11,2,0.9869281045751634,0.8405797101449275,0.9137539073600455,0.9289774824658545,0.9414414414414415,2,17,7,8,2
knn_ZS,knn,ZS,29,phone_F1.wav,215.5598969719076,35.157829630774565,164,0.018600662380521008,70.66907587754642,10.81081081081081,27.166162450245917,0.04010302809240329,14.557829630774563,151,58,11,2,0.9869281045751634,0.8405797101449275,0.9137539073600455,0.9289774824658545,0.9414414414414415,2,17,7,8,2
knn_ZS,knn,ZS,47,phone_F1.wav,215.5598969719076,35.157829630774565,164,0.018600662380521008,70.66907587754642,10.81081081081081,27.166162450245917,0.04010302809240329,14.557829630774563,151,58,11,2,0.9869281045751634,0.8405797101449275,0.9137539073600455,0.9289774824658545,0.9414414414414415,2,17,7,8,2
rf_ZS,rf,ZS,11,phone_F1.wav,216.34637285174801,37.93769676053682,162,0.34618406852876654,84.16357650746026,9.45945945945946,31.3230733451495,0.7463728517480206,17.337696760536815,151,61,8,2,0.9869281045751634,0.8840579710144928,0.9354930377948281,0.9460955710955711,0.954954954954955,3,15,7,5,3
rf_ZS,rf,ZS,29,phone_F1.wav,216.34637285174801,37.93769676053682,162,0.34618406852876654,84.16357650746026,9.45945945945946,31.3230733451495,0.7463728517480206,17.337696760536815,151,61,8,2,0.9869281045751634,0.8840579710144928,0.9354930377948281,0.9460955710955711,0.954954954954955,3,15,7,5,3
rf_ZS,rf,ZS,47,phone_F1.wav,216.34637285174801,37.93769676053682,162,0.34618406852876654,84.16357650746026,9.45945945945946,31.3230733451495,0.7463728517480206,17.337696760536815,151,61,8,2,0.9869281045751634,0.8840579710144928,0.9354930377948281,0.9460955710955711,0.954954954954955,3,15,7,5,3
gmm_ZS,gmm,ZS,11,phone_F1.wav,213.05636970834158,29.366620162753655,159,1.1797914154259819,42.55640855705657,7.4324324324324325,17.05621080163833,2.543630291658417,8.766620162753654,149,59,10,4,0.9738562091503268,0.855072463768116,0.9144643364592213,0.9245337995337995,0.9369369369369369,0,12,5,7,0
gmm_ZS,gmm,ZS,29,phone_F1.wav,213.05636970834158,29.366620162753655,159,1.1797914154259819,42.55640855705657,7.4324324324324325,17.05621080163833,2.543630291658417,8.766620162753654,149,59,10,4,0.9738562091503268,0.855072463768116,0.9144643364592213,0.9245337995337995,0.9369369369369369,0,12,5,7,0
gmm_ZS,gmm,ZS,47,phone_F1.wav,213.05636970834158,29.366620162753655,159,1.1797914154259819,42.55640855705657,7.4324324324324325,17.05621080163833,2.543630291658417,8.766620162753654,149,59,10,4,0.9738562091503268,0.855072463768116,0.9144643364592213,0.9245337995337995,0.9369369369369369,0,12,5,7,0
logistic_PZS,logistic,PZS,11,phone_F1.wav,216.09237470339392,33.61263051099558,162,0.22837416669476845,63.168109276677555,9.45945945945946,24.285314300943927,0.49237470339392075,13.012630510995578,150,59,10,3,0.9803921568627451,0.855072463768116,0.9177323103154305,0.9296149062263737,0.9414414414414415,2,15,6,7,2
logistic_PZS,logistic,PZS,29,phone_F1.wav,216.09237470339392,33.61263051099558,162,0.22837416669476845,63.168109276677555,9.45945945945946,24.285314300943927,0.49237470339392075,13.012630510995578,150,59,10,3,0.9803921568627451,0.855072463768116,0.9177323103154305,0.9296149062263737,0.9414414414414415,2,15,6,7,2
logistic_PZS,logistic,PZS,47,phone_F1.wav,216.09237470339392,33.61263051099558,162,0.22837416669476845,63.168109276677555,9.45945945945946,24.285314300943927,0.49237470339392075,13.012630510995578,150,59,10,3,0.9803921568627451,0.855072463768116,0.9177323103154305,0.9296149062263737,0.9414414414414415,2,15,6,7,2
svm_PZS,svm,PZS,11,phone_F1.wav,216.31301312432976,33.62683391895761,163,0.33071109662790477,63.237057859017504,10.135135135135135,24.567634696926845,0.7130131243297626,13.026833918957607,150,58,11,3,0.9803921568627451,0.8405797101449275,0.9104859335038362,0.923860852523273,0.9369369369369369,2,16,6,8,2
svm_PZS,svm,PZS,29,phone_F1.wav,216.31301312432976,33.62683391895761,163,0.33071109662790477,63.237057859017504,10.135135135135135,24.567634696926845,0.7130131243297626,13.026833918957607,150,58,11,3,0.9803921568627451,0.8405797101449275,0.9104859335038362,0.923860852523273,0.9369369369369369,2,16,6,8,2
svm_PZS,svm,PZS,47,phone_F1.wav,216.31301312432976,33.62683391895761,163,0.33071109662790477,63.237057859017504,10.135135135135135,24.567634696926845,0.7130131243297626,13.026833918957607,150,58,11,3,0.9803921568627451,0.8405797101449275,0.9104859335038362,0.923860852523273,0.9369369369369369,2,16,6,8,2
knn_PZS,knn,PZS,11,phone_F1.wav,216.6750895101427,34.73114913672808,162,0.4986500510865971,68.59781134334017,9.45945945945946,26.185306951295406,1.0750895101427034,14.131149136728077,150,60,9,3,0.9803921568627451,0.8695652173913043,0.9249786871270247,0.9353146853146853,0.9459459459459459,3,15,6,6,3
knn_PZS,knn,PZS,29,phone_F1.wav,216.6750895101427,34.73114913672808,162,0.4986500510865971,68.59781134334017,9.45945945945946,26.185306951295406,1.0750895101427034,14.131149136728077,150,60,9,3,0.9803921568627451,0.8695652173913043,0.9249786871270247,0.9353146853146853,0.9459459459459459,3,15,6,6,3
knn_PZS,knn,PZS,47,phone_F1.wav,216.6750895101427,34.73114913672808,162,0.4986500510865971,68.59781134334017,9.45945945945946,26.185306951295406,1.0750895101427034,14.131149136728077,150,60,9,3,0.9803921568627451,0.8695652173913043,0.9249786871270247,0.9353146853146853,0.9459459459459459,3,15,6,6,3
rf_PZS,rf,PZS,11,phone_F1.wav,215.8556219571516,36.43076262831785,161,0.1185630599033479,76.84836227338762,8.783783783783784,28.583569705691588,0.25562195715161806,15.83076262831785,150,61,8,3,0.9803921568627451,0.8840579710144928,0.9322250639386189,0.9409617290815463,0.9504504504504504,3,14,6,5,3
rf_PZS,rf,PZS,29,phone_F1.wav,216.25972737287114,37.97590526099356,161,0.30599599854876885,84.34905466501725,8.783783783783784,31.1462781491166,0.6597273728711457,17.375905260993555,150,61,8,3,0.9803921568627451,0.8840579710144928,0.9322250639386189,0.9409617290815463,0.9504504504504504,3,14,6,5,3
rf_PZS,rf,PZS,47,phone_F1.wav,215.8556219571516,36.43076262831785,161,0.1185630599033479,76.84836227338762,8.783783783783784,28.583569705691588,0.25562195715161806,15.83076262831785,150,61,8,3,0.9803921568627451,0.8840579710144928,0.9322250639386189,0.9409617290815463,0.9504504504504504,3,14,6,5,3
gmm_PZS,gmm,PZS,11,phone_F1.wav,212.80953383740737,29.29452258998984,158,1.2942792961932386,42.20642033975649,6.756756756756757,16.752485464235495,2.7904661625926224,8.694522589989838,149,60,9,4,0.9738562091503268,0.8695652173913043,0.9217107132708156,0.9302274980054638,0.9414414414414415,0,11,5,6,0
gmm_PZS,gmm,PZS,29,phone_F1.wav,212.80953383740737,29.29452258998984,158,1.2942792961932386,42.20642033975649,6.756756756756757,16.752485464235495,2.7904661625926224,8.694522589989838,149,60,9,4,0.9738562091503268,0.8695652173913043,0.9217107132708156,0.9302274980054638,0.9414414414414415,0,11,5,6,0
gmm_PZS,gmm,PZS,47,phone_F1.wav,212.80953383740737,29.29452258998984,158,1.2942792961932386,42.20642033975649,6.756756756756757,16.752485464235495,2.7904661625926224,8.694522589989838,149,60,9,4,0.9738562091503268,0.8695652173913043,0.9217107132708156,0.9302274980054638,0.9414414414414415,0,11,5,6,0
logistic_EZS,logistic,EZS,11,phone_F1.wav,212.92212483022467,29.39254089107326,157,1.2420571288382742,42.68223733530708,6.081081081081081,16.66845851507548,2.6778751697753194,8.792540891073259,149,61,8,4,0.9738562091503268,0.8840579710144928,0.9289570900824098,0.9358690418873374,0.9459459459459459,0,10,5,5,0
logistic_EZS,logistic,EZS,29,phone_F1.wav,212.92212483022467,29.39254089107326,157,1.2420571288382742,42.68223733530708,6.081081081081081,16.66845851507548,2.6778751697753194,8.792540891073259,149,61,8,4,0.9738562091503268,0.8840579710144928,0.9289570900824098,0.9358690418873374,0.9459459459459459,0,10,5,5,0
logistic_EZS,logistic,EZS,47,phone_F1.wav,212.92212483022467,29.39254089107326,157,1.2420571288382742,42.68223733530708,6.081081081081081,16.66845851507548,2.6778751697753194,8.792540891073259,149,61,8,4,0.9738562091503268,0.8840579710144928,0.9289570900824098,0.9358690418873374,0.9459459459459459,0,10,5,5,0
svm_EZS,svm,EZS,11,phone_F1.wav,212.9076131097559,29.2118006284248,159,1.248787982487978,41.80485741953785,7.4324324324324325,16.828692611486087,2.69238689024408,8.611800628424799,150,60,9,3,0.9803921568627451,0.8695652173913043,0.9249786871270247,0.9353146853146853,0.9459459459459459,0,12,6,6,0
svm_EZS,svm,EZS,29,phone_F1.wav,212.9076131097559,29.2118006284248,159,1.248787982487978,41.80485741953785,7.4324324324324325,16.828692611486087,2.69238689024408,8.611800628424799,150,60,9,3,0.9803921568627451,0.8695652173913043,0.9249786871270247,0.9353146853146853,0.9459459459459459,0,12,6,6,0
svm_EZS,svm,EZS,47,phone_F1.wav,212.9076131097559,29.2118006284248,159,1.248787982487978,41.80485741953785,7.4324324324324325,16.828692611486087,2.69238689024408,8.611800628424799,150,60,9,3,0.9803921568627451,0.8695652173913043,0.9249786871270247,0.9353146853146853,0.9459459459459459,0,12,6,6,0
knn_EZS,knn,EZS,11,phone_F1.wav,212.77275734334637,29.254718045538862,158,1.311337039264204,42.01319439581971,6.756756756756757,16.693762730613557,2.827242656653624,8.65471804553886,150,61,8,3,0.9803921568627451,0.8840579710144928,0.9322250639386189,0.9409617290815463,0.9504504504504504,0,11,6,5,0
knn_EZS,knn,EZS,29,phone_F1.wav,212.77275734334637,29.254718045538862,158,1.311337039264204,42.01319439581971,6.756756756756757,16.693762730613557,2.827242656653624,8.65471804553886,150,61,8,3,0.9803921568627451,0.8840579710144928,0.9322250639386189,0.9409617290815463,0.9504504504504504,0,11,6,5,0
knn_EZS,knn,EZS,47,phone_F1.wav,212.77275734334637,29.254718045538862,158,1.311337039264204,42.01319439581971,6.756756756756757,16.693762730613557,2.827242656653624,8.65471804553886,150,61,8,3,0.9803921568627451,0.8840579710144928,0.9322250639386189,0.9409617290815463,0.9504504504504504,0,11,6,5,0
rf_EZS,rf,EZS,11,phone_F1.wav,212.78563316758215,29.436958270125587,156,1.305364950101042,42.897855680221284,5.405405405405405,16.53620867857591,2.8143668324178464,8.836958270125585,149,62,7,4,0.9738562091503268,0.8985507246376812,0.936203466894004,0.9414599065084501,0.9504504504504504,0,9,5,4,0
rf_EZS,rf,EZS,29,phone_F1.wav,212.8693557973158,29.513244124550127,155,1.2665325615418384,43.26817536189381,4.72972972972973,16.421479217721792,2.7306442026842035,8.913244124550125,148,62,7,5,0.9673202614379085,0.8985507246376812,0.9329354930377949,0.936401833460657,0.9459459459459459,0,8,4,4,0
rf_EZS,rf,EZS,47,phone_F1.wav,212.78563316758215,29.436958270125587,156,1.305364950101042,42.897855680221284,5.405405405405405,16.53620867857591,2.8143668324178464,8.836958270125585,149,62,7,4,0.9738562091503268,0.8985507246376812,0.936203466894004,0.9414599065084501,0.9504504504504504,0,9,5,4,0
gmm_EZS,gmm,EZS,11,phone_F1.wav,215.36385425003996,23.62034260330306,149,0.10952956862710138,14.661857297587671,0.6756756756756757,5.149020847296816,0.23614574996003057,3.0203426033030603,145,65,4,8,0.9477124183006536,0.9420289855072463,0.94487070190395,0.9378789292043652,0.9459459459459459,0,2,1,1,0
gmm_EZS,gmm,EZS,29,phone_F1.wav,215.36385425003996,23.62034260330306,149,0.10952956862710138,14.661857297587671,0.6756756756756757,5.149020847296816,0.23614574996003057,3.0203426033030603,145,65,4,8,0.9477124183006536,0.9420289855072463,0.94487070190395,0.9378789292043652,0.9459459459459459,0,2,1,1,0
gmm_EZS,gmm,EZS,47,phone_F1.wav,212.5999224479396,29.440530835911133,155,1.3915016475233717,42.915198232578305,4.72972972972973,16.345476536610466,3.0000775520603895,8.840530835911132,148,62,7,5,0.9673202614379085,0.8985507246376812,0.9329354930377949,0.936401833460657,0.9459459459459459,0,8,4,4,0
logistic_PEZS,logistic,PEZS,11,phone_F1.wav,212.74192272225244,29.266754568423075,159,1.3256388115712219,42.0716241185586,7.4324324324324325,16.943231787520755,2.8580772777475545,8.666754568423073,150,60,9,3,0.9803921568627451,0.8695652173913043,0.9249786871270247,0.9353146853146853,0.9459459459459459,0,12,6,6,0
logistic_PEZS,logistic,PEZS,29,phone_F1.wav,212.74192272225244,29.266754568423075,159,1.3256388115712219,42.0716241185586,7.4324324324324325,16.943231787520755,2.8580772777475545,8.666754568423073,150,60,9,3,0.9803921568627451,0.8695652173913043,0.9249786871270247,0.9353146853146853,0.9459459459459459,0,12,6,6,0
logistic_PEZS,logistic,PEZS,47,phone_F1.wav,212.74192272225244,29.266754568423075,159,1.3256388115712219,42.0716241185586,7.4324324324324325,16.943231787520755,2.8580772777475545,8.666754568423073,150,60,9,3,0.9803921568627451,0.8695652173913043,0.9249786871270247,0.9353146853146853,0.9459459459459459,0,12,6,6,0
svm_PEZS,svm,PEZS,11,phone_F1.wav,213.89099534144532,32.39047646473621,161,0.7926737748398311,57.235322644350525,8.783783783783784,22.270593400991384,1.7090046585546759,11.790476464736209,150,59,10,3,0.9803921568627451,0.855072463768116,0.9177323103154305,0.9296149062263737,0.9414414414414415,1,14,6,7,1
svm_PEZS,svm,PEZS,29,phone_F1.wav,213.89099534144532,32.39047646473621,161,0.7926737748398311,57.235322644350525,8.783783783783784,22.270593400991384,1.7090046585546759,11.790476464736209,150,59,10,3,0.9803921568627451,0.855072463768116,0.9177323103154305,0.9296149062263737,0.9414414414414415,1,14,6,7,1
svm_PEZS,svm,PEZS,47,phone_F1.wav,213.89099534144532,32.39047646473621,161,0.7926737748398311,57.235322644350525,8.783783783783784,22.270593400991384,1.7090046585546759,11.790476464736209,150,59,10,3,0.9803921568627451,0.855072463768116,0.9177323103154305,0.9296149062263737,0.9414414414414415,1,14,6,7,1
knn_PEZS,knn,PEZS,11,phone_F1.wav,213.22038949204858,29.282724037021076,162,1.1037154489570558,42.14914581078191,9.45945945945946,17.57077357306614,2.379610507951412,8.682724037021075,150,57,12,3,0.9803921568627451,0.8260869565217391,0.9032395566922421,0.9180509413067552,0.9324324324324325,0,15,6,9,0
knn_PEZS,knn,PEZS,29,phone_F1.wav,213.22038949204858,29.282724037021076,162,1.1037154489570558,42.14914581078191,9.45945945945946,17.57077357306614,2.379610507951412,8.682724037021075,150,57,12,3,0.9803921568627451,0.8260869565217391,0.9032395566922421,0.9180509413067552,0.9324324324324325,0,15,6,9,0
knn_PEZS,knn,PEZS,47,phone_F1.wav,213.22038949204858,29.282724037021076,162,1.1037154489570558,42.14914581078191,9.45945945945946,17.57077357306614,2.379610507951412,8.682724037021075,150,57,12,3,0.9803921568627451,0.8260869565217391,0.9032395566922421,0.9180509413067552,0.9324324324324325,0,15,6,9,0
rf_PEZS,rf,PEZS,11,phone_F1.wav,212.83323669723103,29.440722648875482,157,1.2832853908946962,42.9161293634732,6.081081081081081,16.760165278482994,2.7667633027689646,8.84072264887548,148,60,9,5,0.9673202614379085,0.8695652173913043,0.9184427394146064,0.9251805488685605,0.9369369369369369,0,10,4,6,0
rf_PEZS,rf,PEZS,29,phone_F1.wav,213.87594239492947,32.49097763941093,160,0.7996556609789087,57.72319242432489,8.108108108108109,22.210318731137303,1.7240576050705272,11.890977639410927,150,60,9,3,0.9803921568627451,0.8695652173913043,0.9249786871270247,0.9353146853146853,0.9459459459459459,1,13,6,6,1
rf_PEZS,rf,PEZS,47,phone_F1.wav,212.9434029471553,29.609586723179028,155,1.2321878723769426,43.73585787950984,4.72972972972973,16.565925160538836,2.6565970528446883,9.009586723179027,146,60,9,7,0.954248366013072,0.8695652173913043,0.9119067917021881,0.9152024446142093,0.9279279279279279,0,8,2,6,0
gmm_PEZS,gmm,PEZS,11,phone_F1.wav,216.1496309153302,20.58153572377531,147,0.2549308512663256,0.08963240885772297,0.6756756756756757,0.3400796452665748,0.5496309153301979,0.018464276224690934,144,66,3,9,0.9411764705882353,0.9565217391304348,0.948849104859335,0.9383333333333332,0.9459459459459459,0,0,0,0,0
gmm_PEZS,gmm,PEZS,29,phone_F1.wav,216.1496309153302,20.58153572377531,147,0.2549308512663256,0.08963240885772297,0.6756756756756757,0.3400796452665748,0.5496309153301979,0.018464276224690934,144,66,3,9,0.9411764705882353,0.9565217391304348,0.948849104859335,0.9383333333333332,0.9459459459459459,0,0,0,0,0
gmm_PEZS,gmm,PEZS,47,phone_F1.wav,216.1496309153302,20.58153572377531,147,0.2549308512663256,0.08963240885772297,0.6756756756756757,0.3400796452665748,0.5496309153301979,0.018464276224690934,144,66,3,9,0.9411764705882353,0.9565217391304348,0.948849104859335,0.9383333333333332,0.9459459459459459,0,0,0,0,0
logistic_M,logistic,M,11,phone_F1.wav,213.35667580748324,29.56038331238395,159,1.0405028722248386,43.49700637079587,7.4324324324324325,17.323313891817715,2.243324192516752,8.96038331238395,148,58,11,5,0.9673202614379085,0.8405797101449275,0.9039499857914179,0.9137529137529137,0.9279279279279279,0,12,4,8,0
logistic_M,logistic,M,29,phone_F1.wav,213.35667580748324,29.56038331238395,159,1.0405028722248386,43.49700637079587,7.4324324324324325,17.323313891817715,2.243324192516752,8.96038331238395,148,58,11,5,0.9673202614379085,0.8405797101449275,0.9039499857914179,0.9137529137529137,0.9279279279279279,0,12,4,8,0
logistic_M,logistic,M,47,phone_F1.wav,213.35667580748324,29.56038331238395,159,1.0405028722248386,43.49700637079587,7.4324324324324325,17.323313891817715,2.243324192516752,8.96038331238395,148,58,11,5,0.9673202614379085,0.8405797101449275,0.9039499857914179,0.9137529137529137,0.9279279279279279,0,12,4,8,0
svm_M,svm,M,11,phone_F1.wav,214.41275051434178,32.661992812458614,158,0.5506723031809897,58.55336316727481,6.756756756756757,21.953597409070852,1.1872494856582136,12.061992812458612,148,60,9,5,0.9673202614379085,0.8695652173913043,0.9184427394146064,0.9251805488685605,0.9369369369369369,1,11,4,6,1
svm_M,svm,M,29,phone_F1.wav,214.41275051434178,32.661992812458614,158,0.5506723031809897,58.55336316727481,6.756756756756757,21.953597409070852,1.1872494856582136,12.061992812458612,148,60,9,5,0.9673202614379085,0.8695652173913043,0.9184427394146064,0.9251805488685605,0.9369369369369369,1,11,4,6,1
svm_M,svm,M,47,phone_F1.wav,214.41275051434178,32.661992812458614,158,0.5506723031809897,58.55336316727481,6.756756756756757,21.953597409070852,1.1872494856582136,12.061992812458612,148,60,9,5,0.9673202614379085,0.8695652173913043,0.9184427394146064,0.9251805488685605,0.9369369369369369,1,11,4,6,1
knn_M,knn,M,11,phone_F1.wav,215.96477642315327,25.050970965398584,152,0.16919129088741805,21.606655171837776,2.7027027027027026,8.159516388475966,0.3647764231532733,4.450970965398582,146,64,5,7,0.954248366013072,0.927536231884058,0.940892298948565,0.937406015037594,0.9459459459459459,1,5,2,2,1
knn_M,knn,M,29,phone_F1.wav,215.96477642315327,25.050970965398584,152,0.16919129088741805,21.606655171837776,2.7027027027027026,8.159516388475966,0.3647764231532733,4.450970965398582,146,64,5,7,0.954248366013072,0.927536231884058,0.940892298948565,0.937406015037594,0.9459459459459459,1,5,2,2,1
knn_M,knn,M,47,phone_F1.wav,215.96477642315327,25.050970965398584,152,0.16919129088741805,21.606655171837776,2.7027027027027026,8.159516388475966,0.3647764231532733,4.450970965398582,146,64,5,7,0.954248366013072,0.927536231884058,0.940892298948565,0.937406015037594,0.9459459459459459,1,5,2,2,1
rf_M,rf,M,11,phone_F1.wav,215.47426426496065,31.59779044868228,156,0.0583189865674128,53.38733227515668,5.405405405405405,19.617018889043166,0.125735735039342,10.997790448682277,145,59,10,8,0.9477124183006536,0.855072463768116,0.9013924410343848,0.9046027501909855,0.918918918918919,1,9,1,7,1
rf_M,rf,M,29,phone_F1.wav,214.73546403592113,32.75217115533257,158,0.4009907069011449,58.991122113264886,6.756756756756757,22.049623192307596,0.8645359640788683,12.152171155332567,146,58,11,7,0.954248366013072,0.8405797101449275,0.8974140380789997,0.9038035628310062,0.918918918918919,1,11,2,8,1
rf_M,rf,M,47,phone_F1.wav,215.31881634702347,31.64004093414628,155,0.13041913403363778,53.59243171915669,4.72972972972973,19.48419352764002,0.28118365297652304,11.04004093414628,145,60,9,8,0.9477124183006536,0.8695652173913043,0.908638817845979,0.9102689079626239,0.9234234234234234,1,8,1,6,1
gmm_M,gmm,M,11,phone_F1.wav,212.77358913761472,29.202829148570096,160,1.3109512348725758,41.761306546456765,8.108108108108109,17.060121963145818,2.8264108623852735,8.602829148570095,151,60,9,2,0.9869281045751634,0.8695652173913043,0.9282466609832338,0.940443382191547,0.9504504504504504,0,13,7,6,0
gmm_M,gmm,M,29,phone_F1.wav,212.77358913761472,29.202829148570096,160,1.3109512348725758,41.761306546456765,8.108108108108109,17.060121963145818,2.8264108623852735,8.602829148570095,151,60,9,2,0.9869281045751634,0.8695652173913043,0.9282466609832338,0.940443382191547,0.9504504504504504,0,13,7,6,0
gmm_M,gmm,M,47,phone_F1.wav,212.77358913761472,29.202829148570096,160,1.3109512348725758,41.761306546456765,8.108108108108109,17.060121963145818,2.8264108623852735,8.602829148570095,151,60,9,2,0.9869281045751634,0.8695652173913043,0.9282466609832338,0.940443382191547,0.9504504504504504,0,13,7,6,0
logistic_PM,logistic,PM,11,phone_F1.wav,212.9919860303427,29.32498318489399,159,1.2096539747946629,42.35428730531063,7.4324324324324325,16.998791237512574,2.608013969657293,8.72498318489399,149,59,10,4,0.9738562091503268,0.855072463768116,0.9144643364592213,0.9245337995337995,0.9369369369369369,0,12,5,7,0
logistic_PM,logistic,PM,29,phone_F1.wav,212.9919860303427,29.32498318489399,159,1.2096539747946629,42.35428730531063,7.4324324324324325,16.998791237512574,2.608013969657293,8.72498318489399,149,59,10,4,0.9738562091503268,0.855072463768116,0.9144643364592213,0.9245337995337995,0.9369369369369369,0,12,5,7,0
logistic_PM,logistic,PM,47,phone_F1.wav,212.9919860303427,29.32498318489399,159,1.2096539747946629,42.35428730531063,7.4324324324324325,16.998791237512574,2.608013969657293,8.72498318489399,149,59,10,4,0.9738562091503268,0.855072463768116,0.9144643364592213,0.9245337995337995,0.9369369369369369,0,12,5,7,0
svm_PM,svm,PM,11,phone_F1.wav,212.9919860303427,29.32498318489399,159,1.2096539747946629,42.35428730531063,7.4324324324324325,16.998791237512574,2.608013969657293,8.72498318489399,149,59,10,4,0.9738562091503268,0.855072463768116,0.9144643364592213,0.9245337995337995,0.9369369369369369,0,12,5,7,0
svm_PM,svm,PM,29,phone_F1.wav,212.9919860303427,29.32498318489399,159,1.2096539747946629,42.35428730531063,7.4324324324324325,16.998791237512574,2.608013969657293,8.72498318489399,149,59,10,4,0.9738562091503268,0.855072463768116,0.9144643364592213,0.9245337995337995,0.9369369369369369,0,12,5,7,0
svm_PM,svm,PM,47,phone_F1.wav,212.9919860303427,29.32498318489399,159,1.2096539747946629,42.35428730531063,7.4324324324324325,16.998791237512574,2.608013969657293,8.72498318489399,149,59,10,4,0.9738562091503268,0.855072463768116,0.9144643364592213,0.9245337995337995,0.9369369369369369,0,12,5,7,0
knn_PM,knn,PM,11,phone_F1.wav,214.4965019317774,25.668382308900263,154,0.5118265622553767,24.603797616020685,4.054054054054054,9.723226077443371,1.103498068222592,5.0683823089002615,148,63,6,5,0.9673202614379085,0.9130434782608695,0.940181869849389,0.9419387051522861,0.9504504504504504,0,7,4,3,0
knn_PM,knn,PM,29,phone_F1.wav,214.4965019317774,25.668382308900263,154,0.5118265622553767,24.603797616020685,4.054054054054054,9.723226077443371,1.103498068222592,5.0683823089002615,148,63,6,5,0.9673202614379085,0.9130434782608695,0.940181869849389,0.9419387051522861,0.9504504504504504,0,7,4,3,0
knn_PM,knn,PM,47,phone_F1.wav,214.4965019317774,25.668382308900263,154,0.5118265622553767,24.603797616020685,4.054054054054054,9.723226077443371,1.103498068222592,5.0683823089002615,148,63,6,5,0.9673202614379085,0.9130434782608695,0.940181869849389,0.9419387051522861,0.9504504504504504,0,7,4,3,0
rf_PM,rf,PM,11,phone_F1.wav,214.11637634467672,32.620461395557584,158,0.6881371314115357,58.3517543473669,6.756756756756757,21.93221607851173,1.483623655323271,12.020461395557582,149,61,8,4,0.9738562091503268,0.8840579710144928,0.9289570900824098,0.9358690418873374,0.9459459459459459,1,11,5,5,1
rf_PM,rf,PM,29,phone_F1.wav,215.0110810093546,30.730989840854814,157,0.27315352070751225,49.17956233424666,6.081081081081081,18.511265645345084,0.5889189906453964,10.130989840854813,149,62,7,4,0.9738562091503268,0.8985507246376812,0.936203466894004,0.9414599065084501,0.9504504504504504,1,10,5,4,1
rf_PM,rf,PM,47,phone_F1.wav,214.6105549842606,25.706907543637424,155,0.45892625961938405,24.790813318628263,4.72972972972973,9.993156435992459,0.9894450157393919,5.106907543637423,148,62,7,5,0.9673202614379085,0.8985507246376812,0.9329354930377949,0.936401833460657,0.9459459459459459,0,8,4,4,0
gmm_PM,gmm,PM,11,phone_F1.wav,217.30455267306152,38.612034607274246,166,0.7906088465034916,87.4370612003604,12.162162162162161,33.46327740300868,1.704552673061528,18.012034607274245,150,57,12,3,0.9803921568627451,0.8260869565217391,0.9032395566922421,0.9180509413067552,0.9324324324324325,4,19,6,9,4
gmm_PM,gmm,PM,29,phone_F1.wav,217.30455267306152,38.612034607274246,166,0.7906088465034916,87.4370612003604,12.162162162162161,33.46327740300868,1.704552673061528,18.012034607274245,150,57,12,3,0.9803921568627451,0.8260869565217391,0.9032395566922421,0.9180509413067552,0.9324324324324325,4,19,6,9,4
gmm_PM,gmm,PM,47,phone_F1.wav,217.30455267306152,38.612034607274246,166,0.7906088465034916,87.4370612003604,12.162162162162161,33.46327740300868,1.704552673061528,18.012034607274245,150,57,12,3,0.9803921568627451,0.8260869565217391,0.9032395566922421,0.9180509413067552,0.9324324324324325,4,19,6,9,4
logistic_EM,logistic,EM,11,phone_F1.wav,213.24853771099433,29.21943089002833,163,1.0906596887781388,41.84189752440936,10.135135135135135,17.689230782774214,2.351462289005667,8.61943089002833,151,57,12,2,0.9869281045751634,0.8260869565217391,0.9065075305484513,0.9231606012658228,0.9369369369369369,0,16,7,9,0
logistic_EM,logistic,EM,29,phone_F1.wav,213.24853771099433,29.21943089002833,163,1.0906596887781388,41.84189752440936,10.135135135135135,17.689230782774214,2.351462289005667,8.61943089002833,151,57,12,2,0.9869281045751634,0.8260869565217391,0.9065075305484513,0.9231606012658228,0.9369369369369369,0,16,7,9,0
logistic_EM,logistic,EM,47,phone_F1.wav,213.24853771099433,29.21943089002833,163,1.0906596887781388,41.84189752440936,10.135135135135135,17.689230782774214,2.351462289005667,8.61943089002833,151,57,12,2,0.9869281045751634,0.8260869565217391,0.9065075305484513,0.9231606012658228,0.9369369369369369,0,16,7,9,0
svm_EM,svm,EM,11,phone_F1.wav,213.16617183852776,29.40143646375378,159,1.128862783614209,42.725419726960084,7.4324324324324325,17.09557164766891,2.433828161472235,8.801436463753777,150,60,9,3,0.9803921568627451,0.8695652173913043,0.9249786871270247,0.9353146853146853,0.9459459459459459,0,12,6,6,0
svm_EM,svm,EM,29,phone_F1.wav,213.16617183852776,29.40143646375378,159,1.128862783614209,42.725419726960084,7.4324324324324325,17.09557164766891,2.433828161472235,8.801436463753777,150,60,9,3,0.9803921568627451,0.8695652173913043,0.9249786871270247,0.9353146853146853,0.9459459459459459,0,12,6,6,0
svm_EM,svm,EM,47,phone_F1.wav,213.16617183852776,29.40143646375378,159,1.128862783614209,42.725419726960084,7.4324324324324325,17.09557164766891,2.433828161472235,8.801436463753777,150,60,9,3,0.9803921568627451,0.8695652173913043,0.9249786871270247,0.9353146853146853,0.9459459459459459,0,12,6,6,0
knn_EM,knn,EM,11,phone_F1.wav,215.2443998321067,23.512137260873722,153,0.1649351428076531,14.136588645018058,3.3783783783783785,5.89330072206803,0.35560016789330007,2.9121372608737204,147,63,6,6,0.9607843137254902,0.9130434782608695,0.9369138959931799,0.9369138959931799,0.9459459459459459,0,6,3,3,0
knn_EM,knn,EM,29,phone_F1.wav,215.2443998321067,23.512137260873722,153,0.1649351428076531,14.136588645018058,3.3783783783783785,5.89330072206803,0.35560016789330007,2.9121372608737204,147,63,6,6,0.9607843137254902,0.9130434782608695,0.9369138959931799,0.9369138959931799,0.9459459459459459,0,6,3,3,0
knn_EM,knn,EM,47,phone_F1.wav,215.2443998321067,23.512137260873722,153,0.1649351428076531,14.136588645018058,3.3783783783783785,5.89330072206803,0.35560016789330007,2.9121372608737204,147,63,6,6,0.9607843137254902,0.9130434782608695,0.9369138959931799,0.9369138959931799,0.9459459459459459,0,6,3,3,0
rf_EM,rf,EM,11,phone_F1.wav,213.71144284130256,28.283278721230058,152,0.8759541552399991,37.29746952053426,2.7027027027027026,13.62537545949232,1.888557158697438,7.683278721230057,145,62,7,8,0.9477124183006536,0.8985507246376812,0.9231315714691674,0.9214530015331996,0.9324324324324325,0,5,1,4,0
rf_EM,rf,EM,29,phone_F1.wav,213.88454139856074,27.482218980409314,152,0.7956672548419537,33.40883000198695,2.7027027027027026,12.302399986510535,1.715458601439252,6.882218980409313,146,63,6,7,0.954248366013072,0.9130434782608695,0.9336459221369707,0.9319259346621064,0.9414414414414415,0,5,2,3,0
rf_EM,rf,EM,47,phone_F1.wav,213.81100354214016,27.84547432113891,152,0.8297757225694982,35.17220544242188,2.7027027027027026,12.90156128923136,1.788996457859838,7.245474321138907,146,63,6,7,0.954248366013072,0.9130434782608695,0.9336459221369707,0.9319259346621064,0.9414414414414415,0,5,2,3,0
gmm_EM,gmm,EM,11,phone_F1.wav,215.1986695106289,35.688778496495665,156,0.18614586705524358,73.24649755580418,5.405405405405405,26.27934960942161,0.40133048937110516,15.088778496495664,147,62,7,6,0.9607843137254902,0.8985507246376812,0.9296675191815857,0.9313821060890654,0.9414414414414415,2,9,3,4,2
gmm_EM,gmm,EM,29,phone_F1.wav,215.1986695106289,35.688778496495665,156,0.18614586705524358,73.24649755580418,5.405405405405405,26.27934960942161,0.40133048937110516,15.088778496495664,147,62,7,6,0.9607843137254902,0.8985507246376812,0.9296675191815857,0.9313821060890654,0.9414414414414415,2,9,3,4,2
gmm_EM,gmm,EM,47,phone_F1.wav,215.1986695106289,35.688778496495665,156,0.18614586705524358,73.24649755580418,5.405405405405405,26.27934960942161,0.40133048937110516,15.088778496495664,147,62,7,6,0.9607843137254902,0.8985507246376812,0.9296675191815857,0.9313821060890654,0.9414414414414415,2,9,3,4,2
logistic_PEM,logistic,PEM,11,phone_F1.wav,212.76223516434516,29.08575850004516,161,1.3162174562406483,41.19300242740368,8.783783783783784,17.097667889142702,2.8377648356548377,8.485758500045158,151,59,10,2,0.9869281045751634,0.855072463768116,0.9210002841716397,0.9347378735913767,0.9459459459459459,0,14,7,7,0
logistic_PEM,logistic,PEM,29,phone_F1.wav,212.76223516434516,29.08575850004516,161,1.3162174562406483,41.19300242740368,8.783783783783784,17.097667889142702,2.8377648356548377,8.485758500045158,151,59,10,2,0.9869281045751634,0.855072463768116,0.9210002841716397,0.9347378735913767,0.9459459459459459,0,14,7,7,0
logistic_PEM,logistic,PEM,47,phone_F1.wav,212.76223516434516,29.08575850004516,161,1.3162174562406483,41.19300242740368,8.783783783783784,17.097667889142702,2.8377648356548377,8.485758500045158,151,59,10,2,0.9869281045751634,0.855072463768116,0.9210002841716397,0.9347378735913767,0.9459459459459459,0,14,7,7,0
svm_PEM,svm,PEM,11,phone_F1.wav,212.76415737263824,29.176499722696818,160,1.3153258939525774,41.63349379949911,8.108108108108109,17.018975933853266,2.8358426273617567,8.576499722696816,150,59,10,3,0.9803921568627451,0.855072463768116,0.9177323103154305,0.9296149062263737,0.9414414414414415,0,13,6,7,0
svm_PEM,svm,PEM,29,phone_F1.wav,212.76415737263824,29.176499722696818,160,1.3153258939525774,41.63349379949911,8.108108108108109,17.018975933853266,2.8358426273617567,8.576499722696816,150,59,10,3,0.9803921568627451,0.855072463768116,0.9177323103154305,0.9296149062263737,0.9414414414414415,0,13,6,7,0
svm_PEM,svm,PEM,47,phone_F1.wav,212.76415737263824,29.176499722696818,160,1.3153258939525774,41.63349379949911,8.108108108108109,17.018975933853266,2.8358426273617567,8.576499722696816,150,59,10,3,0.9803921568627451,0.855072463768116,0.9177323103154305,0.9296149062263737,0.9414414414414415,0,13,6,7,0
knn_PEM,knn,PEM,11,phone_F1.wav,214.37222574793617,25.572397836244054,157,0.5694685770240372,24.137853574000253,6.081081081081081,10.262801077368456,1.2277742520638242,4.972397836244053,149,61,8,4,0.9738562091503268,0.8840579710144928,0.9289570900824098,0.9358690418873374,0.9459459459459459,0,10,5,5,0
knn_PEM,knn,PEM,29,phone_F1.wav,214.37222574793617,25.572397836244054,157,0.5694685770240372,24.137853574000253,6.081081081081081,10.262801077368456,1.2277742520638242,4.972397836244053,149,61,8,4,0.9738562091503268,0.8840579710144928,0.9289570900824098,0.9358690418873374,0.9459459459459459,0,10,5,5,0
knn_PEM,knn,PEM,47,phone_F1.wav,214.37222574793617,25.572397836244054,157,0.5694685770240372,24.137853574000253,6.081081081081081,10.262801077368456,1.2277742520638242,4.972397836244053,149,61,8,4,0.9738562091503268,0.8840579710144928,0.9289570900824098,0.9358690418873374,0.9459459459459459,0,10,5,5,0
rf_PEM,rf,PEM,11,phone_F1.wav,213.84545186980688,28.23907122781697,153,0.8137978340413334,37.082870037946456,3.3783783783783785,13.758348750122055,1.7545481301931147,7.63907122781697,145,61,8,8,0.9477124183006536,0.8840579710144928,0.9158851946575732,0.9158851946575732,0.9279279279279279,0,6,1,5,0
rf_PEM,rf,PEM,29,phone_F1.wav,213.84298113188493,27.446643255689683,152,0.8149438163799018,33.23613230917321,2.7027027027027026,12.251259609418604,1.7570188681150682,6.846643255689681,146,63,6,7,0.954248366013072,0.9130434782608695,0.9336459221369707,0.9319259346621064,0.9414414414414415,0,5,2,3,0
rf_PEM,rf,PEM,47,phone_F1.wav,214.7812269159605,25.859490097031347,152,0.3797648812799128,25.531505325394882,2.7027027027027026,9.537990969792498,0.818773084039492,5.259490097031346,145,62,7,8,0.9477124183006536,0.8985507246376812,0.9231315714691674,0.9214530015331996,0.9324324324324325,0,5,1,4,0
gmm_PEM,gmm,PEM,11,phone_F1.wav,216.32139553557911,20.617332675797794,148,0.3345990424764007,0.08413920290190542,0.0,0.13957941512610203,0.72139553557912,0.01733267579779252,145,66,3,8,0.9477124183006536,0.9565217391304348,0.9521170787155442,0.9432660362892922,0.9504504504504504,0,1,1,0,0
gmm_PEM,gmm,PEM,29,phone_F1.wav,216.32139553557911,20.617332675797794,148,0.3345990424764007,0.08413920290190542,0.0,0.13957941512610203,0.72139553557912,0.01733267579779252,145,66,3,8,0.9477124183006536,0.9565217391304348,0.9521170787155442,0.9432660362892922,0.9504504504504504,0,1,1,0,0
gmm_PEM,gmm,PEM,47,phone_F1.wav,216.32139553557911,20.617332675797794,148,0.3345990424764007,0.08413920290190542,0.0,0.13957941512610203,0.72139553557912,0.01733267579779252,145,66,3,8,0.9477124183006536,0.9565217391304348,0.9521170787155442,0.9432660362892922,0.9504504504504504,0,1,1,0,0
logistic_ZM,logistic,ZM,11,phone_F1.wav,213.22970481548214,29.30848931544938,162,1.0993947980138485,42.274219977909596,9.45945945945946,17.611024745127633,2.3702951845178575,8.708489315449377,151,58,11,2,0.9869281045751634,0.8405797101449275,0.9137539073600455,0.9289774824658545,0.9414414414414415,0,15,7,8,0
logistic_ZM,logistic,ZM,29,phone_F1.wav,213.22970481548214,29.30848931544938,162,1.0993947980138485,42.274219977909596,9.45945945945946,17.611024745127633,2.3702951845178575,8.708489315449377,151,58,11,2,0.9869281045751634,0.8405797101449275,0.9137539073600455,0.9289774824658545,0.9414414414414415,0,15,7,8,0
logistic_ZM,logistic,ZM,47,phone_F1.wav,213.22970481548214,29.30848931544938,162,1.0993947980138485,42.274219977909596,9.45945945945946,17.611024745127633,2.3702951845178575,8.708489315449377,151,58,11,2,0.9869281045751634,0.8405797101449275,0.9137539073600455,0.9289774824658545,0.9414414414414415,0,15,7,8,0
svm_ZM,svm,ZM,11,phone_F1.wav,214.41275051434178,32.661992812458614,158,0.5506723031809897,58.55336316727481,6.756756756756757,21.953597409070852,1.1872494856582136,12.061992812458612,148,60,9,5,0.9673202614379085,0.8695652173913043,0.9184427394146064,0.9251805488685605,0.9369369369369369,1,11,4,6,1
svm_ZM,svm,ZM,29,phone_F1.wav,214.41275051434178,32.661992812458614,158,0.5506723031809897,58.55336316727481,6.756756756756757,21.953597409070852,1.1872494856582136,12.061992812458612,148,60,9,5,0.9673202614379085,0.8695652173913043,0.9184427394146064,0.9251805488685605,0.9369369369369369,1,11,4,6,1
svm_ZM,svm,ZM,47,phone_F1.wav,214.41275051434178,32.661992812458614,158,0.5506723031809897,58.55336316727481,6.756756756756757,21.953597409070852,1.1872494856582136,12.061992812458612,148,60,9,5,0.9673202614379085,0.8695652173913043,0.9184427394146064,0.9251805488685605,0.9369369369369369,1,11,4,6,1
knn_ZM,knn,ZM,11,phone_F1.wav,217.25359747847673,28.634532801031305,154,0.7669747117239056,39.00258641277332,4.054054054054054,14.60787172618376,1.6535974784767404,8.034532801031304,146,63,6,7,0.954248366013072,0.9130434782608695,0.9336459221369707,0.9319259346621064,0.9414414414414415,2,7,2,3,2
knn_ZM,knn,ZM,29,phone_F1.wav,217.25359747847673,28.634532801031305,154,0.7669747117239056,39.00258641277332,4.054054054054054,14.60787172618376,1.6535974784767404,8.034532801031304,146,63,6,7,0.954248366013072,0.9130434782608695,0.9336459221369707,0.9319259346621064,0.9414414414414415,2,7,2,3,2
knn_ZM,knn,ZM,47,phone_F1.wav,217.25359747847673,28.634532801031305,154,0.7669747117239056,39.00258641277332,4.054054054054054,14.60787172618376,1.6535974784767404,8.034532801031304,146,63,6,7,0.954248366013072,0.9130434782608695,0.9336459221369707,0.9319259346621064,0.9414414414414415,2,7,2,3,2
rf_ZM,rf,ZM,11,phone_F1.wav,214.58467669655738,32.4652260866844,161,0.47092917599379114,57.59818488681748,8.783783783783784,22.28429928219835,1.0153233034426137,11.865226086684402,149,58,11,4,0.9738562091503268,0.8405797101449275,0.9072179596476271,0.9187864302612004,0.9324324324324325,1,14,5,8,1
rf_ZM,rf,ZM,29,phone_F1.wav,214.62010101911835,32.663272843220334,159,0.4544985996668103,58.559576908836554,7.4324324324324325,22.148835980311933,0.979898980881643,12.063272843220332,148,59,10,5,0.9673202614379085,0.855072463768116,0.9111963626030122,0.9194932669293814,0.9324324324324325,1,12,4,7,1
rf_ZM,rf,ZM,47,phone_F1.wav,214.57395925851102,32.56623796195844,160,0.4759001583900602,58.088533795914756,8.108108108108109,22.224180687470977,1.0260407414889698,11.966237961958441,149,59,10,4,0.9738562091503268,0.855072463768116,0.9144643364592213,0.9245337995337995,0.9369369369369369,1,13,5,7,1
gmm_ZM,gmm,ZM,11,phone_F1.wav,212.68298281734914,29.51785426450297,154,1.352976429800952,43.29055468205324,4.054054054054054,16.232528388636084,2.917017182650852,8.917854264502967,147,62,7,6,0.9607843137254902,0.8985507246376812,0.9296675191815857,0.9313821060890654,0.9414414414414415,0,7,3,4,0
gmm_ZM,gmm,ZM,29,phone_F1.wav,212.68298281734914,29.51785426450297,154,1.352976429800952,43.29055468205324,4.054054054054054,16.232528388636084,2.917017182650852,8.917854264502967,147,62,7,6,0.9607843137254902,0.8985507246376812,0.9296675191815857,0.9313821060890654,0.9414414414414415,0,7,3,4,0
gmm_ZM,gmm,ZM,47,phone_F1.wav,212.68298281734914,29.51785426450297,154,1.352976429800952,43.29055468205324,4.054054054054054,16.232528388636084,2.917017182650852,8.917854264502967,147,62,7,6,0.9607843137254902,0.8985507246376812,0.9296675191815857,0.9313821060890654,0.9414414414414415,0,7,3,4,0
logistic_PZM,logistic,PZM,11,phone_F1.wav,212.9919860303427,29.32498318489399,159,1.2096539747946629,42.35428730531063,7.4324324324324325,16.998791237512574,2.608013969657293,8.72498318489399,149,59,10,4,0.9738562091503268,0.855072463768116,0.9144643364592213,0.9245337995337995,0.9369369369369369,0,12,5,7,0
logistic_PZM,logistic,PZM,29,phone_F1.wav,212.9919860303427,29.32498318489399,159,1.2096539747946629,42.35428730531063,7.4324324324324325,16.998791237512574,2.608013969657293,8.72498318489399,149,59,10,4,0.9738562091503268,0.855072463768116,0.9144643364592213,0.9245337995337995,0.9369369369369369,0,12,5,7,0
logistic_PZM,logistic,PZM,47,phone_F1.wav,212.9919860303427,29.32498318489399,159,1.2096539747946629,42.35428730531063,7.4324324324324325,16.998791237512574,2.608013969657293,8.72498318489399,149,59,10,4,0.9738562091503268,0.855072463768116,0.9144643364592213,0.9245337995337995,0.9369369369369369,0,12,5,7,0
svm_PZM,svm,PZM,11,phone_F1.wav,212.9919860303427,29.32498318489399,159,1.2096539747946629,42.35428730531063,7.4324324324324325,16.998791237512574,2.608013969657293,8.72498318489399,149,59,10,4,0.9738562091503268,0.855072463768116,0.9144643364592213,0.9245337995337995,0.9369369369369369,0,12,5,7,0
svm_PZM,svm,PZM,29,phone_F1.wav,212.9919860303427,29.32498318489399,159,1.2096539747946629,42.35428730531063,7.4324324324324325,16.998791237512574,2.608013969657293,8.72498318489399,149,59,10,4,0.9738562091503268,0.855072463768116,0.9144643364592213,0.9245337995337995,0.9369369369369369,0,12,5,7,0
svm_PZM,svm,PZM,47,phone_F1.wav,212.9919860303427,29.32498318489399,159,1.2096539747946629,42.35428730531063,7.4324324324324325,16.998791237512574,2.608013969657293,8.72498318489399,149,59,10,4,0.9738562091503268,0.855072463768116,0.9144643364592213,0.9245337995337995,0.9369369369369369,0,12,5,7,0
knn_PZM,knn,PZM,11,phone_F1.wav,215.19240645217053,23.44449745880321,154,0.18905081068156954,13.808240091277705,4.054054054054054,6.017114985337777,0.4075935478294639,2.8444974588032075,148,63,6,5,0.9673202614379085,0.9130434782608695,0.940181869849389,0.9419387051522861,0.9504504504504504,0,7,4,3,0
knn_PZM,knn,PZM,29,phone_F1.wav,215.19240645217053,23.44449745880321,154,0.18905081068156954,13.808240091277705,4.054054054054054,6.017114985337777,0.4075935478294639,2.8444974588032075,148,63,6,5,0.9673202614379085,0.9130434782608695,0.940181869849389,0.9419387051522861,0.9504504504504504,0,7,4,3,0
knn_PZM,knn,PZM,47,phone_F1.wav,215.19240645217053,23.44449745880321,154,0.18905081068156954,13.808240091277705,4.054054054054054,6.017114985337777,0.4075935478294639,2.8444974588032075,148,63,6,5,0.9673202614379085,0.9130434782608695,0.940181869849389,0.9419387051522861,0.9504504504504504,0,7,4,3,0
rf_PZM,rf,PZM,11,phone_F1.wav,214.11637634467672,32.620461395557584,158,0.6881371314115357,58.3517543473669,6.756756756756757,21.93221607851173,1.483623655323271,12.020461395557582,149,61,8,4,0.9738562091503268,0.8840579710144928,0.9289570900824098,0.9358690418873374,0.9459459459459459,1,11,5,5,1
rf_PZM,rf,PZM,29,phone_F1.wav,215.24554528977603,30.774135249608754,158,0.16440385446380423,49.3890060660619,6.756756756756757,18.770055559094157,0.3544547102239619,10.174135249608753,149,61,8,4,0.9738562091503268,0.8840579710144928,0.9289570900824098,0.9358690418873374,0.9459459459459459,1,11,5,5,1
rf_PZM,rf,PZM,47,phone_F1.wav,215.46593536516428,35.55878491965324,160,0.06218211263251843,72.61546077501572,8.108108108108109,26.928583665252116,0.13406463483570974,14.95878491965324,149,60,9,4,0.9738562091503268,0.8695652173913043,0.9217107132708156,0.9302274980054638,0.9414414414414415,2,13,5,6,2
gmm_PZM,gmm,PZM,11,phone_F1.wav,217.26970174017646,38.38339929294193,168,0.7744442208610687,86.32718103369868,13.513513513513514,33.53837958935775,1.669701740176464,17.78339929294193,151,56,13,2,0.9869281045751634,0.8115942028985508,0.8992611537368571,0.917285575896073,0.9324324324324325,4,21,7,10,4
gmm_PZM,gmm,PZM,29,phone_F1.wav,217.26970174017646,38.38339929294193,168,0.7744442208610687,86.32718103369868,13.513513513513514,33.53837958935775,1.669701740176464,17.78339929294193,151,56,13,2,0.9869281045751634,0.8115942028985508,0.8992611537368571,0.917285575896073,0.9324324324324325,4,21,7,10,4
gmm_PZM,gmm,PZM,47,phone_F1.wav,217.26970174017646,38.38339929294193,168,0.7744442208610687,86.32718103369868,13.513513513513514,33.53837958935775,1.669701740176464,17.78339929294193,151,56,13,2,0.9869281045751634,0.8115942028985508,0.8992611537368571,0.917285575896073,0.9324324324324325,4,21,7,10,4
logistic_EZM,logistic,EZM,11,phone_F1.wav,212.62815648285692,29.126867648262458,160,1.378406084018122,41.39256139933231,8.108108108108109,16.959691863819515,2.9718435171430713,8.526867648262456,151,60,9,2,0.9869281045751634,0.8695652173913043,0.9282466609832338,0.940443382191547,0.9504504504504504,0,13,7,6,0
logistic_EZM,logistic,EZM,29,phone_F1.wav,212.62815648285692,29.126867648262458,160,1.378406084018122,41.39256139933231,8.108108108108109,16.959691863819515,2.9718435171430713,8.526867648262456,151,60,9,2,0.9869281045751634,0.8695652173913043,0.9282466609832338,0.940443382191547,0.9504504504504504,0,13,7,6,0
logistic_EZM,logistic,EZM,47,phone_F1.wav,212.62815648285692,29.126867648262458,160,1.378406084018122,41.39256139933231,8.108108108108109,16.959691863819515,2.9718435171430713,8.526867648262456,151,60,9,2,0.9869281045751634,0.8695652173913043,0.9282466609832338,0.940443382191547,0.9504504504504504,0,13,7,6,0
svm_EZM,svm,EZM,11,phone_F1.wav,212.75029422589014,29.34637973002351,157,1.3217559249118043,42.45815402924033,6.081081081081081,16.62033034507774,2.84970577410985,8.74637973002351,150,62,7,3,0.9803921568627451,0.8985507246376812,0.9394714407502132,0.9465575349061146,0.954954954954955,0,10,6,4,0
svm_EZM,svm,EZM,29,phone_F1.wav,212.75029422589014,29.34637973002351,157,1.3217559249118043,42.45815402924033,6.081081081081081,16.62033034507774,2.84970577410985,8.74637973002351,150,62,7,3,0.9803921568627451,0.8985507246376812,0.9394714407502132,0.9465575349061146,0.954954954954955,0,10,6,4,0
svm_EZM,svm,EZM,47,phone_F1.wav,212.75029422589014,29.34637973002351,157,1.3217559249118043,42.45815402924033,6.081081081081081,16.62033034507774,2.84970577410985,8.74637973002351,150,62,7,3,0.9803921568627451,0.8985507246376812,0.9394714407502132,0.9465575349061146,0.954954954954955,0,10,6,4,0
knn_EZM,knn,EZM,11,phone_F1.wav,215.2443998321067,23.512137260873722,153,0.1649351428076531,14.136588645018058,3.3783783783783785,5.89330072206803,0.35560016789330007,2.9121372608737204,147,63,6,6,0.9607843137254902,0.9130434782608695,0.9369138959931799,0.9369138959931799,0.9459459459459459,0,6,3,3,0
knn_EZM,knn,EZM,29,phone_F1.wav,215.2443998321067,23.512137260873722,153,0.1649351428076531,14.136588645018058,3.3783783783783785,5.89330072206803,0.35560016789330007,2.9121372608737204,147,63,6,6,0.9607843137254902,0.9130434782608695,0.9369138959931799,0.9369138959931799,0.9459459459459459,0,6,3,3,0
knn_EZM,knn,EZM,47,phone_F1.wav,215.2443998321067,23.512137260873722,153,0.1649351428076531,14.136588645018058,3.3783783783783785,5.89330072206803,0.35560016789330007,2.9121372608737204,147,63,6,6,0.9607843137254902,0.9130434782608695,0.9369138959931799,0.9369138959931799,0.9459459459459459,0,6,3,3,0
rf_EZM,rf,EZM,11,phone_F1.wav,212.95462704206332,29.69472221484564,153,1.2269818914363044,44.14913696527009,3.3783783783783785,16.25149907836159,2.6453729579366723,9.094722214845639,146,62,7,7,0.954248366013072,0.8985507246376812,0.9263995453253766,0.9263995453253766,0.9369369369369369,0,6,2,4,0
rf_EZM,rf,EZM,29,phone_F1.wav,212.95462704206332,29.69472221484564,153,1.2269818914363044,44.14913696527009,3.3783783783783785,16.25149907836159,2.6453729579366723,9.094722214845639,146,62,7,7,0.954248366013072,0.8985507246376812,0.9263995453253766,0.9263995453253766,0.9369369369369369,0,6,2,4,0
rf_EZM,rf,EZM,47,phone_F1.wav,212.95462704206332,29.69472221484564,153,1.2269818914363044,44.14913696527009,3.3783783783783785,16.25149907836159,2.6453729579366723,9.094722214845639,146,62,7,7,0.954248366013072,0.8985507246376812,0.9263995453253766,0.9263995453253766,0.9369369369369369,0,6,2,4,0
gmm_EZM,gmm,EZM,11,phone_F1.wav,212.95462704206332,29.69472221484564,153,1.2269818914363044,44.14913696527009,3.3783783783783785,16.25149907836159,2.6453729579366723,9.094722214845639,146,62,7,7,0.954248366013072,0.8985507246376812,0.9263995453253766,0.9263995453253766,0.9369369369369369,0,6,2,4,0
gmm_EZM,gmm,EZM,29,phone_F1.wav,212.95462704206332,29.69472221484564,153,1.2269818914363044,44.14913696527009,3.3783783783783785,16.25149907836159,2.6453729579366723,9.094722214845639,146,62,7,7,0.954248366013072,0.8985507246376812,0.9263995453253766,0.9263995453253766,0.9369369369369369,0,6,2,4,0
gmm_EZM,gmm,EZM,47,phone_F1.wav,212.95462704206332,29.69472221484564,153,1.2269818914363044,44.14913696527009,3.3783783783783785,16.25149907836159,2.6453729579366723,9.094722214845639,146,62,7,7,0.954248366013072,0.8985507246376812,0.9263995453253766,0.9263995453253766,0.9369369369369369,0,6,2,4,0
logistic_PEZM,logistic,PEZM,11,phone_F1.wav,212.76223516434516,29.08575850004516,161,1.3162174562406483,41.19300242740368,8.783783783783784,17.097667889142702,2.8377648356548377,8.485758500045158,151,59,10,2,0.9869281045751634,0.855072463768116,0.9210002841716397,0.9347378735913767,0.9459459459459459,0,14,7,7,0
logistic_PEZM,logistic,PEZM,29,phone_F1.wav,212.76223516434516,29.08575850004516,161,1.3162174562406483,41.19300242740368,8.783783783783784,17.097667889142702,2.8377648356548377,8.485758500045158,151,59,10,2,0.9869281045751634,0.855072463768116,0.9210002841716397,0.9347378735913767,0.9459459459459459,0,14,7,7,0
logistic_PEZM,logistic,PEZM,47,phone_F1.wav,212.76223516434516,29.08575850004516,161,1.3162174562406483,41.19300242740368,8.783783783783784,17.097667889142702,2.8377648356548377,8.485758500045158,151,59,10,2,0.9869281045751634,0.855072463768116,0.9210002841716397,0.9347378735913767,0.9459459459459459,0,14,7,7,0
svm_PEZM,svm,PEZM,11,phone_F1.wav,212.76223516434516,29.08575850004516,161,1.3162174562406483,41.19300242740368,8.783783783783784,17.097667889142702,2.8377648356548377,8.485758500045158,151,59,10,2,0.9869281045751634,0.855072463768116,0.9210002841716397,0.9347378735913767,0.9459459459459459,0,14,7,7,0
svm_PEZM,svm,PEZM,29,phone_F1.wav,212.76223516434516,29.08575850004516,161,1.3162174562406483,41.19300242740368,8.783783783783784,17.097667889142702,2.8377648356548377,8.485758500045158,151,59,10,2,0.9869281045751634,0.855072463768116,0.9210002841716397,0.9347378735913767,0.9459459459459459,0,14,7,7,0
svm_PEZM,svm,PEZM,47,phone_F1.wav,212.76223516434516,29.08575850004516,161,1.3162174562406483,41.19300242740368,8.783783783783784,17.097667889142702,2.8377648356548377,8.485758500045158,151,59,10,2,0.9869281045751634,0.855072463768116,0.9210002841716397,0.9347378735913767,0.9459459459459459,0,14,7,7,0
knn_PEZM,knn,PEZM,11,phone_F1.wav,215.21573104740767,23.375923844442806,156,0.1782323527793701,13.47535846816895,5.405405405405405,6.352998742117909,0.38426895259232197,2.7759238444428043,149,62,7,4,0.9738562091503268,0.8985507246376812,0.936203466894004,0.9414599065084501,0.9504504504504504,0,9,5,4,0
knn_PEZM,knn,PEZM,29,phone_F1.wav,215.21573104740767,23.375923844442806,156,0.1782323527793701,13.47535846816895,5.405405405405405,6.352998742117909,0.38426895259232197,2.7759238444428043,149,62,7,4,0.9738562091503268,0.8985507246376812,0.936203466894004,0.9414599065084501,0.9504504504504504,0,9,5,4,0
knn_PEZM,knn,PEZM,47,phone_F1.wav,215.21573104740767,23.375923844442806,156,0.1782323527793701,13.47535846816895,5.405405405405405,6.352998742117909,0.38426895259232197,2.7759238444428043,149,62,7,4,0.9738562091503268,0.8985507246376812,0.936203466894004,0.9414599065084501,0.9504504504504504,0,9,5,4,0
rf_PEZM,rf,PEZM,11,phone_F1.wav,213.0275144875475,29.462391556985054,156,1.193175098540115,43.02131823779151,5.405405405405405,16.539966247245676,2.572485512452488,8.862391556985052,148,61,8,5,0.9673202614379085,0.8840579710144928,0.9256891162262006,0.9308162531463502,0.9414414414414415,0,9,4,5,0
rf_PEZM,rf,PEZM,29,phone_F1.wav,213.09268027037763,29.647372328234884,154,1.1629497818285561,43.91928314677127,4.054054054054054,16.378762327551296,2.507319729622367,9.047372328234882,146,61,8,7,0.954248366013072,0.8840579710144928,0.9191531685137824,0.9208255070258446,0.9324324324324325,0,7,2,5,0
rf_PEZM,rf,PEZM,47,phone_F1.wav,213.09268027037763,29.647372328234884,154,1.1629497818285561,43.91928314677127,4.054054054054054,16.378762327551296,2.507319729622367,9.047372328234882,146,61,8,7,0.954248366013072,0.8840579710144928,0.9191531685137824,0.9208255070258446,0.9324324324324325,0,7,2,5,0
gmm_PEZM,gmm,PEZM,11,phone_F1.wav,213.88454139856074,27.482218980409314,152,0.7956672548419537,33.40883000198695,2.7027027027027026,12.302399986510535,1.715458601439252,6.882218980409313,146,63,6,7,0.954248366013072,0.9130434782608695,0.9336459221369707,0.9319259346621064,0.9414414414414415,0,5,2,3,0
gmm_PEZM,gmm,PEZM,29,phone_F1.wav,213.88454139856074,27.482218980409314,152,0.7956672548419537,33.40883000198695,2.7027027027027026,12.302399986510535,1.715458601439252,6.882218980409313,146,63,6,7,0.954248366013072,0.9130434782608695,0.9336459221369707,0.9319259346621064,0.9414414414414415,0,5,2,3,0
gmm_PEZM,gmm,PEZM,47,phone_F1.wav,213.88454139856074,27.482218980409314,152,0.7956672548419537,33.40883000198695,2.7027027027027026,12.302399986510535,1.715458601439252,6.882218980409313,146,63,6,7,0.954248366013072,0.9130434782608695,0.9336459221369707,0.9319259346621064,0.9414414414414415,0,5,2,3,0
logistic_SM,logistic,SM,11,phone_F1.wav,213.416464059107,29.644196350603615,158,1.0127717722138194,43.903865779629186,6.756756756756757,17.224464769533252,2.1835359408929946,9.044196350603613,147,58,11,6,0.9607843137254902,0.8405797101449275,0.9006820119352088,0.9087590358532989,0.9234234234234234,0,11,3,8,0
logistic_SM,logistic,SM,29,phone_F1.wav,213.416464059107,29.644196350603615,158,1.0127717722138194,43.903865779629186,6.756756756756757,17.224464769533252,2.1835359408929946,9.044196350603613,147,58,11,6,0.9607843137254902,0.8405797101449275,0.9006820119352088,0.9087590358532989,0.9234234234234234,0,11,3,8,0
logistic_SM,logistic,SM,47,phone_F1.wav,213.416464059107,29.644196350603615,158,1.0127717722138194,43.903865779629186,6.756756756756757,17.224464769533252,2.1835359408929946,9.044196350603613,147,58,11,6,0.9607843137254902,0.8405797101449275,0.9006820119352088,0.9087590358532989,0.9234234234234234,0,11,3,8,0
svm_SM,svm,SM,11,phone_F1.wav,214.41275051434178,32.661992812458614,158,0.5506723031809897,58.55336316727481,6.756756756756757,21.953597409070852,1.1872494856582136,12.061992812458612,148,60,9,5,0.9673202614379085,0.8695652173913043,0.9184427394146064,0.9251805488685605,0.9369369369369369,1,11,4,6,1
svm_SM,svm,SM,29,phone_F1.wav,214.41275051434178,32.661992812458614,158,0.5506723031809897,58.55336316727481,6.756756756756757,21.953597409070852,1.1872494856582136,12.061992812458612,148,60,9,5,0.9673202614379085,0.8695652173913043,0.9184427394146064,0.9251805488685605,0.9369369369369369,1,11,4,6,1
svm_SM,svm,SM,47,phone_F1.wav,214.41275051434178,32.661992812458614,158,0.5506723031809897,58.55336316727481,6.756756756756757,21.953597409070852,1.1872494856582136,12.061992812458612,148,60,9,5,0.9673202614379085,0.8695652173913043,0.9184427394146064,0.9251805488685605,0.9369369369369369,1,11,4,6,1
knn_SM,knn,SM,11,phone_F1.wav,217.25359747847673,28.634532801031305,154,0.7669747117239056,39.00258641277332,4.054054054054054,14.60787172618376,1.6535974784767404,8.034532801031304,146,63,6,7,0.954248366013072,0.9130434782608695,0.9336459221369707,0.9319259346621064,0.9414414414414415,2,7,2,3,2
knn_SM,knn,SM,29,phone_F1.wav,217.25359747847673,28.634532801031305,154,0.7669747117239056,39.00258641277332,4.054054054054054,14.60787172618376,1.6535974784767404,8.034532801031304,146,63,6,7,0.954248366013072,0.9130434782608695,0.9336459221369707,0.9319259346621064,0.9414414414414415,2,7,2,3,2
knn_SM,knn,SM,47,phone_F1.wav,217.25359747847673,28.634532801031305,154,0.7669747117239056,39.00258641277332,4.054054054054054,14.60787172618376,1.6535974784767404,8.034532801031304,146,63,6,7,0.954248366013072,0.9130434782608695,0.9336459221369707,0.9319259346621064,0.9414414414414415,2,7,2,3,2
rf_SM,rf,SM,11,phone_F1.wav,214.68788563284107,32.75532462789666,158,0.4230586118547871,59.00643023250806,6.756756756756757,22.062081867039865,0.9121143671589209,12.155324627896661,147,59,10,6,0.9607843137254902,0.855072463768116,0.907928388746803,0.9144920558497833,0.9279279279279279,1,11,3,7,1
rf_SM,rf,SM,29,phone_F1.wav,214.62010101911835,32.663272843220334,159,0.4544985996668103,58.559576908836554,7.4324324324324325,22.148835980311933,0.979898980881643,12.063272843220332,148,59,10,5,0.9673202614379085,0.855072463768116,0.9111963626030122,0.9194932669293814,0.9324324324324325,1,12,4,7,1
rf_SM,rf,SM,47,phone_F1.wav,213.4709043726339,29.568100313124834,158,0.9875211629712886,43.53446753944093,6.756756756756757,17.092915153056328,2.129095627366098,8.968100313124832,148,59,10,5,0.9673202614379085,0.855072463768116,0.9111963626030122,0.9194932669293814,0.9324324324324325,0,11,4,7,0
gmm_SM,gmm,SM,11,phone_F1.wav,212.5023812074656,29.387106225135668,156,1.4367434102664216,42.65585546182362,5.405405405405405,16.499334759165148,3.097618792534405,8.787106225135666,148,61,8,5,0.9673202614379085,0.8840579710144928,0.9256891162262006,0.9308162531463502,0.9414414414414415,0,9,4,5,0
gmm_SM,gmm,SM,29,phone_F1.wav,212.5023812074656,29.387106225135668,156,1.4367434102664216,42.65585546182362,5.405405405405405,16.499334759165148,3.097618792534405,8.787106225135666,148,61,8,5,0.9673202614379085,0.8840579710144928,0.9256891162262006,0.9308162531463502,0.9414414414414415,0,9,4,5,0
gmm_SM,gmm,SM,47,phone_F1.wav,212.5023812074656,29.387106225135668,156,1.4367434102664216,42.65585546182362,5.405405405405405,16.499334759165148,3.097618792534405,8.787106225135666,148,61,8,5,0.9673202614379085,0.8840579710144928,0.9256891162262006,0.9308162531463502,0.9414414414414415,0,9,4,5,0
logistic_PSM,logistic,PSM,11,phone_F1.wav,212.84319522437937,29.15841990578927,160,1.2786664079873018,41.545727698006154,8.108108108108109,16.977500738033854,2.7568047756206226,8.558419905789268,150,59,10,3,0.9803921568627451,0.855072463768116,0.9177323103154305,0.9296149062263737,0.9414414414414415,0,13,6,7,0
logistic_PSM,logistic,PSM,29,phone_F1.wav,212.84319522437937,29.15841990578927,160,1.2786664079873018,41.545727698006154,8.108108108108109,16.977500738033854,2.7568047756206226,8.558419905789268,150,59,10,3,0.9803921568627451,0.855072463768116,0.9177323103154305,0.9296149062263737,0.9414414414414415,0,13,6,7,0
logistic_PSM,logistic,PSM,47,phone_F1.wav,212.84319522437937,29.15841990578927,160,1.2786664079873018,41.545727698006154,8.108108108108109,16.977500738033854,2.7568047756206226,8.558419905789268,150,59,10,3,0.9803921568627451,0.855072463768116,0.9177323103154305,0.9296149062263737,0.9414414414414415,0,13,6,7,0
svm_PSM,svm,PSM,11,phone_F1.wav,212.9919860303427,29.32498318489399,159,1.2096539747946629,42.35428730531063,7.4324324324324325,16.998791237512574,2.608013969657293,8.72498318489399,149,59,10,4,0.9738562091503268,0.855072463768116,0.9144643364592213,0.9245337995337995,0.9369369369369369,0,12,5,7,0
svm_PSM,svm,PSM,29,phone_F1.wav,212.9919860303427,29.32498318489399,159,1.2096539747946629,42.35428730531063,7.4324324324324325,16.998791237512574,2.608013969657293,8.72498318489399,149,59,10,4,0.9738562091503268,0.855072463768116,0.9144643364592213,0.9245337995337995,0.9369369369369369,0,12,5,7,0
svm_PSM,svm,PSM,47,phone_F1.wav,212.9919860303427,29.32498318489399,159,1.2096539747946629,42.35428730531063,7.4324324324324325,16.998791237512574,2.608013969657293,8.72498318489399,149,59,10,4,0.9738562091503268,0.855072463768116,0.9144643364592213,0.9245337995337995,0.9369369369369369,0,12,5,7,0
knn_PSM,knn,PSM,11,phone_F1.wav,214.4965019317774,25.668382308900263,154,0.5118265622553767,24.603797616020685,4.054054054054054,9.723226077443371,1.103498068222592,5.0683823089002615,148,63,6,5,0.9673202614379085,0.9130434782608695,0.940181869849389,0.9419387051522861,0.9504504504504504,0,7,4,3,0
knn_PSM,knn,PSM,29,phone_F1.wav,214.4965019317774,25.668382308900263,154,0.5118265622553767,24.603797616020685,4.054054054054054,9.723226077443371,1.103498068222592,5.0683823089002615,148,63,6,5,0.9673202614379085,0.9130434782608695,0.940181869849389,0.9419387051522861,0.9504504504504504,0,7,4,3,0
knn_PSM,knn,PSM,47,phone_F1.wav,214.4965019317774,25.668382308900263,154,0.5118265622553767,24.603797616020685,4.054054054054054,9.723226077443371,1.103498068222592,5.0683823089002615,148,63,6,5,0.9673202614379085,0.9130434782608695,0.940181869849389,0.9419387051522861,0.9504504504504504,0,7,4,3,0
rf_PSM,rf,PSM,11,phone_F1.wav,214.8564894070141,31.373953100102703,157,0.3448564902532,52.300743204382044,6.081081081081081,19.575560258572107,0.7435105929858992,10.773953100102702,148,61,8,5,0.9673202614379085,0.8840579710144928,0.9256891162262006,0.9308162531463502,0.9414414414414415,1,10,4,5,1
rf_PSM,rf,PSM,29,phone_F1.wav,217.0822470624699,31.930655720240473,157,0.6874986375092278,55.00318310796345,6.081081081081081,20.590587608851255,1.4822470624698951,11.330655720240472,149,63,6,4,0.9738562091503268,0.9130434782608695,0.9434498437055981,0.9470015278838808,0.954954954954955,2,10,5,3,2
rf_PSM,rf,PSM,47,phone_F1.wav,215.265208664481,35.57995171238812,159,0.15528355079730333,72.71821219605884,7.4324324324324325,26.76864272642953,0.334791335518986,14.979951712388122,149,61,8,4,0.9738562091503268,0.8840579710144928,0.9289570900824098,0.9358690418873374,0.9459459459459459,2,12,5,5,2
gmm_PSM,gmm,PSM,11,phone_F1.wav,212.68298281734914,29.51785426450297,154,1.352976429800952,43.29055468205324,4.054054054054054,16.232528388636084,2.917017182650852,8.917854264502967,147,62,7,6,0.9607843137254902,0.8985507246376812,0.9296675191815857,0.9313821060890654,0.9414414414414415,0,7,3,4,0
gmm_PSM,gmm,PSM,29,phone_F1.wav,212.68298281734914,29.51785426450297,154,1.352976429800952,43.29055468205324,4.054054054054054,16.232528388636084,2.917017182650852,8.917854264502967,147,62,7,6,0.9607843137254902,0.8985507246376812,0.9296675191815857,0.9313821060890654,0.9414414414414415,0,7,3,4,0
gmm_PSM,gmm,PSM,47,phone_F1.wav,212.68298281734914,29.51785426450297,154,1.352976429800952,43.29055468205324,4.054054054054054,16.232528388636084,2.917017182650852,8.917854264502967,147,62,7,6,0.9607843137254902,0.8985507246376812,0.9296675191815857,0.9313821060890654,0.9414414414414415,0,7,3,4,0
logistic_ESM,logistic,ESM,11,phone_F1.wav,213.25343805589273,29.309408801257835,162,1.0883868015339817,42.278683501251614,9.45945945945946,17.608843254081684,2.3465619441072647,8.709408801257833,150,57,12,3,0.9803921568627451,0.8260869565217391,0.9032395566922421,0.9180509413067552,0.9324324324324325,0,15,6,9,0
logistic_ESM,logistic,ESM,29,phone_F1.wav,213.25343805589273,29.309408801257835,162,1.0883868015339817,42.278683501251614,9.45945945945946,17.608843254081684,2.3465619441072647,8.709408801257833,150,57,12,3,0.9803921568627451,0.8260869565217391,0.9032395566922421,0.9180509413067552,0.9324324324324325,0,15,6,9,0
logistic_ESM,logistic,ESM,47,phone_F1.wav,213.25343805589273,29.309408801257835,162,1.0883868015339817,42.278683501251614,9.45945945945946,17.608843254081684,2.3465619441072647,8.709408801257833,150,57,12,3,0.9803921568627451,0.8260869565217391,0.9032395566922421,0.9180509413067552,0.9324324324324325,0,15,6,9,0
svm_ESM,svm,ESM,11,phone_F1.wav,212.75029422589014,29.34637973002351,157,1.3217559249118043,42.45815402924033,6.081081081081081,16.62033034507774,2.84970577410985,8.74637973002351,150,62,7,3,0.9803921568627451,0.8985507246376812,0.9394714407502132,0.9465575349061146,0.954954954954955,0,10,6,4,0
svm_ESM,svm,ESM,29,phone_F1.wav,212.75029422589014,29.34637973002351,157,1.3217559249118043,42.45815402924033,6.081081081081081,16.62033034507774,2.84970577410985,8.74637973002351,150,62,7,3,0.9803921568627451,0.8985507246376812,0.9394714407502132,0.9465575349061146,0.954954954954955,0,10,6,4,0
svm_ESM,svm,ESM,47,phone_F1.wav,212.75029422589014,29.34637973002351,157,1.3217559249118043,42.45815402924033,6.081081081081081,16.62033034507774,2.84970577410985,8.74637973002351,150,62,7,3,0.9803921568627451,0.8985507246376812,0.9394714407502132,0.9465575349061146,0.954954954954955,0,10,6,4,0
knn_ESM,knn,ESM,11,phone_F1.wav,215.2443998321067,23.512137260873722,153,0.1649351428076531,14.136588645018058,3.3783783783783785,5.89330072206803,0.35560016789330007,2.9121372608737204,147,63,6,6,0.9607843137254902,0.9130434782608695,0.9369138959931799,0.9369138959931799,0.9459459459459459,0,6,3,3,0
knn_ESM,knn,ESM,29,phone_F1.wav,215.2443998321067,23.512137260873722,153,0.1649351428076531,14.136588645018058,3.3783783783783785,5.89330072206803,0.35560016789330007,2.9121372608737204,147,63,6,6,0.9607843137254902,0.9130434782608695,0.9369138959931799,0.9369138959931799,0.9459459459459459,0,6,3,3,0
knn_ESM,knn,ESM,47,phone_F1.wav,215.2443998321067,23.512137260873722,153,0.1649351428076531,14.136588645018058,3.3783783783783785,5.89330072206803,0.35560016789330007,2.9121372608737204,147,63,6,6,0.9607843137254902,0.9130434782608695,0.9369138959931799,0.9369138959931799,0.9459459459459459,0,6,3,3,0
rf_ESM,rf,ESM,11,phone_F1.wav,212.95462704206332,29.69472221484564,153,1.2269818914363044,44.14913696527009,3.3783783783783785,16.25149907836159,2.6453729579366723,9.094722214845639,146,62,7,7,0.954248366013072,0.8985507246376812,0.9263995453253766,0.9263995453253766,0.9369369369369369,0,6,2,4,0
rf_ESM,rf,ESM,29,phone_F1.wav,212.95462704206332,29.69472221484564,153,1.2269818914363044,44.14913696527009,3.3783783783783785,16.25149907836159,2.6453729579366723,9.094722214845639,146,62,7,7,0.954248366013072,0.8985507246376812,0.9263995453253766,0.9263995453253766,0.9369369369369369,0,6,2,4,0
rf_ESM,rf,ESM,47,phone_F1.wav,212.95462704206332,29.69472221484564,153,1.2269818914363044,44.14913696527009,3.3783783783783785,16.25149907836159,2.6453729579366723,9.094722214845639,146,62,7,7,0.954248366013072,0.8985507246376812,0.9263995453253766,0.9263995453253766,0.9369369369369369,0,6,2,4,0
gmm_ESM,gmm,ESM,11,phone_F1.wav,212.95462704206332,29.69472221484564,153,1.2269818914363044,44.14913696527009,3.3783783783783785,16.25149907836159,2.6453729579366723,9.094722214845639,146,62,7,7,0.954248366013072,0.8985507246376812,0.9263995453253766,0.9263995453253766,0.9369369369369369,0,6,2,4,0
gmm_ESM,gmm,ESM,29,phone_F1.wav,212.95462704206332,29.69472221484564,153,1.2269818914363044,44.14913696527009,3.3783783783783785,16.25149907836159,2.6453729579366723,9.094722214845639,146,62,7,7,0.954248366013072,0.8985507246376812,0.9263995453253766,0.9263995453253766,0.9369369369369369,0,6,2,4,0
gmm_ESM,gmm,ESM,47,phone_F1.wav,212.95462704206332,29.69472221484564,153,1.2269818914363044,44.14913696527009,3.3783783783783785,16.25149907836159,2.6453729579366723,9.094722214845639,146,62,7,7,0.954248366013072,0.8985507246376812,0.9263995453253766,0.9263995453253766,0.9369369369369369,0,6,2,4,0
logistic_PESM,logistic,PESM,11,phone_F1.wav,212.76223516434516,29.08575850004516,161,1.3162174562406483,41.19300242740368,8.783783783783784,17.097667889142702,2.8377648356548377,8.485758500045158,151,59,10,2,0.9869281045751634,0.855072463768116,0.9210002841716397,0.9347378735913767,0.9459459459459459,0,14,7,7,0
logistic_PESM,logistic,PESM,29,phone_F1.wav,212.76223516434516,29.08575850004516,161,1.3162174562406483,41.19300242740368,8.783783783783784,17.097667889142702,2.8377648356548377,8.485758500045158,151,59,10,2,0.9869281045751634,0.855072463768116,0.9210002841716397,0.9347378735913767,0.9459459459459459,0,14,7,7,0
logistic_PESM,logistic,PESM,47,phone_F1.wav,212.76223516434516,29.08575850004516,161,1.3162174562406483,41.19300242740368,8.783783783783784,17.097667889142702,2.8377648356548377,8.485758500045158,151,59,10,2,0.9869281045751634,0.855072463768116,0.9210002841716397,0.9347378735913767,0.9459459459459459,0,14,7,7,0
svm_PESM,svm,PESM,11,phone_F1.wav,212.76415737263824,29.176499722696818,160,1.3153258939525774,41.63349379949911,8.108108108108109,17.018975933853266,2.8358426273617567,8.576499722696816,150,59,10,3,0.9803921568627451,0.855072463768116,0.9177323103154305,0.9296149062263737,0.9414414414414415,0,13,6,7,0
svm_PESM,svm,PESM,29,phone_F1.wav,212.76415737263824,29.176499722696818,160,1.3153258939525774,41.63349379949911,8.108108108108109,17.018975933853266,2.8358426273617567,8.576499722696816,150,59,10,3,0.9803921568627451,0.855072463768116,0.9177323103154305,0.9296149062263737,0.9414414414414415,0,13,6,7,0
svm_PESM,svm,PESM,47,phone_F1.wav,212.76415737263824,29.176499722696818,160,1.3153258939525774,41.63349379949911,8.108108108108109,17.018975933853266,2.8358426273617567,8.576499722696816,150,59,10,3,0.9803921568627451,0.855072463768116,0.9177323103154305,0.9296149062263737,0.9414414414414415,0,13,6,7,0
knn_PESM,knn,PESM,11,phone_F1.wav,214.37222574793617,25.572397836244054,157,0.5694685770240372,24.137853574000253,6.081081081081081,10.262801077368456,1.2277742520638242,4.972397836244053,149,61,8,4,0.9738562091503268,0.8840579710144928,0.9289570900824098,0.9358690418873374,0.9459459459459459,0,10,5,5,0
knn_PESM,knn,PESM,29,phone_F1.wav,214.37222574793617,25.572397836244054,157,0.5694685770240372,24.137853574000253,6.081081081081081,10.262801077368456,1.2277742520638242,4.972397836244053,149,61,8,4,0.9738562091503268,0.8840579710144928,0.9289570900824098,0.9358690418873374,0.9459459459459459,0,10,5,5,0
knn_PESM,knn,PESM,47,phone_F1.wav,214.37222574793617,25.572397836244054,157,0.5694685770240372,24.137853574000253,6.081081081081081,10.262801077368456,1.2277742520638242,4.972397836244053,149,61,8,4,0.9738562091503268,0.8840579710144928,0.9289570900824098,0.9358690418873374,0.9459459459459459,0,10,5,5,0
rf_PESM,rf,PESM,11,phone_F1.wav,213.09268027037763,29.647372328234884,154,1.1629497818285561,43.91928314677127,4.054054054054054,16.378762327551296,2.507319729622367,9.047372328234882,146,61,8,7,0.954248366013072,0.8840579710144928,0.9191531685137824,0.9208255070258446,0.9324324324324325,0,7,2,5,0
rf_PESM,rf,PESM,29,phone_F1.wav,213.09268027037763,29.647372328234884,154,1.1629497818285561,43.91928314677127,4.054054054054054,16.378762327551296,2.507319729622367,9.047372328234882,146,61,8,7,0.954248366013072,0.8840579710144928,0.9191531685137824,0.9208255070258446,0.9324324324324325,0,7,2,5,0
rf_PESM,rf,PESM,47,phone_F1.wav,213.09268027037763,29.647372328234884,154,1.1629497818285561,43.91928314677127,4.054054054054054,16.378762327551296,2.507319729622367,9.047372328234882,146,61,8,7,0.954248366013072,0.8840579710144928,0.9191531685137824,0.9208255070258446,0.9324324324324325,0,7,2,5,0
gmm_PESM,gmm,PESM,11,phone_F1.wav,215.36385425003996,23.62034260330306,149,0.10952956862710138,14.661857297587671,0.6756756756756757,5.149020847296816,0.23614574996003057,3.0203426033030603,145,65,4,8,0.9477124183006536,0.9420289855072463,0.94487070190395,0.9378789292043652,0.9459459459459459,0,2,1,1,0
gmm_PESM,gmm,PESM,29,phone_F1.wav,215.36385425003996,23.62034260330306,149,0.10952956862710138,14.661857297587671,0.6756756756756757,5.149020847296816,0.23614574996003057,3.0203426033030603,145,65,4,8,0.9477124183006536,0.9420289855072463,0.94487070190395,0.9378789292043652,0.9459459459459459,0,2,1,1,0
gmm_PESM,gmm,PESM,47,phone_F1.wav,214.47999788190896,25.895949953151806,150,0.5194815018975125,25.708494918212647,1.3513513513513513,9.193109257153838,1.120002118091037,5.295949953151805,145,64,5,8,0.9477124183006536,0.927536231884058,0.9376243250923557,0.9324485640053367,0.9414414414414415,0,3,1,2,0
logistic_ZSM,logistic,ZSM,11,phone_F1.wav,213.41041511431672,29.550926388487422,159,1.0155774052334297,43.45109897323991,7.4324324324324325,17.29970293696859,2.1895848856832743,8.95092638848742,148,58,11,5,0.9673202614379085,0.8405797101449275,0.9039499857914179,0.9137529137529137,0.9279279279279279,0,12,4,8,0
logistic_ZSM,logistic,ZSM,29,phone_F1.wav,213.41041511431672,29.550926388487422,159,1.0155774052334297,43.45109897323991,7.4324324324324325,17.29970293696859,2.1895848856832743,8.95092638848742,148,58,11,5,0.9673202614379085,0.8405797101449275,0.9039499857914179,0.9137529137529137,0.9279279279279279,0,12,4,8,0
logistic_ZSM,logistic,ZSM,47,phone_F1.wav,213.41041511431672,29.550926388487422,159,1.0155774052334297,43.45109897323991,7.4324324324324325,17.29970293696859,2.1895848856832743,8.95092638848742,148,58,11,5,0.9673202614379085,0.8405797101449275,0.9039499857914179,0.9137529137529137,0.9279279279279279,0,12,4,8,0
svm_ZSM,svm,ZSM,11,phone_F1.wav,214.41275051434178,32.661992812458614,158,0.5506723031809897,58.55336316727481,6.756756756756757,21.953597409070852,1.1872494856582136,12.061992812458612,148,60,9,5,0.9673202614379085,0.8695652173913043,0.9184427394146064,0.9251805488685605,0.9369369369369369,1,11,4,6,1
svm_ZSM,svm,ZSM,29,phone_F1.wav,214.41275051434178,32.661992812458614,158,0.5506723031809897,58.55336316727481,6.756756756756757,21.953597409070852,1.1872494856582136,12.061992812458612,148,60,9,5,0.9673202614379085,0.8695652173913043,0.9184427394146064,0.9251805488685605,0.9369369369369369,1,11,4,6,1
svm_ZSM,svm,ZSM,47,phone_F1.wav,214.41275051434178,32.661992812458614,158,0.5506723031809897,58.55336316727481,6.756756756756757,21.953597409070852,1.1872494856582136,12.061992812458612,148,60,9,5,0.9673202614379085,0.8695652173913043,0.9184427394146064,0.9251805488685605,0.9369369369369369,1,11,4,6,1
knn_ZSM,knn,ZSM,11,phone_F1.wav,216.5442854888585,27.34619739257349,153,0.4379802824019005,32.74853103191014,3.3783783783783785,12.188296564230141,0.9442854888584975,6.746197392573489,146,63,6,7,0.954248366013072,0.9130434782608695,0.9336459221369707,0.9319259346621064,0.9414414414414415,1,6,2,3,1
knn_ZSM,knn,ZSM,29,phone_F1.wav,216.5442854888585,27.34619739257349,153,0.4379802824019005,32.74853103191014,3.3783783783783785,12.188296564230141,0.9442854888584975,6.746197392573489,146,63,6,7,0.954248366013072,0.9130434782608695,0.9336459221369707,0.9319259346621064,0.9414414414414415,1,6,2,3,1
knn_ZSM,knn,ZSM,47,phone_F1.wav,216.5442854888585,27.34619739257349,153,0.4379802824019005,32.74853103191014,3.3783783783783785,12.188296564230141,0.9442854888584975,6.746197392573489,146,63,6,7,0.954248366013072,0.9130434782608695,0.9336459221369707,0.9319259346621064,0.9414414414414415,1,6,2,3,1
rf_ZSM,rf,ZSM,11,phone_F1.wav,214.5275292974918,32.58195648491666,160,0.4974353907737403,58.16483730542067,8.108108108108109,22.256793601434172,1.072470702508184,11.981956484916658,149,59,10,4,0.9738562091503268,0.855072463768116,0.9144643364592213,0.9245337995337995,0.9369369369369369,1,13,5,7,1
rf_ZSM,rf,ZSM,29,phone_F1.wav,214.57395925851102,32.56623796195844,160,0.4759001583900602,58.088533795914756,8.108108108108109,22.224180687470977,1.0260407414889698,11.966237961958441,149,59,10,4,0.9738562091503268,0.855072463768116,0.9144643364592213,0.9245337995337995,0.9369369369369369,1,13,5,7,1
rf_ZSM,rf,ZSM,47,phone_F1.wav,215.68955622181576,35.39917485236871,161,0.04153813627818612,71.84065462314906,8.783783783783784,26.888658847737016,0.08955622181576928,14.799174852368708,149,59,10,4,0.9738562091503268,0.855072463768116,0.9144643364592213,0.9245337995337995,0.9369369369369369,2,14,5,7,2
gmm_ZSM,gmm,ZSM,11,phone_F1.wav,212.6236374757347,29.347503667703283,156,1.3805020984532856,42.46361003739457,5.405405405405405,16.41650584708442,2.9763625242652836,8.747503667703281,148,61,8,5,0.9673202614379085,0.8840579710144928,0.9256891162262006,0.9308162531463502,0.9414414414414415,0,9,4,5,0
gmm_ZSM,gmm,ZSM,29,phone_F1.wav,212.6236374757347,29.347503667703283,156,1.3805020984532856,42.46361003739457,5.405405405405405,16.41650584708442,2.9763625242652836,8.747503667703281,148,61,8,5,0.9673202614379085,0.8840579710144928,0.9256891162262006,0.9308162531463502,0.9414414414414415,0,9,4,5,0
gmm_ZSM,gmm,ZSM,47,phone_F1.wav,212.6236374757347,29.347503667703283,156,1.3805020984532856,42.46361003739457,5.405405405405405,16.41650584708442,2.9763625242652836,8.747503667703281,148,61,8,5,0.9673202614379085,0.8840579710144928,0.9256891162262006,0.9308162531463502,0.9414414414414415,0,9,4,5,0
logistic_PZSM,logistic,PZSM,11,phone_F1.wav,212.84563870480025,29.24995300027357,159,1.2775330682744634,41.99006310812412,7.4324324324324325,16.900009536277008,2.754361295199743,8.64995300027357,149,59,10,4,0.9738562091503268,0.855072463768116,0.9144643364592213,0.9245337995337995,0.9369369369369369,0,12,5,7,0
logistic_PZSM,logistic,PZSM,29,phone_F1.wav,212.84563870480025,29.24995300027357,159,1.2775330682744634,41.99006310812412,7.4324324324324325,16.900009536277008,2.754361295199743,8.64995300027357,149,59,10,4,0.9738562091503268,0.855072463768116,0.9144643364592213,0.9245337995337995,0.9369369369369369,0,12,5,7,0
logistic_PZSM,logistic,PZSM,47,phone_F1.wav,212.84563870480025,29.24995300027357,159,1.2775330682744634,41.99006310812412,7.4324324324324325,16.900009536277008,2.754361295199743,8.64995300027357,149,59,10,4,0.9738562091503268,0.855072463768116,0.9144643364592213,0.9245337995337995,0.9369369369369369,0,12,5,7,0
svm_PZSM,svm,PZSM,11,phone_F1.wav,212.9919860303427,29.32498318489399,159,1.2096539747946629,42.35428730531063,7.4324324324324325,16.998791237512574,2.608013969657293,8.72498318489399,149,59,10,4,0.9738562091503268,0.855072463768116,0.9144643364592213,0.9245337995337995,0.9369369369369369,0,12,5,7,0
svm_PZSM,svm,PZSM,29,phone_F1.wav,212.9919860303427,29.32498318489399,159,1.2096539747946629,42.35428730531063,7.4324324324324325,16.998791237512574,2.608013969657293,8.72498318489399,149,59,10,4,0.9738562091503268,0.855072463768116,0.9144643364592213,0.9245337995337995,0.9369369369369369,0,12,5,7,0
svm_PZSM,svm,PZSM,47,phone_F1.wav,212.9919860303427,29.32498318489399,159,1.2096539747946629,42.35428730531063,7.4324324324324325,16.998791237512574,2.608013969657293,8.72498318489399,149,59,10,4,0.9738562091503268,0.855072463768116,0.9144643364592213,0.9245337995337995,0.9369369369369369,0,12,5,7,0
knn_PZSM,knn,PZSM,11,phone_F1.wav,216.3256122416462,27.273765662974167,155,0.3365548430641084,32.39692069404935,4.72972972972973,12.48773508894773,0.7256122416462176,6.673765662974166,148,63,6,5,0.9673202614379085,0.9130434782608695,0.940181869849389,0.9419387051522861,0.9504504504504504,1,8,4,3,1
knn_PZSM,knn,PZSM,29,phone_F1.wav,216.3256122416462,27.273765662974167,155,0.3365548430641084,32.39692069404935,4.72972972972973,12.48773508894773,0.7256122416462176,6.673765662974166,148,63,6,5,0.9673202614379085,0.9130434782608695,0.940181869849389,0.9419387051522861,0.9504504504504504,1,8,4,3,1
knn_PZSM,knn,PZSM,47,phone_F1.wav,216.3256122416462,27.273765662974167,155,0.3365548430641084,32.39692069404935,4.72972972972973,12.48773508894773,0.7256122416462176,6.673765662974166,148,63,6,5,0.9673202614379085,0.9130434782608695,0.940181869849389,0.9419387051522861,0.9504504504504504,1,8,4,3,1
rf_PZSM,rf,PZSM,11,phone_F1.wav,214.8564894070141,31.373953100102703,157,0.3448564902532,52.300743204382044,6.081081081081081,19.575560258572107,0.7435105929858992,10.773953100102702,148,61,8,5,0.9673202614379085,0.8840579710144928,0.9256891162262006,0.9308162531463502,0.9414414414414415,1,10,4,5,1
rf_PZSM,rf,PZSM,29,phone_F1.wav,215.76167367250622,29.35975843368209,156,0.07498778873201546,42.52309919263149,5.405405405405405,16.00116412892297,0.16167367250622533,8.759758433682087,148,62,7,5,0.9673202614379085,0.8985507246376812,0.9329354930377949,0.936401833460657,0.9459459459459459,1,9,4,4,1
rf_PZSM,rf,PZSM,47,phone_F1.wav,215.33707623798443,35.680862812620475,158,0.12194979685322851,73.20807190592463,6.756756756756757,26.695592819844872,0.26292376201556067,15.080862812620474,148,61,8,5,0.9673202614379085,0.8840579710144928,0.9256891162262006,0.9308162531463502,0.9414414414414415,2,11,4,5,2
gmm_PZSM,gmm,PZSM,11,phone_F1.wav,212.56554742790112,29.34913889098031,156,1.4074455343686787,42.471548014467515,5.405405405405405,16.428132984747197,3.0344525720988713,8.749138890980309,149,62,7,4,0.9738562091503268,0.8985507246376812,0.936203466894004,0.9414599065084501,0.9504504504504504,0,9,5,4,0
gmm_PZSM,gmm,PZSM,29,phone_F1.wav,212.56554742790112,29.34913889098031,156,1.4074455343686787,42.471548014467515,5.405405405405405,16.428132984747197,3.0344525720988713,8.749138890980309,149,62,7,4,0.9738562091503268,0.8985507246376812,0.936203466894004,0.9414599065084501,0.9504504504504504,0,9,5,4,0
gmm_PZSM,gmm,PZSM,47,phone_F1.wav,212.56554742790112,29.34913889098031,156,1.4074455343686787,42.471548014467515,5.405405405405405,16.428132984747197,3.0344525720988713,8.749138890980309,149,62,7,4,0.9738562091503268,0.8985507246376812,0.936203466894004,0.9414599065084501,0.9504504504504504,0,9,5,4,0
logistic_EZSM,logistic,EZSM,11,phone_F1.wav,212.62815648285692,29.126867648262458,160,1.378406084018122,41.39256139933231,8.108108108108109,16.959691863819515,2.9718435171430713,8.526867648262456,151,60,9,2,0.9869281045751634,0.8695652173913043,0.9282466609832338,0.940443382191547,0.9504504504504504,0,13,7,6,0
logistic_EZSM,logistic,EZSM,29,phone_F1.wav,212.62815648285692,29.126867648262458,160,1.378406084018122,41.39256139933231,8.108108108108109,16.959691863819515,2.9718435171430713,8.526867648262456,151,60,9,2,0.9869281045751634,0.8695652173913043,0.9282466609832338,0.940443382191547,0.9504504504504504,0,13,7,6,0
logistic_EZSM,logistic,EZSM,47,phone_F1.wav,212.62815648285692,29.126867648262458,160,1.378406084018122,41.39256139933231,8.108108108108109,16.959691863819515,2.9718435171430713,8.526867648262456,151,60,9,2,0.9869281045751634,0.8695652173913043,0.9282466609832338,0.940443382191547,0.9504504504504504,0,13,7,6,0
svm_EZSM,svm,EZSM,11,phone_F1.wav,212.75029422589014,29.34637973002351,157,1.3217559249118043,42.45815402924033,6.081081081081081,16.62033034507774,2.84970577410985,8.74637973002351,150,62,7,3,0.9803921568627451,0.8985507246376812,0.9394714407502132,0.9465575349061146,0.954954954954955,0,10,6,4,0
svm_EZSM,svm,EZSM,29,phone_F1.wav,212.75029422589014,29.34637973002351,157,1.3217559249118043,42.45815402924033,6.081081081081081,16.62033034507774,2.84970577410985,8.74637973002351,150,62,7,3,0.9803921568627451,0.8985507246376812,0.9394714407502132,0.9465575349061146,0.954954954954955,0,10,6,4,0
svm_EZSM,svm,EZSM,47,phone_F1.wav,212.75029422589014,29.34637973002351,157,1.3217559249118043,42.45815402924033,6.081081081081081,16.62033034507774,2.84970577410985,8.74637973002351,150,62,7,3,0.9803921568627451,0.8985507246376812,0.9394714407502132,0.9465575349061146,0.954954954954955,0,10,6,4,0
knn_EZSM,knn,EZSM,11,phone_F1.wav,215.1441675316311,23.46844628599324,154,0.21142507809318023,13.924496533947767,4.054054054054054,6.063325222031668,0.45583246836889657,2.8684462859932403,148,63,6,5,0.9673202614379085,0.9130434782608695,0.940181869849389,0.9419387051522861,0.9504504504504504,0,7,4,3,0
knn_EZSM,knn,EZSM,29,phone_F1.wav,215.1441675316311,23.46844628599324,154,0.21142507809318023,13.924496533947767,4.054054054054054,6.063325222031668,0.45583246836889657,2.8684462859932403,148,63,6,5,0.9673202614379085,0.9130434782608695,0.940181869849389,0.9419387051522861,0.9504504504504504,0,7,4,3,0
knn_EZSM,knn,EZSM,47,phone_F1.wav,215.1441675316311,23.46844628599324,154,0.21142507809318023,13.924496533947767,4.054054054054054,6.063325222031668,0.45583246836889657,2.8684462859932403,148,63,6,5,0.9673202614379085,0.9130434782608695,0.940181869849389,0.9419387051522861,0.9504504504504504,0,7,4,3,0
rf_EZSM,rf,EZSM,11,phone_F1.wav,212.95462704206332,29.69472221484564,153,1.2269818914363044,44.14913696527009,3.3783783783783785,16.25149907836159,2.6453729579366723,9.094722214845639,146,62,7,7,0.954248366013072,0.8985507246376812,0.9263995453253766,0.9263995453253766,0.9369369369369369,0,6,2,4,0
rf_EZSM,rf,EZSM,29,phone_F1.wav,212.95462704206332,29.69472221484564,153,1.2269818914363044,44.14913696527009,3.3783783783783785,16.25149907836159,2.6453729579366723,9.094722214845639,146,62,7,7,0.954248366013072,0.8985507246376812,0.9263995453253766,0.9263995453253766,0.9369369369369369,0,6,2,4,0
rf_EZSM,rf,EZSM,47,phone_F1.wav,212.95462704206332,29.69472221484564,153,1.2269818914363044,44.14913696527009,3.3783783783783785,16.25149907836159,2.6453729579366723,9.094722214845639,146,62,7,7,0.954248366013072,0.8985507246376812,0.9263995453253766,0.9263995453253766,0.9369369369369369,0,6,2,4,0
gmm_EZSM,gmm,EZSM,11,phone_F1.wav,212.89589655510795,29.607067469360096,154,1.254222377037125,43.723628492039296,4.054054054054054,16.34396830771016,2.7041034448920414,9.007067469360095,147,62,7,6,0.9607843137254902,0.8985507246376812,0.9296675191815857,0.9313821060890654,0.9414414414414415,0,7,3,4,0
gmm_EZSM,gmm,EZSM,29,phone_F1.wav,212.89589655510795,29.607067469360096,154,1.254222377037125,43.723628492039296,4.054054054054054,16.34396830771016,2.7041034448920414,9.007067469360095,147,62,7,6,0.9607843137254902,0.8985507246376812,0.9296675191815857,0.9313821060890654,0.9414414414414415,0,7,3,4,0
gmm_EZSM,gmm,EZSM,47,phone_F1.wav,212.89589655510795,29.607067469360096,154,1.254222377037125,43.723628492039296,4.054054054054054,16.34396830771016,2.7041034448920414,9.007067469360095,147,62,7,6,0.9607843137254902,0.8985507246376812,0.9296675191815857,0.9313821060890654,0.9414414414414415,0,7,3,4,0
logistic_PEZSM,logistic,PEZSM,11,phone_F1.wav,212.76223516434516,29.08575850004516,161,1.3162174562406483,41.19300242740368,8.783783783783784,17.097667889142702,2.8377648356548377,8.485758500045158,151,59,10,2,0.9869281045751634,0.855072463768116,0.9210002841716397,0.9347378735913767,0.9459459459459459,0,14,7,7,0
logistic_PEZSM,logistic,PEZSM,29,phone_F1.wav,212.76223516434516,29.08575850004516,161,1.3162174562406483,41.19300242740368,8.783783783783784,17.097667889142702,2.8377648356548377,8.485758500045158,151,59,10,2,0.9869281045751634,0.855072463768116,0.9210002841716397,0.9347378735913767,0.9459459459459459,0,14,7,7,0
logistic_PEZSM,logistic,PEZSM,47,phone_F1.wav,212.76223516434516,29.08575850004516,161,1.3162174562406483,41.19300242740368,8.783783783783784,17.097667889142702,2.8377648356548377,8.485758500045158,151,59,10,2,0.9869281045751634,0.855072463768116,0.9210002841716397,0.9347378735913767,0.9459459459459459,0,14,7,7,0
svm_PEZSM,svm,PEZSM,11,phone_F1.wav,212.74192272225244,29.266754568423075,159,1.3256388115712219,42.0716241185586,7.4324324324324325,16.943231787520755,2.8580772777475545,8.666754568423073,150,60,9,3,0.9803921568627451,0.8695652173913043,0.9249786871270247,0.9353146853146853,0.9459459459459459,0,12,6,6,0
svm_PEZSM,svm,PEZSM,29,phone_F1.wav,212.74192272225244,29.266754568423075,159,1.3256388115712219,42.0716241185586,7.4324324324324325,16.943231787520755,2.8580772777475545,8.666754568423073,150,60,9,3,0.9803921568627451,0.8695652173913043,0.9249786871270247,0.9353146853146853,0.9459459459459459,0,12,6,6,0
svm_PEZSM,svm,PEZSM,47,phone_F1.wav,212.74192272225244,29.266754568423075,159,1.3256388115712219,42.0716241185586,7.4324324324324325,16.943231787520755,2.8580772777475545,8.666754568423073,150,60,9,3,0.9803921568627451,0.8695652173913043,0.9249786871270247,0.9353146853146853,0.9459459459459459,0,12,6,6,0
knn_PEZSM,knn,PEZSM,11,phone_F1.wav,215.21573104740767,23.375923844442806,156,0.1782323527793701,13.47535846816895,5.405405405405405,6.352998742117909,0.38426895259232197,2.7759238444428043,149,62,7,4,0.9738562091503268,0.8985507246376812,0.936203466894004,0.9414599065084501,0.9504504504504504,0,9,5,4,0
knn_PEZSM,knn,PEZSM,29,phone_F1.wav,215.21573104740767,23.375923844442806,156,0.1782323527793701,13.47535846816895,5.405405405405405,6.352998742117909,0.38426895259232197,2.7759238444428043,149,62,7,4,0.9738562091503268,0.8985507246376812,0.936203466894004,0.9414599065084501,0.9504504504504504,0,9,5,4,0
knn_PEZSM,knn,PEZSM,47,phone_F1.wav,215.21573104740767,23.375923844442806,156,0.1782323527793701,13.47535846816895,5.405405405405405,6.352998742117909,0.38426895259232197,2.7759238444428043,149,62,7,4,0.9738562091503268,0.8985507246376812,0.936203466894004,0.9414599065084501,0.9504504504504504,0,9,5,4,0
rf_PEZSM,rf,PEZSM,11,phone_F1.wav,213.09268027037763,29.647372328234884,154,1.1629497818285561,43.91928314677127,4.054054054054054,16.378762327551296,2.507319729622367,9.047372328234882,146,61,8,7,0.954248366013072,0.8840579710144928,0.9191531685137824,0.9208255070258446,0.9324324324324325,0,7,2,5,0
rf_PEZSM,rf,PEZSM,29,phone_F1.wav,213.06486994022885,29.553596041490177,155,1.175848821786247,43.464058453835804,4.72972972972973,16.45654566845059,2.5351300597711486,8.953596041490176,147,61,8,6,0.9607843137254902,0.8840579710144928,0.9224211423699915,0.9258021390374331,0.9369369369369369,0,8,3,5,0
rf_PEZSM,rf,PEZSM,47,phone_F1.wav,212.9434029471553,29.609586723179028,155,1.2321878723769426,43.73585787950984,4.72972972972973,16.565925160538836,2.6565970528446883,9.009586723179027,146,60,9,7,0.954248366013072,0.8695652173913043,0.9119067917021881,0.9152024446142093,0.9279279279279279,0,8,2,6,0
gmm_PEZSM,gmm,PEZSM,11,phone_F1.wav,213.88454139856074,27.482218980409314,152,0.7956672548419537,33.40883000198695,2.7027027027027026,12.302399986510535,1.715458601439252,6.882218980409313,146,63,6,7,0.954248366013072,0.9130434782608695,0.9336459221369707,0.9319259346621064,0.9414414414414415,0,5,2,3,0
gmm_PEZSM,gmm,PEZSM,29,phone_F1.wav,213.88454139856074,27.482218980409314,152,0.7956672548419537,33.40883000198695,2.7027027027027026,12.302399986510535,1.715458601439252,6.882218980409313,146,63,6,7,0.954248366013072,0.9130434782608695,0.9336459221369707,0.9319259346621064,0.9414414414414415,0,5,2,3,0
gmm_PEZSM,gmm,PEZSM,47,phone_F1.wav,213.88454139856074,27.482218980409314,152,0.7956672548419537,33.40883000198695,2.7027027027027026,12.302399986510535,1.715458601439252,6.882218980409313,146,63,6,7,0.954248366013072,0.9130434782608695,0.9336459221369707,0.9319259346621064,0.9414414414414415,0,5,2,3,0
hard170,control,,11,phone_M1.wav,122.47693293792135,16.95265840357317,233,0.9887365093602711,0.9086809736498225,0.43103448275862066,0.776150655256238,1.2230670620786555,0.15265840357317018,231,60,2,13,0.9467213114754098,0.967741935483871,0.9572316234796404,0.9287211740041929,0.9509803921568627,0,0,0,0,0
hard170,control,,29,phone_M1.wav,122.47693293792135,16.95265840357317,233,0.9887365093602711,0.9086809736498225,0.43103448275862066,0.776150655256238,1.2230670620786555,0.15265840357317018,231,60,2,13,0.9467213114754098,0.967741935483871,0.9572316234796404,0.9287211740041929,0.9509803921568627,0,0,0,0,0
hard170,control,,47,phone_M1.wav,122.47693293792135,16.95265840357317,233,0.9887365093602711,0.9086809736498225,0.43103448275862066,0.776150655256238,1.2230670620786555,0.15265840357317018,231,60,2,13,0.9467213114754098,0.967741935483871,0.9572316234796404,0.9287211740041929,0.9509803921568627,0,0,0,0,0
logistic_P,logistic,P,11,phone_M1.wav,123.25656924475902,18.478985251300053,239,0.3584727204858383,9.993959829166974,3.0172413793103448,4.4565579763210525,0.44343075524098197,1.6789852513000518,232,55,7,12,0.9508196721311475,0.8870967741935484,0.9189582231623479,0.9066878520872454,0.9379084967320261,0,6,1,5,0
logistic_P,logistic,P,29,phone_M1.wav,123.25656924475902,18.478985251300053,239,0.3584727204858383,9.993959829166974,3.0172413793103448,4.4565579763210525,0.44343075524098197,1.6789852513000518,232,55,7,12,0.9508196721311475,0.8870967741935484,0.9189582231623479,0.9066878520872454,0.9379084967320261,0,6,1,5,0
logistic_P,logistic,P,47,phone_M1.wav,123.25656924475902,18.478985251300053,239,0.3584727204858383,9.993959829166974,3.0172413793103448,4.4565579763210525,0.44343075524098197,1.6789852513000518,232,55,7,12,0.9508196721311475,0.8870967741935484,0.9189582231623479,0.9066878520872454,0.9379084967320261,0,6,1,5,0
svm_P,svm,P,11,phone_M1.wav,123.09408050973471,18.53941974407144,236,0.4898298223648289,10.353688952806195,1.7241379310344827,4.189218902068502,0.6059194902652933,1.7394197440714407,232,58,4,12,0.9508196721311475,0.9354838709677419,0.9431517715494446,0.9227272727272727,0.9477124183006536,0,3,1,2,0
svm_P,svm,P,29,phone_M1.wav,123.09408050973471,18.53941974407144,236,0.4898298223648289,10.353688952806195,1.7241379310344827,4.189218902068502,0.6059194902652933,1.7394197440714407,232,58,4,12,0.9508196721311475,0.9354838709677419,0.9431517715494446,0.9227272727272727,0.9477124183006536,0,3,1,2,0
svm_P,svm,P,47,phone_M1.wav,123.09408050973471,18.53941974407144,236,0.4898298223648289,10.353688952806195,1.7241379310344827,4.189218902068502,0.6059194902652933,1.7394197440714407,232,58,4,12,0.9508196721311475,0.9354838709677419,0.9431517715494446,0.9227272727272727,0.9477124183006536,0,3,1,2,0
knn_P,knn,P,11,phone_M1.wav,123.37723064510972,20.2327871323316,239,0.2609291470414579,20.43325674006905,3.0172413793103448,7.903809088806952,0.32276935489028347,3.432787132331601,234,58,4,10,0.9590163934426229,0.9354838709677419,0.9472501322051824,0.9316310245770827,0.954248366013072,1,6,3,2,1
knn_P,knn,P,29,phone_M1.wav,123.37723064510972,20.2327871323316,239,0.2609291470414579,20.43325674006905,3.0172413793103448,7.903809088806952,0.32276935489028347,3.432787132331601,234,58,4,10,0.9590163934426229,0.9354838709677419,0.9472501322051824,0.9316310245770827,0.954248366013072,1,6,3,2,1
knn_P,knn,P,47,phone_M1.wav,123.37723064510972,20.2327871323316,239,0.2609291470414579,20.43325674006905,3.0172413793103448,7.903809088806952,0.32276935489028347,3.432787132331601,234,58,4,10,0.9590163934426229,0.9354838709677419,0.9472501322051824,0.9316310245770827,0.954248366013072,1,6,3,2,1
rf_P,rf,P,11,phone_M1.wav,122.80826961142513,18.688397367017178,237,0.7208814782335253,11.240460517959386,2.1551724137931036,4.7055048033286715,0.8917303885748709,1.888397367017177,233,59,3,11,0.9549180327868853,0.9516129032258065,0.9532654680063459,0.9323863636363636,0.954248366013072,1,4,2,1,1
rf_P,rf,P,29,phone_M1.wav,124.17363649097017,23.648439011376496,240,0.3828912618998908,40.76451792486009,3.4482758620689653,14.86522834960965,0.4736364909701649,6.848439011376495,234,58,4,10,0.9590163934426229,0.9354838709677419,0.9472501322051824,0.9316310245770827,0.954248366013072,2,7,3,2,2
rf_P,rf,P,47,phone_M1.wav,123.6676806963029,22.36404964181207,239,0.026127165478664244,33.11934310602422,3.0172413793103448,12.054237216937741,0.03231930369710767,5.564049641812069,233,58,4,11,0.9549180327868853,0.9354838709677419,0.9452009518773136,0.9271555760105379,0.9509803921568627,2,6,2,2,2
gmm_P,gmm,P,11,phone_M1.wav,122.47693293792135,16.95265840357317,233,0.9887365093602711,0.9086809736498225,0.43103448275862066,0.776150655256238,1.2230670620786555,0.15265840357317018,231,60,2,13,0.9467213114754098,0.967741935483871,0.9572316234796404,0.9287211740041929,0.9509803921568627,0,0,0,0,0
gmm_P,gmm,P,29,phone_M1.wav,122.47693293792135,16.95265840357317,233,0.9887365093602711,0.9086809736498225,0.43103448275862066,0.776150655256238,1.2230670620786555,0.15265840357317018,231,60,2,13,0.9467213114754098,0.967741935483871,0.9572316234796404,0.9287211740041929,0.9509803921568627,0,0,0,0,0
gmm_P,gmm,P,47,phone_M1.wav,122.47693293792135,16.95265840357317,233,0.9887365093602711,0.9086809736498225,0.43103448275862066,0.776150655256238,1.2230670620786555,0.15265840357317018,231,60,2,13,0.9467213114754098,0.967741935483871,0.9572316234796404,0.9287211740041929,0.9509803921568627,0,0,0,0,0
logistic_E,logistic,E,11,phone_M1.wav,123.63127575811941,21.880591069767686,238,0.05555718826239936,30.241613510521933,2.586206896551724,10.961125865112018,0.06872424188058801,5.080591069767685,236,60,2,8,0.9672131147540983,0.967741935483871,0.9674775251189847,0.951165017555059,0.9673202614379085,0,5,5,0,0
logistic_E,logistic,E,29,phone_M1.wav,123.63127575811941,21.880591069767686,238,0.05555718826239936,30.241613510521933,2.586206896551724,10.961125865112018,0.06872424188058801,5.080591069767685,236,60,2,8,0.9672131147540983,0.967741935483871,0.9674775251189847,0.951165017555059,0.9673202614379085,0,5,5,0,0
logistic_E,logistic,E,47,phone_M1.wav,123.63127575811941,21.880591069767686,238,0.05555718826239936,30.241613510521933,2.586206896551724,10.961125865112018,0.06872424188058801,5.080591069767685,236,60,2,8,0.9672131147540983,0.967741935483871,0.9674775251189847,0.951165017555059,0.9673202614379085,0,5,5,0,0
svm_E,svm,E,11,phone_M1.wav,123.57488203946107,21.852093364090297,239,0.10114628984553731,30.07198431006129,3.0172413793103448,11.063457326405723,0.12511796053892965,5.052093364090297,236,60,2,8,0.9672131147540983,0.967741935483871,0.9674775251189847,0.951165017555059,0.9673202614379085,1,6,5,0,1
svm_E,svm,E,29,phone_M1.wav,123.57488203946107,21.852093364090297,239,0.10114628984553731,30.07198431006129,3.0172413793103448,11.063457326405723,0.12511796053892965,5.052093364090297,236,60,2,8,0.9672131147540983,0.967741935483871,0.9674775251189847,0.951165017555059,0.9673202614379085,1,6,5,0,1
svm_E,svm,E,47,phone_M1.wav,123.57488203946107,21.852093364090297,239,0.10114628984553731,30.07198431006129,3.0172413793103448,11.063457326405723,0.12511796053892965,5.052093364090297,236,60,2,8,0.9672131147540983,0.967741935483871,0.9674775251189847,0.951165017555059,0.9673202614379085,1,6,5,0,1
knn_E,knn,E,11,phone_M1.wav,123.63127575811941,21.880591069767686,238,0.05555718826239936,30.241613510521933,2.586206896551724,10.961125865112018,0.06872424188058801,5.080591069767685,236,60,2,8,0.9672131147540983,0.967741935483871,0.9674775251189847,0.951165017555059,0.9673202614379085,0,5,5,0,0
knn_E,knn,E,29,phone_M1.wav,123.63127575811941,21.880591069767686,238,0.05555718826239936,30.241613510521933,2.586206896551724,10.961125865112018,0.06872424188058801,5.080591069767685,236,60,2,8,0.9672131147540983,0.967741935483871,0.9674775251189847,0.951165017555059,0.9673202614379085,0,5,5,0,0
knn_E,knn,E,47,phone_M1.wav,123.63127575811941,21.880591069767686,238,0.05555718826239936,30.241613510521933,2.586206896551724,10.961125865112018,0.06872424188058801,5.080591069767685,236,60,2,8,0.9672131147540983,0.967741935483871,0.9674775251189847,0.951165017555059,0.9673202614379085,0,5,5,0,0
rf_E,rf,E,11,phone_M1.wav,123.63127575811941,21.880591069767686,238,0.05555718826239936,30.241613510521933,2.586206896551724,10.961125865112018,0.06872424188058801,5.080591069767685,236,60,2,8,0.9672131147540983,0.967741935483871,0.9674775251189847,0.951165017555059,0.9673202614379085,0,5,5,0,0
rf_E,rf,E,29,phone_M1.wav,123.63127575811941,21.880591069767686,238,0.05555718826239936,30.241613510521933,2.586206896551724,10.961125865112018,0.06872424188058801,5.080591069767685,236,60,2,8,0.9672131147540983,0.967741935483871,0.9674775251189847,0.951165017555059,0.9673202614379085,0,5,5,0,0
rf_E,rf,E,47,phone_M1.wav,123.63127575811941,21.880591069767686,238,0.05555718826239936,30.241613510521933,2.586206896551724,10.961125865112018,0.06872424188058801,5.080591069767685,236,60,2,8,0.9672131147540983,0.967741935483871,0.9674775251189847,0.951165017555059,0.9673202614379085,0,5,5,0,0
gmm_E,gmm,E,11,phone_M1.wav,123.63127575811941,21.880591069767686,238,0.05555718826239936,30.241613510521933,2.586206896551724,10.961125865112018,0.06872424188058801,5.080591069767685,236,60,2,8,0.9672131147540983,0.967741935483871,0.9674775251189847,0.951165017555059,0.9673202614379085,0,5,5,0,0
gmm_E,gmm,E,29,phone_M1.wav,123.63127575811941,21.880591069767686,238,0.05555718826239936,30.241613510521933,2.586206896551724,10.961125865112018,0.06872424188058801,5.080591069767685,236,60,2,8,0.9672131147540983,0.967741935483871,0.9674775251189847,0.951165017555059,0.9673202614379085,0,5,5,0,0
gmm_E,gmm,E,47,phone_M1.wav,123.63127575811941,21.880591069767686,238,0.05555718826239936,30.241613510521933,2.586206896551724,10.961125865112018,0.06872424188058801,5.080591069767685,236,60,2,8,0.9672131147540983,0.967741935483871,0.9674775251189847,0.951165017555059,0.9673202614379085,0,5,5,0,0
logistic_PE,logistic,PE,11,phone_M1.wav,123.73812053556706,21.82039516642687,240,0.030816924468116562,29.883304562064698,3.4482758620689653,11.120799116200594,0.03812053556706019,5.020395166426869,236,58,4,8,0.9672131147540983,0.9354838709677419,0.9513484928609202,0.9407283057851239,0.9607843137254902,0,7,5,2,0
logistic_PE,logistic,PE,29,phone_M1.wav,123.73812053556706,21.82039516642687,240,0.030816924468116562,29.883304562064698,3.4482758620689653,11.120799116200594,0.03812053556706019,5.020395166426869,236,58,4,8,0.9672131147540983,0.9354838709677419,0.9513484928609202,0.9407283057851239,0.9607843137254902,0,7,5,2,0
logistic_PE,logistic,PE,47,phone_M1.wav,123.73812053556706,21.82039516642687,240,0.030816924468116562,29.883304562064698,3.4482758620689653,11.120799116200594,0.03812053556706019,5.020395166426869,236,58,4,8,0.9672131147540983,0.9354838709677419,0.9513484928609202,0.9407283057851239,0.9607843137254902,0,7,5,2,0
svm_PE,svm,PE,11,phone_M1.wav,123.83368506038886,21.70096806309227,244,0.10807199708072467,29.172428946977785,5.172413793103448,11.484304912387321,0.1336850603888564,4.900968063092268,236,55,7,8,0.9672131147540983,0.8870967741935484,0.9271549444738234,0.924599589322382,0.9509803921568627,1,11,5,5,1
svm_PE,svm,PE,29,phone_M1.wav,123.83368506038886,21.70096806309227,244,0.10807199708072467,29.172428946977785,5.172413793103448,11.484304912387321,0.1336850603888564,4.900968063092268,236,55,7,8,0.9672131147540983,0.8870967741935484,0.9271549444738234,0.924599589322382,0.9509803921568627,1,11,5,5,1
svm_PE,svm,PE,47,phone_M1.wav,123.83368506038886,21.70096806309227,244,0.10807199708072467,29.172428946977785,5.172413793103448,11.484304912387321,0.1336850603888564,4.900968063092268,236,55,7,8,0.9672131147540983,0.8870967741935484,0.9271549444738234,0.924599589322382,0.9509803921568627,1,11,5,5,1
knn_PE,knn,PE,11,phone_M1.wav,123.83368506038886,21.70096806309227,244,0.10807199708072467,29.172428946977785,5.172413793103448,11.484304912387321,0.1336850603888564,4.900968063092268,236,55,7,8,0.9672131147540983,0.8870967741935484,0.9271549444738234,0.924599589322382,0.9509803921568627,1,11,5,5,1
knn_PE,knn,PE,29,phone_M1.wav,123.83368506038886,21.70096806309227,244,0.10807199708072467,29.172428946977785,5.172413793103448,11.484304912387321,0.1336850603888564,4.900968063092268,236,55,7,8,0.9672131147540983,0.8870967741935484,0.9271549444738234,0.924599589322382,0.9509803921568627,1,11,5,5,1
knn_PE,knn,PE,47,phone_M1.wav,123.83368506038886,21.70096806309227,244,0.10807199708072467,29.172428946977785,5.172413793103448,11.484304912387321,0.1336850603888564,4.900968063092268,236,55,7,8,0.9672131147540983,0.8870967741935484,0.9271549444738234,0.924599589322382,0.9509803921568627,1,11,5,5,1
rf_PE,rf,PE,11,phone_M1.wav,123.94166857620132,21.698178794593755,244,0.1953666743745515,29.15582615829615,5.172413793103448,11.50786887525805,0.2416685762013202,4.898178794593754,236,54,8,8,0.9672131147540983,0.8709677419354839,0.9190904283447912,0.9190904283447912,0.9477124183006536,0,11,5,6,0
rf_PE,rf,PE,29,phone_M1.wav,123.89138541430873,21.728587804153403,243,0.1547173923271838,29.336832167579775,4.741379310344827,11.410976290083928,0.19138541430872635,4.928587804153402,236,55,7,8,0.9672131147540983,0.8870967741935484,0.9271549444738234,0.924599589322382,0.9509803921568627,0,10,5,5,0
rf_PE,rf,PE,47,phone_M1.wav,123.8354592370229,21.70198590788486,244,0.10950625466685526,29.17848754693369,5.172413793103448,11.486802531567998,0.13545923702289997,4.90198590788486,236,55,7,8,0.9672131147540983,0.8870967741935484,0.9271549444738234,0.924599589322382,0.9509803921568627,1,11,5,5,1
gmm_PE,gmm,PE,11,phone_M1.wav,122.47693293792135,16.95265840357317,233,0.9887365093602711,0.9086809736498225,0.43103448275862066,0.776150655256238,1.2230670620786555,0.15265840357317018,231,60,2,13,0.9467213114754098,0.967741935483871,0.9572316234796404,0.9287211740041929,0.9509803921568627,0,0,0,0,0
gmm_PE,gmm,PE,29,phone_M1.wav,122.47693293792135,16.95265840357317,233,0.9887365093602711,0.9086809736498225,0.43103448275862066,0.776150655256238,1.2230670620786555,0.15265840357317018,231,60,2,13,0.9467213114754098,0.967741935483871,0.9572316234796404,0.9287211740041929,0.9509803921568627,0,0,0,0,0
gmm_PE,gmm,PE,47,phone_M1.wav,122.47693293792135,16.95265840357317,233,0.9887365093602711,0.9086809736498225,0.43103448275862066,0.776150655256238,1.2230670620786555,0.15265840357317018,231,60,2,13,0.9467213114754098,0.967741935483871,0.9572316234796404,0.9287211740041929,0.9509803921568627,0,0,0,0,0
logistic_Z,logistic,Z,11,phone_M1.wav,123.63127575811941,21.880591069767686,238,0.05555718826239936,30.241613510521933,2.586206896551724,10.961125865112018,0.06872424188058801,5.080591069767685,236,60,2,8,0.9672131147540983,0.967741935483871,0.9674775251189847,0.951165017555059,0.9673202614379085,0,5,5,0,0
logistic_Z,logistic,Z,29,phone_M1.wav,123.63127575811941,21.880591069767686,238,0.05555718826239936,30.241613510521933,2.586206896551724,10.961125865112018,0.06872424188058801,5.080591069767685,236,60,2,8,0.9672131147540983,0.967741935483871,0.9674775251189847,0.951165017555059,0.9673202614379085,0,5,5,0,0
logistic_Z,logistic,Z,47,phone_M1.wav,123.63127575811941,21.880591069767686,238,0.05555718826239936,30.241613510521933,2.586206896551724,10.961125865112018,0.06872424188058801,5.080591069767685,236,60,2,8,0.9672131147540983,0.967741935483871,0.9674775251189847,0.951165017555059,0.9673202614379085,0,5,5,0,0
svm_Z,svm,Z,11,phone_M1.wav,123.63127575811941,21.880591069767686,238,0.05555718826239936,30.241613510521933,2.586206896551724,10.961125865112018,0.06872424188058801,5.080591069767685,236,60,2,8,0.9672131147540983,0.967741935483871,0.9674775251189847,0.951165017555059,0.9673202614379085,0,5,5,0,0
svm_Z,svm,Z,29,phone_M1.wav,123.63127575811941,21.880591069767686,238,0.05555718826239936,30.241613510521933,2.586206896551724,10.961125865112018,0.06872424188058801,5.080591069767685,236,60,2,8,0.9672131147540983,0.967741935483871,0.9674775251189847,0.951165017555059,0.9673202614379085,0,5,5,0,0
svm_Z,svm,Z,47,phone_M1.wav,123.63127575811941,21.880591069767686,238,0.05555718826239936,30.241613510521933,2.586206896551724,10.961125865112018,0.06872424188058801,5.080591069767685,236,60,2,8,0.9672131147540983,0.967741935483871,0.9674775251189847,0.951165017555059,0.9673202614379085,0,5,5,0,0
knn_Z,knn,Z,11,phone_M1.wav,123.68331333134199,21.84952097606125,239,0.013489627047704702,30.05667247655505,3.0172413793103448,11.029134494304365,0.016686668658010717,5.049520976061249,236,59,3,8,0.9672131147540983,0.9516129032258065,0.9594130089899524,0.9459771775241947,0.9640522875816994,0,6,5,1,0
knn_Z,knn,Z,29,phone_M1.wav,123.68331333134199,21.84952097606125,239,0.013489627047704702,30.05667247655505,3.0172413793103448,11.029134494304365,0.016686668658010717,5.049520976061249,236,59,3,8,0.9672131147540983,0.9516129032258065,0.9594130089899524,0.9459771775241947,0.9640522875816994,0,6,5,1,0
knn_Z,knn,Z,47,phone_M1.wav,123.68331333134199,21.84952097606125,239,0.013489627047704702,30.05667247655505,3.0172413793103448,11.029134494304365,0.016686668658010717,5.049520976061249,236,59,3,8,0.9672131147540983,0.9516129032258065,0.9594130089899524,0.9459771775241947,0.9640522875816994,0,6,5,1,0
rf_Z,rf,Z,11,phone_M1.wav,123.63127575811941,21.880591069767686,238,0.05555718826239936,30.241613510521933,2.586206896551724,10.961125865112018,0.06872424188058801,5.080591069767685,236,60,2,8,0.9672131147540983,0.967741935483871,0.9674775251189847,0.951165017555059,0.9673202614379085,0,5,5,0,0
rf_Z,rf,Z,29,phone_M1.wav,123.63127575811941,21.880591069767686,238,0.05555718826239936,30.241613510521933,2.586206896551724,10.961125865112018,0.06872424188058801,5.080591069767685,236,60,2,8,0.9672131147540983,0.967741935483871,0.9674775251189847,0.951165017555059,0.9673202614379085,0,5,5,0,0
rf_Z,rf,Z,47,phone_M1.wav,123.63127575811941,21.880591069767686,238,0.05555718826239936,30.241613510521933,2.586206896551724,10.961125865112018,0.06872424188058801,5.080591069767685,236,60,2,8,0.9672131147540983,0.967741935483871,0.9674775251189847,0.951165017555059,0.9673202614379085,0,5,5,0,0
gmm_Z,gmm,Z,11,phone_M1.wav,124.03314584354112,21.581595236911866,248,0.26931757764035397,28.461876410189674,6.896551724137931,11.875915237322653,0.33314584354111787,4.7815952369118655,236,51,11,8,0.9672131147540983,0.8225806451612904,0.8948968799576944,0.9021393344666813,0.9379084967320261,1,15,5,9,1
gmm_Z,gmm,Z,29,phone_M1.wav,124.03314584354112,21.581595236911866,248,0.26931757764035397,28.461876410189674,6.896551724137931,11.875915237322653,0.33314584354111787,4.7815952369118655,236,51,11,8,0.9672131147540983,0.8225806451612904,0.8948968799576944,0.9021393344666813,0.9379084967320261,1,15,5,9,1
gmm_Z,gmm,Z,47,phone_M1.wav,124.03314584354112,21.581595236911866,248,0.26931757764035397,28.461876410189674,6.896551724137931,11.875915237322653,0.33314584354111787,4.7815952369118655,236,51,11,8,0.9672131147540983,0.8225806451612904,0.8948968799576944,0.9021393344666813,0.9379084967320261,1,15,5,9,1
logistic_PZ,logistic,PZ,11,phone_M1.wav,123.71237089538806,20.066934623717195,239,0.010000723838366586,19.44603942688806,3.0172413793103448,7.491093843345591,0.012370895388059466,3.2669346237171943,233,56,6,11,0.9549180327868853,0.9032258064516129,0.9290719196192491,0.9165101834464827,0.9444444444444444,0,6,2,4,0
logistic_PZ,logistic,PZ,29,phone_M1.wav,123.71237089538806,20.066934623717195,239,0.010000723838366586,19.44603942688806,3.0172413793103448,7.491093843345591,0.012370895388059466,3.2669346237171943,233,56,6,11,0.9549180327868853,0.9032258064516129,0.9290719196192491,0.9165101834464827,0.9444444444444444,0,6,2,4,0
logistic_PZ,logistic,PZ,47,phone_M1.wav,123.71237089538806,20.066934623717195,239,0.010000723838366586,19.44603942688806,3.0172413793103448,7.491093843345591,0.012370895388059466,3.2669346237171943,233,56,6,11,0.9549180327868853,0.9032258064516129,0.9290719196192491,0.9165101834464827,0.9444444444444444,0,6,2,4,0
svm_PZ,svm,PZ,11,phone_M1.wav,123.03612500492194,18.5574781202593,235,0.5366814834907524,10.461179287257739,1.293103448275862,4.096988073008117,0.6638749950780607,1.7574781202593002,232,59,3,12,0.9508196721311475,0.9516129032258065,0.951216287678477,0.9279514025146374,0.9509803921568627,0,2,1,1,0
svm_PZ,svm,PZ,29,phone_M1.wav,123.03612500492194,18.5574781202593,235,0.5366814834907524,10.461179287257739,1.293103448275862,4.096988073008117,0.6638749950780607,1.7574781202593002,232,59,3,12,0.9508196721311475,0.9516129032258065,0.951216287678477,0.9279514025146374,0.9509803921568627,0,2,1,1,0
svm_PZ,svm,PZ,47,phone_M1.wav,123.03612500492194,18.5574781202593,235,0.5366814834907524,10.461179287257739,1.293103448275862,4.096988073008117,0.6638749950780607,1.7574781202593002,232,59,3,12,0.9508196721311475,0.9516129032258065,0.951216287678477,0.9279514025146374,0.9509803921568627,0,2,1,1,0
knn_PZ,knn,PZ,11,phone_M1.wav,123.20176877969976,18.459627156355182,240,0.40277382400989553,9.87873307354275,3.4482758620689653,4.576594253207204,0.4982312203002408,1.6596271563551817,232,55,7,12,0.9508196721311475,0.8870967741935484,0.9189582231623479,0.9066878520872454,0.9379084967320261,1,7,1,5,1
knn_PZ,knn,PZ,29,phone_M1.wav,123.20176877969976,18.459627156355182,240,0.40277382400989553,9.87873307354275,3.4482758620689653,4.576594253207204,0.4982312203002408,1.6596271563551817,232,55,7,12,0.9508196721311475,0.8870967741935484,0.9189582231623479,0.9066878520872454,0.9379084967320261,1,7,1,5,1
knn_PZ,knn,PZ,47,phone_M1.wav,123.20176877969976,18.459627156355182,240,0.40277382400989553,9.87873307354275,3.4482758620689653,4.576594253207204,0.4982312203002408,1.6596271563551817,232,55,7,12,0.9508196721311475,0.8870967741935484,0.9189582231623479,0.9066878520872454,0.9379084967320261,1,7,1,5,1
rf_PZ,rf,PZ,11,phone_M1.wav,123.03612500492194,18.5574781202593,235,0.5366814834907524,10.461179287257739,1.293103448275862,4.096988073008117,0.6638749950780607,1.7574781202593002,232,59,3,12,0.9508196721311475,0.9516129032258065,0.951216287678477,0.9279514025146374,0.9509803921568627,0,2,1,1,0
rf_PZ,rf,PZ,29,phone_M1.wav,123.03612500492194,18.5574781202593,235,0.5366814834907524,10.461179287257739,1.293103448275862,4.096988073008117,0.6638749950780607,1.7574781202593002,232,59,3,12,0.9508196721311475,0.9516129032258065,0.951216287678477,0.9279514025146374,0.9509803921568627,0,2,1,1,0
rf_PZ,rf,PZ,47,phone_M1.wav,123.03612500492194,18.5574781202593,235,0.5366814834907524,10.461179287257739,1.293103448275862,4.096988073008117,0.6638749950780607,1.7574781202593002,232,59,3,12,0.9508196721311475,0.9516129032258065,0.951216287678477,0.9279514025146374,0.9509803921568627,0,2,1,1,0
gmm_PZ,gmm,PZ,11,phone_M1.wav,122.47693293792135,16.95265840357317,233,0.9887365093602711,0.9086809736498225,0.43103448275862066,0.776150655256238,1.2230670620786555,0.15265840357317018,231,60,2,13,0.9467213114754098,0.967741935483871,0.9572316234796404,0.9287211740041929,0.9509803921568627,0,0,0,0,0
gmm_PZ,gmm,PZ,29,phone_M1.wav,122.47693293792135,16.95265840357317,233,0.9887365093602711,0.9086809736498225,0.43103448275862066,0.776150655256238,1.2230670620786555,0.15265840357317018,231,60,2,13,0.9467213114754098,0.967741935483871,0.9572316234796404,0.9287211740041929,0.9509803921568627,0,0,0,0,0
gmm_PZ,gmm,PZ,47,phone_M1.wav,122.47693293792135,16.95265840357317,233,0.9887365093602711,0.9086809736498225,0.43103448275862066,0.776150655256238,1.2230670620786555,0.15265840357317018,231,60,2,13,0.9467213114754098,0.967741935483871,0.9572316234796404,0.9287211740041929,0.9509803921568627,0,0,0,0,0
logistic_EZ,logistic,EZ,11,phone_M1.wav,123.63127575811941,21.880591069767686,238,0.05555718826239936,30.241613510521933,2.586206896551724,10.961125865112018,0.06872424188058801,5.080591069767685,236,60,2,8,0.9672131147540983,0.967741935483871,0.9674775251189847,0.951165017555059,0.9673202614379085,0,5,5,0,0
logistic_EZ,logistic,EZ,29,phone_M1.wav,123.63127575811941,21.880591069767686,238,0.05555718826239936,30.241613510521933,2.586206896551724,10.961125865112018,0.06872424188058801,5.080591069767685,236,60,2,8,0.9672131147540983,0.967741935483871,0.9674775251189847,0.951165017555059,0.9673202614379085,0,5,5,0,0
logistic_EZ,logistic,EZ,47,phone_M1.wav,123.63127575811941,21.880591069767686,238,0.05555718826239936,30.241613510521933,2.586206896551724,10.961125865112018,0.06872424188058801,5.080591069767685,236,60,2,8,0.9672131147540983,0.967741935483871,0.9674775251189847,0.951165017555059,0.9673202614379085,0,5,5,0,0
svm_EZ,svm,EZ,11,phone_M1.wav,123.63127575811941,21.880591069767686,238,0.05555718826239936,30.241613510521933,2.586206896551724,10.961125865112018,0.06872424188058801,5.080591069767685,236,60,2,8,0.9672131147540983,0.967741935483871,0.9674775251189847,0.951165017555059,0.9673202614379085,0,5,5,0,0
svm_EZ,svm,EZ,29,phone_M1.wav,123.63127575811941,21.880591069767686,238,0.05555718826239936,30.241613510521933,2.586206896551724,10.961125865112018,0.06872424188058801,5.080591069767685,236,60,2,8,0.9672131147540983,0.967741935483871,0.9674775251189847,0.951165017555059,0.9673202614379085,0,5,5,0,0
svm_EZ,svm,EZ,47,phone_M1.wav,123.63127575811941,21.880591069767686,238,0.05555718826239936,30.241613510521933,2.586206896551724,10.961125865112018,0.06872424188058801,5.080591069767685,236,60,2,8,0.9672131147540983,0.967741935483871,0.9674775251189847,0.951165017555059,0.9673202614379085,0,5,5,0,0
knn_EZ,knn,EZ,11,phone_M1.wav,123.63127575811941,21.880591069767686,238,0.05555718826239936,30.241613510521933,2.586206896551724,10.961125865112018,0.06872424188058801,5.080591069767685,236,60,2,8,0.9672131147540983,0.967741935483871,0.9674775251189847,0.951165017555059,0.9673202614379085,0,5,5,0,0
knn_EZ,knn,EZ,29,phone_M1.wav,123.63127575811941,21.880591069767686,238,0.05555718826239936,30.241613510521933,2.586206896551724,10.961125865112018,0.06872424188058801,5.080591069767685,236,60,2,8,0.9672131147540983,0.967741935483871,0.9674775251189847,0.951165017555059,0.9673202614379085,0,5,5,0,0
knn_EZ,knn,EZ,47,phone_M1.wav,123.63127575811941,21.880591069767686,238,0.05555718826239936,30.241613510521933,2.586206896551724,10.961125865112018,0.06872424188058801,5.080591069767685,236,60,2,8,0.9672131147540983,0.967741935483871,0.9674775251189847,0.951165017555059,0.9673202614379085,0,5,5,0,0
rf_EZ,rf,EZ,11,phone_M1.wav,123.63127575811941,21.880591069767686,238,0.05555718826239936,30.241613510521933,2.586206896551724,10.961125865112018,0.06872424188058801,5.080591069767685,236,60,2,8,0.9672131147540983,0.967741935483871,0.9674775251189847,0.951165017555059,0.9673202614379085,0,5,5,0,0
rf_EZ,rf,EZ,29,phone_M1.wav,123.63127575811941,21.880591069767686,238,0.05555718826239936,30.241613510521933,2.586206896551724,10.961125865112018,0.06872424188058801,5.080591069767685,236,60,2,8,0.9672131147540983,0.967741935483871,0.9674775251189847,0.951165017555059,0.9673202614379085,0,5,5,0,0
rf_EZ,rf,EZ,47,phone_M1.wav,123.63127575811941,21.880591069767686,238,0.05555718826239936,30.241613510521933,2.586206896551724,10.961125865112018,0.06872424188058801,5.080591069767685,236,60,2,8,0.9672131147540983,0.967741935483871,0.9674775251189847,0.951165017555059,0.9673202614379085,0,5,5,0,0
gmm_EZ,gmm,EZ,11,phone_M1.wav,123.63127575811941,21.880591069767686,238,0.05555718826239936,30.241613510521933,2.586206896551724,10.961125865112018,0.06872424188058801,5.080591069767685,236,60,2,8,0.9672131147540983,0.967741935483871,0.9674775251189847,0.951165017555059,0.9673202614379085,0,5,5,0,0
gmm_EZ,gmm,EZ,29,phone_M1.wav,123.63127575811941,21.880591069767686,238,0.05555718826239936,30.241613510521933,2.586206896551724,10.961125865112018,0.06872424188058801,5.080591069767685,236,60,2,8,0.9672131147540983,0.967741935483871,0.9674775251189847,0.951165017555059,0.9673202614379085,0,5,5,0,0
gmm_EZ,gmm,EZ,47,phone_M1.wav,123.63127575811941,21.880591069767686,238,0.05555718826239936,30.241613510521933,2.586206896551724,10.961125865112018,0.06872424188058801,5.080591069767685,236,60,2,8,0.9672131147540983,0.967741935483871,0.9674775251189847,0.951165017555059,0.9673202614379085,0,5,5,0,0
logistic_PEZ,logistic,PEZ,11,phone_M1.wav,123.68382972550359,21.84981513361246,239,0.013072170166869354,30.058423414359872,3.0172413793103448,11.029578987945696,0.01617027449641739,5.049815133612459,236,59,3,8,0.9672131147540983,0.9516129032258065,0.9594130089899524,0.9459771775241947,0.9640522875816994,0,6,5,1,0
logistic_PEZ,logistic,PEZ,29,phone_M1.wav,123.68382972550359,21.84981513361246,239,0.013072170166869354,30.058423414359872,3.0172413793103448,11.029578987945696,0.01617027449641739,5.049815133612459,236,59,3,8,0.9672131147540983,0.9516129032258065,0.9594130089899524,0.9459771775241947,0.9640522875816994,0,6,5,1,0
logistic_PEZ,logistic,PEZ,47,phone_M1.wav,123.68382972550359,21.84981513361246,239,0.013072170166869354,30.058423414359872,3.0172413793103448,11.029578987945696,0.01617027449641739,5.049815133612459,236,59,3,8,0.9672131147540983,0.9516129032258065,0.9594130089899524,0.9459771775241947,0.9640522875816994,0,6,5,1,0
svm_PEZ,svm,PEZ,11,phone_M1.wav,123.68382972550359,21.84981513361246,239,0.013072170166869354,30.058423414359872,3.0172413793103448,11.029578987945696,0.01617027449641739,5.049815133612459,236,59,3,8,0.9672131147540983,0.9516129032258065,0.9594130089899524,0.9459771775241947,0.9640522875816994,0,6,5,1,0
svm_PEZ,svm,PEZ,29,phone_M1.wav,123.68382972550359,21.84981513361246,239,0.013072170166869354,30.058423414359872,3.0172413793103448,11.029578987945696,0.01617027449641739,5.049815133612459,236,59,3,8,0.9672131147540983,0.9516129032258065,0.9594130089899524,0.9459771775241947,0.9640522875816994,0,6,5,1,0
svm_PEZ,svm,PEZ,47,phone_M1.wav,123.68382972550359,21.84981513361246,239,0.013072170166869354,30.058423414359872,3.0172413793103448,11.029578987945696,0.01617027449641739,5.049815133612459,236,59,3,8,0.9672131147540983,0.9516129032258065,0.9594130089899524,0.9459771775241947,0.9640522875816994,0,6,5,1,0
knn_PEZ,knn,PEZ,11,phone_M1.wav,123.57488203946107,21.852093364090297,239,0.10114628984553731,30.07198431006129,3.0172413793103448,11.063457326405723,0.12511796053892965,5.052093364090297,236,60,2,8,0.9672131147540983,0.967741935483871,0.9674775251189847,0.951165017555059,0.9673202614379085,1,6,5,0,1
knn_PEZ,knn,PEZ,29,phone_M1.wav,123.57488203946107,21.852093364090297,239,0.10114628984553731,30.07198431006129,3.0172413793103448,11.063457326405723,0.12511796053892965,5.052093364090297,236,60,2,8,0.9672131147540983,0.967741935483871,0.9674775251189847,0.951165017555059,0.9673202614379085,1,6,5,0,1
knn_PEZ,knn,PEZ,47,phone_M1.wav,123.57488203946107,21.852093364090297,239,0.10114628984553731,30.07198431006129,3.0172413793103448,11.063457326405723,0.12511796053892965,5.052093364090297,236,60,2,8,0.9672131147540983,0.967741935483871,0.9674775251189847,0.951165017555059,0.9673202614379085,1,6,5,0,1
rf_PEZ,rf,PEZ,11,phone_M1.wav,123.68382972550359,21.84981513361246,239,0.013072170166869354,30.058423414359872,3.0172413793103448,11.029578987945696,0.01617027449641739,5.049815133612459,236,59,3,8,0.9672131147540983,0.9516129032258065,0.9594130089899524,0.9459771775241947,0.9640522875816994,0,6,5,1,0
rf_PEZ,rf,PEZ,29,phone_M1.wav,123.68382972550359,21.84981513361246,239,0.013072170166869354,30.058423414359872,3.0172413793103448,11.029578987945696,0.01617027449641739,5.049815133612459,236,59,3,8,0.9672131147540983,0.9516129032258065,0.9594130089899524,0.9459771775241947,0.9640522875816994,0,6,5,1,0
rf_PEZ,rf,PEZ,47,phone_M1.wav,123.68382972550359,21.84981513361246,239,0.013072170166869354,30.058423414359872,3.0172413793103448,11.029578987945696,0.01617027449641739,5.049815133612459,236,59,3,8,0.9672131147540983,0.9516129032258065,0.9594130089899524,0.9459771775241947,0.9640522875816994,0,6,5,1,0
gmm_PEZ,gmm,PEZ,11,phone_M1.wav,122.47693293792135,16.95265840357317,233,0.9887365093602711,0.9086809736498225,0.43103448275862066,0.776150655256238,1.2230670620786555,0.15265840357317018,231,60,2,13,0.9467213114754098,0.967741935483871,0.9572316234796404,0.9287211740041929,0.9509803921568627,0,0,0,0,0
gmm_PEZ,gmm,PEZ,29,phone_M1.wav,122.47693293792135,16.95265840357317,233,0.9887365093602711,0.9086809736498225,0.43103448275862066,0.776150655256238,1.2230670620786555,0.15265840357317018,231,60,2,13,0.9467213114754098,0.967741935483871,0.9572316234796404,0.9287211740041929,0.9509803921568627,0,0,0,0,0
gmm_PEZ,gmm,PEZ,47,phone_M1.wav,122.47693293792135,16.95265840357317,233,0.9887365093602711,0.9086809736498225,0.43103448275862066,0.776150655256238,1.2230670620786555,0.15265840357317018,231,60,2,13,0.9467213114754098,0.967741935483871,0.9572316234796404,0.9287211740041929,0.9509803921568627,0,0,0,0,0
logistic_S,logistic,S,11,phone_M1.wav,124.03888551765203,21.6364708144063,246,0.2739575728795723,28.788516752418456,6.0344827586206895,11.698985694639573,0.3388855176520309,4.836470814406301,236,52,10,8,0.9672131147540983,0.8387096774193549,0.9029613960867267,0.9078621612579458,0.9411764705882353,0,13,5,8,0
logistic_S,logistic,S,29,phone_M1.wav,124.03888551765203,21.6364708144063,246,0.2739575728795723,28.788516752418456,6.0344827586206895,11.698985694639573,0.3388855176520309,4.836470814406301,236,52,10,8,0.9672131147540983,0.8387096774193549,0.9029613960867267,0.9078621612579458,0.9411764705882353,0,13,5,8,0
logistic_S,logistic,S,47,phone_M1.wav,124.03888551765203,21.6364708144063,246,0.2739575728795723,28.788516752418456,6.0344827586206895,11.698985694639573,0.3388855176520309,4.836470814406301,236,52,10,8,0.9672131147540983,0.8387096774193549,0.9029613960867267,0.9078621612579458,0.9411764705882353,0,13,5,8,0
svm_S,svm,S,11,phone_M1.wav,123.83927892900827,21.75827931703249,242,0.11259412207620884,29.513567363288622,4.310344827586207,11.31216877098368,0.13927892900827032,4.958279317032488,236,56,6,8,0.9672131147540983,0.9032258064516129,0.9352194606028557,0.9300411522633745,0.954248366013072,0,9,5,4,0
svm_S,svm,S,29,phone_M1.wav,123.83927892900827,21.75827931703249,242,0.11259412207620884,29.513567363288622,4.310344827586207,11.31216877098368,0.13927892900827032,4.958279317032488,236,56,6,8,0.9672131147540983,0.9032258064516129,0.9352194606028557,0.9300411522633745,0.954248366013072,0,9,5,4,0
svm_S,svm,S,47,phone_M1.wav,123.83927892900827,21.75827931703249,242,0.11259412207620884,29.513567363288622,4.310344827586207,11.31216877098368,0.13927892900827032,4.958279317032488,236,56,6,8,0.9672131147540983,0.9032258064516129,0.9352194606028557,0.9300411522633745,0.954248366013072,0,9,5,4,0
knn_S,knn,S,11,phone_M1.wav,123.68555681740477,21.850820023135494,239,0.011675976228964904,30.06440489961603,3.0172413793103448,11.031107418385112,0.014443182595229587,5.050820023135493,236,59,3,8,0.9672131147540983,0.9516129032258065,0.9594130089899524,0.9459771775241947,0.9640522875816994,0,6,5,1,0
knn_S,knn,S,29,phone_M1.wav,123.68555681740477,21.850820023135494,239,0.011675976228964904,30.06440489961603,3.0172413793103448,11.031107418385112,0.014443182595229587,5.050820023135493,236,59,3,8,0.9672131147540983,0.9516129032258065,0.9594130089899524,0.9459771775241947,0.9640522875816994,0,6,5,1,0
knn_S,knn,S,47,phone_M1.wav,123.68555681740477,21.850820023135494,239,0.011675976228964904,30.06440489961603,3.0172413793103448,11.031107418385112,0.014443182595229587,5.050820023135493,236,59,3,8,0.9672131147540983,0.9516129032258065,0.9594130089899524,0.9459771775241947,0.9640522875816994,0,6,5,1,0
rf_S,rf,S,11,phone_M1.wav,123.68331333134199,21.84952097606125,239,0.013489627047704702,30.05667247655505,3.0172413793103448,11.029134494304365,0.016686668658010717,5.049520976061249,236,59,3,8,0.9672131147540983,0.9516129032258065,0.9594130089899524,0.9459771775241947,0.9640522875816994,0,6,5,1,0
rf_S,rf,S,29,phone_M1.wav,123.68382972550359,21.84981513361246,239,0.013072170166869354,30.058423414359872,3.0172413793103448,11.029578987945696,0.01617027449641739,5.049815133612459,236,59,3,8,0.9672131147540983,0.9516129032258065,0.9594130089899524,0.9459771775241947,0.9640522875816994,0,6,5,1,0
rf_S,rf,S,47,phone_M1.wav,123.73476117254899,21.818459238832016,240,0.028101190419549473,29.8717811835239,3.4482758620689653,11.116052745337472,0.0347611725489827,5.0184592388320155,236,58,4,8,0.9672131147540983,0.9354838709677419,0.9513484928609202,0.9407283057851239,0.9607843137254902,0,7,5,2,0
gmm_S,gmm,S,11,phone_M1.wav,123.98940963439306,21.666690050179238,245,0.233960900883632,28.968393155828792,5.603448275862069,11.601934110858165,0.2894096343930528,4.866690050179237,236,53,9,8,0.9672131147540983,0.8548387096774194,0.9110259122157589,0.9135118958551549,0.9444444444444444,0,12,5,7,0
gmm_S,gmm,S,29,phone_M1.wav,123.98940963439306,21.666690050179238,245,0.233960900883632,28.968393155828792,5.603448275862069,11.601934110858165,0.2894096343930528,4.866690050179237,236,53,9,8,0.9672131147540983,0.8548387096774194,0.9110259122157589,0.9135118958551549,0.9444444444444444,0,12,5,7,0
gmm_S,gmm,S,47,phone_M1.wav,123.98940963439306,21.666690050179238,245,0.233960900883632,28.968393155828792,5.603448275862069,11.601934110858165,0.2894096343930528,4.866690050179237,236,53,9,8,0.9672131147540983,0.8548387096774194,0.9110259122157589,0.9135118958551549,0.9444444444444444,0,12,5,7,0
logistic_PS,logistic,PS,11,phone_M1.wav,123.76423800380772,20.041132232367293,240,0.05193048003857428,19.29245376409102,3.4482758620689653,7.597553368732854,0.06423800380771638,3.241132232367292,233,55,7,11,0.9549180327868853,0.8870967741935484,0.9210074034902168,0.911092458677686,0.9411764705882353,0,7,2,5,0
logistic_PS,logistic,PS,29,phone_M1.wav,123.76423800380772,20.041132232367293,240,0.05193048003857428,19.29245376409102,3.4482758620689653,7.597553368732854,0.06423800380771638,3.241132232367292,233,55,7,11,0.9549180327868853,0.8870967741935484,0.9210074034902168,0.911092458677686,0.9411764705882353,0,7,2,5,0
logistic_PS,logistic,PS,47,phone_M1.wav,123.76423800380772,20.041132232367293,240,0.05193048003857428,19.29245376409102,3.4482758620689653,7.597553368732854,0.06423800380771638,3.241132232367292,233,55,7,11,0.9549180327868853,0.8870967741935484,0.9210074034902168,0.911092458677686,0.9411764705882353,0,7,2,5,0
svm_PS,svm,PS,11,phone_M1.wav,123.76423800380772,20.041132232367293,240,0.05193048003857428,19.29245376409102,3.4482758620689653,7.597553368732854,0.06423800380771638,3.241132232367292,233,55,7,11,0.9549180327868853,0.8870967741935484,0.9210074034902168,0.911092458677686,0.9411764705882353,0,7,2,5,0
svm_PS,svm,PS,29,phone_M1.wav,123.76423800380772,20.041132232367293,240,0.05193048003857428,19.29245376409102,3.4482758620689653,7.597553368732854,0.06423800380771638,3.241132232367292,233,55,7,11,0.9549180327868853,0.8870967741935484,0.9210074034902168,0.911092458677686,0.9411764705882353,0,7,2,5,0
svm_PS,svm,PS,47,phone_M1.wav,123.76423800380772,20.041132232367293,240,0.05193048003857428,19.29245376409102,3.4482758620689653,7.597553368732854,0.06423800380771638,3.241132232367292,233,55,7,11,0.9549180327868853,0.8870967741935484,0.9210074034902168,0.911092458677686,0.9411764705882353,0,7,2,5,0
knn_PS,knn,PS,11,phone_M1.wav,123.35744718275006,20.420756154606636,243,0.27692224514950553,21.552119967896637,4.741379310344827,8.856807174463656,0.34255281724993836,3.620756154606635,235,55,7,9,0.9631147540983607,0.8870967741935484,0.9251057641459546,0.9200470311581423,0.9477124183006536,1,10,4,5,1
knn_PS,knn,PS,29,phone_M1.wav,123.35744718275006,20.420756154606636,243,0.27692224514950553,21.552119967896637,4.741379310344827,8.856807174463656,0.34255281724993836,3.620756154606635,235,55,7,9,0.9631147540983607,0.8870967741935484,0.9251057641459546,0.9200470311581423,0.9477124183006536,1,10,4,5,1
knn_PS,knn,PS,47,phone_M1.wav,123.35744718275006,20.420756154606636,243,0.27692224514950553,21.552119967896637,4.741379310344827,8.856807174463656,0.34255281724993836,3.620756154606635,235,55,7,9,0.9631147540983607,0.8870967741935484,0.9251057641459546,0.9200470311581423,0.9477124183006536,1,10,4,5,1
rf_PS,rf,PS,11,phone_M1.wav,123.68382972550359,21.84981513361246,239,0.013072170166869354,30.058423414359872,3.0172413793103448,11.029578987945696,0.01617027449641739,5.049815133612459,236,59,3,8,0.9672131147540983,0.9516129032258065,0.9594130089899524,0.9459771775241947,0.9640522875816994,0,6,5,1,0
rf_PS,rf,PS,29,phone_M1.wav,123.68382972550359,21.84981513361246,239,0.013072170166869354,30.058423414359872,3.0172413793103448,11.029578987945696,0.01617027449641739,5.049815133612459,236,59,3,8,0.9672131147540983,0.9516129032258065,0.9594130089899524,0.9459771775241947,0.9640522875816994,0,6,5,1,0
rf_PS,rf,PS,47,phone_M1.wav,123.68382972550359,21.84981513361246,239,0.013072170166869354,30.058423414359872,3.0172413793103448,11.029578987945696,0.01617027449641739,5.049815133612459,236,59,3,8,0.9672131147540983,0.9516129032258065,0.9594130089899524,0.9459771775241947,0.9640522875816994,0,6,5,1,0
gmm_PS,gmm,PS,11,phone_M1.wav,122.47693293792135,16.95265840357317,233,0.9887365093602711,0.9086809736498225,0.43103448275862066,0.776150655256238,1.2230670620786555,0.15265840357317018,231,60,2,13,0.9467213114754098,0.967741935483871,0.9572316234796404,0.9287211740041929,0.9509803921568627,0,0,0,0,0
gmm_PS,gmm,PS,29,phone_M1.wav,122.47693293792135,16.95265840357317,233,0.9887365093602711,0.9086809736498225,0.43103448275862066,0.776150655256238,1.2230670620786555,0.15265840357317018,231,60,2,13,0.9467213114754098,0.967741935483871,0.9572316234796404,0.9287211740041929,0.9509803921568627,0,0,0,0,0
gmm_PS,gmm,PS,47,phone_M1.wav,122.47693293792135,16.95265840357317,233,0.9887365093602711,0.9086809736498225,0.43103448275862066,0.776150655256238,1.2230670620786555,0.15265840357317018,231,60,2,13,0.9467213114754098,0.967741935483871,0.9572316234796404,0.9287211740041929,0.9509803921568627,0,0,0,0,0
logistic_ES,logistic,ES,11,phone_M1.wav,123.63127575811941,21.880591069767686,238,0.05555718826239936,30.241613510521933,2.586206896551724,10.961125865112018,0.06872424188058801,5.080591069767685,236,60,2,8,0.9672131147540983,0.967741935483871,0.9674775251189847,0.951165017555059,0.9673202614379085,0,5,5,0,0
logistic_ES,logistic,ES,29,phone_M1.wav,123.63127575811941,21.880591069767686,238,0.05555718826239936,30.241613510521933,2.586206896551724,10.961125865112018,0.06872424188058801,5.080591069767685,236,60,2,8,0.9672131147540983,0.967741935483871,0.9674775251189847,0.951165017555059,0.9673202614379085,0,5,5,0,0
logistic_ES,logistic,ES,47,phone_M1.wav,123.63127575811941,21.880591069767686,238,0.05555718826239936,30.241613510521933,2.586206896551724,10.961125865112018,0.06872424188058801,5.080591069767685,236,60,2,8,0.9672131147540983,0.967741935483871,0.9674775251189847,0.951165017555059,0.9673202614379085,0,5,5,0,0
svm_ES,svm,ES,11,phone_M1.wav,123.63127575811941,21.880591069767686,238,0.05555718826239936,30.241613510521933,2.586206896551724,10.961125865112018,0.06872424188058801,5.080591069767685,236,60,2,8,0.9672131147540983,0.967741935483871,0.9674775251189847,0.951165017555059,0.9673202614379085,0,5,5,0,0
svm_ES,svm,ES,29,phone_M1.wav,123.63127575811941,21.880591069767686,238,0.05555718826239936,30.241613510521933,2.586206896551724,10.961125865112018,0.06872424188058801,5.080591069767685,236,60,2,8,0.9672131147540983,0.967741935483871,0.9674775251189847,0.951165017555059,0.9673202614379085,0,5,5,0,0
svm_ES,svm,ES,47,phone_M1.wav,123.63127575811941,21.880591069767686,238,0.05555718826239936,30.241613510521933,2.586206896551724,10.961125865112018,0.06872424188058801,5.080591069767685,236,60,2,8,0.9672131147540983,0.967741935483871,0.9674775251189847,0.951165017555059,0.9673202614379085,0,5,5,0,0
knn_ES,knn,ES,11,phone_M1.wav,123.63127575811941,21.880591069767686,238,0.05555718826239936,30.241613510521933,2.586206896551724,10.961125865112018,0.06872424188058801,5.080591069767685,236,60,2,8,0.9672131147540983,0.967741935483871,0.9674775251189847,0.951165017555059,0.9673202614379085,0,5,5,0,0
knn_ES,knn,ES,29,phone_M1.wav,123.63127575811941,21.880591069767686,238,0.05555718826239936,30.241613510521933,2.586206896551724,10.961125865112018,0.06872424188058801,5.080591069767685,236,60,2,8,0.9672131147540983,0.967741935483871,0.9674775251189847,0.951165017555059,0.9673202614379085,0,5,5,0,0
knn_ES,knn,ES,47,phone_M1.wav,123.63127575811941,21.880591069767686,238,0.05555718826239936,30.241613510521933,2.586206896551724,10.961125865112018,0.06872424188058801,5.080591069767685,236,60,2,8,0.9672131147540983,0.967741935483871,0.9674775251189847,0.951165017555059,0.9673202614379085,0,5,5,0,0
rf_ES,rf,ES,11,phone_M1.wav,123.63127575811941,21.880591069767686,238,0.05555718826239936,30.241613510521933,2.586206896551724,10.961125865112018,0.06872424188058801,5.080591069767685,236,60,2,8,0.9672131147540983,0.967741935483871,0.9674775251189847,0.951165017555059,0.9673202614379085,0,5,5,0,0
rf_ES,rf,ES,29,phone_M1.wav,123.63127575811941,21.880591069767686,238,0.05555718826239936,30.241613510521933,2.586206896551724,10.961125865112018,0.06872424188058801,5.080591069767685,236,60,2,8,0.9672131147540983,0.967741935483871,0.9674775251189847,0.951165017555059,0.9673202614379085,0,5,5,0,0
rf_ES,rf,ES,47,phone_M1.wav,123.63127575811941,21.880591069767686,238,0.05555718826239936,30.241613510521933,2.586206896551724,10.961125865112018,0.06872424188058801,5.080591069767685,236,60,2,8,0.9672131147540983,0.967741935483871,0.9674775251189847,0.951165017555059,0.9673202614379085,0,5,5,0,0
gmm_ES,gmm,ES,11,phone_M1.wav,123.63127575811941,21.880591069767686,238,0.05555718826239936,30.241613510521933,2.586206896551724,10.961125865112018,0.06872424188058801,5.080591069767685,236,60,2,8,0.9672131147540983,0.967741935483871,0.9674775251189847,0.951165017555059,0.9673202614379085,0,5,5,0,0
gmm_ES,gmm,ES,29,phone_M1.wav,123.63127575811941,21.880591069767686,238,0.05555718826239936,30.241613510521933,2.586206896551724,10.961125865112018,0.06872424188058801,5.080591069767685,236,60,2,8,0.9672131147540983,0.967741935483871,0.9674775251189847,0.951165017555059,0.9673202614379085,0,5,5,0,0
gmm_ES,gmm,ES,47,phone_M1.wav,123.63127575811941,21.880591069767686,238,0.05555718826239936,30.241613510521933,2.586206896551724,10.961125865112018,0.06872424188058801,5.080591069767685,236,60,2,8,0.9672131147540983,0.967741935483871,0.9674775251189847,0.951165017555059,0.9673202614379085,0,5,5,0,0
logistic_PES,logistic,PES,11,phone_M1.wav,123.83927892900827,21.75827931703249,242,0.11259412207620884,29.513567363288622,4.310344827586207,11.31216877098368,0.13927892900827032,4.958279317032488,236,56,6,8,0.9672131147540983,0.9032258064516129,0.9352194606028557,0.9300411522633745,0.954248366013072,0,9,5,4,0
logistic_PES,logistic,PES,29,phone_M1.wav,123.83927892900827,21.75827931703249,242,0.11259412207620884,29.513567363288622,4.310344827586207,11.31216877098368,0.13927892900827032,4.958279317032488,236,56,6,8,0.9672131147540983,0.9032258064516129,0.9352194606028557,0.9300411522633745,0.954248366013072,0,9,5,4,0
logistic_PES,logistic,PES,47,phone_M1.wav,123.83927892900827,21.75827931703249,242,0.11259412207620884,29.513567363288622,4.310344827586207,11.31216877098368,0.13927892900827032,4.958279317032488,236,56,6,8,0.9672131147540983,0.9032258064516129,0.9352194606028557,0.9300411522633745,0.954248366013072,0,9,5,4,0
svm_PES,svm,PES,11,phone_M1.wav,123.83927892900827,21.75827931703249,242,0.11259412207620884,29.513567363288622,4.310344827586207,11.31216877098368,0.13927892900827032,4.958279317032488,236,56,6,8,0.9672131147540983,0.9032258064516129,0.9352194606028557,0.9300411522633745,0.954248366013072,0,9,5,4,0
svm_PES,svm,PES,29,phone_M1.wav,123.83927892900827,21.75827931703249,242,0.11259412207620884,29.513567363288622,4.310344827586207,11.31216877098368,0.13927892900827032,4.958279317032488,236,56,6,8,0.9672131147540983,0.9032258064516129,0.9352194606028557,0.9300411522633745,0.954248366013072,0,9,5,4,0
svm_PES,svm,PES,47,phone_M1.wav,123.83927892900827,21.75827931703249,242,0.11259412207620884,29.513567363288622,4.310344827586207,11.31216877098368,0.13927892900827032,4.958279317032488,236,56,6,8,0.9672131147540983,0.9032258064516129,0.9352194606028557,0.9300411522633745,0.954248366013072,0,9,5,4,0
knn_PES,knn,PES,11,phone_M1.wav,123.83927892900827,21.75827931703249,242,0.11259412207620884,29.513567363288622,4.310344827586207,11.31216877098368,0.13927892900827032,4.958279317032488,236,56,6,8,0.9672131147540983,0.9032258064516129,0.9352194606028557,0.9300411522633745,0.954248366013072,0,9,5,4,0
knn_PES,knn,PES,29,phone_M1.wav,123.83927892900827,21.75827931703249,242,0.11259412207620884,29.513567363288622,4.310344827586207,11.31216877098368,0.13927892900827032,4.958279317032488,236,56,6,8,0.9672131147540983,0.9032258064516129,0.9352194606028557,0.9300411522633745,0.954248366013072,0,9,5,4,0
knn_PES,knn,PES,47,phone_M1.wav,123.83927892900827,21.75827931703249,242,0.11259412207620884,29.513567363288622,4.310344827586207,11.31216877098368,0.13927892900827032,4.958279317032488,236,56,6,8,0.9672131147540983,0.9032258064516129,0.9352194606028557,0.9300411522633745,0.954248366013072,0,9,5,4,0
rf_PES,rf,PES,11,phone_M1.wav,123.68382972550359,21.84981513361246,239,0.013072170166869354,30.058423414359872,3.0172413793103448,11.029578987945696,0.01617027449641739,5.049815133612459,236,59,3,8,0.9672131147540983,0.9516129032258065,0.9594130089899524,0.9459771775241947,0.9640522875816994,0,6,5,1,0
rf_PES,rf,PES,29,phone_M1.wav,123.68382972550359,21.84981513361246,239,0.013072170166869354,30.058423414359872,3.0172413793103448,11.029578987945696,0.01617027449641739,5.049815133612459,236,59,3,8,0.9672131147540983,0.9516129032258065,0.9594130089899524,0.9459771775241947,0.9640522875816994,0,6,5,1,0
rf_PES,rf,PES,47,phone_M1.wav,123.68382972550359,21.84981513361246,239,0.013072170166869354,30.058423414359872,3.0172413793103448,11.029578987945696,0.01617027449641739,5.049815133612459,236,59,3,8,0.9672131147540983,0.9516129032258065,0.9594130089899524,0.9459771775241947,0.9640522875816994,0,6,5,1,0
gmm_PES,gmm,PES,11,phone_M1.wav,122.97990471022958,18.577107794270944,234,0.5821303878499813,10.57802258494609,0.8620689655172413,4.007407312771105,0.7200952897704269,1.7771077942709432,232,60,2,12,0.9508196721311475,0.967741935483871,0.9592808038075092,0.9331168425654156,0.954248366013072,0,1,1,0,0
gmm_PES,gmm,PES,29,phone_M1.wav,122.97990471022958,18.577107794270944,234,0.5821303878499813,10.57802258494609,0.8620689655172413,4.007407312771105,0.7200952897704269,1.7771077942709432,232,60,2,12,0.9508196721311475,0.967741935483871,0.9592808038075092,0.9331168425654156,0.954248366013072,0,1,1,0,0
gmm_PES,gmm,PES,47,phone_M1.wav,122.97990471022958,18.577107794270944,234,0.5821303878499813,10.57802258494609,0.8620689655172413,4.007407312771105,0.7200952897704269,1.7771077942709432,232,60,2,12,0.9508196721311475,0.967741935483871,0.9592808038075092,0.9331168425654156,0.954248366013072,0,1,1,0,0
logistic_ZS,logistic,ZS,11,phone_M1.wav,123.7346817538373,21.81841496527852,240,0.02803698774235273,29.871517650467382,3.4482758620689653,11.115943500092902,0.03468175383729033,5.01841496527852,236,58,4,8,0.9672131147540983,0.9354838709677419,0.9513484928609202,0.9407283057851239,0.9607843137254902,0,7,5,2,0
logistic_ZS,logistic,ZS,29,phone_M1.wav,123.7346817538373,21.81841496527852,240,0.02803698774235273,29.871517650467382,3.4482758620689653,11.115943500092902,0.03468175383729033,5.01841496527852,236,58,4,8,0.9672131147540983,0.9354838709677419,0.9513484928609202,0.9407283057851239,0.9607843137254902,0,7,5,2,0
logistic_ZS,logistic,ZS,47,phone_M1.wav,123.7346817538373,21.81841496527852,240,0.02803698774235273,29.871517650467382,3.4482758620689653,11.115943500092902,0.03468175383729033,5.01841496527852,236,58,4,8,0.9672131147540983,0.9354838709677419,0.9513484928609202,0.9407283057851239,0.9607843137254902,0,7,5,2,0
svm_ZS,svm,ZS,11,phone_M1.wav,123.63127575811941,21.880591069767686,238,0.05555718826239936,30.241613510521933,2.586206896551724,10.961125865112018,0.06872424188058801,5.080591069767685,236,60,2,8,0.9672131147540983,0.967741935483871,0.9674775251189847,0.951165017555059,0.9673202614379085,0,5,5,0,0
svm_ZS,svm,ZS,29,phone_M1.wav,123.63127575811941,21.880591069767686,238,0.05555718826239936,30.241613510521933,2.586206896551724,10.961125865112018,0.06872424188058801,5.080591069767685,236,60,2,8,0.9672131147540983,0.967741935483871,0.9674775251189847,0.951165017555059,0.9673202614379085,0,5,5,0,0
svm_ZS,svm,ZS,47,phone_M1.wav,123.63127575811941,21.880591069767686,238,0.05555718826239936,30.241613510521933,2.586206896551724,10.961125865112018,0.06872424188058801,5.080591069767685,236,60,2,8,0.9672131147540983,0.967741935483871,0.9674775251189847,0.951165017555059,0.9673202614379085,0,5,5,0,0
knn_ZS,knn,ZS,11,phone_M1.wav,123.78816236655219,21.788856726008294,241,0.07127111281502256,29.695575750049365,3.8793103448275863,11.215385735897323,0.0881623665521829,4.988856726008294,236,57,5,8,0.9672131147540983,0.9193548387096774,0.9432839767318879,0.9354168357821251,0.9575163398692811,0,8,5,3,0
knn_ZS,knn,ZS,29,phone_M1.wav,123.78816236655219,21.788856726008294,241,0.07127111281502256,29.695575750049365,3.8793103448275863,11.215385735897323,0.0881623665521829,4.988856726008294,236,57,5,8,0.9672131147540983,0.9193548387096774,0.9432839767318879,0.9354168357821251,0.9575163398692811,0,8,5,3,0
knn_ZS,knn,ZS,47,phone_M1.wav,123.78816236655219,21.788856726008294,241,0.07127111281502256,29.695575750049365,3.8793103448275863,11.215385735897323,0.0881623665521829,4.988856726008294,236,57,5,8,0.9672131147540983,0.9193548387096774,0.9432839767318879,0.9354168357821251,0.9575163398692811,0,8,5,3,0
rf_ZS,rf,ZS,11,phone_M1.wav,123.68555681740477,21.850820023135494,239,0.011675976228964904,30.06440489961603,3.0172413793103448,11.031107418385112,0.014443182595229587,5.050820023135493,236,59,3,8,0.9672131147540983,0.9516129032258065,0.9594130089899524,0.9459771775241947,0.9640522875816994,0,6,5,1,0
rf_ZS,rf,ZS,29,phone_M1.wav,123.68555681740477,21.850820023135494,239,0.011675976228964904,30.06440489961603,3.0172413793103448,11.031107418385112,0.014443182595229587,5.050820023135493,236,59,3,8,0.9672131147540983,0.9516129032258065,0.9594130089899524,0.9459771775241947,0.9640522875816994,0,6,5,1,0
rf_ZS,rf,ZS,47,phone_M1.wav,123.68555681740477,21.850820023135494,239,0.011675976228964904,30.06440489961603,3.0172413793103448,11.031107418385112,0.014443182595229587,5.050820023135493,236,59,3,8,0.9672131147540983,0.9516129032258065,0.9594130089899524,0.9459771775241947,0.9640522875816994,0,6,5,1,0
gmm_ZS,gmm,ZS,11,phone_M1.wav,123.63127575811941,21.880591069767686,238,0.05555718826239936,30.241613510521933,2.586206896551724,10.961125865112018,0.06872424188058801,5.080591069767685,236,60,2,8,0.9672131147540983,0.967741935483871,0.9674775251189847,0.951165017555059,0.9673202614379085,0,5,5,0,0
gmm_ZS,gmm,ZS,29,phone_M1.wav,123.63127575811941,21.880591069767686,238,0.05555718826239936,30.241613510521933,2.586206896551724,10.961125865112018,0.06872424188058801,5.080591069767685,236,60,2,8,0.9672131147540983,0.967741935483871,0.9674775251189847,0.951165017555059,0.9673202614379085,0,5,5,0,0
gmm_ZS,gmm,ZS,47,phone_M1.wav,123.63127575811941,21.880591069767686,238,0.05555718826239936,30.241613510521933,2.586206896551724,10.961125865112018,0.06872424188058801,5.080591069767685,236,60,2,8,0.9672131147540983,0.967741935483871,0.9674775251189847,0.951165017555059,0.9673202614379085,0,5,5,0,0
logistic_PZS,logistic,PZS,11,phone_M1.wav,123.71237089538806,20.066934623717195,239,0.010000723838366586,19.44603942688806,3.0172413793103448,7.491093843345591,0.012370895388059466,3.2669346237171943,233,56,6,11,0.9549180327868853,0.9032258064516129,0.9290719196192491,0.9165101834464827,0.9444444444444444,0,6,2,4,0
logistic_PZS,logistic,PZS,29,phone_M1.wav,123.71237089538806,20.066934623717195,239,0.010000723838366586,19.44603942688806,3.0172413793103448,7.491093843345591,0.012370895388059466,3.2669346237171943,233,56,6,11,0.9549180327868853,0.9032258064516129,0.9290719196192491,0.9165101834464827,0.9444444444444444,0,6,2,4,0
logistic_PZS,logistic,PZS,47,phone_M1.wav,123.71237089538806,20.066934623717195,239,0.010000723838366586,19.44603942688806,3.0172413793103448,7.491093843345591,0.012370895388059466,3.2669346237171943,233,56,6,11,0.9549180327868853,0.9032258064516129,0.9290719196192491,0.9165101834464827,0.9444444444444444,0,6,2,4,0
svm_PZS,svm,PZS,11,phone_M1.wav,123.71237089538806,20.066934623717195,239,0.010000723838366586,19.44603942688806,3.0172413793103448,7.491093843345591,0.012370895388059466,3.2669346237171943,233,56,6,11,0.9549180327868853,0.9032258064516129,0.9290719196192491,0.9165101834464827,0.9444444444444444,0,6,2,4,0
svm_PZS,svm,PZS,29,phone_M1.wav,123.71237089538806,20.066934623717195,239,0.010000723838366586,19.44603942688806,3.0172413793103448,7.491093843345591,0.012370895388059466,3.2669346237171943,233,56,6,11,0.9549180327868853,0.9032258064516129,0.9290719196192491,0.9165101834464827,0.9444444444444444,0,6,2,4,0
svm_PZS,svm,PZS,47,phone_M1.wav,123.71237089538806,20.066934623717195,239,0.010000723838366586,19.44603942688806,3.0172413793103448,7.491093843345591,0.012370895388059466,3.2669346237171943,233,56,6,11,0.9549180327868853,0.9032258064516129,0.9290719196192491,0.9165101834464827,0.9444444444444444,0,6,2,4,0
knn_PZS,knn,PZS,11,phone_M1.wav,123.36649531294078,18.44135838103948,241,0.26960766940923037,9.769990363330225,3.8793103448275863,4.639636125855681,0.333504687059218,1.6413583810394776,232,53,9,12,0.9508196721311475,0.8548387096774194,0.9028291909042834,0.8956733501095868,0.9313725490196079,0,8,1,7,0
knn_PZS,knn,PZS,29,phone_M1.wav,123.36649531294078,18.44135838103948,241,0.26960766940923037,9.769990363330225,3.8793103448275863,4.639636125855681,0.333504687059218,1.6413583810394776,232,53,9,12,0.9508196721311475,0.8548387096774194,0.9028291909042834,0.8956733501095868,0.9313725490196079,0,8,1,7,0
knn_PZS,knn,PZS,47,phone_M1.wav,123.36649531294078,18.44135838103948,241,0.26960766940923037,9.769990363330225,3.8793103448275863,4.639636125855681,0.333504687059218,1.6413583810394776,232,53,9,12,0.9508196721311475,0.8548387096774194,0.9028291909042834,0.8956733501095868,0.9313725490196079,0,8,1,7,0
rf_PZS,rf,PZS,11,phone_M1.wav,122.66598600163016,18.911244070959818,237,0.8359046066045622,12.566928993808432,2.1551724137931036,5.186002004735365,1.0340139983698435,2.111244070959817,234,59,3,10,0.9590163934426229,0.9516129032258065,0.9553146483342148,0.9368681658757995,0.9575163398692811,0,4,3,1,0
rf_PZS,rf,PZS,29,phone_M1.wav,123.18040232690251,20.465786290946884,238,0.42004662336094856,21.820156493731446,2.586206896551724,8.27547000454804,0.5195976730974934,3.6657862909468832,235,59,3,9,0.9631147540983607,0.9516129032258065,0.9573638286620836,0.9413980210660708,0.9607843137254902,0,5,4,1,0
rf_PZS,rf,PZS,47,phone_M1.wav,122.72500969129028,18.89333594795427,238,0.7881894169035739,12.460333023537318,2.586206896551724,5.278243112330872,0.9749903087097209,2.0933359479542695,234,58,4,10,0.9590163934426229,0.9354838709677419,0.9472501322051824,0.9316310245770827,0.954248366013072,0,5,3,2,0
gmm_PZS,gmm,PZS,11,phone_M1.wav,123.63127575811941,21.880591069767686,238,0.05555718826239936,30.241613510521933,2.586206896551724,10.961125865112018,0.06872424188058801,5.080591069767685,236,60,2,8,0.9672131147540983,0.967741935483871,0.9674775251189847,0.951165017555059,0.9673202614379085,0,5,5,0,0
gmm_PZS,gmm,PZS,29,phone_M1.wav,123.63127575811941,21.880591069767686,238,0.05555718826239936,30.241613510521933,2.586206896551724,10.961125865112018,0.06872424188058801,5.080591069767685,236,60,2,8,0.9672131147540983,0.967741935483871,0.9674775251189847,0.951165017555059,0.9673202614379085,0,5,5,0,0
gmm_PZS,gmm,PZS,47,phone_M1.wav,123.63127575811941,21.880591069767686,238,0.05555718826239936,30.241613510521933,2.586206896551724,10.961125865112018,0.06872424188058801,5.080591069767685,236,60,2,8,0.9672131147540983,0.967741935483871,0.9674775251189847,0.951165017555059,0.9673202614379085,0,5,5,0,0
logistic_EZS,logistic,EZS,11,phone_M1.wav,123.63127575811941,21.880591069767686,238,0.05555718826239936,30.241613510521933,2.586206896551724,10.961125865112018,0.06872424188058801,5.080591069767685,236,60,2,8,0.9672131147540983,0.967741935483871,0.9674775251189847,0.951165017555059,0.9673202614379085,0,5,5,0,0
logistic_EZS,logistic,EZS,29,phone_M1.wav,123.63127575811941,21.880591069767686,238,0.05555718826239936,30.241613510521933,2.586206896551724,10.961125865112018,0.06872424188058801,5.080591069767685,236,60,2,8,0.9672131147540983,0.967741935483871,0.9674775251189847,0.951165017555059,0.9673202614379085,0,5,5,0,0
logistic_EZS,logistic,EZS,47,phone_M1.wav,123.63127575811941,21.880591069767686,238,0.05555718826239936,30.241613510521933,2.586206896551724,10.961125865112018,0.06872424188058801,5.080591069767685,236,60,2,8,0.9672131147540983,0.967741935483871,0.9674775251189847,0.951165017555059,0.9673202614379085,0,5,5,0,0
svm_EZS,svm,EZS,11,phone_M1.wav,123.63127575811941,21.880591069767686,238,0.05555718826239936,30.241613510521933,2.586206896551724,10.961125865112018,0.06872424188058801,5.080591069767685,236,60,2,8,0.9672131147540983,0.967741935483871,0.9674775251189847,0.951165017555059,0.9673202614379085,0,5,5,0,0
svm_EZS,svm,EZS,29,phone_M1.wav,123.63127575811941,21.880591069767686,238,0.05555718826239936,30.241613510521933,2.586206896551724,10.961125865112018,0.06872424188058801,5.080591069767685,236,60,2,8,0.9672131147540983,0.967741935483871,0.9674775251189847,0.951165017555059,0.9673202614379085,0,5,5,0,0
svm_EZS,svm,EZS,47,phone_M1.wav,123.63127575811941,21.880591069767686,238,0.05555718826239936,30.241613510521933,2.586206896551724,10.961125865112018,0.06872424188058801,5.080591069767685,236,60,2,8,0.9672131147540983,0.967741935483871,0.9674775251189847,0.951165017555059,0.9673202614379085,0,5,5,0,0
knn_EZS,knn,EZS,11,phone_M1.wav,123.63127575811941,21.880591069767686,238,0.05555718826239936,30.241613510521933,2.586206896551724,10.961125865112018,0.06872424188058801,5.080591069767685,236,60,2,8,0.9672131147540983,0.967741935483871,0.9674775251189847,0.951165017555059,0.9673202614379085,0,5,5,0,0
knn_EZS,knn,EZS,29,phone_M1.wav,123.63127575811941,21.880591069767686,238,0.05555718826239936,30.241613510521933,2.586206896551724,10.961125865112018,0.06872424188058801,5.080591069767685,236,60,2,8,0.9672131147540983,0.967741935483871,0.9674775251189847,0.951165017555059,0.9673202614379085,0,5,5,0,0
knn_EZS,knn,EZS,47,phone_M1.wav,123.63127575811941,21.880591069767686,238,0.05555718826239936,30.241613510521933,2.586206896551724,10.961125865112018,0.06872424188058801,5.080591069767685,236,60,2,8,0.9672131147540983,0.967741935483871,0.9674775251189847,0.951165017555059,0.9673202614379085,0,5,5,0,0
rf_EZS,rf,EZS,11,phone_M1.wav,123.63127575811941,21.880591069767686,238,0.05555718826239936,30.241613510521933,2.586206896551724,10.961125865112018,0.06872424188058801,5.080591069767685,236,60,2,8,0.9672131147540983,0.967741935483871,0.9674775251189847,0.951165017555059,0.9673202614379085,0,5,5,0,0
rf_EZS,rf,EZS,29,phone_M1.wav,123.63127575811941,21.880591069767686,238,0.05555718826239936,30.241613510521933,2.586206896551724,10.961125865112018,0.06872424188058801,5.080591069767685,236,60,2,8,0.9672131147540983,0.967741935483871,0.9674775251189847,0.951165017555059,0.9673202614379085,0,5,5,0,0
rf_EZS,rf,EZS,47,phone_M1.wav,123.63127575811941,21.880591069767686,238,0.05555718826239936,30.241613510521933,2.586206896551724,10.961125865112018,0.06872424188058801,5.080591069767685,236,60,2,8,0.9672131147540983,0.967741935483871,0.9674775251189847,0.951165017555059,0.9673202614379085,0,5,5,0,0
gmm_EZS,gmm,EZS,11,phone_M1.wav,123.63127575811941,21.880591069767686,238,0.05555718826239936,30.241613510521933,2.586206896551724,10.961125865112018,0.06872424188058801,5.080591069767685,236,60,2,8,0.9672131147540983,0.967741935483871,0.9674775251189847,0.951165017555059,0.9673202614379085,0,5,5,0,0
gmm_EZS,gmm,EZS,29,phone_M1.wav,123.63127575811941,21.880591069767686,238,0.05555718826239936,30.241613510521933,2.586206896551724,10.961125865112018,0.06872424188058801,5.080591069767685,236,60,2,8,0.9672131147540983,0.967741935483871,0.9674775251189847,0.951165017555059,0.9673202614379085,0,5,5,0,0
gmm_EZS,gmm,EZS,47,phone_M1.wav,123.63127575811941,21.880591069767686,238,0.05555718826239936,30.241613510521933,2.586206896551724,10.961125865112018,0.06872424188058801,5.080591069767685,236,60,2,8,0.9672131147540983,0.967741935483871,0.9674775251189847,0.951165017555059,0.9673202614379085,0,5,5,0,0
logistic_PEZS,logistic,PEZS,11,phone_M1.wav,123.78853628656302,21.78908036254066,241,0.07157339253275087,29.69690691988487,3.8793103448275863,11.215930219081736,0.08853628656301282,4.989080362540658,236,57,5,8,0.9672131147540983,0.9193548387096774,0.9432839767318879,0.9354168357821251,0.9575163398692811,0,8,5,3,0
logistic_PEZS,logistic,PEZS,29,phone_M1.wav,123.78853628656302,21.78908036254066,241,0.07157339253275087,29.69690691988487,3.8793103448275863,11.215930219081736,0.08853628656301282,4.989080362540658,236,57,5,8,0.9672131147540983,0.9193548387096774,0.9432839767318879,0.9354168357821251,0.9575163398692811,0,8,5,3,0
logistic_PEZS,logistic,PEZS,47,phone_M1.wav,123.78853628656302,21.78908036254066,241,0.07157339253275087,29.69690691988487,3.8793103448275863,11.215930219081736,0.08853628656301282,4.989080362540658,236,57,5,8,0.9672131147540983,0.9193548387096774,0.9432839767318879,0.9354168357821251,0.9575163398692811,0,8,5,3,0
svm_PEZS,svm,PEZS,11,phone_M1.wav,123.78853628656302,21.78908036254066,241,0.07157339253275087,29.69690691988487,3.8793103448275863,11.215930219081736,0.08853628656301282,4.989080362540658,236,57,5,8,0.9672131147540983,0.9193548387096774,0.9432839767318879,0.9354168357821251,0.9575163398692811,0,8,5,3,0
svm_PEZS,svm,PEZS,29,phone_M1.wav,123.78853628656302,21.78908036254066,241,0.07157339253275087,29.69690691988487,3.8793103448275863,11.215930219081736,0.08853628656301282,4.989080362540658,236,57,5,8,0.9672131147540983,0.9193548387096774,0.9432839767318879,0.9354168357821251,0.9575163398692811,0,8,5,3,0
svm_PEZS,svm,PEZS,47,phone_M1.wav,123.78853628656302,21.78908036254066,241,0.07157339253275087,29.69690691988487,3.8793103448275863,11.215930219081736,0.08853628656301282,4.989080362540658,236,57,5,8,0.9672131147540983,0.9193548387096774,0.9432839767318879,0.9354168357821251,0.9575163398692811,0,8,5,3,0
knn_PEZS,knn,PEZS,11,phone_M1.wav,123.68382972550359,21.84981513361246,239,0.013072170166869354,30.058423414359872,3.0172413793103448,11.029578987945696,0.01617027449641739,5.049815133612459,236,59,3,8,0.9672131147540983,0.9516129032258065,0.9594130089899524,0.9459771775241947,0.9640522875816994,0,6,5,1,0
knn_PEZS,knn,PEZS,29,phone_M1.wav,123.68382972550359,21.84981513361246,239,0.013072170166869354,30.058423414359872,3.0172413793103448,11.029578987945696,0.01617027449641739,5.049815133612459,236,59,3,8,0.9672131147540983,0.9516129032258065,0.9594130089899524,0.9459771775241947,0.9640522875816994,0,6,5,1,0
knn_PEZS,knn,PEZS,47,phone_M1.wav,123.68382972550359,21.84981513361246,239,0.013072170166869354,30.058423414359872,3.0172413793103448,11.029578987945696,0.01617027449641739,5.049815133612459,236,59,3,8,0.9672131147540983,0.9516129032258065,0.9594130089899524,0.9459771775241947,0.9640522875816994,0,6,5,1,0
rf_PEZS,rf,PEZS,11,phone_M1.wav,123.63127575811941,21.880591069767686,238,0.05555718826239936,30.241613510521933,2.586206896551724,10.961125865112018,0.06872424188058801,5.080591069767685,236,60,2,8,0.9672131147540983,0.967741935483871,0.9674775251189847,0.951165017555059,0.9673202614379085,0,5,5,0,0
rf_PEZS,rf,PEZS,29,phone_M1.wav,123.68382972550359,21.84981513361246,239,0.013072170166869354,30.058423414359872,3.0172413793103448,11.029578987945696,0.01617027449641739,5.049815133612459,236,59,3,8,0.9672131147540983,0.9516129032258065,0.9594130089899524,0.9459771775241947,0.9640522875816994,0,6,5,1,0
rf_PEZS,rf,PEZS,47,phone_M1.wav,123.63127575811941,21.880591069767686,238,0.05555718826239936,30.241613510521933,2.586206896551724,10.961125865112018,0.06872424188058801,5.080591069767685,236,60,2,8,0.9672131147540983,0.967741935483871,0.9674775251189847,0.951165017555059,0.9673202614379085,0,5,5,0,0
gmm_PEZS,gmm,PEZS,11,phone_M1.wav,122.97990471022958,18.577107794270944,234,0.5821303878499813,10.57802258494609,0.8620689655172413,4.007407312771105,0.7200952897704269,1.7771077942709432,232,60,2,12,0.9508196721311475,0.967741935483871,0.9592808038075092,0.9331168425654156,0.954248366013072,0,1,1,0,0
gmm_PEZS,gmm,PEZS,29,phone_M1.wav,122.97990471022958,18.577107794270944,234,0.5821303878499813,10.57802258494609,0.8620689655172413,4.007407312771105,0.7200952897704269,1.7771077942709432,232,60,2,12,0.9508196721311475,0.967741935483871,0.9592808038075092,0.9331168425654156,0.954248366013072,0,1,1,0,0
gmm_PEZS,gmm,PEZS,47,phone_M1.wav,122.97990471022958,18.577107794270944,234,0.5821303878499813,10.57802258494609,0.8620689655172413,4.007407312771105,0.7200952897704269,1.7771077942709432,232,60,2,12,0.9508196721311475,0.967741935483871,0.9592808038075092,0.9331168425654156,0.954248366013072,0,1,1,0,0
logistic_M,logistic,M,11,phone_M1.wav,124.66128551325147,25.27338905069218,240,0.7771103583277834,50.436839587453456,3.4482758620689653,18.22074193595007,0.9612855132514682,8.47338905069218,236,60,2,8,0.9672131147540983,0.967741935483871,0.9674775251189847,0.951165017555059,0.9673202614379085,2,7,5,0,2
logistic_M,logistic,M,29,phone_M1.wav,124.66128551325147,25.27338905069218,240,0.7771103583277834,50.436839587453456,3.4482758620689653,18.22074193595007,0.9612855132514682,8.47338905069218,236,60,2,8,0.9672131147540983,0.967741935483871,0.9674775251189847,0.951165017555059,0.9673202614379085,2,7,5,0,2
logistic_M,logistic,M,47,phone_M1.wav,124.66128551325147,25.27338905069218,240,0.7771103583277834,50.436839587453456,3.4482758620689653,18.22074193595007,0.9612855132514682,8.47338905069218,236,60,2,8,0.9672131147540983,0.967741935483871,0.9674775251189847,0.951165017555059,0.9673202614379085,2,7,5,0,2
svm_M,svm,M,11,phone_M1.wav,124.66128551325147,25.27338905069218,240,0.7771103583277834,50.436839587453456,3.4482758620689653,18.22074193595007,0.9612855132514682,8.47338905069218,236,60,2,8,0.9672131147540983,0.967741935483871,0.9674775251189847,0.951165017555059,0.9673202614379085,2,7,5,0,2
svm_M,svm,M,29,phone_M1.wav,124.66128551325147,25.27338905069218,240,0.7771103583277834,50.436839587453456,3.4482758620689653,18.22074193595007,0.9612855132514682,8.47338905069218,236,60,2,8,0.9672131147540983,0.967741935483871,0.9674775251189847,0.951165017555059,0.9673202614379085,2,7,5,0,2
svm_M,svm,M,47,phone_M1.wav,124.66128551325147,25.27338905069218,240,0.7771103583277834,50.436839587453456,3.4482758620689653,18.22074193595007,0.9612855132514682,8.47338905069218,236,60,2,8,0.9672131147540983,0.967741935483871,0.9674775251189847,0.951165017555059,0.9673202614379085,2,7,5,0,2
knn_M,knn,M,11,phone_M1.wav,123.63127575811941,21.880591069767686,238,0.05555718826239936,30.241613510521933,2.586206896551724,10.961125865112018,0.06872424188058801,5.080591069767685,236,60,2,8,0.9672131147540983,0.967741935483871,0.9674775251189847,0.951165017555059,0.9673202614379085,0,5,5,0,0
knn_M,knn,M,29,phone_M1.wav,123.63127575811941,21.880591069767686,238,0.05555718826239936,30.241613510521933,2.586206896551724,10.961125865112018,0.06872424188058801,5.080591069767685,236,60,2,8,0.9672131147540983,0.967741935483871,0.9674775251189847,0.951165017555059,0.9673202614379085,0,5,5,0,0
knn_M,knn,M,47,phone_M1.wav,123.63127575811941,21.880591069767686,238,0.05555718826239936,30.241613510521933,2.586206896551724,10.961125865112018,0.06872424188058801,5.080591069767685,236,60,2,8,0.9672131147540983,0.967741935483871,0.9674775251189847,0.951165017555059,0.9673202614379085,0,5,5,0,0
rf_M,rf,M,11,phone_M1.wav,123.63127575811941,21.880591069767686,238,0.05555718826239936,30.241613510521933,2.586206896551724,10.961125865112018,0.06872424188058801,5.080591069767685,236,60,2,8,0.9672131147540983,0.967741935483871,0.9674775251189847,0.951165017555059,0.9673202614379085,0,5,5,0,0
rf_M,rf,M,29,phone_M1.wav,123.63127575811941,21.880591069767686,238,0.05555718826239936,30.241613510521933,2.586206896551724,10.961125865112018,0.06872424188058801,5.080591069767685,236,60,2,8,0.9672131147540983,0.967741935483871,0.9674775251189847,0.951165017555059,0.9673202614379085,0,5,5,0,0
rf_M,rf,M,47,phone_M1.wav,123.63127575811941,21.880591069767686,238,0.05555718826239936,30.241613510521933,2.586206896551724,10.961125865112018,0.06872424188058801,5.080591069767685,236,60,2,8,0.9672131147540983,0.967741935483871,0.9674775251189847,0.951165017555059,0.9673202614379085,0,5,5,0,0
gmm_M,gmm,M,11,phone_M1.wav,125.01874024778454,24.87382997499316,250,1.0660794242397191,48.05851175591166,7.758620689655173,18.96107062326885,1.3187402477845325,8.07382997499316,236,51,11,8,0.9672131147540983,0.8225806451612904,0.8948968799576944,0.9021393344666813,0.9379084967320261,3,17,5,9,3
gmm_M,gmm,M,29,phone_M1.wav,125.01874024778454,24.87382997499316,250,1.0660794242397191,48.05851175591166,7.758620689655173,18.96107062326885,1.3187402477845325,8.07382997499316,236,51,11,8,0.9672131147540983,0.8225806451612904,0.8948968799576944,0.9021393344666813,0.9379084967320261,3,17,5,9,3
gmm_M,gmm,M,47,phone_M1.wav,125.01874024778454,24.87382997499316,250,1.0660794242397191,48.05851175591166,7.758620689655173,18.96107062326885,1.3187402477845325,8.07382997499316,236,51,11,8,0.9672131147540983,0.8225806451612904,0.8948968799576944,0.9021393344666813,0.9379084967320261,3,17,5,9,3
logistic_PM,logistic,PM,11,phone_M1.wav,124.71129521709997,25.232796836175154,241,0.8175385748585048,50.19521926294734,3.8793103448275863,18.29735606087781,1.0112952170999705,8.432796836175154,236,59,3,8,0.9672131147540983,0.9516129032258065,0.9594130089899524,0.9459771775241947,0.9640522875816994,2,8,5,1,2
logistic_PM,logistic,PM,29,phone_M1.wav,124.71129521709997,25.232796836175154,241,0.8175385748585048,50.19521926294734,3.8793103448275863,18.29735606087781,1.0112952170999705,8.432796836175154,236,59,3,8,0.9672131147540983,0.9516129032258065,0.9594130089899524,0.9459771775241947,0.9640522875816994,2,8,5,1,2
logistic_PM,logistic,PM,47,phone_M1.wav,124.71129521709997,25.232796836175154,241,0.8175385748585048,50.19521926294734,3.8793103448275863,18.29735606087781,1.0112952170999705,8.432796836175154,236,59,3,8,0.9672131147540983,0.9516129032258065,0.9594130089899524,0.9459771775241947,0.9640522875816994,2,8,5,1,2
svm_PM,svm,PM,11,phone_M1.wav,124.66128551325147,25.27338905069218,240,0.7771103583277834,50.436839587453456,3.4482758620689653,18.22074193595007,0.9612855132514682,8.47338905069218,236,60,2,8,0.9672131147540983,0.967741935483871,0.9674775251189847,0.951165017555059,0.9673202614379085,2,7,5,0,2
svm_PM,svm,PM,29,phone_M1.wav,124.66128551325147,25.27338905069218,240,0.7771103583277834,50.436839587453456,3.4482758620689653,18.22074193595007,0.9612855132514682,8.47338905069218,236,60,2,8,0.9672131147540983,0.967741935483871,0.9674775251189847,0.951165017555059,0.9673202614379085,2,7,5,0,2
svm_PM,svm,PM,47,phone_M1.wav,124.66128551325147,25.27338905069218,240,0.7771103583277834,50.436839587453456,3.4482758620689653,18.22074193595007,0.9612855132514682,8.47338905069218,236,60,2,8,0.9672131147540983,0.967741935483871,0.9674775251189847,0.951165017555059,0.9673202614379085,2,7,5,0,2
knn_PM,knn,PM,11,phone_M1.wav,123.63127575811941,21.880591069767686,238,0.05555718826239936,30.241613510521933,2.586206896551724,10.961125865112018,0.06872424188058801,5.080591069767685,236,60,2,8,0.9672131147540983,0.967741935483871,0.9674775251189847,0.951165017555059,0.9673202614379085,0,5,5,0,0
knn_PM,knn,PM,29,phone_M1.wav,123.63127575811941,21.880591069767686,238,0.05555718826239936,30.241613510521933,2.586206896551724,10.961125865112018,0.06872424188058801,5.080591069767685,236,60,2,8,0.9672131147540983,0.967741935483871,0.9674775251189847,0.951165017555059,0.9673202614379085,0,5,5,0,0
knn_PM,knn,PM,47,phone_M1.wav,123.63127575811941,21.880591069767686,238,0.05555718826239936,30.241613510521933,2.586206896551724,10.961125865112018,0.06872424188058801,5.080591069767685,236,60,2,8,0.9672131147540983,0.967741935483871,0.9674775251189847,0.951165017555059,0.9673202614379085,0,5,5,0,0
rf_PM,rf,PM,11,phone_M1.wav,123.68382972550359,21.84981513361246,239,0.013072170166869354,30.058423414359872,3.0172413793103448,11.029578987945696,0.01617027449641739,5.049815133612459,236,59,3,8,0.9672131147540983,0.9516129032258065,0.9594130089899524,0.9459771775241947,0.9640522875816994,0,6,5,1,0
rf_PM,rf,PM,29,phone_M1.wav,123.68382972550359,21.84981513361246,239,0.013072170166869354,30.058423414359872,3.0172413793103448,11.029578987945696,0.01617027449641739,5.049815133612459,236,59,3,8,0.9672131147540983,0.9516129032258065,0.9594130089899524,0.9459771775241947,0.9640522875816994,0,6,5,1,0
rf_PM,rf,PM,47,phone_M1.wav,123.68382972550359,21.84981513361246,239,0.013072170166869354,30.058423414359872,3.0172413793103448,11.029578987945696,0.01617027449641739,5.049815133612459,236,59,3,8,0.9672131147540983,0.9516129032258065,0.9594130089899524,0.9459771775241947,0.9640522875816994,0,6,5,1,0
gmm_PM,gmm,PM,11,phone_M1.wav,124.7649965173217,24.789549366681687,246,0.8609511053530337,47.556841468343364,6.0344827586206895,18.150758444105694,1.0649965173217026,7.989549366681686,236,53,9,8,0.9672131147540983,0.8548387096774194,0.9110259122157589,0.9135118958551549,0.9444444444444444,1,13,5,7,1
gmm_PM,gmm,PM,29,phone_M1.wav,124.7649965173217,24.789549366681687,246,0.8609511053530337,47.556841468343364,6.0344827586206895,18.150758444105694,1.0649965173217026,7.989549366681686,236,53,9,8,0.9672131147540983,0.8548387096774194,0.9110259122157589,0.9135118958551549,0.9444444444444444,1,13,5,7,1
gmm_PM,gmm,PM,47,phone_M1.wav,124.7649965173217,24.789549366681687,246,0.8609511053530337,47.556841468343364,6.0344827586206895,18.150758444105694,1.0649965173217026,7.989549366681686,236,53,9,8,0.9672131147540983,0.8548387096774194,0.9110259122157589,0.9135118958551549,0.9444444444444444,1,13,5,7,1
logistic_EM,logistic,EM,11,phone_M1.wav,123.63127575811941,21.880591069767686,238,0.05555718826239936,30.241613510521933,2.586206896551724,10.961125865112018,0.06872424188058801,5.080591069767685,236,60,2,8,0.9672131147540983,0.967741935483871,0.9674775251189847,0.951165017555059,0.9673202614379085,0,5,5,0,0
logistic_EM,logistic,EM,29,phone_M1.wav,123.63127575811941,21.880591069767686,238,0.05555718826239936,30.241613510521933,2.586206896551724,10.961125865112018,0.06872424188058801,5.080591069767685,236,60,2,8,0.9672131147540983,0.967741935483871,0.9674775251189847,0.951165017555059,0.9673202614379085,0,5,5,0,0
logistic_EM,logistic,EM,47,phone_M1.wav,123.63127575811941,21.880591069767686,238,0.05555718826239936,30.241613510521933,2.586206896551724,10.961125865112018,0.06872424188058801,5.080591069767685,236,60,2,8,0.9672131147540983,0.967741935483871,0.9674775251189847,0.951165017555059,0.9673202614379085,0,5,5,0,0
svm_EM,svm,EM,11,phone_M1.wav,123.63127575811941,21.880591069767686,238,0.05555718826239936,30.241613510521933,2.586206896551724,10.961125865112018,0.06872424188058801,5.080591069767685,236,60,2,8,0.9672131147540983,0.967741935483871,0.9674775251189847,0.951165017555059,0.9673202614379085,0,5,5,0,0
svm_EM,svm,EM,29,phone_M1.wav,123.63127575811941,21.880591069767686,238,0.05555718826239936,30.241613510521933,2.586206896551724,10.961125865112018,0.06872424188058801,5.080591069767685,236,60,2,8,0.9672131147540983,0.967741935483871,0.9674775251189847,0.951165017555059,0.9673202614379085,0,5,5,0,0
svm_EM,svm,EM,47,phone_M1.wav,123.63127575811941,21.880591069767686,238,0.05555718826239936,30.241613510521933,2.586206896551724,10.961125865112018,0.06872424188058801,5.080591069767685,236,60,2,8,0.9672131147540983,0.967741935483871,0.9674775251189847,0.951165017555059,0.9673202614379085,0,5,5,0,0
knn_EM,knn,EM,11,phone_M1.wav,123.63127575811941,21.880591069767686,238,0.05555718826239936,30.241613510521933,2.586206896551724,10.961125865112018,0.06872424188058801,5.080591069767685,236,60,2,8,0.9672131147540983,0.967741935483871,0.9674775251189847,0.951165017555059,0.9673202614379085,0,5,5,0,0
knn_EM,knn,EM,29,phone_M1.wav,123.63127575811941,21.880591069767686,238,0.05555718826239936,30.241613510521933,2.586206896551724,10.961125865112018,0.06872424188058801,5.080591069767685,236,60,2,8,0.9672131147540983,0.967741935483871,0.9674775251189847,0.951165017555059,0.9673202614379085,0,5,5,0,0
knn_EM,knn,EM,47,phone_M1.wav,123.63127575811941,21.880591069767686,238,0.05555718826239936,30.241613510521933,2.586206896551724,10.961125865112018,0.06872424188058801,5.080591069767685,236,60,2,8,0.9672131147540983,0.967741935483871,0.9674775251189847,0.951165017555059,0.9673202614379085,0,5,5,0,0
rf_EM,rf,EM,11,phone_M1.wav,123.63127575811941,21.880591069767686,238,0.05555718826239936,30.241613510521933,2.586206896551724,10.961125865112018,0.06872424188058801,5.080591069767685,236,60,2,8,0.9672131147540983,0.967741935483871,0.9674775251189847,0.951165017555059,0.9673202614379085,0,5,5,0,0
rf_EM,rf,EM,29,phone_M1.wav,123.63127575811941,21.880591069767686,238,0.05555718826239936,30.241613510521933,2.586206896551724,10.961125865112018,0.06872424188058801,5.080591069767685,236,60,2,8,0.9672131147540983,0.967741935483871,0.9674775251189847,0.951165017555059,0.9673202614379085,0,5,5,0,0
rf_EM,rf,EM,47,phone_M1.wav,123.63127575811941,21.880591069767686,238,0.05555718826239936,30.241613510521933,2.586206896551724,10.961125865112018,0.06872424188058801,5.080591069767685,236,60,2,8,0.9672131147540983,0.967741935483871,0.9674775251189847,0.951165017555059,0.9673202614379085,0,5,5,0,0
gmm_EM,gmm,EM,11,phone_M1.wav,124.80692913207497,25.150667372024255,243,0.8948497429870388,49.706353404906274,4.741379310344827,18.44752748607938,1.106929132074967,8.350667372024255,236,57,5,8,0.9672131147540983,0.9193548387096774,0.9432839767318879,0.9354168357821251,0.9575163398692811,2,10,5,3,2
gmm_EM,gmm,EM,29,phone_M1.wav,124.80692913207497,25.150667372024255,243,0.8948497429870388,49.706353404906274,4.741379310344827,18.44752748607938,1.106929132074967,8.350667372024255,236,57,5,8,0.9672131147540983,0.9193548387096774,0.9432839767318879,0.9354168357821251,0.9575163398692811,2,10,5,3,2
gmm_EM,gmm,EM,47,phone_M1.wav,124.80692913207497,25.150667372024255,243,0.8948497429870388,49.706353404906274,4.741379310344827,18.44752748607938,1.106929132074967,8.350667372024255,236,57,5,8,0.9672131147540983,0.9193548387096774,0.9432839767318879,0.9354168357821251,0.9575163398692811,2,10,5,3,2
logistic_PEM,logistic,PEM,11,phone_M1.wav,123.63127575811941,21.880591069767686,238,0.05555718826239936,30.241613510521933,2.586206896551724,10.961125865112018,0.06872424188058801,5.080591069767685,236,60,2,8,0.9672131147540983,0.967741935483871,0.9674775251189847,0.951165017555059,0.9673202614379085,0,5,5,0,0
logistic_PEM,logistic,PEM,29,phone_M1.wav,123.63127575811941,21.880591069767686,238,0.05555718826239936,30.241613510521933,2.586206896551724,10.961125865112018,0.06872424188058801,5.080591069767685,236,60,2,8,0.9672131147540983,0.967741935483871,0.9674775251189847,0.951165017555059,0.9673202614379085,0,5,5,0,0
logistic_PEM,logistic,PEM,47,phone_M1.wav,123.63127575811941,21.880591069767686,238,0.05555718826239936,30.241613510521933,2.586206896551724,10.961125865112018,0.06872424188058801,5.080591069767685,236,60,2,8,0.9672131147540983,0.967741935483871,0.9674775251189847,0.951165017555059,0.9673202614379085,0,5,5,0,0
svm_PEM,svm,PEM,11,phone_M1.wav,124.66128551325147,25.27338905069218,240,0.7771103583277834,50.436839587453456,3.4482758620689653,18.22074193595007,0.9612855132514682,8.47338905069218,236,60,2,8,0.9672131147540983,0.967741935483871,0.9674775251189847,0.951165017555059,0.9673202614379085,2,7,5,0,2
svm_PEM,svm,PEM,29,phone_M1.wav,124.66128551325147,25.27338905069218,240,0.7771103583277834,50.436839587453456,3.4482758620689653,18.22074193595007,0.9612855132514682,8.47338905069218,236,60,2,8,0.9672131147540983,0.967741935483871,0.9674775251189847,0.951165017555059,0.9673202614379085,2,7,5,0,2
svm_PEM,svm,PEM,47,phone_M1.wav,124.66128551325147,25.27338905069218,240,0.7771103583277834,50.436839587453456,3.4482758620689653,18.22074193595007,0.9612855132514682,8.47338905069218,236,60,2,8,0.9672131147540983,0.967741935483871,0.9674775251189847,0.951165017555059,0.9673202614379085,2,7,5,0,2
knn_PEM,knn,PEM,11,phone_M1.wav,123.63127575811941,21.880591069767686,238,0.05555718826239936,30.241613510521933,2.586206896551724,10.961125865112018,0.06872424188058801,5.080591069767685,236,60,2,8,0.9672131147540983,0.967741935483871,0.9674775251189847,0.951165017555059,0.9673202614379085,0,5,5,0,0
knn_PEM,knn,PEM,29,phone_M1.wav,123.63127575811941,21.880591069767686,238,0.05555718826239936,30.241613510521933,2.586206896551724,10.961125865112018,0.06872424188058801,5.080591069767685,236,60,2,8,0.9672131147540983,0.967741935483871,0.9674775251189847,0.951165017555059,0.9673202614379085,0,5,5,0,0
knn_PEM,knn,PEM,47,phone_M1.wav,123.63127575811941,21.880591069767686,238,0.05555718826239936,30.241613510521933,2.586206896551724,10.961125865112018,0.06872424188058801,5.080591069767685,236,60,2,8,0.9672131147540983,0.967741935483871,0.9674775251189847,0.951165017555059,0.9673202614379085,0,5,5,0,0
rf_PEM,rf,PEM,11,phone_M1.wav,123.63127575811941,21.880591069767686,238,0.05555718826239936,30.241613510521933,2.586206896551724,10.961125865112018,0.06872424188058801,5.080591069767685,236,60,2,8,0.9672131147540983,0.967741935483871,0.9674775251189847,0.951165017555059,0.9673202614379085,0,5,5,0,0
rf_PEM,rf,PEM,29,phone_M1.wav,123.63127575811941,21.880591069767686,238,0.05555718826239936,30.241613510521933,2.586206896551724,10.961125865112018,0.06872424188058801,5.080591069767685,236,60,2,8,0.9672131147540983,0.967741935483871,0.9674775251189847,0.951165017555059,0.9673202614379085,0,5,5,0,0
rf_PEM,rf,PEM,47,phone_M1.wav,123.63127575811941,21.880591069767686,238,0.05555718826239936,30.241613510521933,2.586206896551724,10.961125865112018,0.06872424188058801,5.080591069767685,236,60,2,8,0.9672131147540983,0.967741935483871,0.9674775251189847,0.951165017555059,0.9673202614379085,0,5,5,0,0
gmm_PEM,gmm,PEM,11,phone_M1.wav,123.63127575811941,21.880591069767686,238,0.05555718826239936,30.241613510521933,2.586206896551724,10.961125865112018,0.06872424188058801,5.080591069767685,236,60,2,8,0.9672131147540983,0.967741935483871,0.9674775251189847,0.951165017555059,0.9673202614379085,0,5,5,0,0
gmm_PEM,gmm,PEM,29,phone_M1.wav,123.63127575811941,21.880591069767686,238,0.05555718826239936,30.241613510521933,2.586206896551724,10.961125865112018,0.06872424188058801,5.080591069767685,236,60,2,8,0.9672131147540983,0.967741935483871,0.9674775251189847,0.951165017555059,0.9673202614379085,0,5,5,0,0
gmm_PEM,gmm,PEM,47,phone_M1.wav,123.63127575811941,21.880591069767686,238,0.05555718826239936,30.241613510521933,2.586206896551724,10.961125865112018,0.06872424188058801,5.080591069767685,236,60,2,8,0.9672131147540983,0.967741935483871,0.9674775251189847,0.951165017555059,0.9673202614379085,0,5,5,0,0
logistic_ZM,logistic,ZM,11,phone_M1.wav,123.73685654624478,21.819682507882757,240,0.02979510609925435,29.879062546921162,3.4482758620689653,11.119044505029793,0.03685654624477763,5.019682507882756,236,58,4,8,0.9672131147540983,0.9354838709677419,0.9513484928609202,0.9407283057851239,0.9607843137254902,0,7,5,2,0
logistic_ZM,logistic,ZM,29,phone_M1.wav,123.73685654624478,21.819682507882757,240,0.02979510609925435,29.879062546921162,3.4482758620689653,11.119044505029793,0.03685654624477763,5.019682507882756,236,58,4,8,0.9672131147540983,0.9354838709677419,0.9513484928609202,0.9407283057851239,0.9607843137254902,0,7,5,2,0
logistic_ZM,logistic,ZM,47,phone_M1.wav,123.73685654624478,21.819682507882757,240,0.02979510609925435,29.879062546921162,3.4482758620689653,11.119044505029793,0.03685654624477763,5.019682507882756,236,58,4,8,0.9672131147540983,0.9354838709677419,0.9513484928609202,0.9407283057851239,0.9607843137254902,0,7,5,2,0
svm_ZM,svm,ZM,11,phone_M1.wav,123.63127575811941,21.880591069767686,238,0.05555718826239936,30.241613510521933,2.586206896551724,10.961125865112018,0.06872424188058801,5.080591069767685,236,60,2,8,0.9672131147540983,0.967741935483871,0.9674775251189847,0.951165017555059,0.9673202614379085,0,5,5,0,0
svm_ZM,svm,ZM,29,phone_M1.wav,123.63127575811941,21.880591069767686,238,0.05555718826239936,30.241613510521933,2.586206896551724,10.961125865112018,0.06872424188058801,5.080591069767685,236,60,2,8,0.9672131147540983,0.967741935483871,0.9674775251189847,0.951165017555059,0.9673202614379085,0,5,5,0,0
svm_ZM,svm,ZM,47,phone_M1.wav,123.63127575811941,21.880591069767686,238,0.05555718826239936,30.241613510521933,2.586206896551724,10.961125865112018,0.06872424188058801,5.080591069767685,236,60,2,8,0.9672131147540983,0.967741935483871,0.9674775251189847,0.951165017555059,0.9673202614379085,0,5,5,0,0
knn_ZM,knn,ZM,11,phone_M1.wav,123.63127575811941,21.880591069767686,238,0.05555718826239936,30.241613510521933,2.586206896551724,10.961125865112018,0.06872424188058801,5.080591069767685,236,60,2,8,0.9672131147540983,0.967741935483871,0.9674775251189847,0.951165017555059,0.9673202614379085,0,5,5,0,0
knn_ZM,knn,ZM,29,phone_M1.wav,123.63127575811941,21.880591069767686,238,0.05555718826239936,30.241613510521933,2.586206896551724,10.961125865112018,0.06872424188058801,5.080591069767685,236,60,2,8,0.9672131147540983,0.967741935483871,0.9674775251189847,0.951165017555059,0.9673202614379085,0,5,5,0,0
knn_ZM,knn,ZM,47,phone_M1.wav,123.63127575811941,21.880591069767686,238,0.05555718826239936,30.241613510521933,2.586206896551724,10.961125865112018,0.06872424188058801,5.080591069767685,236,60,2,8,0.9672131147540983,0.967741935483871,0.9674775251189847,0.951165017555059,0.9673202614379085,0,5,5,0,0
rf_ZM,rf,ZM,11,phone_M1.wav,123.63127575811941,21.880591069767686,238,0.05555718826239936,30.241613510521933,2.586206896551724,10.961125865112018,0.06872424188058801,5.080591069767685,236,60,2,8,0.9672131147540983,0.967741935483871,0.9674775251189847,0.951165017555059,0.9673202614379085,0,5,5,0,0
rf_ZM,rf,ZM,29,phone_M1.wav,123.63127575811941,21.880591069767686,238,0.05555718826239936,30.241613510521933,2.586206896551724,10.961125865112018,0.06872424188058801,5.080591069767685,236,60,2,8,0.9672131147540983,0.967741935483871,0.9674775251189847,0.951165017555059,0.9673202614379085,0,5,5,0,0
rf_ZM,rf,ZM,47,phone_M1.wav,123.63127575811941,21.880591069767686,238,0.05555718826239936,30.241613510521933,2.586206896551724,10.961125865112018,0.06872424188058801,5.080591069767685,236,60,2,8,0.9672131147540983,0.967741935483871,0.9674775251189847,0.951165017555059,0.9673202614379085,0,5,5,0,0
gmm_ZM,gmm,ZM,11,phone_M1.wav,123.98224987963918,21.610379988933143,247,0.2281729018910115,28.63321421984013,6.4655172413793105,11.775634787703483,0.28224987963918124,4.810379988933143,236,52,10,8,0.9672131147540983,0.8387096774193549,0.9029613960867267,0.9078621612579458,0.9411764705882353,1,14,5,8,1
gmm_ZM,gmm,ZM,29,phone_M1.wav,123.98224987963918,21.610379988933143,247,0.2281729018910115,28.63321421984013,6.4655172413793105,11.775634787703483,0.28224987963918124,4.810379988933143,236,52,10,8,0.9672131147540983,0.8387096774193549,0.9029613960867267,0.9078621612579458,0.9411764705882353,1,14,5,8,1
gmm_ZM,gmm,ZM,47,phone_M1.wav,123.98224987963918,21.610379988933143,247,0.2281729018910115,28.63321421984013,6.4655172413793105,11.775634787703483,0.28224987963918124,4.810379988933143,236,52,10,8,0.9672131147540983,0.8387096774193549,0.9029613960867267,0.9078621612579458,0.9411764705882353,1,14,5,8,1
logistic_PZM,logistic,PZM,11,phone_M1.wav,124.71129521709997,25.232796836175154,241,0.8175385748585048,50.19521926294734,3.8793103448275863,18.29735606087781,1.0112952170999705,8.432796836175154,236,59,3,8,0.9672131147540983,0.9516129032258065,0.9594130089899524,0.9459771775241947,0.9640522875816994,2,8,5,1,2
logistic_PZM,logistic,PZM,29,phone_M1.wav,124.71129521709997,25.232796836175154,241,0.8175385748585048,50.19521926294734,3.8793103448275863,18.29735606087781,1.0112952170999705,8.432796836175154,236,59,3,8,0.9672131147540983,0.9516129032258065,0.9594130089899524,0.9459771775241947,0.9640522875816994,2,8,5,1,2
logistic_PZM,logistic,PZM,47,phone_M1.wav,124.71129521709997,25.232796836175154,241,0.8175385748585048,50.19521926294734,3.8793103448275863,18.29735606087781,1.0112952170999705,8.432796836175154,236,59,3,8,0.9672131147540983,0.9516129032258065,0.9594130089899524,0.9459771775241947,0.9640522875816994,2,8,5,1,2
svm_PZM,svm,PZM,11,phone_M1.wav,124.66128551325147,25.27338905069218,240,0.7771103583277834,50.436839587453456,3.4482758620689653,18.22074193595007,0.9612855132514682,8.47338905069218,236,60,2,8,0.9672131147540983,0.967741935483871,0.9674775251189847,0.951165017555059,0.9673202614379085,2,7,5,0,2
svm_PZM,svm,PZM,29,phone_M1.wav,124.66128551325147,25.27338905069218,240,0.7771103583277834,50.436839587453456,3.4482758620689653,18.22074193595007,0.9612855132514682,8.47338905069218,236,60,2,8,0.9672131147540983,0.967741935483871,0.9674775251189847,0.951165017555059,0.9673202614379085,2,7,5,0,2
svm_PZM,svm,PZM,47,phone_M1.wav,124.66128551325147,25.27338905069218,240,0.7771103583277834,50.436839587453456,3.4482758620689653,18.22074193595007,0.9612855132514682,8.47338905069218,236,60,2,8,0.9672131147540983,0.967741935483871,0.9674775251189847,0.951165017555059,0.9673202614379085,2,7,5,0,2
knn_PZM,knn,PZM,11,phone_M1.wav,123.63127575811941,21.880591069767686,238,0.05555718826239936,30.241613510521933,2.586206896551724,10.961125865112018,0.06872424188058801,5.080591069767685,236,60,2,8,0.9672131147540983,0.967741935483871,0.9674775251189847,0.951165017555059,0.9673202614379085,0,5,5,0,0
knn_PZM,knn,PZM,29,phone_M1.wav,123.63127575811941,21.880591069767686,238,0.05555718826239936,30.241613510521933,2.586206896551724,10.961125865112018,0.06872424188058801,5.080591069767685,236,60,2,8,0.9672131147540983,0.967741935483871,0.9674775251189847,0.951165017555059,0.9673202614379085,0,5,5,0,0
knn_PZM,knn,PZM,47,phone_M1.wav,123.63127575811941,21.880591069767686,238,0.05555718826239936,30.241613510521933,2.586206896551724,10.961125865112018,0.06872424188058801,5.080591069767685,236,60,2,8,0.9672131147540983,0.967741935483871,0.9674775251189847,0.951165017555059,0.9673202614379085,0,5,5,0,0
rf_PZM,rf,PZM,11,phone_M1.wav,123.68382972550359,21.84981513361246,239,0.013072170166869354,30.058423414359872,3.0172413793103448,11.029578987945696,0.01617027449641739,5.049815133612459,236,59,3,8,0.9672131147540983,0.9516129032258065,0.9594130089899524,0.9459771775241947,0.9640522875816994,0,6,5,1,0
rf_PZM,rf,PZM,29,phone_M1.wav,123.63127575811941,21.880591069767686,238,0.05555718826239936,30.241613510521933,2.586206896551724,10.961125865112018,0.06872424188058801,5.080591069767685,236,60,2,8,0.9672131147540983,0.967741935483871,0.9674775251189847,0.951165017555059,0.9673202614379085,0,5,5,0,0
rf_PZM,rf,PZM,47,phone_M1.wav,123.68382972550359,21.84981513361246,239,0.013072170166869354,30.058423414359872,3.0172413793103448,11.029578987945696,0.01617027449641739,5.049815133612459,236,59,3,8,0.9672131147540983,0.9516129032258065,0.9594130089899524,0.9459771775241947,0.9640522875816994,0,6,5,1,0
gmm_PZM,gmm,PZM,11,phone_M1.wav,123.88998344747368,21.727785130089885,243,0.15358403191081588,29.332054345773116,4.741379310344827,11.409005896009587,0.18998344747367923,4.927785130089884,236,55,7,8,0.9672131147540983,0.8870967741935484,0.9271549444738234,0.924599589322382,0.9509803921568627,0,10,5,5,0
gmm_PZM,gmm,PZM,29,phone_M1.wav,123.88998344747368,21.727785130089885,243,0.15358403191081588,29.332054345773116,4.741379310344827,11.409005896009587,0.18998344747367923,4.927785130089884,236,55,7,8,0.9672131147540983,0.8870967741935484,0.9271549444738234,0.924599589322382,0.9509803921568627,0,10,5,5,0
gmm_PZM,gmm,PZM,47,phone_M1.wav,123.88998344747368,21.727785130089885,243,0.15358403191081588,29.332054345773116,4.741379310344827,11.409005896009587,0.18998344747367923,4.927785130089884,236,55,7,8,0.9672131147540983,0.8870967741935484,0.9271549444738234,0.924599589322382,0.9509803921568627,0,10,5,5,0
logistic_EZM,logistic,EZM,11,phone_M1.wav,123.63127575811941,21.880591069767686,238,0.05555718826239936,30.241613510521933,2.586206896551724,10.961125865112018,0.06872424188058801,5.080591069767685,236,60,2,8,0.9672131147540983,0.967741935483871,0.9674775251189847,0.951165017555059,0.9673202614379085,0,5,5,0,0
logistic_EZM,logistic,EZM,29,phone_M1.wav,123.63127575811941,21.880591069767686,238,0.05555718826239936,30.241613510521933,2.586206896551724,10.961125865112018,0.06872424188058801,5.080591069767685,236,60,2,8,0.9672131147540983,0.967741935483871,0.9674775251189847,0.951165017555059,0.9673202614379085,0,5,5,0,0
logistic_EZM,logistic,EZM,47,phone_M1.wav,123.63127575811941,21.880591069767686,238,0.05555718826239936,30.241613510521933,2.586206896551724,10.961125865112018,0.06872424188058801,5.080591069767685,236,60,2,8,0.9672131147540983,0.967741935483871,0.9674775251189847,0.951165017555059,0.9673202614379085,0,5,5,0,0
svm_EZM,svm,EZM,11,phone_M1.wav,123.63127575811941,21.880591069767686,238,0.05555718826239936,30.241613510521933,2.586206896551724,10.961125865112018,0.06872424188058801,5.080591069767685,236,60,2,8,0.9672131147540983,0.967741935483871,0.9674775251189847,0.951165017555059,0.9673202614379085,0,5,5,0,0
svm_EZM,svm,EZM,29,phone_M1.wav,123.63127575811941,21.880591069767686,238,0.05555718826239936,30.241613510521933,2.586206896551724,10.961125865112018,0.06872424188058801,5.080591069767685,236,60,2,8,0.9672131147540983,0.967741935483871,0.9674775251189847,0.951165017555059,0.9673202614379085,0,5,5,0,0
svm_EZM,svm,EZM,47,phone_M1.wav,123.63127575811941,21.880591069767686,238,0.05555718826239936,30.241613510521933,2.586206896551724,10.961125865112018,0.06872424188058801,5.080591069767685,236,60,2,8,0.9672131147540983,0.967741935483871,0.9674775251189847,0.951165017555059,0.9673202614379085,0,5,5,0,0
knn_EZM,knn,EZM,11,phone_M1.wav,123.63127575811941,21.880591069767686,238,0.05555718826239936,30.241613510521933,2.586206896551724,10.961125865112018,0.06872424188058801,5.080591069767685,236,60,2,8,0.9672131147540983,0.967741935483871,0.9674775251189847,0.951165017555059,0.9673202614379085,0,5,5,0,0
knn_EZM,knn,EZM,29,phone_M1.wav,123.63127575811941,21.880591069767686,238,0.05555718826239936,30.241613510521933,2.586206896551724,10.961125865112018,0.06872424188058801,5.080591069767685,236,60,2,8,0.9672131147540983,0.967741935483871,0.9674775251189847,0.951165017555059,0.9673202614379085,0,5,5,0,0
knn_EZM,knn,EZM,47,phone_M1.wav,123.63127575811941,21.880591069767686,238,0.05555718826239936,30.241613510521933,2.586206896551724,10.961125865112018,0.06872424188058801,5.080591069767685,236,60,2,8,0.9672131147540983,0.967741935483871,0.9674775251189847,0.951165017555059,0.9673202614379085,0,5,5,0,0
rf_EZM,rf,EZM,11,phone_M1.wav,123.63127575811941,21.880591069767686,238,0.05555718826239936,30.241613510521933,2.586206896551724,10.961125865112018,0.06872424188058801,5.080591069767685,236,60,2,8,0.9672131147540983,0.967741935483871,0.9674775251189847,0.951165017555059,0.9673202614379085,0,5,5,0,0
rf_EZM,rf,EZM,29,phone_M1.wav,123.63127575811941,21.880591069767686,238,0.05555718826239936,30.241613510521933,2.586206896551724,10.961125865112018,0.06872424188058801,5.080591069767685,236,60,2,8,0.9672131147540983,0.967741935483871,0.9674775251189847,0.951165017555059,0.9673202614379085,0,5,5,0,0
rf_EZM,rf,EZM,47,phone_M1.wav,123.63127575811941,21.880591069767686,238,0.05555718826239936,30.241613510521933,2.586206896551724,10.961125865112018,0.06872424188058801,5.080591069767685,236,60,2,8,0.9672131147540983,0.967741935483871,0.9674775251189847,0.951165017555059,0.9673202614379085,0,5,5,0,0
gmm_EZM,gmm,EZM,11,phone_M1.wav,123.73331645640899,21.762236502441926,242,0.026933271147116192,29.53712203834479,4.310344827586207,11.291466712359371,0.03331645640898273,4.962236502441925,236,57,5,8,0.9672131147540983,0.9193548387096774,0.9432839767318879,0.9354168357821251,0.9575163398692811,1,9,5,3,1
gmm_EZM,gmm,EZM,29,phone_M1.wav,123.73331645640899,21.762236502441926,242,0.026933271147116192,29.53712203834479,4.310344827586207,11.291466712359371,0.03331645640898273,4.962236502441925,236,57,5,8,0.9672131147540983,0.9193548387096774,0.9432839767318879,0.9354168357821251,0.9575163398692811,1,9,5,3,1
gmm_EZM,gmm,EZM,47,phone_M1.wav,123.73331645640899,21.762236502441926,242,0.026933271147116192,29.53712203834479,4.310344827586207,11.291466712359371,0.03331645640898273,4.962236502441925,236,57,5,8,0.9672131147540983,0.9193548387096774,0.9432839767318879,0.9354168357821251,0.9575163398692811,1,9,5,3,1
logistic_PEZM,logistic,PEZM,11,phone_M1.wav,123.63127575811941,21.880591069767686,238,0.05555718826239936,30.241613510521933,2.586206896551724,10.961125865112018,0.06872424188058801,5.080591069767685,236,60,2,8,0.9672131147540983,0.967741935483871,0.9674775251189847,0.951165017555059,0.9673202614379085,0,5,5,0,0
logistic_PEZM,logistic,PEZM,29,phone_M1.wav,123.63127575811941,21.880591069767686,238,0.05555718826239936,30.241613510521933,2.586206896551724,10.961125865112018,0.06872424188058801,5.080591069767685,236,60,2,8,0.9672131147540983,0.967741935483871,0.9674775251189847,0.951165017555059,0.9673202614379085,0,5,5,0,0
logistic_PEZM,logistic,PEZM,47,phone_M1.wav,123.63127575811941,21.880591069767686,238,0.05555718826239936,30.241613510521933,2.586206896551724,10.961125865112018,0.06872424188058801,5.080591069767685,236,60,2,8,0.9672131147540983,0.967741935483871,0.9674775251189847,0.951165017555059,0.9673202614379085,0,5,5,0,0
svm_PEZM,svm,PEZM,11,phone_M1.wav,123.63127575811941,21.880591069767686,238,0.05555718826239936,30.241613510521933,2.586206896551724,10.961125865112018,0.06872424188058801,5.080591069767685,236,60,2,8,0.9672131147540983,0.967741935483871,0.9674775251189847,0.951165017555059,0.9673202614379085,0,5,5,0,0
svm_PEZM,svm,PEZM,29,phone_M1.wav,123.63127575811941,21.880591069767686,238,0.05555718826239936,30.241613510521933,2.586206896551724,10.961125865112018,0.06872424188058801,5.080591069767685,236,60,2,8,0.9672131147540983,0.967741935483871,0.9674775251189847,0.951165017555059,0.9673202614379085,0,5,5,0,0
svm_PEZM,svm,PEZM,47,phone_M1.wav,123.63127575811941,21.880591069767686,238,0.05555718826239936,30.241613510521933,2.586206896551724,10.961125865112018,0.06872424188058801,5.080591069767685,236,60,2,8,0.9672131147540983,0.967741935483871,0.9674775251189847,0.951165017555059,0.9673202614379085,0,5,5,0,0
knn_PEZM,knn,PEZM,11,phone_M1.wav,123.63127575811941,21.880591069767686,238,0.05555718826239936,30.241613510521933,2.586206896551724,10.961125865112018,0.06872424188058801,5.080591069767685,236,60,2,8,0.9672131147540983,0.967741935483871,0.9674775251189847,0.951165017555059,0.9673202614379085,0,5,5,0,0
knn_PEZM,knn,PEZM,29,phone_M1.wav,123.63127575811941,21.880591069767686,238,0.05555718826239936,30.241613510521933,2.586206896551724,10.961125865112018,0.06872424188058801,5.080591069767685,236,60,2,8,0.9672131147540983,0.967741935483871,0.9674775251189847,0.951165017555059,0.9673202614379085,0,5,5,0,0
knn_PEZM,knn,PEZM,47,phone_M1.wav,123.63127575811941,21.880591069767686,238,0.05555718826239936,30.241613510521933,2.586206896551724,10.961125865112018,0.06872424188058801,5.080591069767685,236,60,2,8,0.9672131147540983,0.967741935483871,0.9674775251189847,0.951165017555059,0.9673202614379085,0,5,5,0,0
rf_PEZM,rf,PEZM,11,phone_M1.wav,123.63127575811941,21.880591069767686,238,0.05555718826239936,30.241613510521933,2.586206896551724,10.961125865112018,0.06872424188058801,5.080591069767685,236,60,2,8,0.9672131147540983,0.967741935483871,0.9674775251189847,0.951165017555059,0.9673202614379085,0,5,5,0,0
rf_PEZM,rf,PEZM,29,phone_M1.wav,123.63127575811941,21.880591069767686,238,0.05555718826239936,30.241613510521933,2.586206896551724,10.961125865112018,0.06872424188058801,5.080591069767685,236,60,2,8,0.9672131147540983,0.967741935483871,0.9674775251189847,0.951165017555059,0.9673202614379085,0,5,5,0,0
rf_PEZM,rf,PEZM,47,phone_M1.wav,123.63127575811941,21.880591069767686,238,0.05555718826239936,30.241613510521933,2.586206896551724,10.961125865112018,0.06872424188058801,5.080591069767685,236,60,2,8,0.9672131147540983,0.967741935483871,0.9674775251189847,0.951165017555059,0.9673202614379085,0,5,5,0,0
gmm_PEZM,gmm,PEZM,11,phone_M1.wav,123.73812053556706,21.82039516642687,240,0.030816924468116562,29.883304562064698,3.4482758620689653,11.120799116200594,0.03812053556706019,5.020395166426869,236,58,4,8,0.9672131147540983,0.9354838709677419,0.9513484928609202,0.9407283057851239,0.9607843137254902,0,7,5,2,0
gmm_PEZM,gmm,PEZM,29,phone_M1.wav,123.73812053556706,21.82039516642687,240,0.030816924468116562,29.883304562064698,3.4482758620689653,11.120799116200594,0.03812053556706019,5.020395166426869,236,58,4,8,0.9672131147540983,0.9354838709677419,0.9513484928609202,0.9407283057851239,0.9607843137254902,0,7,5,2,0
gmm_PEZM,gmm,PEZM,47,phone_M1.wav,123.73812053556706,21.82039516642687,240,0.030816924468116562,29.883304562064698,3.4482758620689653,11.120799116200594,0.03812053556706019,5.020395166426869,236,58,4,8,0.9672131147540983,0.9354838709677419,0.9513484928609202,0.9407283057851239,0.9607843137254902,0,7,5,2,0
logistic_SM,logistic,SM,11,phone_M1.wav,124.66128551325147,25.27338905069218,240,0.7771103583277834,50.436839587453456,3.4482758620689653,18.22074193595007,0.9612855132514682,8.47338905069218,236,60,2,8,0.9672131147540983,0.967741935483871,0.9674775251189847,0.951165017555059,0.9673202614379085,2,7,5,0,2
logistic_SM,logistic,SM,29,phone_M1.wav,124.66128551325147,25.27338905069218,240,0.7771103583277834,50.436839587453456,3.4482758620689653,18.22074193595007,0.9612855132514682,8.47338905069218,236,60,2,8,0.9672131147540983,0.967741935483871,0.9674775251189847,0.951165017555059,0.9673202614379085,2,7,5,0,2
logistic_SM,logistic,SM,47,phone_M1.wav,124.66128551325147,25.27338905069218,240,0.7771103583277834,50.436839587453456,3.4482758620689653,18.22074193595007,0.9612855132514682,8.47338905069218,236,60,2,8,0.9672131147540983,0.967741935483871,0.9674775251189847,0.951165017555059,0.9673202614379085,2,7,5,0,2
svm_SM,svm,SM,11,phone_M1.wav,124.4299508957491,25.07135805448674,239,0.5900977330227151,49.23427413384964,3.0172413793103448,17.6138710820609,0.7299508957490985,8.27135805448674,236,60,2,8,0.9672131147540983,0.967741935483871,0.9674775251189847,0.951165017555059,0.9673202614379085,1,6,5,0,1
svm_SM,svm,SM,29,phone_M1.wav,124.4299508957491,25.07135805448674,239,0.5900977330227151,49.23427413384964,3.0172413793103448,17.6138710820609,0.7299508957490985,8.27135805448674,236,60,2,8,0.9672131147540983,0.967741935483871,0.9674775251189847,0.951165017555059,0.9673202614379085,1,6,5,0,1
svm_SM,svm,SM,47,phone_M1.wav,124.4299508957491,25.07135805448674,239,0.5900977330227151,49.23427413384964,3.0172413793103448,17.6138710820609,0.7299508957490985,8.27135805448674,236,60,2,8,0.9672131147540983,0.967741935483871,0.9674775251189847,0.951165017555059,0.9673202614379085,1,6,5,0,1
knn_SM,knn,SM,11,phone_M1.wav,123.63127575811941,21.880591069767686,238,0.05555718826239936,30.241613510521933,2.586206896551724,10.961125865112018,0.06872424188058801,5.080591069767685,236,60,2,8,0.9672131147540983,0.967741935483871,0.9674775251189847,0.951165017555059,0.9673202614379085,0,5,5,0,0
knn_SM,knn,SM,29,phone_M1.wav,123.63127575811941,21.880591069767686,238,0.05555718826239936,30.241613510521933,2.586206896551724,10.961125865112018,0.06872424188058801,5.080591069767685,236,60,2,8,0.9672131147540983,0.967741935483871,0.9674775251189847,0.951165017555059,0.9673202614379085,0,5,5,0,0
knn_SM,knn,SM,47,phone_M1.wav,123.63127575811941,21.880591069767686,238,0.05555718826239936,30.241613510521933,2.586206896551724,10.961125865112018,0.06872424188058801,5.080591069767685,236,60,2,8,0.9672131147540983,0.967741935483871,0.9674775251189847,0.951165017555059,0.9673202614379085,0,5,5,0,0
rf_SM,rf,SM,11,phone_M1.wav,123.63127575811941,21.880591069767686,238,0.05555718826239936,30.241613510521933,2.586206896551724,10.961125865112018,0.06872424188058801,5.080591069767685,236,60,2,8,0.9672131147540983,0.967741935483871,0.9674775251189847,0.951165017555059,0.9673202614379085,0,5,5,0,0
rf_SM,rf,SM,29,phone_M1.wav,123.63127575811941,21.880591069767686,238,0.05555718826239936,30.241613510521933,2.586206896551724,10.961125865112018,0.06872424188058801,5.080591069767685,236,60,2,8,0.9672131147540983,0.967741935483871,0.9674775251189847,0.951165017555059,0.9673202614379085,0,5,5,0,0
rf_SM,rf,SM,47,phone_M1.wav,123.63127575811941,21.880591069767686,238,0.05555718826239936,30.241613510521933,2.586206896551724,10.961125865112018,0.06872424188058801,5.080591069767685,236,60,2,8,0.9672131147540983,0.967741935483871,0.9674775251189847,0.951165017555059,0.9673202614379085,0,5,5,0,0
gmm_SM,gmm,SM,11,phone_M1.wav,123.63127575811941,21.880591069767686,238,0.05555718826239936,30.241613510521933,2.586206896551724,10.961125865112018,0.06872424188058801,5.080591069767685,236,60,2,8,0.9672131147540983,0.967741935483871,0.9674775251189847,0.951165017555059,0.9673202614379085,0,5,5,0,0
gmm_SM,gmm,SM,29,phone_M1.wav,123.63127575811941,21.880591069767686,238,0.05555718826239936,30.241613510521933,2.586206896551724,10.961125865112018,0.06872424188058801,5.080591069767685,236,60,2,8,0.9672131147540983,0.967741935483871,0.9674775251189847,0.951165017555059,0.9673202614379085,0,5,5,0,0
gmm_SM,gmm,SM,47,phone_M1.wav,123.63127575811941,21.880591069767686,238,0.05555718826239936,30.241613510521933,2.586206896551724,10.961125865112018,0.06872424188058801,5.080591069767685,236,60,2,8,0.9672131147540983,0.967741935483871,0.9674775251189847,0.951165017555059,0.9673202614379085,0,5,5,0,0
logistic_PSM,logistic,PSM,11,phone_M1.wav,124.71129521709997,25.232796836175154,241,0.8175385748585048,50.19521926294734,3.8793103448275863,18.29735606087781,1.0112952170999705,8.432796836175154,236,59,3,8,0.9672131147540983,0.9516129032258065,0.9594130089899524,0.9459771775241947,0.9640522875816994,2,8,5,1,2
logistic_PSM,logistic,PSM,29,phone_M1.wav,124.71129521709997,25.232796836175154,241,0.8175385748585048,50.19521926294734,3.8793103448275863,18.29735606087781,1.0112952170999705,8.432796836175154,236,59,3,8,0.9672131147540983,0.9516129032258065,0.9594130089899524,0.9459771775241947,0.9640522875816994,2,8,5,1,2
logistic_PSM,logistic,PSM,47,phone_M1.wav,124.71129521709997,25.232796836175154,241,0.8175385748585048,50.19521926294734,3.8793103448275863,18.29735606087781,1.0112952170999705,8.432796836175154,236,59,3,8,0.9672131147540983,0.9516129032258065,0.9594130089899524,0.9459771775241947,0.9640522875816994,2,8,5,1,2
svm_PSM,svm,PSM,11,phone_M1.wav,124.66128551325147,25.27338905069218,240,0.7771103583277834,50.436839587453456,3.4482758620689653,18.22074193595007,0.9612855132514682,8.47338905069218,236,60,2,8,0.9672131147540983,0.967741935483871,0.9674775251189847,0.951165017555059,0.9673202614379085,2,7,5,0,2
svm_PSM,svm,PSM,29,phone_M1.wav,124.66128551325147,25.27338905069218,240,0.7771103583277834,50.436839587453456,3.4482758620689653,18.22074193595007,0.9612855132514682,8.47338905069218,236,60,2,8,0.9672131147540983,0.967741935483871,0.9674775251189847,0.951165017555059,0.9673202614379085,2,7,5,0,2
svm_PSM,svm,PSM,47,phone_M1.wav,124.66128551325147,25.27338905069218,240,0.7771103583277834,50.436839587453456,3.4482758620689653,18.22074193595007,0.9612855132514682,8.47338905069218,236,60,2,8,0.9672131147540983,0.967741935483871,0.9674775251189847,0.951165017555059,0.9673202614379085,2,7,5,0,2
knn_PSM,knn,PSM,11,phone_M1.wav,123.63127575811941,21.880591069767686,238,0.05555718826239936,30.241613510521933,2.586206896551724,10.961125865112018,0.06872424188058801,5.080591069767685,236,60,2,8,0.9672131147540983,0.967741935483871,0.9674775251189847,0.951165017555059,0.9673202614379085,0,5,5,0,0
knn_PSM,knn,PSM,29,phone_M1.wav,123.63127575811941,21.880591069767686,238,0.05555718826239936,30.241613510521933,2.586206896551724,10.961125865112018,0.06872424188058801,5.080591069767685,236,60,2,8,0.9672131147540983,0.967741935483871,0.9674775251189847,0.951165017555059,0.9673202614379085,0,5,5,0,0
knn_PSM,knn,PSM,47,phone_M1.wav,123.63127575811941,21.880591069767686,238,0.05555718826239936,30.241613510521933,2.586206896551724,10.961125865112018,0.06872424188058801,5.080591069767685,236,60,2,8,0.9672131147540983,0.967741935483871,0.9674775251189847,0.951165017555059,0.9673202614379085,0,5,5,0,0
rf_PSM,rf,PSM,11,phone_M1.wav,123.68382972550359,21.84981513361246,239,0.013072170166869354,30.058423414359872,3.0172413793103448,11.029578987945696,0.01617027449641739,5.049815133612459,236,59,3,8,0.9672131147540983,0.9516129032258065,0.9594130089899524,0.9459771775241947,0.9640522875816994,0,6,5,1,0
rf_PSM,rf,PSM,29,phone_M1.wav,123.63127575811941,21.880591069767686,238,0.05555718826239936,30.241613510521933,2.586206896551724,10.961125865112018,0.06872424188058801,5.080591069767685,236,60,2,8,0.9672131147540983,0.967741935483871,0.9674775251189847,0.951165017555059,0.9673202614379085,0,5,5,0,0
rf_PSM,rf,PSM,47,phone_M1.wav,123.68382972550359,21.84981513361246,239,0.013072170166869354,30.058423414359872,3.0172413793103448,11.029578987945696,0.01617027449641739,5.049815133612459,236,59,3,8,0.9672131147540983,0.9516129032258065,0.9594130089899524,0.9459771775241947,0.9640522875816994,0,6,5,1,0
gmm_PSM,gmm,PSM,11,phone_M1.wav,123.63127575811941,21.880591069767686,238,0.05555718826239936,30.241613510521933,2.586206896551724,10.961125865112018,0.06872424188058801,5.080591069767685,236,60,2,8,0.9672131147540983,0.967741935483871,0.9674775251189847,0.951165017555059,0.9673202614379085,0,5,5,0,0
gmm_PSM,gmm,PSM,29,phone_M1.wav,123.63127575811941,21.880591069767686,238,0.05555718826239936,30.241613510521933,2.586206896551724,10.961125865112018,0.06872424188058801,5.080591069767685,236,60,2,8,0.9672131147540983,0.967741935483871,0.9674775251189847,0.951165017555059,0.9673202614379085,0,5,5,0,0
gmm_PSM,gmm,PSM,47,phone_M1.wav,123.63127575811941,21.880591069767686,238,0.05555718826239936,30.241613510521933,2.586206896551724,10.961125865112018,0.06872424188058801,5.080591069767685,236,60,2,8,0.9672131147540983,0.967741935483871,0.9674775251189847,0.951165017555059,0.9673202614379085,0,5,5,0,0
logistic_ESM,logistic,ESM,11,phone_M1.wav,123.63127575811941,21.880591069767686,238,0.05555718826239936,30.241613510521933,2.586206896551724,10.961125865112018,0.06872424188058801,5.080591069767685,236,60,2,8,0.9672131147540983,0.967741935483871,0.9674775251189847,0.951165017555059,0.9673202614379085,0,5,5,0,0
logistic_ESM,logistic,ESM,29,phone_M1.wav,123.63127575811941,21.880591069767686,238,0.05555718826239936,30.241613510521933,2.586206896551724,10.961125865112018,0.06872424188058801,5.080591069767685,236,60,2,8,0.9672131147540983,0.967741935483871,0.9674775251189847,0.951165017555059,0.9673202614379085,0,5,5,0,0
logistic_ESM,logistic,ESM,47,phone_M1.wav,123.63127575811941,21.880591069767686,238,0.05555718826239936,30.241613510521933,2.586206896551724,10.961125865112018,0.06872424188058801,5.080591069767685,236,60,2,8,0.9672131147540983,0.967741935483871,0.9674775251189847,0.951165017555059,0.9673202614379085,0,5,5,0,0
svm_ESM,svm,ESM,11,phone_M1.wav,123.63127575811941,21.880591069767686,238,0.05555718826239936,30.241613510521933,2.586206896551724,10.961125865112018,0.06872424188058801,5.080591069767685,236,60,2,8,0.9672131147540983,0.967741935483871,0.9674775251189847,0.951165017555059,0.9673202614379085,0,5,5,0,0
svm_ESM,svm,ESM,29,phone_M1.wav,123.63127575811941,21.880591069767686,238,0.05555718826239936,30.241613510521933,2.586206896551724,10.961125865112018,0.06872424188058801,5.080591069767685,236,60,2,8,0.9672131147540983,0.967741935483871,0.9674775251189847,0.951165017555059,0.9673202614379085,0,5,5,0,0
svm_ESM,svm,ESM,47,phone_M1.wav,123.63127575811941,21.880591069767686,238,0.05555718826239936,30.241613510521933,2.586206896551724,10.961125865112018,0.06872424188058801,5.080591069767685,236,60,2,8,0.9672131147540983,0.967741935483871,0.9674775251189847,0.951165017555059,0.9673202614379085,0,5,5,0,0
knn_ESM,knn,ESM,11,phone_M1.wav,123.63127575811941,21.880591069767686,238,0.05555718826239936,30.241613510521933,2.586206896551724,10.961125865112018,0.06872424188058801,5.080591069767685,236,60,2,8,0.9672131147540983,0.967741935483871,0.9674775251189847,0.951165017555059,0.9673202614379085,0,5,5,0,0
knn_ESM,knn,ESM,29,phone_M1.wav,123.63127575811941,21.880591069767686,238,0.05555718826239936,30.241613510521933,2.586206896551724,10.961125865112018,0.06872424188058801,5.080591069767685,236,60,2,8,0.9672131147540983,0.967741935483871,0.9674775251189847,0.951165017555059,0.9673202614379085,0,5,5,0,0
knn_ESM,knn,ESM,47,phone_M1.wav,123.63127575811941,21.880591069767686,238,0.05555718826239936,30.241613510521933,2.586206896551724,10.961125865112018,0.06872424188058801,5.080591069767685,236,60,2,8,0.9672131147540983,0.967741935483871,0.9674775251189847,0.951165017555059,0.9673202614379085,0,5,5,0,0
rf_ESM,rf,ESM,11,phone_M1.wav,123.63127575811941,21.880591069767686,238,0.05555718826239936,30.241613510521933,2.586206896551724,10.961125865112018,0.06872424188058801,5.080591069767685,236,60,2,8,0.9672131147540983,0.967741935483871,0.9674775251189847,0.951165017555059,0.9673202614379085,0,5,5,0,0
rf_ESM,rf,ESM,29,phone_M1.wav,123.63127575811941,21.880591069767686,238,0.05555718826239936,30.241613510521933,2.586206896551724,10.961125865112018,0.06872424188058801,5.080591069767685,236,60,2,8,0.9672131147540983,0.967741935483871,0.9674775251189847,0.951165017555059,0.9673202614379085,0,5,5,0,0
rf_ESM,rf,ESM,47,phone_M1.wav,123.63127575811941,21.880591069767686,238,0.05555718826239936,30.241613510521933,2.586206896551724,10.961125865112018,0.06872424188058801,5.080591069767685,236,60,2,8,0.9672131147540983,0.967741935483871,0.9674775251189847,0.951165017555059,0.9673202614379085,0,5,5,0,0
gmm_ESM,gmm,ESM,11,phone_M1.wav,123.63127575811941,21.880591069767686,238,0.05555718826239936,30.241613510521933,2.586206896551724,10.961125865112018,0.06872424188058801,5.080591069767685,236,60,2,8,0.9672131147540983,0.967741935483871,0.9674775251189847,0.951165017555059,0.9673202614379085,0,5,5,0,0
gmm_ESM,gmm,ESM,29,phone_M1.wav,123.63127575811941,21.880591069767686,238,0.05555718826239936,30.241613510521933,2.586206896551724,10.961125865112018,0.06872424188058801,5.080591069767685,236,60,2,8,0.9672131147540983,0.967741935483871,0.9674775251189847,0.951165017555059,0.9673202614379085,0,5,5,0,0
gmm_ESM,gmm,ESM,47,phone_M1.wav,123.63127575811941,21.880591069767686,238,0.05555718826239936,30.241613510521933,2.586206896551724,10.961125865112018,0.06872424188058801,5.080591069767685,236,60,2,8,0.9672131147540983,0.967741935483871,0.9674775251189847,0.951165017555059,0.9673202614379085,0,5,5,0,0
logistic_PESM,logistic,PESM,11,phone_M1.wav,123.63127575811941,21.880591069767686,238,0.05555718826239936,30.241613510521933,2.586206896551724,10.961125865112018,0.06872424188058801,5.080591069767685,236,60,2,8,0.9672131147540983,0.967741935483871,0.9674775251189847,0.951165017555059,0.9673202614379085,0,5,5,0,0
logistic_PESM,logistic,PESM,29,phone_M1.wav,123.63127575811941,21.880591069767686,238,0.05555718826239936,30.241613510521933,2.586206896551724,10.961125865112018,0.06872424188058801,5.080591069767685,236,60,2,8,0.9672131147540983,0.967741935483871,0.9674775251189847,0.951165017555059,0.9673202614379085,0,5,5,0,0
logistic_PESM,logistic,PESM,47,phone_M1.wav,123.63127575811941,21.880591069767686,238,0.05555718826239936,30.241613510521933,2.586206896551724,10.961125865112018,0.06872424188058801,5.080591069767685,236,60,2,8,0.9672131147540983,0.967741935483871,0.9674775251189847,0.951165017555059,0.9673202614379085,0,5,5,0,0
svm_PESM,svm,PESM,11,phone_M1.wav,123.63127575811941,21.880591069767686,238,0.05555718826239936,30.241613510521933,2.586206896551724,10.961125865112018,0.06872424188058801,5.080591069767685,236,60,2,8,0.9672131147540983,0.967741935483871,0.9674775251189847,0.951165017555059,0.9673202614379085,0,5,5,0,0
svm_PESM,svm,PESM,29,phone_M1.wav,123.63127575811941,21.880591069767686,238,0.05555718826239936,30.241613510521933,2.586206896551724,10.961125865112018,0.06872424188058801,5.080591069767685,236,60,2,8,0.9672131147540983,0.967741935483871,0.9674775251189847,0.951165017555059,0.9673202614379085,0,5,5,0,0
svm_PESM,svm,PESM,47,phone_M1.wav,123.63127575811941,21.880591069767686,238,0.05555718826239936,30.241613510521933,2.586206896551724,10.961125865112018,0.06872424188058801,5.080591069767685,236,60,2,8,0.9672131147540983,0.967741935483871,0.9674775251189847,0.951165017555059,0.9673202614379085,0,5,5,0,0
knn_PESM,knn,PESM,11,phone_M1.wav,123.63127575811941,21.880591069767686,238,0.05555718826239936,30.241613510521933,2.586206896551724,10.961125865112018,0.06872424188058801,5.080591069767685,236,60,2,8,0.9672131147540983,0.967741935483871,0.9674775251189847,0.951165017555059,0.9673202614379085,0,5,5,0,0
knn_PESM,knn,PESM,29,phone_M1.wav,123.63127575811941,21.880591069767686,238,0.05555718826239936,30.241613510521933,2.586206896551724,10.961125865112018,0.06872424188058801,5.080591069767685,236,60,2,8,0.9672131147540983,0.967741935483871,0.9674775251189847,0.951165017555059,0.9673202614379085,0,5,5,0,0
knn_PESM,knn,PESM,47,phone_M1.wav,123.63127575811941,21.880591069767686,238,0.05555718826239936,30.241613510521933,2.586206896551724,10.961125865112018,0.06872424188058801,5.080591069767685,236,60,2,8,0.9672131147540983,0.967741935483871,0.9674775251189847,0.951165017555059,0.9673202614379085,0,5,5,0,0
rf_PESM,rf,PESM,11,phone_M1.wav,123.63127575811941,21.880591069767686,238,0.05555718826239936,30.241613510521933,2.586206896551724,10.961125865112018,0.06872424188058801,5.080591069767685,236,60,2,8,0.9672131147540983,0.967741935483871,0.9674775251189847,0.951165017555059,0.9673202614379085,0,5,5,0,0
rf_PESM,rf,PESM,29,phone_M1.wav,123.63127575811941,21.880591069767686,238,0.05555718826239936,30.241613510521933,2.586206896551724,10.961125865112018,0.06872424188058801,5.080591069767685,236,60,2,8,0.9672131147540983,0.967741935483871,0.9674775251189847,0.951165017555059,0.9673202614379085,0,5,5,0,0
rf_PESM,rf,PESM,47,phone_M1.wav,123.63127575811941,21.880591069767686,238,0.05555718826239936,30.241613510521933,2.586206896551724,10.961125865112018,0.06872424188058801,5.080591069767685,236,60,2,8,0.9672131147540983,0.967741935483871,0.9674775251189847,0.951165017555059,0.9673202614379085,0,5,5,0,0
gmm_PESM,gmm,PESM,11,phone_M1.wav,123.63127575811941,21.880591069767686,238,0.05555718826239936,30.241613510521933,2.586206896551724,10.961125865112018,0.06872424188058801,5.080591069767685,236,60,2,8,0.9672131147540983,0.967741935483871,0.9674775251189847,0.951165017555059,0.9673202614379085,0,5,5,0,0
gmm_PESM,gmm,PESM,29,phone_M1.wav,123.78966558278921,21.789714490831916,241,0.07248632400097736,29.70068149304711,3.8793103448275863,11.217492720625224,0.089665582789209,4.989714490831915,236,57,5,8,0.9672131147540983,0.9193548387096774,0.9432839767318879,0.9354168357821251,0.9575163398692811,0,8,5,3,0
gmm_PESM,gmm,PESM,47,phone_M1.wav,123.78966558278921,21.789714490831916,241,0.07248632400097736,29.70068149304711,3.8793103448275863,11.217492720625224,0.089665582789209,4.989714490831915,236,57,5,8,0.9672131147540983,0.9193548387096774,0.9432839767318879,0.9354168357821251,0.9575163398692811,0,8,5,3,0
logistic_ZSM,logistic,ZSM,11,phone_M1.wav,123.68601361746092,21.851091232414877,239,0.011306695666198522,30.06601924056474,3.0172413793103448,11.031522438513761,0.013986382539087572,5.051091232414876,236,59,3,8,0.9672131147540983,0.9516129032258065,0.9594130089899524,0.9459771775241947,0.9640522875816994,0,6,5,1,0
logistic_ZSM,logistic,ZSM,29,phone_M1.wav,123.68601361746092,21.851091232414877,239,0.011306695666198522,30.06601924056474,3.0172413793103448,11.031522438513761,0.013986382539087572,5.051091232414876,236,59,3,8,0.9672131147540983,0.9516129032258065,0.9594130089899524,0.9459771775241947,0.9640522875816994,0,6,5,1,0
logistic_ZSM,logistic,ZSM,47,phone_M1.wav,123.68601361746092,21.851091232414877,239,0.011306695666198522,30.06601924056474,3.0172413793103448,11.031522438513761,0.013986382539087572,5.051091232414876,236,59,3,8,0.9672131147540983,0.9516129032258065,0.9594130089899524,0.9459771775241947,0.9640522875816994,0,6,5,1,0
svm_ZSM,svm,ZSM,11,phone_M1.wav,123.63127575811941,21.880591069767686,238,0.05555718826239936,30.241613510521933,2.586206896551724,10.961125865112018,0.06872424188058801,5.080591069767685,236,60,2,8,0.9672131147540983,0.967741935483871,0.9674775251189847,0.951165017555059,0.9673202614379085,0,5,5,0,0
svm_ZSM,svm,ZSM,29,phone_M1.wav,123.63127575811941,21.880591069767686,238,0.05555718826239936,30.241613510521933,2.586206896551724,10.961125865112018,0.06872424188058801,5.080591069767685,236,60,2,8,0.9672131147540983,0.967741935483871,0.9674775251189847,0.951165017555059,0.9673202614379085,0,5,5,0,0
svm_ZSM,svm,ZSM,47,phone_M1.wav,123.63127575811941,21.880591069767686,238,0.05555718826239936,30.241613510521933,2.586206896551724,10.961125865112018,0.06872424188058801,5.080591069767685,236,60,2,8,0.9672131147540983,0.967741935483871,0.9674775251189847,0.951165017555059,0.9673202614379085,0,5,5,0,0
knn_ZSM,knn,ZSM,11,phone_M1.wav,123.63127575811941,21.880591069767686,238,0.05555718826239936,30.241613510521933,2.586206896551724,10.961125865112018,0.06872424188058801,5.080591069767685,236,60,2,8,0.9672131147540983,0.967741935483871,0.9674775251189847,0.951165017555059,0.9673202614379085,0,5,5,0,0
knn_ZSM,knn,ZSM,29,phone_M1.wav,123.63127575811941,21.880591069767686,238,0.05555718826239936,30.241613510521933,2.586206896551724,10.961125865112018,0.06872424188058801,5.080591069767685,236,60,2,8,0.9672131147540983,0.967741935483871,0.9674775251189847,0.951165017555059,0.9673202614379085,0,5,5,0,0
knn_ZSM,knn,ZSM,47,phone_M1.wav,123.63127575811941,21.880591069767686,238,0.05555718826239936,30.241613510521933,2.586206896551724,10.961125865112018,0.06872424188058801,5.080591069767685,236,60,2,8,0.9672131147540983,0.967741935483871,0.9674775251189847,0.951165017555059,0.9673202614379085,0,5,5,0,0
rf_ZSM,rf,ZSM,11,phone_M1.wav,123.63127575811941,21.880591069767686,238,0.05555718826239936,30.241613510521933,2.586206896551724,10.961125865112018,0.06872424188058801,5.080591069767685,236,60,2,8,0.9672131147540983,0.967741935483871,0.9674775251189847,0.951165017555059,0.9673202614379085,0,5,5,0,0
rf_ZSM,rf,ZSM,29,phone_M1.wav,123.63127575811941,21.880591069767686,238,0.05555718826239936,30.241613510521933,2.586206896551724,10.961125865112018,0.06872424188058801,5.080591069767685,236,60,2,8,0.9672131147540983,0.967741935483871,0.9674775251189847,0.951165017555059,0.9673202614379085,0,5,5,0,0
rf_ZSM,rf,ZSM,47,phone_M1.wav,123.63127575811941,21.880591069767686,238,0.05555718826239936,30.241613510521933,2.586206896551724,10.961125865112018,0.06872424188058801,5.080591069767685,236,60,2,8,0.9672131147540983,0.967741935483871,0.9674775251189847,0.951165017555059,0.9673202614379085,0,5,5,0,0
gmm_ZSM,gmm,ZSM,11,phone_M1.wav,123.63127575811941,21.880591069767686,238,0.05555718826239936,30.241613510521933,2.586206896551724,10.961125865112018,0.06872424188058801,5.080591069767685,236,60,2,8,0.9672131147540983,0.967741935483871,0.9674775251189847,0.951165017555059,0.9673202614379085,0,5,5,0,0
gmm_ZSM,gmm,ZSM,29,phone_M1.wav,123.63127575811941,21.880591069767686,238,0.05555718826239936,30.241613510521933,2.586206896551724,10.961125865112018,0.06872424188058801,5.080591069767685,236,60,2,8,0.9672131147540983,0.967741935483871,0.9674775251189847,0.951165017555059,0.9673202614379085,0,5,5,0,0
gmm_ZSM,gmm,ZSM,47,phone_M1.wav,123.63127575811941,21.880591069767686,238,0.05555718826239936,30.241613510521933,2.586206896551724,10.961125865112018,0.06872424188058801,5.080591069767685,236,60,2,8,0.9672131147540983,0.967741935483871,0.9674775251189847,0.951165017555059,0.9673202614379085,0,5,5,0,0
logistic_PZSM,logistic,PZSM,11,phone_M1.wav,124.71129521709997,25.232796836175154,241,0.8175385748585048,50.19521926294734,3.8793103448275863,18.29735606087781,1.0112952170999705,8.432796836175154,236,59,3,8,0.9672131147540983,0.9516129032258065,0.9594130089899524,0.9459771775241947,0.9640522875816994,2,8,5,1,2
logistic_PZSM,logistic,PZSM,29,phone_M1.wav,124.71129521709997,25.232796836175154,241,0.8175385748585048,50.19521926294734,3.8793103448275863,18.29735606087781,1.0112952170999705,8.432796836175154,236,59,3,8,0.9672131147540983,0.9516129032258065,0.9594130089899524,0.9459771775241947,0.9640522875816994,2,8,5,1,2
logistic_PZSM,logistic,PZSM,47,phone_M1.wav,124.71129521709997,25.232796836175154,241,0.8175385748585048,50.19521926294734,3.8793103448275863,18.29735606087781,1.0112952170999705,8.432796836175154,236,59,3,8,0.9672131147540983,0.9516129032258065,0.9594130089899524,0.9459771775241947,0.9640522875816994,2,8,5,1,2
svm_PZSM,svm,PZSM,11,phone_M1.wav,123.63127575811941,21.880591069767686,238,0.05555718826239936,30.241613510521933,2.586206896551724,10.961125865112018,0.06872424188058801,5.080591069767685,236,60,2,8,0.9672131147540983,0.967741935483871,0.9674775251189847,0.951165017555059,0.9673202614379085,0,5,5,0,0
svm_PZSM,svm,PZSM,29,phone_M1.wav,123.63127575811941,21.880591069767686,238,0.05555718826239936,30.241613510521933,2.586206896551724,10.961125865112018,0.06872424188058801,5.080591069767685,236,60,2,8,0.9672131147540983,0.967741935483871,0.9674775251189847,0.951165017555059,0.9673202614379085,0,5,5,0,0
svm_PZSM,svm,PZSM,47,phone_M1.wav,123.63127575811941,21.880591069767686,238,0.05555718826239936,30.241613510521933,2.586206896551724,10.961125865112018,0.06872424188058801,5.080591069767685,236,60,2,8,0.9672131147540983,0.967741935483871,0.9674775251189847,0.951165017555059,0.9673202614379085,0,5,5,0,0
knn_PZSM,knn,PZSM,11,phone_M1.wav,123.63127575811941,21.880591069767686,238,0.05555718826239936,30.241613510521933,2.586206896551724,10.961125865112018,0.06872424188058801,5.080591069767685,236,60,2,8,0.9672131147540983,0.967741935483871,0.9674775251189847,0.951165017555059,0.9673202614379085,0,5,5,0,0
knn_PZSM,knn,PZSM,29,phone_M1.wav,123.63127575811941,21.880591069767686,238,0.05555718826239936,30.241613510521933,2.586206896551724,10.961125865112018,0.06872424188058801,5.080591069767685,236,60,2,8,0.9672131147540983,0.967741935483871,0.9674775251189847,0.951165017555059,0.9673202614379085,0,5,5,0,0
knn_PZSM,knn,PZSM,47,phone_M1.wav,123.63127575811941,21.880591069767686,238,0.05555718826239936,30.241613510521933,2.586206896551724,10.961125865112018,0.06872424188058801,5.080591069767685,236,60,2,8,0.9672131147540983,0.967741935483871,0.9674775251189847,0.951165017555059,0.9673202614379085,0,5,5,0,0
rf_PZSM,rf,PZSM,11,phone_M1.wav,123.68382972550359,21.84981513361246,239,0.013072170166869354,30.058423414359872,3.0172413793103448,11.029578987945696,0.01617027449641739,5.049815133612459,236,59,3,8,0.9672131147540983,0.9516129032258065,0.9594130089899524,0.9459771775241947,0.9640522875816994,0,6,5,1,0
rf_PZSM,rf,PZSM,29,phone_M1.wav,123.68382972550359,21.84981513361246,239,0.013072170166869354,30.058423414359872,3.0172413793103448,11.029578987945696,0.01617027449641739,5.049815133612459,236,59,3,8,0.9672131147540983,0.9516129032258065,0.9594130089899524,0.9459771775241947,0.9640522875816994,0,6,5,1,0
rf_PZSM,rf,PZSM,47,phone_M1.wav,123.68382972550359,21.84981513361246,239,0.013072170166869354,30.058423414359872,3.0172413793103448,11.029578987945696,0.01617027449641739,5.049815133612459,236,59,3,8,0.9672131147540983,0.9516129032258065,0.9594130089899524,0.9459771775241947,0.9640522875816994,0,6,5,1,0
gmm_PZSM,gmm,PZSM,11,phone_M1.wav,123.63127575811941,21.880591069767686,238,0.05555718826239936,30.241613510521933,2.586206896551724,10.961125865112018,0.06872424188058801,5.080591069767685,236,60,2,8,0.9672131147540983,0.967741935483871,0.9674775251189847,0.951165017555059,0.9673202614379085,0,5,5,0,0
gmm_PZSM,gmm,PZSM,29,phone_M1.wav,123.63127575811941,21.880591069767686,238,0.05555718826239936,30.241613510521933,2.586206896551724,10.961125865112018,0.06872424188058801,5.080591069767685,236,60,2,8,0.9672131147540983,0.967741935483871,0.9674775251189847,0.951165017555059,0.9673202614379085,0,5,5,0,0
gmm_PZSM,gmm,PZSM,47,phone_M1.wav,123.63127575811941,21.880591069767686,238,0.05555718826239936,30.241613510521933,2.586206896551724,10.961125865112018,0.06872424188058801,5.080591069767685,236,60,2,8,0.9672131147540983,0.967741935483871,0.9674775251189847,0.951165017555059,0.9673202614379085,0,5,5,0,0
logistic_EZSM,logistic,EZSM,11,phone_M1.wav,123.63127575811941,21.880591069767686,238,0.05555718826239936,30.241613510521933,2.586206896551724,10.961125865112018,0.06872424188058801,5.080591069767685,236,60,2,8,0.9672131147540983,0.967741935483871,0.9674775251189847,0.951165017555059,0.9673202614379085,0,5,5,0,0
logistic_EZSM,logistic,EZSM,29,phone_M1.wav,123.63127575811941,21.880591069767686,238,0.05555718826239936,30.241613510521933,2.586206896551724,10.961125865112018,0.06872424188058801,5.080591069767685,236,60,2,8,0.9672131147540983,0.967741935483871,0.9674775251189847,0.951165017555059,0.9673202614379085,0,5,5,0,0
logistic_EZSM,logistic,EZSM,47,phone_M1.wav,123.63127575811941,21.880591069767686,238,0.05555718826239936,30.241613510521933,2.586206896551724,10.961125865112018,0.06872424188058801,5.080591069767685,236,60,2,8,0.9672131147540983,0.967741935483871,0.9674775251189847,0.951165017555059,0.9673202614379085,0,5,5,0,0
svm_EZSM,svm,EZSM,11,phone_M1.wav,123.63127575811941,21.880591069767686,238,0.05555718826239936,30.241613510521933,2.586206896551724,10.961125865112018,0.06872424188058801,5.080591069767685,236,60,2,8,0.9672131147540983,0.967741935483871,0.9674775251189847,0.951165017555059,0.9673202614379085,0,5,5,0,0
svm_EZSM,svm,EZSM,29,phone_M1.wav,123.63127575811941,21.880591069767686,238,0.05555718826239936,30.241613510521933,2.586206896551724,10.961125865112018,0.06872424188058801,5.080591069767685,236,60,2,8,0.9672131147540983,0.967741935483871,0.9674775251189847,0.951165017555059,0.9673202614379085,0,5,5,0,0
svm_EZSM,svm,EZSM,47,phone_M1.wav,123.63127575811941,21.880591069767686,238,0.05555718826239936,30.241613510521933,2.586206896551724,10.961125865112018,0.06872424188058801,5.080591069767685,236,60,2,8,0.9672131147540983,0.967741935483871,0.9674775251189847,0.951165017555059,0.9673202614379085,0,5,5,0,0
knn_EZSM,knn,EZSM,11,phone_M1.wav,123.63127575811941,21.880591069767686,238,0.05555718826239936,30.241613510521933,2.586206896551724,10.961125865112018,0.06872424188058801,5.080591069767685,236,60,2,8,0.9672131147540983,0.967741935483871,0.9674775251189847,0.951165017555059,0.9673202614379085,0,5,5,0,0
knn_EZSM,knn,EZSM,29,phone_M1.wav,123.63127575811941,21.880591069767686,238,0.05555718826239936,30.241613510521933,2.586206896551724,10.961125865112018,0.06872424188058801,5.080591069767685,236,60,2,8,0.9672131147540983,0.967741935483871,0.9674775251189847,0.951165017555059,0.9673202614379085,0,5,5,0,0
knn_EZSM,knn,EZSM,47,phone_M1.wav,123.63127575811941,21.880591069767686,238,0.05555718826239936,30.241613510521933,2.586206896551724,10.961125865112018,0.06872424188058801,5.080591069767685,236,60,2,8,0.9672131147540983,0.967741935483871,0.9674775251189847,0.951165017555059,0.9673202614379085,0,5,5,0,0
rf_EZSM,rf,EZSM,11,phone_M1.wav,123.63127575811941,21.880591069767686,238,0.05555718826239936,30.241613510521933,2.586206896551724,10.961125865112018,0.06872424188058801,5.080591069767685,236,60,2,8,0.9672131147540983,0.967741935483871,0.9674775251189847,0.951165017555059,0.9673202614379085,0,5,5,0,0
rf_EZSM,rf,EZSM,29,phone_M1.wav,123.63127575811941,21.880591069767686,238,0.05555718826239936,30.241613510521933,2.586206896551724,10.961125865112018,0.06872424188058801,5.080591069767685,236,60,2,8,0.9672131147540983,0.967741935483871,0.9674775251189847,0.951165017555059,0.9673202614379085,0,5,5,0,0
rf_EZSM,rf,EZSM,47,phone_M1.wav,123.63127575811941,21.880591069767686,238,0.05555718826239936,30.241613510521933,2.586206896551724,10.961125865112018,0.06872424188058801,5.080591069767685,236,60,2,8,0.9672131147540983,0.967741935483871,0.9674775251189847,0.951165017555059,0.9673202614379085,0,5,5,0,0
gmm_EZSM,gmm,EZSM,11,phone_M1.wav,123.63127575811941,21.880591069767686,238,0.05555718826239936,30.241613510521933,2.586206896551724,10.961125865112018,0.06872424188058801,5.080591069767685,236,60,2,8,0.9672131147540983,0.967741935483871,0.9674775251189847,0.951165017555059,0.9673202614379085,0,5,5,0,0
gmm_EZSM,gmm,EZSM,29,phone_M1.wav,123.63127575811941,21.880591069767686,238,0.05555718826239936,30.241613510521933,2.586206896551724,10.961125865112018,0.06872424188058801,5.080591069767685,236,60,2,8,0.9672131147540983,0.967741935483871,0.9674775251189847,0.951165017555059,0.9673202614379085,0,5,5,0,0
gmm_EZSM,gmm,EZSM,47,phone_M1.wav,123.63127575811941,21.880591069767686,238,0.05555718826239936,30.241613510521933,2.586206896551724,10.961125865112018,0.06872424188058801,5.080591069767685,236,60,2,8,0.9672131147540983,0.967741935483871,0.9674775251189847,0.951165017555059,0.9673202614379085,0,5,5,0,0
logistic_PEZSM,logistic,PEZSM,11,phone_M1.wav,123.63127575811941,21.880591069767686,238,0.05555718826239936,30.241613510521933,2.586206896551724,10.961125865112018,0.06872424188058801,5.080591069767685,236,60,2,8,0.9672131147540983,0.967741935483871,0.9674775251189847,0.951165017555059,0.9673202614379085,0,5,5,0,0
logistic_PEZSM,logistic,PEZSM,29,phone_M1.wav,123.63127575811941,21.880591069767686,238,0.05555718826239936,30.241613510521933,2.586206896551724,10.961125865112018,0.06872424188058801,5.080591069767685,236,60,2,8,0.9672131147540983,0.967741935483871,0.9674775251189847,0.951165017555059,0.9673202614379085,0,5,5,0,0
logistic_PEZSM,logistic,PEZSM,47,phone_M1.wav,123.63127575811941,21.880591069767686,238,0.05555718826239936,30.241613510521933,2.586206896551724,10.961125865112018,0.06872424188058801,5.080591069767685,236,60,2,8,0.9672131147540983,0.967741935483871,0.9674775251189847,0.951165017555059,0.9673202614379085,0,5,5,0,0
svm_PEZSM,svm,PEZSM,11,phone_M1.wav,123.63127575811941,21.880591069767686,238,0.05555718826239936,30.241613510521933,2.586206896551724,10.961125865112018,0.06872424188058801,5.080591069767685,236,60,2,8,0.9672131147540983,0.967741935483871,0.9674775251189847,0.951165017555059,0.9673202614379085,0,5,5,0,0
svm_PEZSM,svm,PEZSM,29,phone_M1.wav,123.63127575811941,21.880591069767686,238,0.05555718826239936,30.241613510521933,2.586206896551724,10.961125865112018,0.06872424188058801,5.080591069767685,236,60,2,8,0.9672131147540983,0.967741935483871,0.9674775251189847,0.951165017555059,0.9673202614379085,0,5,5,0,0
svm_PEZSM,svm,PEZSM,47,phone_M1.wav,123.63127575811941,21.880591069767686,238,0.05555718826239936,30.241613510521933,2.586206896551724,10.961125865112018,0.06872424188058801,5.080591069767685,236,60,2,8,0.9672131147540983,0.967741935483871,0.9674775251189847,0.951165017555059,0.9673202614379085,0,5,5,0,0
knn_PEZSM,knn,PEZSM,11,phone_M1.wav,123.63127575811941,21.880591069767686,238,0.05555718826239936,30.241613510521933,2.586206896551724,10.961125865112018,0.06872424188058801,5.080591069767685,236,60,2,8,0.9672131147540983,0.967741935483871,0.9674775251189847,0.951165017555059,0.9673202614379085,0,5,5,0,0
knn_PEZSM,knn,PEZSM,29,phone_M1.wav,123.63127575811941,21.880591069767686,238,0.05555718826239936,30.241613510521933,2.586206896551724,10.961125865112018,0.06872424188058801,5.080591069767685,236,60,2,8,0.9672131147540983,0.967741935483871,0.9674775251189847,0.951165017555059,0.9673202614379085,0,5,5,0,0
knn_PEZSM,knn,PEZSM,47,phone_M1.wav,123.63127575811941,21.880591069767686,238,0.05555718826239936,30.241613510521933,2.586206896551724,10.961125865112018,0.06872424188058801,5.080591069767685,236,60,2,8,0.9672131147540983,0.967741935483871,0.9674775251189847,0.951165017555059,0.9673202614379085,0,5,5,0,0
rf_PEZSM,rf,PEZSM,11,phone_M1.wav,123.63127575811941,21.880591069767686,238,0.05555718826239936,30.241613510521933,2.586206896551724,10.961125865112018,0.06872424188058801,5.080591069767685,236,60,2,8,0.9672131147540983,0.967741935483871,0.9674775251189847,0.951165017555059,0.9673202614379085,0,5,5,0,0
rf_PEZSM,rf,PEZSM,29,phone_M1.wav,123.63127575811941,21.880591069767686,238,0.05555718826239936,30.241613510521933,2.586206896551724,10.961125865112018,0.06872424188058801,5.080591069767685,236,60,2,8,0.9672131147540983,0.967741935483871,0.9674775251189847,0.951165017555059,0.9673202614379085,0,5,5,0,0
rf_PEZSM,rf,PEZSM,47,phone_M1.wav,123.63127575811941,21.880591069767686,238,0.05555718826239936,30.241613510521933,2.586206896551724,10.961125865112018,0.06872424188058801,5.080591069767685,236,60,2,8,0.9672131147540983,0.967741935483871,0.9674775251189847,0.951165017555059,0.9673202614379085,0,5,5,0,0
gmm_PEZSM,gmm,PEZSM,11,phone_M1.wav,123.63127575811941,21.880591069767686,238,0.05555718826239936,30.241613510521933,2.586206896551724,10.961125865112018,0.06872424188058801,5.080591069767685,236,60,2,8,0.9672131147540983,0.967741935483871,0.9674775251189847,0.951165017555059,0.9673202614379085,0,5,5,0,0
gmm_PEZSM,gmm,PEZSM,29,phone_M1.wav,123.63127575811941,21.880591069767686,238,0.05555718826239936,30.241613510521933,2.586206896551724,10.961125865112018,0.06872424188058801,5.080591069767685,236,60,2,8,0.9672131147540983,0.967741935483871,0.9674775251189847,0.951165017555059,0.9673202614379085,0,5,5,0,0
gmm_PEZSM,gmm,PEZSM,47,phone_M1.wav,123.63127575811941,21.880591069767686,238,0.05555718826239936,30.241613510521933,2.586206896551724,10.961125865112018,0.06872424188058801,5.080591069767685,236,60,2,8,0.9672131147540983,0.967741935483871,0.9674775251189847,0.951165017555059,0.9673202614379085,0,5,5,0,0
hard170,control,,11,studio_F1.wav,232.0908688342666,36.86853960471595,123,1.0848731856561815,0.1862489258585637,3.1496062992125986,1.4735761369091147,2.4908688342665926,0.06853960471595144,119,20,4,4,0.967479674796748,0.8333333333333334,0.9004065040650406,0.9004065040650406,0.9455782312925171,0,0,0,0,0
hard170,control,,29,studio_F1.wav,232.0908688342666,36.86853960471595,123,1.0848731856561815,0.1862489258585637,3.1496062992125986,1.4735761369091147,2.4908688342665926,0.06853960471595144,119,20,4,4,0.967479674796748,0.8333333333333334,0.9004065040650406,0.9004065040650406,0.9455782312925171,0,0,0,0,0
hard170,control,,47,studio_F1.wav,232.0908688342666,36.86853960471595,123,1.0848731856561815,0.1862489258585637,3.1496062992125986,1.4735761369091147,2.4908688342665926,0.06853960471595144,119,20,4,4,0.967479674796748,0.8333333333333334,0.9004065040650406,0.9004065040650406,0.9455782312925171,0,0,0,0,0
logistic_P,logistic,P,11,studio_F1.wav,229.276434399965,42.007685595284066,134,0.14092578398736152,14.151319552402361,5.511811023622047,6.601352120003924,0.323565600034982,5.207685595284069,122,16,8,1,0.991869918699187,0.6666666666666666,0.8292682926829268,0.8724573411742023,0.9387755102040817,4,11,3,4,4
logistic_P,logistic,P,29,studio_F1.wav,229.276434399965,42.007685595284066,134,0.14092578398736152,14.151319552402361,5.511811023622047,6.601352120003924,0.323565600034982,5.207685595284069,122,16,8,1,0.991869918699187,0.6666666666666666,0.8292682926829268,0.8724573411742023,0.9387755102040817,4,11,3,4,4
logistic_P,logistic,P,47,studio_F1.wav,229.276434399965,42.007685595284066,134,0.14092578398736152,14.151319552402361,5.511811023622047,6.601352120003924,0.323565600034982,5.207685595284069,122,16,8,1,0.991869918699187,0.6666666666666666,0.8292682926829268,0.8724573411742023,0.9387755102040817,4,11,3,4,4
svm_P,svm,P,11,studio_F1.wav,229.64993576778687,41.94305929536846,133,0.021749027781740964,13.97570460697951,4.724409448818897,6.24062102786005,0.04993576778687725,5.1430592953684595,122,17,7,1,0.991869918699187,0.7083333333333334,0.8501016260162602,0.8888888888888888,0.9455782312925171,4,10,3,3,4
svm_P,svm,P,29,studio_F1.wav,229.64993576778687,41.94305929536846,133,0.021749027781740964,13.97570460697951,4.724409448818897,6.24062102786005,0.04993576778687725,5.1430592953684595,122,17,7,1,0.991869918699187,0.7083333333333334,0.8501016260162602,0.8888888888888888,0.9455782312925171,4,10,3,3,4
svm_P,svm,P,47,studio_F1.wav,229.64993576778687,41.94305929536846,133,0.021749027781740964,13.97570460697951,4.724409448818897,6.24062102786005,0.04993576778687725,5.1430592953684595,122,17,7,1,0.991869918699187,0.7083333333333334,0.8501016260162602,0.8888888888888888,0.9455782312925171,4,10,3,3,4
knn_P,knn,P,11,studio_F1.wav,229.1213431331679,41.97413166607453,131,0.20847424513593063,14.060140396941657,3.1496062992125986,5.806073647096729,0.47865686683209674,5.17413166607453,121,18,6,2,0.983739837398374,0.75,0.8668699186991871,0.8930909090909092,0.9455782312925171,4,8,2,2,4
knn_P,knn,P,29,studio_F1.wav,229.1213431331679,41.97413166607453,131,0.20847424513593063,14.060140396941657,3.1496062992125986,5.806073647096729,0.47865686683209674,5.17413166607453,121,18,6,2,0.983739837398374,0.75,0.8668699186991871,0.8930909090909092,0.9455782312925171,4,8,2,2,4
knn_P,knn,P,47,studio_F1.wav,229.1213431331679,41.97413166607453,131,0.20847424513593063,14.060140396941657,3.1496062992125986,5.806073647096729,0.47865686683209674,5.17413166607453,121,18,6,2,0.983739837398374,0.75,0.8668699186991871,0.8930909090909092,0.9455782312925171,4,8,2,2,4
rf_P,rf,P,11,studio_F1.wav,229.1213431331679,41.97413166607453,131,0.20847424513593063,14.060140396941657,3.1496062992125986,5.806073647096729,0.47865686683209674,5.17413166607453,121,18,6,2,0.983739837398374,0.75,0.8668699186991871,0.8930909090909092,0.9455782312925171,4,8,2,2,4
rf_P,rf,P,29,studio_F1.wav,229.1213431331679,41.97413166607453,131,0.20847424513593063,14.060140396941657,3.1496062992125986,5.806073647096729,0.47865686683209674,5.17413166607453,121,18,6,2,0.983739837398374,0.75,0.8668699186991871,0.8930909090909092,0.9455782312925171,4,8,2,2,4
rf_P,rf,P,47,studio_F1.wav,228.74618714336864,42.034720809591114,132,0.3718697110763721,14.224784808671515,3.937007874015748,6.1778874645878785,0.8538128566313503,5.234720809591117,121,17,7,2,0.983739837398374,0.7083333333333334,0.8460365853658537,0.8774205503567127,0.9387755102040817,4,9,2,3,4
gmm_P,gmm,P,11,studio_F1.wav,230.53803645987816,39.38978776878316,125,0.40855246510372933,7.037466762997721,1.5748031496062993,3.00694079256925,0.9380364598781625,2.589787768783161,121,20,4,2,0.983739837398374,0.8333333333333334,0.9085365853658537,0.9226858345021038,0.9591836734693877,0,2,2,0,0
gmm_P,gmm,P,29,studio_F1.wav,230.53803645987816,39.38978776878316,125,0.40855246510372933,7.037466762997721,1.5748031496062993,3.00694079256925,0.9380364598781625,2.589787768783161,121,20,4,2,0.983739837398374,0.8333333333333334,0.9085365853658537,0.9226858345021038,0.9591836734693877,0,2,2,0,0
gmm_P,gmm,P,47,studio_F1.wav,230.53803645987816,39.38978776878316,125,0.40855246510372933,7.037466762997721,1.5748031496062993,3.00694079256925,0.9380364598781625,2.589787768783161,121,20,4,2,0.983739837398374,0.8333333333333334,0.9085365853658537,0.9226858345021038,0.9591836734693877,0,2,2,0,0
logistic_E,logistic,E,11,studio_F1.wav,231.6675614443101,37.01847468240407,124,0.9005058555357646,0.593681202184977,2.3622047244094486,1.28546392737673,2.0675614443101153,0.21847468240407153,119,19,5,4,0.967479674796748,0.7916666666666666,0.8795731707317074,0.8860366956671548,0.9387755102040817,0,1,0,1,0
logistic_E,logistic,E,29,studio_F1.wav,231.6675614443101,37.01847468240407,124,0.9005058555357646,0.593681202184977,2.3622047244094486,1.28546392737673,2.0675614443101153,0.21847468240407153,119,19,5,4,0.967479674796748,0.7916666666666666,0.8795731707317074,0.8860366956671548,0.9387755102040817,0,1,0,1,0
logistic_E,logistic,E,47,studio_F1.wav,231.6675614443101,37.01847468240407,124,0.9005058555357646,0.593681202184977,2.3622047244094486,1.28546392737673,2.0675614443101153,0.21847468240407153,119,19,5,4,0.967479674796748,0.7916666666666666,0.8795731707317074,0.8860366956671548,0.9387755102040817,0,1,0,1,0
svm_E,svm,E,11,studio_F1.wav,231.6675614443101,37.01847468240407,124,0.9005058555357646,0.593681202184977,2.3622047244094486,1.28546392737673,2.0675614443101153,0.21847468240407153,119,19,5,4,0.967479674796748,0.7916666666666666,0.8795731707317074,0.8860366956671548,0.9387755102040817,0,1,0,1,0
svm_E,svm,E,29,studio_F1.wav,231.6675614443101,37.01847468240407,124,0.9005058555357646,0.593681202184977,2.3622047244094486,1.28546392737673,2.0675614443101153,0.21847468240407153,119,19,5,4,0.967479674796748,0.7916666666666666,0.8795731707317074,0.8860366956671548,0.9387755102040817,0,1,0,1,0
svm_E,svm,E,47,studio_F1.wav,231.6675614443101,37.01847468240407,124,0.9005058555357646,0.593681202184977,2.3622047244094486,1.28546392737673,2.0675614443101153,0.21847468240407153,119,19,5,4,0.967479674796748,0.7916666666666666,0.8795731707317074,0.8860366956671548,0.9387755102040817,0,1,0,1,0
knn_E,knn,E,11,studio_F1.wav,231.6675614443101,37.01847468240407,124,0.9005058555357646,0.593681202184977,2.3622047244094486,1.28546392737673,2.0675614443101153,0.21847468240407153,119,19,5,4,0.967479674796748,0.7916666666666666,0.8795731707317074,0.8860366956671548,0.9387755102040817,0,1,0,1,0
knn_E,knn,E,29,studio_F1.wav,231.6675614443101,37.01847468240407,124,0.9005058555357646,0.593681202184977,2.3622047244094486,1.28546392737673,2.0675614443101153,0.21847468240407153,119,19,5,4,0.967479674796748,0.7916666666666666,0.8795731707317074,0.8860366956671548,0.9387755102040817,0,1,0,1,0
knn_E,knn,E,47,studio_F1.wav,231.6675614443101,37.01847468240407,124,0.9005058555357646,0.593681202184977,2.3622047244094486,1.28546392737673,2.0675614443101153,0.21847468240407153,119,19,5,4,0.967479674796748,0.7916666666666666,0.8795731707317074,0.8860366956671548,0.9387755102040817,0,1,0,1,0
rf_E,rf,E,11,studio_F1.wav,231.6675614443101,37.01847468240407,124,0.9005058555357646,0.593681202184977,2.3622047244094486,1.28546392737673,2.0675614443101153,0.21847468240407153,119,19,5,4,0.967479674796748,0.7916666666666666,0.8795731707317074,0.8860366956671548,0.9387755102040817,0,1,0,1,0
rf_E,rf,E,29,studio_F1.wav,231.6675614443101,37.01847468240407,124,0.9005058555357646,0.593681202184977,2.3622047244094486,1.28546392737673,2.0675614443101153,0.21847468240407153,119,19,5,4,0.967479674796748,0.7916666666666666,0.8795731707317074,0.8860366956671548,0.9387755102040817,0,1,0,1,0
rf_E,rf,E,47,studio_F1.wav,231.6675614443101,37.01847468240407,124,0.9005058555357646,0.593681202184977,2.3622047244094486,1.28546392737673,2.0675614443101153,0.21847468240407153,119,19,5,4,0.967479674796748,0.7916666666666666,0.8795731707317074,0.8860366956671548,0.9387755102040817,0,1,0,1,0
gmm_E,gmm,E,11,studio_F1.wav,231.6675614443101,37.01847468240407,124,0.9005058555357646,0.593681202184977,2.3622047244094486,1.28546392737673,2.0675614443101153,0.21847468240407153,119,19,5,4,0.967479674796748,0.7916666666666666,0.8795731707317074,0.8860366956671548,0.9387755102040817,0,1,0,1,0
gmm_E,gmm,E,29,studio_F1.wav,231.6675614443101,37.01847468240407,124,0.9005058555357646,0.593681202184977,2.3622047244094486,1.28546392737673,2.0675614443101153,0.21847468240407153,119,19,5,4,0.967479674796748,0.7916666666666666,0.8795731707317074,0.8860366956671548,0.9387755102040817,0,1,0,1,0
gmm_E,gmm,E,47,studio_F1.wav,231.6675614443101,37.01847468240407,124,0.9005058555357646,0.593681202184977,2.3622047244094486,1.28546392737673,2.0675614443101153,0.21847468240407153,119,19,5,4,0.967479674796748,0.7916666666666666,0.8795731707317074,0.8860366956671548,0.9387755102040817,0,1,0,1,0
logistic_PE,logistic,PE,11,studio_F1.wav,229.2307658470748,39.84221405314812,128,0.16081626869564544,8.266886013989462,0.7874015748031497,3.0717012858294193,0.3692341529252019,3.042214053148122,121,18,6,2,0.983739837398374,0.75,0.8668699186991871,0.8930909090909092,0.9455782312925171,1,5,2,2,1
logistic_PE,logistic,PE,29,studio_F1.wav,229.2307658470748,39.84221405314812,128,0.16081626869564544,8.266886013989462,0.7874015748031497,3.0717012858294193,0.3692341529252019,3.042214053148122,121,18,6,2,0.983739837398374,0.75,0.8668699186991871,0.8930909090909092,0.9455782312925171,1,5,2,2,1
logistic_PE,logistic,PE,47,studio_F1.wav,229.2307658470748,39.84221405314812,128,0.16081626869564544,8.266886013989462,0.7874015748031497,3.0717012858294193,0.3692341529252019,3.042214053148122,121,18,6,2,0.983739837398374,0.75,0.8668699186991871,0.8930909090909092,0.9455782312925171,1,5,2,2,1
svm_PE,svm,PE,11,studio_F1.wav,229.4677884195995,39.908774067622566,127,0.05758344094098779,8.44775561853959,0.0,2.8351130198268595,0.13221158040050796,3.1087740676225692,120,18,6,3,0.975609756097561,0.75,0.8628048780487805,0.8819277108433735,0.9387755102040817,1,4,1,2,1
svm_PE,svm,PE,29,studio_F1.wav,229.4677884195995,39.908774067622566,127,0.05758344094098779,8.44775561853959,0.0,2.8351130198268595,0.13221158040050796,3.1087740676225692,120,18,6,3,0.975609756097561,0.75,0.8628048780487805,0.8819277108433735,0.9387755102040817,1,4,1,2,1
svm_PE,svm,PE,47,studio_F1.wav,229.4677884195995,39.908774067622566,127,0.05758344094098779,8.44775561853959,0.0,2.8351130198268595,0.13221158040050796,3.1087740676225692,120,18,6,3,0.975609756097561,0.75,0.8628048780487805,0.8819277108433735,0.9387755102040817,1,4,1,2,1
knn_PE,knn,PE,11,studio_F1.wav,229.8929583847984,40.03107335767669,130,0.12759511533031198,8.780090645860577,2.3622047244094486,3.756630161866779,0.2929583847983963,3.231073357676692,121,16,8,2,0.983739837398374,0.6666666666666666,0.8252032520325203,0.8611111111111112,0.9319727891156463,1,7,2,4,1
knn_PE,knn,PE,29,studio_F1.wav,229.8929583847984,40.03107335767669,130,0.12759511533031198,8.780090645860577,2.3622047244094486,3.756630161866779,0.2929583847983963,3.231073357676692,121,16,8,2,0.983739837398374,0.6666666666666666,0.8252032520325203,0.8611111111111112,0.9319727891156463,1,7,2,4,1
knn_PE,knn,PE,47,studio_F1.wav,229.8929583847984,40.03107335767669,130,0.12759511533031198,8.780090645860577,2.3622047244094486,3.756630161866779,0.2929583847983963,3.231073357676692,121,16,8,2,0.983739837398374,0.6666666666666666,0.8252032520325203,0.8611111111111112,0.9319727891156463,1,7,2,4,1
rf_PE,rf,PE,11,studio_F1.wav,229.77583921607683,40.16374006200702,129,0.07658502442370996,9.140597994584308,1.5748031496062993,3.5973287228714397,0.17583921607683806,3.3637400620070252,121,17,7,2,0.983739837398374,0.7083333333333334,0.8460365853658537,0.8774205503567127,0.9387755102040817,1,6,2,3,1
rf_PE,rf,PE,29,studio_F1.wav,229.77583921607683,40.16374006200702,129,0.07658502442370996,9.140597994584308,1.5748031496062993,3.5973287228714397,0.17583921607683806,3.3637400620070252,121,17,7,2,0.983739837398374,0.7083333333333334,0.8460365853658537,0.8774205503567127,0.9387755102040817,1,6,2,3,1
rf_PE,rf,PE,47,studio_F1.wav,230.01526843544906,40.22851555148603,128,0.1808660433140525,9.316618346429449,0.7874015748031497,3.4282953215155505,0.41526843544906455,3.4285155514860364,120,17,7,3,0.975609756097561,0.7083333333333334,0.8419715447154472,0.8663636363636363,0.9319727891156463,1,5,1,3,1
gmm_PE,gmm,PE,11,studio_F1.wav,232.0908688342666,36.86853960471595,123,1.0848731856561815,0.1862489258585637,3.1496062992125986,1.4735761369091147,2.4908688342665926,0.06853960471595144,119,20,4,4,0.967479674796748,0.8333333333333334,0.9004065040650406,0.9004065040650406,0.9455782312925171,0,0,0,0,0
gmm_PE,gmm,PE,29,studio_F1.wav,232.0908688342666,36.86853960471595,123,1.0848731856561815,0.1862489258585637,3.1496062992125986,1.4735761369091147,2.4908688342665926,0.06853960471595144,119,20,4,4,0.967479674796748,0.8333333333333334,0.9004065040650406,0.9004065040650406,0.9455782312925171,0,0,0,0,0
gmm_PE,gmm,PE,47,studio_F1.wav,232.0908688342666,36.86853960471595,123,1.0848731856561815,0.1862489258585637,3.1496062992125986,1.4735761369091147,2.4908688342665926,0.06853960471595144,119,20,4,4,0.967479674796748,0.8333333333333334,0.9004065040650406,0.9004065040650406,0.9455782312925171,0,0,0,0,0
logistic_Z,logistic,Z,11,studio_F1.wav,229.09995462132295,42.30001053796211,132,0.2177897990753674,14.945680809679653,3.937007874015748,6.36682616092359,0.5000453786770436,5.500010537962112,122,16,8,1,0.991869918699187,0.6666666666666666,0.8292682926829268,0.8724573411742023,0.9387755102040817,2,9,3,4,2
logistic_Z,logistic,Z,29,studio_F1.wav,229.09995462132295,42.30001053796211,132,0.2177897990753674,14.945680809679653,3.937007874015748,6.36682616092359,0.5000453786770436,5.500010537962112,122,16,8,1,0.991869918699187,0.6666666666666666,0.8292682926829268,0.8724573411742023,0.9387755102040817,2,9,3,4,2
logistic_Z,logistic,Z,47,studio_F1.wav,229.09995462132295,42.30001053796211,132,0.2177897990753674,14.945680809679653,3.937007874015748,6.36682616092359,0.5000453786770436,5.500010537962112,122,16,8,1,0.991869918699187,0.6666666666666666,0.8292682926829268,0.8724573411742023,0.9387755102040817,2,9,3,4,2
svm_Z,svm,Z,11,studio_F1.wav,229.96990897464656,42.02504137108393,130,0.161110180595193,14.198481986641122,2.3622047244094486,5.573932297215254,0.36990897464656314,5.2250413710839325,122,17,7,1,0.991869918699187,0.7083333333333334,0.8501016260162602,0.8888888888888888,0.9455782312925171,1,7,3,3,1
svm_Z,svm,Z,29,studio_F1.wav,229.96990897464656,42.02504137108393,130,0.161110180595193,14.198481986641122,2.3622047244094486,5.573932297215254,0.36990897464656314,5.2250413710839325,122,17,7,1,0.991869918699187,0.7083333333333334,0.8501016260162602,0.8888888888888888,0.9455782312925171,1,7,3,3,1
svm_Z,svm,Z,47,studio_F1.wav,229.96990897464656,42.02504137108393,130,0.161110180595193,14.198481986641122,2.3622047244094486,5.573932297215254,0.36990897464656314,5.2250413710839325,122,17,7,1,0.991869918699187,0.7083333333333334,0.8501016260162602,0.8888888888888888,0.9455782312925171,1,7,3,3,1
knn_Z,knn,Z,11,studio_F1.wav,229.43723269439715,42.05820598904323,128,0.07089168362493091,14.288603231095744,0.7874015748031497,5.048965496507941,0.16276730560284136,5.258205989043233,121,18,6,2,0.983739837398374,0.75,0.8668699186991871,0.8930909090909092,0.9455782312925171,1,5,2,2,1
knn_Z,knn,Z,29,studio_F1.wav,229.43723269439715,42.05820598904323,128,0.07089168362493091,14.288603231095744,0.7874015748031497,5.048965496507941,0.16276730560284136,5.258205989043233,121,18,6,2,0.983739837398374,0.75,0.8668699186991871,0.8930909090909092,0.9455782312925171,1,5,2,2,1
knn_Z,knn,Z,47,studio_F1.wav,229.43723269439715,42.05820598904323,128,0.07089168362493091,14.288603231095744,0.7874015748031497,5.048965496507941,0.16276730560284136,5.258205989043233,121,18,6,2,0.983739837398374,0.75,0.8668699186991871,0.8930909090909092,0.9455782312925171,1,5,2,2,1
rf_Z,rf,Z,11,studio_F1.wav,229.46682760026027,42.233029341042304,130,0.05800191626294447,14.763666687614965,2.3622047244094486,5.727957776095786,0.1331723997397205,5.433029341042307,122,17,7,1,0.991869918699187,0.7083333333333334,0.8501016260162602,0.8888888888888888,0.9455782312925171,1,7,3,3,1
rf_Z,rf,Z,29,studio_F1.wav,229.46682760026027,42.233029341042304,130,0.05800191626294447,14.763666687614965,2.3622047244094486,5.727957776095786,0.1331723997397205,5.433029341042307,122,17,7,1,0.991869918699187,0.7083333333333334,0.8501016260162602,0.8888888888888888,0.9455782312925171,1,7,3,3,1
rf_Z,rf,Z,47,studio_F1.wav,229.46682760026027,42.233029341042304,130,0.05800191626294447,14.763666687614965,2.3622047244094486,5.727957776095786,0.1331723997397205,5.433029341042307,122,17,7,1,0.991869918699187,0.7083333333333334,0.8501016260162602,0.8888888888888888,0.9455782312925171,1,7,3,3,1
gmm_Z,gmm,Z,11,studio_F1.wav,229.96990897464656,42.02504137108393,130,0.161110180595193,14.198481986641122,2.3622047244094486,5.573932297215254,0.36990897464656314,5.2250413710839325,122,17,7,1,0.991869918699187,0.7083333333333334,0.8501016260162602,0.8888888888888888,0.9455782312925171,1,7,3,3,1
gmm_Z,gmm,Z,29,studio_F1.wav,229.96990897464656,42.02504137108393,130,0.161110180595193,14.198481986641122,2.3622047244094486,5.573932297215254,0.36990897464656314,5.2250413710839325,122,17,7,1,0.991869918699187,0.7083333333333334,0.8501016260162602,0.8888888888888888,0.9455782312925171,1,7,3,3,1
gmm_Z,gmm,Z,47,studio_F1.wav,229.96990897464656,42.02504137108393,130,0.161110180595193,14.198481986641122,2.3622047244094486,5.573932297215254,0.36990897464656314,5.2250413710839325,122,17,7,1,0.991869918699187,0.7083333333333334,0.8501016260162602,0.8888888888888888,0.9455782312925171,1,7,3,3,1
logistic_PZ,logistic,PZ,11,studio_F1.wav,229.276434399965,42.007685595284066,134,0.14092578398736152,14.151319552402361,5.511811023622047,6.601352120003924,0.323565600034982,5.207685595284069,122,16,8,1,0.991869918699187,0.6666666666666666,0.8292682926829268,0.8724573411742023,0.9387755102040817,4,11,3,4,4
logistic_PZ,logistic,PZ,29,studio_F1.wav,229.276434399965,42.007685595284066,134,0.14092578398736152,14.151319552402361,5.511811023622047,6.601352120003924,0.323565600034982,5.207685595284069,122,16,8,1,0.991869918699187,0.6666666666666666,0.8292682926829268,0.8724573411742023,0.9387755102040817,4,11,3,4,4
logistic_PZ,logistic,PZ,47,studio_F1.wav,229.276434399965,42.007685595284066,134,0.14092578398736152,14.151319552402361,5.511811023622047,6.601352120003924,0.323565600034982,5.207685595284069,122,16,8,1,0.991869918699187,0.6666666666666666,0.8292682926829268,0.8724573411742023,0.9387755102040817,4,11,3,4,4
svm_PZ,svm,PZ,11,studio_F1.wav,229.64993576778687,41.94305929536846,133,0.021749027781740964,13.97570460697951,4.724409448818897,6.24062102786005,0.04993576778687725,5.1430592953684595,122,17,7,1,0.991869918699187,0.7083333333333334,0.8501016260162602,0.8888888888888888,0.9455782312925171,4,10,3,3,4
svm_PZ,svm,PZ,29,studio_F1.wav,229.64993576778687,41.94305929536846,133,0.021749027781740964,13.97570460697951,4.724409448818897,6.24062102786005,0.04993576778687725,5.1430592953684595,122,17,7,1,0.991869918699187,0.7083333333333334,0.8501016260162602,0.8888888888888888,0.9455782312925171,4,10,3,3,4
svm_PZ,svm,PZ,47,studio_F1.wav,229.64993576778687,41.94305929536846,133,0.021749027781740964,13.97570460697951,4.724409448818897,6.24062102786005,0.04993576778687725,5.1430592953684595,122,17,7,1,0.991869918699187,0.7083333333333334,0.8501016260162602,0.8888888888888888,0.9455782312925171,4,10,3,3,4
knn_PZ,knn,PZ,11,studio_F1.wav,229.64993576778687,41.94305929536846,133,0.021749027781740964,13.97570460697951,4.724409448818897,6.24062102786005,0.04993576778687725,5.1430592953684595,122,17,7,1,0.991869918699187,0.7083333333333334,0.8501016260162602,0.8888888888888888,0.9455782312925171,4,10,3,3,4
knn_PZ,knn,PZ,29,studio_F1.wav,229.64993576778687,41.94305929536846,133,0.021749027781740964,13.97570460697951,4.724409448818897,6.24062102786005,0.04993576778687725,5.1430592953684595,122,17,7,1,0.991869918699187,0.7083333333333334,0.8501016260162602,0.8888888888888888,0.9455782312925171,4,10,3,3,4
knn_PZ,knn,PZ,47,studio_F1.wav,229.64993576778687,41.94305929536846,133,0.021749027781740964,13.97570460697951,4.724409448818897,6.24062102786005,0.04993576778687725,5.1430592953684595,122,17,7,1,0.991869918699187,0.7083333333333334,0.8501016260162602,0.8888888888888888,0.9455782312925171,4,10,3,3,4
rf_PZ,rf,PZ,11,studio_F1.wav,229.276434399965,42.007685595284066,134,0.14092578398736152,14.151319552402361,5.511811023622047,6.601352120003924,0.323565600034982,5.207685595284069,122,16,8,1,0.991869918699187,0.6666666666666666,0.8292682926829268,0.8724573411742023,0.9387755102040817,4,11,3,4,4
rf_PZ,rf,PZ,29,studio_F1.wav,229.276434399965,42.007685595284066,134,0.14092578398736152,14.151319552402361,5.511811023622047,6.601352120003924,0.323565600034982,5.207685595284069,122,16,8,1,0.991869918699187,0.6666666666666666,0.8292682926829268,0.8724573411742023,0.9387755102040817,4,11,3,4,4
rf_PZ,rf,PZ,47,studio_F1.wav,229.276434399965,42.007685595284066,134,0.14092578398736152,14.151319552402361,5.511811023622047,6.601352120003924,0.323565600034982,5.207685595284069,122,16,8,1,0.991869918699187,0.6666666666666666,0.8292682926829268,0.8724573411742023,0.9387755102040817,4,11,3,4,4
gmm_PZ,gmm,PZ,11,studio_F1.wav,230.13041416757926,39.49697381478891,126,0.23101662351013347,7.328733192361175,0.7874015748031497,2.782383796891486,0.5304141675792664,2.6969738147889117,121,19,5,2,0.983739837398374,0.7916666666666666,0.8877032520325203,0.9081659973226238,0.9523809523809523,0,3,2,1,0
gmm_PZ,gmm,PZ,29,studio_F1.wav,230.13041416757926,39.49697381478891,126,0.23101662351013347,7.328733192361175,0.7874015748031497,2.782383796891486,0.5304141675792664,2.6969738147889117,121,19,5,2,0.983739837398374,0.7916666666666666,0.8877032520325203,0.9081659973226238,0.9523809523809523,0,3,2,1,0
gmm_PZ,gmm,PZ,47,studio_F1.wav,230.13041416757926,39.49697381478891,126,0.23101662351013347,7.328733192361175,0.7874015748031497,2.782383796891486,0.5304141675792664,2.6969738147889117,121,19,5,2,0.983739837398374,0.7916666666666666,0.8877032520325203,0.9081659973226238,0.9523809523809523,0,3,2,1,0
logistic_EZ,logistic,EZ,11,studio_F1.wav,231.6675614443101,37.01847468240407,124,0.9005058555357646,0.593681202184977,2.3622047244094486,1.28546392737673,2.0675614443101153,0.21847468240407153,119,19,5,4,0.967479674796748,0.7916666666666666,0.8795731707317074,0.8860366956671548,0.9387755102040817,0,1,0,1,0
logistic_EZ,logistic,EZ,29,studio_F1.wav,231.6675614443101,37.01847468240407,124,0.9005058555357646,0.593681202184977,2.3622047244094486,1.28546392737673,2.0675614443101153,0.21847468240407153,119,19,5,4,0.967479674796748,0.7916666666666666,0.8795731707317074,0.8860366956671548,0.9387755102040817,0,1,0,1,0
logistic_EZ,logistic,EZ,47,studio_F1.wav,231.6675614443101,37.01847468240407,124,0.9005058555357646,0.593681202184977,2.3622047244094486,1.28546392737673,2.0675614443101153,0.21847468240407153,119,19,5,4,0.967479674796748,0.7916666666666666,0.8795731707317074,0.8860366956671548,0.9387755102040817,0,1,0,1,0
svm_EZ,svm,EZ,11,studio_F1.wav,230.38181128662396,39.55244060864068,125,0.3405101422578236,7.47945817565403,1.5748031496062993,3.1315904891727175,0.781811286623963,2.7524406086406827,120,19,5,3,0.975609756097561,0.7916666666666666,0.8836382113821137,0.8969144460028051,0.9455782312925171,0,2,1,1,0
svm_EZ,svm,EZ,29,studio_F1.wav,230.38181128662396,39.55244060864068,125,0.3405101422578236,7.47945817565403,1.5748031496062993,3.1315904891727175,0.781811286623963,2.7524406086406827,120,19,5,3,0.975609756097561,0.7916666666666666,0.8836382113821137,0.8969144460028051,0.9455782312925171,0,2,1,1,0
svm_EZ,svm,EZ,47,studio_F1.wav,230.38181128662396,39.55244060864068,125,0.3405101422578236,7.47945817565403,1.5748031496062993,3.1315904891727175,0.781811286623963,2.7524406086406827,120,19,5,3,0.975609756097561,0.7916666666666666,0.8836382113821137,0.8969144460028051,0.9455782312925171,0,2,1,1,0
knn_EZ,knn,EZ,11,studio_F1.wav,230.38181128662396,39.55244060864068,125,0.3405101422578236,7.47945817565403,1.5748031496062993,3.1315904891727175,0.781811286623963,2.7524406086406827,120,19,5,3,0.975609756097561,0.7916666666666666,0.8836382113821137,0.8969144460028051,0.9455782312925171,0,2,1,1,0
knn_EZ,knn,EZ,29,studio_F1.wav,230.38181128662396,39.55244060864068,125,0.3405101422578236,7.47945817565403,1.5748031496062993,3.1315904891727175,0.781811286623963,2.7524406086406827,120,19,5,3,0.975609756097561,0.7916666666666666,0.8836382113821137,0.8969144460028051,0.9455782312925171,0,2,1,1,0
knn_EZ,knn,EZ,47,studio_F1.wav,230.38181128662396,39.55244060864068,125,0.3405101422578236,7.47945817565403,1.5748031496062993,3.1315904891727175,0.781811286623963,2.7524406086406827,120,19,5,3,0.975609756097561,0.7916666666666666,0.8836382113821137,0.8969144460028051,0.9455782312925171,0,2,1,1,0
rf_EZ,rf,EZ,11,studio_F1.wav,231.6675614443101,37.01847468240407,124,0.9005058555357646,0.593681202184977,2.3622047244094486,1.28546392737673,2.0675614443101153,0.21847468240407153,119,19,5,4,0.967479674796748,0.7916666666666666,0.8795731707317074,0.8860366956671548,0.9387755102040817,0,1,0,1,0
rf_EZ,rf,EZ,29,studio_F1.wav,230.133772301305,39.492659287734824,126,0.23247922530705245,7.317008934062031,0.7874015748031497,2.778963244724078,0.5337723013049924,2.692659287734827,121,19,5,2,0.983739837398374,0.7916666666666666,0.8877032520325203,0.9081659973226238,0.9523809523809523,0,3,2,1,0
rf_EZ,rf,EZ,47,studio_F1.wav,230.38181128662396,39.55244060864068,125,0.3405101422578236,7.47945817565403,1.5748031496062993,3.1315904891727175,0.781811286623963,2.7524406086406827,120,19,5,3,0.975609756097561,0.7916666666666666,0.8836382113821137,0.8969144460028051,0.9455782312925171,0,2,1,1,0
gmm_EZ,gmm,EZ,11,studio_F1.wav,231.6675614443101,37.01847468240407,124,0.9005058555357646,0.593681202184977,2.3622047244094486,1.28546392737673,2.0675614443101153,0.21847468240407153,119,19,5,4,0.967479674796748,0.7916666666666666,0.8795731707317074,0.8860366956671548,0.9387755102040817,0,1,0,1,0
gmm_EZ,gmm,EZ,29,studio_F1.wav,231.6675614443101,37.01847468240407,124,0.9005058555357646,0.593681202184977,2.3622047244094486,1.28546392737673,2.0675614443101153,0.21847468240407153,119,19,5,4,0.967479674796748,0.7916666666666666,0.8795731707317074,0.8860366956671548,0.9387755102040817,0,1,0,1,0
gmm_EZ,gmm,EZ,47,studio_F1.wav,231.6675614443101,37.01847468240407,124,0.9005058555357646,0.593681202184977,2.3622047244094486,1.28546392737673,2.0675614443101153,0.21847468240407153,119,19,5,4,0.967479674796748,0.7916666666666666,0.8795731707317074,0.8860366956671548,0.9387755102040817,0,1,0,1,0
logistic_PEZ,logistic,PEZ,11,studio_F1.wav,229.2307658470748,39.84221405314812,128,0.16081626869564544,8.266886013989462,0.7874015748031497,3.0717012858294193,0.3692341529252019,3.042214053148122,121,18,6,2,0.983739837398374,0.75,0.8668699186991871,0.8930909090909092,0.9455782312925171,1,5,2,2,1
logistic_PEZ,logistic,PEZ,29,studio_F1.wav,229.2307658470748,39.84221405314812,128,0.16081626869564544,8.266886013989462,0.7874015748031497,3.0717012858294193,0.3692341529252019,3.042214053148122,121,18,6,2,0.983739837398374,0.75,0.8668699186991871,0.8930909090909092,0.9455782312925171,1,5,2,2,1
logistic_PEZ,logistic,PEZ,47,studio_F1.wav,229.2307658470748,39.84221405314812,128,0.16081626869564544,8.266886013989462,0.7874015748031497,3.0717012858294193,0.3692341529252019,3.042214053148122,121,18,6,2,0.983739837398374,0.75,0.8668699186991871,0.8930909090909092,0.9455782312925171,1,5,2,2,1
svm_PEZ,svm,PEZ,11,studio_F1.wav,229.2307658470748,39.84221405314812,128,0.16081626869564544,8.266886013989462,0.7874015748031497,3.0717012858294193,0.3692341529252019,3.042214053148122,121,18,6,2,0.983739837398374,0.75,0.8668699186991871,0.8930909090909092,0.9455782312925171,1,5,2,2,1
svm_PEZ,svm,PEZ,29,studio_F1.wav,229.2307658470748,39.84221405314812,128,0.16081626869564544,8.266886013989462,0.7874015748031497,3.0717012858294193,0.3692341529252019,3.042214053148122,121,18,6,2,0.983739837398374,0.75,0.8668699186991871,0.8930909090909092,0.9455782312925171,1,5,2,2,1
svm_PEZ,svm,PEZ,47,studio_F1.wav,229.2307658470748,39.84221405314812,128,0.16081626869564544,8.266886013989462,0.7874015748031497,3.0717012858294193,0.3692341529252019,3.042214053148122,121,18,6,2,0.983739837398374,0.75,0.8668699186991871,0.8930909090909092,0.9455782312925171,1,5,2,2,1
knn_PEZ,knn,PEZ,11,studio_F1.wav,230.2779544378359,39.914973656419996,128,0.2952763230992568,8.464602327228258,0.7874015748031497,3.1824267417102217,0.6779544378358935,3.1149736564199983,121,17,7,2,0.983739837398374,0.7083333333333334,0.8460365853658537,0.8774205503567127,0.9387755102040817,0,5,2,3,0
knn_PEZ,knn,PEZ,29,studio_F1.wav,230.2779544378359,39.914973656419996,128,0.2952763230992568,8.464602327228258,0.7874015748031497,3.1824267417102217,0.6779544378358935,3.1149736564199983,121,17,7,2,0.983739837398374,0.7083333333333334,0.8460365853658537,0.8774205503567127,0.9387755102040817,0,5,2,3,0
knn_PEZ,knn,PEZ,47,studio_F1.wav,230.2779544378359,39.914973656419996,128,0.2952763230992568,8.464602327228258,0.7874015748031497,3.1824267417102217,0.6779544378358935,3.1149736564199983,121,17,7,2,0.983739837398374,0.7083333333333334,0.8460365853658537,0.8774205503567127,0.9387755102040817,0,5,2,3,0
rf_PEZ,rf,PEZ,11,studio_F1.wav,230.133772301305,39.492659287734824,126,0.23247922530705245,7.317008934062031,0.7874015748031497,2.778963244724078,0.5337723013049924,2.692659287734827,121,19,5,2,0.983739837398374,0.7916666666666666,0.8877032520325203,0.9081659973226238,0.9523809523809523,0,3,2,1,0
rf_PEZ,rf,PEZ,29,studio_F1.wav,229.2307658470748,39.84221405314812,128,0.16081626869564544,8.266886013989462,0.7874015748031497,3.0717012858294193,0.3692341529252019,3.042214053148122,121,18,6,2,0.983739837398374,0.75,0.8668699186991871,0.8930909090909092,0.9455782312925171,1,5,2,2,1
rf_PEZ,rf,PEZ,47,studio_F1.wav,229.2307658470748,39.84221405314812,128,0.16081626869564544,8.266886013989462,0.7874015748031497,3.0717012858294193,0.3692341529252019,3.042214053148122,121,18,6,2,0.983739837398374,0.75,0.8668699186991871,0.8930909090909092,0.9455782312925171,1,5,2,2,1
gmm_PEZ,gmm,PEZ,11,studio_F1.wav,232.0908688342666,36.86853960471595,123,1.0848731856561815,0.1862489258585637,3.1496062992125986,1.4735761369091147,2.4908688342665926,0.06853960471595144,119,20,4,4,0.967479674796748,0.8333333333333334,0.9004065040650406,0.9004065040650406,0.9455782312925171,0,0,0,0,0
gmm_PEZ,gmm,PEZ,29,studio_F1.wav,232.0908688342666,36.86853960471595,123,1.0848731856561815,0.1862489258585637,3.1496062992125986,1.4735761369091147,2.4908688342665926,0.06853960471595144,119,20,4,4,0.967479674796748,0.8333333333333334,0.9004065040650406,0.9004065040650406,0.9455782312925171,0,0,0,0,0
gmm_PEZ,gmm,PEZ,47,studio_F1.wav,232.0908688342666,36.86853960471595,123,1.0848731856561815,0.1862489258585637,3.1496062992125986,1.4735761369091147,2.4908688342665926,0.06853960471595144,119,20,4,4,0.967479674796748,0.8333333333333334,0.9004065040650406,0.9004065040650406,0.9455782312925171,0,0,0,0,0
logistic_S,logistic,S,11,studio_F1.wav,229.4778111262211,42.23864616145294,131,0.0532181506005644,14.778929786556914,3.1496062992125986,5.993918078790025,0.12218887377889587,5.438646161452944,122,17,7,1,0.991869918699187,0.7083333333333334,0.8501016260162602,0.8888888888888888,0.9455782312925171,2,8,3,3,2
logistic_S,logistic,S,29,studio_F1.wav,229.4778111262211,42.23864616145294,131,0.0532181506005644,14.778929786556914,3.1496062992125986,5.993918078790025,0.12218887377889587,5.438646161452944,122,17,7,1,0.991869918699187,0.7083333333333334,0.8501016260162602,0.8888888888888888,0.9455782312925171,2,8,3,3,2
logistic_S,logistic,S,47,studio_F1.wav,229.4778111262211,42.23864616145294,131,0.0532181506005644,14.778929786556914,3.1496062992125986,5.993918078790025,0.12218887377889587,5.438646161452944,122,17,7,1,0.991869918699187,0.7083333333333334,0.8501016260162602,0.8888888888888888,0.9455782312925171,2,8,3,3,2
svm_S,svm,S,11,studio_F1.wav,229.4778111262211,42.23864616145294,131,0.0532181506005644,14.778929786556914,3.1496062992125986,5.993918078790025,0.12218887377889587,5.438646161452944,122,17,7,1,0.991869918699187,0.7083333333333334,0.8501016260162602,0.8888888888888888,0.9455782312925171,2,8,3,3,2
svm_S,svm,S,29,studio_F1.wav,229.4778111262211,42.23864616145294,131,0.0532181506005644,14.778929786556914,3.1496062992125986,5.993918078790025,0.12218887377889587,5.438646161452944,122,17,7,1,0.991869918699187,0.7083333333333334,0.8501016260162602,0.8888888888888888,0.9455782312925171,2,8,3,3,2
svm_S,svm,S,47,studio_F1.wav,229.4778111262211,42.23864616145294,131,0.0532181506005644,14.778929786556914,3.1496062992125986,5.993918078790025,0.12218887377889587,5.438646161452944,122,17,7,1,0.991869918699187,0.7083333333333334,0.8501016260162602,0.8888888888888888,0.9455782312925171,2,8,3,3,2
knn_S,knn,S,11,studio_F1.wav,230.69252317742234,40.056625886715615,130,0.47583762082854986,8.84952686607505,2.3622047244094486,3.8958564037710164,1.0925231774223505,3.256625886715618,122,17,7,1,0.991869918699187,0.7083333333333334,0.8501016260162602,0.8888888888888888,0.9455782312925171,1,7,3,3,1
knn_S,knn,S,29,studio_F1.wav,230.69252317742234,40.056625886715615,130,0.47583762082854986,8.84952686607505,2.3622047244094486,3.8958564037710164,1.0925231774223505,3.256625886715618,122,17,7,1,0.991869918699187,0.7083333333333334,0.8501016260162602,0.8888888888888888,0.9455782312925171,1,7,3,3,1
knn_S,knn,S,47,studio_F1.wav,230.69252317742234,40.056625886715615,130,0.47583762082854986,8.84952686607505,2.3622047244094486,3.8958564037710164,1.0925231774223505,3.256625886715618,122,17,7,1,0.991869918699187,0.7083333333333334,0.8501016260162602,0.8888888888888888,0.9455782312925171,1,7,3,3,1
rf_S,rf,S,11,studio_F1.wav,230.69252317742234,40.056625886715615,130,0.47583762082854986,8.84952686607505,2.3622047244094486,3.8958564037710164,1.0925231774223505,3.256625886715618,122,17,7,1,0.991869918699187,0.7083333333333334,0.8501016260162602,0.8888888888888888,0.9455782312925171,1,7,3,3,1
rf_S,rf,S,29,studio_F1.wav,230.69252317742234,40.056625886715615,130,0.47583762082854986,8.84952686607505,2.3622047244094486,3.8958564037710164,1.0925231774223505,3.256625886715618,122,17,7,1,0.991869918699187,0.7083333333333334,0.8501016260162602,0.8888888888888888,0.9455782312925171,1,7,3,3,1
rf_S,rf,S,47,studio_F1.wav,229.4778111262211,42.23864616145294,131,0.0532181506005644,14.778929786556914,3.1496062992125986,5.993918078790025,0.12218887377889587,5.438646161452944,122,17,7,1,0.991869918699187,0.7083333333333334,0.8501016260162602,0.8888888888888888,0.9455782312925171,2,8,3,3,2
gmm_S,gmm,S,11,studio_F1.wav,229.4778111262211,42.23864616145294,131,0.0532181506005644,14.778929786556914,3.1496062992125986,5.993918078790025,0.12218887377889587,5.438646161452944,122,17,7,1,0.991869918699187,0.7083333333333334,0.8501016260162602,0.8888888888888888,0.9455782312925171,2,8,3,3,2
gmm_S,gmm,S,29,studio_F1.wav,229.4778111262211,42.23864616145294,131,0.0532181506005644,14.778929786556914,3.1496062992125986,5.993918078790025,0.12218887377889587,5.438646161452944,122,17,7,1,0.991869918699187,0.7083333333333334,0.8501016260162602,0.8888888888888888,0.9455782312925171,2,8,3,3,2
gmm_S,gmm,S,47,studio_F1.wav,229.4778111262211,42.23864616145294,131,0.0532181506005644,14.778929786556914,3.1496062992125986,5.993918078790025,0.12218887377889587,5.438646161452944,122,17,7,1,0.991869918699187,0.7083333333333334,0.8501016260162602,0.8888888888888888,0.9455782312925171,2,8,3,3,2
logistic_PS,logistic,PS,11,studio_F1.wav,229.64993576778687,41.94305929536846,133,0.021749027781740964,13.97570460697951,4.724409448818897,6.24062102786005,0.04993576778687725,5.1430592953684595,122,17,7,1,0.991869918699187,0.7083333333333334,0.8501016260162602,0.8888888888888888,0.9455782312925171,4,10,3,3,4
logistic_PS,logistic,PS,29,studio_F1.wav,229.64993576778687,41.94305929536846,133,0.021749027781740964,13.97570460697951,4.724409448818897,6.24062102786005,0.04993576778687725,5.1430592953684595,122,17,7,1,0.991869918699187,0.7083333333333334,0.8501016260162602,0.8888888888888888,0.9455782312925171,4,10,3,3,4
logistic_PS,logistic,PS,47,studio_F1.wav,229.64993576778687,41.94305929536846,133,0.021749027781740964,13.97570460697951,4.724409448818897,6.24062102786005,0.04993576778687725,5.1430592953684595,122,17,7,1,0.991869918699187,0.7083333333333334,0.8501016260162602,0.8888888888888888,0.9455782312925171,4,10,3,3,4
svm_PS,svm,PS,11,studio_F1.wav,229.64993576778687,41.94305929536846,133,0.021749027781740964,13.97570460697951,4.724409448818897,6.24062102786005,0.04993576778687725,5.1430592953684595,122,17,7,1,0.991869918699187,0.7083333333333334,0.8501016260162602,0.8888888888888888,0.9455782312925171,4,10,3,3,4
svm_PS,svm,PS,29,studio_F1.wav,229.64993576778687,41.94305929536846,133,0.021749027781740964,13.97570460697951,4.724409448818897,6.24062102786005,0.04993576778687725,5.1430592953684595,122,17,7,1,0.991869918699187,0.7083333333333334,0.8501016260162602,0.8888888888888888,0.9455782312925171,4,10,3,3,4
svm_PS,svm,PS,47,studio_F1.wav,229.64993576778687,41.94305929536846,133,0.021749027781740964,13.97570460697951,4.724409448818897,6.24062102786005,0.04993576778687725,5.1430592953684595,122,17,7,1,0.991869918699187,0.7083333333333334,0.8501016260162602,0.8888888888888888,0.9455782312925171,4,10,3,3,4
knn_PS,knn,PS,11,studio_F1.wav,229.65311715763227,41.939246713329126,133,0.023134650536703827,13.965344329698722,4.724409448818897,6.237629476351441,0.05311715763227198,5.139246713329129,122,17,7,1,0.991869918699187,0.7083333333333334,0.8501016260162602,0.8888888888888888,0.9455782312925171,4,10,3,3,4
knn_PS,knn,PS,29,studio_F1.wav,229.65311715763227,41.939246713329126,133,0.023134650536703827,13.965344329698722,4.724409448818897,6.237629476351441,0.05311715763227198,5.139246713329129,122,17,7,1,0.991869918699187,0.7083333333333334,0.8501016260162602,0.8888888888888888,0.9455782312925171,4,10,3,3,4
knn_PS,knn,PS,47,studio_F1.wav,229.65311715763227,41.939246713329126,133,0.023134650536703827,13.965344329698722,4.724409448818897,6.237629476351441,0.05311715763227198,5.139246713329129,122,17,7,1,0.991869918699187,0.7083333333333334,0.8501016260162602,0.8888888888888888,0.9455782312925171,4,10,3,3,4
rf_PS,rf,PS,11,studio_F1.wav,230.4622328204906,39.86845700123178,133,0.3755369427223947,8.33819837291246,4.724409448818897,4.479381588151251,0.8622328204906182,3.068457001231785,122,16,8,1,0.991869918699187,0.6666666666666666,0.8292682926829268,0.8724573411742023,0.9387755102040817,3,10,3,4,3
rf_PS,rf,PS,29,studio_F1.wav,230.4622328204906,39.86845700123178,133,0.3755369427223947,8.33819837291246,4.724409448818897,4.479381588151251,0.8622328204906182,3.068457001231785,122,16,8,1,0.991869918699187,0.6666666666666666,0.8292682926829268,0.8724573411742023,0.9387755102040817,3,10,3,4,3
rf_PS,rf,PS,47,studio_F1.wav,230.4622328204906,39.86845700123178,133,0.3755369427223947,8.33819837291246,4.724409448818897,4.479381588151251,0.8622328204906182,3.068457001231785,122,16,8,1,0.991869918699187,0.6666666666666666,0.8292682926829268,0.8724573411742023,0.9387755102040817,3,10,3,4,3
gmm_PS,gmm,PS,11,studio_F1.wav,230.69252317742234,40.056625886715615,130,0.47583762082854986,8.84952686607505,2.3622047244094486,3.8958564037710164,1.0925231774223505,3.256625886715618,122,17,7,1,0.991869918699187,0.7083333333333334,0.8501016260162602,0.8888888888888888,0.9455782312925171,1,7,3,3,1
gmm_PS,gmm,PS,29,studio_F1.wav,230.69252317742234,40.056625886715615,130,0.47583762082854986,8.84952686607505,2.3622047244094486,3.8958564037710164,1.0925231774223505,3.256625886715618,122,17,7,1,0.991869918699187,0.7083333333333334,0.8501016260162602,0.8888888888888888,0.9455782312925171,1,7,3,3,1
gmm_PS,gmm,PS,47,studio_F1.wav,230.69252317742234,40.056625886715615,130,0.47583762082854986,8.84952686607505,2.3622047244094486,3.8958564037710164,1.0925231774223505,3.256625886715618,122,17,7,1,0.991869918699187,0.7083333333333334,0.8501016260162602,0.8888888888888888,0.9455782312925171,1,7,3,3,1
logistic_ES,logistic,ES,11,studio_F1.wav,231.6675614443101,37.01847468240407,124,0.9005058555357646,0.593681202184977,2.3622047244094486,1.28546392737673,2.0675614443101153,0.21847468240407153,119,19,5,4,0.967479674796748,0.7916666666666666,0.8795731707317074,0.8860366956671548,0.9387755102040817,0,1,0,1,0
logistic_ES,logistic,ES,29,studio_F1.wav,231.6675614443101,37.01847468240407,124,0.9005058555357646,0.593681202184977,2.3622047244094486,1.28546392737673,2.0675614443101153,0.21847468240407153,119,19,5,4,0.967479674796748,0.7916666666666666,0.8795731707317074,0.8860366956671548,0.9387755102040817,0,1,0,1,0
logistic_ES,logistic,ES,47,studio_F1.wav,231.6675614443101,37.01847468240407,124,0.9005058555357646,0.593681202184977,2.3622047244094486,1.28546392737673,2.0675614443101153,0.21847468240407153,119,19,5,4,0.967479674796748,0.7916666666666666,0.8795731707317074,0.8860366956671548,0.9387755102040817,0,1,0,1,0
svm_ES,svm,ES,11,studio_F1.wav,231.6675614443101,37.01847468240407,124,0.9005058555357646,0.593681202184977,2.3622047244094486,1.28546392737673,2.0675614443101153,0.21847468240407153,119,19,5,4,0.967479674796748,0.7916666666666666,0.8795731707317074,0.8860366956671548,0.9387755102040817,0,1,0,1,0
svm_ES,svm,ES,29,studio_F1.wav,231.6675614443101,37.01847468240407,124,0.9005058555357646,0.593681202184977,2.3622047244094486,1.28546392737673,2.0675614443101153,0.21847468240407153,119,19,5,4,0.967479674796748,0.7916666666666666,0.8795731707317074,0.8860366956671548,0.9387755102040817,0,1,0,1,0
svm_ES,svm,ES,47,studio_F1.wav,231.6675614443101,37.01847468240407,124,0.9005058555357646,0.593681202184977,2.3622047244094486,1.28546392737673,2.0675614443101153,0.21847468240407153,119,19,5,4,0.967479674796748,0.7916666666666666,0.8795731707317074,0.8860366956671548,0.9387755102040817,0,1,0,1,0
knn_ES,knn,ES,11,studio_F1.wav,229.89026019382746,40.03666399156867,128,0.12641994504680498,8.795282585784447,0.7874015748031497,3.2363680352114677,0.29026019382746426,3.236663991568676,121,18,6,2,0.983739837398374,0.75,0.8668699186991871,0.8930909090909092,0.9455782312925171,1,5,2,2,1
knn_ES,knn,ES,29,studio_F1.wav,229.89026019382746,40.03666399156867,128,0.12641994504680498,8.795282585784447,0.7874015748031497,3.2363680352114677,0.29026019382746426,3.236663991568676,121,18,6,2,0.983739837398374,0.75,0.8668699186991871,0.8930909090909092,0.9455782312925171,1,5,2,2,1
knn_ES,knn,ES,47,studio_F1.wav,229.89026019382746,40.03666399156867,128,0.12641994504680498,8.795282585784447,0.7874015748031497,3.2363680352114677,0.29026019382746426,3.236663991568676,121,18,6,2,0.983739837398374,0.75,0.8668699186991871,0.8930909090909092,0.9455782312925171,1,5,2,2,1
rf_ES,rf,ES,11,studio_F1.wav,229.8929583847984,40.03107335767669,130,0.12759511533031198,8.780090645860577,2.3622047244094486,3.756630161866779,0.2929583847983963,3.231073357676692,121,16,8,2,0.983739837398374,0.6666666666666666,0.8252032520325203,0.8611111111111112,0.9319727891156463,1,7,2,4,1
rf_ES,rf,ES,29,studio_F1.wav,229.77583921607683,40.16374006200702,129,0.07658502442370996,9.140597994584308,1.5748031496062993,3.5973287228714397,0.17583921607683806,3.3637400620070252,121,17,7,2,0.983739837398374,0.7083333333333334,0.8460365853658537,0.8774205503567127,0.9387755102040817,1,6,2,3,1
rf_ES,rf,ES,47,studio_F1.wav,229.77583921607683,40.16374006200702,129,0.07658502442370996,9.140597994584308,1.5748031496062993,3.5973287228714397,0.17583921607683806,3.3637400620070252,121,17,7,2,0.983739837398374,0.7083333333333334,0.8460365853658537,0.8774205503567127,0.9387755102040817,1,6,2,3,1
gmm_ES,gmm,ES,11,studio_F1.wav,232.0908688342666,36.86853960471595,123,1.0848731856561815,0.1862489258585637,3.1496062992125986,1.4735761369091147,2.4908688342665926,0.06853960471595144,119,20,4,4,0.967479674796748,0.8333333333333334,0.9004065040650406,0.9004065040650406,0.9455782312925171,0,0,0,0,0
gmm_ES,gmm,ES,29,studio_F1.wav,232.0908688342666,36.86853960471595,123,1.0848731856561815,0.1862489258585637,3.1496062992125986,1.4735761369091147,2.4908688342665926,0.06853960471595144,119,20,4,4,0.967479674796748,0.8333333333333334,0.9004065040650406,0.9004065040650406,0.9455782312925171,0,0,0,0,0
gmm_ES,gmm,ES,47,studio_F1.wav,232.0908688342666,36.86853960471595,123,1.0848731856561815,0.1862489258585637,3.1496062992125986,1.4735761369091147,2.4908688342665926,0.06853960471595144,119,20,4,4,0.967479674796748,0.8333333333333334,0.9004065040650406,0.9004065040650406,0.9455782312925171,0,0,0,0,0
logistic_PES,logistic,PES,11,studio_F1.wav,229.65180003059186,39.97232931602287,129,0.022560988933738386,8.620460097888248,1.5748031496062993,3.4059414121427625,0.05180003059186333,3.172329316022875,122,18,6,1,0.991869918699187,0.75,0.8709349593495934,0.9046604280552211,0.9523809523809523,1,6,3,2,1
logistic_PES,logistic,PES,29,studio_F1.wav,229.65180003059186,39.97232931602287,129,0.022560988933738386,8.620460097888248,1.5748031496062993,3.4059414121427625,0.05180003059186333,3.172329316022875,122,18,6,1,0.991869918699187,0.75,0.8709349593495934,0.9046604280552211,0.9523809523809523,1,6,3,2,1
logistic_PES,logistic,PES,47,studio_F1.wav,229.65180003059186,39.97232931602287,129,0.022560988933738386,8.620460097888248,1.5748031496062993,3.4059414121427625,0.05180003059186333,3.172329316022875,122,18,6,1,0.991869918699187,0.75,0.8709349593495934,0.9046604280552211,0.9523809523809523,1,6,3,2,1
svm_PES,svm,PES,11,studio_F1.wav,229.65180003059186,39.97232931602287,129,0.022560988933738386,8.620460097888248,1.5748031496062993,3.4059414121427625,0.05180003059186333,3.172329316022875,122,18,6,1,0.991869918699187,0.75,0.8709349593495934,0.9046604280552211,0.9523809523809523,1,6,3,2,1
svm_PES,svm,PES,29,studio_F1.wav,229.65180003059186,39.97232931602287,129,0.022560988933738386,8.620460097888248,1.5748031496062993,3.4059414121427625,0.05180003059186333,3.172329316022875,122,18,6,1,0.991869918699187,0.75,0.8709349593495934,0.9046604280552211,0.9523809523809523,1,6,3,2,1
svm_PES,svm,PES,47,studio_F1.wav,229.65180003059186,39.97232931602287,129,0.022560988933738386,8.620460097888248,1.5748031496062993,3.4059414121427625,0.05180003059186333,3.172329316022875,122,18,6,1,0.991869918699187,0.75,0.8709349593495934,0.9046604280552211,0.9523809523809523,1,6,3,2,1
knn_PES,knn,PES,11,studio_F1.wav,230.30250966064554,40.150458309015505,131,0.3059711065529383,9.104506274498664,3.1496062992125986,4.186694560088067,0.7025096606455463,3.350458309015508,122,16,8,1,0.991869918699187,0.6666666666666666,0.8292682926829268,0.8724573411742023,0.9387755102040817,1,8,3,4,1
knn_PES,knn,PES,29,studio_F1.wav,230.30250966064554,40.150458309015505,131,0.3059711065529383,9.104506274498664,3.1496062992125986,4.186694560088067,0.7025096606455463,3.350458309015508,122,16,8,1,0.991869918699187,0.6666666666666666,0.8292682926829268,0.8724573411742023,0.9387755102040817,1,8,3,4,1
knn_PES,knn,PES,47,studio_F1.wav,230.30250966064554,40.150458309015505,131,0.3059711065529383,9.104506274498664,3.1496062992125986,4.186694560088067,0.7025096606455463,3.350458309015508,122,16,8,1,0.991869918699187,0.6666666666666666,0.8292682926829268,0.8724573411742023,0.9387755102040817,1,8,3,4,1
rf_PES,rf,PES,11,studio_F1.wav,229.8929583847984,40.03107335767669,130,0.12759511533031198,8.780090645860577,2.3622047244094486,3.756630161866779,0.2929583847983963,3.231073357676692,121,16,8,2,0.983739837398374,0.6666666666666666,0.8252032520325203,0.8611111111111112,0.9319727891156463,1,7,2,4,1
rf_PES,rf,PES,29,studio_F1.wav,229.77583921607683,40.16374006200702,129,0.07658502442370996,9.140597994584308,1.5748031496062993,3.5973287228714397,0.17583921607683806,3.3637400620070252,121,17,7,2,0.983739837398374,0.7083333333333334,0.8460365853658537,0.8774205503567127,0.9387755102040817,1,6,2,3,1
rf_PES,rf,PES,47,studio_F1.wav,229.77583921607683,40.16374006200702,129,0.07658502442370996,9.140597994584308,1.5748031496062993,3.5973287228714397,0.17583921607683806,3.3637400620070252,121,17,7,2,0.983739837398374,0.7083333333333334,0.8460365853658537,0.8774205503567127,0.9387755102040817,1,6,2,3,1
gmm_PES,gmm,PES,11,studio_F1.wav,232.0908688342666,36.86853960471595,123,1.0848731856561815,0.1862489258585637,3.1496062992125986,1.4735761369091147,2.4908688342665926,0.06853960471595144,119,20,4,4,0.967479674796748,0.8333333333333334,0.9004065040650406,0.9004065040650406,0.9455782312925171,0,0,0,0,0
gmm_PES,gmm,PES,29,studio_F1.wav,232.0908688342666,36.86853960471595,123,1.0848731856561815,0.1862489258585637,3.1496062992125986,1.4735761369091147,2.4908688342665926,0.06853960471595144,119,20,4,4,0.967479674796748,0.8333333333333334,0.9004065040650406,0.9004065040650406,0.9455782312925171,0,0,0,0,0
gmm_PES,gmm,PES,47,studio_F1.wav,232.0908688342666,36.86853960471595,123,1.0848731856561815,0.1862489258585637,3.1496062992125986,1.4735761369091147,2.4908688342665926,0.06853960471595144,119,20,4,4,0.967479674796748,0.8333333333333334,0.9004065040650406,0.9004065040650406,0.9455782312925171,0,0,0,0,0
logistic_ZS,logistic,ZS,11,studio_F1.wav,229.4778111262211,42.23864616145294,131,0.0532181506005644,14.778929786556914,3.1496062992125986,5.993918078790025,0.12218887377889587,5.438646161452944,122,17,7,1,0.991869918699187,0.7083333333333334,0.8501016260162602,0.8888888888888888,0.9455782312925171,2,8,3,3,2
logistic_ZS,logistic,ZS,29,studio_F1.wav,229.4778111262211,42.23864616145294,131,0.0532181506005644,14.778929786556914,3.1496062992125986,5.993918078790025,0.12218887377889587,5.438646161452944,122,17,7,1,0.991869918699187,0.7083333333333334,0.8501016260162602,0.8888888888888888,0.9455782312925171,2,8,3,3,2
logistic_ZS,logistic,ZS,47,studio_F1.wav,229.4778111262211,42.23864616145294,131,0.0532181506005644,14.778929786556914,3.1496062992125986,5.993918078790025,0.12218887377889587,5.438646161452944,122,17,7,1,0.991869918699187,0.7083333333333334,0.8501016260162602,0.8888888888888888,0.9455782312925171,2,8,3,3,2
svm_ZS,svm,ZS,11,studio_F1.wav,229.4778111262211,42.23864616145294,131,0.0532181506005644,14.778929786556914,3.1496062992125986,5.993918078790025,0.12218887377889587,5.438646161452944,122,17,7,1,0.991869918699187,0.7083333333333334,0.8501016260162602,0.8888888888888888,0.9455782312925171,2,8,3,3,2
svm_ZS,svm,ZS,29,studio_F1.wav,229.4778111262211,42.23864616145294,131,0.0532181506005644,14.778929786556914,3.1496062992125986,5.993918078790025,0.12218887377889587,5.438646161452944,122,17,7,1,0.991869918699187,0.7083333333333334,0.8501016260162602,0.8888888888888888,0.9455782312925171,2,8,3,3,2
svm_ZS,svm,ZS,47,studio_F1.wav,229.4778111262211,42.23864616145294,131,0.0532181506005644,14.778929786556914,3.1496062992125986,5.993918078790025,0.12218887377889587,5.438646161452944,122,17,7,1,0.991869918699187,0.7083333333333334,0.8501016260162602,0.8888888888888888,0.9455782312925171,2,8,3,3,2
knn_ZS,knn,ZS,11,studio_F1.wav,229.560134358862,42.08889518640346,132,0.017363084119335008,14.371997789139852,3.937007874015748,6.108789582424978,0.03986564113799318,5.288895186403465,122,17,7,1,0.991869918699187,0.7083333333333334,0.8501016260162602,0.8888888888888888,0.9455782312925171,3,9,3,3,3
knn_ZS,knn,ZS,29,studio_F1.wav,229.560134358862,42.08889518640346,132,0.017363084119335008,14.371997789139852,3.937007874015748,6.108789582424978,0.03986564113799318,5.288895186403465,122,17,7,1,0.991869918699187,0.7083333333333334,0.8501016260162602,0.8888888888888888,0.9455782312925171,3,9,3,3,3
knn_ZS,knn,ZS,47,studio_F1.wav,229.560134358862,42.08889518640346,132,0.017363084119335008,14.371997789139852,3.937007874015748,6.108789582424978,0.03986564113799318,5.288895186403465,122,17,7,1,0.991869918699187,0.7083333333333334,0.8501016260162602,0.8888888888888888,0.9455782312925171,3,9,3,3,3
rf_ZS,rf,ZS,11,studio_F1.wav,229.09995462132295,42.30001053796211,132,0.2177897990753674,14.945680809679653,3.937007874015748,6.36682616092359,0.5000453786770436,5.500010537962112,122,16,8,1,0.991869918699187,0.6666666666666666,0.8292682926829268,0.8724573411742023,0.9387755102040817,2,9,3,4,2
rf_ZS,rf,ZS,29,studio_F1.wav,229.09995462132295,42.30001053796211,132,0.2177897990753674,14.945680809679653,3.937007874015748,6.36682616092359,0.5000453786770436,5.500010537962112,122,16,8,1,0.991869918699187,0.6666666666666666,0.8292682926829268,0.8724573411742023,0.9387755102040817,2,9,3,4,2
rf_ZS,rf,ZS,47,studio_F1.wav,229.09995462132295,42.30001053796211,132,0.2177897990753674,14.945680809679653,3.937007874015748,6.36682616092359,0.5000453786770436,5.500010537962112,122,16,8,1,0.991869918699187,0.6666666666666666,0.8292682926829268,0.8724573411742023,0.9387755102040817,2,9,3,4,2
gmm_ZS,gmm,ZS,11,studio_F1.wav,229.96990897464656,42.02504137108393,130,0.161110180595193,14.198481986641122,2.3622047244094486,5.573932297215254,0.36990897464656314,5.2250413710839325,122,17,7,1,0.991869918699187,0.7083333333333334,0.8501016260162602,0.8888888888888888,0.9455782312925171,1,7,3,3,1
gmm_ZS,gmm,ZS,29,studio_F1.wav,229.96990897464656,42.02504137108393,130,0.161110180595193,14.198481986641122,2.3622047244094486,5.573932297215254,0.36990897464656314,5.2250413710839325,122,17,7,1,0.991869918699187,0.7083333333333334,0.8501016260162602,0.8888888888888888,0.9455782312925171,1,7,3,3,1
gmm_ZS,gmm,ZS,47,studio_F1.wav,229.96990897464656,42.02504137108393,130,0.161110180595193,14.198481986641122,2.3622047244094486,5.573932297215254,0.36990897464656314,5.2250413710839325,122,17,7,1,0.991869918699187,0.7083333333333334,0.8501016260162602,0.8888888888888888,0.9455782312925171,1,7,3,3,1
logistic_PZS,logistic,PZS,11,studio_F1.wav,229.64993576778687,41.94305929536846,133,0.021749027781740964,13.97570460697951,4.724409448818897,6.24062102786005,0.04993576778687725,5.1430592953684595,122,17,7,1,0.991869918699187,0.7083333333333334,0.8501016260162602,0.8888888888888888,0.9455782312925171,4,10,3,3,4
logistic_PZS,logistic,PZS,29,studio_F1.wav,229.64993576778687,41.94305929536846,133,0.021749027781740964,13.97570460697951,4.724409448818897,6.24062102786005,0.04993576778687725,5.1430592953684595,122,17,7,1,0.991869918699187,0.7083333333333334,0.8501016260162602,0.8888888888888888,0.9455782312925171,4,10,3,3,4
logistic_PZS,logistic,PZS,47,studio_F1.wav,229.64993576778687,41.94305929536846,133,0.021749027781740964,13.97570460697951,4.724409448818897,6.24062102786005,0.04993576778687725,5.1430592953684595,122,17,7,1,0.991869918699187,0.7083333333333334,0.8501016260162602,0.8888888888888888,0.9455782312925171,4,10,3,3,4
svm_PZS,svm,PZS,11,studio_F1.wav,229.276434399965,42.007685595284066,134,0.14092578398736152,14.151319552402361,5.511811023622047,6.601352120003924,0.323565600034982,5.207685595284069,122,16,8,1,0.991869918699187,0.6666666666666666,0.8292682926829268,0.8724573411742023,0.9387755102040817,4,11,3,4,4
svm_PZS,svm,PZS,29,studio_F1.wav,229.276434399965,42.007685595284066,134,0.14092578398736152,14.151319552402361,5.511811023622047,6.601352120003924,0.323565600034982,5.207685595284069,122,16,8,1,0.991869918699187,0.6666666666666666,0.8292682926829268,0.8724573411742023,0.9387755102040817,4,11,3,4,4
svm_PZS,svm,PZS,47,studio_F1.wav,229.276434399965,42.007685595284066,134,0.14092578398736152,14.151319552402361,5.511811023622047,6.601352120003924,0.323565600034982,5.207685595284069,122,16,8,1,0.991869918699187,0.6666666666666666,0.8292682926829268,0.8724573411742023,0.9387755102040817,4,11,3,4,4
knn_PZS,knn,PZS,11,studio_F1.wav,230.44528272614363,39.65481434594727,131,0.3681544974493192,7.7576476792045534,3.1496062992125986,3.75846949195549,0.8452827261436369,2.8548143459472755,121,17,7,2,0.983739837398374,0.7083333333333334,0.8460365853658537,0.8774205503567127,0.9387755102040817,3,8,2,3,3
knn_PZS,knn,PZS,29,studio_F1.wav,230.44528272614363,39.65481434594727,131,0.3681544974493192,7.7576476792045534,3.1496062992125986,3.75846949195549,0.8452827261436369,2.8548143459472755,121,17,7,2,0.983739837398374,0.7083333333333334,0.8460365853658537,0.8774205503567127,0.9387755102040817,3,8,2,3,3
knn_PZS,knn,PZS,47,studio_F1.wav,230.44528272614363,39.65481434594727,131,0.3681544974493192,7.7576476792045534,3.1496062992125986,3.75846949195549,0.8452827261436369,2.8548143459472755,121,17,7,2,0.983739837398374,0.7083333333333334,0.8460365853658537,0.8774205503567127,0.9387755102040817,3,8,2,3,3
rf_PZS,rf,PZS,11,studio_F1.wav,230.4622328204906,39.86845700123178,133,0.3755369427223947,8.33819837291246,4.724409448818897,4.479381588151251,0.8622328204906182,3.068457001231785,122,16,8,1,0.991869918699187,0.6666666666666666,0.8292682926829268,0.8724573411742023,0.9387755102040817,3,10,3,4,3
rf_PZS,rf,PZS,29,studio_F1.wav,230.4622328204906,39.86845700123178,133,0.3755369427223947,8.33819837291246,4.724409448818897,4.479381588151251,0.8622328204906182,3.068457001231785,122,16,8,1,0.991869918699187,0.6666666666666666,0.8292682926829268,0.8724573411742023,0.9387755102040817,3,10,3,4,3
rf_PZS,rf,PZS,47,studio_F1.wav,230.4622328204906,39.86845700123178,133,0.3755369427223947,8.33819837291246,4.724409448818897,4.479381588151251,0.8622328204906182,3.068457001231785,122,16,8,1,0.991869918699187,0.6666666666666666,0.8292682926829268,0.8724573411742023,0.9387755102040817,3,10,3,4,3
gmm_PZS,gmm,PZS,11,studio_F1.wav,229.4778111262211,42.23864616145294,131,0.0532181506005644,14.778929786556914,3.1496062992125986,5.993918078790025,0.12218887377889587,5.438646161452944,122,17,7,1,0.991869918699187,0.7083333333333334,0.8501016260162602,0.8888888888888888,0.9455782312925171,2,8,3,3,2
gmm_PZS,gmm,PZS,29,studio_F1.wav,229.4778111262211,42.23864616145294,131,0.0532181506005644,14.778929786556914,3.1496062992125986,5.993918078790025,0.12218887377889587,5.438646161452944,122,17,7,1,0.991869918699187,0.7083333333333334,0.8501016260162602,0.8888888888888888,0.9455782312925171,2,8,3,3,2
gmm_PZS,gmm,PZS,47,studio_F1.wav,229.4778111262211,42.23864616145294,131,0.0532181506005644,14.778929786556914,3.1496062992125986,5.993918078790025,0.12218887377889587,5.438646161452944,122,17,7,1,0.991869918699187,0.7083333333333334,0.8501016260162602,0.8888888888888888,0.9455782312925171,2,8,3,3,2
logistic_EZS,logistic,EZS,11,studio_F1.wav,231.6675614443101,37.01847468240407,124,0.9005058555357646,0.593681202184977,2.3622047244094486,1.28546392737673,2.0675614443101153,0.21847468240407153,119,19,5,4,0.967479674796748,0.7916666666666666,0.8795731707317074,0.8860366956671548,0.9387755102040817,0,1,0,1,0
logistic_EZS,logistic,EZS,29,studio_F1.wav,231.6675614443101,37.01847468240407,124,0.9005058555357646,0.593681202184977,2.3622047244094486,1.28546392737673,2.0675614443101153,0.21847468240407153,119,19,5,4,0.967479674796748,0.7916666666666666,0.8795731707317074,0.8860366956671548,0.9387755102040817,0,1,0,1,0
logistic_EZS,logistic,EZS,47,studio_F1.wav,231.6675614443101,37.01847468240407,124,0.9005058555357646,0.593681202184977,2.3622047244094486,1.28546392737673,2.0675614443101153,0.21847468240407153,119,19,5,4,0.967479674796748,0.7916666666666666,0.8795731707317074,0.8860366956671548,0.9387755102040817,0,1,0,1,0
svm_EZS,svm,EZS,11,studio_F1.wav,230.38181128662396,39.55244060864068,125,0.3405101422578236,7.47945817565403,1.5748031496062993,3.1315904891727175,0.781811286623963,2.7524406086406827,120,19,5,3,0.975609756097561,0.7916666666666666,0.8836382113821137,0.8969144460028051,0.9455782312925171,0,2,1,1,0
svm_EZS,svm,EZS,29,studio_F1.wav,230.38181128662396,39.55244060864068,125,0.3405101422578236,7.47945817565403,1.5748031496062993,3.1315904891727175,0.781811286623963,2.7524406086406827,120,19,5,3,0.975609756097561,0.7916666666666666,0.8836382113821137,0.8969144460028051,0.9455782312925171,0,2,1,1,0
svm_EZS,svm,EZS,47,studio_F1.wav,230.38181128662396,39.55244060864068,125,0.3405101422578236,7.47945817565403,1.5748031496062993,3.1315904891727175,0.781811286623963,2.7524406086406827,120,19,5,3,0.975609756097561,0.7916666666666666,0.8836382113821137,0.8969144460028051,0.9455782312925171,0,2,1,1,0
knn_EZS,knn,EZS,11,studio_F1.wav,230.133772301305,39.492659287734824,126,0.23247922530705245,7.317008934062031,0.7874015748031497,2.778963244724078,0.5337723013049924,2.692659287734827,121,19,5,2,0.983739837398374,0.7916666666666666,0.8877032520325203,0.9081659973226238,0.9523809523809523,0,3,2,1,0
knn_EZS,knn,EZS,29,studio_F1.wav,230.133772301305,39.492659287734824,126,0.23247922530705245,7.317008934062031,0.7874015748031497,2.778963244724078,0.5337723013049924,2.692659287734827,121,19,5,2,0.983739837398374,0.7916666666666666,0.8877032520325203,0.9081659973226238,0.9523809523809523,0,3,2,1,0
knn_EZS,knn,EZS,47,studio_F1.wav,230.133772301305,39.492659287734824,126,0.23247922530705245,7.317008934062031,0.7874015748031497,2.778963244724078,0.5337723013049924,2.692659287734827,121,19,5,2,0.983739837398374,0.7916666666666666,0.8877032520325203,0.9081659973226238,0.9523809523809523,0,3,2,1,0
rf_EZS,rf,EZS,11,studio_F1.wav,230.1711377440913,40.06957578113793,128,0.24875337286207178,8.884716796570466,0.7874015748031497,3.3069572480785627,0.5711377440913168,3.269575781137931,121,18,6,2,0.983739837398374,0.75,0.8668699186991871,0.8930909090909092,0.9455782312925171,1,5,2,2,1
rf_EZS,rf,EZS,29,studio_F1.wav,230.133772301305,39.492659287734824,126,0.23247922530705245,7.317008934062031,0.7874015748031497,2.778963244724078,0.5337723013049924,2.692659287734827,121,19,5,2,0.983739837398374,0.7916666666666666,0.8877032520325203,0.9081659973226238,0.9523809523809523,0,3,2,1,0
rf_EZS,rf,EZS,47,studio_F1.wav,230.133772301305,39.492659287734824,126,0.23247922530705245,7.317008934062031,0.7874015748031497,2.778963244724078,0.5337723013049924,2.692659287734827,121,19,5,2,0.983739837398374,0.7916666666666666,0.8877032520325203,0.9081659973226238,0.9523809523809523,0,3,2,1,0
gmm_EZS,gmm,EZS,11,studio_F1.wav,230.37842628782846,39.556804301721954,125,0.33903583964654466,7.491316037287926,1.5748031496062993,3.13505167551359,0.7784262878284665,2.7568043017219566,120,19,5,3,0.975609756097561,0.7916666666666666,0.8836382113821137,0.8969144460028051,0.9455782312925171,0,2,1,1,0
gmm_EZS,gmm,EZS,29,studio_F1.wav,230.37842628782846,39.556804301721954,125,0.33903583964654466,7.491316037287926,1.5748031496062993,3.13505167551359,0.7784262878284665,2.7568043017219566,120,19,5,3,0.975609756097561,0.7916666666666666,0.8836382113821137,0.8969144460028051,0.9455782312925171,0,2,1,1,0
gmm_EZS,gmm,EZS,47,studio_F1.wav,230.37842628782846,39.556804301721954,125,0.33903583964654466,7.491316037287926,1.5748031496062993,3.13505167551359,0.7784262878284665,2.7568043017219566,120,19,5,3,0.975609756097561,0.7916666666666666,0.8836382113821137,0.8969144460028051,0.9455782312925171,0,2,1,1,0
logistic_PEZS,logistic,PEZS,11,studio_F1.wav,229.65180003059186,39.97232931602287,129,0.022560988933738386,8.620460097888248,1.5748031496062993,3.4059414121427625,0.05180003059186333,3.172329316022875,122,18,6,1,0.991869918699187,0.75,0.8709349593495934,0.9046604280552211,0.9523809523809523,1,6,3,2,1
logistic_PEZS,logistic,PEZS,29,studio_F1.wav,229.65180003059186,39.97232931602287,129,0.022560988933738386,8.620460097888248,1.5748031496062993,3.4059414121427625,0.05180003059186333,3.172329316022875,122,18,6,1,0.991869918699187,0.75,0.8709349593495934,0.9046604280552211,0.9523809523809523,1,6,3,2,1
logistic_PEZS,logistic,PEZS,47,studio_F1.wav,229.65180003059186,39.97232931602287,129,0.022560988933738386,8.620460097888248,1.5748031496062993,3.4059414121427625,0.05180003059186333,3.172329316022875,122,18,6,1,0.991869918699187,0.75,0.8709349593495934,0.9046604280552211,0.9523809523809523,1,6,3,2,1
svm_PEZS,svm,PEZS,11,studio_F1.wav,229.65180003059186,39.97232931602287,129,0.022560988933738386,8.620460097888248,1.5748031496062993,3.4059414121427625,0.05180003059186333,3.172329316022875,122,18,6,1,0.991869918699187,0.75,0.8709349593495934,0.9046604280552211,0.9523809523809523,1,6,3,2,1
svm_PEZS,svm,PEZS,29,studio_F1.wav,229.65180003059186,39.97232931602287,129,0.022560988933738386,8.620460097888248,1.5748031496062993,3.4059414121427625,0.05180003059186333,3.172329316022875,122,18,6,1,0.991869918699187,0.75,0.8709349593495934,0.9046604280552211,0.9523809523809523,1,6,3,2,1
svm_PEZS,svm,PEZS,47,studio_F1.wav,229.65180003059186,39.97232931602287,129,0.022560988933738386,8.620460097888248,1.5748031496062993,3.4059414121427625,0.05180003059186333,3.172329316022875,122,18,6,1,0.991869918699187,0.75,0.8709349593495934,0.9046604280552211,0.9523809523809523,1,6,3,2,1
knn_PEZS,knn,PEZS,11,studio_F1.wav,229.77583921607683,40.16374006200702,129,0.07658502442370996,9.140597994584308,1.5748031496062993,3.5973287228714397,0.17583921607683806,3.3637400620070252,121,17,7,2,0.983739837398374,0.7083333333333334,0.8460365853658537,0.8774205503567127,0.9387755102040817,1,6,2,3,1
knn_PEZS,knn,PEZS,29,studio_F1.wav,229.77583921607683,40.16374006200702,129,0.07658502442370996,9.140597994584308,1.5748031496062993,3.5973287228714397,0.17583921607683806,3.3637400620070252,121,17,7,2,0.983739837398374,0.7083333333333334,0.8460365853658537,0.8774205503567127,0.9387755102040817,1,6,2,3,1
knn_PEZS,knn,PEZS,47,studio_F1.wav,229.77583921607683,40.16374006200702,129,0.07658502442370996,9.140597994584308,1.5748031496062993,3.5973287228714397,0.17583921607683806,3.3637400620070252,121,17,7,2,0.983739837398374,0.7083333333333334,0.8460365853658537,0.8774205503567127,0.9387755102040817,1,6,2,3,1
rf_PEZS,rf,PEZS,11,studio_F1.wav,229.62488504563262,39.749453034022714,127,0.010838434508984973,8.014818027235647,0.0,2.6752188205815437,0.0248850456326295,2.949453034022717,121,19,5,2,0.983739837398374,0.7916666666666666,0.8877032520325203,0.9081659973226238,0.9523809523809523,1,4,2,1,1
rf_PEZS,rf,PEZS,29,studio_F1.wav,229.77583921607683,40.16374006200702,129,0.07658502442370996,9.140597994584308,1.5748031496062993,3.5973287228714397,0.17583921607683806,3.3637400620070252,121,17,7,2,0.983739837398374,0.7083333333333334,0.8460365853658537,0.8774205503567127,0.9387755102040817,1,6,2,3,1
rf_PEZS,rf,PEZS,47,studio_F1.wav,229.2307658470748,39.84221405314812,128,0.16081626869564544,8.266886013989462,0.7874015748031497,3.0717012858294193,0.3692341529252019,3.042214053148122,121,18,6,2,0.983739837398374,0.75,0.8668699186991871,0.8930909090909092,0.9455782312925171,1,5,2,2,1
gmm_PEZS,gmm,PEZS,11,studio_F1.wav,230.37842628782846,39.556804301721954,125,0.33903583964654466,7.491316037287926,1.5748031496062993,3.13505167551359,0.7784262878284665,2.7568043017219566,120,19,5,3,0.975609756097561,0.7916666666666666,0.8836382113821137,0.8969144460028051,0.9455782312925171,0,2,1,1,0
gmm_PEZS,gmm,PEZS,29,studio_F1.wav,230.37842628782846,39.556804301721954,125,0.33903583964654466,7.491316037287926,1.5748031496062993,3.13505167551359,0.7784262878284665,2.7568043017219566,120,19,5,3,0.975609756097561,0.7916666666666666,0.8836382113821137,0.8969144460028051,0.9455782312925171,0,2,1,1,0
gmm_PEZS,gmm,PEZS,47,studio_F1.wav,230.37842628782846,39.556804301721954,125,0.33903583964654466,7.491316037287926,1.5748031496062993,3.13505167551359,0.7784262878284665,2.7568043017219566,120,19,5,3,0.975609756097561,0.7916666666666666,0.8836382113821137,0.8969144460028051,0.9455782312925171,0,2,1,1,0
logistic_M,logistic,M,11,studio_F1.wav,229.09995462132295,42.30001053796211,132,0.2177897990753674,14.945680809679653,3.937007874015748,6.36682616092359,0.5000453786770436,5.500010537962112,122,16,8,1,0.991869918699187,0.6666666666666666,0.8292682926829268,0.8724573411742023,0.9387755102040817,2,9,3,4,2
logistic_M,logistic,M,29,studio_F1.wav,229.09995462132295,42.30001053796211,132,0.2177897990753674,14.945680809679653,3.937007874015748,6.36682616092359,0.5000453786770436,5.500010537962112,122,16,8,1,0.991869918699187,0.6666666666666666,0.8292682926829268,0.8724573411742023,0.9387755102040817,2,9,3,4,2
logistic_M,logistic,M,47,studio_F1.wav,229.09995462132295,42.30001053796211,132,0.2177897990753674,14.945680809679653,3.937007874015748,6.36682616092359,0.5000453786770436,5.500010537962112,122,16,8,1,0.991869918699187,0.6666666666666666,0.8292682926829268,0.8724573411742023,0.9387755102040817,2,9,3,4,2
svm_M,svm,M,11,studio_F1.wav,230.2500008455698,39.923936416285265,129,0.2831014135756935,8.488957652949098,1.5748031496062993,3.4489540720436973,0.6500008455697923,3.123936416285268,121,18,6,2,0.983739837398374,0.75,0.8668699186991871,0.8930909090909092,0.9455782312925171,2,6,2,2,2
svm_M,svm,M,29,studio_F1.wav,230.2500008455698,39.923936416285265,129,0.2831014135756935,8.488957652949098,1.5748031496062993,3.4489540720436973,0.6500008455697923,3.123936416285268,121,18,6,2,0.983739837398374,0.75,0.8668699186991871,0.8930909090909092,0.9455782312925171,2,6,2,2,2
svm_M,svm,M,47,studio_F1.wav,230.2500008455698,39.923936416285265,129,0.2831014135756935,8.488957652949098,1.5748031496062993,3.4489540720436973,0.6500008455697923,3.123936416285268,121,18,6,2,0.983739837398374,0.75,0.8668699186991871,0.8930909090909092,0.9455782312925171,2,6,2,2,2
knn_M,knn,M,11,studio_F1.wav,231.68117412995008,37.681875682860124,126,0.9064347255880162,2.3964013121199095,0.7874015748031497,1.3634125375036918,2.081174129950085,0.8818756828601266,119,18,6,4,0.967479674796748,0.75,0.858739837398374,0.8711430575035064,0.9319727891156463,1,3,0,2,1
knn_M,knn,M,29,studio_F1.wav,231.68117412995008,37.681875682860124,126,0.9064347255880162,2.3964013121199095,0.7874015748031497,1.3634125375036918,2.081174129950085,0.8818756828601266,119,18,6,4,0.967479674796748,0.75,0.858739837398374,0.8711430575035064,0.9319727891156463,1,3,0,2,1
knn_M,knn,M,47,studio_F1.wav,231.68117412995008,37.681875682860124,126,0.9064347255880162,2.3964013121199095,0.7874015748031497,1.3634125375036918,2.081174129950085,0.8818756828601266,119,18,6,4,0.967479674796748,0.75,0.858739837398374,0.8711430575035064,0.9319727891156463,1,3,0,2,1
rf_M,rf,M,11,studio_F1.wav,230.30250966064554,40.150458309015505,131,0.3059711065529383,9.104506274498664,3.1496062992125986,4.186694560088067,0.7025096606455463,3.350458309015508,122,16,8,1,0.991869918699187,0.6666666666666666,0.8292682926829268,0.8724573411742023,0.9387755102040817,1,8,3,4,1
rf_M,rf,M,29,studio_F1.wav,230.30250966064554,40.150458309015505,131,0.3059711065529383,9.104506274498664,3.1496062992125986,4.186694560088067,0.7025096606455463,3.350458309015508,122,16,8,1,0.991869918699187,0.6666666666666666,0.8292682926829268,0.8724573411742023,0.9387755102040817,1,8,3,4,1
rf_M,rf,M,47,studio_F1.wav,230.30250966064554,40.150458309015505,131,0.3059711065529383,9.104506274498664,3.1496062992125986,4.186694560088067,0.7025096606455463,3.350458309015508,122,16,8,1,0.991869918699187,0.6666666666666666,0.8292682926829268,0.8724573411742023,0.9387755102040817,1,8,3,4,1
gmm_M,gmm,M,11,studio_F1.wav,232.0895442196416,37.812111622736815,127,1.0842962629101052,2.750303322654396,0.0,1.2781998618548336,2.4895442196416013,1.0121116227368177,120,18,6,3,0.975609756097561,0.75,0.8628048780487805,0.8819277108433735,0.9387755102040817,1,4,1,2,1
gmm_M,gmm,M,29,studio_F1.wav,232.0895442196416,37.812111622736815,127,1.0842962629101052,2.750303322654396,0.0,1.2781998618548336,2.4895442196416013,1.0121116227368177,120,18,6,3,0.975609756097561,0.75,0.8628048780487805,0.8819277108433735,0.9387755102040817,1,4,1,2,1
gmm_M,gmm,M,47,studio_F1.wav,231.68117412995008,37.681875682860124,126,0.9064347255880162,2.3964013121199095,0.7874015748031497,1.3634125375036918,2.081174129950085,0.8818756828601266,119,18,6,4,0.967479674796748,0.75,0.858739837398374,0.8711430575035064,0.9319727891156463,1,3,0,2,1
logistic_PM,logistic,PM,11,studio_F1.wav,229.09995462132295,42.30001053796211,132,0.2177897990753674,14.945680809679653,3.937007874015748,6.36682616092359,0.5000453786770436,5.500010537962112,122,16,8,1,0.991869918699187,0.6666666666666666,0.8292682926829268,0.8724573411742023,0.9387755102040817,2,9,3,4,2
logistic_PM,logistic,PM,29,studio_F1.wav,229.09995462132295,42.30001053796211,132,0.2177897990753674,14.945680809679653,3.937007874015748,6.36682616092359,0.5000453786770436,5.500010537962112,122,16,8,1,0.991869918699187,0.6666666666666666,0.8292682926829268,0.8724573411742023,0.9387755102040817,2,9,3,4,2
logistic_PM,logistic,PM,47,studio_F1.wav,229.09995462132295,42.30001053796211,132,0.2177897990753674,14.945680809679653,3.937007874015748,6.36682616092359,0.5000453786770436,5.500010537962112,122,16,8,1,0.991869918699187,0.6666666666666666,0.8292682926829268,0.8724573411742023,0.9387755102040817,2,9,3,4,2
svm_PM,svm,PM,11,studio_F1.wav,229.8929583847984,40.03107335767669,130,0.12759511533031198,8.780090645860577,2.3622047244094486,3.756630161866779,0.2929583847983963,3.231073357676692,121,16,8,2,0.983739837398374,0.6666666666666666,0.8252032520325203,0.8611111111111112,0.9319727891156463,1,7,2,4,1
svm_PM,svm,PM,29,studio_F1.wav,229.8929583847984,40.03107335767669,130,0.12759511533031198,8.780090645860577,2.3622047244094486,3.756630161866779,0.2929583847983963,3.231073357676692,121,16,8,2,0.983739837398374,0.6666666666666666,0.8252032520325203,0.8611111111111112,0.9319727891156463,1,7,2,4,1
svm_PM,svm,PM,47,studio_F1.wav,229.8929583847984,40.03107335767669,130,0.12759511533031198,8.780090645860577,2.3622047244094486,3.756630161866779,0.2929583847983963,3.231073357676692,121,16,8,2,0.983739837398374,0.6666666666666666,0.8252032520325203,0.8611111111111112,0.9319727891156463,1,7,2,4,1
knn_PM,knn,PM,11,studio_F1.wav,231.68117412995008,37.681875682860124,126,0.9064347255880162,2.3964013121199095,0.7874015748031497,1.3634125375036918,2.081174129950085,0.8818756828601266,119,18,6,4,0.967479674796748,0.75,0.858739837398374,0.8711430575035064,0.9319727891156463,1,3,0,2,1
knn_PM,knn,PM,29,studio_F1.wav,231.68117412995008,37.681875682860124,126,0.9064347255880162,2.3964013121199095,0.7874015748031497,1.3634125375036918,2.081174129950085,0.8818756828601266,119,18,6,4,0.967479674796748,0.75,0.858739837398374,0.8711430575035064,0.9319727891156463,1,3,0,2,1
knn_PM,knn,PM,47,studio_F1.wav,231.68117412995008,37.681875682860124,126,0.9064347255880162,2.3964013121199095,0.7874015748031497,1.3634125375036918,2.081174129950085,0.8818756828601266,119,18,6,4,0.967479674796748,0.75,0.858739837398374,0.8711430575035064,0.9319727891156463,1,3,0,2,1
rf_PM,rf,PM,11,studio_F1.wav,230.38736732795792,40.00987427943263,132,0.3429300208875974,8.72248445497998,3.937007874015748,4.334140783294441,0.7873673279579236,3.2098742794326327,122,16,8,1,0.991869918699187,0.6666666666666666,0.8292682926829268,0.8724573411742023,0.9387755102040817,2,9,3,4,2
rf_PM,rf,PM,29,studio_F1.wav,230.38736732795792,40.00987427943263,132,0.3429300208875974,8.72248445497998,3.937007874015748,4.334140783294441,0.7873673279579236,3.2098742794326327,122,16,8,1,0.991869918699187,0.6666666666666666,0.8292682926829268,0.8724573411742023,0.9387755102040817,2,9,3,4,2
rf_PM,rf,PM,47,studio_F1.wav,230.38736732795792,40.00987427943263,132,0.3429300208875974,8.72248445497998,3.937007874015748,4.334140783294441,0.7873673279579236,3.2098742794326327,122,16,8,1,0.991869918699187,0.6666666666666666,0.8292682926829268,0.8724573411742023,0.9387755102040817,2,9,3,4,2
gmm_PM,gmm,PM,11,studio_F1.wav,230.18944180303606,40.28380580333601,130,0.25672552397041243,9.46686359602177,2.3622047244094486,4.028597948133878,0.5894418030360669,3.4838058033360113,122,17,7,1,0.991869918699187,0.7083333333333334,0.8501016260162602,0.8888888888888888,0.9455782312925171,1,7,3,3,1
gmm_PM,gmm,PM,29,studio_F1.wav,230.18944180303606,40.28380580333601,130,0.25672552397041243,9.46686359602177,2.3622047244094486,4.028597948133878,0.5894418030360669,3.4838058033360113,122,17,7,1,0.991869918699187,0.7083333333333334,0.8501016260162602,0.8888888888888888,0.9455782312925171,1,7,3,3,1
gmm_PM,gmm,PM,47,studio_F1.wav,230.18944180303606,40.28380580333601,130,0.25672552397041243,9.46686359602177,2.3622047244094486,4.028597948133878,0.5894418030360669,3.4838058033360113,122,17,7,1,0.991869918699187,0.7083333333333334,0.8501016260162602,0.8888888888888888,0.9455782312925171,1,7,3,3,1
logistic_EM,logistic,EM,11,studio_F1.wav,230.02190197075942,39.65527455756651,126,0.18375521374539258,7.75889825425682,0.7874015748031497,2.910018347601788,0.4219019707594214,2.85527455756651,121,20,4,2,0.983739837398374,0.8333333333333334,0.9085365853658537,0.9226858345021038,0.9591836734693877,1,3,2,0,1
logistic_EM,logistic,EM,29,studio_F1.wav,230.02190197075942,39.65527455756651,126,0.18375521374539258,7.75889825425682,0.7874015748031497,2.910018347601788,0.4219019707594214,2.85527455756651,121,20,4,2,0.983739837398374,0.8333333333333334,0.9085365853658537,0.9226858345021038,0.9591836734693877,1,3,2,0,1
logistic_EM,logistic,EM,47,studio_F1.wav,230.02190197075942,39.65527455756651,126,0.18375521374539258,7.75889825425682,0.7874015748031497,2.910018347601788,0.4219019707594214,2.85527455756651,121,20,4,2,0.983739837398374,0.8333333333333334,0.9085365853658537,0.9226858345021038,0.9591836734693877,1,3,2,0,1
svm_EM,svm,EM,11,studio_F1.wav,230.88421911953813,37.298079262027365,126,0.5593288848162613,1.353476255509151,0.7874015748031497,0.900068905042854,1.284219119538136,0.4980792620273675,120,19,5,3,0.975609756097561,0.7916666666666666,0.8836382113821137,0.8969144460028051,0.9455782312925171,1,3,1,1,1
svm_EM,svm,EM,29,studio_F1.wav,230.88421911953813,37.298079262027365,126,0.5593288848162613,1.353476255509151,0.7874015748031497,0.900068905042854,1.284219119538136,0.4980792620273675,120,19,5,3,0.975609756097561,0.7916666666666666,0.8836382113821137,0.8969144460028051,0.9455782312925171,1,3,1,1,1
svm_EM,svm,EM,47,studio_F1.wav,230.88421911953813,37.298079262027365,126,0.5593288848162613,1.353476255509151,0.7874015748031497,0.900068905042854,1.284219119538136,0.4980792620273675,120,19,5,3,0.975609756097561,0.7916666666666666,0.8836382113821137,0.8969144460028051,0.9455782312925171,1,3,1,1,1
knn_EM,knn,EM,11,studio_F1.wav,231.68117412995008,37.681875682860124,126,0.9064347255880162,2.3964013121199095,0.7874015748031497,1.3634125375036918,2.081174129950085,0.8818756828601266,119,18,6,4,0.967479674796748,0.75,0.858739837398374,0.8711430575035064,0.9319727891156463,1,3,0,2,1
knn_EM,knn,EM,29,studio_F1.wav,231.68117412995008,37.681875682860124,126,0.9064347255880162,2.3964013121199095,0.7874015748031497,1.3634125375036918,2.081174129950085,0.8818756828601266,119,18,6,4,0.967479674796748,0.75,0.858739837398374,0.8711430575035064,0.9319727891156463,1,3,0,2,1
knn_EM,knn,EM,47,studio_F1.wav,231.68117412995008,37.681875682860124,126,0.9064347255880162,2.3964013121199095,0.7874015748031497,1.3634125375036918,2.081174129950085,0.8818756828601266,119,18,6,4,0.967479674796748,0.75,0.858739837398374,0.8711430575035064,0.9319727891156463,1,3,0,2,1
rf_EM,rf,EM,11,studio_F1.wav,231.6675614443101,37.01847468240407,124,0.9005058555357646,0.593681202184977,2.3622047244094486,1.28546392737673,2.0675614443101153,0.21847468240407153,119,19,5,4,0.967479674796748,0.7916666666666666,0.8795731707317074,0.8860366956671548,0.9387755102040817,0,1,0,1,0
rf_EM,rf,EM,29,studio_F1.wav,231.6675614443101,37.01847468240407,124,0.9005058555357646,0.593681202184977,2.3622047244094486,1.28546392737673,2.0675614443101153,0.21847468240407153,119,19,5,4,0.967479674796748,0.7916666666666666,0.8795731707317074,0.8860366956671548,0.9387755102040817,0,1,0,1,0
rf_EM,rf,EM,47,studio_F1.wav,231.6675614443101,37.01847468240407,124,0.9005058555357646,0.593681202184977,2.3622047244094486,1.28546392737673,2.0675614443101153,0.21847468240407153,119,19,5,4,0.967479674796748,0.7916666666666666,0.8795731707317074,0.8860366956671548,0.9387755102040817,0,1,0,1,0
gmm_EM,gmm,EM,11,studio_F1.wav,231.6675614443101,37.01847468240407,124,0.9005058555357646,0.593681202184977,2.3622047244094486,1.28546392737673,2.0675614443101153,0.21847468240407153,119,19,5,4,0.967479674796748,0.7916666666666666,0.8795731707317074,0.8860366956671548,0.9387755102040817,0,1,0,1,0
gmm_EM,gmm,EM,29,studio_F1.wav,231.6675614443101,37.01847468240407,124,0.9005058555357646,0.593681202184977,2.3622047244094486,1.28546392737673,2.0675614443101153,0.21847468240407153,119,19,5,4,0.967479674796748,0.7916666666666666,0.8795731707317074,0.8860366956671548,0.9387755102040817,0,1,0,1,0
gmm_EM,gmm,EM,47,studio_F1.wav,231.6675614443101,37.01847468240407,124,0.9005058555357646,0.593681202184977,2.3622047244094486,1.28546392737673,2.0675614443101153,0.21847468240407153,119,19,5,4,0.967479674796748,0.7916666666666666,0.8795731707317074,0.8860366956671548,0.9387755102040817,0,1,0,1,0
logistic_PEM,logistic,PEM,11,studio_F1.wav,229.62155335390474,39.75366329160993,127,0.009387349261650647,8.026258944592215,0.0,2.6785487646179553,0.021553353904749883,2.953663291609935,121,19,5,2,0.983739837398374,0.7916666666666666,0.8877032520325203,0.9081659973226238,0.9523809523809523,1,4,2,1,1
logistic_PEM,logistic,PEM,29,studio_F1.wav,229.62155335390474,39.75366329160993,127,0.009387349261650647,8.026258944592215,0.0,2.6785487646179553,0.021553353904749883,2.953663291609935,121,19,5,2,0.983739837398374,0.7916666666666666,0.8877032520325203,0.9081659973226238,0.9523809523809523,1,4,2,1,1
logistic_PEM,logistic,PEM,47,studio_F1.wav,229.62155335390474,39.75366329160993,127,0.009387349261650647,8.026258944592215,0.0,2.6785487646179553,0.021553353904749883,2.953663291609935,121,19,5,2,0.983739837398374,0.7916666666666666,0.8877032520325203,0.9081659973226238,0.9523809523809523,1,4,2,1,1
svm_PEM,svm,PEM,11,studio_F1.wav,229.2307658470748,39.84221405314812,128,0.16081626869564544,8.266886013989462,0.7874015748031497,3.0717012858294193,0.3692341529252019,3.042214053148122,121,18,6,2,0.983739837398374,0.75,0.8668699186991871,0.8930909090909092,0.9455782312925171,1,5,2,2,1
svm_PEM,svm,PEM,29,studio_F1.wav,229.2307658470748,39.84221405314812,128,0.16081626869564544,8.266886013989462,0.7874015748031497,3.0717012858294193,0.3692341529252019,3.042214053148122,121,18,6,2,0.983739837398374,0.75,0.8668699186991871,0.8930909090909092,0.9455782312925171,1,5,2,2,1
svm_PEM,svm,PEM,47,studio_F1.wav,229.2307658470748,39.84221405314812,128,0.16081626869564544,8.266886013989462,0.7874015748031497,3.0717012858294193,0.3692341529252019,3.042214053148122,121,18,6,2,0.983739837398374,0.75,0.8668699186991871,0.8930909090909092,0.9455782312925171,1,5,2,2,1
knn_PEM,knn,PEM,11,studio_F1.wav,231.68117412995008,37.681875682860124,126,0.9064347255880162,2.3964013121199095,0.7874015748031497,1.3634125375036918,2.081174129950085,0.8818756828601266,119,18,6,4,0.967479674796748,0.75,0.858739837398374,0.8711430575035064,0.9319727891156463,1,3,0,2,1
knn_PEM,knn,PEM,29,studio_F1.wav,231.68117412995008,37.681875682860124,126,0.9064347255880162,2.3964013121199095,0.7874015748031497,1.3634125375036918,2.081174129950085,0.8818756828601266,119,18,6,4,0.967479674796748,0.75,0.858739837398374,0.8711430575035064,0.9319727891156463,1,3,0,2,1
knn_PEM,knn,PEM,47,studio_F1.wav,231.68117412995008,37.681875682860124,126,0.9064347255880162,2.3964013121199095,0.7874015748031497,1.3634125375036918,2.081174129950085,0.8818756828601266,119,18,6,4,0.967479674796748,0.75,0.858739837398374,0.8711430575035064,0.9319727891156463,1,3,0,2,1
rf_PEM,rf,PEM,11,studio_F1.wav,231.42485700401687,37.64334283868396,127,0.7947983466972462,2.291692496423803,0.0,1.0288302810403496,1.8248570040168772,0.8433428386839594,120,18,6,3,0.975609756097561,0.75,0.8628048780487805,0.8819277108433735,0.9387755102040817,1,4,1,2,1
rf_PEM,rf,PEM,29,studio_F1.wav,230.28610048367108,39.93515143879324,129,0.29882425246998406,8.519433257590338,1.5748031496062993,3.464353553222207,0.6861004836710833,3.135151438793244,121,17,7,2,0.983739837398374,0.7083333333333334,0.8460365853658537,0.8774205503567127,0.9387755102040817,1,6,2,3,1
rf_PEM,rf,PEM,47,studio_F1.wav,230.88421911953813,37.298079262027365,126,0.5593288848162613,1.353476255509151,0.7874015748031497,0.900068905042854,1.284219119538136,0.4980792620273675,120,19,5,3,0.975609756097561,0.7916666666666666,0.8836382113821137,0.8969144460028051,0.9455782312925171,1,3,1,1,1
gmm_PEM,gmm,PEM,11,studio_F1.wav,231.6675614443101,37.01847468240407,124,0.9005058555357646,0.593681202184977,2.3622047244094486,1.28546392737673,2.0675614443101153,0.21847468240407153,119,19,5,4,0.967479674796748,0.7916666666666666,0.8795731707317074,0.8860366956671548,0.9387755102040817,0,1,0,1,0
gmm_PEM,gmm,PEM,29,studio_F1.wav,231.6675614443101,37.01847468240407,124,0.9005058555357646,0.593681202184977,2.3622047244094486,1.28546392737673,2.0675614443101153,0.21847468240407153,119,19,5,4,0.967479674796748,0.7916666666666666,0.8795731707317074,0.8860366956671548,0.9387755102040817,0,1,0,1,0
gmm_PEM,gmm,PEM,47,studio_F1.wav,231.6675614443101,37.01847468240407,124,0.9005058555357646,0.593681202184977,2.3622047244094486,1.28546392737673,2.0675614443101153,0.21847468240407153,119,19,5,4,0.967479674796748,0.7916666666666666,0.8795731707317074,0.8860366956671548,0.9387755102040817,0,1,0,1,0
logistic_ZM,logistic,ZM,11,studio_F1.wav,229.09995462132295,42.30001053796211,132,0.2177897990753674,14.945680809679653,3.937007874015748,6.36682616092359,0.5000453786770436,5.500010537962112,122,16,8,1,0.991869918699187,0.6666666666666666,0.8292682926829268,0.8724573411742023,0.9387755102040817,2,9,3,4,2
logistic_ZM,logistic,ZM,29,studio_F1.wav,229.09995462132295,42.30001053796211,132,0.2177897990753674,14.945680809679653,3.937007874015748,6.36682616092359,0.5000453786770436,5.500010537962112,122,16,8,1,0.991869918699187,0.6666666666666666,0.8292682926829268,0.8724573411742023,0.9387755102040817,2,9,3,4,2
logistic_ZM,logistic,ZM,47,studio_F1.wav,229.09995462132295,42.30001053796211,132,0.2177897990753674,14.945680809679653,3.937007874015748,6.36682616092359,0.5000453786770436,5.500010537962112,122,16,8,1,0.991869918699187,0.6666666666666666,0.8292682926829268,0.8724573411742023,0.9387755102040817,2,9,3,4,2
svm_ZM,svm,ZM,11,studio_F1.wav,229.77583921607683,40.16374006200702,129,0.07658502442370996,9.140597994584308,1.5748031496062993,3.5973287228714397,0.17583921607683806,3.3637400620070252,121,17,7,2,0.983739837398374,0.7083333333333334,0.8460365853658537,0.8774205503567127,0.9387755102040817,1,6,2,3,1
svm_ZM,svm,ZM,29,studio_F1.wav,229.77583921607683,40.16374006200702,129,0.07658502442370996,9.140597994584308,1.5748031496062993,3.5973287228714397,0.17583921607683806,3.3637400620070252,121,17,7,2,0.983739837398374,0.7083333333333334,0.8460365853658537,0.8774205503567127,0.9387755102040817,1,6,2,3,1
svm_ZM,svm,ZM,47,studio_F1.wav,229.77583921607683,40.16374006200702,129,0.07658502442370996,9.140597994584308,1.5748031496062993,3.5973287228714397,0.17583921607683806,3.3637400620070252,121,17,7,2,0.983739837398374,0.7083333333333334,0.8460365853658537,0.8774205503567127,0.9387755102040817,1,6,2,3,1
knn_ZM,knn,ZM,11,studio_F1.wav,231.68117412995008,37.681875682860124,126,0.9064347255880162,2.3964013121199095,0.7874015748031497,1.3634125375036918,2.081174129950085,0.8818756828601266,119,18,6,4,0.967479674796748,0.75,0.858739837398374,0.8711430575035064,0.9319727891156463,1,3,0,2,1
knn_ZM,knn,ZM,29,studio_F1.wav,231.68117412995008,37.681875682860124,126,0.9064347255880162,2.3964013121199095,0.7874015748031497,1.3634125375036918,2.081174129950085,0.8818756828601266,119,18,6,4,0.967479674796748,0.75,0.858739837398374,0.8711430575035064,0.9319727891156463,1,3,0,2,1
knn_ZM,knn,ZM,47,studio_F1.wav,231.68117412995008,37.681875682860124,126,0.9064347255880162,2.3964013121199095,0.7874015748031497,1.3634125375036918,2.081174129950085,0.8818756828601266,119,18,6,4,0.967479674796748,0.75,0.858739837398374,0.8711430575035064,0.9319727891156463,1,3,0,2,1
rf_ZM,rf,ZM,11,studio_F1.wav,230.30250966064554,40.150458309015505,131,0.3059711065529383,9.104506274498664,3.1496062992125986,4.186694560088067,0.7025096606455463,3.350458309015508,122,16,8,1,0.991869918699187,0.6666666666666666,0.8292682926829268,0.8724573411742023,0.9387755102040817,1,8,3,4,1
rf_ZM,rf,ZM,29,studio_F1.wav,230.30250966064554,40.150458309015505,131,0.3059711065529383,9.104506274498664,3.1496062992125986,4.186694560088067,0.7025096606455463,3.350458309015508,122,16,8,1,0.991869918699187,0.6666666666666666,0.8292682926829268,0.8724573411742023,0.9387755102040817,1,8,3,4,1
rf_ZM,rf,ZM,47,studio_F1.wav,230.30250966064554,40.150458309015505,131,0.3059711065529383,9.104506274498664,3.1496062992125986,4.186694560088067,0.7025096606455463,3.350458309015508,122,16,8,1,0.991869918699187,0.6666666666666666,0.8292682926829268,0.8724573411742023,0.9387755102040817,1,8,3,4,1
gmm_ZM,gmm,ZM,11,studio_F1.wav,230.58488222298033,40.187513389313374,129,0.42895567202976126,9.205199427482,1.5748031496062993,3.7363194163726874,0.9848822229803318,3.3875133893133764,122,18,6,1,0.991869918699187,0.75,0.8709349593495934,0.9046604280552211,0.9523809523809523,1,6,3,2,1
gmm_ZM,gmm,ZM,29,studio_F1.wav,230.58488222298033,40.187513389313374,129,0.42895567202976126,9.205199427482,1.5748031496062993,3.7363194163726874,0.9848822229803318,3.3875133893133764,122,18,6,1,0.991869918699187,0.75,0.8709349593495934,0.9046604280552211,0.9523809523809523,1,6,3,2,1
gmm_ZM,gmm,ZM,47,studio_F1.wav,230.58488222298033,40.187513389313374,129,0.42895567202976126,9.205199427482,1.5748031496062993,3.7363194163726874,0.9848822229803318,3.3875133893133764,122,18,6,1,0.991869918699187,0.75,0.8709349593495934,0.9046604280552211,0.9523809523809523,1,6,3,2,1
logistic_PZM,logistic,PZM,11,studio_F1.wav,229.09995462132295,42.30001053796211,132,0.2177897990753674,14.945680809679653,3.937007874015748,6.36682616092359,0.5000453786770436,5.500010537962112,122,16,8,1,0.991869918699187,0.6666666666666666,0.8292682926829268,0.8724573411742023,0.9387755102040817,2,9,3,4,2
logistic_PZM,logistic,PZM,29,studio_F1.wav,229.09995462132295,42.30001053796211,132,0.2177897990753674,14.945680809679653,3.937007874015748,6.36682616092359,0.5000453786770436,5.500010537962112,122,16,8,1,0.991869918699187,0.6666666666666666,0.8292682926829268,0.8724573411742023,0.9387755102040817,2,9,3,4,2
logistic_PZM,logistic,PZM,47,studio_F1.wav,229.09995462132295,42.30001053796211,132,0.2177897990753674,14.945680809679653,3.937007874015748,6.36682616092359,0.5000453786770436,5.500010537962112,122,16,8,1,0.991869918699187,0.6666666666666666,0.8292682926829268,0.8724573411742023,0.9387755102040817,2,9,3,4,2
svm_PZM,svm,PZM,11,studio_F1.wav,229.8929583847984,40.03107335767669,130,0.12759511533031198,8.780090645860577,2.3622047244094486,3.756630161866779,0.2929583847983963,3.231073357676692,121,16,8,2,0.983739837398374,0.6666666666666666,0.8252032520325203,0.8611111111111112,0.9319727891156463,1,7,2,4,1
svm_PZM,svm,PZM,29,studio_F1.wav,229.8929583847984,40.03107335767669,130,0.12759511533031198,8.780090645860577,2.3622047244094486,3.756630161866779,0.2929583847983963,3.231073357676692,121,16,8,2,0.983739837398374,0.6666666666666666,0.8252032520325203,0.8611111111111112,0.9319727891156463,1,7,2,4,1
svm_PZM,svm,PZM,47,studio_F1.wav,229.8929583847984,40.03107335767669,130,0.12759511533031198,8.780090645860577,2.3622047244094486,3.756630161866779,0.2929583847983963,3.231073357676692,121,16,8,2,0.983739837398374,0.6666666666666666,0.8252032520325203,0.8611111111111112,0.9319727891156463,1,7,2,4,1
knn_PZM,knn,PZM,11,studio_F1.wav,231.68117412995008,37.681875682860124,126,0.9064347255880162,2.3964013121199095,0.7874015748031497,1.3634125375036918,2.081174129950085,0.8818756828601266,119,18,6,4,0.967479674796748,0.75,0.858739837398374,0.8711430575035064,0.9319727891156463,1,3,0,2,1
knn_PZM,knn,PZM,29,studio_F1.wav,231.68117412995008,37.681875682860124,126,0.9064347255880162,2.3964013121199095,0.7874015748031497,1.3634125375036918,2.081174129950085,0.8818756828601266,119,18,6,4,0.967479674796748,0.75,0.858739837398374,0.8711430575035064,0.9319727891156463,1,3,0,2,1
knn_PZM,knn,PZM,47,studio_F1.wav,231.68117412995008,37.681875682860124,126,0.9064347255880162,2.3964013121199095,0.7874015748031497,1.3634125375036918,2.081174129950085,0.8818756828601266,119,18,6,4,0.967479674796748,0.75,0.858739837398374,0.8711430575035064,0.9319727891156463,1,3,0,2,1
rf_PZM,rf,PZM,11,studio_F1.wav,230.38736732795792,40.00987427943263,132,0.3429300208875974,8.72248445497998,3.937007874015748,4.334140783294441,0.7873673279579236,3.2098742794326327,122,16,8,1,0.991869918699187,0.6666666666666666,0.8292682926829268,0.8724573411742023,0.9387755102040817,2,9,3,4,2
rf_PZM,rf,PZM,29,studio_F1.wav,230.38736732795792,40.00987427943263,132,0.3429300208875974,8.72248445497998,3.937007874015748,4.334140783294441,0.7873673279579236,3.2098742794326327,122,16,8,1,0.991869918699187,0.6666666666666666,0.8292682926829268,0.8724573411742023,0.9387755102040817,2,9,3,4,2
rf_PZM,rf,PZM,47,studio_F1.wav,230.30250966064554,40.150458309015505,131,0.3059711065529383,9.104506274498664,3.1496062992125986,4.186694560088067,0.7025096606455463,3.350458309015508,122,16,8,1,0.991869918699187,0.6666666666666666,0.8292682926829268,0.8724573411742023,0.9387755102040817,1,8,3,4,1
gmm_PZM,gmm,PZM,11,studio_F1.wav,230.18944180303606,40.28380580333601,130,0.25672552397041243,9.46686359602177,2.3622047244094486,4.028597948133878,0.5894418030360669,3.4838058033360113,122,17,7,1,0.991869918699187,0.7083333333333334,0.8501016260162602,0.8888888888888888,0.9455782312925171,1,7,3,3,1
gmm_PZM,gmm,PZM,29,studio_F1.wav,230.18944180303606,40.28380580333601,130,0.25672552397041243,9.46686359602177,2.3622047244094486,4.028597948133878,0.5894418030360669,3.4838058033360113,122,17,7,1,0.991869918699187,0.7083333333333334,0.8501016260162602,0.8888888888888888,0.9455782312925171,1,7,3,3,1
gmm_PZM,gmm,PZM,47,studio_F1.wav,230.18944180303606,40.28380580333601,130,0.25672552397041243,9.46686359602177,2.3622047244094486,4.028597948133878,0.5894418030360669,3.4838058033360113,122,17,7,1,0.991869918699187,0.7083333333333334,0.8501016260162602,0.8888888888888888,0.9455782312925171,1,7,3,3,1
logistic_EZM,logistic,EZM,11,studio_F1.wav,230.02190197075942,39.65527455756651,126,0.18375521374539258,7.75889825425682,0.7874015748031497,2.910018347601788,0.4219019707594214,2.85527455756651,121,20,4,2,0.983739837398374,0.8333333333333334,0.9085365853658537,0.9226858345021038,0.9591836734693877,1,3,2,0,1
logistic_EZM,logistic,EZM,29,studio_F1.wav,230.02190197075942,39.65527455756651,126,0.18375521374539258,7.75889825425682,0.7874015748031497,2.910018347601788,0.4219019707594214,2.85527455756651,121,20,4,2,0.983739837398374,0.8333333333333334,0.9085365853658537,0.9226858345021038,0.9591836734693877,1,3,2,0,1
logistic_EZM,logistic,EZM,47,studio_F1.wav,230.02190197075942,39.65527455756651,126,0.18375521374539258,7.75889825425682,0.7874015748031497,2.910018347601788,0.4219019707594214,2.85527455756651,121,20,4,2,0.983739837398374,0.8333333333333334,0.9085365853658537,0.9226858345021038,0.9591836734693877,1,3,2,0,1
svm_EZM,svm,EZM,11,studio_F1.wav,230.88421911953813,37.298079262027365,126,0.5593288848162613,1.353476255509151,0.7874015748031497,0.900068905042854,1.284219119538136,0.4980792620273675,120,19,5,3,0.975609756097561,0.7916666666666666,0.8836382113821137,0.8969144460028051,0.9455782312925171,1,3,1,1,1
svm_EZM,svm,EZM,29,studio_F1.wav,230.88421911953813,37.298079262027365,126,0.5593288848162613,1.353476255509151,0.7874015748031497,0.900068905042854,1.284219119538136,0.4980792620273675,120,19,5,3,0.975609756097561,0.7916666666666666,0.8836382113821137,0.8969144460028051,0.9455782312925171,1,3,1,1,1
svm_EZM,svm,EZM,47,studio_F1.wav,230.88421911953813,37.298079262027365,126,0.5593288848162613,1.353476255509151,0.7874015748031497,0.900068905042854,1.284219119538136,0.4980792620273675,120,19,5,3,0.975609756097561,0.7916666666666666,0.8836382113821137,0.8969144460028051,0.9455782312925171,1,3,1,1,1
knn_EZM,knn,EZM,11,studio_F1.wav,231.68117412995008,37.681875682860124,126,0.9064347255880162,2.3964013121199095,0.7874015748031497,1.3634125375036918,2.081174129950085,0.8818756828601266,119,18,6,4,0.967479674796748,0.75,0.858739837398374,0.8711430575035064,0.9319727891156463,1,3,0,2,1
knn_EZM,knn,EZM,29,studio_F1.wav,231.68117412995008,37.681875682860124,126,0.9064347255880162,2.3964013121199095,0.7874015748031497,1.3634125375036918,2.081174129950085,0.8818756828601266,119,18,6,4,0.967479674796748,0.75,0.858739837398374,0.8711430575035064,0.9319727891156463,1,3,0,2,1
knn_EZM,knn,EZM,47,studio_F1.wav,231.68117412995008,37.681875682860124,126,0.9064347255880162,2.3964013121199095,0.7874015748031497,1.3634125375036918,2.081174129950085,0.8818756828601266,119,18,6,4,0.967479674796748,0.75,0.858739837398374,0.8711430575035064,0.9319727891156463,1,3,0,2,1
rf_EZM,rf,EZM,11,studio_F1.wav,231.6675614443101,37.01847468240407,124,0.9005058555357646,0.593681202184977,2.3622047244094486,1.28546392737673,2.0675614443101153,0.21847468240407153,119,19,5,4,0.967479674796748,0.7916666666666666,0.8795731707317074,0.8860366956671548,0.9387755102040817,0,1,0,1,0
rf_EZM,rf,EZM,29,studio_F1.wav,231.4072521458471,36.983873289539574,125,0.7871307255431689,0.49965567809667527,1.5748031496062993,0.9538631844153812,1.8072521458471158,0.1838732895395765,120,19,5,3,0.975609756097561,0.7916666666666666,0.8836382113821137,0.8969144460028051,0.9455782312925171,0,2,1,1,0
rf_EZM,rf,EZM,47,studio_F1.wav,230.133772301305,39.492659287734824,126,0.23247922530705245,7.317008934062031,0.7874015748031497,2.778963244724078,0.5337723013049924,2.692659287734827,121,19,5,2,0.983739837398374,0.7916666666666666,0.8877032520325203,0.9081659973226238,0.9523809523809523,0,3,2,1,0
gmm_EZM,gmm,EZM,11,studio_F1.wav,231.6675614443101,37.01847468240407,124,0.9005058555357646,0.593681202184977,2.3622047244094486,1.28546392737673,2.0675614443101153,0.21847468240407153,119,19,5,4,0.967479674796748,0.7916666666666666,0.8795731707317074,0.8860366956671548,0.9387755102040817,0,1,0,1,0
gmm_EZM,gmm,EZM,29,studio_F1.wav,231.6675614443101,37.01847468240407,124,0.9005058555357646,0.593681202184977,2.3622047244094486,1.28546392737673,2.0675614443101153,0.21847468240407153,119,19,5,4,0.967479674796748,0.7916666666666666,0.8795731707317074,0.8860366956671548,0.9387755102040817,0,1,0,1,0
gmm_EZM,gmm,EZM,47,studio_F1.wav,231.6675614443101,37.01847468240407,124,0.9005058555357646,0.593681202184977,2.3622047244094486,1.28546392737673,2.0675614443101153,0.21847468240407153,119,19,5,4,0.967479674796748,0.7916666666666666,0.8795731707317074,0.8860366956671548,0.9387755102040817,0,1,0,1,0
logistic_PEZM,logistic,PEZM,11,studio_F1.wav,229.62155335390474,39.75366329160993,127,0.009387349261650647,8.026258944592215,0.0,2.6785487646179553,0.021553353904749883,2.953663291609935,121,19,5,2,0.983739837398374,0.7916666666666666,0.8877032520325203,0.9081659973226238,0.9523809523809523,1,4,2,1,1
logistic_PEZM,logistic,PEZM,29,studio_F1.wav,229.62155335390474,39.75366329160993,127,0.009387349261650647,8.026258944592215,0.0,2.6785487646179553,0.021553353904749883,2.953663291609935,121,19,5,2,0.983739837398374,0.7916666666666666,0.8877032520325203,0.9081659973226238,0.9523809523809523,1,4,2,1,1
logistic_PEZM,logistic,PEZM,47,studio_F1.wav,229.62155335390474,39.75366329160993,127,0.009387349261650647,8.026258944592215,0.0,2.6785487646179553,0.021553353904749883,2.953663291609935,121,19,5,2,0.983739837398374,0.7916666666666666,0.8877032520325203,0.9081659973226238,0.9523809523809523,1,4,2,1,1
svm_PEZM,svm,PEZM,11,studio_F1.wav,229.2307658470748,39.84221405314812,128,0.16081626869564544,8.266886013989462,0.7874015748031497,3.0717012858294193,0.3692341529252019,3.042214053148122,121,18,6,2,0.983739837398374,0.75,0.8668699186991871,0.8930909090909092,0.9455782312925171,1,5,2,2,1
svm_PEZM,svm,PEZM,29,studio_F1.wav,229.2307658470748,39.84221405314812,128,0.16081626869564544,8.266886013989462,0.7874015748031497,3.0717012858294193,0.3692341529252019,3.042214053148122,121,18,6,2,0.983739837398374,0.75,0.8668699186991871,0.8930909090909092,0.9455782312925171,1,5,2,2,1
svm_PEZM,svm,PEZM,47,studio_F1.wav,229.2307658470748,39.84221405314812,128,0.16081626869564544,8.266886013989462,0.7874015748031497,3.0717012858294193,0.3692341529252019,3.042214053148122,121,18,6,2,0.983739837398374,0.75,0.8668699186991871,0.8930909090909092,0.9455782312925171,1,5,2,2,1
knn_PEZM,knn,PEZM,11,studio_F1.wav,231.68117412995008,37.681875682860124,126,0.9064347255880162,2.3964013121199095,0.7874015748031497,1.3634125375036918,2.081174129950085,0.8818756828601266,119,18,6,4,0.967479674796748,0.75,0.858739837398374,0.8711430575035064,0.9319727891156463,1,3,0,2,1
knn_PEZM,knn,PEZM,29,studio_F1.wav,231.68117412995008,37.681875682860124,126,0.9064347255880162,2.3964013121199095,0.7874015748031497,1.3634125375036918,2.081174129950085,0.8818756828601266,119,18,6,4,0.967479674796748,0.75,0.858739837398374,0.8711430575035064,0.9319727891156463,1,3,0,2,1
knn_PEZM,knn,PEZM,47,studio_F1.wav,231.68117412995008,37.681875682860124,126,0.9064347255880162,2.3964013121199095,0.7874015748031497,1.3634125375036918,2.081174129950085,0.8818756828601266,119,18,6,4,0.967479674796748,0.75,0.858739837398374,0.8711430575035064,0.9319727891156463,1,3,0,2,1
rf_PEZM,rf,PEZM,11,studio_F1.wav,229.77583921607683,40.16374006200702,129,0.07658502442370996,9.140597994584308,1.5748031496062993,3.5973287228714397,0.17583921607683806,3.3637400620070252,121,17,7,2,0.983739837398374,0.7083333333333334,0.8460365853658537,0.8774205503567127,0.9387755102040817,1,6,2,3,1
rf_PEZM,rf,PEZM,29,studio_F1.wav,230.1711377440913,40.06957578113793,128,0.24875337286207178,8.884716796570466,0.7874015748031497,3.3069572480785627,0.5711377440913168,3.269575781137931,121,18,6,2,0.983739837398374,0.75,0.8668699186991871,0.8930909090909092,0.9455782312925171,1,5,2,2,1
rf_PEZM,rf,PEZM,47,studio_F1.wav,230.1711377440913,40.06957578113793,128,0.24875337286207178,8.884716796570466,0.7874015748031497,3.3069572480785627,0.5711377440913168,3.269575781137931,121,18,6,2,0.983739837398374,0.75,0.8668699186991871,0.8930909090909092,0.9455782312925171,1,5,2,2,1
gmm_PEZM,gmm,PEZM,11,studio_F1.wav,231.6675614443101,37.01847468240407,124,0.9005058555357646,0.593681202184977,2.3622047244094486,1.28546392737673,2.0675614443101153,0.21847468240407153,119,19,5,4,0.967479674796748,0.7916666666666666,0.8795731707317074,0.8860366956671548,0.9387755102040817,0,1,0,1,0
gmm_PEZM,gmm,PEZM,29,studio_F1.wav,232.0908688342666,36.86853960471595,123,1.0848731856561815,0.1862489258585637,3.1496062992125986,1.4735761369091147,2.4908688342665926,0.06853960471595144,119,20,4,4,0.967479674796748,0.8333333333333334,0.9004065040650406,0.9004065040650406,0.9455782312925171,0,0,0,0,0
gmm_PEZM,gmm,PEZM,47,studio_F1.wav,231.6675614443101,37.01847468240407,124,0.9005058555357646,0.593681202184977,2.3622047244094486,1.28546392737673,2.0675614443101153,0.21847468240407153,119,19,5,4,0.967479674796748,0.7916666666666666,0.8795731707317074,0.8860366956671548,0.9387755102040817,0,1,0,1,0
logistic_SM,logistic,SM,11,studio_F1.wav,229.09995462132295,42.30001053796211,132,0.2177897990753674,14.945680809679653,3.937007874015748,6.36682616092359,0.5000453786770436,5.500010537962112,122,16,8,1,0.991869918699187,0.6666666666666666,0.8292682926829268,0.8724573411742023,0.9387755102040817,2,9,3,4,2
logistic_SM,logistic,SM,29,studio_F1.wav,229.09995462132295,42.30001053796211,132,0.2177897990753674,14.945680809679653,3.937007874015748,6.36682616092359,0.5000453786770436,5.500010537962112,122,16,8,1,0.991869918699187,0.6666666666666666,0.8292682926829268,0.8724573411742023,0.9387755102040817,2,9,3,4,2
logistic_SM,logistic,SM,47,studio_F1.wav,229.09995462132295,42.30001053796211,132,0.2177897990753674,14.945680809679653,3.937007874015748,6.36682616092359,0.5000453786770436,5.500010537962112,122,16,8,1,0.991869918699187,0.6666666666666666,0.8292682926829268,0.8724573411742023,0.9387755102040817,2,9,3,4,2
svm_SM,svm,SM,11,studio_F1.wav,230.1711377440913,40.06957578113793,128,0.24875337286207178,8.884716796570466,0.7874015748031497,3.3069572480785627,0.5711377440913168,3.269575781137931,121,18,6,2,0.983739837398374,0.75,0.8668699186991871,0.8930909090909092,0.9455782312925171,1,5,2,2,1
svm_SM,svm,SM,29,studio_F1.wav,230.1711377440913,40.06957578113793,128,0.24875337286207178,8.884716796570466,0.7874015748031497,3.3069572480785627,0.5711377440913168,3.269575781137931,121,18,6,2,0.983739837398374,0.75,0.8668699186991871,0.8930909090909092,0.9455782312925171,1,5,2,2,1
svm_SM,svm,SM,47,studio_F1.wav,230.1711377440913,40.06957578113793,128,0.24875337286207178,8.884716796570466,0.7874015748031497,3.3069572480785627,0.5711377440913168,3.269575781137931,121,18,6,2,0.983739837398374,0.75,0.8668699186991871,0.8930909090909092,0.9455782312925171,1,5,2,2,1
knn_SM,knn,SM,11,studio_F1.wav,231.68117412995008,37.681875682860124,126,0.9064347255880162,2.3964013121199095,0.7874015748031497,1.3634125375036918,2.081174129950085,0.8818756828601266,119,18,6,4,0.967479674796748,0.75,0.858739837398374,0.8711430575035064,0.9319727891156463,1,3,0,2,1
knn_SM,knn,SM,29,studio_F1.wav,231.68117412995008,37.681875682860124,126,0.9064347255880162,2.3964013121199095,0.7874015748031497,1.3634125375036918,2.081174129950085,0.8818756828601266,119,18,6,4,0.967479674796748,0.75,0.858739837398374,0.8711430575035064,0.9319727891156463,1,3,0,2,1
knn_SM,knn,SM,47,studio_F1.wav,231.68117412995008,37.681875682860124,126,0.9064347255880162,2.3964013121199095,0.7874015748031497,1.3634125375036918,2.081174129950085,0.8818756828601266,119,18,6,4,0.967479674796748,0.75,0.858739837398374,0.8711430575035064,0.9319727891156463,1,3,0,2,1
rf_SM,rf,SM,11,studio_F1.wav,230.30250966064554,40.150458309015505,131,0.3059711065529383,9.104506274498664,3.1496062992125986,4.186694560088067,0.7025096606455463,3.350458309015508,122,16,8,1,0.991869918699187,0.6666666666666666,0.8292682926829268,0.8724573411742023,0.9387755102040817,1,8,3,4,1
rf_SM,rf,SM,29,studio_F1.wav,230.30250966064554,40.150458309015505,131,0.3059711065529383,9.104506274498664,3.1496062992125986,4.186694560088067,0.7025096606455463,3.350458309015508,122,16,8,1,0.991869918699187,0.6666666666666666,0.8292682926829268,0.8724573411742023,0.9387755102040817,1,8,3,4,1
rf_SM,rf,SM,47,studio_F1.wav,230.30250966064554,40.150458309015505,131,0.3059711065529383,9.104506274498664,3.1496062992125986,4.186694560088067,0.7025096606455463,3.350458309015508,122,16,8,1,0.991869918699187,0.6666666666666666,0.8292682926829268,0.8724573411742023,0.9387755102040817,1,8,3,4,1
gmm_SM,gmm,SM,11,studio_F1.wav,232.0895442196416,37.812111622736815,127,1.0842962629101052,2.750303322654396,0.0,1.2781998618548336,2.4895442196416013,1.0121116227368177,120,18,6,3,0.975609756097561,0.75,0.8628048780487805,0.8819277108433735,0.9387755102040817,1,4,1,2,1
gmm_SM,gmm,SM,29,studio_F1.wav,232.0895442196416,37.812111622736815,127,1.0842962629101052,2.750303322654396,0.0,1.2781998618548336,2.4895442196416013,1.0121116227368177,120,18,6,3,0.975609756097561,0.75,0.8628048780487805,0.8819277108433735,0.9387755102040817,1,4,1,2,1
gmm_SM,gmm,SM,47,studio_F1.wav,232.0895442196416,37.812111622736815,127,1.0842962629101052,2.750303322654396,0.0,1.2781998618548336,2.4895442196416013,1.0121116227368177,120,18,6,3,0.975609756097561,0.75,0.8628048780487805,0.8819277108433735,0.9387755102040817,1,4,1,2,1
logistic_PSM,logistic,PSM,11,studio_F1.wav,229.09995462132295,42.30001053796211,132,0.2177897990753674,14.945680809679653,3.937007874015748,6.36682616092359,0.5000453786770436,5.500010537962112,122,16,8,1,0.991869918699187,0.6666666666666666,0.8292682926829268,0.8724573411742023,0.9387755102040817,2,9,3,4,2
logistic_PSM,logistic,PSM,29,studio_F1.wav,229.09995462132295,42.30001053796211,132,0.2177897990753674,14.945680809679653,3.937007874015748,6.36682616092359,0.5000453786770436,5.500010537962112,122,16,8,1,0.991869918699187,0.6666666666666666,0.8292682926829268,0.8724573411742023,0.9387755102040817,2,9,3,4,2
logistic_PSM,logistic,PSM,47,studio_F1.wav,229.09995462132295,42.30001053796211,132,0.2177897990753674,14.945680809679653,3.937007874015748,6.36682616092359,0.5000453786770436,5.500010537962112,122,16,8,1,0.991869918699187,0.6666666666666666,0.8292682926829268,0.8724573411742023,0.9387755102040817,2,9,3,4,2
svm_PSM,svm,PSM,11,studio_F1.wav,229.8929583847984,40.03107335767669,130,0.12759511533031198,8.780090645860577,2.3622047244094486,3.756630161866779,0.2929583847983963,3.231073357676692,121,16,8,2,0.983739837398374,0.6666666666666666,0.8252032520325203,0.8611111111111112,0.9319727891156463,1,7,2,4,1
svm_PSM,svm,PSM,29,studio_F1.wav,229.8929583847984,40.03107335767669,130,0.12759511533031198,8.780090645860577,2.3622047244094486,3.756630161866779,0.2929583847983963,3.231073357676692,121,16,8,2,0.983739837398374,0.6666666666666666,0.8252032520325203,0.8611111111111112,0.9319727891156463,1,7,2,4,1
svm_PSM,svm,PSM,47,studio_F1.wav,229.8929583847984,40.03107335767669,130,0.12759511533031198,8.780090645860577,2.3622047244094486,3.756630161866779,0.2929583847983963,3.231073357676692,121,16,8,2,0.983739837398374,0.6666666666666666,0.8252032520325203,0.8611111111111112,0.9319727891156463,1,7,2,4,1
knn_PSM,knn,PSM,11,studio_F1.wav,231.68117412995008,37.681875682860124,126,0.9064347255880162,2.3964013121199095,0.7874015748031497,1.3634125375036918,2.081174129950085,0.8818756828601266,119,18,6,4,0.967479674796748,0.75,0.858739837398374,0.8711430575035064,0.9319727891156463,1,3,0,2,1
knn_PSM,knn,PSM,29,studio_F1.wav,231.68117412995008,37.681875682860124,126,0.9064347255880162,2.3964013121199095,0.7874015748031497,1.3634125375036918,2.081174129950085,0.8818756828601266,119,18,6,4,0.967479674796748,0.75,0.858739837398374,0.8711430575035064,0.9319727891156463,1,3,0,2,1
knn_PSM,knn,PSM,47,studio_F1.wav,231.68117412995008,37.681875682860124,126,0.9064347255880162,2.3964013121199095,0.7874015748031497,1.3634125375036918,2.081174129950085,0.8818756828601266,119,18,6,4,0.967479674796748,0.75,0.858739837398374,0.8711430575035064,0.9319727891156463,1,3,0,2,1
rf_PSM,rf,PSM,11,studio_F1.wav,230.38736732795792,40.00987427943263,132,0.3429300208875974,8.72248445497998,3.937007874015748,4.334140783294441,0.7873673279579236,3.2098742794326327,122,16,8,1,0.991869918699187,0.6666666666666666,0.8292682926829268,0.8724573411742023,0.9387755102040817,2,9,3,4,2
rf_PSM,rf,PSM,29,studio_F1.wav,230.4622328204906,39.86845700123178,133,0.3755369427223947,8.33819837291246,4.724409448818897,4.479381588151251,0.8622328204906182,3.068457001231785,122,16,8,1,0.991869918699187,0.6666666666666666,0.8292682926829268,0.8724573411742023,0.9387755102040817,3,10,3,4,3
rf_PSM,rf,PSM,47,studio_F1.wav,230.4622328204906,39.86845700123178,133,0.3755369427223947,8.33819837291246,4.724409448818897,4.479381588151251,0.8622328204906182,3.068457001231785,122,16,8,1,0.991869918699187,0.6666666666666666,0.8292682926829268,0.8724573411742023,0.9387755102040817,3,10,3,4,3
gmm_PSM,gmm,PSM,11,studio_F1.wav,230.30250966064554,40.150458309015505,131,0.3059711065529383,9.104506274498664,3.1496062992125986,4.186694560088067,0.7025096606455463,3.350458309015508,122,16,8,1,0.991869918699187,0.6666666666666666,0.8292682926829268,0.8724573411742023,0.9387755102040817,1,8,3,4,1
gmm_PSM,gmm,PSM,29,studio_F1.wav,230.30250966064554,40.150458309015505,131,0.3059711065529383,9.104506274498664,3.1496062992125986,4.186694560088067,0.7025096606455463,3.350458309015508,122,16,8,1,0.991869918699187,0.6666666666666666,0.8292682926829268,0.8724573411742023,0.9387755102040817,1,8,3,4,1
gmm_PSM,gmm,PSM,47,studio_F1.wav,230.30250966064554,40.150458309015505,131,0.3059711065529383,9.104506274498664,3.1496062992125986,4.186694560088067,0.7025096606455463,3.350458309015508,122,16,8,1,0.991869918699187,0.6666666666666666,0.8292682926829268,0.8724573411742023,0.9387755102040817,1,8,3,4,1
logistic_ESM,logistic,ESM,11,studio_F1.wav,231.29448685265714,37.162718134602336,125,0.7380169218890025,0.9856471048976608,1.5748031496062993,1.0994890587976542,1.6944868526571497,0.36271813460233915,120,20,4,3,0.975609756097561,0.8333333333333334,0.9044715447154472,0.911361874407787,0.9523809523809523,1,2,1,0,1
logistic_ESM,logistic,ESM,29,studio_F1.wav,231.29448685265714,37.162718134602336,125,0.7380169218890025,0.9856471048976608,1.5748031496062993,1.0994890587976542,1.6944868526571497,0.36271813460233915,120,20,4,3,0.975609756097561,0.8333333333333334,0.9044715447154472,0.911361874407787,0.9523809523809523,1,2,1,0,1
logistic_ESM,logistic,ESM,47,studio_F1.wav,231.29448685265714,37.162718134602336,125,0.7380169218890025,0.9856471048976608,1.5748031496062993,1.0994890587976542,1.6944868526571497,0.36271813460233915,120,20,4,3,0.975609756097561,0.8333333333333334,0.9044715447154472,0.911361874407787,0.9523809523809523,1,2,1,0,1
svm_ESM,svm,ESM,11,studio_F1.wav,231.13826167940297,37.33823978134896,125,0.6699745990431092,1.462608101491748,1.5748031496062993,1.2357952833803854,1.5382616794029786,0.5382397813489632,119,19,5,4,0.967479674796748,0.7916666666666666,0.8795731707317074,0.8860366956671548,0.9387755102040817,1,2,0,1,1
svm_ESM,svm,ESM,29,studio_F1.wav,231.13826167940297,37.33823978134896,125,0.6699745990431092,1.462608101491748,1.5748031496062993,1.2357952833803854,1.5382616794029786,0.5382397813489632,119,19,5,4,0.967479674796748,0.7916666666666666,0.8795731707317074,0.8860366956671548,0.9387755102040817,1,2,0,1,1
svm_ESM,svm,ESM,47,studio_F1.wav,231.13826167940297,37.33823978134896,125,0.6699745990431092,1.462608101491748,1.5748031496062993,1.2357952833803854,1.5382616794029786,0.5382397813489632,119,19,5,4,0.967479674796748,0.7916666666666666,0.8795731707317074,0.8860366956671548,0.9387755102040817,1,2,0,1,1
knn_ESM,knn,ESM,11,studio_F1.wav,231.68117412995008,37.681875682860124,126,0.9064347255880162,2.3964013121199095,0.7874015748031497,1.3634125375036918,2.081174129950085,0.8818756828601266,119,18,6,4,0.967479674796748,0.75,0.858739837398374,0.8711430575035064,0.9319727891156463,1,3,0,2,1
knn_ESM,knn,ESM,29,studio_F1.wav,231.68117412995008,37.681875682860124,126,0.9064347255880162,2.3964013121199095,0.7874015748031497,1.3634125375036918,2.081174129950085,0.8818756828601266,119,18,6,4,0.967479674796748,0.75,0.858739837398374,0.8711430575035064,0.9319727891156463,1,3,0,2,1
knn_ESM,knn,ESM,47,studio_F1.wav,231.68117412995008,37.681875682860124,126,0.9064347255880162,2.3964013121199095,0.7874015748031497,1.3634125375036918,2.081174129950085,0.8818756828601266,119,18,6,4,0.967479674796748,0.75,0.858739837398374,0.8711430575035064,0.9319727891156463,1,3,0,2,1
rf_ESM,rf,ESM,11,studio_F1.wav,231.13826167940297,37.33823978134896,125,0.6699745990431092,1.462608101491748,1.5748031496062993,1.2357952833803854,1.5382616794029786,0.5382397813489632,119,19,5,4,0.967479674796748,0.7916666666666666,0.8795731707317074,0.8860366956671548,0.9387755102040817,1,2,0,1,1
rf_ESM,rf,ESM,29,studio_F1.wav,230.1711377440913,40.06957578113793,128,0.24875337286207178,8.884716796570466,0.7874015748031497,3.3069572480785627,0.5711377440913168,3.269575781137931,121,18,6,2,0.983739837398374,0.75,0.8668699186991871,0.8930909090909092,0.9455782312925171,1,5,2,2,1
rf_ESM,rf,ESM,47,studio_F1.wav,230.1711377440913,40.06957578113793,128,0.24875337286207178,8.884716796570466,0.7874015748031497,3.3069572480785627,0.5711377440913168,3.269575781137931,121,18,6,2,0.983739837398374,0.75,0.8668699186991871,0.8930909090909092,0.9455782312925171,1,5,2,2,1
gmm_ESM,gmm,ESM,11,studio_F1.wav,231.6675614443101,37.01847468240407,124,0.9005058555357646,0.593681202184977,2.3622047244094486,1.28546392737673,2.0675614443101153,0.21847468240407153,119,19,5,4,0.967479674796748,0.7916666666666666,0.8795731707317074,0.8860366956671548,0.9387755102040817,0,1,0,1,0
gmm_ESM,gmm,ESM,29,studio_F1.wav,231.6675614443101,37.01847468240407,124,0.9005058555357646,0.593681202184977,2.3622047244094486,1.28546392737673,2.0675614443101153,0.21847468240407153,119,19,5,4,0.967479674796748,0.7916666666666666,0.8795731707317074,0.8860366956671548,0.9387755102040817,0,1,0,1,0
gmm_ESM,gmm,ESM,47,studio_F1.wav,231.6675614443101,37.01847468240407,124,0.9005058555357646,0.593681202184977,2.3622047244094486,1.28546392737673,2.0675614443101153,0.21847468240407153,119,19,5,4,0.967479674796748,0.7916666666666666,0.8795731707317074,0.8860366956671548,0.9387755102040817,0,1,0,1,0
logistic_PESM,logistic,PESM,11,studio_F1.wav,229.62155335390474,39.75366329160993,127,0.009387349261650647,8.026258944592215,0.0,2.6785487646179553,0.021553353904749883,2.953663291609935,121,19,5,2,0.983739837398374,0.7916666666666666,0.8877032520325203,0.9081659973226238,0.9523809523809523,1,4,2,1,1
logistic_PESM,logistic,PESM,29,studio_F1.wav,229.62155335390474,39.75366329160993,127,0.009387349261650647,8.026258944592215,0.0,2.6785487646179553,0.021553353904749883,2.953663291609935,121,19,5,2,0.983739837398374,0.7916666666666666,0.8877032520325203,0.9081659973226238,0.9523809523809523,1,4,2,1,1
logistic_PESM,logistic,PESM,47,studio_F1.wav,229.62155335390474,39.75366329160993,127,0.009387349261650647,8.026258944592215,0.0,2.6785487646179553,0.021553353904749883,2.953663291609935,121,19,5,2,0.983739837398374,0.7916666666666666,0.8877032520325203,0.9081659973226238,0.9523809523809523,1,4,2,1,1
svm_PESM,svm,PESM,11,studio_F1.wav,229.62488504563262,39.749453034022714,127,0.010838434508984973,8.014818027235647,0.0,2.6752188205815437,0.0248850456326295,2.949453034022717,121,19,5,2,0.983739837398374,0.7916666666666666,0.8877032520325203,0.9081659973226238,0.9523809523809523,1,4,2,1,1
svm_PESM,svm,PESM,29,studio_F1.wav,229.62488504563262,39.749453034022714,127,0.010838434508984973,8.014818027235647,0.0,2.6752188205815437,0.0248850456326295,2.949453034022717,121,19,5,2,0.983739837398374,0.7916666666666666,0.8877032520325203,0.9081659973226238,0.9523809523809523,1,4,2,1,1
svm_PESM,svm,PESM,47,studio_F1.wav,229.62488504563262,39.749453034022714,127,0.010838434508984973,8.014818027235647,0.0,2.6752188205815437,0.0248850456326295,2.949453034022717,121,19,5,2,0.983739837398374,0.7916666666666666,0.8877032520325203,0.9081659973226238,0.9523809523809523,1,4,2,1,1
knn_PESM,knn,PESM,11,studio_F1.wav,231.68117412995008,37.681875682860124,126,0.9064347255880162,2.3964013121199095,0.7874015748031497,1.3634125375036918,2.081174129950085,0.8818756828601266,119,18,6,4,0.967479674796748,0.75,0.858739837398374,0.8711430575035064,0.9319727891156463,1,3,0,2,1
knn_PESM,knn,PESM,29,studio_F1.wav,231.68117412995008,37.681875682860124,126,0.9064347255880162,2.3964013121199095,0.7874015748031497,1.3634125375036918,2.081174129950085,0.8818756828601266,119,18,6,4,0.967479674796748,0.75,0.858739837398374,0.8711430575035064,0.9319727891156463,1,3,0,2,1
knn_PESM,knn,PESM,47,studio_F1.wav,231.68117412995008,37.681875682860124,126,0.9064347255880162,2.3964013121199095,0.7874015748031497,1.3634125375036918,2.081174129950085,0.8818756828601266,119,18,6,4,0.967479674796748,0.75,0.858739837398374,0.8711430575035064,0.9319727891156463,1,3,0,2,1
rf_PESM,rf,PESM,11,studio_F1.wav,229.77583921607683,40.16374006200702,129,0.07658502442370996,9.140597994584308,1.5748031496062993,3.5973287228714397,0.17583921607683806,3.3637400620070252,121,17,7,2,0.983739837398374,0.7083333333333334,0.8460365853658537,0.8774205503567127,0.9387755102040817,1,6,2,3,1
rf_PESM,rf,PESM,29,studio_F1.wav,229.77583921607683,40.16374006200702,129,0.07658502442370996,9.140597994584308,1.5748031496062993,3.5973287228714397,0.17583921607683806,3.3637400620070252,121,17,7,2,0.983739837398374,0.7083333333333334,0.8460365853658537,0.8774205503567127,0.9387755102040817,1,6,2,3,1
rf_PESM,rf,PESM,47,studio_F1.wav,230.1711377440913,40.06957578113793,128,0.24875337286207178,8.884716796570466,0.7874015748031497,3.3069572480785627,0.5711377440913168,3.269575781137931,121,18,6,2,0.983739837398374,0.75,0.8668699186991871,0.8930909090909092,0.9455782312925171,1,5,2,2,1
gmm_PESM,gmm,PESM,11,studio_F1.wav,231.6675614443101,37.01847468240407,124,0.9005058555357646,0.593681202184977,2.3622047244094486,1.28546392737673,2.0675614443101153,0.21847468240407153,119,19,5,4,0.967479674796748,0.7916666666666666,0.8795731707317074,0.8860366956671548,0.9387755102040817,0,1,0,1,0
gmm_PESM,gmm,PESM,29,studio_F1.wav,231.6675614443101,37.01847468240407,124,0.9005058555357646,0.593681202184977,2.3622047244094486,1.28546392737673,2.0675614443101153,0.21847468240407153,119,19,5,4,0.967479674796748,0.7916666666666666,0.8795731707317074,0.8860366956671548,0.9387755102040817,0,1,0,1,0
gmm_PESM,gmm,PESM,47,studio_F1.wav,231.6675614443101,37.01847468240407,124,0.9005058555357646,0.593681202184977,2.3622047244094486,1.28546392737673,2.0675614443101153,0.21847468240407153,119,19,5,4,0.967479674796748,0.7916666666666666,0.8795731707317074,0.8860366956671548,0.9387755102040817,0,1,0,1,0
logistic_ZSM,logistic,ZSM,11,studio_F1.wav,229.09995462132295,42.30001053796211,132,0.2177897990753674,14.945680809679653,3.937007874015748,6.36682616092359,0.5000453786770436,5.500010537962112,122,16,8,1,0.991869918699187,0.6666666666666666,0.8292682926829268,0.8724573411742023,0.9387755102040817,2,9,3,4,2
logistic_ZSM,logistic,ZSM,29,studio_F1.wav,229.09995462132295,42.30001053796211,132,0.2177897990753674,14.945680809679653,3.937007874015748,6.36682616092359,0.5000453786770436,5.500010537962112,122,16,8,1,0.991869918699187,0.6666666666666666,0.8292682926829268,0.8724573411742023,0.9387755102040817,2,9,3,4,2
logistic_ZSM,logistic,ZSM,47,studio_F1.wav,229.09995462132295,42.30001053796211,132,0.2177897990753674,14.945680809679653,3.937007874015748,6.36682616092359,0.5000453786770436,5.500010537962112,122,16,8,1,0.991869918699187,0.6666666666666666,0.8292682926829268,0.8724573411742023,0.9387755102040817,2,9,3,4,2
svm_ZSM,svm,ZSM,11,studio_F1.wav,229.77583921607683,40.16374006200702,129,0.07658502442370996,9.140597994584308,1.5748031496062993,3.5973287228714397,0.17583921607683806,3.3637400620070252,121,17,7,2,0.983739837398374,0.7083333333333334,0.8460365853658537,0.8774205503567127,0.9387755102040817,1,6,2,3,1
svm_ZSM,svm,ZSM,29,studio_F1.wav,229.77583921607683,40.16374006200702,129,0.07658502442370996,9.140597994584308,1.5748031496062993,3.5973287228714397,0.17583921607683806,3.3637400620070252,121,17,7,2,0.983739837398374,0.7083333333333334,0.8460365853658537,0.8774205503567127,0.9387755102040817,1,6,2,3,1
svm_ZSM,svm,ZSM,47,studio_F1.wav,229.77583921607683,40.16374006200702,129,0.07658502442370996,9.140597994584308,1.5748031496062993,3.5973287228714397,0.17583921607683806,3.3637400620070252,121,17,7,2,0.983739837398374,0.7083333333333334,0.8460365853658537,0.8774205503567127,0.9387755102040817,1,6,2,3,1
knn_ZSM,knn,ZSM,11,studio_F1.wav,231.68117412995008,37.681875682860124,126,0.9064347255880162,2.3964013121199095,0.7874015748031497,1.3634125375036918,2.081174129950085,0.8818756828601266,119,18,6,4,0.967479674796748,0.75,0.858739837398374,0.8711430575035064,0.9319727891156463,1,3,0,2,1
knn_ZSM,knn,ZSM,29,studio_F1.wav,231.68117412995008,37.681875682860124,126,0.9064347255880162,2.3964013121199095,0.7874015748031497,1.3634125375036918,2.081174129950085,0.8818756828601266,119,18,6,4,0.967479674796748,0.75,0.858739837398374,0.8711430575035064,0.9319727891156463,1,3,0,2,1
knn_ZSM,knn,ZSM,47,studio_F1.wav,231.68117412995008,37.681875682860124,126,0.9064347255880162,2.3964013121199095,0.7874015748031497,1.3634125375036918,2.081174129950085,0.8818756828601266,119,18,6,4,0.967479674796748,0.75,0.858739837398374,0.8711430575035064,0.9319727891156463,1,3,0,2,1
rf_ZSM,rf,ZSM,11,studio_F1.wav,230.30250966064554,40.150458309015505,131,0.3059711065529383,9.104506274498664,3.1496062992125986,4.186694560088067,0.7025096606455463,3.350458309015508,122,16,8,1,0.991869918699187,0.6666666666666666,0.8292682926829268,0.8724573411742023,0.9387755102040817,1,8,3,4,1
rf_ZSM,rf,ZSM,29,studio_F1.wav,230.30250966064554,40.150458309015505,131,0.3059711065529383,9.104506274498664,3.1496062992125986,4.186694560088067,0.7025096606455463,3.350458309015508,122,16,8,1,0.991869918699187,0.6666666666666666,0.8292682926829268,0.8724573411742023,0.9387755102040817,1,8,3,4,1
rf_ZSM,rf,ZSM,47,studio_F1.wav,230.30250966064554,40.150458309015505,131,0.3059711065529383,9.104506274498664,3.1496062992125986,4.186694560088067,0.7025096606455463,3.350458309015508,122,16,8,1,0.991869918699187,0.6666666666666666,0.8292682926829268,0.8724573411742023,0.9387755102040817,1,8,3,4,1
gmm_ZSM,gmm,ZSM,11,studio_F1.wav,230.69252317742234,40.056625886715615,130,0.47583762082854986,8.84952686607505,2.3622047244094486,3.8958564037710164,1.0925231774223505,3.256625886715618,122,17,7,1,0.991869918699187,0.7083333333333334,0.8501016260162602,0.8888888888888888,0.9455782312925171,1,7,3,3,1
gmm_ZSM,gmm,ZSM,29,studio_F1.wav,230.69252317742234,40.056625886715615,130,0.47583762082854986,8.84952686607505,2.3622047244094486,3.8958564037710164,1.0925231774223505,3.256625886715618,122,17,7,1,0.991869918699187,0.7083333333333334,0.8501016260162602,0.8888888888888888,0.9455782312925171,1,7,3,3,1
gmm_ZSM,gmm,ZSM,47,studio_F1.wav,230.69252317742234,40.056625886715615,130,0.47583762082854986,8.84952686607505,2.3622047244094486,3.8958564037710164,1.0925231774223505,3.256625886715618,122,17,7,1,0.991869918699187,0.7083333333333334,0.8501016260162602,0.8888888888888888,0.9455782312925171,1,7,3,3,1
logistic_PZSM,logistic,PZSM,11,studio_F1.wav,229.09995462132295,42.30001053796211,132,0.2177897990753674,14.945680809679653,3.937007874015748,6.36682616092359,0.5000453786770436,5.500010537962112,122,16,8,1,0.991869918699187,0.6666666666666666,0.8292682926829268,0.8724573411742023,0.9387755102040817,2,9,3,4,2
logistic_PZSM,logistic,PZSM,29,studio_F1.wav,229.09995462132295,42.30001053796211,132,0.2177897990753674,14.945680809679653,3.937007874015748,6.36682616092359,0.5000453786770436,5.500010537962112,122,16,8,1,0.991869918699187,0.6666666666666666,0.8292682926829268,0.8724573411742023,0.9387755102040817,2,9,3,4,2
logistic_PZSM,logistic,PZSM,47,studio_F1.wav,229.09995462132295,42.30001053796211,132,0.2177897990753674,14.945680809679653,3.937007874015748,6.36682616092359,0.5000453786770436,5.500010537962112,122,16,8,1,0.991869918699187,0.6666666666666666,0.8292682926829268,0.8724573411742023,0.9387755102040817,2,9,3,4,2
svm_PZSM,svm,PZSM,11,studio_F1.wav,229.8929583847984,40.03107335767669,130,0.12759511533031198,8.780090645860577,2.3622047244094486,3.756630161866779,0.2929583847983963,3.231073357676692,121,16,8,2,0.983739837398374,0.6666666666666666,0.8252032520325203,0.8611111111111112,0.9319727891156463,1,7,2,4,1
svm_PZSM,svm,PZSM,29,studio_F1.wav,229.8929583847984,40.03107335767669,130,0.12759511533031198,8.780090645860577,2.3622047244094486,3.756630161866779,0.2929583847983963,3.231073357676692,121,16,8,2,0.983739837398374,0.6666666666666666,0.8252032520325203,0.8611111111111112,0.9319727891156463,1,7,2,4,1
svm_PZSM,svm,PZSM,47,studio_F1.wav,229.8929583847984,40.03107335767669,130,0.12759511533031198,8.780090645860577,2.3622047244094486,3.756630161866779,0.2929583847983963,3.231073357676692,121,16,8,2,0.983739837398374,0.6666666666666666,0.8252032520325203,0.8611111111111112,0.9319727891156463,1,7,2,4,1
knn_PZSM,knn,PZSM,11,studio_F1.wav,231.68117412995008,37.681875682860124,126,0.9064347255880162,2.3964013121199095,0.7874015748031497,1.3634125375036918,2.081174129950085,0.8818756828601266,119,18,6,4,0.967479674796748,0.75,0.858739837398374,0.8711430575035064,0.9319727891156463,1,3,0,2,1
knn_PZSM,knn,PZSM,29,studio_F1.wav,231.68117412995008,37.681875682860124,126,0.9064347255880162,2.3964013121199095,0.7874015748031497,1.3634125375036918,2.081174129950085,0.8818756828601266,119,18,6,4,0.967479674796748,0.75,0.858739837398374,0.8711430575035064,0.9319727891156463,1,3,0,2,1
knn_PZSM,knn,PZSM,47,studio_F1.wav,231.68117412995008,37.681875682860124,126,0.9064347255880162,2.3964013121199095,0.7874015748031497,1.3634125375036918,2.081174129950085,0.8818756828601266,119,18,6,4,0.967479674796748,0.75,0.858739837398374,0.8711430575035064,0.9319727891156463,1,3,0,2,1
rf_PZSM,rf,PZSM,11,studio_F1.wav,230.38736732795792,40.00987427943263,132,0.3429300208875974,8.72248445497998,3.937007874015748,4.334140783294441,0.7873673279579236,3.2098742794326327,122,16,8,1,0.991869918699187,0.6666666666666666,0.8292682926829268,0.8724573411742023,0.9387755102040817,2,9,3,4,2
rf_PZSM,rf,PZSM,29,studio_F1.wav,229.276434399965,42.007685595284066,134,0.14092578398736152,14.151319552402361,5.511811023622047,6.601352120003924,0.323565600034982,5.207685595284069,122,16,8,1,0.991869918699187,0.6666666666666666,0.8292682926829268,0.8724573411742023,0.9387755102040817,4,11,3,4,4
rf_PZSM,rf,PZSM,47,studio_F1.wav,230.4622328204906,39.86845700123178,133,0.3755369427223947,8.33819837291246,4.724409448818897,4.479381588151251,0.8622328204906182,3.068457001231785,122,16,8,1,0.991869918699187,0.6666666666666666,0.8292682926829268,0.8724573411742023,0.9387755102040817,3,10,3,4,3
gmm_PZSM,gmm,PZSM,11,studio_F1.wav,230.69252317742234,40.056625886715615,130,0.47583762082854986,8.84952686607505,2.3622047244094486,3.8958564037710164,1.0925231774223505,3.256625886715618,122,17,7,1,0.991869918699187,0.7083333333333334,0.8501016260162602,0.8888888888888888,0.9455782312925171,1,7,3,3,1
gmm_PZSM,gmm,PZSM,29,studio_F1.wav,230.69252317742234,40.056625886715615,130,0.47583762082854986,8.84952686607505,2.3622047244094486,3.8958564037710164,1.0925231774223505,3.256625886715618,122,17,7,1,0.991869918699187,0.7083333333333334,0.8501016260162602,0.8888888888888888,0.9455782312925171,1,7,3,3,1
gmm_PZSM,gmm,PZSM,47,studio_F1.wav,230.69252317742234,40.056625886715615,130,0.47583762082854986,8.84952686607505,2.3622047244094486,3.8958564037710164,1.0925231774223505,3.256625886715618,122,17,7,1,0.991869918699187,0.7083333333333334,0.8501016260162602,0.8888888888888888,0.9455782312925171,1,7,3,3,1
logistic_EZSM,logistic,EZSM,11,studio_F1.wav,230.02190197075942,39.65527455756651,126,0.18375521374539258,7.75889825425682,0.7874015748031497,2.910018347601788,0.4219019707594214,2.85527455756651,121,20,4,2,0.983739837398374,0.8333333333333334,0.9085365853658537,0.9226858345021038,0.9591836734693877,1,3,2,0,1
logistic_EZSM,logistic,EZSM,29,studio_F1.wav,230.02190197075942,39.65527455756651,126,0.18375521374539258,7.75889825425682,0.7874015748031497,2.910018347601788,0.4219019707594214,2.85527455756651,121,20,4,2,0.983739837398374,0.8333333333333334,0.9085365853658537,0.9226858345021038,0.9591836734693877,1,3,2,0,1
logistic_EZSM,logistic,EZSM,47,studio_F1.wav,230.02190197075942,39.65527455756651,126,0.18375521374539258,7.75889825425682,0.7874015748031497,2.910018347601788,0.4219019707594214,2.85527455756651,121,20,4,2,0.983739837398374,0.8333333333333334,0.9085365853658537,0.9226858345021038,0.9591836734693877,1,3,2,0,1
svm_EZSM,svm,EZSM,11,studio_F1.wav,230.88421911953813,37.298079262027365,126,0.5593288848162613,1.353476255509151,0.7874015748031497,0.900068905042854,1.284219119538136,0.4980792620273675,120,19,5,3,0.975609756097561,0.7916666666666666,0.8836382113821137,0.8969144460028051,0.9455782312925171,1,3,1,1,1
svm_EZSM,svm,EZSM,29,studio_F1.wav,230.88421911953813,37.298079262027365,126,0.5593288848162613,1.353476255509151,0.7874015748031497,0.900068905042854,1.284219119538136,0.4980792620273675,120,19,5,3,0.975609756097561,0.7916666666666666,0.8836382113821137,0.8969144460028051,0.9455782312925171,1,3,1,1,1
svm_EZSM,svm,EZSM,47,studio_F1.wav,230.88421911953813,37.298079262027365,126,0.5593288848162613,1.353476255509151,0.7874015748031497,0.900068905042854,1.284219119538136,0.4980792620273675,120,19,5,3,0.975609756097561,0.7916666666666666,0.8836382113821137,0.8969144460028051,0.9455782312925171,1,3,1,1,1
knn_EZSM,knn,EZSM,11,studio_F1.wav,231.68117412995008,37.681875682860124,126,0.9064347255880162,2.3964013121199095,0.7874015748031497,1.3634125375036918,2.081174129950085,0.8818756828601266,119,18,6,4,0.967479674796748,0.75,0.858739837398374,0.8711430575035064,0.9319727891156463,1,3,0,2,1
knn_EZSM,knn,EZSM,29,studio_F1.wav,231.68117412995008,37.681875682860124,126,0.9064347255880162,2.3964013121199095,0.7874015748031497,1.3634125375036918,2.081174129950085,0.8818756828601266,119,18,6,4,0.967479674796748,0.75,0.858739837398374,0.8711430575035064,0.9319727891156463,1,3,0,2,1
knn_EZSM,knn,EZSM,47,studio_F1.wav,231.68117412995008,37.681875682860124,126,0.9064347255880162,2.3964013121199095,0.7874015748031497,1.3634125375036918,2.081174129950085,0.8818756828601266,119,18,6,4,0.967479674796748,0.75,0.858739837398374,0.8711430575035064,0.9319727891156463,1,3,0,2,1
rf_EZSM,rf,EZSM,11,studio_F1.wav,229.62488504563262,39.749453034022714,127,0.010838434508984973,8.014818027235647,0.0,2.6752188205815437,0.0248850456326295,2.949453034022717,121,19,5,2,0.983739837398374,0.7916666666666666,0.8877032520325203,0.9081659973226238,0.9523809523809523,1,4,2,1,1
rf_EZSM,rf,EZSM,29,studio_F1.wav,230.88421911953813,37.298079262027365,126,0.5593288848162613,1.353476255509151,0.7874015748031497,0.900068905042854,1.284219119538136,0.4980792620273675,120,19,5,3,0.975609756097561,0.7916666666666666,0.8836382113821137,0.8969144460028051,0.9455782312925171,1,3,1,1,1
rf_EZSM,rf,EZSM,47,studio_F1.wav,231.4072521458471,36.983873289539574,125,0.7871307255431689,0.49965567809667527,1.5748031496062993,0.9538631844153812,1.8072521458471158,0.1838732895395765,120,19,5,3,0.975609756097561,0.7916666666666666,0.8836382113821137,0.8969144460028051,0.9455782312925171,0,2,1,1,0
gmm_EZSM,gmm,EZSM,11,studio_F1.wav,231.6675614443101,37.01847468240407,124,0.9005058555357646,0.593681202184977,2.3622047244094486,1.28546392737673,2.0675614443101153,0.21847468240407153,119,19,5,4,0.967479674796748,0.7916666666666666,0.8795731707317074,0.8860366956671548,0.9387755102040817,0,1,0,1,0
gmm_EZSM,gmm,EZSM,29,studio_F1.wav,231.6675614443101,37.01847468240407,124,0.9005058555357646,0.593681202184977,2.3622047244094486,1.28546392737673,2.0675614443101153,0.21847468240407153,119,19,5,4,0.967479674796748,0.7916666666666666,0.8795731707317074,0.8860366956671548,0.9387755102040817,0,1,0,1,0
gmm_EZSM,gmm,EZSM,47,studio_F1.wav,231.6675614443101,37.01847468240407,124,0.9005058555357646,0.593681202184977,2.3622047244094486,1.28546392737673,2.0675614443101153,0.21847468240407153,119,19,5,4,0.967479674796748,0.7916666666666666,0.8795731707317074,0.8860366956671548,0.9387755102040817,0,1,0,1,0
logistic_PEZSM,logistic,PEZSM,11,studio_F1.wav,229.62155335390474,39.75366329160993,127,0.009387349261650647,8.026258944592215,0.0,2.6785487646179553,0.021553353904749883,2.953663291609935,121,19,5,2,0.983739837398374,0.7916666666666666,0.8877032520325203,0.9081659973226238,0.9523809523809523,1,4,2,1,1
logistic_PEZSM,logistic,PEZSM,29,studio_F1.wav,229.62155335390474,39.75366329160993,127,0.009387349261650647,8.026258944592215,0.0,2.6785487646179553,0.021553353904749883,2.953663291609935,121,19,5,2,0.983739837398374,0.7916666666666666,0.8877032520325203,0.9081659973226238,0.9523809523809523,1,4,2,1,1
logistic_PEZSM,logistic,PEZSM,47,studio_F1.wav,229.62155335390474,39.75366329160993,127,0.009387349261650647,8.026258944592215,0.0,2.6785487646179553,0.021553353904749883,2.953663291609935,121,19,5,2,0.983739837398374,0.7916666666666666,0.8877032520325203,0.9081659973226238,0.9523809523809523,1,4,2,1,1
svm_PEZSM,svm,PEZSM,11,studio_F1.wav,229.2307658470748,39.84221405314812,128,0.16081626869564544,8.266886013989462,0.7874015748031497,3.0717012858294193,0.3692341529252019,3.042214053148122,121,18,6,2,0.983739837398374,0.75,0.8668699186991871,0.8930909090909092,0.9455782312925171,1,5,2,2,1
svm_PEZSM,svm,PEZSM,29,studio_F1.wav,229.2307658470748,39.84221405314812,128,0.16081626869564544,8.266886013989462,0.7874015748031497,3.0717012858294193,0.3692341529252019,3.042214053148122,121,18,6,2,0.983739837398374,0.75,0.8668699186991871,0.8930909090909092,0.9455782312925171,1,5,2,2,1
svm_PEZSM,svm,PEZSM,47,studio_F1.wav,229.2307658470748,39.84221405314812,128,0.16081626869564544,8.266886013989462,0.7874015748031497,3.0717012858294193,0.3692341529252019,3.042214053148122,121,18,6,2,0.983739837398374,0.75,0.8668699186991871,0.8930909090909092,0.9455782312925171,1,5,2,2,1
knn_PEZSM,knn,PEZSM,11,studio_F1.wav,231.68117412995008,37.681875682860124,126,0.9064347255880162,2.3964013121199095,0.7874015748031497,1.3634125375036918,2.081174129950085,0.8818756828601266,119,18,6,4,0.967479674796748,0.75,0.858739837398374,0.8711430575035064,0.9319727891156463,1,3,0,2,1
knn_PEZSM,knn,PEZSM,29,studio_F1.wav,231.68117412995008,37.681875682860124,126,0.9064347255880162,2.3964013121199095,0.7874015748031497,1.3634125375036918,2.081174129950085,0.8818756828601266,119,18,6,4,0.967479674796748,0.75,0.858739837398374,0.8711430575035064,0.9319727891156463,1,3,0,2,1
knn_PEZSM,knn,PEZSM,47,studio_F1.wav,231.68117412995008,37.681875682860124,126,0.9064347255880162,2.3964013121199095,0.7874015748031497,1.3634125375036918,2.081174129950085,0.8818756828601266,119,18,6,4,0.967479674796748,0.75,0.858739837398374,0.8711430575035064,0.9319727891156463,1,3,0,2,1
rf_PEZSM,rf,PEZSM,11,studio_F1.wav,229.77583921607683,40.16374006200702,129,0.07658502442370996,9.140597994584308,1.5748031496062993,3.5973287228714397,0.17583921607683806,3.3637400620070252,121,17,7,2,0.983739837398374,0.7083333333333334,0.8460365853658537,0.8774205503567127,0.9387755102040817,1,6,2,3,1
rf_PEZSM,rf,PEZSM,29,studio_F1.wav,229.77583921607683,40.16374006200702,129,0.07658502442370996,9.140597994584308,1.5748031496062993,3.5973287228714397,0.17583921607683806,3.3637400620070252,121,17,7,2,0.983739837398374,0.7083333333333334,0.8460365853658537,0.8774205503567127,0.9387755102040817,1,6,2,3,1
rf_PEZSM,rf,PEZSM,47,studio_F1.wav,230.28610048367108,39.93515143879324,129,0.29882425246998406,8.519433257590338,1.5748031496062993,3.464353553222207,0.6861004836710833,3.135151438793244,121,17,7,2,0.983739837398374,0.7083333333333334,0.8460365853658537,0.8774205503567127,0.9387755102040817,1,6,2,3,1
gmm_PEZSM,gmm,PEZSM,11,studio_F1.wav,229.86691667983263,39.81355645191971,126,0.11625290933477048,8.189012097607913,0.7874015748031497,3.0308888605819444,0.266916679832633,3.0135564519197118,120,19,5,3,0.975609756097561,0.7916666666666666,0.8836382113821137,0.8969144460028051,0.9455782312925171,1,3,1,1,1
gmm_PEZSM,gmm,PEZSM,29,studio_F1.wav,229.86691667983263,39.81355645191971,126,0.11625290933477048,8.189012097607913,0.7874015748031497,3.0308888605819444,0.266916679832633,3.0135564519197118,120,19,5,3,0.975609756097561,0.7916666666666666,0.8836382113821137,0.8969144460028051,0.9455782312925171,1,3,1,1,1
gmm_PEZSM,gmm,PEZSM,47,studio_F1.wav,229.86691667983263,39.81355645191971,126,0.11625290933477048,8.189012097607913,0.7874015748031497,3.0308888605819444,0.266916679832633,3.0135564519197118,120,19,5,3,0.975609756097561,0.7916666666666666,0.8836382113821137,0.8969144460028051,0.9455782312925171,1,3,1,1,1
hard170,control,,11,studio_M1.wav,116.9188967270982,25.857462356372963,85,0.016164864925744045,2.055066831920589,3.658536585365854,1.9099227607373956,0.018896727098194788,0.5425376436270355,81,21,4,13,0.8617021276595744,0.84,0.8508510638297873,0.8084461698702774,0.8571428571428571,0,0,0,0,0
hard170,control,,29,studio_M1.wav,116.9188967270982,25.857462356372963,85,0.016164864925744045,2.055066831920589,3.658536585365854,1.9099227607373956,0.018896727098194788,0.5425376436270355,81,21,4,13,0.8617021276595744,0.84,0.8508510638297873,0.8084461698702774,0.8571428571428571,0,0,0,0,0
hard170,control,,47,studio_M1.wav,116.9188967270982,25.857462356372963,85,0.016164864925744045,2.055066831920589,3.658536585365854,1.9099227607373956,0.018896727098194788,0.5425376436270355,81,21,4,13,0.8617021276595744,0.84,0.8508510638297873,0.8084461698702774,0.8571428571428571,0,0,0,0,0
logistic_P,logistic,P,11,studio_M1.wav,117.65385833803803,41.10126322210717,103,0.6448745406655507,55.68660311404232,25.609756097560975,27.313744584089616,0.7538583380380288,14.701263222107173,91,17,8,3,0.9680851063829787,0.68,0.8240425531914894,0.8492803684513529,0.907563025210084,4,18,10,4,4
logistic_P,logistic,P,29,studio_M1.wav,117.65385833803803,41.10126322210717,103,0.6448745406655507,55.68660311404232,25.609756097560975,27.313744584089616,0.7538583380380288,14.701263222107173,91,17,8,3,0.9680851063829787,0.68,0.8240425531914894,0.8492803684513529,0.907563025210084,4,18,10,4,4
logistic_P,logistic,P,47,studio_M1.wav,117.65385833803803,41.10126322210717,103,0.6448745406655507,55.68660311404232,25.609756097560975,27.313744584089616,0.7538583380380288,14.701263222107173,91,17,8,3,0.9680851063829787,0.68,0.8240425531914894,0.8492803684513529,0.907563025210084,4,18,10,4,4
svm_P,svm,P,11,studio_M1.wav,118.24024128501536,41.0831061829115,100,1.1464852737513707,55.617826450422356,21.951219512195124,26.238510412122952,1.3402412850153524,14.683106182911501,90,18,7,4,0.9574468085106383,0.72,0.8387234042553191,0.8541829118859308,0.907563025210084,3,15,9,3,3
svm_P,svm,P,29,studio_M1.wav,118.24024128501536,41.0831061829115,100,1.1464852737513707,55.617826450422356,21.951219512195124,26.238510412122952,1.3402412850153524,14.683106182911501,90,18,7,4,0.9574468085106383,0.72,0.8387234042553191,0.8541829118859308,0.907563025210084,3,15,9,3,3
svm_P,svm,P,47,studio_M1.wav,118.24024128501536,41.0831061829115,100,1.1464852737513707,55.617826450422356,21.951219512195124,26.238510412122952,1.3402412850153524,14.683106182911501,90,18,7,4,0.9574468085106383,0.72,0.8387234042553191,0.8541829118859308,0.907563025210084,3,15,9,3,3
knn_P,knn,P,11,studio_M1.wav,117.92960996004457,42.05860541641398,101,0.8807613002947537,59.312899304598425,23.170731707317074,27.788130770736746,1.0296099600445672,15.658605416413984,89,16,9,5,0.9468085106382979,0.64,0.7934042553191489,0.8113677536231885,0.8823529411764706,3,16,8,5,3
knn_P,knn,P,29,studio_M1.wav,117.92960996004457,42.05860541641398,101,0.8807613002947537,59.312899304598425,23.170731707317074,27.788130770736746,1.0296099600445672,15.658605416413984,89,16,9,5,0.9468085106382979,0.64,0.7934042553191489,0.8113677536231885,0.8823529411764706,3,16,8,5,3
knn_P,knn,P,47,studio_M1.wav,117.92960996004457,42.05860541641398,101,0.8807613002947537,59.312899304598425,23.170731707317074,27.788130770736746,1.0296099600445672,15.658605416413984,89,16,9,5,0.9468085106382979,0.64,0.7934042553191489,0.8113677536231885,0.8823529411764706,3,16,8,5,3
rf_P,rf,P,11,studio_M1.wav,117.49571879962572,42.07847775785142,102,0.509596920124649,59.388173325194764,24.390243902439025,28.09600471591948,0.5957187996257147,15.678477757851418,89,16,9,5,0.9468085106382979,0.64,0.7934042553191489,0.8113677536231885,0.8823529411764706,4,17,8,5,4
rf_P,rf,P,29,studio_M1.wav,117.49571879962572,42.07847775785142,102,0.509596920124649,59.388173325194764,24.390243902439025,28.09600471591948,0.5957187996257147,15.678477757851418,89,16,9,5,0.9468085106382979,0.64,0.7934042553191489,0.8113677536231885,0.8823529411764706,4,17,8,5,4
rf_P,rf,P,47,studio_M1.wav,117.45427137772076,42.2090987481783,97,0.4741414693932869,59.882949803705685,18.29268292682927,26.216591399976082,0.5542713777207524,15.8090987481783,86,17,8,8,0.9148936170212766,0.68,0.7974468085106383,0.7974468085106383,0.865546218487395,3,12,5,4,3
gmm_P,gmm,P,11,studio_M1.wav,116.9188967270982,25.857462356372963,85,0.016164864925744045,2.055066831920589,3.658536585365854,1.9099227607373956,0.018896727098194788,0.5425376436270355,81,21,4,13,0.8617021276595744,0.84,0.8508510638297873,0.8084461698702774,0.8571428571428571,0,0,0,0,0
gmm_P,gmm,P,29,studio_M1.wav,116.9188967270982,25.857462356372963,85,0.016164864925744045,2.055066831920589,3.658536585365854,1.9099227607373956,0.018896727098194788,0.5425376436270355,81,21,4,13,0.8617021276595744,0.84,0.8508510638297873,0.8084461698702774,0.8571428571428571,0,0,0,0,0
gmm_P,gmm,P,47,studio_M1.wav,116.9188967270982,25.857462356372963,85,0.016164864925744045,2.055066831920589,3.658536585365854,1.9099227607373956,0.018896727098194788,0.5425376436270355,81,21,4,13,0.8617021276595744,0.84,0.8508510638297873,0.8084461698702774,0.8571428571428571,0,0,0,0,0
logistic_E,logistic,E,11,studio_M1.wav,117.51010259267481,26.763764690383585,90,0.5219012768817848,1.3778965544832822,9.75609756097561,3.885298464113559,0.6101025926748065,0.3637646903835865,85,20,5,9,0.9042553191489362,0.8,0.8521276595744681,0.8323268921095008,0.8823529411764706,0,5,4,1,0
logistic_E,logistic,E,29,studio_M1.wav,117.51010259267481,26.763764690383585,90,0.5219012768817848,1.3778965544832822,9.75609756097561,3.885298464113559,0.6101025926748065,0.3637646903835865,85,20,5,9,0.9042553191489362,0.8,0.8521276595744681,0.8323268921095008,0.8823529411764706,0,5,4,1,0
logistic_E,logistic,E,47,studio_M1.wav,117.51010259267481,26.763764690383585,90,0.5219012768817848,1.3778965544832822,9.75609756097561,3.885298464113559,0.6101025926748065,0.3637646903835865,85,20,5,9,0.9042553191489362,0.8,0.8521276595744681,0.8323268921095008,0.8823529411764706,0,5,4,1,0
svm_E,svm,E,11,studio_M1.wav,117.51010259267481,26.763764690383585,90,0.5219012768817848,1.3778965544832822,9.75609756097561,3.885298464113559,0.6101025926748065,0.3637646903835865,85,20,5,9,0.9042553191489362,0.8,0.8521276595744681,0.8323268921095008,0.8823529411764706,0,5,4,1,0
svm_E,svm,E,29,studio_M1.wav,117.51010259267481,26.763764690383585,90,0.5219012768817848,1.3778965544832822,9.75609756097561,3.885298464113559,0.6101025926748065,0.3637646903835865,85,20,5,9,0.9042553191489362,0.8,0.8521276595744681,0.8323268921095008,0.8823529411764706,0,5,4,1,0
svm_E,svm,E,47,studio_M1.wav,117.51010259267481,26.763764690383585,90,0.5219012768817848,1.3778965544832822,9.75609756097561,3.885298464113559,0.6101025926748065,0.3637646903835865,85,20,5,9,0.9042553191489362,0.8,0.8521276595744681,0.8323268921095008,0.8823529411764706,0,5,4,1,0
knn_E,knn,E,11,studio_M1.wav,117.21248403871098,26.76564204434859,91,0.2673088440641378,1.3850077437446588,10.975609756097562,4.209308781302119,0.3124840387109771,0.36564204434858993,86,20,5,8,0.9148936170212766,0.8,0.8574468085106384,0.8422233554309027,0.8907563025210085,0,6,5,1,0
knn_E,knn,E,29,studio_M1.wav,117.21248403871098,26.76564204434859,91,0.2673088440641378,1.3850077437446588,10.975609756097562,4.209308781302119,0.3124840387109771,0.36564204434858993,86,20,5,8,0.9148936170212766,0.8,0.8574468085106384,0.8422233554309027,0.8907563025210085,0,6,5,1,0
knn_E,knn,E,47,studio_M1.wav,117.21248403871098,26.76564204434859,91,0.2673088440641378,1.3850077437446588,10.975609756097562,4.209308781302119,0.3124840387109771,0.36564204434858993,86,20,5,8,0.9148936170212766,0.8,0.8574468085106384,0.8422233554309027,0.8907563025210085,0,6,5,1,0
rf_E,rf,E,11,studio_M1.wav,116.70686583855584,27.0532210742245,92,0.16521314067079854,2.4743222508503813,12.195121951219512,4.944885780913564,0.1931341614441635,0.6532210742245006,86,19,6,8,0.9148936170212766,0.76,0.8374468085106384,0.8277502067824648,0.8823529411764706,0,7,5,2,0
rf_E,rf,E,29,studio_M1.wav,117.21248403871098,26.76564204434859,91,0.2673088440641378,1.3850077437446588,10.975609756097562,4.209308781302119,0.3124840387109771,0.36564204434858993,86,20,5,8,0.9148936170212766,0.8,0.8574468085106384,0.8422233554309027,0.8907563025210085,0,6,5,1,0
rf_E,rf,E,47,studio_M1.wav,117.21248403871098,26.76564204434859,91,0.2673088440641378,1.3850077437446588,10.975609756097562,4.209308781302119,0.3124840387109771,0.36564204434858993,86,20,5,8,0.9148936170212766,0.8,0.8574468085106384,0.8422233554309027,0.8907563025210085,0,6,5,1,0
gmm_E,gmm,E,11,studio_M1.wav,116.95265010811781,26.389005482826224,89,0.045038586927119394,0.04164589838550833,8.536585365853659,2.8744232837220953,0.052650108117802574,0.010994517173774199,84,20,5,10,0.8936170212765957,0.8,0.8468085106382979,0.8226527570789866,0.8739495798319328,0,4,3,1,0
gmm_E,gmm,E,29,studio_M1.wav,116.95265010811781,26.389005482826224,89,0.045038586927119394,0.04164589838550833,8.536585365853659,2.8744232837220953,0.052650108117802574,0.010994517173774199,84,20,5,10,0.8936170212765957,0.8,0.8468085106382979,0.8226527570789866,0.8739495798319328,0,4,3,1,0
gmm_E,gmm,E,47,studio_M1.wav,116.95265010811781,26.389005482826224,89,0.045038586927119394,0.04164589838550833,8.536585365853659,2.8744232837220953,0.052650108117802574,0.010994517173774199,84,20,5,10,0.8936170212765957,0.8,0.8468085106382979,0.8226527570789866,0.8739495798319328,0,4,3,1,0
logistic_PE,logistic,PE,11,studio_M1.wav,117.21248403871098,26.76564204434859,91,0.2673088440641378,1.3850077437446588,10.975609756097562,4.209308781302119,0.3124840387109771,0.36564204434858993,86,20,5,8,0.9148936170212766,0.8,0.8574468085106384,0.8422233554309027,0.8907563025210085,0,6,5,1,0
logistic_PE,logistic,PE,29,studio_M1.wav,117.21248403871098,26.76564204434859,91,0.2673088440641378,1.3850077437446588,10.975609756097562,4.209308781302119,0.3124840387109771,0.36564204434858993,86,20,5,8,0.9148936170212766,0.8,0.8574468085106384,0.8422233554309027,0.8907563025210085,0,6,5,1,0
logistic_PE,logistic,PE,47,studio_M1.wav,117.21248403871098,26.76564204434859,91,0.2673088440641378,1.3850077437446588,10.975609756097562,4.209308781302119,0.3124840387109771,0.36564204434858993,86,20,5,8,0.9148936170212766,0.8,0.8574468085106384,0.8422233554309027,0.8907563025210085,0,6,5,1,0
svm_PE,svm,PE,11,studio_M1.wav,117.21248403871098,26.76564204434859,91,0.2673088440641378,1.3850077437446588,10.975609756097562,4.209308781302119,0.3124840387109771,0.36564204434858993,86,20,5,8,0.9148936170212766,0.8,0.8574468085106384,0.8422233554309027,0.8907563025210085,0,6,5,1,0
svm_PE,svm,PE,29,studio_M1.wav,117.21248403871098,26.76564204434859,91,0.2673088440641378,1.3850077437446588,10.975609756097562,4.209308781302119,0.3124840387109771,0.36564204434858993,86,20,5,8,0.9148936170212766,0.8,0.8574468085106384,0.8422233554309027,0.8907563025210085,0,6,5,1,0
svm_PE,svm,PE,47,studio_M1.wav,117.21248403871098,26.76564204434859,91,0.2673088440641378,1.3850077437446588,10.975609756097562,4.209308781302119,0.3124840387109771,0.36564204434858993,86,20,5,8,0.9148936170212766,0.8,0.8574468085106384,0.8422233554309027,0.8907563025210085,0,6,5,1,0
knn_PE,knn,PE,11,studio_M1.wav,117.21248403871098,26.76564204434859,91,0.2673088440641378,1.3850077437446588,10.975609756097562,4.209308781302119,0.3124840387109771,0.36564204434858993,86,20,5,8,0.9148936170212766,0.8,0.8574468085106384,0.8422233554309027,0.8907563025210085,0,6,5,1,0
knn_PE,knn,PE,29,studio_M1.wav,117.21248403871098,26.76564204434859,91,0.2673088440641378,1.3850077437446588,10.975609756097562,4.209308781302119,0.3124840387109771,0.36564204434858993,86,20,5,8,0.9148936170212766,0.8,0.8574468085106384,0.8422233554309027,0.8907563025210085,0,6,5,1,0
knn_PE,knn,PE,47,studio_M1.wav,117.21248403871098,26.76564204434859,91,0.2673088440641378,1.3850077437446588,10.975609756097562,4.209308781302119,0.3124840387109771,0.36564204434858993,86,20,5,8,0.9148936170212766,0.8,0.8574468085106384,0.8422233554309027,0.8907563025210085,0,6,5,1,0
rf_PE,rf,PE,11,studio_M1.wav,117.21248403871098,26.76564204434859,91,0.2673088440641378,1.3850077437446588,10.975609756097562,4.209308781302119,0.3124840387109771,0.36564204434858993,86,20,5,8,0.9148936170212766,0.8,0.8574468085106384,0.8422233554309027,0.8907563025210085,0,6,5,1,0
rf_PE,rf,PE,29,studio_M1.wav,117.21248403871098,26.76564204434859,91,0.2673088440641378,1.3850077437446588,10.975609756097562,4.209308781302119,0.3124840387109771,0.36564204434858993,86,20,5,8,0.9148936170212766,0.8,0.8574468085106384,0.8422233554309027,0.8907563025210085,0,6,5,1,0
rf_PE,rf,PE,47,studio_M1.wav,117.21248403871098,26.76564204434859,91,0.2673088440641378,1.3850077437446588,10.975609756097562,4.209308781302119,0.3124840387109771,0.36564204434858993,86,20,5,8,0.9148936170212766,0.8,0.8574468085106384,0.8422233554309027,0.8907563025210085,0,6,5,1,0
gmm_PE,gmm,PE,11,studio_M1.wav,116.9188967270982,25.857462356372963,85,0.016164864925744045,2.055066831920589,3.658536585365854,1.9099227607373956,0.018896727098194788,0.5425376436270355,81,21,4,13,0.8617021276595744,0.84,0.8508510638297873,0.8084461698702774,0.8571428571428571,0,0,0,0,0
gmm_PE,gmm,PE,29,studio_M1.wav,116.9188967270982,25.857462356372963,85,0.016164864925744045,2.055066831920589,3.658536585365854,1.9099227607373956,0.018896727098194788,0.5425376436270355,81,21,4,13,0.8617021276595744,0.84,0.8508510638297873,0.8084461698702774,0.8571428571428571,0,0,0,0,0
gmm_PE,gmm,PE,47,studio_M1.wav,116.9188967270982,25.857462356372963,85,0.016164864925744045,2.055066831920589,3.658536585365854,1.9099227607373956,0.018896727098194788,0.5425376436270355,81,21,4,13,0.8617021276595744,0.84,0.8508510638297873,0.8084461698702774,0.8571428571428571,0,0,0,0,0
logistic_Z,logistic,Z,11,studio_M1.wav,114.57349572891845,27.110288385922864,94,1.990166185698512,2.6904863103138843,14.634146341463415,6.438266279158604,2.3265042710815607,0.7102883859228655,86,18,7,8,0.9148936170212766,0.72,0.8174468085106383,0.8128342245989305,0.8739495798319328,1,9,5,3,1
logistic_Z,logistic,Z,29,studio_M1.wav,114.57349572891845,27.110288385922864,94,1.990166185698512,2.6904863103138843,14.634146341463415,6.438266279158604,2.3265042710815607,0.7102883859228655,86,18,7,8,0.9148936170212766,0.72,0.8174468085106383,0.8128342245989305,0.8739495798319328,1,9,5,3,1
logistic_Z,logistic,Z,47,studio_M1.wav,114.57349572891845,27.110288385922864,94,1.990166185698512,2.6904863103138843,14.634146341463415,6.438266279158604,2.3265042710815607,0.7102883859228655,86,18,7,8,0.9148936170212766,0.72,0.8174468085106383,0.8128342245989305,0.8739495798319328,1,9,5,3,1
svm_Z,svm,Z,11,studio_M1.wav,113.95710906370414,27.008978119171484,92,2.5174430592779022,2.306735299891991,12.195121951219512,5.673100103463135,2.9428909362958677,0.6089781191714856,84,18,7,10,0.8936170212765957,0.72,0.8068085106382978,0.793676695563488,0.8571428571428571,1,7,3,3,1
svm_Z,svm,Z,29,studio_M1.wav,113.95710906370414,27.008978119171484,92,2.5174430592779022,2.306735299891991,12.195121951219512,5.673100103463135,2.9428909362958677,0.6089781191714856,84,18,7,10,0.8936170212765957,0.72,0.8068085106382978,0.793676695563488,0.8571428571428571,1,7,3,3,1
svm_Z,svm,Z,47,studio_M1.wav,113.95710906370414,27.008978119171484,92,2.5174430592779022,2.306735299891991,12.195121951219512,5.673100103463135,2.9428909362958677,0.6089781191714856,84,18,7,10,0.8936170212765957,0.72,0.8068085106382978,0.793676695563488,0.8571428571428571,1,7,3,3,1
knn_Z,knn,Z,11,studio_M1.wav,117.68052989097293,34.902612172119724,92,0.6676902403532324,32.20686428833229,12.195121951219512,15.023225493301679,0.7805298909729288,8.502612172119726,84,19,6,10,0.8936170212765957,0.76,0.8268085106382979,0.8083735909822867,0.865546218487395,2,7,3,2,2
knn_Z,knn,Z,29,studio_M1.wav,117.68052989097293,34.902612172119724,92,0.6676902403532324,32.20686428833229,12.195121951219512,15.023225493301679,0.7805298909729288,8.502612172119726,84,19,6,10,0.8936170212765957,0.76,0.8268085106382979,0.8083735909822867,0.865546218487395,2,7,3,2,2
knn_Z,knn,Z,47,studio_M1.wav,117.68052989097293,34.902612172119724,92,0.6676902403532324,32.20686428833229,12.195121951219512,15.023225493301679,0.7805298909729288,8.502612172119726,84,19,6,10,0.8936170212765957,0.76,0.8268085106382979,0.8083735909822867,0.865546218487395,2,7,3,2,2
rf_Z,rf,Z,11,studio_M1.wav,114.85461806667047,27.012664641349097,92,1.7496851439944714,2.3206993990496168,12.195121951219512,5.421835498087867,2.045381933329537,0.6126646413490988,84,18,7,10,0.8936170212765957,0.72,0.8068085106382978,0.793676695563488,0.8571428571428571,1,7,3,3,1
rf_Z,rf,Z,29,studio_M1.wav,114.85461806667047,27.012664641349097,92,1.7496851439944714,2.3206993990496168,12.195121951219512,5.421835498087867,2.045381933329537,0.6126646413490988,84,18,7,10,0.8936170212765957,0.72,0.8068085106382978,0.793676695563488,0.8571428571428571,1,7,3,3,1
rf_Z,rf,Z,47,studio_M1.wav,114.85461806667047,27.012664641349097,92,1.7496851439944714,2.3206993990496168,12.195121951219512,5.421835498087867,2.045381933329537,0.6126646413490988,84,18,7,10,0.8936170212765957,0.72,0.8068085106382978,0.793676695563488,0.8571428571428571,1,7,3,3,1
gmm_Z,gmm,Z,11,studio_M1.wav,116.05530747218077,35.43814676189027,99,0.7225770126768467,34.23540440109953,20.73170731707317,18.563229576949848,0.8446925278192339,9.038146761890275,90,18,7,4,0.9574468085106383,0.72,0.8387234042553191,0.8541829118859308,0.907563025210084,2,14,9,3,2
gmm_Z,gmm,Z,29,studio_M1.wav,116.05530747218077,35.43814676189027,99,0.7225770126768467,34.23540440109953,20.73170731707317,18.563229576949848,0.8446925278192339,9.038146761890275,90,18,7,4,0.9574468085106383,0.72,0.8387234042553191,0.8541829118859308,0.907563025210084,2,14,9,3,2
gmm_Z,gmm,Z,47,studio_M1.wav,116.05530747218077,35.43814676189027,99,0.7225770126768467,34.23540440109953,20.73170731707317,18.563229576949848,0.8446925278192339,9.038146761890275,90,18,7,4,0.9574468085106383,0.72,0.8387234042553191,0.8541829118859308,0.907563025210084,2,14,9,3,2
logistic_PZ,logistic,PZ,11,studio_M1.wav,118.18522068819851,41.13903406652905,100,1.0994188949516739,55.829674494428225,21.951219512195124,26.293437633858343,1.2852206881985069,14.739034066529051,90,18,7,4,0.9574468085106383,0.72,0.8387234042553191,0.8541829118859308,0.907563025210084,3,15,9,3,3
logistic_PZ,logistic,PZ,29,studio_M1.wav,118.18522068819851,41.13903406652905,100,1.0994188949516739,55.829674494428225,21.951219512195124,26.293437633858343,1.2852206881985069,14.739034066529051,90,18,7,4,0.9574468085106383,0.72,0.8387234042553191,0.8541829118859308,0.907563025210084,3,15,9,3,3
logistic_PZ,logistic,PZ,47,studio_M1.wav,118.18522068819851,41.13903406652905,100,1.0994188949516739,55.829674494428225,21.951219512195124,26.293437633858343,1.2852206881985069,14.739034066529051,90,18,7,4,0.9574468085106383,0.72,0.8387234042553191,0.8541829118859308,0.907563025210084,3,15,9,3,3
svm_PZ,svm,PZ,11,studio_M1.wav,117.6908959101172,41.049720803818666,99,0.6765576647709154,55.491366681131325,20.73170731707317,25.633210554325135,0.7908959101172002,14.649720803818667,89,18,7,5,0.9468085106382979,0.72,0.833404255319149,0.843421052631579,0.8991596638655462,3,14,8,3,3
svm_PZ,svm,PZ,29,studio_M1.wav,117.6908959101172,41.049720803818666,99,0.6765576647709154,55.491366681131325,20.73170731707317,25.633210554325135,0.7908959101172002,14.649720803818667,89,18,7,5,0.9468085106382979,0.72,0.833404255319149,0.843421052631579,0.8991596638655462,3,14,8,3,3
svm_PZ,svm,PZ,47,studio_M1.wav,117.6908959101172,41.049720803818666,99,0.6765576647709154,55.491366681131325,20.73170731707317,25.633210554325135,0.7908959101172002,14.649720803818667,89,18,7,5,0.9468085106382979,0.72,0.833404255319149,0.843421052631579,0.8991596638655462,3,14,8,3,3
knn_PZ,knn,PZ,11,studio_M1.wav,117.16786724595894,35.363016973029566,97,0.22914221211200964,33.95082186753624,18.29268292682927,17.490882335492504,0.2678672459589393,8.963016973029568,88,18,7,6,0.9361702127659575,0.72,0.8280851063829787,0.8329554043839758,0.8907563025210085,2,12,7,3,2
knn_PZ,knn,PZ,29,studio_M1.wav,117.16786724595894,35.363016973029566,97,0.22914221211200964,33.95082186753624,18.29268292682927,17.490882335492504,0.2678672459589393,8.963016973029568,88,18,7,6,0.9361702127659575,0.72,0.8280851063829787,0.8329554043839758,0.8907563025210085,2,12,7,3,2
knn_PZ,knn,PZ,47,studio_M1.wav,117.16786724595894,35.363016973029566,97,0.22914221211200964,33.95082186753624,18.29268292682927,17.490882335492504,0.2678672459589393,8.963016973029568,88,18,7,6,0.9361702127659575,0.72,0.8280851063829787,0.8329554043839758,0.8907563025210085,2,12,7,3,2
rf_PZ,rf,PZ,11,studio_M1.wav,116.79657845842287,35.42238961807304,96,0.08847009544665033,34.17571825027668,17.073170731707318,17.112453025810215,0.10342154157713424,9.022389618073042,88,18,7,6,0.9361702127659575,0.72,0.8280851063829787,0.8329554043839758,0.8907563025210085,1,11,7,3,1
rf_PZ,rf,PZ,29,studio_M1.wav,116.82981356150326,35.33252398134755,99,0.06003972497583223,33.835318111164966,20.73170731707317,18.209021717737986,0.07018643849674788,8.93252398134755,90,18,7,4,0.9574468085106383,0.72,0.8387234042553191,0.8541829118859308,0.907563025210084,2,14,9,3,2
rf_PZ,rf,PZ,47,studio_M1.wav,116.26682271884576,35.22800002549865,95,0.5416401036392184,33.439394035979745,15.853658536585366,16.61156422540144,0.6331772811542464,8.828000025498653,87,18,7,7,0.925531914893617,0.72,0.8227659574468085,0.8227659574468085,0.8823529411764706,1,10,6,3,1
gmm_PZ,gmm,PZ,11,studio_M1.wav,116.38478235260798,26.174080456266793,86,0.4407336590179817,0.8557558474742627,4.878048780487805,2.0581794289933497,0.5152176473920207,0.22591954373320533,81,20,5,13,0.8617021276595744,0.8,0.8308510638297872,0.7948275862068965,0.8487394957983193,0,1,0,1,0
gmm_PZ,gmm,PZ,29,studio_M1.wav,116.38478235260798,26.174080456266793,86,0.4407336590179817,0.8557558474742627,4.878048780487805,2.0581794289933497,0.5152176473920207,0.22591954373320533,81,20,5,13,0.8617021276595744,0.8,0.8308510638297872,0.7948275862068965,0.8487394957983193,0,1,0,1,0
gmm_PZ,gmm,PZ,47,studio_M1.wav,116.38478235260798,26.174080456266793,86,0.4407336590179817,0.8557558474742627,4.878048780487805,2.0581794289933497,0.5152176473920207,0.22591954373320533,81,20,5,13,0.8617021276595744,0.8,0.8308510638297872,0.7948275862068965,0.8487394957983193,0,1,0,1,0
logistic_EZ,logistic,EZ,11,studio_M1.wav,117.21248403871098,26.76564204434859,91,0.2673088440641378,1.3850077437446588,10.975609756097562,4.209308781302119,0.3124840387109771,0.36564204434858993,86,20,5,8,0.9148936170212766,0.8,0.8574468085106384,0.8422233554309027,0.8907563025210085,0,6,5,1,0
logistic_EZ,logistic,EZ,29,studio_M1.wav,117.21248403871098,26.76564204434859,91,0.2673088440641378,1.3850077437446588,10.975609756097562,4.209308781302119,0.3124840387109771,0.36564204434858993,86,20,5,8,0.9148936170212766,0.8,0.8574468085106384,0.8422233554309027,0.8907563025210085,0,6,5,1,0
logistic_EZ,logistic,EZ,47,studio_M1.wav,117.21248403871098,26.76564204434859,91,0.2673088440641378,1.3850077437446588,10.975609756097562,4.209308781302119,0.3124840387109771,0.36564204434858993,86,20,5,8,0.9148936170212766,0.8,0.8574468085106384,0.8422233554309027,0.8907563025210085,0,6,5,1,0
svm_EZ,svm,EZ,11,studio_M1.wav,116.65791859782725,26.388883874983154,90,0.2070841763667733,0.042106534154713396,9.75609756097561,3.3350960904990323,0.24208140217275798,0.011116125016844336,85,20,5,9,0.9042553191489362,0.8,0.8521276595744681,0.8323268921095008,0.8823529411764706,0,5,4,1,0
svm_EZ,svm,EZ,29,studio_M1.wav,116.65791859782725,26.388883874983154,90,0.2070841763667733,0.042106534154713396,9.75609756097561,3.3350960904990323,0.24208140217275798,0.011116125016844336,85,20,5,9,0.9042553191489362,0.8,0.8521276595744681,0.8323268921095008,0.8823529411764706,0,5,4,1,0
svm_EZ,svm,EZ,47,studio_M1.wav,116.65791859782725,26.388883874983154,90,0.2070841763667733,0.042106534154713396,9.75609756097561,3.3350960904990323,0.24208140217275798,0.011116125016844336,85,20,5,9,0.9042553191489362,0.8,0.8521276595744681,0.8323268921095008,0.8823529411764706,0,5,4,1,0
knn_EZ,knn,EZ,11,studio_M1.wav,116.65791859782725,26.388883874983154,90,0.2070841763667733,0.042106534154713396,9.75609756097561,3.3350960904990323,0.24208140217275798,0.011116125016844336,85,20,5,9,0.9042553191489362,0.8,0.8521276595744681,0.8323268921095008,0.8823529411764706,0,5,4,1,0
knn_EZ,knn,EZ,29,studio_M1.wav,116.65791859782725,26.388883874983154,90,0.2070841763667733,0.042106534154713396,9.75609756097561,3.3350960904990323,0.24208140217275798,0.011116125016844336,85,20,5,9,0.9042553191489362,0.8,0.8521276595744681,0.8323268921095008,0.8823529411764706,0,5,4,1,0
knn_EZ,knn,EZ,47,studio_M1.wav,116.65791859782725,26.388883874983154,90,0.2070841763667733,0.042106534154713396,9.75609756097561,3.3350960904990323,0.24208140217275798,0.011116125016844336,85,20,5,9,0.9042553191489362,0.8,0.8521276595744681,0.8323268921095008,0.8823529411764706,0,5,4,1,0
rf_EZ,rf,EZ,11,studio_M1.wav,116.65791859782725,26.388883874983154,90,0.2070841763667733,0.042106534154713396,9.75609756097561,3.3350960904990323,0.24208140217275798,0.011116125016844336,85,20,5,9,0.9042553191489362,0.8,0.8521276595744681,0.8323268921095008,0.8823529411764706,0,5,4,1,0
rf_EZ,rf,EZ,29,studio_M1.wav,117.21248403871098,26.76564204434859,91,0.2673088440641378,1.3850077437446588,10.975609756097562,4.209308781302119,0.3124840387109771,0.36564204434858993,86,20,5,8,0.9148936170212766,0.8,0.8574468085106384,0.8422233554309027,0.8907563025210085,0,6,5,1,0
rf_EZ,rf,EZ,47,studio_M1.wav,116.65791859782725,26.388883874983154,90,0.2070841763667733,0.042106534154713396,9.75609756097561,3.3350960904990323,0.24208140217275798,0.011116125016844336,85,20,5,9,0.9042553191489362,0.8,0.8521276595744681,0.8323268921095008,0.8823529411764706,0,5,4,1,0
gmm_EZ,gmm,EZ,11,studio_M1.wav,116.57762386963478,26.301628059037384,88,0.275770855744421,0.37262098849475267,7.317073170731708,2.6551550049902937,0.32237613036522816,0.0983719409626147,83,20,5,11,0.8829787234042553,0.8,0.8414893617021277,0.8131868131868132,0.865546218487395,0,3,2,1,0
gmm_EZ,gmm,EZ,29,studio_M1.wav,116.57762386963478,26.301628059037384,88,0.275770855744421,0.37262098849475267,7.317073170731708,2.6551550049902937,0.32237613036522816,0.0983719409626147,83,20,5,11,0.8829787234042553,0.8,0.8414893617021277,0.8131868131868132,0.865546218487395,0,3,2,1,0
gmm_EZ,gmm,EZ,47,studio_M1.wav,116.57762386963478,26.301628059037384,88,0.275770855744421,0.37262098849475267,7.317073170731708,2.6551550049902937,0.32237613036522816,0.0983719409626147,83,20,5,11,0.8829787234042553,0.8,0.8414893617021277,0.8131868131868132,0.865546218487395,0,3,2,1,0
logistic_PEZ,logistic,PEZ,11,studio_M1.wav,117.21248403871098,26.76564204434859,91,0.2673088440641378,1.3850077437446588,10.975609756097562,4.209308781302119,0.3124840387109771,0.36564204434858993,86,20,5,8,0.9148936170212766,0.8,0.8574468085106384,0.8422233554309027,0.8907563025210085,0,6,5,1,0
logistic_PEZ,logistic,PEZ,29,studio_M1.wav,117.21248403871098,26.76564204434859,91,0.2673088440641378,1.3850077437446588,10.975609756097562,4.209308781302119,0.3124840387109771,0.36564204434858993,86,20,5,8,0.9148936170212766,0.8,0.8574468085106384,0.8422233554309027,0.8907563025210085,0,6,5,1,0
logistic_PEZ,logistic,PEZ,47,studio_M1.wav,117.21248403871098,26.76564204434859,91,0.2673088440641378,1.3850077437446588,10.975609756097562,4.209308781302119,0.3124840387109771,0.36564204434858993,86,20,5,8,0.9148936170212766,0.8,0.8574468085106384,0.8422233554309027,0.8907563025210085,0,6,5,1,0
svm_PEZ,svm,PEZ,11,studio_M1.wav,117.21248403871098,26.76564204434859,91,0.2673088440641378,1.3850077437446588,10.975609756097562,4.209308781302119,0.3124840387109771,0.36564204434858993,86,20,5,8,0.9148936170212766,0.8,0.8574468085106384,0.8422233554309027,0.8907563025210085,0,6,5,1,0
svm_PEZ,svm,PEZ,29,studio_M1.wav,117.21248403871098,26.76564204434859,91,0.2673088440641378,1.3850077437446588,10.975609756097562,4.209308781302119,0.3124840387109771,0.36564204434858993,86,20,5,8,0.9148936170212766,0.8,0.8574468085106384,0.8422233554309027,0.8907563025210085,0,6,5,1,0
svm_PEZ,svm,PEZ,47,studio_M1.wav,117.21248403871098,26.76564204434859,91,0.2673088440641378,1.3850077437446588,10.975609756097562,4.209308781302119,0.3124840387109771,0.36564204434858993,86,20,5,8,0.9148936170212766,0.8,0.8574468085106384,0.8422233554309027,0.8907563025210085,0,6,5,1,0
knn_PEZ,knn,PEZ,11,studio_M1.wav,116.65791859782725,26.388883874983154,90,0.2070841763667733,0.042106534154713396,9.75609756097561,3.3350960904990323,0.24208140217275798,0.011116125016844336,85,20,5,9,0.9042553191489362,0.8,0.8521276595744681,0.8323268921095008,0.8823529411764706,0,5,4,1,0
knn_PEZ,knn,PEZ,29,studio_M1.wav,116.65791859782725,26.388883874983154,90,0.2070841763667733,0.042106534154713396,9.75609756097561,3.3350960904990323,0.24208140217275798,0.011116125016844336,85,20,5,9,0.9042553191489362,0.8,0.8521276595744681,0.8323268921095008,0.8823529411764706,0,5,4,1,0
knn_PEZ,knn,PEZ,47,studio_M1.wav,116.65791859782725,26.388883874983154,90,0.2070841763667733,0.042106534154713396,9.75609756097561,3.3350960904990323,0.24208140217275798,0.011116125016844336,85,20,5,9,0.9042553191489362,0.8,0.8521276595744681,0.8323268921095008,0.8823529411764706,0,5,4,1,0
rf_PEZ,rf,PEZ,11,studio_M1.wav,117.21248403871098,26.76564204434859,91,0.2673088440641378,1.3850077437446588,10.975609756097562,4.209308781302119,0.3124840387109771,0.36564204434858993,86,20,5,8,0.9148936170212766,0.8,0.8574468085106384,0.8422233554309027,0.8907563025210085,0,6,5,1,0
rf_PEZ,rf,PEZ,29,studio_M1.wav,117.21248403871098,26.76564204434859,91,0.2673088440641378,1.3850077437446588,10.975609756097562,4.209308781302119,0.3124840387109771,0.36564204434858993,86,20,5,8,0.9148936170212766,0.8,0.8574468085106384,0.8422233554309027,0.8907563025210085,0,6,5,1,0
rf_PEZ,rf,PEZ,47,studio_M1.wav,117.21248403871098,26.76564204434859,91,0.2673088440641378,1.3850077437446588,10.975609756097562,4.209308781302119,0.3124840387109771,0.36564204434858993,86,20,5,8,0.9148936170212766,0.8,0.8574468085106384,0.8422233554309027,0.8907563025210085,0,6,5,1,0
gmm_PEZ,gmm,PEZ,11,studio_M1.wav,116.62486728550057,25.849223881341263,86,0.23535732634682197,2.0862731767376337,4.878048780487805,2.399893094524087,0.2751327144994349,0.5507761186587352,82,21,4,12,0.8723404255319149,0.84,0.8561702127659574,0.8176245210727969,0.865546218487395,0,1,1,0,0
gmm_PEZ,gmm,PEZ,29,studio_M1.wav,116.62486728550057,25.849223881341263,86,0.23535732634682197,2.0862731767376337,4.878048780487805,2.399893094524087,0.2751327144994349,0.5507761186587352,82,21,4,12,0.8723404255319149,0.84,0.8561702127659574,0.8176245210727969,0.865546218487395,0,1,1,0,0
gmm_PEZ,gmm,PEZ,47,studio_M1.wav,116.62486728550057,25.849223881341263,86,0.23535732634682197,2.0862731767376337,4.878048780487805,2.399893094524087,0.2751327144994349,0.5507761186587352,82,21,4,12,0.8723404255319149,0.84,0.8561702127659574,0.8176245210727969,0.865546218487395,0,1,1,0,0
logistic_S,logistic,S,11,studio_M1.wav,116.39430398840521,35.421470446910014,100,0.4325885471298486,34.17223654132582,21.951219512195124,18.852014866883597,0.505696011594793,9.021470446910016,91,18,7,3,0.9680851063829787,0.72,0.8440425531914894,0.8652626811594203,0.9159663865546218,2,15,10,3,2
logistic_S,logistic,S,29,studio_M1.wav,116.39430398840521,35.421470446910014,100,0.4325885471298486,34.17223654132582,21.951219512195124,18.852014866883597,0.505696011594793,9.021470446910016,91,18,7,3,0.9680851063829787,0.72,0.8440425531914894,0.8652626811594203,0.9159663865546218,2,15,10,3,2
logistic_S,logistic,S,47,studio_M1.wav,116.39430398840521,35.421470446910014,100,0.4325885471298486,34.17223654132582,21.951219512195124,18.852014866883597,0.505696011594793,9.021470446910016,91,18,7,3,0.9680851063829787,0.72,0.8440425531914894,0.8652626811594203,0.9159663865546218,2,15,10,3,2
svm_S,svm,S,11,studio_M1.wav,117.2716324310648,35.239192795426064,98,0.31790627122737064,33.4817908917654,19.51219512195122,17.770630761647997,0.37163243106479626,8.839192795426065,89,18,7,5,0.9468085106382979,0.72,0.833404255319149,0.843421052631579,0.8991596638655462,2,13,8,3,2
svm_S,svm,S,29,studio_M1.wav,117.2716324310648,35.239192795426064,98,0.31790627122737064,33.4817908917654,19.51219512195122,17.770630761647997,0.37163243106479626,8.839192795426065,89,18,7,5,0.9468085106382979,0.72,0.833404255319149,0.843421052631579,0.8991596638655462,2,13,8,3,2
svm_S,svm,S,47,studio_M1.wav,117.2716324310648,35.239192795426064,98,0.31790627122737064,33.4817908917654,19.51219512195122,17.770630761647997,0.37163243106479626,8.839192795426065,89,18,7,5,0.9468085106382979,0.72,0.833404255319149,0.843421052631579,0.8991596638655462,2,13,8,3,2
knn_S,knn,S,11,studio_M1.wav,117.9928635614305,35.2207761229528,96,0.9348704546026441,33.41203076876061,17.073170731707318,17.14002398502352,1.092863561430491,8.8207761229528,88,18,7,6,0.9361702127659575,0.72,0.8280851063829787,0.8329554043839758,0.8907563025210085,1,11,7,3,1
knn_S,knn,S,29,studio_M1.wav,117.9928635614305,35.2207761229528,96,0.9348704546026441,33.41203076876061,17.073170731707318,17.14002398502352,1.092863561430491,8.8207761229528,88,18,7,6,0.9361702127659575,0.72,0.8280851063829787,0.8329554043839758,0.8907563025210085,1,11,7,3,1
knn_S,knn,S,47,studio_M1.wav,117.9928635614305,35.2207761229528,96,0.9348704546026441,33.41203076876061,17.073170731707318,17.14002398502352,1.092863561430491,8.8207761229528,88,18,7,6,0.9361702127659575,0.72,0.8280851063829787,0.8329554043839758,0.8907563025210085,1,11,7,3,1
rf_S,rf,S,11,studio_M1.wav,117.53595477829536,35.32358815747338,97,0.5440160635546253,33.80147029345978,18.29268292682927,17.54605642794789,0.635954778295357,8.923588157473382,88,18,7,6,0.9361702127659575,0.72,0.8280851063829787,0.8329554043839758,0.8907563025210085,2,12,7,3,2
rf_S,rf,S,29,studio_M1.wav,117.53595477829536,35.32358815747338,97,0.5440160635546253,33.80147029345978,18.29268292682927,17.54605642794789,0.635954778295357,8.923588157473382,88,18,7,6,0.9361702127659575,0.72,0.8280851063829787,0.8329554043839758,0.8907563025210085,2,12,7,3,2
rf_S,rf,S,47,studio_M1.wav,117.53595477829536,35.32358815747338,97,0.5440160635546253,33.80147029345978,18.29268292682927,17.54605642794789,0.635954778295357,8.923588157473382,88,18,7,6,0.9361702127659575,0.72,0.8280851063829787,0.8329554043839758,0.8907563025210085,2,12,7,3,2
gmm_S,gmm,S,11,studio_M1.wav,117.13797337138354,35.05599007600817,94,0.20357003540079738,32.78784119700066,14.634146341463415,15.875185857954955,0.23797337138353214,8.655990076008173,85,18,7,9,0.9042553191489362,0.72,0.8121276595744681,0.803143093465674,0.865546218487395,2,9,4,3,2
gmm_S,gmm,S,29,studio_M1.wav,117.13797337138354,35.05599007600817,94,0.20357003540079738,32.78784119700066,14.634146341463415,15.875185857954955,0.23797337138353214,8.655990076008173,85,18,7,9,0.9042553191489362,0.72,0.8121276595744681,0.803143093465674,0.865546218487395,2,9,4,3,2
gmm_S,gmm,S,47,studio_M1.wav,117.13797337138354,35.05599007600817,94,0.20357003540079738,32.78784119700066,14.634146341463415,15.875185857954955,0.23797337138353214,8.655990076008173,85,18,7,9,0.9042553191489362,0.72,0.8121276595744681,0.803143093465674,0.865546218487395,2,9,4,3,2
logistic_PS,logistic,PS,11,studio_M1.wav,118.49977255360868,41.05554501696418,101,1.3684966241306016,55.513428094561306,23.170731707317074,26.68421880866966,1.5997725536086733,14.655545016964183,91,18,7,3,0.9680851063829787,0.72,0.8440425531914894,0.8652626811594203,0.9159663865546218,3,16,10,3,3
logistic_PS,logistic,PS,29,studio_M1.wav,118.49977255360868,41.05554501696418,101,1.3684966241306016,55.513428094561306,23.170731707317074,26.68421880866966,1.5997725536086733,14.655545016964183,91,18,7,3,0.9680851063829787,0.72,0.8440425531914894,0.8652626811594203,0.9159663865546218,3,16,10,3,3
logistic_PS,logistic,PS,47,studio_M1.wav,118.49977255360868,41.05554501696418,101,1.3684966241306016,55.513428094561306,23.170731707317074,26.68421880866966,1.5997725536086733,14.655545016964183,91,18,7,3,0.9680851063829787,0.72,0.8440425531914894,0.8652626811594203,0.9159663865546218,3,16,10,3,3
svm_PS,svm,PS,11,studio_M1.wav,118.49977255360868,41.05554501696418,101,1.3684966241306016,55.513428094561306,23.170731707317074,26.68421880866966,1.5997725536086733,14.655545016964183,91,18,7,3,0.9680851063829787,0.72,0.8440425531914894,0.8652626811594203,0.9159663865546218,3,16,10,3,3
svm_PS,svm,PS,29,studio_M1.wav,118.49977255360868,41.05554501696418,101,1.3684966241306016,55.513428094561306,23.170731707317074,26.68421880866966,1.5997725536086733,14.655545016964183,91,18,7,3,0.9680851063829787,0.72,0.8440425531914894,0.8652626811594203,0.9159663865546218,3,16,10,3,3
svm_PS,svm,PS,47,studio_M1.wav,118.49977255360868,41.05554501696418,101,1.3684966241306016,55.513428094561306,23.170731707317074,26.68421880866966,1.5997725536086733,14.655545016964183,91,18,7,3,0.9680851063829787,0.72,0.8440425531914894,0.8652626811594203,0.9159663865546218,3,16,10,3,3
knn_PS,knn,PS,11,studio_M1.wav,118.14006105616613,41.015863810598084,98,1.060787900911999,55.36312049468972,19.51219512195122,25.312034505850978,1.2400610561661267,14.615863810598086,89,18,7,5,0.9468085106382979,0.72,0.833404255319149,0.843421052631579,0.8991596638655462,2,13,8,3,2
knn_PS,knn,PS,29,studio_M1.wav,118.14006105616613,41.015863810598084,98,1.060787900911999,55.36312049468972,19.51219512195122,25.312034505850978,1.2400610561661267,14.615863810598086,89,18,7,5,0.9468085106382979,0.72,0.833404255319149,0.843421052631579,0.8991596638655462,2,13,8,3,2
knn_PS,knn,PS,47,studio_M1.wav,118.14006105616613,41.015863810598084,98,1.060787900911999,55.36312049468972,19.51219512195122,25.312034505850978,1.2400610561661267,14.615863810598086,89,18,7,5,0.9468085106382979,0.72,0.833404255319149,0.843421052631579,0.8991596638655462,2,13,8,3,2
rf_PS,rf,PS,11,studio_M1.wav,115.53420475538417,35.23909633759287,98,1.1683449483454567,33.481425521185116,19.51219512195122,18.05398853049393,1.365795244615839,8.83909633759287,89,18,7,5,0.9468085106382979,0.72,0.833404255319149,0.843421052631579,0.8991596638655462,2,13,8,3,2
rf_PS,rf,PS,29,studio_M1.wav,115.96576654051881,35.16168146547242,97,0.7991731903175292,33.188187369213715,18.29268292682927,17.426681162120172,0.9342334594811916,8.76168146547242,89,18,7,5,0.9468085106382979,0.72,0.833404255319149,0.843421052631579,0.8991596638655462,1,12,8,3,1
rf_PS,rf,PS,47,studio_M1.wav,115.96576654051881,35.16168146547242,97,0.7991731903175292,33.188187369213715,18.29268292682927,17.426681162120172,0.9342334594811916,8.76168146547242,89,18,7,5,0.9468085106382979,0.72,0.833404255319149,0.843421052631579,0.8991596638655462,1,12,8,3,1
gmm_PS,gmm,PS,11,studio_M1.wav,116.38478235260798,26.174080456266793,86,0.4407336590179817,0.8557558474742627,4.878048780487805,2.0581794289933497,0.5152176473920207,0.22591954373320533,81,20,5,13,0.8617021276595744,0.8,0.8308510638297872,0.7948275862068965,0.8487394957983193,0,1,0,1,0
gmm_PS,gmm,PS,29,studio_M1.wav,116.38478235260798,26.174080456266793,86,0.4407336590179817,0.8557558474742627,4.878048780487805,2.0581794289933497,0.5152176473920207,0.22591954373320533,81,20,5,13,0.8617021276595744,0.8,0.8308510638297872,0.7948275862068965,0.8487394957983193,0,1,0,1,0
gmm_PS,gmm,PS,47,studio_M1.wav,116.38478235260798,26.174080456266793,86,0.4407336590179817,0.8557558474742627,4.878048780487805,2.0581794289933497,0.5152176473920207,0.22591954373320533,81,20,5,13,0.8617021276595744,0.8,0.8308510638297872,0.7948275862068965,0.8487394957983193,0,1,0,1,0
logistic_ES,logistic,ES,11,studio_M1.wav,117.21248403871098,26.76564204434859,91,0.2673088440641378,1.3850077437446588,10.975609756097562,4.209308781302119,0.3124840387109771,0.36564204434858993,86,20,5,8,0.9148936170212766,0.8,0.8574468085106384,0.8422233554309027,0.8907563025210085,0,6,5,1,0
logistic_ES,logistic,ES,29,studio_M1.wav,117.21248403871098,26.76564204434859,91,0.2673088440641378,1.3850077437446588,10.975609756097562,4.209308781302119,0.3124840387109771,0.36564204434858993,86,20,5,8,0.9148936170212766,0.8,0.8574468085106384,0.8422233554309027,0.8907563025210085,0,6,5,1,0
logistic_ES,logistic,ES,47,studio_M1.wav,117.21248403871098,26.76564204434859,91,0.2673088440641378,1.3850077437446588,10.975609756097562,4.209308781302119,0.3124840387109771,0.36564204434858993,86,20,5,8,0.9148936170212766,0.8,0.8574468085106384,0.8422233554309027,0.8907563025210085,0,6,5,1,0
svm_ES,svm,ES,11,studio_M1.wav,117.21248403871098,26.76564204434859,91,0.2673088440641378,1.3850077437446588,10.975609756097562,4.209308781302119,0.3124840387109771,0.36564204434858993,86,20,5,8,0.9148936170212766,0.8,0.8574468085106384,0.8422233554309027,0.8907563025210085,0,6,5,1,0
svm_ES,svm,ES,29,studio_M1.wav,117.21248403871098,26.76564204434859,91,0.2673088440641378,1.3850077437446588,10.975609756097562,4.209308781302119,0.3124840387109771,0.36564204434858993,86,20,5,8,0.9148936170212766,0.8,0.8574468085106384,0.8422233554309027,0.8907563025210085,0,6,5,1,0
svm_ES,svm,ES,47,studio_M1.wav,117.21248403871098,26.76564204434859,91,0.2673088440641378,1.3850077437446588,10.975609756097562,4.209308781302119,0.3124840387109771,0.36564204434858993,86,20,5,8,0.9148936170212766,0.8,0.8574468085106384,0.8422233554309027,0.8907563025210085,0,6,5,1,0
knn_ES,knn,ES,11,studio_M1.wav,117.3520476892498,26.653051252702923,92,0.3866960558167625,0.9585274723595626,12.195121951219512,4.513448493131945,0.4520476892497953,0.2530512527029245,87,20,5,7,0.925531914893617,0.8,0.8627659574468085,0.8523573200992556,0.8991596638655462,0,7,6,1,0
knn_ES,knn,ES,29,studio_M1.wav,117.3520476892498,26.653051252702923,92,0.3866960558167625,0.9585274723595626,12.195121951219512,4.513448493131945,0.4520476892497953,0.2530512527029245,87,20,5,7,0.925531914893617,0.8,0.8627659574468085,0.8523573200992556,0.8991596638655462,0,7,6,1,0
knn_ES,knn,ES,47,studio_M1.wav,117.3520476892498,26.653051252702923,92,0.3866960558167625,0.9585274723595626,12.195121951219512,4.513448493131945,0.4520476892497953,0.2530512527029245,87,20,5,7,0.925531914893617,0.8,0.8627659574468085,0.8523573200992556,0.8991596638655462,0,7,6,1,0
rf_ES,rf,ES,11,studio_M1.wav,117.21248403871098,26.76564204434859,91,0.2673088440641378,1.3850077437446588,10.975609756097562,4.209308781302119,0.3124840387109771,0.36564204434858993,86,20,5,8,0.9148936170212766,0.8,0.8574468085106384,0.8422233554309027,0.8907563025210085,0,6,5,1,0
rf_ES,rf,ES,29,studio_M1.wav,117.21248403871098,26.76564204434859,91,0.2673088440641378,1.3850077437446588,10.975609756097562,4.209308781302119,0.3124840387109771,0.36564204434858993,86,20,5,8,0.9148936170212766,0.8,0.8574468085106384,0.8422233554309027,0.8907563025210085,0,6,5,1,0
rf_ES,rf,ES,47,studio_M1.wav,117.21248403871098,26.76564204434859,91,0.2673088440641378,1.3850077437446588,10.975609756097562,4.209308781302119,0.3124840387109771,0.36564204434858993,86,20,5,8,0.9148936170212766,0.8,0.8574468085106384,0.8422233554309027,0.8907563025210085,0,6,5,1,0
gmm_ES,gmm,ES,11,studio_M1.wav,116.93910459612081,26.402304996905016,89,0.03345132260120432,0.00873104888264292,8.536585365853659,2.8595892457791687,0.039104596120807855,0.002304996905017731,84,20,5,10,0.8936170212765957,0.8,0.8468085106382979,0.8226527570789866,0.8739495798319328,0,4,3,1,0
gmm_ES,gmm,ES,29,studio_M1.wav,116.93910459612081,26.402304996905016,89,0.03345132260120432,0.00873104888264292,8.536585365853659,2.8595892457791687,0.039104596120807855,0.002304996905017731,84,20,5,10,0.8936170212765957,0.8,0.8468085106382979,0.8226527570789866,0.8739495798319328,0,4,3,1,0
gmm_ES,gmm,ES,47,studio_M1.wav,116.93910459612081,26.402304996905016,89,0.03345132260120432,0.00873104888264292,8.536585365853659,2.8595892457791687,0.039104596120807855,0.002304996905017731,84,20,5,10,0.8936170212765957,0.8,0.8468085106382979,0.8226527570789866,0.8739495798319328,0,4,3,1,0
logistic_PES,logistic,PES,11,studio_M1.wav,117.21248403871098,26.76564204434859,91,0.2673088440641378,1.3850077437446588,10.975609756097562,4.209308781302119,0.3124840387109771,0.36564204434858993,86,20,5,8,0.9148936170212766,0.8,0.8574468085106384,0.8422233554309027,0.8907563025210085,0,6,5,1,0
logistic_PES,logistic,PES,29,studio_M1.wav,117.21248403871098,26.76564204434859,91,0.2673088440641378,1.3850077437446588,10.975609756097562,4.209308781302119,0.3124840387109771,0.36564204434858993,86,20,5,8,0.9148936170212766,0.8,0.8574468085106384,0.8422233554309027,0.8907563025210085,0,6,5,1,0
logistic_PES,logistic,PES,47,studio_M1.wav,117.21248403871098,26.76564204434859,91,0.2673088440641378,1.3850077437446588,10.975609756097562,4.209308781302119,0.3124840387109771,0.36564204434858993,86,20,5,8,0.9148936170212766,0.8,0.8574468085106384,0.8422233554309027,0.8907563025210085,0,6,5,1,0
svm_PES,svm,PES,11,studio_M1.wav,117.21248403871098,26.76564204434859,91,0.2673088440641378,1.3850077437446588,10.975609756097562,4.209308781302119,0.3124840387109771,0.36564204434858993,86,20,5,8,0.9148936170212766,0.8,0.8574468085106384,0.8422233554309027,0.8907563025210085,0,6,5,1,0
svm_PES,svm,PES,29,studio_M1.wav,117.21248403871098,26.76564204434859,91,0.2673088440641378,1.3850077437446588,10.975609756097562,4.209308781302119,0.3124840387109771,0.36564204434858993,86,20,5,8,0.9148936170212766,0.8,0.8574468085106384,0.8422233554309027,0.8907563025210085,0,6,5,1,0
svm_PES,svm,PES,47,studio_M1.wav,117.21248403871098,26.76564204434859,91,0.2673088440641378,1.3850077437446588,10.975609756097562,4.209308781302119,0.3124840387109771,0.36564204434858993,86,20,5,8,0.9148936170212766,0.8,0.8574468085106384,0.8422233554309027,0.8907563025210085,0,6,5,1,0
knn_PES,knn,PES,11,studio_M1.wav,116.73125903580896,27.012704321264273,92,0.14434641932510256,2.320849701758616,12.195121951219512,4.886772690767743,0.1687409641910449,0.6127043212642747,87,20,5,7,0.925531914893617,0.8,0.8627659574468085,0.8523573200992556,0.8991596638655462,0,7,6,1,0
knn_PES,knn,PES,29,studio_M1.wav,116.73125903580896,27.012704321264273,92,0.14434641932510256,2.320849701758616,12.195121951219512,4.886772690767743,0.1687409641910449,0.6127043212642747,87,20,5,7,0.925531914893617,0.8,0.8627659574468085,0.8523573200992556,0.8991596638655462,0,7,6,1,0
knn_PES,knn,PES,47,studio_M1.wav,116.73125903580896,27.012704321264273,92,0.14434641932510256,2.320849701758616,12.195121951219512,4.886772690767743,0.1687409641910449,0.6127043212642747,87,20,5,7,0.925531914893617,0.8,0.8627659574468085,0.8523573200992556,0.8991596638655462,0,7,6,1,0
rf_PES,rf,PES,11,studio_M1.wav,117.21248403871098,26.76564204434859,91,0.2673088440641378,1.3850077437446588,10.975609756097562,4.209308781302119,0.3124840387109771,0.36564204434858993,86,20,5,8,0.9148936170212766,0.8,0.8574468085106384,0.8422233554309027,0.8907563025210085,0,6,5,1,0
rf_PES,rf,PES,29,studio_M1.wav,116.71001204395262,27.04788623051722,92,0.16252177591735598,2.4541145095349353,12.195121951219512,4.9372527455572675,0.18998795604738916,0.6478862305172228,86,19,6,8,0.9148936170212766,0.76,0.8374468085106384,0.8277502067824648,0.8823529411764706,0,7,5,2,0
rf_PES,rf,PES,47,studio_M1.wav,117.21248403871098,26.76564204434859,91,0.2673088440641378,1.3850077437446588,10.975609756097562,4.209308781302119,0.3124840387109771,0.36564204434858993,86,20,5,8,0.9148936170212766,0.8,0.8574468085106384,0.8422233554309027,0.8907563025210085,0,6,5,1,0
gmm_PES,gmm,PES,11,studio_M1.wav,116.62486728550057,25.849223881341263,86,0.23535732634682197,2.0862731767376337,4.878048780487805,2.399893094524087,0.2751327144994349,0.5507761186587352,82,21,4,12,0.8723404255319149,0.84,0.8561702127659574,0.8176245210727969,0.865546218487395,0,1,1,0,0
gmm_PES,gmm,PES,29,studio_M1.wav,116.62486728550057,25.849223881341263,86,0.23535732634682197,2.0862731767376337,4.878048780487805,2.399893094524087,0.2751327144994349,0.5507761186587352,82,21,4,12,0.8723404255319149,0.84,0.8561702127659574,0.8176245210727969,0.865546218487395,0,1,1,0,0
gmm_PES,gmm,PES,47,studio_M1.wav,116.62486728550057,25.849223881341263,86,0.23535732634682197,2.0862731767376337,4.878048780487805,2.399893094524087,0.2751327144994349,0.5507761186587352,82,21,4,12,0.8723404255319149,0.84,0.8561702127659574,0.8176245210727969,0.865546218487395,0,1,1,0,0
logistic_ZS,logistic,ZS,11,studio_M1.wav,116.93469091906933,35.26296752899963,97,0.029675722043900468,33.57184670075619,18.29268292682927,17.298068449876453,0.03469091906931965,8.862967528999633,88,18,7,6,0.9361702127659575,0.72,0.8280851063829787,0.8329554043839758,0.8907563025210085,2,12,7,3,2
logistic_ZS,logistic,ZS,29,studio_M1.wav,116.93469091906933,35.26296752899963,97,0.029675722043900468,33.57184670075619,18.29268292682927,17.298068449876453,0.03469091906931965,8.862967528999633,88,18,7,6,0.9361702127659575,0.72,0.8280851063829787,0.8329554043839758,0.8907563025210085,2,12,7,3,2
logistic_ZS,logistic,ZS,47,studio_M1.wav,116.93469091906933,35.26296752899963,97,0.029675722043900468,33.57184670075619,18.29268292682927,17.298068449876453,0.03469091906931965,8.862967528999633,88,18,7,6,0.9361702127659575,0.72,0.8280851063829787,0.8329554043839758,0.8907563025210085,2,12,7,3,2
svm_ZS,svm,ZS,11,studio_M1.wav,116.86949328062899,34.96801511497528,95,0.026096423756217856,32.454602708239705,15.853658536585366,16.11145255619376,0.030506719371018676,8.568015114975282,86,18,7,8,0.9148936170212766,0.72,0.8174468085106383,0.8128342245989305,0.8739495798319328,2,10,5,3,2
svm_ZS,svm,ZS,29,studio_M1.wav,116.86949328062899,34.96801511497528,95,0.026096423756217856,32.454602708239705,15.853658536585366,16.11145255619376,0.030506719371018676,8.568015114975282,86,18,7,8,0.9148936170212766,0.72,0.8174468085106383,0.8128342245989305,0.8739495798319328,2,10,5,3,2
svm_ZS,svm,ZS,47,studio_M1.wav,116.86949328062899,34.96801511497528,95,0.026096423756217856,32.454602708239705,15.853658536585366,16.11145255619376,0.030506719371018676,8.568015114975282,86,18,7,8,0.9148936170212766,0.72,0.8174468085106383,0.8128342245989305,0.8739495798319328,2,10,5,3,2
knn_ZS,knn,ZS,11,studio_M1.wav,116.93469091906933,35.26296752899963,97,0.029675722043900468,33.57184670075619,18.29268292682927,17.298068449876453,0.03469091906931965,8.862967528999633,88,18,7,6,0.9361702127659575,0.72,0.8280851063829787,0.8329554043839758,0.8907563025210085,2,12,7,3,2
knn_ZS,knn,ZS,29,studio_M1.wav,116.93469091906933,35.26296752899963,97,0.029675722043900468,33.57184670075619,18.29268292682927,17.298068449876453,0.03469091906931965,8.862967528999633,88,18,7,6,0.9361702127659575,0.72,0.8280851063829787,0.8329554043839758,0.8907563025210085,2,12,7,3,2
knn_ZS,knn,ZS,47,studio_M1.wav,116.93469091906933,35.26296752899963,97,0.029675722043900468,33.57184670075619,18.29268292682927,17.298068449876453,0.03469091906931965,8.862967528999633,88,18,7,6,0.9361702127659575,0.72,0.8280851063829787,0.8329554043839758,0.8907563025210085,2,12,7,3,2
rf_ZS,rf,ZS,11,studio_M1.wav,117.2716324310648,35.239192795426064,98,0.31790627122737064,33.4817908917654,19.51219512195122,17.770630761647997,0.37163243106479626,8.839192795426065,89,18,7,5,0.9468085106382979,0.72,0.833404255319149,0.843421052631579,0.8991596638655462,2,13,8,3,2
rf_ZS,rf,ZS,29,studio_M1.wav,117.2716324310648,35.239192795426064,98,0.31790627122737064,33.4817908917654,19.51219512195122,17.770630761647997,0.37163243106479626,8.839192795426065,89,18,7,5,0.9468085106382979,0.72,0.833404255319149,0.843421052631579,0.8991596638655462,2,13,8,3,2
rf_ZS,rf,ZS,47,studio_M1.wav,117.2716324310648,35.239192795426064,98,0.31790627122737064,33.4817908917654,19.51219512195122,17.770630761647997,0.37163243106479626,8.839192795426065,89,18,7,5,0.9468085106382979,0.72,0.833404255319149,0.843421052631579,0.8991596638655462,2,13,8,3,2
gmm_ZS,gmm,ZS,11,studio_M1.wav,114.13017606181788,26.914616409921084,93,2.369396012131846,1.9493045830344156,13.414634146341463,5.911111580502575,2.769823938182128,0.5146164099210857,85,18,7,9,0.9042553191489362,0.72,0.8121276595744681,0.803143093465674,0.865546218487395,1,8,4,3,1
gmm_ZS,gmm,ZS,29,studio_M1.wav,114.13017606181788,26.914616409921084,93,2.369396012131846,1.9493045830344156,13.414634146341463,5.911111580502575,2.769823938182128,0.5146164099210857,85,18,7,9,0.9042553191489362,0.72,0.8121276595744681,0.803143093465674,0.865546218487395,1,8,4,3,1
gmm_ZS,gmm,ZS,47,studio_M1.wav,114.13017606181788,26.914616409921084,93,2.369396012131846,1.9493045830344156,13.414634146341463,5.911111580502575,2.769823938182128,0.5146164099210857,85,18,7,9,0.9042553191489362,0.72,0.8121276595744681,0.803143093465674,0.865546218487395,1,8,4,3,1
logistic_PZS,logistic,PZS,11,studio_M1.wav,118.49977255360868,41.05554501696418,101,1.3684966241306016,55.513428094561306,23.170731707317074,26.68421880866966,1.5997725536086733,14.655545016964183,91,18,7,3,0.9680851063829787,0.72,0.8440425531914894,0.8652626811594203,0.9159663865546218,3,16,10,3,3
logistic_PZS,logistic,PZS,29,studio_M1.wav,118.49977255360868,41.05554501696418,101,1.3684966241306016,55.513428094561306,23.170731707317074,26.68421880866966,1.5997725536086733,14.655545016964183,91,18,7,3,0.9680851063829787,0.72,0.8440425531914894,0.8652626811594203,0.9159663865546218,3,16,10,3,3
logistic_PZS,logistic,PZS,47,studio_M1.wav,118.49977255360868,41.05554501696418,101,1.3684966241306016,55.513428094561306,23.170731707317074,26.68421880866966,1.5997725536086733,14.655545016964183,91,18,7,3,0.9680851063829787,0.72,0.8440425531914894,0.8652626811594203,0.9159663865546218,3,16,10,3,3
svm_PZS,svm,PZS,11,studio_M1.wav,118.01353654196225,40.969920466668825,100,0.9525547835434109,55.18909267677586,21.951219512195124,26.0309556575048,1.1135365419622474,14.569920466668826,90,18,7,4,0.9574468085106383,0.72,0.8387234042553191,0.8541829118859308,0.907563025210084,3,15,9,3,3
svm_PZS,svm,PZS,29,studio_M1.wav,118.01353654196225,40.969920466668825,100,0.9525547835434109,55.18909267677586,21.951219512195124,26.0309556575048,1.1135365419622474,14.569920466668826,90,18,7,4,0.9574468085106383,0.72,0.8387234042553191,0.8541829118859308,0.907563025210084,3,15,9,3,3
svm_PZS,svm,PZS,47,studio_M1.wav,118.01353654196225,40.969920466668825,100,0.9525547835434109,55.18909267677586,21.951219512195124,26.0309556575048,1.1135365419622474,14.569920466668826,90,18,7,4,0.9574468085106383,0.72,0.8387234042553191,0.8541829118859308,0.907563025210084,3,15,9,3,3
knn_PZS,knn,PZS,11,studio_M1.wav,118.5422666142055,40.921226323023554,97,1.404847403084257,55.00464516296801,18.29268292682927,24.900725164293846,1.6422666142054965,14.521226323023555,88,18,7,6,0.9361702127659575,0.72,0.8280851063829787,0.8329554043839758,0.8907563025210085,2,12,7,3,2
knn_PZS,knn,PZS,29,studio_M1.wav,118.5422666142055,40.921226323023554,97,1.404847403084257,55.00464516296801,18.29268292682927,24.900725164293846,1.6422666142054965,14.521226323023555,88,18,7,6,0.9361702127659575,0.72,0.8280851063829787,0.8329554043839758,0.8907563025210085,2,12,7,3,2
knn_PZS,knn,PZS,47,studio_M1.wav,118.5422666142055,40.921226323023554,97,1.404847403084257,55.00464516296801,18.29268292682927,24.900725164293846,1.6422666142054965,14.521226323023555,88,18,7,6,0.9361702127659575,0.72,0.8280851063829787,0.8329554043839758,0.8907563025210085,2,12,7,3,2
rf_PZS,rf,PZS,11,studio_M1.wav,119.40934808146925,40.961306370599665,99,2.1465766308547827,55.156463524998735,20.73170731707317,26.01158249097556,2.5093480814692413,14.561306370599667,90,18,7,4,0.9574468085106383,0.72,0.8387234042553191,0.8541829118859308,0.907563025210084,2,14,9,3,2
rf_PZS,rf,PZS,29,studio_M1.wav,118.49977255360868,41.05554501696418,101,1.3684966241306016,55.513428094561306,23.170731707317074,26.68421880866966,1.5997725536086733,14.655545016964183,91,18,7,3,0.9680851063829787,0.72,0.8440425531914894,0.8652626811594203,0.9159663865546218,3,16,10,3,3
rf_PZS,rf,PZS,47,studio_M1.wav,119.40934808146925,40.961306370599665,99,2.1465766308547827,55.156463524998735,20.73170731707317,26.01158249097556,2.5093480814692413,14.561306370599667,90,18,7,4,0.9574468085106383,0.72,0.8387234042553191,0.8541829118859308,0.907563025210084,2,14,9,3,2
gmm_PZS,gmm,PZS,11,studio_M1.wav,113.95710906370414,27.008978119171484,92,2.5174430592779022,2.306735299891991,12.195121951219512,5.673100103463135,2.9428909362958677,0.6089781191714856,84,18,7,10,0.8936170212765957,0.72,0.8068085106382978,0.793676695563488,0.8571428571428571,1,7,3,3,1
gmm_PZS,gmm,PZS,29,studio_M1.wav,113.95710906370414,27.008978119171484,92,2.5174430592779022,2.306735299891991,12.195121951219512,5.673100103463135,2.9428909362958677,0.6089781191714856,84,18,7,10,0.8936170212765957,0.72,0.8068085106382978,0.793676695563488,0.8571428571428571,1,7,3,3,1
gmm_PZS,gmm,PZS,47,studio_M1.wav,113.95710906370414,27.008978119171484,92,2.5174430592779022,2.306735299891991,12.195121951219512,5.673100103463135,2.9428909362958677,0.6089781191714856,84,18,7,10,0.8936170212765957,0.72,0.8068085106382978,0.793676695563488,0.8571428571428571,1,7,3,3,1
logistic_EZS,logistic,EZS,11,studio_M1.wav,117.21248403871098,26.76564204434859,91,0.2673088440641378,1.3850077437446588,10.975609756097562,4.209308781302119,0.3124840387109771,0.36564204434858993,86,20,5,8,0.9148936170212766,0.8,0.8574468085106384,0.8422233554309027,0.8907563025210085,0,6,5,1,0
logistic_EZS,logistic,EZS,29,studio_M1.wav,117.21248403871098,26.76564204434859,91,0.2673088440641378,1.3850077437446588,10.975609756097562,4.209308781302119,0.3124840387109771,0.36564204434858993,86,20,5,8,0.9148936170212766,0.8,0.8574468085106384,0.8422233554309027,0.8907563025210085,0,6,5,1,0
logistic_EZS,logistic,EZS,47,studio_M1.wav,117.21248403871098,26.76564204434859,91,0.2673088440641378,1.3850077437446588,10.975609756097562,4.209308781302119,0.3124840387109771,0.36564204434858993,86,20,5,8,0.9148936170212766,0.8,0.8574468085106384,0.8422233554309027,0.8907563025210085,0,6,5,1,0
svm_EZS,svm,EZS,11,studio_M1.wav,116.65791859782725,26.388883874983154,90,0.2070841763667733,0.042106534154713396,9.75609756097561,3.3350960904990323,0.24208140217275798,0.011116125016844336,85,20,5,9,0.9042553191489362,0.8,0.8521276595744681,0.8323268921095008,0.8823529411764706,0,5,4,1,0
svm_EZS,svm,EZS,29,studio_M1.wav,116.65791859782725,26.388883874983154,90,0.2070841763667733,0.042106534154713396,9.75609756097561,3.3350960904990323,0.24208140217275798,0.011116125016844336,85,20,5,9,0.9042553191489362,0.8,0.8521276595744681,0.8323268921095008,0.8823529411764706,0,5,4,1,0
svm_EZS,svm,EZS,47,studio_M1.wav,116.65791859782725,26.388883874983154,90,0.2070841763667733,0.042106534154713396,9.75609756097561,3.3350960904990323,0.24208140217275798,0.011116125016844336,85,20,5,9,0.9042553191489362,0.8,0.8521276595744681,0.8323268921095008,0.8823529411764706,0,5,4,1,0
knn_EZS,knn,EZS,11,studio_M1.wav,117.21248403871098,26.76564204434859,91,0.2673088440641378,1.3850077437446588,10.975609756097562,4.209308781302119,0.3124840387109771,0.36564204434858993,86,20,5,8,0.9148936170212766,0.8,0.8574468085106384,0.8422233554309027,0.8907563025210085,0,6,5,1,0
knn_EZS,knn,EZS,29,studio_M1.wav,117.21248403871098,26.76564204434859,91,0.2673088440641378,1.3850077437446588,10.975609756097562,4.209308781302119,0.3124840387109771,0.36564204434858993,86,20,5,8,0.9148936170212766,0.8,0.8574468085106384,0.8422233554309027,0.8907563025210085,0,6,5,1,0
knn_EZS,knn,EZS,47,studio_M1.wav,117.21248403871098,26.76564204434859,91,0.2673088440641378,1.3850077437446588,10.975609756097562,4.209308781302119,0.3124840387109771,0.36564204434858993,86,20,5,8,0.9148936170212766,0.8,0.8574468085106384,0.8422233554309027,0.8907563025210085,0,6,5,1,0
rf_EZS,rf,EZS,11,studio_M1.wav,117.21248403871098,26.76564204434859,91,0.2673088440641378,1.3850077437446588,10.975609756097562,4.209308781302119,0.3124840387109771,0.36564204434858993,86,20,5,8,0.9148936170212766,0.8,0.8574468085106384,0.8422233554309027,0.8907563025210085,0,6,5,1,0
rf_EZS,rf,EZS,29,studio_M1.wav,117.21248403871098,26.76564204434859,91,0.2673088440641378,1.3850077437446588,10.975609756097562,4.209308781302119,0.3124840387109771,0.36564204434858993,86,20,5,8,0.9148936170212766,0.8,0.8574468085106384,0.8422233554309027,0.8907563025210085,0,6,5,1,0
rf_EZS,rf,EZS,47,studio_M1.wav,117.21248403871098,26.76564204434859,91,0.2673088440641378,1.3850077437446588,10.975609756097562,4.209308781302119,0.3124840387109771,0.36564204434858993,86,20,5,8,0.9148936170212766,0.8,0.8574468085106384,0.8422233554309027,0.8907563025210085,0,6,5,1,0
gmm_EZS,gmm,EZS,11,studio_M1.wav,115.83472147659722,26.10576916723421,88,0.9112733305413017,1.114510730173438,7.317073170731708,3.1142857438154827,1.0652785234027817,0.29423083276578765,83,20,5,11,0.8829787234042553,0.8,0.8414893617021277,0.8131868131868132,0.865546218487395,0,3,2,1,0
gmm_EZS,gmm,EZS,29,studio_M1.wav,115.83472147659722,26.10576916723421,88,0.9112733305413017,1.114510730173438,7.317073170731708,3.1142857438154827,1.0652785234027817,0.29423083276578765,83,20,5,11,0.8829787234042553,0.8,0.8414893617021277,0.8131868131868132,0.865546218487395,0,3,2,1,0
gmm_EZS,gmm,EZS,47,studio_M1.wav,115.83472147659722,26.10576916723421,88,0.9112733305413017,1.114510730173438,7.317073170731708,3.1142857438154827,1.0652785234027817,0.29423083276578765,83,20,5,11,0.8829787234042553,0.8,0.8414893617021277,0.8131868131868132,0.865546218487395,0,3,2,1,0
logistic_PEZS,logistic,PEZS,11,studio_M1.wav,117.21248403871098,26.76564204434859,91,0.2673088440641378,1.3850077437446588,10.975609756097562,4.209308781302119,0.3124840387109771,0.36564204434858993,86,20,5,8,0.9148936170212766,0.8,0.8574468085106384,0.8422233554309027,0.8907563025210085,0,6,5,1,0
logistic_PEZS,logistic,PEZS,29,studio_M1.wav,117.21248403871098,26.76564204434859,91,0.2673088440641378,1.3850077437446588,10.975609756097562,4.209308781302119,0.3124840387109771,0.36564204434858993,86,20,5,8,0.9148936170212766,0.8,0.8574468085106384,0.8422233554309027,0.8907563025210085,0,6,5,1,0
logistic_PEZS,logistic,PEZS,47,studio_M1.wav,117.21248403871098,26.76564204434859,91,0.2673088440641378,1.3850077437446588,10.975609756097562,4.209308781302119,0.3124840387109771,0.36564204434858993,86,20,5,8,0.9148936170212766,0.8,0.8574468085106384,0.8422233554309027,0.8907563025210085,0,6,5,1,0
svm_PEZS,svm,PEZS,11,studio_M1.wav,117.21248403871098,26.76564204434859,91,0.2673088440641378,1.3850077437446588,10.975609756097562,4.209308781302119,0.3124840387109771,0.36564204434858993,86,20,5,8,0.9148936170212766,0.8,0.8574468085106384,0.8422233554309027,0.8907563025210085,0,6,5,1,0
svm_PEZS,svm,PEZS,29,studio_M1.wav,117.21248403871098,26.76564204434859,91,0.2673088440641378,1.3850077437446588,10.975609756097562,4.209308781302119,0.3124840387109771,0.36564204434858993,86,20,5,8,0.9148936170212766,0.8,0.8574468085106384,0.8422233554309027,0.8907563025210085,0,6,5,1,0
svm_PEZS,svm,PEZS,47,studio_M1.wav,117.21248403871098,26.76564204434859,91,0.2673088440641378,1.3850077437446588,10.975609756097562,4.209308781302119,0.3124840387109771,0.36564204434858993,86,20,5,8,0.9148936170212766,0.8,0.8574468085106384,0.8422233554309027,0.8907563025210085,0,6,5,1,0
knn_PEZS,knn,PEZS,11,studio_M1.wav,116.65791859782725,26.388883874983154,90,0.2070841763667733,0.042106534154713396,9.75609756097561,3.3350960904990323,0.24208140217275798,0.011116125016844336,85,20,5,9,0.9042553191489362,0.8,0.8521276595744681,0.8323268921095008,0.8823529411764706,0,5,4,1,0
knn_PEZS,knn,PEZS,29,studio_M1.wav,116.65791859782725,26.388883874983154,90,0.2070841763667733,0.042106534154713396,9.75609756097561,3.3350960904990323,0.24208140217275798,0.011116125016844336,85,20,5,9,0.9042553191489362,0.8,0.8521276595744681,0.8323268921095008,0.8823529411764706,0,5,4,1,0
knn_PEZS,knn,PEZS,47,studio_M1.wav,116.65791859782725,26.388883874983154,90,0.2070841763667733,0.042106534154713396,9.75609756097561,3.3350960904990323,0.24208140217275798,0.011116125016844336,85,20,5,9,0.9042553191489362,0.8,0.8521276595744681,0.8323268921095008,0.8823529411764706,0,5,4,1,0
rf_PEZS,rf,PEZS,11,studio_M1.wav,117.21248403871098,26.76564204434859,91,0.2673088440641378,1.3850077437446588,10.975609756097562,4.209308781302119,0.3124840387109771,0.36564204434858993,86,20,5,8,0.9148936170212766,0.8,0.8574468085106384,0.8422233554309027,0.8907563025210085,0,6,5,1,0
rf_PEZS,rf,PEZS,29,studio_M1.wav,117.21248403871098,26.76564204434859,91,0.2673088440641378,1.3850077437446588,10.975609756097562,4.209308781302119,0.3124840387109771,0.36564204434858993,86,20,5,8,0.9148936170212766,0.8,0.8574468085106384,0.8422233554309027,0.8907563025210085,0,6,5,1,0
rf_PEZS,rf,PEZS,47,studio_M1.wav,117.21248403871098,26.76564204434859,91,0.2673088440641378,1.3850077437446588,10.975609756097562,4.209308781302119,0.3124840387109771,0.36564204434858993,86,20,5,8,0.9148936170212766,0.8,0.8574468085106384,0.8422233554309027,0.8907563025210085,0,6,5,1,0
gmm_PEZS,gmm,PEZS,11,studio_M1.wav,116.62486728550057,25.849223881341263,86,0.23535732634682197,2.0862731767376337,4.878048780487805,2.399893094524087,0.2751327144994349,0.5507761186587352,82,21,4,12,0.8723404255319149,0.84,0.8561702127659574,0.8176245210727969,0.865546218487395,0,1,1,0,0
gmm_PEZS,gmm,PEZS,29,studio_M1.wav,116.62486728550057,25.849223881341263,86,0.23535732634682197,2.0862731767376337,4.878048780487805,2.399893094524087,0.2751327144994349,0.5507761186587352,82,21,4,12,0.8723404255319149,0.84,0.8561702127659574,0.8176245210727969,0.865546218487395,0,1,1,0,0
gmm_PEZS,gmm,PEZS,47,studio_M1.wav,116.62486728550057,25.849223881341263,86,0.23535732634682197,2.0862731767376337,4.878048780487805,2.399893094524087,0.2751327144994349,0.5507761186587352,82,21,4,12,0.8723404255319149,0.84,0.8561702127659574,0.8176245210727969,0.865546218487395,0,1,1,0,0
logistic_M,logistic,M,11,studio_M1.wav,114.76284212204295,27.103671170721096,92,1.8281932232310103,2.665421101216279,12.195121951219512,5.562912091888934,2.1371578779570513,0.7036711707210976,83,19,6,11,0.8829787234042553,0.76,0.8214893617021277,0.7990064580228515,0.8571428571428571,3,7,2,2,3
logistic_M,logistic,M,29,studio_M1.wav,114.76284212204295,27.103671170721096,92,1.8281932232310103,2.665421101216279,12.195121951219512,5.562912091888934,2.1371578779570513,0.7036711707210976,83,19,6,11,0.8829787234042553,0.76,0.8214893617021277,0.7990064580228515,0.8571428571428571,3,7,2,2,3
logistic_M,logistic,M,47,studio_M1.wav,114.76284212204295,27.103671170721096,92,1.8281932232310103,2.665421101216279,12.195121951219512,5.562912091888934,2.1371578779570513,0.7036711707210976,83,19,6,11,0.8829787234042553,0.76,0.8214893617021277,0.7990064580228515,0.8571428571428571,3,7,2,2,3
svm_M,svm,M,11,studio_M1.wav,116.86001164720273,34.93249564677217,97,0.03420731633642465,32.3200592680764,18.29268292682927,16.882316503747365,0.03998835279728041,8.532495646772169,87,19,6,7,0.925531914893617,0.76,0.8427659574468085,0.8377896613190732,0.8907563025210085,4,12,6,2,4
svm_M,svm,M,29,studio_M1.wav,116.86001164720273,34.93249564677217,97,0.03420731633642465,32.3200592680764,18.29268292682927,16.882316503747365,0.03998835279728041,8.532495646772169,87,19,6,7,0.925531914893617,0.76,0.8427659574468085,0.8377896613190732,0.8907563025210085,4,12,6,2,4
svm_M,svm,M,47,studio_M1.wav,116.86001164720273,34.93249564677217,97,0.03420731633642465,32.3200592680764,18.29268292682927,16.882316503747365,0.03998835279728041,8.532495646772169,87,19,6,7,0.925531914893617,0.76,0.8427659574468085,0.8377896613190732,0.8907563025210085,4,12,6,2,4
knn_M,knn,M,11,studio_M1.wav,114.95670241996385,26.839847775426737,89,1.66235892218662,1.6660900584346148,8.536585365853659,3.955011448824964,1.943297580036159,0.43984777542673825,84,20,5,10,0.8936170212765957,0.8,0.8468085106382979,0.8226527570789866,0.8739495798319328,0,4,3,1,0
knn_M,knn,M,29,studio_M1.wav,114.95670241996385,26.839847775426737,89,1.66235892218662,1.6660900584346148,8.536585365853659,3.955011448824964,1.943297580036159,0.43984777542673825,84,20,5,10,0.8936170212765957,0.8,0.8468085106382979,0.8226527570789866,0.8739495798319328,0,4,3,1,0
knn_M,knn,M,47,studio_M1.wav,114.95670241996385,26.839847775426737,89,1.66235892218662,1.6660900584346148,8.536585365853659,3.955011448824964,1.943297580036159,0.43984777542673825,84,20,5,10,0.8936170212765957,0.8,0.8468085106382979,0.8226527570789866,0.8739495798319328,0,4,3,1,0
rf_M,rf,M,11,studio_M1.wav,117.2155802453243,34.94555815729495,96,0.2699574382585957,32.36953847460208,17.073170731707318,16.570888881522663,0.3155802453242984,8.545558157294948,89,19,6,5,0.9468085106382979,0.76,0.853404255319149,0.8586545729402872,0.907563025210084,1,11,8,2,1
rf_M,rf,M,29,studio_M1.wav,116.40782712453837,35.03791094743455,98,0.421020423833733,32.71935964937329,19.51219512195122,17.55085839838608,0.4921728754616339,8.637910947434548,89,19,6,5,0.9468085106382979,0.76,0.853404255319149,0.8586545729402872,0.907563025210084,3,13,8,2,3
rf_M,rf,M,47,studio_M1.wav,116.75912873528713,35.05144551220205,97,0.1205057867518143,32.77062694015929,18.29268292682927,17.061271884580123,0.14087126471287092,8.651445512202052,90,19,6,4,0.9574468085106383,0.76,0.8587234042553191,0.8695175438596491,0.9159663865546218,1,12,9,2,1
gmm_M,gmm,M,11,studio_M1.wav,121.64233343295246,46.89162031864759,97,4.056743740763429,77.6197739342712,18.29268292682927,33.32306686728796,4.742333432952449,20.49162031864759,88,18,7,6,0.9361702127659575,0.72,0.8280851063829787,0.8329554043839758,0.8907563025210085,2,12,7,3,2
gmm_M,gmm,M,29,studio_M1.wav,121.64233343295246,46.89162031864759,97,4.056743740763429,77.6197739342712,18.29268292682927,33.32306686728796,4.742333432952449,20.49162031864759,88,18,7,6,0.9361702127659575,0.72,0.8280851063829787,0.8329554043839758,0.8907563025210085,2,12,7,3,2
gmm_M,gmm,M,47,studio_M1.wav,121.64233343295246,46.89162031864759,97,4.056743740763429,77.6197739342712,18.29268292682927,33.32306686728796,4.742333432952449,20.49162031864759,88,18,7,6,0.9361702127659575,0.72,0.8280851063829787,0.8329554043839758,0.8907563025210085,2,12,7,3,2
logistic_PM,logistic,PM,11,studio_M1.wav,112.95313395041705,27.696377453665242,98,3.376275491516639,4.910520657822893,19.51219512195122,9.266330423763584,3.946866049582951,1.2963774536652437,87,17,8,7,0.925531914893617,0.68,0.8027659574468085,0.8072562358276644,0.8739495798319328,3,13,6,4,3
logistic_PM,logistic,PM,29,studio_M1.wav,112.95313395041705,27.696377453665242,98,3.376275491516639,4.910520657822893,19.51219512195122,9.266330423763584,3.946866049582951,1.2963774536652437,87,17,8,7,0.925531914893617,0.68,0.8027659574468085,0.8072562358276644,0.8739495798319328,3,13,6,4,3
logistic_PM,logistic,PM,47,studio_M1.wav,112.95313395041705,27.696377453665242,98,3.376275491516639,4.910520657822893,19.51219512195122,9.266330423763584,3.946866049582951,1.2963774536652437,87,17,8,7,0.925531914893617,0.68,0.8027659574468085,0.8072562358276644,0.8739495798319328,3,13,6,4,3
svm_PM,svm,PM,11,studio_M1.wav,112.53338949488676,28.087197822326527,101,3.7353383277273253,6.390900842145939,23.170731707317074,11.09899029239678,4.366610505113243,1.687197822326528,90,17,8,4,0.9574468085106383,0.68,0.8187234042553192,0.8383152173913043,0.8991596638655462,3,16,9,4,3
svm_PM,svm,PM,29,studio_M1.wav,112.53338949488676,28.087197822326527,101,3.7353383277273253,6.390900842145939,23.170731707317074,11.09899029239678,4.366610505113243,1.687197822326528,90,17,8,4,0.9574468085106383,0.68,0.8187234042553192,0.8383152173913043,0.8991596638655462,3,16,9,4,3
svm_PM,svm,PM,47,studio_M1.wav,112.53338949488676,28.087197822326527,101,3.7353383277273253,6.390900842145939,23.170731707317074,11.09899029239678,4.366610505113243,1.687197822326528,90,17,8,4,0.9574468085106383,0.68,0.8187234042553192,0.8383152173913043,0.8991596638655462,3,16,9,4,3
knn_PM,knn,PM,11,studio_M1.wav,115.52756591293888,27.091003863064415,92,1.1740240265706783,2.6174388752440025,12.195121951219512,5.328861617678064,1.372434087061123,0.6910038630644166,87,20,5,7,0.925531914893617,0.8,0.8627659574468085,0.8523573200992556,0.8991596638655462,0,7,6,1,0
knn_PM,knn,PM,29,studio_M1.wav,115.52756591293888,27.091003863064415,92,1.1740240265706783,2.6174388752440025,12.195121951219512,5.328861617678064,1.372434087061123,0.6910038630644166,87,20,5,7,0.925531914893617,0.8,0.8627659574468085,0.8523573200992556,0.8991596638655462,0,7,6,1,0
knn_PM,knn,PM,47,studio_M1.wav,115.52756591293888,27.091003863064415,92,1.1740240265706783,2.6174388752440025,12.195121951219512,5.328861617678064,1.372434087061123,0.6910038630644166,87,20,5,7,0.925531914893617,0.8,0.8627659574468085,0.8523573200992556,0.8991596638655462,0,7,6,1,0
rf_PM,rf,PM,11,studio_M1.wav,115.13686601347237,35.28531567479822,99,1.5082412202973776,33.656498768175084,20.73170731707317,18.632149101848544,1.7631339865276345,8.885315674798221,89,17,8,5,0.9468085106382979,0.68,0.813404255319149,0.827670714047009,0.8907563025210085,2,14,8,4,2
rf_PM,rf,PM,29,studio_M1.wav,115.09794941116498,35.31665845203373,101,1.5415317269760735,33.77522140921867,23.170731707317074,19.495828281170606,1.80205058883503,8.91665845203373,90,17,8,4,0.9574468085106383,0.68,0.8187234042553192,0.8383152173913043,0.8991596638655462,3,16,9,4,3
rf_PM,rf,PM,47,studio_M1.wav,115.60800259064618,35.514980521512584,102,1.1052159190366344,34.526441369365855,24.390243902439025,20.00730039694717,1.2919974093538258,9.114980521512585,91,17,8,3,0.9680851063829787,0.68,0.8240425531914894,0.8492803684513529,0.907563025210084,3,17,10,4,3
gmm_PM,gmm,PM,11,studio_M1.wav,119.7877598633782,46.856698978777594,101,2.470282175687077,77.48749613173332,23.170731707317074,34.37617000491249,2.887759863378193,20.456698978777595,88,16,9,6,0.9361702127659575,0.64,0.7880851063829788,0.8011585162080873,0.8739495798319328,4,16,7,5,4
gmm_PM,gmm,PM,29,studio_M1.wav,120.63637150326183,46.94143602055102,99,3.196211722208573,77.80846977481448,20.73170731707317,33.91212960469874,3.7363715032618217,20.541436020551025,88,16,9,6,0.9361702127659575,0.64,0.7880851063829788,0.8011585162080873,0.8739495798319328,2,14,7,5,2
gmm_PM,gmm,PM,47,studio_M1.wav,119.7877598633782,46.856698978777594,101,2.470282175687077,77.48749613173332,23.170731707317074,34.37617000491249,2.887759863378193,20.456698978777595,88,16,9,6,0.9361702127659575,0.64,0.7880851063829788,0.8011585162080873,0.8739495798319328,4,16,7,5,4
logistic_EM,logistic,EM,11,studio_M1.wav,117.21248403871098,26.76564204434859,91,0.2673088440641378,1.3850077437446588,10.975609756097562,4.209308781302119,0.3124840387109771,0.36564204434858993,86,20,5,8,0.9148936170212766,0.8,0.8574468085106384,0.8422233554309027,0.8907563025210085,0,6,5,1,0
logistic_EM,logistic,EM,29,studio_M1.wav,117.21248403871098,26.76564204434859,91,0.2673088440641378,1.3850077437446588,10.975609756097562,4.209308781302119,0.3124840387109771,0.36564204434858993,86,20,5,8,0.9148936170212766,0.8,0.8574468085106384,0.8422233554309027,0.8907563025210085,0,6,5,1,0
logistic_EM,logistic,EM,47,studio_M1.wav,117.21248403871098,26.76564204434859,91,0.2673088440641378,1.3850077437446588,10.975609756097562,4.209308781302119,0.3124840387109771,0.36564204434858993,86,20,5,8,0.9148936170212766,0.8,0.8574468085106384,0.8422233554309027,0.8907563025210085,0,6,5,1,0
svm_EM,svm,EM,11,studio_M1.wav,117.3520476892498,26.653051252702923,92,0.3866960558167625,0.9585274723595626,12.195121951219512,4.513448493131945,0.4520476892497953,0.2530512527029245,87,20,5,7,0.925531914893617,0.8,0.8627659574468085,0.8523573200992556,0.8991596638655462,0,7,6,1,0
svm_EM,svm,EM,29,studio_M1.wav,117.3520476892498,26.653051252702923,92,0.3866960558167625,0.9585274723595626,12.195121951219512,4.513448493131945,0.4520476892497953,0.2530512527029245,87,20,5,7,0.925531914893617,0.8,0.8627659574468085,0.8523573200992556,0.8991596638655462,0,7,6,1,0
svm_EM,svm,EM,47,studio_M1.wav,117.3520476892498,26.653051252702923,92,0.3866960558167625,0.9585274723595626,12.195121951219512,4.513448493131945,0.4520476892497953,0.2530512527029245,87,20,5,7,0.925531914893617,0.8,0.8627659574468085,0.8523573200992556,0.8991596638655462,0,7,6,1,0
knn_EM,knn,EM,11,studio_M1.wav,115.08498724418797,26.906634717864442,91,1.5526199793088404,1.91907090100168,10.975609756097562,4.815766878802694,1.8150127558120346,0.5066347178644435,86,20,5,8,0.9148936170212766,0.8,0.8574468085106384,0.8422233554309027,0.8907563025210085,0,6,5,1,0
knn_EM,knn,EM,29,studio_M1.wav,115.08498724418797,26.906634717864442,91,1.5526199793088404,1.91907090100168,10.975609756097562,4.815766878802694,1.8150127558120346,0.5066347178644435,86,20,5,8,0.9148936170212766,0.8,0.8574468085106384,0.8422233554309027,0.8907563025210085,0,6,5,1,0
knn_EM,knn,EM,47,studio_M1.wav,115.08498724418797,26.906634717864442,91,1.5526199793088404,1.91907090100168,10.975609756097562,4.815766878802694,1.8150127558120346,0.5066347178644435,86,20,5,8,0.9148936170212766,0.8,0.8574468085106384,0.8422233554309027,0.8907563025210085,0,6,5,1,0
rf_EM,rf,EM,11,studio_M1.wav,117.21248403871098,26.76564204434859,91,0.2673088440641378,1.3850077437446588,10.975609756097562,4.209308781302119,0.3124840387109771,0.36564204434858993,86,20,5,8,0.9148936170212766,0.8,0.8574468085106384,0.8422233554309027,0.8907563025210085,0,6,5,1,0
rf_EM,rf,EM,29,studio_M1.wav,117.21248403871098,26.76564204434859,91,0.2673088440641378,1.3850077437446588,10.975609756097562,4.209308781302119,0.3124840387109771,0.36564204434858993,86,20,5,8,0.9148936170212766,0.8,0.8574468085106384,0.8422233554309027,0.8907563025210085,0,6,5,1,0
rf_EM,rf,EM,47,studio_M1.wav,116.70686583855584,27.0532210742245,92,0.16521314067079854,2.4743222508503813,12.195121951219512,4.944885780913564,0.1931341614441635,0.6532210742245006,86,19,6,8,0.9148936170212766,0.76,0.8374468085106384,0.8277502067824648,0.8823529411764706,0,7,5,2,0
gmm_EM,gmm,EM,11,studio_M1.wav,119.0819900927679,35.73287490937164,89,1.8665441341042686,35.351798899135,8.536585365853659,15.251642799697642,2.18199009276789,9.33287490937164,83,19,6,11,0.8829787234042553,0.76,0.8214893617021277,0.7990064580228515,0.8571428571428571,0,4,2,2,0
gmm_EM,gmm,EM,29,studio_M1.wav,119.0819900927679,35.73287490937164,89,1.8665441341042686,35.351798899135,8.536585365853659,15.251642799697642,2.18199009276789,9.33287490937164,83,19,6,11,0.8829787234042553,0.76,0.8214893617021277,0.7990064580228515,0.8571428571428571,0,4,2,2,0
gmm_EM,gmm,EM,47,studio_M1.wav,119.0819900927679,35.73287490937164,89,1.8665441341042686,35.351798899135,8.536585365853659,15.251642799697642,2.18199009276789,9.33287490937164,83,19,6,11,0.8829787234042553,0.76,0.8214893617021277,0.7990064580228515,0.8571428571428571,0,4,2,2,0
logistic_PEM,logistic,PEM,11,studio_M1.wav,117.21248403871098,26.76564204434859,91,0.2673088440641378,1.3850077437446588,10.975609756097562,4.209308781302119,0.3124840387109771,0.36564204434858993,86,20,5,8,0.9148936170212766,0.8,0.8574468085106384,0.8422233554309027,0.8907563025210085,0,6,5,1,0
logistic_PEM,logistic,PEM,29,studio_M1.wav,117.21248403871098,26.76564204434859,91,0.2673088440641378,1.3850077437446588,10.975609756097562,4.209308781302119,0.3124840387109771,0.36564204434858993,86,20,5,8,0.9148936170212766,0.8,0.8574468085106384,0.8422233554309027,0.8907563025210085,0,6,5,1,0
logistic_PEM,logistic,PEM,47,studio_M1.wav,117.21248403871098,26.76564204434859,91,0.2673088440641378,1.3850077437446588,10.975609756097562,4.209308781302119,0.3124840387109771,0.36564204434858993,86,20,5,8,0.9148936170212766,0.8,0.8574468085106384,0.8422233554309027,0.8907563025210085,0,6,5,1,0
svm_PEM,svm,PEM,11,studio_M1.wav,115.95935359767238,27.339252950660804,95,0.8046590267986569,3.557776328260625,15.853658536585366,6.738697963881549,0.94064640232763,0.9392529506608049,90,20,5,4,0.9574468085106383,0.8,0.8787234042553191,0.8843537414965986,0.9243697478991597,0,10,9,1,0
svm_PEM,svm,PEM,29,studio_M1.wav,115.95935359767238,27.339252950660804,95,0.8046590267986569,3.557776328260625,15.853658536585366,6.738697963881549,0.94064640232763,0.9392529506608049,90,20,5,4,0.9574468085106383,0.8,0.8787234042553191,0.8843537414965986,0.9243697478991597,0,10,9,1,0
svm_PEM,svm,PEM,47,studio_M1.wav,115.95935359767238,27.339252950660804,95,0.8046590267986569,3.557776328260625,15.853658536585366,6.738697963881549,0.94064640232763,0.9392529506608049,90,20,5,4,0.9574468085106383,0.8,0.8787234042553191,0.8843537414965986,0.9243697478991597,0,10,9,1,0
knn_PEM,knn,PEM,11,studio_M1.wav,115.52756591293888,27.091003863064415,92,1.1740240265706783,2.6174388752440025,12.195121951219512,5.328861617678064,1.372434087061123,0.6910038630644166,87,20,5,7,0.925531914893617,0.8,0.8627659574468085,0.8523573200992556,0.8991596638655462,0,7,6,1,0
knn_PEM,knn,PEM,29,studio_M1.wav,115.52756591293888,27.091003863064415,92,1.1740240265706783,2.6174388752440025,12.195121951219512,5.328861617678064,1.372434087061123,0.6910038630644166,87,20,5,7,0.925531914893617,0.8,0.8627659574468085,0.8523573200992556,0.8991596638655462,0,7,6,1,0
knn_PEM,knn,PEM,47,studio_M1.wav,115.52756591293888,27.091003863064415,92,1.1740240265706783,2.6174388752440025,12.195121951219512,5.328861617678064,1.372434087061123,0.6910038630644166,87,20,5,7,0.925531914893617,0.8,0.8627659574468085,0.8523573200992556,0.8991596638655462,0,7,6,1,0
rf_PEM,rf,PEM,11,studio_M1.wav,117.21248403871098,26.76564204434859,91,0.2673088440641378,1.3850077437446588,10.975609756097562,4.209308781302119,0.3124840387109771,0.36564204434858993,86,20,5,8,0.9148936170212766,0.8,0.8574468085106384,0.8422233554309027,0.8907563025210085,0,6,5,1,0
rf_PEM,rf,PEM,29,studio_M1.wav,117.21248403871098,26.76564204434859,91,0.2673088440641378,1.3850077437446588,10.975609756097562,4.209308781302119,0.3124840387109771,0.36564204434858993,86,20,5,8,0.9148936170212766,0.8,0.8574468085106384,0.8422233554309027,0.8907563025210085,0,6,5,1,0
rf_PEM,rf,PEM,47,studio_M1.wav,117.21248403871098,26.76564204434859,91,0.2673088440641378,1.3850077437446588,10.975609756097562,4.209308781302119,0.3124840387109771,0.36564204434858993,86,20,5,8,0.9148936170212766,0.8,0.8574468085106384,0.8422233554309027,0.8907563025210085,0,6,5,1,0
gmm_PEM,gmm,PEM,11,studio_M1.wav,116.9188967270982,25.857462356372963,85,0.016164864925744045,2.055066831920589,3.658536585365854,1.9099227607373956,0.018896727098194788,0.5425376436270355,81,21,4,13,0.8617021276595744,0.84,0.8508510638297873,0.8084461698702774,0.8571428571428571,0,0,0,0,0
gmm_PEM,gmm,PEM,29,studio_M1.wav,118.67191572188175,35.79675950899092,92,1.5157533976747135,35.59378601890499,12.195121951219512,16.43488712259974,1.77191572188174,9.396759508990918,85,18,7,9,0.9042553191489362,0.72,0.8121276595744681,0.803143093465674,0.865546218487395,0,7,4,3,0
gmm_PEM,gmm,PEM,47,studio_M1.wav,118.67191572188175,35.79675950899092,92,1.5157533976747135,35.59378601890499,12.195121951219512,16.43488712259974,1.77191572188174,9.396759508990918,85,18,7,9,0.9042553191489362,0.72,0.8121276595744681,0.803143093465674,0.865546218487395,0,7,4,3,0
logistic_ZM,logistic,ZM,11,studio_M1.wav,114.76284212204295,27.103671170721096,92,1.8281932232310103,2.665421101216279,12.195121951219512,5.562912091888934,2.1371578779570513,0.7036711707210976,83,19,6,11,0.8829787234042553,0.76,0.8214893617021277,0.7990064580228515,0.8571428571428571,3,7,2,2,3
logistic_ZM,logistic,ZM,29,studio_M1.wav,114.76284212204295,27.103671170721096,92,1.8281932232310103,2.665421101216279,12.195121951219512,5.562912091888934,2.1371578779570513,0.7036711707210976,83,19,6,11,0.8829787234042553,0.76,0.8214893617021277,0.7990064580228515,0.8571428571428571,3,7,2,2,3
logistic_ZM,logistic,ZM,47,studio_M1.wav,114.76284212204295,27.103671170721096,92,1.8281932232310103,2.665421101216279,12.195121951219512,5.562912091888934,2.1371578779570513,0.7036711707210976,83,19,6,11,0.8829787234042553,0.76,0.8214893617021277,0.7990064580228515,0.8571428571428571,3,7,2,2,3
svm_ZM,svm,ZM,11,studio_M1.wav,117.33064908794555,34.865207020415205,94,0.3683910076523007,32.065178107633365,14.634146341463415,15.689238485583026,0.4306490879455396,8.465207020415207,85,18,7,9,0.9042553191489362,0.72,0.8121276595744681,0.803143093465674,0.865546218487395,2,9,4,3,2
svm_ZM,svm,ZM,29,studio_M1.wav,117.33064908794555,34.865207020415205,94,0.3683910076523007,32.065178107633365,14.634146341463415,15.689238485583026,0.4306490879455396,8.465207020415207,85,18,7,9,0.9042553191489362,0.72,0.8121276595744681,0.803143093465674,0.865546218487395,2,9,4,3,2
svm_ZM,svm,ZM,47,studio_M1.wav,117.33064908794555,34.865207020415205,94,0.3683910076523007,32.065178107633365,14.634146341463415,15.689238485583026,0.4306490879455396,8.465207020415207,85,18,7,9,0.9042553191489362,0.72,0.8121276595744681,0.803143093465674,0.865546218487395,2,9,4,3,2
knn_ZM,knn,ZM,11,studio_M1.wav,114.95670241996385,26.839847775426737,89,1.66235892218662,1.6660900584346148,8.536585365853659,3.955011448824964,1.943297580036159,0.43984777542673825,84,20,5,10,0.8936170212765957,0.8,0.8468085106382979,0.8226527570789866,0.8739495798319328,0,4,3,1,0
knn_ZM,knn,ZM,29,studio_M1.wav,114.95670241996385,26.839847775426737,89,1.66235892218662,1.6660900584346148,8.536585365853659,3.955011448824964,1.943297580036159,0.43984777542673825,84,20,5,10,0.8936170212765957,0.8,0.8468085106382979,0.8226527570789866,0.8739495798319328,0,4,3,1,0
knn_ZM,knn,ZM,47,studio_M1.wav,114.95670241996385,26.839847775426737,89,1.66235892218662,1.6660900584346148,8.536585365853659,3.955011448824964,1.943297580036159,0.43984777542673825,84,20,5,10,0.8936170212765957,0.8,0.8468085106382979,0.8226527570789866,0.8739495798319328,0,4,3,1,0
rf_ZM,rf,ZM,11,studio_M1.wav,116.92158196979423,34.81610559459363,93,0.018461907437319548,31.879187858309212,13.414634146341463,15.104094637362664,0.021581969794226552,8.416105594593631,86,19,6,8,0.9148936170212766,0.76,0.8374468085106384,0.8277502067824648,0.8823529411764706,1,8,5,2,1
rf_ZM,rf,ZM,29,studio_M1.wav,114.11613201932656,27.329677818701263,95,2.3814097353921717,3.521506889019943,15.853658536585366,7.252191720332493,2.783867980673449,0.9296778187012649,88,18,7,6,0.9361702127659575,0.72,0.8280851063829787,0.8329554043839758,0.8907563025210085,0,10,7,3,0
rf_ZM,rf,ZM,47,studio_M1.wav,116.35702685056805,34.99947357091313,96,0.4644766034490661,32.57376352618611,17.073170731707318,16.7038036204475,0.5429731494319583,8.599473570913133,88,19,6,6,0.9361702127659575,0.76,0.8480851063829787,0.8480851063829787,0.8991596638655462,2,11,7,2,2
gmm_ZM,gmm,ZM,11,studio_M1.wav,116.80324953749859,34.94636347162783,92,0.08276344097640599,32.3725889076812,12.195121951219512,14.883491433292372,0.09675046250141861,8.546363471627835,86,20,5,8,0.9148936170212766,0.8,0.8574468085106384,0.8422233554309027,0.8907563025210085,1,7,5,1,1
gmm_ZM,gmm,ZM,29,studio_M1.wav,116.80324953749859,34.94636347162783,92,0.08276344097640599,32.3725889076812,12.195121951219512,14.883491433292372,0.09675046250141861,8.546363471627835,86,20,5,8,0.9148936170212766,0.8,0.8574468085106384,0.8422233554309027,0.8907563025210085,1,7,5,1,1
gmm_ZM,gmm,ZM,47,studio_M1.wav,116.80324953749859,34.94636347162783,92,0.08276344097640599,32.3725889076812,12.195121951219512,14.883491433292372,0.09675046250141861,8.546363471627835,86,20,5,8,0.9148936170212766,0.8,0.8574468085106384,0.8422233554309027,0.8907563025210085,1,7,5,1,1
logistic_PZM,logistic,PZM,11,studio_M1.wav,112.95313395041705,27.696377453665242,98,3.376275491516639,4.910520657822893,19.51219512195122,9.266330423763584,3.946866049582951,1.2963774536652437,87,17,8,7,0.925531914893617,0.68,0.8027659574468085,0.8072562358276644,0.8739495798319328,3,13,6,4,3
logistic_PZM,logistic,PZM,29,studio_M1.wav,112.95313395041705,27.696377453665242,98,3.376275491516639,4.910520657822893,19.51219512195122,9.266330423763584,3.946866049582951,1.2963774536652437,87,17,8,7,0.925531914893617,0.68,0.8027659574468085,0.8072562358276644,0.8739495798319328,3,13,6,4,3
logistic_PZM,logistic,PZM,47,studio_M1.wav,112.95313395041705,27.696377453665242,98,3.376275491516639,4.910520657822893,19.51219512195122,9.266330423763584,3.946866049582951,1.2963774536652437,87,17,8,7,0.925531914893617,0.68,0.8027659574468085,0.8072562358276644,0.8739495798319328,3,13,6,4,3
svm_PZM,svm,PZM,11,studio_M1.wav,112.15917379888937,27.975628897763812,100,4.055454406424838,5.968291279408385,21.951219512195124,10.658321732676116,4.740826201110636,1.5756288977638135,89,17,8,5,0.9468085106382979,0.68,0.813404255319149,0.827670714047009,0.8907563025210085,3,15,8,4,3
svm_PZM,svm,PZM,29,studio_M1.wav,112.15917379888937,27.975628897763812,100,4.055454406424838,5.968291279408385,21.951219512195124,10.658321732676116,4.740826201110636,1.5756288977638135,89,17,8,5,0.9468085106382979,0.68,0.813404255319149,0.827670714047009,0.8907563025210085,3,15,8,4,3
svm_PZM,svm,PZM,47,studio_M1.wav,112.15917379888937,27.975628897763812,100,4.055454406424838,5.968291279408385,21.951219512195124,10.658321732676116,4.740826201110636,1.5756288977638135,89,17,8,5,0.9468085106382979,0.68,0.813404255319149,0.827670714047009,0.8907563025210085,3,15,8,4,3
knn_PZM,knn,PZM,11,studio_M1.wav,115.52756591293888,27.091003863064415,92,1.1740240265706783,2.6174388752440025,12.195121951219512,5.328861617678064,1.372434087061123,0.6910038630644166,87,20,5,7,0.925531914893617,0.8,0.8627659574468085,0.8523573200992556,0.8991596638655462,0,7,6,1,0
knn_PZM,knn,PZM,29,studio_M1.wav,115.52756591293888,27.091003863064415,92,1.1740240265706783,2.6174388752440025,12.195121951219512,5.328861617678064,1.372434087061123,0.6910038630644166,87,20,5,7,0.925531914893617,0.8,0.8627659574468085,0.8523573200992556,0.8991596638655462,0,7,6,1,0
knn_PZM,knn,PZM,47,studio_M1.wav,115.52756591293888,27.091003863064415,92,1.1740240265706783,2.6174388752440025,12.195121951219512,5.328861617678064,1.372434087061123,0.6910038630644166,87,20,5,7,0.925531914893617,0.8,0.8627659574468085,0.8523573200992556,0.8991596638655462,0,7,6,1,0
rf_PZM,rf,PZM,11,studio_M1.wav,115.85181740554935,35.26647758428043,99,0.8966489259629179,33.585142364698605,20.73170731707317,18.404499535911565,1.048182594450651,8.866477584280432,90,17,8,4,0.9574468085106383,0.68,0.8187234042553192,0.8383152173913043,0.8991596638655462,1,14,9,4,1
rf_PZM,rf,PZM,29,studio_M1.wav,115.85181740554935,35.26647758428043,99,0.8966489259629179,33.585142364698605,20.73170731707317,18.404499535911565,1.048182594450651,8.866477584280432,90,17,8,4,0.9574468085106383,0.68,0.8187234042553192,0.8383152173913043,0.8991596638655462,1,14,9,4,1
rf_PZM,rf,PZM,47,studio_M1.wav,115.85181740554935,35.26647758428043,99,0.8966489259629179,33.585142364698605,20.73170731707317,18.404499535911565,1.048182594450651,8.866477584280432,90,17,8,4,0.9574468085106383,0.68,0.8187234042553192,0.8383152173913043,0.8991596638655462,1,14,9,4,1
gmm_PZM,gmm,PZM,11,studio_M1.wav,116.26732229521761,35.227390057915734,95,0.541212750027712,33.43708355271112,15.853658536585366,16.610651613108065,0.6326777047823953,8.827390057915736,87,18,7,7,0.925531914893617,0.72,0.8227659574468085,0.8227659574468085,0.8823529411764706,1,10,6,3,1
gmm_PZM,gmm,PZM,29,studio_M1.wav,116.26732229521761,35.227390057915734,95,0.541212750027712,33.43708355271112,15.853658536585366,16.610651613108065,0.6326777047823953,8.827390057915736,87,18,7,7,0.925531914893617,0.72,0.8227659574468085,0.8227659574468085,0.8823529411764706,1,10,6,3,1
gmm_PZM,gmm,PZM,47,studio_M1.wav,116.26732229521761,35.227390057915734,95,0.541212750027712,33.43708355271112,15.853658536585366,16.610651613108065,0.6326777047823953,8.827390057915736,87,18,7,7,0.925531914893617,0.72,0.8227659574468085,0.8227659574468085,0.8823529411764706,1,10,6,3,1
logistic_EZM,logistic,EZM,11,studio_M1.wav,117.21248403871098,26.76564204434859,91,0.2673088440641378,1.3850077437446588,10.975609756097562,4.209308781302119,0.3124840387109771,0.36564204434858993,86,20,5,8,0.9148936170212766,0.8,0.8574468085106384,0.8422233554309027,0.8907563025210085,0,6,5,1,0
logistic_EZM,logistic,EZM,29,studio_M1.wav,117.21248403871098,26.76564204434859,91,0.2673088440641378,1.3850077437446588,10.975609756097562,4.209308781302119,0.3124840387109771,0.36564204434858993,86,20,5,8,0.9148936170212766,0.8,0.8574468085106384,0.8422233554309027,0.8907563025210085,0,6,5,1,0
logistic_EZM,logistic,EZM,47,studio_M1.wav,117.21248403871098,26.76564204434859,91,0.2673088440641378,1.3850077437446588,10.975609756097562,4.209308781302119,0.3124840387109771,0.36564204434858993,86,20,5,8,0.9148936170212766,0.8,0.8574468085106384,0.8422233554309027,0.8907563025210085,0,6,5,1,0
svm_EZM,svm,EZM,11,studio_M1.wav,117.3520476892498,26.653051252702923,92,0.3866960558167625,0.9585274723595626,12.195121951219512,4.513448493131945,0.4520476892497953,0.2530512527029245,87,20,5,7,0.925531914893617,0.8,0.8627659574468085,0.8523573200992556,0.8991596638655462,0,7,6,1,0
svm_EZM,svm,EZM,29,studio_M1.wav,117.3520476892498,26.653051252702923,92,0.3866960558167625,0.9585274723595626,12.195121951219512,4.513448493131945,0.4520476892497953,0.2530512527029245,87,20,5,7,0.925531914893617,0.8,0.8627659574468085,0.8523573200992556,0.8991596638655462,0,7,6,1,0
svm_EZM,svm,EZM,47,studio_M1.wav,117.3520476892498,26.653051252702923,92,0.3866960558167625,0.9585274723595626,12.195121951219512,4.513448493131945,0.4520476892497953,0.2530512527029245,87,20,5,7,0.925531914893617,0.8,0.8627659574468085,0.8523573200992556,0.8991596638655462,0,7,6,1,0
knn_EZM,knn,EZM,11,studio_M1.wav,116.02826066514255,26.452806488762864,89,0.7457137167300699,0.20002457864721668,8.536585365853659,3.1607745537436487,0.8717393348574518,0.0528064887628652,84,20,5,10,0.8936170212765957,0.8,0.8468085106382979,0.8226527570789866,0.8739495798319328,0,4,3,1,0
knn_EZM,knn,EZM,29,studio_M1.wav,116.02826066514255,26.452806488762864,89,0.7457137167300699,0.20002457864721668,8.536585365853659,3.1607745537436487,0.8717393348574518,0.0528064887628652,84,20,5,10,0.8936170212765957,0.8,0.8468085106382979,0.8226527570789866,0.8739495798319328,0,4,3,1,0
knn_EZM,knn,EZM,47,studio_M1.wav,116.02826066514255,26.452806488762864,89,0.7457137167300699,0.20002457864721668,8.536585365853659,3.1607745537436487,0.8717393348574518,0.0528064887628652,84,20,5,10,0.8936170212765957,0.8,0.8468085106382979,0.8226527570789866,0.8739495798319328,0,4,3,1,0
rf_EZM,rf,EZM,11,studio_M1.wav,116.65791859782725,26.388883874983154,90,0.2070841763667733,0.042106534154713396,9.75609756097561,3.3350960904990323,0.24208140217275798,0.011116125016844336,85,20,5,9,0.9042553191489362,0.8,0.8521276595744681,0.8323268921095008,0.8823529411764706,0,5,4,1,0
rf_EZM,rf,EZM,29,studio_M1.wav,116.65791859782725,26.388883874983154,90,0.2070841763667733,0.042106534154713396,9.75609756097561,3.3350960904990323,0.24208140217275798,0.011116125016844336,85,20,5,9,0.9042553191489362,0.8,0.8521276595744681,0.8323268921095008,0.8823529411764706,0,5,4,1,0
rf_EZM,rf,EZM,47,studio_M1.wav,116.65791859782725,26.388883874983154,90,0.2070841763667733,0.042106534154713396,9.75609756097561,3.3350960904990323,0.24208140217275798,0.011116125016844336,85,20,5,9,0.9042553191489362,0.8,0.8521276595744681,0.8323268921095008,0.8823529411764706,0,5,4,1,0
gmm_EZM,gmm,EZM,11,studio_M1.wav,117.30303698718575,25.949504071440042,86,0.34477073326410873,1.7064239718180156,4.878048780487805,2.3097478285233097,0.4030369871857431,0.4504959285599561,82,21,4,12,0.8723404255319149,0.84,0.8561702127659574,0.8176245210727969,0.865546218487395,0,1,1,0,0
gmm_EZM,gmm,EZM,29,studio_M1.wav,116.65791859782725,26.388883874983154,90,0.2070841763667733,0.042106534154713396,9.75609756097561,3.3350960904990323,0.24208140217275798,0.011116125016844336,85,20,5,9,0.9042553191489362,0.8,0.8521276595744681,0.8323268921095008,0.8823529411764706,0,5,4,1,0
gmm_EZM,gmm,EZM,47,studio_M1.wav,116.65791859782725,26.388883874983154,90,0.2070841763667733,0.042106534154713396,9.75609756097561,3.3350960904990323,0.24208140217275798,0.011116125016844336,85,20,5,9,0.9042553191489362,0.8,0.8521276595744681,0.8323268921095008,0.8823529411764706,0,5,4,1,0
logistic_PEZM,logistic,PEZM,11,studio_M1.wav,117.21248403871098,26.76564204434859,91,0.2673088440641378,1.3850077437446588,10.975609756097562,4.209308781302119,0.3124840387109771,0.36564204434858993,86,20,5,8,0.9148936170212766,0.8,0.8574468085106384,0.8422233554309027,0.8907563025210085,0,6,5,1,0
logistic_PEZM,logistic,PEZM,29,studio_M1.wav,117.21248403871098,26.76564204434859,91,0.2673088440641378,1.3850077437446588,10.975609756097562,4.209308781302119,0.3124840387109771,0.36564204434858993,86,20,5,8,0.9148936170212766,0.8,0.8574468085106384,0.8422233554309027,0.8907563025210085,0,6,5,1,0
logistic_PEZM,logistic,PEZM,47,studio_M1.wav,117.21248403871098,26.76564204434859,91,0.2673088440641378,1.3850077437446588,10.975609756097562,4.209308781302119,0.3124840387109771,0.36564204434858993,86,20,5,8,0.9148936170212766,0.8,0.8574468085106384,0.8422233554309027,0.8907563025210085,0,6,5,1,0
svm_PEZM,svm,PEZM,11,studio_M1.wav,116.88085969629522,26.891862312750895,93,0.016373228147808123,1.8631148210261232,13.414634146341463,5.098040731838465,0.019140303704787698,0.49186231275089654,88,20,5,6,0.9361702127659575,0.8,0.8680851063829788,0.8627450980392157,0.907563025210084,0,8,7,1,0
svm_PEZM,svm,PEZM,29,studio_M1.wav,116.88085969629522,26.891862312750895,93,0.016373228147808123,1.8631148210261232,13.414634146341463,5.098040731838465,0.019140303704787698,0.49186231275089654,88,20,5,6,0.9361702127659575,0.8,0.8680851063829788,0.8627450980392157,0.907563025210084,0,8,7,1,0
svm_PEZM,svm,PEZM,47,studio_M1.wav,116.88085969629522,26.891862312750895,93,0.016373228147808123,1.8631148210261232,13.414634146341463,5.098040731838465,0.019140303704787698,0.49186231275089654,88,20,5,6,0.9361702127659575,0.8,0.8680851063829788,0.8627450980392157,0.907563025210084,0,8,7,1,0
knn_PEZM,knn,PEZM,11,studio_M1.wav,115.52756591293888,27.091003863064415,92,1.1740240265706783,2.6174388752440025,12.195121951219512,5.328861617678064,1.372434087061123,0.6910038630644166,87,20,5,7,0.925531914893617,0.8,0.8627659574468085,0.8523573200992556,0.8991596638655462,0,7,6,1,0
knn_PEZM,knn,PEZM,29,studio_M1.wav,115.52756591293888,27.091003863064415,92,1.1740240265706783,2.6174388752440025,12.195121951219512,5.328861617678064,1.372434087061123,0.6910038630644166,87,20,5,7,0.925531914893617,0.8,0.8627659574468085,0.8523573200992556,0.8991596638655462,0,7,6,1,0
knn_PEZM,knn,PEZM,47,studio_M1.wav,115.52756591293888,27.091003863064415,92,1.1740240265706783,2.6174388752440025,12.195121951219512,5.328861617678064,1.372434087061123,0.6910038630644166,87,20,5,7,0.925531914893617,0.8,0.8627659574468085,0.8523573200992556,0.8991596638655462,0,7,6,1,0
rf_PEZM,rf,PEZM,11,studio_M1.wav,117.21248403871098,26.76564204434859,91,0.2673088440641378,1.3850077437446588,10.975609756097562,4.209308781302119,0.3124840387109771,0.36564204434858993,86,20,5,8,0.9148936170212766,0.8,0.8574468085106384,0.8422233554309027,0.8907563025210085,0,6,5,1,0
rf_PEZM,rf,PEZM,29,studio_M1.wav,117.21248403871098,26.76564204434859,91,0.2673088440641378,1.3850077437446588,10.975609756097562,4.209308781302119,0.3124840387109771,0.36564204434858993,86,20,5,8,0.9148936170212766,0.8,0.8574468085106384,0.8422233554309027,0.8907563025210085,0,6,5,1,0
rf_PEZM,rf,PEZM,47,studio_M1.wav,117.21248403871098,26.76564204434859,91,0.2673088440641378,1.3850077437446588,10.975609756097562,4.209308781302119,0.3124840387109771,0.36564204434858993,86,20,5,8,0.9148936170212766,0.8,0.8574468085106384,0.8422233554309027,0.8907563025210085,0,6,5,1,0
gmm_PEZM,gmm,PEZM,11,studio_M1.wav,116.9188967270982,25.857462356372963,85,0.016164864925744045,2.055066831920589,3.658536585365854,1.9099227607373956,0.018896727098194788,0.5425376436270355,81,21,4,13,0.8617021276595744,0.84,0.8508510638297873,0.8084461698702774,0.8571428571428571,0,0,0,0,0
gmm_PEZM,gmm,PEZM,29,studio_M1.wav,116.65791859782725,26.388883874983154,90,0.2070841763667733,0.042106534154713396,9.75609756097561,3.3350960904990323,0.24208140217275798,0.011116125016844336,85,20,5,9,0.9042553191489362,0.8,0.8521276595744681,0.8323268921095008,0.8823529411764706,0,5,4,1,0
gmm_PEZM,gmm,PEZM,47,studio_M1.wav,116.65791859782725,26.388883874983154,90,0.2070841763667733,0.042106534154713396,9.75609756097561,3.3350960904990323,0.24208140217275798,0.011116125016844336,85,20,5,9,0.9042553191489362,0.8,0.8521276595744681,0.8323268921095008,0.8823529411764706,0,5,4,1,0
logistic_SM,logistic,SM,11,studio_M1.wav,114.76284212204295,27.103671170721096,92,1.8281932232310103,2.665421101216279,12.195121951219512,5.562912091888934,2.1371578779570513,0.7036711707210976,83,19,6,11,0.8829787234042553,0.76,0.8214893617021277,0.7990064580228515,0.8571428571428571,3,7,2,2,3
logistic_SM,logistic,SM,29,studio_M1.wav,114.76284212204295,27.103671170721096,92,1.8281932232310103,2.665421101216279,12.195121951219512,5.562912091888934,2.1371578779570513,0.7036711707210976,83,19,6,11,0.8829787234042553,0.76,0.8214893617021277,0.7990064580228515,0.8571428571428571,3,7,2,2,3
logistic_SM,logistic,SM,47,studio_M1.wav,114.76284212204295,27.103671170721096,92,1.8281932232310103,2.665421101216279,12.195121951219512,5.562912091888934,2.1371578779570513,0.7036711707210976,83,19,6,11,0.8829787234042553,0.76,0.8214893617021277,0.7990064580228515,0.8571428571428571,3,7,2,2,3
svm_SM,svm,SM,11,studio_M1.wav,117.70391503243728,34.801605000343244,95,0.6876946385263252,31.824261364936536,15.853658536585366,16.121871513349408,0.8039150324372741,8.401605000343245,87,19,6,7,0.925531914893617,0.76,0.8427659574468085,0.8377896613190732,0.8907563025210085,2,10,6,2,2
svm_SM,svm,SM,29,studio_M1.wav,117.70391503243728,34.801605000343244,95,0.6876946385263252,31.824261364936536,15.853658536585366,16.121871513349408,0.8039150324372741,8.401605000343245,87,19,6,7,0.925531914893617,0.76,0.8427659574468085,0.8377896613190732,0.8907563025210085,2,10,6,2,2
svm_SM,svm,SM,47,studio_M1.wav,117.70391503243728,34.801605000343244,95,0.6876946385263252,31.824261364936536,15.853658536585366,16.121871513349408,0.8039150324372741,8.401605000343245,87,19,6,7,0.925531914893617,0.76,0.8427659574468085,0.8377896613190732,0.8907563025210085,2,10,6,2,2
knn_SM,knn,SM,11,studio_M1.wav,114.95670241996385,26.839847775426737,89,1.66235892218662,1.6660900584346148,8.536585365853659,3.955011448824964,1.943297580036159,0.43984777542673825,84,20,5,10,0.8936170212765957,0.8,0.8468085106382979,0.8226527570789866,0.8739495798319328,0,4,3,1,0
knn_SM,knn,SM,29,studio_M1.wav,114.95670241996385,26.839847775426737,89,1.66235892218662,1.6660900584346148,8.536585365853659,3.955011448824964,1.943297580036159,0.43984777542673825,84,20,5,10,0.8936170212765957,0.8,0.8468085106382979,0.8226527570789866,0.8739495798319328,0,4,3,1,0
knn_SM,knn,SM,47,studio_M1.wav,114.95670241996385,26.839847775426737,89,1.66235892218662,1.6660900584346148,8.536585365853659,3.955011448824964,1.943297580036159,0.43984777542673825,84,20,5,10,0.8936170212765957,0.8,0.8468085106382979,0.8226527570789866,0.8739495798319328,0,4,3,1,0
rf_SM,rf,SM,11,studio_M1.wav,115.85922071691905,35.25754430180074,99,0.8903158965619771,33.551304173487665,20.73170731707317,18.391109129040938,1.0407792830809512,8.857544301800743,89,17,8,5,0.9468085106382979,0.68,0.813404255319149,0.827670714047009,0.8907563025210085,2,14,8,4,2
rf_SM,rf,SM,29,studio_M1.wav,115.85181740554935,35.26647758428043,99,0.8966489259629179,33.585142364698605,20.73170731707317,18.404499535911565,1.048182594450651,8.866477584280432,90,17,8,4,0.9574468085106383,0.68,0.8187234042553192,0.8383152173913043,0.8991596638655462,1,14,9,4,1
rf_SM,rf,SM,47,studio_M1.wav,115.43002634746708,35.33978011761911,100,1.2574624914738481,33.862803475829956,21.951219512195124,19.02382849316631,1.4699736525329286,8.939780117619108,90,17,8,4,0.9574468085106383,0.68,0.8187234042553192,0.8383152173913043,0.8991596638655462,2,15,9,4,2
gmm_SM,gmm,SM,11,studio_M1.wav,122.17302847262454,46.84452649479421,96,4.51071725630841,77.44138823785687,17.073170731707318,33.0084254086242,5.273028472624532,20.44452649479421,88,19,6,6,0.9361702127659575,0.76,0.8480851063829787,0.8480851063829787,0.8991596638655462,2,11,7,2,2
gmm_SM,gmm,SM,29,studio_M1.wav,122.17302847262454,46.84452649479421,96,4.51071725630841,77.44138823785687,17.073170731707318,33.0084254086242,5.273028472624532,20.44452649479421,88,19,6,6,0.9361702127659575,0.76,0.8480851063829787,0.8480851063829787,0.8991596638655462,2,11,7,2,2
gmm_SM,gmm,SM,47,studio_M1.wav,122.17302847262454,46.84452649479421,96,4.51071725630841,77.44138823785687,17.073170731707318,33.0084254086242,5.273028472624532,20.44452649479421,88,19,6,6,0.9361702127659575,0.76,0.8480851063829787,0.8480851063829787,0.8991596638655462,2,11,7,2,2
logistic_PSM,logistic,PSM,11,studio_M1.wav,112.94911501831884,27.7021050009277,98,3.3797134146117793,4.932215912604923,19.51219512195122,9.27470814972264,3.9508849816811704,1.3021050009276998,88,17,8,6,0.9361702127659575,0.68,0.8080851063829788,0.8173245614035087,0.8823529411764706,2,13,7,4,2
logistic_PSM,logistic,PSM,29,studio_M1.wav,112.94911501831884,27.7021050009277,98,3.3797134146117793,4.932215912604923,19.51219512195122,9.27470814972264,3.9508849816811704,1.3021050009276998,88,17,8,6,0.9361702127659575,0.68,0.8080851063829788,0.8173245614035087,0.8823529411764706,2,13,7,4,2
logistic_PSM,logistic,PSM,47,studio_M1.wav,112.94911501831884,27.7021050009277,98,3.3797134146117793,4.932215912604923,19.51219512195122,9.27470814972264,3.9508849816811704,1.3021050009276998,88,17,8,6,0.9361702127659575,0.68,0.8080851063829788,0.8173245614035087,0.8823529411764706,2,13,7,4,2
svm_PSM,svm,PSM,11,studio_M1.wav,112.89484142884294,27.992573850380083,100,3.426140779432907,6.032476705985168,21.951219512195124,10.469945665871066,4.005158571157068,1.5925738503800844,90,17,8,4,0.9574468085106383,0.68,0.8187234042553192,0.8383152173913043,0.8991596638655462,2,15,9,4,2
svm_PSM,svm,PSM,29,studio_M1.wav,112.89484142884294,27.992573850380083,100,3.426140779432907,6.032476705985168,21.951219512195124,10.469945665871066,4.005158571157068,1.5925738503800844,90,17,8,4,0.9574468085106383,0.68,0.8187234042553192,0.8383152173913043,0.8991596638655462,2,15,9,4,2
svm_PSM,svm,PSM,47,studio_M1.wav,112.89484142884294,27.992573850380083,100,3.426140779432907,6.032476705985168,21.951219512195124,10.469945665871066,4.005158571157068,1.5925738503800844,90,17,8,4,0.9574468085106383,0.68,0.8187234042553192,0.8383152173913043,0.8991596638655462,2,15,9,4,2
knn_PSM,knn,PSM,11,studio_M1.wav,115.52756591293888,27.091003863064415,92,1.1740240265706783,2.6174388752440025,12.195121951219512,5.328861617678064,1.372434087061123,0.6910038630644166,87,20,5,7,0.925531914893617,0.8,0.8627659574468085,0.8523573200992556,0.8991596638655462,0,7,6,1,0
knn_PSM,knn,PSM,29,studio_M1.wav,115.52756591293888,27.091003863064415,92,1.1740240265706783,2.6174388752440025,12.195121951219512,5.328861617678064,1.372434087061123,0.6910038630644166,87,20,5,7,0.925531914893617,0.8,0.8627659574468085,0.8523573200992556,0.8991596638655462,0,7,6,1,0
knn_PSM,knn,PSM,47,studio_M1.wav,115.52756591293888,27.091003863064415,92,1.1740240265706783,2.6174388752440025,12.195121951219512,5.328861617678064,1.372434087061123,0.6910038630644166,87,20,5,7,0.925531914893617,0.8,0.8627659574468085,0.8523573200992556,0.8991596638655462,0,7,6,1,0
rf_PSM,rf,PSM,11,studio_M1.wav,114.69181962867633,35.379334985698655,102,1.8889481362905713,34.01263252158582,24.390243902439025,20.097274853438474,2.208180371323678,8.979334985698657,90,17,8,4,0.9574468085106383,0.68,0.8187234042553192,0.8383152173913043,0.8991596638655462,4,17,9,4,4
rf_PSM,rf,PSM,29,studio_M1.wav,115.48504694428391,35.27895595599389,100,1.2103961126741636,33.63240892421928,21.951219512195124,18.931341516362853,1.4149530557160972,8.878955955993888,90,17,8,4,0.9574468085106383,0.68,0.8187234042553192,0.8383152173913043,0.8991596638655462,2,15,9,4,2
rf_PSM,rf,PSM,47,studio_M1.wav,117.59951805447868,40.980247946879906,101,0.5983901235916795,55.22821191999966,23.170731707317074,26.332444583636136,0.6995180544786734,14.580247946879908,90,17,8,4,0.9574468085106383,0.68,0.8187234042553192,0.8383152173913043,0.8991596638655462,3,16,9,4,3
gmm_PSM,gmm,PSM,11,studio_M1.wav,116.41439286218397,26.124096088259474,86,0.415403881793013,1.0450905747747137,4.878048780487805,2.112847745685177,0.48560713781603226,0.2759039117405244,82,21,4,12,0.8723404255319149,0.84,0.8561702127659574,0.8176245210727969,0.865546218487395,0,1,1,0,0
gmm_PSM,gmm,PSM,29,studio_M1.wav,121.14597111427028,46.90707418707721,98,3.632139533165334,77.67831131468641,19.51219512195122,33.60754865660099,4.245971114270276,20.507074187077208,88,17,8,6,0.9361702127659575,0.68,0.8080851063829788,0.8173245614035087,0.8823529411764706,2,13,7,4,2
gmm_PSM,gmm,PSM,47,studio_M1.wav,121.14597111427028,46.90707418707721,98,3.632139533165334,77.67831131468641,19.51219512195122,33.60754865660099,4.245971114270276,20.507074187077208,88,17,8,6,0.9361702127659575,0.68,0.8080851063829788,0.8173245614035087,0.8823529411764706,2,13,7,4,2
logistic_ESM,logistic,ESM,11,studio_M1.wav,117.21248403871098,26.76564204434859,91,0.2673088440641378,1.3850077437446588,10.975609756097562,4.209308781302119,0.3124840387109771,0.36564204434858993,86,20,5,8,0.9148936170212766,0.8,0.8574468085106384,0.8422233554309027,0.8907563025210085,0,6,5,1,0
logistic_ESM,logistic,ESM,29,studio_M1.wav,117.21248403871098,26.76564204434859,91,0.2673088440641378,1.3850077437446588,10.975609756097562,4.209308781302119,0.3124840387109771,0.36564204434858993,86,20,5,8,0.9148936170212766,0.8,0.8574468085106384,0.8422233554309027,0.8907563025210085,0,6,5,1,0
logistic_ESM,logistic,ESM,47,studio_M1.wav,117.21248403871098,26.76564204434859,91,0.2673088440641378,1.3850077437446588,10.975609756097562,4.209308781302119,0.3124840387109771,0.36564204434858993,86,20,5,8,0.9148936170212766,0.8,0.8574468085106384,0.8422233554309027,0.8907563025210085,0,6,5,1,0
svm_ESM,svm,ESM,11,studio_M1.wav,117.3520476892498,26.653051252702923,92,0.3866960558167625,0.9585274723595626,12.195121951219512,4.513448493131945,0.4520476892497953,0.2530512527029245,87,20,5,7,0.925531914893617,0.8,0.8627659574468085,0.8523573200992556,0.8991596638655462,0,7,6,1,0
svm_ESM,svm,ESM,29,studio_M1.wav,117.3520476892498,26.653051252702923,92,0.3866960558167625,0.9585274723595626,12.195121951219512,4.513448493131945,0.4520476892497953,0.2530512527029245,87,20,5,7,0.925531914893617,0.8,0.8627659574468085,0.8523573200992556,0.8991596638655462,0,7,6,1,0
svm_ESM,svm,ESM,47,studio_M1.wav,117.3520476892498,26.653051252702923,92,0.3866960558167625,0.9585274723595626,12.195121951219512,4.513448493131945,0.4520476892497953,0.2530512527029245,87,20,5,7,0.925531914893617,0.8,0.8627659574468085,0.8523573200992556,0.8991596638655462,0,7,6,1,0
knn_ESM,knn,ESM,11,studio_M1.wav,115.08498724418797,26.906634717864442,91,1.5526199793088404,1.91907090100168,10.975609756097562,4.815766878802694,1.8150127558120346,0.5066347178644435,86,20,5,8,0.9148936170212766,0.8,0.8574468085106384,0.8422233554309027,0.8907563025210085,0,6,5,1,0
knn_ESM,knn,ESM,29,studio_M1.wav,115.08498724418797,26.906634717864442,91,1.5526199793088404,1.91907090100168,10.975609756097562,4.815766878802694,1.8150127558120346,0.5066347178644435,86,20,5,8,0.9148936170212766,0.8,0.8574468085106384,0.8422233554309027,0.8907563025210085,0,6,5,1,0
knn_ESM,knn,ESM,47,studio_M1.wav,115.08498724418797,26.906634717864442,91,1.5526199793088404,1.91907090100168,10.975609756097562,4.815766878802694,1.8150127558120346,0.5066347178644435,86,20,5,8,0.9148936170212766,0.8,0.8574468085106384,0.8422233554309027,0.8907563025210085,0,6,5,1,0
rf_ESM,rf,ESM,11,studio_M1.wav,117.21248403871098,26.76564204434859,91,0.2673088440641378,1.3850077437446588,10.975609756097562,4.209308781302119,0.3124840387109771,0.36564204434858993,86,20,5,8,0.9148936170212766,0.8,0.8574468085106384,0.8422233554309027,0.8907563025210085,0,6,5,1,0
rf_ESM,rf,ESM,29,studio_M1.wav,117.3520476892498,26.653051252702923,92,0.3866960558167625,0.9585274723595626,12.195121951219512,4.513448493131945,0.4520476892497953,0.2530512527029245,87,20,5,7,0.925531914893617,0.8,0.8627659574468085,0.8523573200992556,0.8991596638655462,0,7,6,1,0
rf_ESM,rf,ESM,47,studio_M1.wav,117.3520476892498,26.653051252702923,92,0.3866960558167625,0.9585274723595626,12.195121951219512,4.513448493131945,0.4520476892497953,0.2530512527029245,87,20,5,7,0.925531914893617,0.8,0.8627659574468085,0.8523573200992556,0.8991596638655462,0,7,6,1,0
gmm_ESM,gmm,ESM,11,studio_M1.wav,116.71547966121807,26.205268293542144,89,0.1578446011821529,0.7376201002191473,8.536585365853659,3.1440166890849865,0.18452033878193674,0.19473170645785487,84,20,5,10,0.8936170212765957,0.8,0.8468085106382979,0.8226527570789866,0.8739495798319328,0,4,3,1,0
gmm_ESM,gmm,ESM,29,studio_M1.wav,117.00797178905374,25.94463831499663,87,0.09236252271491469,1.724854867436999,6.097560975609756,2.63825945525389,0.10797178905373528,0.4553616850033677,83,21,4,11,0.8829787234042553,0.84,0.8614893617021276,0.8269845885431811,0.8739495798319328,0,2,2,0,0
gmm_ESM,gmm,ESM,47,studio_M1.wav,117.00797178905374,25.94463831499663,87,0.09236252271491469,1.724854867436999,6.097560975609756,2.63825945525389,0.10797178905373528,0.4553616850033677,83,21,4,11,0.8829787234042553,0.84,0.8614893617021276,0.8269845885431811,0.8739495798319328,0,2,2,0,0
logistic_PESM,logistic,PESM,11,studio_M1.wav,117.21248403871098,26.76564204434859,91,0.2673088440641378,1.3850077437446588,10.975609756097562,4.209308781302119,0.3124840387109771,0.36564204434858993,86,20,5,8,0.9148936170212766,0.8,0.8574468085106384,0.8422233554309027,0.8907563025210085,0,6,5,1,0
logistic_PESM,logistic,PESM,29,studio_M1.wav,117.21248403871098,26.76564204434859,91,0.2673088440641378,1.3850077437446588,10.975609756097562,4.209308781302119,0.3124840387109771,0.36564204434858993,86,20,5,8,0.9148936170212766,0.8,0.8574468085106384,0.8422233554309027,0.8907563025210085,0,6,5,1,0
logistic_PESM,logistic,PESM,47,studio_M1.wav,117.21248403871098,26.76564204434859,91,0.2673088440641378,1.3850077437446588,10.975609756097562,4.209308781302119,0.3124840387109771,0.36564204434858993,86,20,5,8,0.9148936170212766,0.8,0.8574468085106384,0.8422233554309027,0.8907563025210085,0,6,5,1,0
svm_PESM,svm,PESM,11,studio_M1.wav,116.88085969629522,26.891862312750895,93,0.016373228147808123,1.8631148210261232,13.414634146341463,5.098040731838465,0.019140303704787698,0.49186231275089654,88,20,5,6,0.9361702127659575,0.8,0.8680851063829788,0.8627450980392157,0.907563025210084,0,8,7,1,0
svm_PESM,svm,PESM,29,studio_M1.wav,116.88085969629522,26.891862312750895,93,0.016373228147808123,1.8631148210261232,13.414634146341463,5.098040731838465,0.019140303704787698,0.49186231275089654,88,20,5,6,0.9361702127659575,0.8,0.8680851063829788,0.8627450980392157,0.907563025210084,0,8,7,1,0
svm_PESM,svm,PESM,47,studio_M1.wav,116.88085969629522,26.891862312750895,93,0.016373228147808123,1.8631148210261232,13.414634146341463,5.098040731838465,0.019140303704787698,0.49186231275089654,88,20,5,6,0.9361702127659575,0.8,0.8680851063829788,0.8627450980392157,0.907563025210084,0,8,7,1,0
knn_PESM,knn,PESM,11,studio_M1.wav,115.52756591293888,27.091003863064415,92,1.1740240265706783,2.6174388752440025,12.195121951219512,5.328861617678064,1.372434087061123,0.6910038630644166,87,20,5,7,0.925531914893617,0.8,0.8627659574468085,0.8523573200992556,0.8991596638655462,0,7,6,1,0
knn_PESM,knn,PESM,29,studio_M1.wav,115.52756591293888,27.091003863064415,92,1.1740240265706783,2.6174388752440025,12.195121951219512,5.328861617678064,1.372434087061123,0.6910038630644166,87,20,5,7,0.925531914893617,0.8,0.8627659574468085,0.8523573200992556,0.8991596638655462,0,7,6,1,0
knn_PESM,knn,PESM,47,studio_M1.wav,115.52756591293888,27.091003863064415,92,1.1740240265706783,2.6174388752440025,12.195121951219512,5.328861617678064,1.372434087061123,0.6910038630644166,87,20,5,7,0.925531914893617,0.8,0.8627659574468085,0.8523573200992556,0.8991596638655462,0,7,6,1,0
rf_PESM,rf,PESM,11,studio_M1.wav,116.23688691773374,27.282147454372726,93,0.5672481456512096,3.3414676301997264,13.414634146341463,5.774449974064133,0.6631130822662641,0.8821474543727277,86,18,7,8,0.9148936170212766,0.72,0.8174468085106383,0.8128342245989305,0.8739495798319328,0,8,5,3,0
rf_PESM,rf,PESM,29,studio_M1.wav,117.21248403871098,26.76564204434859,91,0.2673088440641378,1.3850077437446588,10.975609756097562,4.209308781302119,0.3124840387109771,0.36564204434858993,86,20,5,8,0.9148936170212766,0.8,0.8574468085106384,0.8422233554309027,0.8907563025210085,0,6,5,1,0
rf_PESM,rf,PESM,47,studio_M1.wav,116.73769143333887,27.002344186858398,92,0.13884394068531974,2.2816067684030283,12.195121951219512,4.871857553435953,0.1623085666611388,0.6023441868583994,87,20,5,7,0.925531914893617,0.8,0.8627659574468085,0.8523573200992556,0.8991596638655462,0,7,6,1,0
gmm_PESM,gmm,PESM,11,studio_M1.wav,117.00797178905374,25.94463831499663,87,0.09236252271491469,1.724854867436999,6.097560975609756,2.63825945525389,0.10797178905373528,0.4553616850033677,83,21,4,11,0.8829787234042553,0.84,0.8614893617021276,0.8269845885431811,0.8739495798319328,0,2,2,0,0
gmm_PESM,gmm,PESM,29,studio_M1.wav,115.25766535669187,27.069036022215098,93,1.4049055973551172,2.5342273568753764,13.414634146341463,5.784589033523986,1.642334643308132,0.6690360222150993,88,20,5,6,0.9361702127659575,0.8,0.8680851063829788,0.8627450980392157,0.907563025210084,0,8,7,1,0
gmm_PESM,gmm,PESM,47,studio_M1.wav,115.25766535669187,27.069036022215098,93,1.4049055973551172,2.5342273568753764,13.414634146341463,5.784589033523986,1.642334643308132,0.6690360222150993,88,20,5,6,0.9361702127659575,0.8,0.8680851063829788,0.8627450980392157,0.907563025210084,0,8,7,1,0
logistic_ZSM,logistic,ZSM,11,studio_M1.wav,114.76284212204295,27.103671170721096,92,1.8281932232310103,2.665421101216279,12.195121951219512,5.562912091888934,2.1371578779570513,0.7036711707210976,83,19,6,11,0.8829787234042553,0.76,0.8214893617021277,0.7990064580228515,0.8571428571428571,3,7,2,2,3
logistic_ZSM,logistic,ZSM,29,studio_M1.wav,114.76284212204295,27.103671170721096,92,1.8281932232310103,2.665421101216279,12.195121951219512,5.562912091888934,2.1371578779570513,0.7036711707210976,83,19,6,11,0.8829787234042553,0.76,0.8214893617021277,0.7990064580228515,0.8571428571428571,3,7,2,2,3
logistic_ZSM,logistic,ZSM,47,studio_M1.wav,114.76284212204295,27.103671170721096,92,1.8281932232310103,2.665421101216279,12.195121951219512,5.562912091888934,2.1371578779570513,0.7036711707210976,83,19,6,11,0.8829787234042553,0.76,0.8214893617021277,0.7990064580228515,0.8571428571428571,3,7,2,2,3
svm_ZSM,svm,ZSM,11,studio_M1.wav,120.27971667687957,41.82515822679957,94,2.8911177732075,58.42862964696808,14.634146341463415,25.317964587212998,3.3797166768795677,15.425158226799574,85,18,7,9,0.9042553191489362,0.72,0.8121276595744681,0.803143093465674,0.865546218487395,2,9,4,3,2
svm_ZSM,svm,ZSM,29,studio_M1.wav,120.27971667687957,41.82515822679957,94,2.8911177732075,58.42862964696808,14.634146341463415,25.317964587212998,3.3797166768795677,15.425158226799574,85,18,7,9,0.9042553191489362,0.72,0.8121276595744681,0.803143093465674,0.865546218487395,2,9,4,3,2
svm_ZSM,svm,ZSM,47,studio_M1.wav,120.27971667687957,41.82515822679957,94,2.8911177732075,58.42862964696808,14.634146341463415,25.317964587212998,3.3797166768795677,15.425158226799574,85,18,7,9,0.9042553191489362,0.72,0.8121276595744681,0.803143093465674,0.865546218487395,2,9,4,3,2
knn_ZSM,knn,ZSM,11,studio_M1.wav,115.43031430823959,26.61954364949968,88,1.2572161606162686,0.8316047329533354,7.317073170731708,3.1352980214337705,1.469685691760418,0.21954364949968053,83,20,5,11,0.8829787234042553,0.8,0.8414893617021277,0.8131868131868132,0.865546218487395,0,3,2,1,0
knn_ZSM,knn,ZSM,29,studio_M1.wav,115.43031430823959,26.61954364949968,88,1.2572161606162686,0.8316047329533354,7.317073170731708,3.1352980214337705,1.469685691760418,0.21954364949968053,83,20,5,11,0.8829787234042553,0.8,0.8414893617021277,0.8131868131868132,0.865546218487395,0,3,2,1,0
knn_ZSM,knn,ZSM,47,studio_M1.wav,115.43031430823959,26.61954364949968,88,1.2572161606162686,0.8316047329533354,7.317073170731708,3.1352980214337705,1.469685691760418,0.21954364949968053,83,20,5,11,0.8829787234042553,0.8,0.8414893617021277,0.8131868131868132,0.865546218487395,0,3,2,1,0
rf_ZSM,rf,ZSM,11,studio_M1.wav,115.88188914264921,35.22920964630614,99,0.8709245999579053,33.44397593297781,20.73170731707317,18.348869283336295,1.0181108573507913,8.82920964630614,90,18,7,4,0.9574468085106383,0.72,0.8387234042553191,0.8541829118859308,0.907563025210084,2,14,9,3,2
rf_ZSM,rf,ZSM,29,studio_M1.wav,116.32007389133216,35.139050756216164,98,0.4960873470212561,33.1024649856673,19.51219512195122,17.703582484879927,0.5799261086678484,8.739050756216166,89,18,7,5,0.9468085106382979,0.72,0.833404255319149,0.843421052631579,0.8991596638655462,2,13,8,3,2
rf_ZSM,rf,ZSM,47,studio_M1.wav,116.31259503596888,35.14820365942337,98,0.5024849991711914,33.13713507357339,19.51219512195122,17.717271731565265,0.5874049640311227,8.748203659423375,90,18,7,4,0.9574468085106383,0.72,0.8387234042553191,0.8541829118859308,0.907563025210084,1,13,9,3,1
gmm_ZSM,gmm,ZSM,11,studio_M1.wav,116.86949328062899,34.96801511497528,95,0.026096423756217856,32.454602708239705,15.853658536585366,16.11145255619376,0.030506719371018676,8.568015114975282,86,18,7,8,0.9148936170212766,0.72,0.8174468085106383,0.8128342245989305,0.8739495798319328,2,10,5,3,2
gmm_ZSM,gmm,ZSM,29,studio_M1.wav,116.86949328062899,34.96801511497528,95,0.026096423756217856,32.454602708239705,15.853658536585366,16.11145255619376,0.030506719371018676,8.568015114975282,86,18,7,8,0.9148936170212766,0.72,0.8174468085106383,0.8128342245989305,0.8739495798319328,2,10,5,3,2
gmm_ZSM,gmm,ZSM,47,studio_M1.wav,116.86949328062899,34.96801511497528,95,0.026096423756217856,32.454602708239705,15.853658536585366,16.11145255619376,0.030506719371018676,8.568015114975282,86,18,7,8,0.9148936170212766,0.72,0.8174468085106383,0.8128342245989305,0.8739495798319328,2,10,5,3,2
logistic_PZSM,logistic,PZSM,11,studio_M1.wav,112.552383670632,27.840255461229408,99,3.7190901021112137,5.455513110717459,20.73170731707317,9.968770176633948,4.347616329368009,1.440255461229409,88,17,8,6,0.9361702127659575,0.68,0.8080851063829788,0.8173245614035087,0.8823529411764706,3,14,7,4,3
logistic_PZSM,logistic,PZSM,29,studio_M1.wav,112.552383670632,27.840255461229408,99,3.7190901021112137,5.455513110717459,20.73170731707317,9.968770176633948,4.347616329368009,1.440255461229409,88,17,8,6,0.9361702127659575,0.68,0.8080851063829788,0.8173245614035087,0.8823529411764706,3,14,7,4,3
logistic_PZSM,logistic,PZSM,47,studio_M1.wav,112.552383670632,27.840255461229408,99,3.7190901021112137,5.455513110717459,20.73170731707317,9.968770176633948,4.347616329368009,1.440255461229409,88,17,8,6,0.9361702127659575,0.68,0.8080851063829788,0.8173245614035087,0.8823529411764706,3,14,7,4,3
svm_PZSM,svm,PZSM,11,studio_M1.wav,112.52049680595624,27.883432230027115,99,3.7463671463163077,5.619061477375441,20.73170731707317,10.03237864692164,4.379503194043764,1.483432230027116,89,17,8,5,0.9468085106382979,0.68,0.813404255319149,0.827670714047009,0.8907563025210085,2,14,8,4,2
svm_PZSM,svm,PZSM,29,studio_M1.wav,112.52049680595624,27.883432230027115,99,3.7463671463163077,5.619061477375441,20.73170731707317,10.03237864692164,4.379503194043764,1.483432230027116,89,17,8,5,0.9468085106382979,0.68,0.813404255319149,0.827670714047009,0.8907563025210085,2,14,8,4,2
svm_PZSM,svm,PZSM,47,studio_M1.wav,112.52049680595624,27.883432230027115,99,3.7463671463163077,5.619061477375441,20.73170731707317,10.03237864692164,4.379503194043764,1.483432230027116,89,17,8,5,0.9468085106382979,0.68,0.813404255319149,0.827670714047009,0.8907563025210085,2,14,8,4,2
knn_PZSM,knn,PZSM,11,studio_M1.wav,115.52756591293888,27.091003863064415,92,1.1740240265706783,2.6174388752440025,12.195121951219512,5.328861617678064,1.372434087061123,0.6910038630644166,87,20,5,7,0.925531914893617,0.8,0.8627659574468085,0.8523573200992556,0.8991596638655462,0,7,6,1,0
knn_PZSM,knn,PZSM,29,studio_M1.wav,115.52756591293888,27.091003863064415,92,1.1740240265706783,2.6174388752440025,12.195121951219512,5.328861617678064,1.372434087061123,0.6910038630644166,87,20,5,7,0.925531914893617,0.8,0.8627659574468085,0.8523573200992556,0.8991596638655462,0,7,6,1,0
knn_PZSM,knn,PZSM,47,studio_M1.wav,115.52756591293888,27.091003863064415,92,1.1740240265706783,2.6174388752440025,12.195121951219512,5.328861617678064,1.372434087061123,0.6910038630644166,87,20,5,7,0.925531914893617,0.8,0.8627659574468085,0.8523573200992556,0.8991596638655462,0,7,6,1,0
rf_PZSM,rf,PZSM,11,studio_M1.wav,115.43002634746708,35.33978011761911,100,1.2574624914738481,33.862803475829956,21.951219512195124,19.02382849316631,1.4699736525329286,8.939780117619108,90,17,8,4,0.9574468085106383,0.68,0.8187234042553192,0.8383152173913043,0.8991596638655462,2,15,9,4,2
rf_PZSM,rf,PZSM,29,studio_M1.wav,115.88188914264921,35.22920964630614,99,0.8709245999579053,33.44397593297781,20.73170731707317,18.348869283336295,1.0181108573507913,8.82920964630614,90,18,7,4,0.9574468085106383,0.72,0.8387234042553191,0.8541829118859308,0.907563025210084,2,14,9,3,2
rf_PZSM,rf,PZSM,47,studio_M1.wav,118.03110428959717,41.12441299896268,102,0.9675827969180162,55.77429166273745,24.390243902439025,27.044039454031495,1.131104289597161,14.724412998962684,91,17,8,3,0.9680851063829787,0.68,0.8240425531914894,0.8492803684513529,0.907563025210084,3,17,10,4,3
gmm_PZSM,gmm,PZSM,11,studio_M1.wav,116.72145312708373,35.136573597828075,94,0.15273470737063435,33.09308180995484,14.634146341463415,15.959987619596296,0.17854687291627158,8.736573597828077,86,18,7,8,0.9148936170212766,0.72,0.8174468085106383,0.8128342245989305,0.8739495798319328,1,9,5,3,1
gmm_PZSM,gmm,PZSM,29,studio_M1.wav,116.72145312708373,35.136573597828075,94,0.15273470737063435,33.09308180995484,14.634146341463415,15.959987619596296,0.17854687291627158,8.736573597828077,86,18,7,8,0.9148936170212766,0.72,0.8174468085106383,0.8128342245989305,0.8739495798319328,1,9,5,3,1
gmm_PZSM,gmm,PZSM,47,studio_M1.wav,116.72145312708373,35.136573597828075,94,0.15273470737063435,33.09308180995484,14.634146341463415,15.959987619596296,0.17854687291627158,8.736573597828077,86,18,7,8,0.9148936170212766,0.72,0.8174468085106383,0.8128342245989305,0.8739495798319328,1,9,5,3,1
logistic_EZSM,logistic,EZSM,11,studio_M1.wav,117.21248403871098,26.76564204434859,91,0.2673088440641378,1.3850077437446588,10.975609756097562,4.209308781302119,0.3124840387109771,0.36564204434858993,86,20,5,8,0.9148936170212766,0.8,0.8574468085106384,0.8422233554309027,0.8907563025210085,0,6,5,1,0
logistic_EZSM,logistic,EZSM,29,studio_M1.wav,117.21248403871098,26.76564204434859,91,0.2673088440641378,1.3850077437446588,10.975609756097562,4.209308781302119,0.3124840387109771,0.36564204434858993,86,20,5,8,0.9148936170212766,0.8,0.8574468085106384,0.8422233554309027,0.8907563025210085,0,6,5,1,0
logistic_EZSM,logistic,EZSM,47,studio_M1.wav,117.21248403871098,26.76564204434859,91,0.2673088440641378,1.3850077437446588,10.975609756097562,4.209308781302119,0.3124840387109771,0.36564204434858993,86,20,5,8,0.9148936170212766,0.8,0.8574468085106384,0.8422233554309027,0.8907563025210085,0,6,5,1,0
svm_EZSM,svm,EZSM,11,studio_M1.wav,117.3520476892498,26.653051252702923,92,0.3866960558167625,0.9585274723595626,12.195121951219512,4.513448493131945,0.4520476892497953,0.2530512527029245,87,20,5,7,0.925531914893617,0.8,0.8627659574468085,0.8523573200992556,0.8991596638655462,0,7,6,1,0
svm_EZSM,svm,EZSM,29,studio_M1.wav,117.3520476892498,26.653051252702923,92,0.3866960558167625,0.9585274723595626,12.195121951219512,4.513448493131945,0.4520476892497953,0.2530512527029245,87,20,5,7,0.925531914893617,0.8,0.8627659574468085,0.8523573200992556,0.8991596638655462,0,7,6,1,0
svm_EZSM,svm,EZSM,47,studio_M1.wav,117.3520476892498,26.653051252702923,92,0.3866960558167625,0.9585274723595626,12.195121951219512,4.513448493131945,0.4520476892497953,0.2530512527029245,87,20,5,7,0.925531914893617,0.8,0.8627659574468085,0.8523573200992556,0.8991596638655462,0,7,6,1,0
knn_EZSM,knn,EZSM,11,studio_M1.wav,116.02826066514255,26.452806488762864,89,0.7457137167300699,0.20002457864721668,8.536585365853659,3.1607745537436487,0.8717393348574518,0.0528064887628652,84,20,5,10,0.8936170212765957,0.8,0.8468085106382979,0.8226527570789866,0.8739495798319328,0,4,3,1,0
knn_EZSM,knn,EZSM,29,studio_M1.wav,116.02826066514255,26.452806488762864,89,0.7457137167300699,0.20002457864721668,8.536585365853659,3.1607745537436487,0.8717393348574518,0.0528064887628652,84,20,5,10,0.8936170212765957,0.8,0.8468085106382979,0.8226527570789866,0.8739495798319328,0,4,3,1,0
knn_EZSM,knn,EZSM,47,studio_M1.wav,116.02826066514255,26.452806488762864,89,0.7457137167300699,0.20002457864721668,8.536585365853659,3.1607745537436487,0.8717393348574518,0.0528064887628652,84,20,5,10,0.8936170212765957,0.8,0.8468085106382979,0.8226527570789866,0.8739495798319328,0,4,3,1,0
rf_EZSM,rf,EZSM,11,studio_M1.wav,117.21248403871098,26.76564204434859,91,0.2673088440641378,1.3850077437446588,10.975609756097562,4.209308781302119,0.3124840387109771,0.36564204434858993,86,20,5,8,0.9148936170212766,0.8,0.8574468085106384,0.8422233554309027,0.8907563025210085,0,6,5,1,0
rf_EZSM,rf,EZSM,29,studio_M1.wav,117.21248403871098,26.76564204434859,91,0.2673088440641378,1.3850077437446588,10.975609756097562,4.209308781302119,0.3124840387109771,0.36564204434858993,86,20,5,8,0.9148936170212766,0.8,0.8574468085106384,0.8422233554309027,0.8907563025210085,0,6,5,1,0
rf_EZSM,rf,EZSM,47,studio_M1.wav,117.21248403871098,26.76564204434859,91,0.2673088440641378,1.3850077437446588,10.975609756097562,4.209308781302119,0.3124840387109771,0.36564204434858993,86,20,5,8,0.9148936170212766,0.8,0.8574468085106384,0.8422233554309027,0.8907563025210085,0,6,5,1,0
gmm_EZSM,gmm,EZSM,11,studio_M1.wav,116.65791859782725,26.388883874983154,90,0.2070841763667733,0.042106534154713396,9.75609756097561,3.3350960904990323,0.24208140217275798,0.011116125016844336,85,20,5,9,0.9042553191489362,0.8,0.8521276595744681,0.8323268921095008,0.8823529411764706,0,5,4,1,0
gmm_EZSM,gmm,EZSM,29,studio_M1.wav,116.65791859782725,26.388883874983154,90,0.2070841763667733,0.042106534154713396,9.75609756097561,3.3350960904990323,0.24208140217275798,0.011116125016844336,85,20,5,9,0.9042553191489362,0.8,0.8521276595744681,0.8323268921095008,0.8823529411764706,0,5,4,1,0
gmm_EZSM,gmm,EZSM,47,studio_M1.wav,116.65791859782725,26.388883874983154,90,0.2070841763667733,0.042106534154713396,9.75609756097561,3.3350960904990323,0.24208140217275798,0.011116125016844336,85,20,5,9,0.9042553191489362,0.8,0.8521276595744681,0.8323268921095008,0.8823529411764706,0,5,4,1,0
logistic_PEZSM,logistic,PEZSM,11,studio_M1.wav,117.21248403871098,26.76564204434859,91,0.2673088440641378,1.3850077437446588,10.975609756097562,4.209308781302119,0.3124840387109771,0.36564204434858993,86,20,5,8,0.9148936170212766,0.8,0.8574468085106384,0.8422233554309027,0.8907563025210085,0,6,5,1,0
logistic_PEZSM,logistic,PEZSM,29,studio_M1.wav,117.21248403871098,26.76564204434859,91,0.2673088440641378,1.3850077437446588,10.975609756097562,4.209308781302119,0.3124840387109771,0.36564204434858993,86,20,5,8,0.9148936170212766,0.8,0.8574468085106384,0.8422233554309027,0.8907563025210085,0,6,5,1,0
logistic_PEZSM,logistic,PEZSM,47,studio_M1.wav,117.21248403871098,26.76564204434859,91,0.2673088440641378,1.3850077437446588,10.975609756097562,4.209308781302119,0.3124840387109771,0.36564204434858993,86,20,5,8,0.9148936170212766,0.8,0.8574468085106384,0.8422233554309027,0.8907563025210085,0,6,5,1,0
svm_PEZSM,svm,PEZSM,11,studio_M1.wav,116.88085969629522,26.891862312750895,93,0.016373228147808123,1.8631148210261232,13.414634146341463,5.098040731838465,0.019140303704787698,0.49186231275089654,88,20,5,6,0.9361702127659575,0.8,0.8680851063829788,0.8627450980392157,0.907563025210084,0,8,7,1,0
svm_PEZSM,svm,PEZSM,29,studio_M1.wav,116.88085969629522,26.891862312750895,93,0.016373228147808123,1.8631148210261232,13.414634146341463,5.098040731838465,0.019140303704787698,0.49186231275089654,88,20,5,6,0.9361702127659575,0.8,0.8680851063829788,0.8627450980392157,0.907563025210084,0,8,7,1,0
svm_PEZSM,svm,PEZSM,47,studio_M1.wav,116.88085969629522,26.891862312750895,93,0.016373228147808123,1.8631148210261232,13.414634146341463,5.098040731838465,0.019140303704787698,0.49186231275089654,88,20,5,6,0.9361702127659575,0.8,0.8680851063829788,0.8627450980392157,0.907563025210084,0,8,7,1,0
knn_PEZSM,knn,PEZSM,11,studio_M1.wav,115.52756591293888,27.091003863064415,92,1.1740240265706783,2.6174388752440025,12.195121951219512,5.328861617678064,1.372434087061123,0.6910038630644166,87,20,5,7,0.925531914893617,0.8,0.8627659574468085,0.8523573200992556,0.8991596638655462,0,7,6,1,0
knn_PEZSM,knn,PEZSM,29,studio_M1.wav,115.52756591293888,27.091003863064415,92,1.1740240265706783,2.6174388752440025,12.195121951219512,5.328861617678064,1.372434087061123,0.6910038630644166,87,20,5,7,0.925531914893617,0.8,0.8627659574468085,0.8523573200992556,0.8991596638655462,0,7,6,1,0
knn_PEZSM,knn,PEZSM,47,studio_M1.wav,115.52756591293888,27.091003863064415,92,1.1740240265706783,2.6174388752440025,12.195121951219512,5.328861617678064,1.372434087061123,0.6910038630644166,87,20,5,7,0.925531914893617,0.8,0.8627659574468085,0.8523573200992556,0.8991596638655462,0,7,6,1,0
rf_PEZSM,rf,PEZSM,11,studio_M1.wav,117.21248403871098,26.76564204434859,91,0.2673088440641378,1.3850077437446588,10.975609756097562,4.209308781302119,0.3124840387109771,0.36564204434858993,86,20,5,8,0.9148936170212766,0.8,0.8574468085106384,0.8422233554309027,0.8907563025210085,0,6,5,1,0
rf_PEZSM,rf,PEZSM,29,studio_M1.wav,117.21248403871098,26.76564204434859,91,0.2673088440641378,1.3850077437446588,10.975609756097562,4.209308781302119,0.3124840387109771,0.36564204434858993,86,20,5,8,0.9148936170212766,0.8,0.8574468085106384,0.8422233554309027,0.8907563025210085,0,6,5,1,0
rf_PEZSM,rf,PEZSM,47,studio_M1.wav,117.21248403871098,26.76564204434859,91,0.2673088440641378,1.3850077437446588,10.975609756097562,4.209308781302119,0.3124840387109771,0.36564204434858993,86,20,5,8,0.9148936170212766,0.8,0.8574468085106384,0.8422233554309027,0.8907563025210085,0,6,5,1,0
gmm_PEZSM,gmm,PEZSM,11,studio_M1.wav,118.04435028999241,34.85131425855076,93,0.9789138494374702,32.01255400966197,13.414634146341463,15.4687006684803,1.1443502899924027,8.45131425855076,87,20,5,7,0.925531914893617,0.8,0.8627659574468085,0.8523573200992556,0.8991596638655462,1,8,6,1,1
gmm_PEZSM,gmm,PEZSM,29,studio_M1.wav,118.04435028999241,34.85131425855076,93,0.9789138494374702,32.01255400966197,13.414634146341463,15.4687006684803,1.1443502899924027,8.45131425855076,87,20,5,7,0.925531914893617,0.8,0.8627659574468085,0.8523573200992556,0.8991596638655462,1,8,6,1,1
gmm_PEZSM,gmm,PEZSM,47,studio_M1.wav,118.04435028999241,34.85131425855076,93,0.9789138494374702,32.01255400966197,13.414634146341463,15.4687006684803,1.1443502899924027,8.45131425855076,87,20,5,7,0.925531914893617,0.8,0.8627659574468085,0.8523573200992556,0.8991596638655462,1,8,6,1,1
