file,option_id,frame,time_s,label,baseline_voiced,candidate_voiced,baseline_hz,candidate_hz
phone_F1.wav,pefac_whole_q0.2,53,0.5425,v,True,False,225.76925166696077,
phone_F1.wav,pefac_whole_q0.2,54,0.5525,v,True,True,219.78138562997873,218.7578073039541
phone_F1.wav,pefac_whole_q0.2,55,0.5625,v,True,True,218.90510794682638,217.1296327420144
phone_F1.wav,pefac_whole_q0.2,56,0.5725,v,True,True,218.8938312729966,217.1296327420144
phone_F1.wav,pefac_whole_q0.2,57,0.5825,v,True,True,218.10200701567044,217.1296327420144
phone_F1.wav,pefac_whole_q0.2,58,0.5925,v,True,True,218.81768787226898,218.7578073039541
phone_F1.wav,pefac_whole_q0.2,59,0.6025,v,True,True,219.05474651386038,220.39819094288907
phone_F1.wav,pefac_whole_q0.2,60,0.6125,v,True,True,221.52003189709677,227.08365762393038
phone_F1.wav,pefac_whole_q0.2,61,0.6225,v,True,True,224.67751773269822,230.50205861341283
phone_F1.wav,pefac_whole_q0.2,62,0.6325,v,True,True,228.60433852407942,232.23050803585997
phone_F1.wav,pefac_whole_q0.2,63,0.6425,v,True,True,232.2175152337647,232.23050803585997
phone_F1.wav,pefac_whole_q0.2,64,0.6525,v,True,True,231.26990565824437,228.7864737255666
phone_F1.wav,pefac_whole_q0.2,65,0.6625,v,True,True,229.8720846583009,228.7864737255666
phone_F1.wav,pefac_whole_q0.2,66,0.6725,v,True,True,227.83682994075141,228.7864737255666
phone_F1.wav,pefac_whole_q0.2,67,0.6825,v,True,True,228.43372365224633,228.7864737255666
phone_F1.wav,pefac_whole_q0.2,68,0.6925,v,True,True,229.26103315480415,228.7864737255666
phone_F1.wav,pefac_whole_q0.2,69,0.7025,v,True,True,230.3308952311697,230.50205861341283
phone_F1.wav,pefac_whole_q0.2,70,0.7125,v,True,True,231.35574144175186,232.23050803585997
phone_F1.wav,pefac_whole_q0.2,71,0.7225,v,True,True,232.20854612647383,232.23050803585997
phone_F1.wav,pefac_whole_q0.2,72,0.7325,v,True,True,232.23136949376124,233.97191845927983
phone_F1.wav,pefac_whole_q0.2,73,0.7425,v,True,True,233.02926465497202,233.97191845927983
phone_F1.wav,pefac_whole_q0.2,74,0.7525,v,True,True,232.45569759636297,233.97191845927983
phone_F1.wav,pefac_whole_q0.2,75,0.7625,v,True,True,232.17979624993683,233.97191845927983
phone_F1.wav,pefac_whole_q0.2,76,0.7725,v,True,True,230.0663077122208,232.23050803585997
phone_F1.wav,pefac_whole_q0.2,77,0.7825,v,True,True,226.29972825080839,232.23050803585997
phone_F1.wav,pefac_whole_q0.2,78,0.7925,v,True,True,221.8183311260453,233.97191845927983
phone_F1.wav,pefac_whole_q0.2,79,0.8025,v,True,True,219.14179181456484,233.97191845927983
phone_F1.wav,pefac_whole_q0.2,80,0.8125,v,True,True,234.26912646883255,233.97191845927983
phone_F1.wav,pefac_whole_q0.2,81,0.8225,v,True,True,234.85219100888276,235.72638707341073
phone_F1.wav,pefac_whole_q0.2,82,0.8325,v,True,True,235.08618017303658,235.72638707341073
phone_F1.wav,pefac_whole_q0.2,83,0.8425,v,True,True,237.36524922612253,237.49401179677977
phone_F1.wav,pefac_whole_q0.2,84,0.8525,v,True,True,239.28761701636975,237.49401179677977
phone_F1.wav,pefac_whole_q0.2,85,0.8625,v,True,True,240.91252078142247,239.2748912821696
phone_F1.wav,pefac_whole_q0.2,86,0.8725,v,True,True,242.4515134082506,241.06912492212305
phone_F1.wav,pefac_whole_q0.2,87,0.8825,v,True,True,245.8471303503279,244.6980559680206
phone_F1.wav,pefac_whole_q0.2,88,0.8925,v,True,True,248.99066590918952,248.38161508186423
phone_F1.wav,pefac_whole_q0.2,89,0.9025,v,True,True,249.52378716086042,250.2441366650435
phone_F1.wav,pefac_whole_q0.2,90,0.9125,v,True,True,248.7750445511764,250.2441366650435
phone_F1.wav,pefac_whole_q0.2,91,0.9225,v,True,True,246.8292400107358,248.38161508186423
phone_F1.wav,pefac_whole_q0.2,92,0.9325,v,True,True,242.98172452245996,123.98932924510775
phone_F1.wav,pefac_whole_q0.2,93,0.9425,v,True,True,241.16288381936178,123.0664992244707
phone_F1.wav,pefac_whole_q0.2,94,0.9525,v,True,True,239.95917182152326,244.6980559680206
phone_F1.wav,pefac_whole_q0.2,95,0.9625,v,True,True,237.9366088395598,241.06912492212305
phone_F1.wav,pefac_whole_q0.2,96,0.9725,v,True,True,232.21332350792326,233.97191845927983
phone_F1.wav,pefac_whole_q0.2,97,0.9825,v,True,True,205.845786536123,235.72638707341073
phone_F1.wav,pefac_whole_q0.2,98,0.9925,v,True,True,232.89086007909202,235.72638707341073
phone_F1.wav,pefac_whole_q0.2,99,1.0025,v,True,True,234.16078525049207,235.72638707341073
phone_F1.wav,pefac_whole_q0.2,100,1.0125,v,True,True,234.70949271571115,233.97191845927983
phone_F1.wav,pefac_whole_q0.2,101,1.0225,v,True,True,232.70731134360477,230.50205861341283
phone_F1.wav,pefac_whole_q0.2,102,1.0325,v,True,True,226.38443325728232,228.7864737255666
phone_F1.wav,pefac_whole_q0.2,103,1.0425,v,True,True,226.07004323531922,227.08365762393038
phone_F1.wav,pefac_whole_q0.2,104,1.0525,v,True,True,226.62033641326732,227.08365762393038
phone_F1.wav,pefac_whole_q0.2,105,1.0625,v,True,True,228.1805566085948,227.08365762393038
phone_F1.wav,pefac_whole_q0.2,106,1.0725,v,True,True,236.2853236463497,250.2441366650435
phone_F1.wav,pefac_whole_q0.2,107,1.0825,v,True,True,240.08052285875667,242.87681285449094
phone_F1.wav,pefac_whole_q0.2,108,1.0925,v,True,True,243.6257552084529,242.87681285449094
phone_F1.wav,pefac_whole_q0.2,109,1.1025,v,True,True,245.50362606275513,242.87681285449094
phone_F1.wav,pefac_whole_q0.2,110,1.1125,v,True,True,245.27555472828047,242.87681285449094
phone_F1.wav,pefac_whole_q0.2,111,1.1225,v,True,True,244.6002327765804,242.87681285449094
phone_F1.wav,pefac_whole_q0.2,112,1.1325,v,True,True,242.33406952377229,242.87681285449094
phone_F1.wav,pefac_whole_q0.2,114,1.1525,uv,False,True,,133.6069188972736
phone_F1.wav,pefac_whole_q0.2,115,1.1625,uv,False,True,,152.83727919922495
phone_F1.wav,pefac_whole_q0.2,116,1.1725,uv,False,True,,151.69973913528355
phone_F1.wav,pefac_whole_q0.2,117,1.1825,uv,False,True,,150.57066557508946
phone_F1.wav,pefac_whole_q0.2,118,1.1925,uv,False,True,,294.9457311117774
phone_F1.wav,pefac_whole_q0.2,119,1.2025,uv,False,True,,294.9457311117774
phone_F1.wav,pefac_whole_q0.2,120,1.2125,v,True,True,207.0692283823941,294.9457311117774
phone_F1.wav,pefac_whole_q0.2,121,1.2225,v,True,True,191.97179323022536,189.8098512611067
phone_F1.wav,pefac_whole_q0.2,122,1.2325,v,True,True,187.951391003781,186.99492549746006
phone_F1.wav,pefac_whole_q0.2,123,1.2425,v,True,True,186.08885088848098,184.22174576017696
phone_F1.wav,pefac_whole_q0.2,124,1.2525,v,True,True,183.60344700086432,182.85061682128588
phone_F1.wav,pefac_whole_q0.2,125,1.2625,v,True,True,181.48641896880545,181.48969294564225
phone_F1.wav,pefac_whole_q0.2,126,1.2725,v,True,True,180.03821736100377,181.48969294564225
phone_F1.wav,pefac_whole_q0.2,127,1.2825,v,True,True,182.87633643936059,181.48969294564225
phone_F1.wav,pefac_whole_q0.2,128,1.2925,v,True,True,182.3351497241474,182.85061682128588
phone_F1.wav,pefac_whole_q0.2,129,1.3025,v,True,True,181.8433256408566,182.85061682128588
phone_F1.wav,pefac_whole_q0.2,130,1.3125,v,True,True,181.62171013276856,182.85061682128588
phone_F1.wav,pefac_whole_q0.2,131,1.3225,v,True,True,180.83509968038052,178.79815713169637
phone_F1.wav,pefac_whole_q0.2,132,1.3325,v,True,True,180.23556957867638,161.04251511053403
phone_F1.wav,pefac_whole_q0.2,133,1.3425,v,True,True,179.85217342585645,158.65421586360247
phone_F1.wav,pefac_whole_q0.2,134,1.3525,uv,False,True,,156.3013356691427
phone_F1.wav,pefac_whole_q0.2,135,1.3625,uv,False,True,,156.3013356691427
phone_F1.wav,pefac_whole_q0.2,140,1.4125,uv,False,True,,164.69254322751766
phone_F1.wav,pefac_whole_q0.2,141,1.4225,uv,False,True,,163.46676659019937
phone_F1.wav,pefac_whole_q0.2,142,1.4325,uv,False,True,,162.25011318539134
phone_F1.wav,pefac_whole_q0.2,143,1.4425,uv,False,True,,215.51357638713148
phone_F1.wav,pefac_whole_q0.2,144,1.4525,v,True,True,218.46944793880544,212.3174581953879
phone_F1.wav,pefac_whole_q0.2,145,1.4625,v,True,True,208.2158751852807,209.16873920543404
phone_F1.wav,pefac_whole_q0.2,146,1.4725,v,True,True,204.01119457051595,204.53299939395288
phone_F1.wav,pefac_whole_q0.2,147,1.4825,v,True,True,200.73209543480667,201.49972580101405
phone_F1.wav,pefac_whole_q0.2,148,1.4925,v,True,True,198.46528031702226,198.51143638528322
phone_F1.wav,pefac_whole_q0.2,149,1.5025,v,True,True,196.44427099969334,197.0339518787417
phone_F1.wav,pefac_whole_q0.2,150,1.5125,v,True,True,195.021092902487,195.56746402058872
phone_F1.wav,pefac_whole_q0.2,151,1.5225,v,True,True,193.7154065886495,194.11189096477128
phone_F1.wav,pefac_whole_q0.2,152,1.5325,v,True,True,192.48010946229974,192.6671514744009
phone_F1.wav,pefac_whole_q0.2,153,1.5425,v,True,True,190.9890491708363,191.23316491722127
phone_F1.wav,pefac_whole_q0.2,154,1.5525,v,True,True,189.39893767343054,189.8098512611067
phone_F1.wav,pefac_whole_q0.2,155,1.5625,v,True,True,187.9974899206744,188.3971310695962
phone_F1.wav,pefac_whole_q0.2,156,1.5725,v,True,True,187.1011075453967,188.3971310695962
phone_F1.wav,pefac_whole_q0.2,157,1.5825,v,True,True,186.21894280849608,188.3971310695962
phone_F1.wav,pefac_whole_q0.2,158,1.5925,v,True,True,242.94006543595967,188.3971310695962
phone_F1.wav,pefac_whole_q0.2,159,1.6025,uv,True,True,235.40501108968257,150.57066557508946
phone_F1.wav,pefac_whole_q0.2,160,1.6125,uv,True,True,235.63628994362972,149.4499955039956
phone_F1.wav,pefac_whole_q0.2,161,1.6225,uv,False,True,,149.4499955039956
phone_F1.wav,pefac_whole_q0.2,162,1.6325,uv,False,True,,310.7802141481513
phone_F1.wav,pefac_whole_q0.2,163,1.6425,uv,False,True,,313.1106396761645
phone_F1.wav,pefac_whole_q0.2,164,1.6525,uv,False,True,,157.47338139832254
phone_F1.wav,pefac_whole_q0.2,165,1.6625,uv,False,True,,158.65421586360247
phone_F1.wav,pefac_whole_q0.2,182,1.8325,v,True,True,225.62049327141344,290.5716149535908
phone_F1.wav,pefac_whole_q0.2,183,1.8425,v,True,False,224.47460592859062,
phone_F1.wav,pefac_whole_q0.2,184,1.8525,v,False,True,,288.4089432861437
phone_F1.wav,pefac_whole_q0.2,190,1.9125,v,True,True,220.75706763998318,222.05087521015864
phone_F1.wav,pefac_whole_q0.2,191,1.9225,v,True,True,226.81115938882192,223.71595234361072
phone_F1.wav,pefac_whole_q0.2,192,1.9325,v,True,True,226.35939904539137,223.71595234361072
phone_F1.wav,pefac_whole_q0.2,193,1.9425,v,True,True,225.1919613856994,223.71595234361072
phone_F1.wav,pefac_whole_q0.2,194,1.9525,v,True,True,223.6612376294618,223.71595234361072
phone_F1.wav,pefac_whole_q0.2,195,1.9625,v,True,True,222.6718366357934,223.71595234361072
phone_F1.wav,pefac_whole_q0.2,196,1.9725,v,True,True,221.89312657105694,222.05087521015864
phone_F1.wav,pefac_whole_q0.2,197,1.9825,v,True,True,219.82164994846238,220.39819094288907
phone_F1.wav,pefac_whole_q0.2,198,1.9925,v,True,True,218.33810915110442,218.7578073039541
phone_F1.wav,pefac_whole_q0.2,199,2.0025,v,True,True,216.07436194572549,215.51357638713148
phone_F1.wav,pefac_whole_q0.2,200,2.0125,v,True,True,212.96231430995252,213.9095480456946
phone_F1.wav,pefac_whole_q0.2,201,2.0225,v,True,True,210.70048969711175,212.3174581953879
phone_F1.wav,pefac_whole_q0.2,202,2.0325,v,True,True,209.88021222985486,209.16873920543404
phone_F1.wav,pefac_whole_q0.2,203,2.0425,v,True,False,192.64248755874652,
phone_F1.wav,pefac_whole_q0.2,204,2.0525,v,True,False,190.45265351035468,
phone_F1.wav,pefac_whole_q0.2,205,2.0625,v,True,False,189.63647936982693,
phone_F1.wav,pefac_whole_q0.2,206,2.0725,v,True,True,204.45547553827413,201.49972580101405
phone_F1.wav,pefac_whole_q0.2,207,2.0825,v,True,True,205.43715720402895,203.01069748941921
phone_F1.wav,pefac_whole_q0.2,208,2.0925,v,True,True,202.96669615278105,203.01069748941921
phone_F1.wav,pefac_whole_q0.2,209,2.1025,v,True,True,201.09332461833176,201.49972580101405
phone_F1.wav,pefac_whole_q0.2,210,2.1125,v,True,True,200.0701266011689,200.00000000000003
phone_F1.wav,pefac_whole_q0.2,211,2.1225,v,True,True,198.62852873642268,198.51143638528322
phone_F1.wav,pefac_whole_q0.2,212,2.1325,v,True,True,197.21570630004348,198.51143638528322
phone_F1.wav,pefac_whole_q0.2,213,2.1425,v,True,True,195.93911665701046,197.0339518787417
phone_F1.wav,pefac_whole_q0.2,214,2.1525,v,True,True,195.14814235588815,195.56746402058872
phone_F1.wav,pefac_whole_q0.2,215,2.1625,v,True,True,193.88872954533085,195.56746402058872
phone_F1.wav,pefac_whole_q0.2,216,2.1725,v,True,True,193.0159681800306,194.11189096477128
phone_F1.wav,pefac_whole_q0.2,217,2.1825,v,True,True,192.14673582485327,192.6671514744009
phone_F1.wav,pefac_whole_q0.2,218,2.1925,v,True,True,190.26609577895346,191.23316491722127
phone_F1.wav,pefac_whole_q0.2,219,2.2025,uv,False,True,,189.8098512611067
phone_F1.wav,pefac_whole_q0.2,225,2.2625,uv,False,True,,313.1106396761645
phone_F1.wav,pefac_whole_q0.2,226,2.2725,uv,False,True,,233.97191845927983
phone_F1.wav,pefac_whole_q0.2,227,2.2825,v,True,True,233.06797257096088,233.97191845927983
phone_F1.wav,pefac_whole_q0.2,228,2.2925,v,True,True,234.26124798560107,235.72638707341073
phone_F1.wav,pefac_whole_q0.2,229,2.3025,v,True,True,235.37420673123071,235.72638707341073
phone_F1.wav,pefac_whole_q0.2,230,2.3125,v,True,True,237.20730477283053,237.49401179677977
phone_F1.wav,pefac_whole_q0.2,231,2.3225,v,True,True,240.28357077130786,239.2748912821696
phone_F1.wav,pefac_whole_q0.2,232,2.3325,v,True,True,241.87841380438286,241.06912492212305
phone_F1.wav,pefac_whole_q0.2,233,2.3425,v,False,True,,241.06912492212305
phone_F1.wav,pefac_whole_q0.2,234,2.3525,uv,False,True,,242.87681285449094
phone_F1.wav,pefac_whole_q0.2,237,2.3825,uv,False,True,,303.8924917436471
phone_F1.wav,pefac_whole_q0.2,238,2.3925,uv,False,True,,299.3856929726433
phone_F1.wav,pefac_whole_q0.2,239,2.4025,v,True,True,246.63914332994514,297.15741972601404
phone_F1.wav,pefac_whole_q0.2,240,2.4125,v,True,True,239.7413365264993,297.15741972601404
phone_F1.wav,pefac_whole_q0.2,241,2.4225,v,True,True,235.36529037442506,294.9457311117774
phone_F1.wav,pefac_whole_q0.2,242,2.4325,v,True,True,218.02686772478873,292.75050369353215
phone_F1.wav,pefac_whole_q0.2,243,2.4425,v,True,True,203.1265372670617,284.13176926420385
phone_F1.wav,pefac_whole_q0.2,244,2.4525,v,True,True,192.36891091726258,322.60840705837023
phone_F1.wav,pefac_whole_q0.2,245,2.4625,v,True,True,217.373560393574,322.60840705837023
phone_F1.wav,pefac_whole_q0.2,246,2.4725,v,True,True,191.54770254314684,286.2623679904703
phone_F1.wav,pefac_whole_q0.2,247,2.4825,v,True,True,192.16349339361497,290.5716149535908
phone_F1.wav,pefac_whole_q0.2,248,2.4925,v,True,True,191.99729084133622,308.46713355337675
phone_F1.wav,pefac_whole_q0.2,249,2.5025,v,True,True,211.06278024694768,313.1106396761645
phone_F1.wav,pefac_whole_q0.2,250,2.5125,v,False,True,,157.47338139832254
phone_F1.wav,pefac_whole_q0.2,251,2.5225,uv,False,True,,157.47338139832254
phone_F1.wav,pefac_whole_q0.2,263,2.6425,uv,False,True,,313.1106396761645
phone_F1.wav,pefac_whole_q0.2,264,2.6525,uv,False,True,,204.53299939395288
phone_F1.wav,pefac_whole_q0.2,265,2.6625,v,True,True,204.232746442535,201.49972580101405
phone_F1.wav,pefac_whole_q0.2,266,2.6725,v,True,True,200.72857451911602,198.51143638528322
phone_F1.wav,pefac_whole_q0.2,267,2.6825,v,True,True,197.75730585789083,197.0339518787417
phone_F1.wav,pefac_whole_q0.2,268,2.6925,v,True,True,195.22989021854912,195.56746402058872
phone_F1.wav,pefac_whole_q0.2,269,2.7025,v,True,True,193.04520148118934,194.11189096477128
phone_F1.wav,pefac_whole_q0.2,270,2.7125,v,True,True,190.9115881294589,191.23316491722127
phone_F1.wav,pefac_whole_q0.2,271,2.7225,v,True,True,188.57701006389223,189.8098512611067
phone_F1.wav,pefac_whole_q0.2,272,2.7325,uv,True,True,184.9028336011655,186.99492549746006
phone_F1.wav,pefac_whole_q0.2,273,2.7425,uv,False,True,,182.85061682128588
phone_F1.wav,pefac_whole_q0.2,314,3.1525,sil,False,True,,132.6125069065491
phone_F1.wav,pefac_whole_q0.5,53,0.5425,v,True,False,225.76925166696077,
phone_F1.wav,pefac_whole_q0.5,54,0.5525,v,True,True,219.78138562997873,218.7578073039541
phone_F1.wav,pefac_whole_q0.5,55,0.5625,v,True,True,218.90510794682638,217.1296327420144
phone_F1.wav,pefac_whole_q0.5,56,0.5725,v,True,True,218.8938312729966,217.1296327420144
phone_F1.wav,pefac_whole_q0.5,57,0.5825,v,True,True,218.10200701567044,217.1296327420144
phone_F1.wav,pefac_whole_q0.5,58,0.5925,v,True,True,218.81768787226898,218.7578073039541
phone_F1.wav,pefac_whole_q0.5,59,0.6025,v,True,True,219.05474651386038,220.39819094288907
phone_F1.wav,pefac_whole_q0.5,60,0.6125,v,True,True,221.52003189709677,227.08365762393038
phone_F1.wav,pefac_whole_q0.5,61,0.6225,v,True,True,224.67751773269822,230.50205861341283
phone_F1.wav,pefac_whole_q0.5,62,0.6325,v,True,True,228.60433852407942,232.23050803585997
phone_F1.wav,pefac_whole_q0.5,63,0.6425,v,True,True,232.2175152337647,232.23050803585997
phone_F1.wav,pefac_whole_q0.5,64,0.6525,v,True,True,231.26990565824437,228.7864737255666
phone_F1.wav,pefac_whole_q0.5,65,0.6625,v,True,True,229.8720846583009,228.7864737255666
phone_F1.wav,pefac_whole_q0.5,66,0.6725,v,True,True,227.83682994075141,228.7864737255666
phone_F1.wav,pefac_whole_q0.5,67,0.6825,v,True,True,228.43372365224633,228.7864737255666
phone_F1.wav,pefac_whole_q0.5,68,0.6925,v,True,True,229.26103315480415,228.7864737255666
phone_F1.wav,pefac_whole_q0.5,69,0.7025,v,True,True,230.3308952311697,230.50205861341283
phone_F1.wav,pefac_whole_q0.5,70,0.7125,v,True,True,231.35574144175186,232.23050803585997
phone_F1.wav,pefac_whole_q0.5,71,0.7225,v,True,True,232.20854612647383,232.23050803585997
phone_F1.wav,pefac_whole_q0.5,72,0.7325,v,True,True,232.23136949376124,233.97191845927983
phone_F1.wav,pefac_whole_q0.5,73,0.7425,v,True,True,233.02926465497202,233.97191845927983
phone_F1.wav,pefac_whole_q0.5,74,0.7525,v,True,True,232.45569759636297,233.97191845927983
phone_F1.wav,pefac_whole_q0.5,75,0.7625,v,True,True,232.17979624993683,233.97191845927983
phone_F1.wav,pefac_whole_q0.5,76,0.7725,v,True,True,230.0663077122208,232.23050803585997
phone_F1.wav,pefac_whole_q0.5,77,0.7825,v,True,True,226.29972825080839,232.23050803585997
phone_F1.wav,pefac_whole_q0.5,78,0.7925,v,True,True,221.8183311260453,233.97191845927983
phone_F1.wav,pefac_whole_q0.5,79,0.8025,v,True,True,219.14179181456484,233.97191845927983
phone_F1.wav,pefac_whole_q0.5,80,0.8125,v,True,True,234.26912646883255,233.97191845927983
phone_F1.wav,pefac_whole_q0.5,81,0.8225,v,True,True,234.85219100888276,235.72638707341073
phone_F1.wav,pefac_whole_q0.5,82,0.8325,v,True,True,235.08618017303658,235.72638707341073
phone_F1.wav,pefac_whole_q0.5,83,0.8425,v,True,True,237.36524922612253,237.49401179677977
phone_F1.wav,pefac_whole_q0.5,84,0.8525,v,True,True,239.28761701636975,237.49401179677977
phone_F1.wav,pefac_whole_q0.5,85,0.8625,v,True,True,240.91252078142247,239.2748912821696
phone_F1.wav,pefac_whole_q0.5,86,0.8725,v,True,True,242.4515134082506,241.06912492212305
phone_F1.wav,pefac_whole_q0.5,87,0.8825,v,True,True,245.8471303503279,244.6980559680206
phone_F1.wav,pefac_whole_q0.5,88,0.8925,v,True,True,248.99066590918952,248.38161508186423
phone_F1.wav,pefac_whole_q0.5,89,0.9025,v,True,True,249.52378716086042,250.2441366650435
phone_F1.wav,pefac_whole_q0.5,90,0.9125,v,True,True,248.7750445511764,250.2441366650435
phone_F1.wav,pefac_whole_q0.5,91,0.9225,v,True,True,246.8292400107358,248.38161508186423
phone_F1.wav,pefac_whole_q0.5,92,0.9325,v,True,True,242.98172452245996,123.98932924510775
phone_F1.wav,pefac_whole_q0.5,93,0.9425,v,True,True,241.16288381936178,123.0664992244707
phone_F1.wav,pefac_whole_q0.5,94,0.9525,v,True,True,239.95917182152326,244.6980559680206
phone_F1.wav,pefac_whole_q0.5,95,0.9625,v,True,True,237.9366088395598,241.06912492212305
phone_F1.wav,pefac_whole_q0.5,96,0.9725,v,True,False,232.21332350792326,
phone_F1.wav,pefac_whole_q0.5,97,0.9825,v,True,False,205.845786536123,
phone_F1.wav,pefac_whole_q0.5,98,0.9925,v,True,True,232.89086007909202,235.72638707341073
phone_F1.wav,pefac_whole_q0.5,99,1.0025,v,True,True,234.16078525049207,235.72638707341073
phone_F1.wav,pefac_whole_q0.5,100,1.0125,v,True,True,234.70949271571115,233.97191845927983
phone_F1.wav,pefac_whole_q0.5,101,1.0225,v,True,True,232.70731134360477,230.50205861341283
phone_F1.wav,pefac_whole_q0.5,102,1.0325,v,True,True,226.38443325728232,228.7864737255666
phone_F1.wav,pefac_whole_q0.5,103,1.0425,v,True,True,226.07004323531922,227.08365762393038
phone_F1.wav,pefac_whole_q0.5,104,1.0525,v,True,True,226.62033641326732,227.08365762393038
phone_F1.wav,pefac_whole_q0.5,105,1.0625,v,True,True,228.1805566085948,227.08365762393038
phone_F1.wav,pefac_whole_q0.5,106,1.0725,v,True,True,236.2853236463497,250.2441366650435
phone_F1.wav,pefac_whole_q0.5,107,1.0825,v,True,True,240.08052285875667,242.87681285449094
phone_F1.wav,pefac_whole_q0.5,108,1.0925,v,True,True,243.6257552084529,242.87681285449094
phone_F1.wav,pefac_whole_q0.5,109,1.1025,v,True,True,245.50362606275513,242.87681285449094
phone_F1.wav,pefac_whole_q0.5,110,1.1125,v,True,True,245.27555472828047,242.87681285449094
phone_F1.wav,pefac_whole_q0.5,111,1.1225,v,True,True,244.6002327765804,242.87681285449094
phone_F1.wav,pefac_whole_q0.5,112,1.1325,v,True,True,242.33406952377229,242.87681285449094
phone_F1.wav,pefac_whole_q0.5,118,1.1925,uv,False,True,,294.9457311117774
phone_F1.wav,pefac_whole_q0.5,119,1.2025,uv,False,True,,294.9457311117774
phone_F1.wav,pefac_whole_q0.5,120,1.2125,v,True,True,207.0692283823941,294.9457311117774
phone_F1.wav,pefac_whole_q0.5,121,1.2225,v,True,True,191.97179323022536,189.8098512611067
phone_F1.wav,pefac_whole_q0.5,122,1.2325,v,True,True,187.951391003781,186.99492549746006
phone_F1.wav,pefac_whole_q0.5,123,1.2425,v,True,True,186.08885088848098,184.22174576017696
phone_F1.wav,pefac_whole_q0.5,124,1.2525,v,True,True,183.60344700086432,182.85061682128588
phone_F1.wav,pefac_whole_q0.5,125,1.2625,v,True,True,181.48641896880545,181.48969294564225
phone_F1.wav,pefac_whole_q0.5,126,1.2725,v,True,True,180.03821736100377,181.48969294564225
phone_F1.wav,pefac_whole_q0.5,127,1.2825,v,True,True,182.87633643936059,181.48969294564225
phone_F1.wav,pefac_whole_q0.5,128,1.2925,v,True,True,182.3351497241474,182.85061682128588
phone_F1.wav,pefac_whole_q0.5,129,1.3025,v,True,True,181.8433256408566,182.85061682128588
phone_F1.wav,pefac_whole_q0.5,130,1.3125,v,True,True,181.62171013276856,182.85061682128588
phone_F1.wav,pefac_whole_q0.5,131,1.3225,v,True,True,180.83509968038052,178.79815713169637
phone_F1.wav,pefac_whole_q0.5,132,1.3325,v,True,True,180.23556957867638,161.04251511053403
phone_F1.wav,pefac_whole_q0.5,133,1.3425,v,True,True,179.85217342585645,158.65421586360247
phone_F1.wav,pefac_whole_q0.5,134,1.3525,uv,False,True,,156.3013356691427
phone_F1.wav,pefac_whole_q0.5,143,1.4425,uv,False,True,,215.51357638713148
phone_F1.wav,pefac_whole_q0.5,144,1.4525,v,True,True,218.46944793880544,212.3174581953879
phone_F1.wav,pefac_whole_q0.5,145,1.4625,v,True,True,208.2158751852807,209.16873920543404
phone_F1.wav,pefac_whole_q0.5,146,1.4725,v,True,True,204.01119457051595,204.53299939395288
phone_F1.wav,pefac_whole_q0.5,147,1.4825,v,True,True,200.73209543480667,201.49972580101405
phone_F1.wav,pefac_whole_q0.5,148,1.4925,v,True,True,198.46528031702226,198.51143638528322
phone_F1.wav,pefac_whole_q0.5,149,1.5025,v,True,True,196.44427099969334,197.0339518787417
phone_F1.wav,pefac_whole_q0.5,150,1.5125,v,True,True,195.021092902487,195.56746402058872
phone_F1.wav,pefac_whole_q0.5,151,1.5225,v,True,True,193.7154065886495,194.11189096477128
phone_F1.wav,pefac_whole_q0.5,152,1.5325,v,True,True,192.48010946229974,192.6671514744009
phone_F1.wav,pefac_whole_q0.5,153,1.5425,v,True,True,190.9890491708363,191.23316491722127
phone_F1.wav,pefac_whole_q0.5,154,1.5525,v,True,True,189.39893767343054,189.8098512611067
phone_F1.wav,pefac_whole_q0.5,155,1.5625,v,True,True,187.9974899206744,188.3971310695962
phone_F1.wav,pefac_whole_q0.5,156,1.5725,v,True,True,187.1011075453967,188.3971310695962
phone_F1.wav,pefac_whole_q0.5,157,1.5825,v,True,True,186.21894280849608,188.3971310695962
phone_F1.wav,pefac_whole_q0.5,158,1.5925,v,True,True,242.94006543595967,188.3971310695962
phone_F1.wav,pefac_whole_q0.5,159,1.6025,uv,True,False,235.40501108968257,
phone_F1.wav,pefac_whole_q0.5,160,1.6125,uv,True,False,235.63628994362972,
phone_F1.wav,pefac_whole_q0.5,161,1.6225,uv,False,True,,149.4499955039956
phone_F1.wav,pefac_whole_q0.5,162,1.6325,uv,False,True,,310.7802141481513
phone_F1.wav,pefac_whole_q0.5,163,1.6425,uv,False,True,,313.1106396761645
phone_F1.wav,pefac_whole_q0.5,164,1.6525,uv,False,True,,157.47338139832254
phone_F1.wav,pefac_whole_q0.5,165,1.6625,uv,False,True,,158.65421586360247
phone_F1.wav,pefac_whole_q0.5,182,1.8325,v,True,False,225.62049327141344,
phone_F1.wav,pefac_whole_q0.5,183,1.8425,v,True,False,224.47460592859062,
phone_F1.wav,pefac_whole_q0.5,190,1.9125,v,True,False,220.75706763998318,
phone_F1.wav,pefac_whole_q0.5,191,1.9225,v,True,True,226.81115938882192,223.71595234361072
phone_F1.wav,pefac_whole_q0.5,192,1.9325,v,True,True,226.35939904539137,223.71595234361072
phone_F1.wav,pefac_whole_q0.5,193,1.9425,v,True,True,225.1919613856994,223.71595234361072
phone_F1.wav,pefac_whole_q0.5,194,1.9525,v,True,True,223.6612376294618,223.71595234361072
phone_F1.wav,pefac_whole_q0.5,195,1.9625,v,True,True,222.6718366357934,223.71595234361072
phone_F1.wav,pefac_whole_q0.5,196,1.9725,v,True,True,221.89312657105694,222.05087521015864
phone_F1.wav,pefac_whole_q0.5,197,1.9825,v,True,True,219.82164994846238,220.39819094288907
phone_F1.wav,pefac_whole_q0.5,198,1.9925,v,True,True,218.33810915110442,218.7578073039541
phone_F1.wav,pefac_whole_q0.5,199,2.0025,v,True,True,216.07436194572549,215.51357638713148
phone_F1.wav,pefac_whole_q0.5,200,2.0125,v,True,True,212.96231430995252,213.9095480456946
phone_F1.wav,pefac_whole_q0.5,201,2.0225,v,True,True,210.70048969711175,212.3174581953879
phone_F1.wav,pefac_whole_q0.5,202,2.0325,v,True,False,209.88021222985486,
phone_F1.wav,pefac_whole_q0.5,203,2.0425,v,True,False,192.64248755874652,
phone_F1.wav,pefac_whole_q0.5,204,2.0525,v,True,False,190.45265351035468,
phone_F1.wav,pefac_whole_q0.5,205,2.0625,v,True,False,189.63647936982693,
phone_F1.wav,pefac_whole_q0.5,206,2.0725,v,True,True,204.45547553827413,201.49972580101405
phone_F1.wav,pefac_whole_q0.5,207,2.0825,v,True,True,205.43715720402895,203.01069748941921
phone_F1.wav,pefac_whole_q0.5,208,2.0925,v,True,True,202.96669615278105,203.01069748941921
phone_F1.wav,pefac_whole_q0.5,209,2.1025,v,True,True,201.09332461833176,201.49972580101405
phone_F1.wav,pefac_whole_q0.5,210,2.1125,v,True,True,200.0701266011689,200.00000000000003
phone_F1.wav,pefac_whole_q0.5,211,2.1225,v,True,True,198.62852873642268,198.51143638528322
phone_F1.wav,pefac_whole_q0.5,212,2.1325,v,True,True,197.21570630004348,198.51143638528322
phone_F1.wav,pefac_whole_q0.5,213,2.1425,v,True,True,195.93911665701046,197.0339518787417
phone_F1.wav,pefac_whole_q0.5,214,2.1525,v,True,True,195.14814235588815,195.56746402058872
phone_F1.wav,pefac_whole_q0.5,215,2.1625,v,True,True,193.88872954533085,195.56746402058872
phone_F1.wav,pefac_whole_q0.5,216,2.1725,v,True,True,193.0159681800306,194.11189096477128
phone_F1.wav,pefac_whole_q0.5,217,2.1825,v,True,True,192.14673582485327,192.6671514744009
phone_F1.wav,pefac_whole_q0.5,218,2.1925,v,True,True,190.26609577895346,191.23316491722127
phone_F1.wav,pefac_whole_q0.5,219,2.2025,uv,False,True,,189.8098512611067
phone_F1.wav,pefac_whole_q0.5,226,2.2725,uv,False,True,,233.97191845927983
phone_F1.wav,pefac_whole_q0.5,227,2.2825,v,True,True,233.06797257096088,233.97191845927983
phone_F1.wav,pefac_whole_q0.5,228,2.2925,v,True,True,234.26124798560107,235.72638707341073
phone_F1.wav,pefac_whole_q0.5,229,2.3025,v,True,True,235.37420673123071,235.72638707341073
phone_F1.wav,pefac_whole_q0.5,230,2.3125,v,True,True,237.20730477283053,237.49401179677977
phone_F1.wav,pefac_whole_q0.5,231,2.3225,v,True,True,240.28357077130786,239.2748912821696
phone_F1.wav,pefac_whole_q0.5,232,2.3325,v,True,True,241.87841380438286,241.06912492212305
phone_F1.wav,pefac_whole_q0.5,233,2.3425,v,False,True,,241.06912492212305
phone_F1.wav,pefac_whole_q0.5,234,2.3525,uv,False,True,,242.87681285449094
phone_F1.wav,pefac_whole_q0.5,237,2.3825,uv,False,True,,303.8924917436471
phone_F1.wav,pefac_whole_q0.5,238,2.3925,uv,False,True,,299.3856929726433
phone_F1.wav,pefac_whole_q0.5,239,2.4025,v,True,True,246.63914332994514,297.15741972601404
phone_F1.wav,pefac_whole_q0.5,240,2.4125,v,True,True,239.7413365264993,297.15741972601404
phone_F1.wav,pefac_whole_q0.5,241,2.4225,v,True,True,235.36529037442506,294.9457311117774
phone_F1.wav,pefac_whole_q0.5,242,2.4325,v,True,True,218.02686772478873,292.75050369353215
phone_F1.wav,pefac_whole_q0.5,243,2.4425,v,True,False,203.1265372670617,
phone_F1.wav,pefac_whole_q0.5,244,2.4525,v,True,False,192.36891091726258,
phone_F1.wav,pefac_whole_q0.5,245,2.4625,v,True,True,217.373560393574,322.60840705837023
phone_F1.wav,pefac_whole_q0.5,246,2.4725,v,True,True,191.54770254314684,286.2623679904703
phone_F1.wav,pefac_whole_q0.5,247,2.4825,v,True,True,192.16349339361497,290.5716149535908
phone_F1.wav,pefac_whole_q0.5,248,2.4925,v,True,True,191.99729084133622,308.46713355337675
phone_F1.wav,pefac_whole_q0.5,249,2.5025,v,True,True,211.06278024694768,313.1106396761645
phone_F1.wav,pefac_whole_q0.5,250,2.5125,v,False,True,,157.47338139832254
phone_F1.wav,pefac_whole_q0.5,264,2.6525,uv,False,True,,204.53299939395288
phone_F1.wav,pefac_whole_q0.5,265,2.6625,v,True,True,204.232746442535,201.49972580101405
phone_F1.wav,pefac_whole_q0.5,266,2.6725,v,True,True,200.72857451911602,198.51143638528322
phone_F1.wav,pefac_whole_q0.5,267,2.6825,v,True,True,197.75730585789083,197.0339518787417
phone_F1.wav,pefac_whole_q0.5,268,2.6925,v,True,True,195.22989021854912,195.56746402058872
phone_F1.wav,pefac_whole_q0.5,269,2.7025,v,True,True,193.04520148118934,194.11189096477128
phone_F1.wav,pefac_whole_q0.5,270,2.7125,v,True,True,190.9115881294589,191.23316491722127
phone_F1.wav,pefac_whole_q0.5,271,2.7225,v,True,True,188.57701006389223,189.8098512611067
phone_F1.wav,pefac_whole_q0.5,272,2.7325,uv,True,True,184.9028336011655,186.99492549746006
phone_F1.wav,pefac_whole_q0.8,53,0.5425,v,True,False,225.76925166696077,
phone_F1.wav,pefac_whole_q0.8,54,0.5525,v,True,False,219.78138562997873,
phone_F1.wav,pefac_whole_q0.8,55,0.5625,v,True,True,218.90510794682638,217.1296327420144
phone_F1.wav,pefac_whole_q0.8,56,0.5725,v,True,True,218.8938312729966,217.1296327420144
phone_F1.wav,pefac_whole_q0.8,57,0.5825,v,True,True,218.10200701567044,217.1296327420144
phone_F1.wav,pefac_whole_q0.8,58,0.5925,v,True,True,218.81768787226898,218.7578073039541
phone_F1.wav,pefac_whole_q0.8,59,0.6025,v,True,True,219.05474651386038,220.39819094288907
phone_F1.wav,pefac_whole_q0.8,60,0.6125,v,True,True,221.52003189709677,227.08365762393038
phone_F1.wav,pefac_whole_q0.8,61,0.6225,v,True,True,224.67751773269822,230.50205861341283
phone_F1.wav,pefac_whole_q0.8,62,0.6325,v,True,True,228.60433852407942,232.23050803585997
phone_F1.wav,pefac_whole_q0.8,63,0.6425,v,True,True,232.2175152337647,232.23050803585997
phone_F1.wav,pefac_whole_q0.8,64,0.6525,v,True,True,231.26990565824437,228.7864737255666
phone_F1.wav,pefac_whole_q0.8,65,0.6625,v,True,True,229.8720846583009,228.7864737255666
phone_F1.wav,pefac_whole_q0.8,66,0.6725,v,True,True,227.83682994075141,228.7864737255666
phone_F1.wav,pefac_whole_q0.8,67,0.6825,v,True,True,228.43372365224633,228.7864737255666
phone_F1.wav,pefac_whole_q0.8,68,0.6925,v,True,True,229.26103315480415,228.7864737255666
phone_F1.wav,pefac_whole_q0.8,69,0.7025,v,True,True,230.3308952311697,230.50205861341283
phone_F1.wav,pefac_whole_q0.8,70,0.7125,v,True,True,231.35574144175186,232.23050803585997
phone_F1.wav,pefac_whole_q0.8,71,0.7225,v,True,True,232.20854612647383,232.23050803585997
phone_F1.wav,pefac_whole_q0.8,72,0.7325,v,True,True,232.23136949376124,233.97191845927983
phone_F1.wav,pefac_whole_q0.8,73,0.7425,v,True,True,233.02926465497202,233.97191845927983
phone_F1.wav,pefac_whole_q0.8,74,0.7525,v,True,True,232.45569759636297,233.97191845927983
phone_F1.wav,pefac_whole_q0.8,75,0.7625,v,True,True,232.17979624993683,233.97191845927983
phone_F1.wav,pefac_whole_q0.8,76,0.7725,v,True,True,230.0663077122208,232.23050803585997
phone_F1.wav,pefac_whole_q0.8,77,0.7825,v,True,False,226.29972825080839,
phone_F1.wav,pefac_whole_q0.8,78,0.7925,v,True,False,221.8183311260453,
phone_F1.wav,pefac_whole_q0.8,79,0.8025,v,True,True,219.14179181456484,233.97191845927983
phone_F1.wav,pefac_whole_q0.8,80,0.8125,v,True,True,234.26912646883255,233.97191845927983
phone_F1.wav,pefac_whole_q0.8,81,0.8225,v,True,True,234.85219100888276,235.72638707341073
phone_F1.wav,pefac_whole_q0.8,82,0.8325,v,True,True,235.08618017303658,235.72638707341073
phone_F1.wav,pefac_whole_q0.8,83,0.8425,v,True,True,237.36524922612253,237.49401179677977
phone_F1.wav,pefac_whole_q0.8,84,0.8525,v,True,True,239.28761701636975,237.49401179677977
phone_F1.wav,pefac_whole_q0.8,85,0.8625,v,True,True,240.91252078142247,239.2748912821696
phone_F1.wav,pefac_whole_q0.8,86,0.8725,v,True,True,242.4515134082506,241.06912492212305
phone_F1.wav,pefac_whole_q0.8,87,0.8825,v,True,True,245.8471303503279,244.6980559680206
phone_F1.wav,pefac_whole_q0.8,88,0.8925,v,True,True,248.99066590918952,248.38161508186423
phone_F1.wav,pefac_whole_q0.8,89,0.9025,v,True,True,249.52378716086042,250.2441366650435
phone_F1.wav,pefac_whole_q0.8,90,0.9125,v,True,True,248.7750445511764,250.2441366650435
phone_F1.wav,pefac_whole_q0.8,91,0.9225,v,True,True,246.8292400107358,248.38161508186423
phone_F1.wav,pefac_whole_q0.8,92,0.9325,v,True,True,242.98172452245996,123.98932924510775
phone_F1.wav,pefac_whole_q0.8,93,0.9425,v,True,True,241.16288381936178,123.0664992244707
phone_F1.wav,pefac_whole_q0.8,94,0.9525,v,True,True,239.95917182152326,244.6980559680206
phone_F1.wav,pefac_whole_q0.8,95,0.9625,v,True,True,237.9366088395598,241.06912492212305
phone_F1.wav,pefac_whole_q0.8,96,0.9725,v,True,False,232.21332350792326,
phone_F1.wav,pefac_whole_q0.8,97,0.9825,v,True,False,205.845786536123,
phone_F1.wav,pefac_whole_q0.8,98,0.9925,v,True,True,232.89086007909202,235.72638707341073
phone_F1.wav,pefac_whole_q0.8,99,1.0025,v,True,True,234.16078525049207,235.72638707341073
phone_F1.wav,pefac_whole_q0.8,100,1.0125,v,True,True,234.70949271571115,233.97191845927983
phone_F1.wav,pefac_whole_q0.8,101,1.0225,v,True,True,232.70731134360477,230.50205861341283
phone_F1.wav,pefac_whole_q0.8,102,1.0325,v,True,True,226.38443325728232,228.7864737255666
phone_F1.wav,pefac_whole_q0.8,103,1.0425,v,True,True,226.07004323531922,227.08365762393038
phone_F1.wav,pefac_whole_q0.8,104,1.0525,v,True,True,226.62033641326732,227.08365762393038
phone_F1.wav,pefac_whole_q0.8,105,1.0625,v,True,True,228.1805566085948,227.08365762393038
phone_F1.wav,pefac_whole_q0.8,106,1.0725,v,True,False,236.2853236463497,
phone_F1.wav,pefac_whole_q0.8,107,1.0825,v,True,True,240.08052285875667,242.87681285449094
phone_F1.wav,pefac_whole_q0.8,108,1.0925,v,True,True,243.6257552084529,242.87681285449094
phone_F1.wav,pefac_whole_q0.8,109,1.1025,v,True,True,245.50362606275513,242.87681285449094
phone_F1.wav,pefac_whole_q0.8,110,1.1125,v,True,True,245.27555472828047,242.87681285449094
phone_F1.wav,pefac_whole_q0.8,111,1.1225,v,True,True,244.6002327765804,242.87681285449094
phone_F1.wav,pefac_whole_q0.8,112,1.1325,v,True,False,242.33406952377229,
phone_F1.wav,pefac_whole_q0.8,120,1.2125,v,True,False,207.0692283823941,
phone_F1.wav,pefac_whole_q0.8,121,1.2225,v,True,True,191.97179323022536,189.8098512611067
phone_F1.wav,pefac_whole_q0.8,122,1.2325,v,True,True,187.951391003781,186.99492549746006
phone_F1.wav,pefac_whole_q0.8,123,1.2425,v,True,True,186.08885088848098,184.22174576017696
phone_F1.wav,pefac_whole_q0.8,124,1.2525,v,True,True,183.60344700086432,182.85061682128588
phone_F1.wav,pefac_whole_q0.8,125,1.2625,v,True,True,181.48641896880545,181.48969294564225
phone_F1.wav,pefac_whole_q0.8,126,1.2725,v,True,True,180.03821736100377,181.48969294564225
phone_F1.wav,pefac_whole_q0.8,127,1.2825,v,True,True,182.87633643936059,181.48969294564225
phone_F1.wav,pefac_whole_q0.8,128,1.2925,v,True,True,182.3351497241474,182.85061682128588
phone_F1.wav,pefac_whole_q0.8,129,1.3025,v,True,True,181.8433256408566,182.85061682128588
phone_F1.wav,pefac_whole_q0.8,130,1.3125,v,True,True,181.62171013276856,182.85061682128588
phone_F1.wav,pefac_whole_q0.8,131,1.3225,v,True,False,180.83509968038052,
phone_F1.wav,pefac_whole_q0.8,132,1.3325,v,True,False,180.23556957867638,
phone_F1.wav,pefac_whole_q0.8,133,1.3425,v,True,False,179.85217342585645,
phone_F1.wav,pefac_whole_q0.8,144,1.4525,v,True,True,218.46944793880544,212.3174581953879
phone_F1.wav,pefac_whole_q0.8,145,1.4625,v,True,True,208.2158751852807,209.16873920543404
phone_F1.wav,pefac_whole_q0.8,146,1.4725,v,True,True,204.01119457051595,204.53299939395288
phone_F1.wav,pefac_whole_q0.8,147,1.4825,v,True,True,200.73209543480667,201.49972580101405
phone_F1.wav,pefac_whole_q0.8,148,1.4925,v,True,True,198.46528031702226,198.51143638528322
phone_F1.wav,pefac_whole_q0.8,149,1.5025,v,True,True,196.44427099969334,197.0339518787417
phone_F1.wav,pefac_whole_q0.8,150,1.5125,v,True,True,195.021092902487,195.56746402058872
phone_F1.wav,pefac_whole_q0.8,151,1.5225,v,True,True,193.7154065886495,194.11189096477128
phone_F1.wav,pefac_whole_q0.8,152,1.5325,v,True,True,192.48010946229974,192.6671514744009
phone_F1.wav,pefac_whole_q0.8,153,1.5425,v,True,True,190.9890491708363,191.23316491722127
phone_F1.wav,pefac_whole_q0.8,154,1.5525,v,True,True,189.39893767343054,189.8098512611067
phone_F1.wav,pefac_whole_q0.8,155,1.5625,v,True,True,187.9974899206744,188.3971310695962
phone_F1.wav,pefac_whole_q0.8,156,1.5725,v,True,True,187.1011075453967,188.3971310695962
phone_F1.wav,pefac_whole_q0.8,157,1.5825,v,True,True,186.21894280849608,188.3971310695962
phone_F1.wav,pefac_whole_q0.8,158,1.5925,v,True,False,242.94006543595967,
phone_F1.wav,pefac_whole_q0.8,159,1.6025,uv,True,False,235.40501108968257,
phone_F1.wav,pefac_whole_q0.8,160,1.6125,uv,True,False,235.63628994362972,
phone_F1.wav,pefac_whole_q0.8,162,1.6325,uv,False,True,,310.7802141481513
phone_F1.wav,pefac_whole_q0.8,163,1.6425,uv,False,True,,313.1106396761645
phone_F1.wav,pefac_whole_q0.8,164,1.6525,uv,False,True,,157.47338139832254
phone_F1.wav,pefac_whole_q0.8,182,1.8325,v,True,False,225.62049327141344,
phone_F1.wav,pefac_whole_q0.8,183,1.8425,v,True,False,224.47460592859062,
phone_F1.wav,pefac_whole_q0.8,190,1.9125,v,True,False,220.75706763998318,
phone_F1.wav,pefac_whole_q0.8,191,1.9225,v,True,False,226.81115938882192,
phone_F1.wav,pefac_whole_q0.8,192,1.9325,v,True,False,226.35939904539137,
phone_F1.wav,pefac_whole_q0.8,193,1.9425,v,True,False,225.1919613856994,
phone_F1.wav,pefac_whole_q0.8,194,1.9525,v,True,False,223.6612376294618,
phone_F1.wav,pefac_whole_q0.8,195,1.9625,v,True,False,222.6718366357934,
phone_F1.wav,pefac_whole_q0.8,196,1.9725,v,True,False,221.89312657105694,
phone_F1.wav,pefac_whole_q0.8,197,1.9825,v,True,False,219.82164994846238,
phone_F1.wav,pefac_whole_q0.8,198,1.9925,v,True,False,218.33810915110442,
phone_F1.wav,pefac_whole_q0.8,199,2.0025,v,True,False,216.07436194572549,
phone_F1.wav,pefac_whole_q0.8,200,2.0125,v,True,False,212.96231430995252,
phone_F1.wav,pefac_whole_q0.8,201,2.0225,v,True,False,210.70048969711175,
phone_F1.wav,pefac_whole_q0.8,202,2.0325,v,True,False,209.88021222985486,
phone_F1.wav,pefac_whole_q0.8,203,2.0425,v,True,False,192.64248755874652,
phone_F1.wav,pefac_whole_q0.8,204,2.0525,v,True,False,190.45265351035468,
phone_F1.wav,pefac_whole_q0.8,205,2.0625,v,True,False,189.63647936982693,
phone_F1.wav,pefac_whole_q0.8,206,2.0725,v,True,False,204.45547553827413,
phone_F1.wav,pefac_whole_q0.8,207,2.0825,v,True,True,205.43715720402895,203.01069748941921
phone_F1.wav,pefac_whole_q0.8,208,2.0925,v,True,True,202.96669615278105,203.01069748941921
phone_F1.wav,pefac_whole_q0.8,209,2.1025,v,True,True,201.09332461833176,201.49972580101405
phone_F1.wav,pefac_whole_q0.8,210,2.1125,v,True,True,200.0701266011689,200.00000000000003
phone_F1.wav,pefac_whole_q0.8,211,2.1225,v,True,True,198.62852873642268,198.51143638528322
phone_F1.wav,pefac_whole_q0.8,212,2.1325,v,True,True,197.21570630004348,198.51143638528322
phone_F1.wav,pefac_whole_q0.8,213,2.1425,v,True,True,195.93911665701046,197.0339518787417
phone_F1.wav,pefac_whole_q0.8,214,2.1525,v,True,True,195.14814235588815,195.56746402058872
phone_F1.wav,pefac_whole_q0.8,215,2.1625,v,True,True,193.88872954533085,195.56746402058872
phone_F1.wav,pefac_whole_q0.8,216,2.1725,v,True,True,193.0159681800306,194.11189096477128
phone_F1.wav,pefac_whole_q0.8,217,2.1825,v,True,True,192.14673582485327,192.6671514744009
phone_F1.wav,pefac_whole_q0.8,218,2.1925,v,True,True,190.26609577895346,191.23316491722127
phone_F1.wav,pefac_whole_q0.8,219,2.2025,uv,False,True,,189.8098512611067
phone_F1.wav,pefac_whole_q0.8,227,2.2825,v,True,True,233.06797257096088,233.97191845927983
phone_F1.wav,pefac_whole_q0.8,228,2.2925,v,True,True,234.26124798560107,235.72638707341073
phone_F1.wav,pefac_whole_q0.8,229,2.3025,v,True,True,235.37420673123071,235.72638707341073
phone_F1.wav,pefac_whole_q0.8,230,2.3125,v,True,True,237.20730477283053,237.49401179677977
phone_F1.wav,pefac_whole_q0.8,231,2.3225,v,True,True,240.28357077130786,239.2748912821696
phone_F1.wav,pefac_whole_q0.8,232,2.3325,v,True,True,241.87841380438286,241.06912492212305
phone_F1.wav,pefac_whole_q0.8,233,2.3425,v,False,True,,241.06912492212305
phone_F1.wav,pefac_whole_q0.8,234,2.3525,uv,False,True,,242.87681285449094
phone_F1.wav,pefac_whole_q0.8,238,2.3925,uv,False,True,,299.3856929726433
phone_F1.wav,pefac_whole_q0.8,239,2.4025,v,True,True,246.63914332994514,297.15741972601404
phone_F1.wav,pefac_whole_q0.8,240,2.4125,v,True,True,239.7413365264993,297.15741972601404
phone_F1.wav,pefac_whole_q0.8,241,2.4225,v,True,True,235.36529037442506,294.9457311117774
phone_F1.wav,pefac_whole_q0.8,242,2.4325,v,True,True,218.02686772478873,292.75050369353215
phone_F1.wav,pefac_whole_q0.8,243,2.4425,v,True,False,203.1265372670617,
phone_F1.wav,pefac_whole_q0.8,244,2.4525,v,True,False,192.36891091726258,
phone_F1.wav,pefac_whole_q0.8,245,2.4625,v,True,False,217.373560393574,
phone_F1.wav,pefac_whole_q0.8,246,2.4725,v,True,False,191.54770254314684,
phone_F1.wav,pefac_whole_q0.8,247,2.4825,v,True,False,192.16349339361497,
phone_F1.wav,pefac_whole_q0.8,248,2.4925,v,True,False,191.99729084133622,
phone_F1.wav,pefac_whole_q0.8,249,2.5025,v,True,False,211.06278024694768,
phone_F1.wav,pefac_whole_q0.8,265,2.6625,v,True,True,204.232746442535,201.49972580101405
phone_F1.wav,pefac_whole_q0.8,266,2.6725,v,True,True,200.72857451911602,198.51143638528322
phone_F1.wav,pefac_whole_q0.8,267,2.6825,v,True,True,197.75730585789083,197.0339518787417
phone_F1.wav,pefac_whole_q0.8,268,2.6925,v,True,True,195.22989021854912,195.56746402058872
phone_F1.wav,pefac_whole_q0.8,269,2.7025,v,True,True,193.04520148118934,194.11189096477128
phone_F1.wav,pefac_whole_q0.8,270,2.7125,v,True,True,190.9115881294589,191.23316491722127
phone_F1.wav,pefac_whole_q0.8,271,2.7225,v,True,True,188.57701006389223,189.8098512611067
phone_F1.wav,pefac_whole_q0.8,272,2.7325,uv,True,False,184.9028336011655,
phone_F1.wav,pefac_pitch_only,53,0.5425,v,True,True,225.76925166696077,222.05087521015864
phone_F1.wav,pefac_pitch_only,54,0.5525,v,True,True,219.78138562997873,218.7578073039541
phone_F1.wav,pefac_pitch_only,55,0.5625,v,True,True,218.90510794682638,217.1296327420144
phone_F1.wav,pefac_pitch_only,56,0.5725,v,True,True,218.8938312729966,217.1296327420144
phone_F1.wav,pefac_pitch_only,57,0.5825,v,True,True,218.10200701567044,217.1296327420144
phone_F1.wav,pefac_pitch_only,58,0.5925,v,True,True,218.81768787226898,218.7578073039541
phone_F1.wav,pefac_pitch_only,59,0.6025,v,True,True,219.05474651386038,220.39819094288907
phone_F1.wav,pefac_pitch_only,60,0.6125,v,True,True,221.52003189709677,227.08365762393038
phone_F1.wav,pefac_pitch_only,61,0.6225,v,True,True,224.67751773269822,230.50205861341283
phone_F1.wav,pefac_pitch_only,62,0.6325,v,True,True,228.60433852407942,232.23050803585997
phone_F1.wav,pefac_pitch_only,63,0.6425,v,True,True,232.2175152337647,232.23050803585997
phone_F1.wav,pefac_pitch_only,64,0.6525,v,True,True,231.26990565824437,228.7864737255666
phone_F1.wav,pefac_pitch_only,65,0.6625,v,True,True,229.8720846583009,228.7864737255666
phone_F1.wav,pefac_pitch_only,66,0.6725,v,True,True,227.83682994075141,228.7864737255666
phone_F1.wav,pefac_pitch_only,67,0.6825,v,True,True,228.43372365224633,228.7864737255666
phone_F1.wav,pefac_pitch_only,68,0.6925,v,True,True,229.26103315480415,228.7864737255666
phone_F1.wav,pefac_pitch_only,69,0.7025,v,True,True,230.3308952311697,230.50205861341283
phone_F1.wav,pefac_pitch_only,70,0.7125,v,True,True,231.35574144175186,232.23050803585997
phone_F1.wav,pefac_pitch_only,71,0.7225,v,True,True,232.20854612647383,232.23050803585997
phone_F1.wav,pefac_pitch_only,72,0.7325,v,True,True,232.23136949376124,233.97191845927983
phone_F1.wav,pefac_pitch_only,73,0.7425,v,True,True,233.02926465497202,233.97191845927983
phone_F1.wav,pefac_pitch_only,74,0.7525,v,True,True,232.45569759636297,233.97191845927983
phone_F1.wav,pefac_pitch_only,75,0.7625,v,True,True,232.17979624993683,233.97191845927983
phone_F1.wav,pefac_pitch_only,76,0.7725,v,True,True,230.0663077122208,232.23050803585997
phone_F1.wav,pefac_pitch_only,77,0.7825,v,True,True,226.29972825080839,232.23050803585997
phone_F1.wav,pefac_pitch_only,78,0.7925,v,True,True,221.8183311260453,233.97191845927983
phone_F1.wav,pefac_pitch_only,79,0.8025,v,True,True,219.14179181456484,233.97191845927983
phone_F1.wav,pefac_pitch_only,80,0.8125,v,True,True,234.26912646883255,233.97191845927983
phone_F1.wav,pefac_pitch_only,81,0.8225,v,True,True,234.85219100888276,235.72638707341073
phone_F1.wav,pefac_pitch_only,82,0.8325,v,True,True,235.08618017303658,235.72638707341073
phone_F1.wav,pefac_pitch_only,83,0.8425,v,True,True,237.36524922612253,237.49401179677977
phone_F1.wav,pefac_pitch_only,84,0.8525,v,True,True,239.28761701636975,237.49401179677977
phone_F1.wav,pefac_pitch_only,85,0.8625,v,True,True,240.91252078142247,239.2748912821696
phone_F1.wav,pefac_pitch_only,86,0.8725,v,True,True,242.4515134082506,241.06912492212305
phone_F1.wav,pefac_pitch_only,87,0.8825,v,True,True,245.8471303503279,244.6980559680206
phone_F1.wav,pefac_pitch_only,88,0.8925,v,True,True,248.99066590918952,248.38161508186423
phone_F1.wav,pefac_pitch_only,89,0.9025,v,True,True,249.52378716086042,250.2441366650435
phone_F1.wav,pefac_pitch_only,90,0.9125,v,True,True,248.7750445511764,250.2441366650435
phone_F1.wav,pefac_pitch_only,91,0.9225,v,True,True,246.8292400107358,248.38161508186423
phone_F1.wav,pefac_pitch_only,92,0.9325,v,True,True,242.98172452245996,123.98932924510775
phone_F1.wav,pefac_pitch_only,93,0.9425,v,True,True,241.16288381936178,123.0664992244707
phone_F1.wav,pefac_pitch_only,94,0.9525,v,True,True,239.95917182152326,244.6980559680206
phone_F1.wav,pefac_pitch_only,95,0.9625,v,True,True,237.9366088395598,241.06912492212305
phone_F1.wav,pefac_pitch_only,96,0.9725,v,True,True,232.21332350792326,233.97191845927983
phone_F1.wav,pefac_pitch_only,97,0.9825,v,True,True,205.845786536123,235.72638707341073
phone_F1.wav,pefac_pitch_only,98,0.9925,v,True,True,232.89086007909202,235.72638707341073
phone_F1.wav,pefac_pitch_only,99,1.0025,v,True,True,234.16078525049207,235.72638707341073
phone_F1.wav,pefac_pitch_only,100,1.0125,v,True,True,234.70949271571115,233.97191845927983
phone_F1.wav,pefac_pitch_only,101,1.0225,v,True,True,232.70731134360477,230.50205861341283
phone_F1.wav,pefac_pitch_only,102,1.0325,v,True,True,226.38443325728232,228.7864737255666
phone_F1.wav,pefac_pitch_only,103,1.0425,v,True,True,226.07004323531922,227.08365762393038
phone_F1.wav,pefac_pitch_only,104,1.0525,v,True,True,226.62033641326732,227.08365762393038
phone_F1.wav,pefac_pitch_only,105,1.0625,v,True,True,228.1805566085948,227.08365762393038
phone_F1.wav,pefac_pitch_only,106,1.0725,v,True,True,236.2853236463497,250.2441366650435
phone_F1.wav,pefac_pitch_only,107,1.0825,v,True,True,240.08052285875667,242.87681285449094
phone_F1.wav,pefac_pitch_only,108,1.0925,v,True,True,243.6257552084529,242.87681285449094
phone_F1.wav,pefac_pitch_only,109,1.1025,v,True,True,245.50362606275513,242.87681285449094
phone_F1.wav,pefac_pitch_only,110,1.1125,v,True,True,245.27555472828047,242.87681285449094
phone_F1.wav,pefac_pitch_only,111,1.1225,v,True,True,244.6002327765804,242.87681285449094
phone_F1.wav,pefac_pitch_only,112,1.1325,v,True,True,242.33406952377229,242.87681285449094
phone_F1.wav,pefac_pitch_only,120,1.2125,v,True,True,207.0692283823941,294.9457311117774
phone_F1.wav,pefac_pitch_only,121,1.2225,v,True,True,191.97179323022536,189.8098512611067
phone_F1.wav,pefac_pitch_only,122,1.2325,v,True,True,187.951391003781,186.99492549746006
phone_F1.wav,pefac_pitch_only,123,1.2425,v,True,True,186.08885088848098,184.22174576017696
phone_F1.wav,pefac_pitch_only,124,1.2525,v,True,True,183.60344700086432,182.85061682128588
phone_F1.wav,pefac_pitch_only,125,1.2625,v,True,True,181.48641896880545,181.48969294564225
phone_F1.wav,pefac_pitch_only,126,1.2725,v,True,True,180.03821736100377,181.48969294564225
phone_F1.wav,pefac_pitch_only,127,1.2825,v,True,True,182.87633643936059,181.48969294564225
phone_F1.wav,pefac_pitch_only,128,1.2925,v,True,True,182.3351497241474,182.85061682128588
phone_F1.wav,pefac_pitch_only,129,1.3025,v,True,True,181.8433256408566,182.85061682128588
phone_F1.wav,pefac_pitch_only,130,1.3125,v,True,True,181.62171013276856,182.85061682128588
phone_F1.wav,pefac_pitch_only,131,1.3225,v,True,True,180.83509968038052,178.79815713169637
phone_F1.wav,pefac_pitch_only,132,1.3325,v,True,True,180.23556957867638,161.04251511053403
phone_F1.wav,pefac_pitch_only,133,1.3425,v,True,True,179.85217342585645,158.65421586360247
phone_F1.wav,pefac_pitch_only,144,1.4525,v,True,True,218.46944793880544,212.3174581953879
phone_F1.wav,pefac_pitch_only,145,1.4625,v,True,True,208.2158751852807,209.16873920543404
phone_F1.wav,pefac_pitch_only,146,1.4725,v,True,True,204.01119457051595,204.53299939395288
phone_F1.wav,pefac_pitch_only,147,1.4825,v,True,True,200.73209543480667,201.49972580101405
phone_F1.wav,pefac_pitch_only,148,1.4925,v,True,True,198.46528031702226,198.51143638528322
phone_F1.wav,pefac_pitch_only,149,1.5025,v,True,True,196.44427099969334,197.0339518787417
phone_F1.wav,pefac_pitch_only,150,1.5125,v,True,True,195.021092902487,195.56746402058872
phone_F1.wav,pefac_pitch_only,151,1.5225,v,True,True,193.7154065886495,194.11189096477128
phone_F1.wav,pefac_pitch_only,152,1.5325,v,True,True,192.48010946229974,192.6671514744009
phone_F1.wav,pefac_pitch_only,153,1.5425,v,True,True,190.9890491708363,191.23316491722127
phone_F1.wav,pefac_pitch_only,154,1.5525,v,True,True,189.39893767343054,189.8098512611067
phone_F1.wav,pefac_pitch_only,155,1.5625,v,True,True,187.9974899206744,188.3971310695962
phone_F1.wav,pefac_pitch_only,156,1.5725,v,True,True,187.1011075453967,188.3971310695962
phone_F1.wav,pefac_pitch_only,157,1.5825,v,True,True,186.21894280849608,188.3971310695962
phone_F1.wav,pefac_pitch_only,158,1.5925,v,True,True,242.94006543595967,188.3971310695962
phone_F1.wav,pefac_pitch_only,159,1.6025,uv,True,True,235.40501108968257,150.57066557508946
phone_F1.wav,pefac_pitch_only,160,1.6125,uv,True,True,235.63628994362972,149.4499955039956
phone_F1.wav,pefac_pitch_only,182,1.8325,v,True,True,225.62049327141344,290.5716149535908
phone_F1.wav,pefac_pitch_only,183,1.8425,v,True,True,224.47460592859062,288.4089432861437
phone_F1.wav,pefac_pitch_only,190,1.9125,v,True,True,220.75706763998318,222.05087521015864
phone_F1.wav,pefac_pitch_only,191,1.9225,v,True,True,226.81115938882192,223.71595234361072
phone_F1.wav,pefac_pitch_only,192,1.9325,v,True,True,226.35939904539137,223.71595234361072
phone_F1.wav,pefac_pitch_only,193,1.9425,v,True,True,225.1919613856994,223.71595234361072
phone_F1.wav,pefac_pitch_only,194,1.9525,v,True,True,223.6612376294618,223.71595234361072
phone_F1.wav,pefac_pitch_only,195,1.9625,v,True,True,222.6718366357934,223.71595234361072
phone_F1.wav,pefac_pitch_only,196,1.9725,v,True,True,221.89312657105694,222.05087521015864
phone_F1.wav,pefac_pitch_only,197,1.9825,v,True,True,219.82164994846238,220.39819094288907
phone_F1.wav,pefac_pitch_only,198,1.9925,v,True,True,218.33810915110442,218.7578073039541
phone_F1.wav,pefac_pitch_only,199,2.0025,v,True,True,216.07436194572549,215.51357638713148
phone_F1.wav,pefac_pitch_only,200,2.0125,v,True,True,212.96231430995252,213.9095480456946
phone_F1.wav,pefac_pitch_only,201,2.0225,v,True,True,210.70048969711175,212.3174581953879
phone_F1.wav,pefac_pitch_only,202,2.0325,v,True,True,209.88021222985486,209.16873920543404
phone_F1.wav,pefac_pitch_only,203,2.0425,v,True,True,192.64248755874652,201.49972580101405
phone_F1.wav,pefac_pitch_only,204,2.0525,v,True,True,190.45265351035468,194.11189096477128
phone_F1.wav,pefac_pitch_only,205,2.0625,v,True,True,189.63647936982693,195.56746402058872
phone_F1.wav,pefac_pitch_only,206,2.0725,v,True,True,204.45547553827413,201.49972580101405
phone_F1.wav,pefac_pitch_only,207,2.0825,v,True,True,205.43715720402895,203.01069748941921
phone_F1.wav,pefac_pitch_only,208,2.0925,v,True,True,202.96669615278105,203.01069748941921
phone_F1.wav,pefac_pitch_only,209,2.1025,v,True,True,201.09332461833176,201.49972580101405
phone_F1.wav,pefac_pitch_only,210,2.1125,v,True,True,200.0701266011689,200.00000000000003
phone_F1.wav,pefac_pitch_only,211,2.1225,v,True,True,198.62852873642268,198.51143638528322
phone_F1.wav,pefac_pitch_only,212,2.1325,v,True,True,197.21570630004348,198.51143638528322
phone_F1.wav,pefac_pitch_only,213,2.1425,v,True,True,195.93911665701046,197.0339518787417
phone_F1.wav,pefac_pitch_only,214,2.1525,v,True,True,195.14814235588815,195.56746402058872
phone_F1.wav,pefac_pitch_only,215,2.1625,v,True,True,193.88872954533085,195.56746402058872
phone_F1.wav,pefac_pitch_only,216,2.1725,v,True,True,193.0159681800306,194.11189096477128
phone_F1.wav,pefac_pitch_only,217,2.1825,v,True,True,192.14673582485327,192.6671514744009
phone_F1.wav,pefac_pitch_only,218,2.1925,v,True,True,190.26609577895346,191.23316491722127
phone_F1.wav,pefac_pitch_only,227,2.2825,v,True,True,233.06797257096088,233.97191845927983
phone_F1.wav,pefac_pitch_only,228,2.2925,v,True,True,234.26124798560107,235.72638707341073
phone_F1.wav,pefac_pitch_only,229,2.3025,v,True,True,235.37420673123071,235.72638707341073
phone_F1.wav,pefac_pitch_only,230,2.3125,v,True,True,237.20730477283053,237.49401179677977
phone_F1.wav,pefac_pitch_only,231,2.3225,v,True,True,240.28357077130786,239.2748912821696
phone_F1.wav,pefac_pitch_only,232,2.3325,v,True,True,241.87841380438286,241.06912492212305
phone_F1.wav,pefac_pitch_only,239,2.4025,v,True,True,246.63914332994514,297.15741972601404
phone_F1.wav,pefac_pitch_only,240,2.4125,v,True,True,239.7413365264993,297.15741972601404
phone_F1.wav,pefac_pitch_only,241,2.4225,v,True,True,235.36529037442506,294.9457311117774
phone_F1.wav,pefac_pitch_only,242,2.4325,v,True,True,218.02686772478873,292.75050369353215
phone_F1.wav,pefac_pitch_only,243,2.4425,v,True,True,203.1265372670617,284.13176926420385
phone_F1.wav,pefac_pitch_only,244,2.4525,v,True,True,192.36891091726258,322.60840705837023
phone_F1.wav,pefac_pitch_only,245,2.4625,v,True,True,217.373560393574,322.60840705837023
phone_F1.wav,pefac_pitch_only,246,2.4725,v,True,True,191.54770254314684,286.2623679904703
phone_F1.wav,pefac_pitch_only,247,2.4825,v,True,True,192.16349339361497,290.5716149535908
phone_F1.wav,pefac_pitch_only,248,2.4925,v,True,True,191.99729084133622,308.46713355337675
phone_F1.wav,pefac_pitch_only,249,2.5025,v,True,True,211.06278024694768,313.1106396761645
phone_F1.wav,pefac_pitch_only,265,2.6625,v,True,True,204.232746442535,201.49972580101405
phone_F1.wav,pefac_pitch_only,266,2.6725,v,True,True,200.72857451911602,198.51143638528322
phone_F1.wav,pefac_pitch_only,267,2.6825,v,True,True,197.75730585789083,197.0339518787417
phone_F1.wav,pefac_pitch_only,268,2.6925,v,True,True,195.22989021854912,195.56746402058872
phone_F1.wav,pefac_pitch_only,269,2.7025,v,True,True,193.04520148118934,194.11189096477128
phone_F1.wav,pefac_pitch_only,270,2.7125,v,True,True,190.9115881294589,191.23316491722127
phone_F1.wav,pefac_pitch_only,271,2.7225,v,True,True,188.57701006389223,189.8098512611067
phone_F1.wav,pefac_pitch_only,272,2.7325,uv,True,True,184.9028336011655,186.99492549746006
phone_M1.wav,pefac_whole_q0.2,46,0.4725,v,True,True,140.61140022952898,137.6596953779833
phone_M1.wav,pefac_whole_q0.2,47,0.4825,v,True,True,136.56715016977773,136.63511930922
phone_M1.wav,pefac_whole_q0.2,48,0.4925,v,True,True,136.44348519005743,136.63511930922
phone_M1.wav,pefac_whole_q0.2,49,0.5025,v,True,True,136.3866377159719,136.63511930922
phone_M1.wav,pefac_whole_q0.2,50,0.5125,v,True,True,135.8206474638098,136.63511930922
phone_M1.wav,pefac_whole_q0.2,51,0.5225,v,True,True,135.08132047142837,135.61816897373888
phone_M1.wav,pefac_whole_q0.2,52,0.5325,v,True,True,135.00097123327467,136.63511930922
phone_M1.wav,pefac_whole_q0.2,53,0.5425,v,True,True,136.13695582343033,136.63511930922
phone_M1.wav,pefac_whole_q0.2,54,0.5525,v,True,True,137.31248345292013,136.63511930922
phone_M1.wav,pefac_whole_q0.2,55,0.5625,v,True,True,138.43561130339424,137.6596953779833
phone_M1.wav,pefac_whole_q0.2,56,0.5725,v,True,True,135.74634950396046,137.6596953779833
phone_M1.wav,pefac_whole_q0.2,57,0.5825,v,True,True,136.7477927202596,137.6596953779833
phone_M1.wav,pefac_whole_q0.2,58,0.5925,v,True,True,136.84700888757754,138.6919543625739
phone_M1.wav,pefac_whole_q0.2,59,0.6025,v,True,True,137.54971990534997,138.6919543625739
phone_M1.wav,pefac_whole_q0.2,60,0.6125,v,True,True,137.88325818934953,139.73195387432696
phone_M1.wav,pefac_whole_q0.2,61,0.6225,v,True,True,138.08614530158968,139.73195387432696
phone_M1.wav,pefac_whole_q0.2,62,0.6325,v,True,True,138.62005984651398,139.73195387432696
phone_M1.wav,pefac_whole_q0.2,63,0.6425,v,True,True,138.28200730552624,138.6919543625739
phone_M1.wav,pefac_whole_q0.2,64,0.6525,v,True,True,137.27781758679075,137.6596953779833
phone_M1.wav,pefac_whole_q0.2,65,0.6625,v,True,True,134.97087231020333,136.63511930922
phone_M1.wav,pefac_whole_q0.2,66,0.6725,v,True,True,133.66099533633152,134.60878761459475
phone_M1.wav,pefac_whole_q0.2,67,0.6825,v,True,True,132.38680968449032,133.6069188972736
phone_M1.wav,pefac_whole_q0.2,68,0.6925,v,True,True,131.39266732884545,131.62549614336174
phone_M1.wav,pefac_whole_q0.2,69,0.7025,v,True,True,128.7752604499131,129.67345836563302
phone_M1.wav,pefac_whole_q0.2,70,0.7125,v,True,True,127.67606375592936,126.79954701673121
phone_M1.wav,pefac_whole_q0.2,71,0.7225,v,True,True,125.56179782949324,124.91907922570431
phone_M1.wav,pefac_whole_q0.2,72,0.7325,v,True,True,123.16819719957749,123.98932924510775
phone_M1.wav,pefac_whole_q0.2,73,0.7425,v,True,True,122.66703204853812,123.0664992244707
phone_M1.wav,pefac_whole_q0.2,74,0.7525,v,True,True,121.11374621287216,121.24139343039766
phone_M1.wav,pefac_whole_q0.2,75,0.7625,v,True,True,119.00814895197138,119.44335439438268
phone_M1.wav,pefac_whole_q0.2,76,0.7725,v,True,True,117.7853278848161,118.55435923752667
phone_M1.wav,pefac_whole_q0.2,77,0.7825,v,True,True,116.52211886070339,117.67198070989143
phone_M1.wav,pefac_whole_q0.2,78,0.7925,v,True,True,114.62539378572176,116.79616956510941
phone_M1.wav,pefac_whole_q0.2,79,0.8025,v,True,True,112.82781627458259,115.92687692334482
phone_M1.wav,pefac_whole_q0.2,80,0.8125,v,True,True,111.14156435978268,115.06405426856549
phone_M1.wav,pefac_whole_q0.2,81,0.8225,v,True,True,116.28312873591662,115.06405426856549
phone_M1.wav,pefac_whole_q0.2,82,0.8325,v,True,True,114.41498212036927,116.79616956510941
phone_M1.wav,pefac_whole_q0.2,83,0.8425,v,True,True,116.74269356745413,117.67198070989143
phone_M1.wav,pefac_whole_q0.2,84,0.8525,v,True,True,118.82750865703056,118.55435923752667
phone_M1.wav,pefac_whole_q0.2,85,0.8625,v,True,True,119.26760876149031,120.33901579610726
phone_M1.wav,pefac_whole_q0.2,86,0.8725,v,True,True,120.24963881767519,121.24139343039766
phone_M1.wav,pefac_whole_q0.2,87,0.8825,v,True,True,122.29471610696208,122.15053765978996
phone_M1.wav,pefac_whole_q0.2,88,0.8925,v,True,True,123.99110692288016,131.62549614336174
phone_M1.wav,pefac_whole_q0.2,89,0.9025,v,True,True,124.8469868004664,132.6125069065491
phone_M1.wav,pefac_whole_q0.2,90,0.9125,v,True,True,139.0919775933245,133.6069188972736
phone_M1.wav,pefac_whole_q0.2,91,0.9225,v,True,True,133.2138283390675,133.6069188972736
phone_M1.wav,pefac_whole_q0.2,92,0.9325,v,True,True,133.47013230100293,134.60878761459475
phone_M1.wav,pefac_whole_q0.2,93,0.9425,v,True,True,135.09107990412252,135.61816897373888
phone_M1.wav,pefac_whole_q0.2,94,0.9525,v,True,True,136.68967283805748,136.63511930922
phone_M1.wav,pefac_whole_q0.2,95,0.9625,v,True,True,138.57149891211094,137.6596953779833
phone_M1.wav,pefac_whole_q0.2,96,0.9725,v,True,True,140.33816255588636,139.73195387432696
phone_M1.wav,pefac_whole_q0.2,97,0.9825,v,True,True,140.92630479493454,140.7797519565841
phone_M1.wav,pefac_whole_q0.2,98,0.9925,v,True,True,141.30103470323672,141.83540708793234
phone_M1.wav,pefac_whole_q0.2,99,1.0025,v,True,True,142.32520197098495,142.89897818546783
phone_M1.wav,pefac_whole_q0.2,100,1.0125,v,True,True,146.95179496537364,147.23361611206215
phone_M1.wav,pefac_whole_q0.2,101,1.0225,v,True,True,148.95930253914142,149.4499955039956
phone_M1.wav,pefac_whole_q0.2,102,1.0325,v,True,True,149.135094467618,150.57066557508946
phone_M1.wav,pefac_whole_q0.2,103,1.0425,v,True,True,149.11400777293022,150.57066557508946
phone_M1.wav,pefac_whole_q0.2,104,1.0525,v,True,True,149.3825306220188,150.57066557508946
phone_M1.wav,pefac_whole_q0.2,105,1.0625,v,True,True,149.16781199569718,150.57066557508946
phone_M1.wav,pefac_whole_q0.2,106,1.0725,v,True,True,147.99995079819035,149.4499955039956
phone_M1.wav,pefac_whole_q0.2,107,1.0825,v,True,True,146.77841764224308,148.3376663763614
phone_M1.wav,pefac_whole_q0.2,108,1.0925,v,True,True,144.77793042005513,147.23361611206215
phone_M1.wav,pefac_whole_q0.2,109,1.1025,v,True,True,143.04353365088463,146.137783093024
phone_M1.wav,pefac_whole_q0.2,110,1.1125,v,True,True,142.45566061791,145.05010615978574
phone_M1.wav,pefac_whole_q0.2,111,1.1225,v,True,True,139.09220940637604,149.4499955039956
phone_M1.wav,pefac_whole_q0.2,112,1.1325,v,True,True,139.27045093983946,153.9833492540844
phone_M1.wav,pefac_whole_q0.2,113,1.1425,v,True,True,147.7313474131549,155.1380132630989
phone_M1.wav,pefac_whole_q0.2,114,1.1525,v,True,True,153.0131249503326,155.1380132630989
phone_M1.wav,pefac_whole_q0.2,115,1.1625,v,True,True,158.1147111391564,155.1380132630989
phone_M1.wav,pefac_whole_q0.2,116,1.1725,v,True,True,154.25159009489713,155.1380132630989
phone_M1.wav,pefac_whole_q0.2,117,1.1825,v,True,True,153.94311242385814,155.1380132630989
phone_M1.wav,pefac_whole_q0.2,118,1.1925,v,True,True,153.64577440710337,153.9833492540844
phone_M1.wav,pefac_whole_q0.2,119,1.2025,v,True,True,152.73431079045372,153.9833492540844
phone_M1.wav,pefac_whole_q0.2,120,1.2125,v,True,True,152.20421053692766,152.83727919922495
phone_M1.wav,pefac_whole_q0.2,121,1.2225,v,True,True,141.50403472079816,152.83727919922495
phone_M1.wav,pefac_whole_q0.2,122,1.2325,v,True,True,151.73885081497758,152.83727919922495
phone_M1.wav,pefac_whole_q0.2,123,1.2425,v,True,True,153.08702369789177,155.1380132630989
phone_M1.wav,pefac_whole_q0.2,124,1.2525,v,True,True,154.91567282801768,156.3013356691427
phone_M1.wav,pefac_whole_q0.2,125,1.2625,v,True,True,156.38048532964382,157.47338139832254
phone_M1.wav,pefac_whole_q0.2,126,1.2725,v,True,True,157.10717129820927,157.47338139832254
phone_M1.wav,pefac_whole_q0.2,127,1.2825,v,True,True,156.20068357342058,157.47338139832254
phone_M1.wav,pefac_whole_q0.2,128,1.2925,v,True,True,154.2817568784777,156.3013356691427
phone_M1.wav,pefac_whole_q0.2,129,1.3025,v,True,True,152.96783631546376,155.1380132630989
phone_M1.wav,pefac_whole_q0.2,130,1.3125,v,True,True,153.42235721812304,155.1380132630989
phone_M1.wav,pefac_whole_q0.2,131,1.3225,v,True,True,152.19360577282131,153.9833492540844
phone_M1.wav,pefac_whole_q0.2,132,1.3325,v,True,True,153.25331229705398,153.9833492540844
phone_M1.wav,pefac_whole_q0.2,133,1.3425,v,True,True,153.51672593769493,153.9833492540844
phone_M1.wav,pefac_whole_q0.2,134,1.3525,v,True,False,153.0324256693403,
phone_M1.wav,pefac_whole_q0.2,135,1.3625,v,True,False,153.34732468764798,
phone_M1.wav,pefac_whole_q0.2,136,1.3725,v,True,False,145.74613603074476,
phone_M1.wav,pefac_whole_q0.2,137,1.3825,v,True,False,148.11189965784035,
phone_M1.wav,pefac_whole_q0.2,141,1.4225,uv,False,True,,156.3013356691427
phone_M1.wav,pefac_whole_q0.2,142,1.4325,uv,False,True,,156.3013356691427
phone_M1.wav,pefac_whole_q0.2,148,1.4925,uv,False,True,,116.79616956510941
phone_M1.wav,pefac_whole_q0.2,149,1.5025,v,True,True,119.23040745677676,115.92687692334482
phone_M1.wav,pefac_whole_q0.2,150,1.5125,v,True,True,115.1711050464258,115.92687692334482
phone_M1.wav,pefac_whole_q0.2,151,1.5225,v,True,True,114.3334492153201,115.06405426856549
phone_M1.wav,pefac_whole_q0.2,152,1.5325,v,True,True,114.70073344682882,115.06405426856549
phone_M1.wav,pefac_whole_q0.2,153,1.5425,v,True,True,114.61224207408594,115.06405426856549
phone_M1.wav,pefac_whole_q0.2,154,1.5525,v,True,True,113.98988807536239,114.20765344583555
phone_M1.wav,pefac_whole_q0.2,155,1.5625,v,True,True,112.8595417530294,113.35762665862714
phone_M1.wav,pefac_whole_q0.2,156,1.5725,v,True,True,111.66867975031316,112.51392646615372
phone_M1.wav,pefac_whole_q0.2,157,1.5825,v,True,True,109.75429749905729,111.67650578072151
phone_M1.wav,pefac_whole_q0.2,158,1.5925,v,True,True,109.5823236913821,110.84531786510205
phone_M1.wav,pefac_whole_q0.2,159,1.6025,v,True,True,112.38966519933976,110.84531786510205
phone_M1.wav,pefac_whole_q0.2,160,1.6125,v,True,True,111.58528071938703,109.2014551310816
phone_M1.wav,pefac_whole_q0.2,161,1.6225,v,True,True,109.02525485396231,108.3886885671703
phone_M1.wav,pefac_whole_q0.2,162,1.6325,v,True,True,107.35206814817636,107.58197127693039
phone_M1.wav,pefac_whole_q0.2,163,1.6425,v,True,True,107.1689686105737,107.58197127693039
phone_M1.wav,pefac_whole_q0.2,164,1.6525,v,True,True,108.44724645304025,107.58197127693039
phone_M1.wav,pefac_whole_q0.2,165,1.6625,v,True,True,109.55152876518127,107.58197127693039
phone_M1.wav,pefac_whole_q0.2,166,1.6725,v,True,False,114.79784100300276,
phone_M1.wav,pefac_whole_q0.2,167,1.6825,v,True,False,112.48648752783402,
phone_M1.wav,pefac_whole_q0.2,168,1.6925,uv,True,False,113.72006026255401,
phone_M1.wav,pefac_whole_q0.2,173,1.7425,uv,False,True,,206.06671647570255
phone_M1.wav,pefac_whole_q0.2,174,1.7525,uv,False,True,,206.06671647570255
phone_M1.wav,pefac_whole_q0.2,175,1.7625,uv,False,True,,204.53299939395288
phone_M1.wav,pefac_whole_q0.2,176,1.7725,uv,False,True,,121.24139343039766
phone_M1.wav,pefac_whole_q0.2,177,1.7825,uv,False,True,,121.24139343039766
phone_M1.wav,pefac_whole_q0.2,178,1.7925,v,True,True,118.71237286304867,122.15053765978996
phone_M1.wav,pefac_whole_q0.2,179,1.8025,v,True,True,122.91938039900599,121.24139343039766
phone_M1.wav,pefac_whole_q0.2,180,1.8125,v,True,True,120.99336471572163,121.24139343039766
phone_M1.wav,pefac_whole_q0.2,181,1.8225,v,True,True,121.12901048703986,121.24139343039766
phone_M1.wav,pefac_whole_q0.2,182,1.8325,v,True,True,120.67575270256879,121.24139343039766
phone_M1.wav,pefac_whole_q0.2,183,1.8425,v,True,True,120.42371991297419,120.33901579610726
phone_M1.wav,pefac_whole_q0.2,184,1.8525,v,True,True,119.44283468047868,119.44335439438268
phone_M1.wav,pefac_whole_q0.2,185,1.8625,v,True,True,117.18831733304071,118.55435923752667
phone_M1.wav,pefac_whole_q0.2,186,1.8725,v,True,True,116.37900102805615,115.92687692334482
phone_M1.wav,pefac_whole_q0.2,187,1.8825,v,True,True,114.04030097586997,114.20765344583555
phone_M1.wav,pefac_whole_q0.2,188,1.8925,v,True,True,112.48405817333624,112.51392646615372
phone_M1.wav,pefac_whole_q0.2,189,1.9025,v,True,True,111.42744784417076,111.67650578072151
phone_M1.wav,pefac_whole_q0.2,190,1.9125,v,True,True,110.52666286830384,110.84531786510205
phone_M1.wav,pefac_whole_q0.2,191,1.9225,v,True,True,110.04605462314947,110.0203163299235
phone_M1.wav,pefac_whole_q0.2,192,1.9325,v,True,True,106.56881259398136,107.58197127693039
phone_M1.wav,pefac_whole_q0.2,193,1.9425,v,True,True,103.21644471604483,103.63755977963515
phone_M1.wav,pefac_whole_q0.2,194,1.9525,v,True,True,100.43364716968338,101.34067371692693
phone_M1.wav,pefac_whole_q0.2,195,1.9625,v,True,True,98.11144657318252,100.5864135189974
phone_M1.wav,pefac_whole_q0.2,196,1.9725,v,False,True,,99.8377671425012
phone_M1.wav,pefac_whole_q0.2,197,1.9825,v,False,True,,99.8377671425012
phone_M1.wav,pefac_whole_q0.2,198,1.9925,v,False,True,,158.65421586360247
phone_M1.wav,pefac_whole_q0.2,199,2.0025,v,False,True,,97.62509466768513
phone_M1.wav,pefac_whole_q0.2,200,2.0125,v,False,True,,206.06671647570255
phone_M1.wav,pefac_whole_q0.2,201,2.0225,v,True,True,102.41908391983722,136.63511930922
phone_M1.wav,pefac_whole_q0.2,202,2.0325,v,True,True,103.25870664082083,136.63511930922
phone_M1.wav,pefac_whole_q0.2,203,2.0425,v,True,True,101.44537268993899,136.63511930922
phone_M1.wav,pefac_whole_q0.2,204,2.0525,v,True,True,99.72290353219154,201.49972580101405
phone_M1.wav,pefac_whole_q0.2,205,2.0625,v,True,True,96.16163943404464,197.0339518787417
phone_M1.wav,pefac_whole_q0.2,206,2.0725,v,True,True,104.29427895441685,197.0339518787417
phone_M1.wav,pefac_whole_q0.2,207,2.0825,v,True,False,106.91052638484442,
phone_M1.wav,pefac_whole_q0.2,208,2.0925,v,True,False,108.28548458580146,
phone_M1.wav,pefac_whole_q0.2,209,2.1025,v,True,False,106.4341157869309,
phone_M1.wav,pefac_whole_q0.2,210,2.1125,v,True,False,106.71535580299182,
phone_M1.wav,pefac_whole_q0.2,211,2.1225,v,True,False,108.68880556411654,
phone_M1.wav,pefac_whole_q0.2,212,2.1325,v,True,False,112.4885359182962,
phone_M1.wav,pefac_whole_q0.2,213,2.1425,v,True,False,121.22513083615078,
phone_M1.wav,pefac_whole_q0.2,214,2.1525,v,True,True,125.9582016301792,123.0664992244707
phone_M1.wav,pefac_whole_q0.2,215,2.1625,v,True,True,121.17142033902753,123.0664992244707
phone_M1.wav,pefac_whole_q0.2,216,2.1725,v,True,True,123.92386314623265,123.0664992244707
phone_M1.wav,pefac_whole_q0.2,217,2.1825,v,True,True,123.32378687732383,123.0664992244707
phone_M1.wav,pefac_whole_q0.2,218,2.1925,v,True,True,122.68248317556238,122.15053765978996
phone_M1.wav,pefac_whole_q0.2,219,2.2025,v,True,True,121.77149717229747,122.15053765978996
phone_M1.wav,pefac_whole_q0.2,220,2.2125,v,True,True,120.53340426110351,121.24139343039766
phone_M1.wav,pefac_whole_q0.2,221,2.2225,v,True,True,120.19262051230776,120.33901579610726
phone_M1.wav,pefac_whole_q0.2,222,2.2325,v,True,True,118.32377943103339,119.44335439438268
phone_M1.wav,pefac_whole_q0.2,223,2.2425,v,True,True,117.48548169616656,118.55435923752667
phone_M1.wav,pefac_whole_q0.2,224,2.2525,v,True,True,116.43248635174433,116.79616956510941
phone_M1.wav,pefac_whole_q0.2,225,2.2625,v,True,True,115.17158322287533,115.92687692334482
phone_M1.wav,pefac_whole_q0.2,226,2.2725,v,True,True,114.8877726677132,115.06405426856549
phone_M1.wav,pefac_whole_q0.2,227,2.2825,v,True,True,114.35637775101226,115.06405426856549
phone_M1.wav,pefac_whole_q0.2,228,2.2925,v,True,True,113.37764934938492,114.20765344583555
phone_M1.wav,pefac_whole_q0.2,229,2.3025,v,True,True,111.75821289757964,112.51392646615372
phone_M1.wav,pefac_whole_q0.2,230,2.3125,v,True,True,111.4764353683385,111.67650578072151
phone_M1.wav,pefac_whole_q0.2,231,2.3225,v,True,True,109.8129269930601,110.84531786510205
phone_M1.wav,pefac_whole_q0.2,232,2.3325,v,True,True,109.53171099417085,110.0203163299235
phone_M1.wav,pefac_whole_q0.2,233,2.3425,v,True,True,109.60150192519804,110.84531786510205
phone_M1.wav,pefac_whole_q0.2,234,2.3525,v,True,True,110.18367050708117,110.84531786510205
phone_M1.wav,pefac_whole_q0.2,235,2.3625,v,True,True,111.03388579701685,111.67650578072151
phone_M1.wav,pefac_whole_q0.2,236,2.3725,v,True,True,111.54831681121587,112.51392646615372
phone_M1.wav,pefac_whole_q0.2,237,2.3825,v,True,True,114.27726941683781,113.35762665862714
phone_M1.wav,pefac_whole_q0.2,238,2.3925,v,True,True,115.16687606473837,114.20765344583555
phone_M1.wav,pefac_whole_q0.2,239,2.4025,v,True,True,112.00273054078652,115.06405426856549
phone_M1.wav,pefac_whole_q0.2,240,2.4125,v,True,False,118.69867267462277,
phone_M1.wav,pefac_whole_q0.2,241,2.4225,v,True,False,123.70723214100175,
phone_M1.wav,pefac_whole_q0.2,242,2.4325,v,True,False,125.27083800229572,
phone_M1.wav,pefac_whole_q0.2,243,2.4425,v,True,True,127.03238542403017,126.79954701673121
phone_M1.wav,pefac_whole_q0.2,244,2.4525,v,True,True,130.56989395421223,126.79954701673121
phone_M1.wav,pefac_whole_q0.2,245,2.4625,v,True,True,126.43069324681312,125.85580105647281
phone_M1.wav,pefac_whole_q0.2,246,2.4725,v,True,True,123.061773285868,123.0664992244707
phone_M1.wav,pefac_whole_q0.2,247,2.4825,v,True,True,121.68036719318604,120.33901579610726
phone_M1.wav,pefac_whole_q0.2,248,2.4925,v,True,True,127.33724727792367,115.06405426856549
phone_M1.wav,pefac_whole_q0.2,249,2.5025,v,True,True,110.33510582319578,111.67650578072151
phone_M1.wav,pefac_whole_q0.2,250,2.5125,v,True,True,110.90302432190406,111.67650578072151
phone_M1.wav,pefac_whole_q0.2,251,2.5225,v,True,True,111.19728472074651,111.67650578072151
phone_M1.wav,pefac_whole_q0.2,252,2.5325,v,True,True,110.64831399706564,110.84531786510205
phone_M1.wav,pefac_whole_q0.2,253,2.5425,v,True,True,111.18540295634656,110.84531786510205
phone_M1.wav,pefac_whole_q0.2,254,2.5525,v,True,True,109.3645320285213,110.0203163299235
phone_M1.wav,pefac_whole_q0.2,255,2.5625,v,True,True,109.55492082276245,109.2014551310816
phone_M1.wav,pefac_whole_q0.2,256,2.5725,v,True,True,108.35040061768765,109.2014551310816
phone_M1.wav,pefac_whole_q0.2,257,2.5825,v,True,True,108.58230211321587,108.3886885671703
phone_M1.wav,pefac_whole_q0.2,258,2.5925,v,True,True,108.07437149074819,108.3886885671703
phone_M1.wav,pefac_whole_q0.2,259,2.6025,v,True,True,108.01084333487032,108.3886885671703
phone_M1.wav,pefac_whole_q0.2,260,2.6125,v,True,True,107.48160983704298,107.58197127693039
phone_M1.wav,pefac_whole_q0.2,261,2.6225,v,True,True,106.68555904753099,106.78125823671864
phone_M1.wav,pefac_whole_q0.2,262,2.6325,v,True,True,105.95773605486261,105.98650475799435
phone_M1.wav,pefac_whole_q0.2,263,2.6425,v,True,True,104.51531977242507,105.19766648482555
phone_M1.wav,pefac_whole_q0.2,264,2.6525,v,True,True,104.0369418090266,104.41469939141342
phone_M1.wav,pefac_whole_q0.2,265,2.6625,v,True,True,103.33784470959671,103.63755977963515
phone_M1.wav,pefac_whole_q0.2,266,2.6725,v,True,True,102.70091353177507,103.63755977963515
phone_M1.wav,pefac_whole_q0.2,267,2.6825,v,True,True,102.59480407993908,102.86620427660503
phone_M1.wav,pefac_whole_q0.2,268,2.6925,v,True,True,103.15419753570292,103.63755977963515
phone_M1.wav,pefac_whole_q0.2,269,2.7025,v,True,True,103.72089219713192,104.41469939141342
phone_M1.wav,pefac_whole_q0.2,270,2.7125,v,True,False,111.95421419273394,
phone_M1.wav,pefac_whole_q0.2,281,2.8225,uv,False,True,,255.91591926425798
phone_M1.wav,pefac_whole_q0.2,282,2.8325,uv,False,True,,255.91591926425798
phone_M1.wav,pefac_whole_q0.2,283,2.8425,uv,False,True,,223.71595234361072
phone_M1.wav,pefac_whole_q0.2,284,2.8525,uv,False,True,,223.71595234361072
phone_M1.wav,pefac_whole_q0.2,285,2.8625,v,False,True,,136.63511930922
phone_M1.wav,pefac_whole_q0.2,286,2.8725,v,True,True,134.94177461351055,136.63511930922
phone_M1.wav,pefac_whole_q0.2,287,2.8825,v,True,True,136.74338673966338,136.63511930922
phone_M1.wav,pefac_whole_q0.2,288,2.8925,v,True,True,135.48923709559537,136.63511930922
phone_M1.wav,pefac_whole_q0.2,289,2.9025,v,True,True,135.56390282023048,136.63511930922
phone_M1.wav,pefac_whole_q0.2,290,2.9125,v,True,True,136.51759750395084,136.63511930922
phone_M1.wav,pefac_whole_q0.2,291,2.9225,v,True,True,138.19315337122865,136.63511930922
phone_M1.wav,pefac_whole_q0.2,292,2.9325,uv,False,True,,137.6596953779833
phone_M1.wav,pefac_whole_q0.2,293,2.9425,uv,False,True,,137.6596953779833
phone_M1.wav,pefac_whole_q0.2,294,2.9525,uv,False,True,,137.6596953779833
phone_M1.wav,pefac_whole_q0.2,295,2.9625,uv,False,True,,136.63511930922
phone_M1.wav,pefac_whole_q0.2,296,2.9725,uv,False,True,,136.63511930922
phone_M1.wav,pefac_whole_q0.2,297,2.9825,uv,False,True,,136.63511930922
phone_M1.wav,pefac_whole_q0.2,298,2.9925,uv,False,True,,136.63511930922
phone_M1.wav,pefac_whole_q0.2,299,3.0025,uv,False,True,,136.63511930922
phone_M1.wav,pefac_whole_q0.2,300,3.0125,uv,False,True,,136.63511930922
phone_M1.wav,pefac_whole_q0.2,301,3.0225,uv,False,True,,136.63511930922
phone_M1.wav,pefac_whole_q0.2,302,3.0325,uv,False,True,,136.63511930922
phone_M1.wav,pefac_whole_q0.2,303,3.0425,uv,False,True,,136.63511930922
phone_M1.wav,pefac_whole_q0.2,309,3.1025,v,True,True,111.06561920424248,96.89848884865708
phone_M1.wav,pefac_whole_q0.2,310,3.1125,v,True,True,92.65515404521004,96.17729102455131
phone_M1.wav,pefac_whole_q0.2,311,3.1225,v,True,True,99.81372717963758,94.75095865779583
phone_M1.wav,pefac_whole_q0.2,312,3.1325,v,True,True,92.36570234129957,94.04574451020812
phone_M1.wav,pefac_whole_q0.2,313,3.1425,v,True,True,92.61064370184127,94.04574451020812
phone_M1.wav,pefac_whole_q0.2,314,3.1525,v,True,True,94.16937025600197,94.75095865779583
phone_M1.wav,pefac_whole_q0.2,315,3.1625,v,True,True,96.22364603018615,96.17729102455131
phone_M1.wav,pefac_whole_q0.2,316,3.1725,v,True,True,97.03815557500656,99.8377671425012
phone_M1.wav,pefac_whole_q0.2,317,3.1825,v,True,True,101.49544437530486,100.5864135189974
phone_M1.wav,pefac_whole_q0.2,318,3.1925,v,True,True,101.20151732066144,100.5864135189974
phone_M1.wav,pefac_whole_q0.2,319,3.2025,v,True,True,100.46275722054135,100.5864135189974
phone_M1.wav,pefac_whole_q0.2,320,3.2125,v,True,True,99.43251088619611,99.8377671425012
phone_M1.wav,pefac_whole_q0.2,321,3.2225,v,True,True,98.91809229956668,99.8377671425012
phone_M1.wav,pefac_whole_q0.2,322,3.2325,v,True,True,98.91360506456651,99.8377671425012
phone_M1.wav,pefac_whole_q0.2,323,3.2425,v,True,True,100.49477813003473,100.5864135189974
phone_M1.wav,pefac_whole_q0.2,324,3.2525,v,True,True,101.46294717793857,102.10058983225413
phone_M1.wav,pefac_whole_q0.2,325,3.2625,v,True,True,104.82484202557704,103.63755977963515
phone_M1.wav,pefac_whole_q0.2,326,3.2725,v,True,True,110.81949938859171,105.98650475799435
phone_M1.wav,pefac_whole_q0.2,327,3.2825,v,True,True,111.58735576198498,107.58197127693039
phone_M1.wav,pefac_whole_q0.2,343,3.4425,uv,True,True,138.0437578402067,116.79616956510941
phone_M1.wav,pefac_whole_q0.2,344,3.4525,v,True,True,117.55825286079047,116.79616956510941
phone_M1.wav,pefac_whole_q0.2,345,3.4625,v,True,True,116.92404410812499,115.06405426856549
phone_M1.wav,pefac_whole_q0.2,346,3.4725,v,True,True,112.78874015003151,111.67650578072151
phone_M1.wav,pefac_whole_q0.2,347,3.4825,v,True,True,108.91503630531122,109.2014551310816
phone_M1.wav,pefac_whole_q0.2,348,3.4925,v,True,True,105.5714102805694,107.58197127693039
phone_M1.wav,pefac_whole_q0.2,349,3.5025,v,True,True,102.54203393194399,106.78125823671864
phone_M1.wav,pefac_whole_q0.2,350,3.5125,v,True,True,95.82837727409543,105.19766648482555
phone_M1.wav,pefac_whole_q0.5,46,0.4725,v,True,True,140.61140022952898,137.6596953779833
phone_M1.wav,pefac_whole_q0.5,47,0.4825,v,True,True,136.56715016977773,136.63511930922
phone_M1.wav,pefac_whole_q0.5,48,0.4925,v,True,True,136.44348519005743,136.63511930922
phone_M1.wav,pefac_whole_q0.5,49,0.5025,v,True,True,136.3866377159719,136.63511930922
phone_M1.wav,pefac_whole_q0.5,50,0.5125,v,True,True,135.8206474638098,136.63511930922
phone_M1.wav,pefac_whole_q0.5,51,0.5225,v,True,True,135.08132047142837,135.61816897373888
phone_M1.wav,pefac_whole_q0.5,52,0.5325,v,True,True,135.00097123327467,136.63511930922
phone_M1.wav,pefac_whole_q0.5,53,0.5425,v,True,True,136.13695582343033,136.63511930922
phone_M1.wav,pefac_whole_q0.5,54,0.5525,v,True,True,137.31248345292013,136.63511930922
phone_M1.wav,pefac_whole_q0.5,55,0.5625,v,True,True,138.43561130339424,137.6596953779833
phone_M1.wav,pefac_whole_q0.5,56,0.5725,v,True,True,135.74634950396046,137.6596953779833
phone_M1.wav,pefac_whole_q0.5,57,0.5825,v,True,True,136.7477927202596,137.6596953779833
phone_M1.wav,pefac_whole_q0.5,58,0.5925,v,True,True,136.84700888757754,138.6919543625739
phone_M1.wav,pefac_whole_q0.5,59,0.6025,v,True,True,137.54971990534997,138.6919543625739
phone_M1.wav,pefac_whole_q0.5,60,0.6125,v,True,True,137.88325818934953,139.73195387432696
phone_M1.wav,pefac_whole_q0.5,61,0.6225,v,True,True,138.08614530158968,139.73195387432696
phone_M1.wav,pefac_whole_q0.5,62,0.6325,v,True,True,138.62005984651398,139.73195387432696
phone_M1.wav,pefac_whole_q0.5,63,0.6425,v,True,True,138.28200730552624,138.6919543625739
phone_M1.wav,pefac_whole_q0.5,64,0.6525,v,True,True,137.27781758679075,137.6596953779833
phone_M1.wav,pefac_whole_q0.5,65,0.6625,v,True,True,134.97087231020333,136.63511930922
phone_M1.wav,pefac_whole_q0.5,66,0.6725,v,True,True,133.66099533633152,134.60878761459475
phone_M1.wav,pefac_whole_q0.5,67,0.6825,v,True,True,132.38680968449032,133.6069188972736
phone_M1.wav,pefac_whole_q0.5,68,0.6925,v,True,True,131.39266732884545,131.62549614336174
phone_M1.wav,pefac_whole_q0.5,69,0.7025,v,True,True,128.7752604499131,129.67345836563302
phone_M1.wav,pefac_whole_q0.5,70,0.7125,v,True,True,127.67606375592936,126.79954701673121
phone_M1.wav,pefac_whole_q0.5,71,0.7225,v,True,True,125.56179782949324,124.91907922570431
phone_M1.wav,pefac_whole_q0.5,72,0.7325,v,True,True,123.16819719957749,123.98932924510775
phone_M1.wav,pefac_whole_q0.5,73,0.7425,v,True,True,122.66703204853812,123.0664992244707
phone_M1.wav,pefac_whole_q0.5,74,0.7525,v,True,True,121.11374621287216,121.24139343039766
phone_M1.wav,pefac_whole_q0.5,75,0.7625,v,True,True,119.00814895197138,119.44335439438268
phone_M1.wav,pefac_whole_q0.5,76,0.7725,v,True,True,117.7853278848161,118.55435923752667
phone_M1.wav,pefac_whole_q0.5,77,0.7825,v,True,True,116.52211886070339,117.67198070989143
phone_M1.wav,pefac_whole_q0.5,78,0.7925,v,True,True,114.62539378572176,116.79616956510941
phone_M1.wav,pefac_whole_q0.5,79,0.8025,v,True,True,112.82781627458259,115.92687692334482
phone_M1.wav,pefac_whole_q0.5,80,0.8125,v,True,True,111.14156435978268,115.06405426856549
phone_M1.wav,pefac_whole_q0.5,81,0.8225,v,True,True,116.28312873591662,115.06405426856549
phone_M1.wav,pefac_whole_q0.5,82,0.8325,v,True,True,114.41498212036927,116.79616956510941
phone_M1.wav,pefac_whole_q0.5,83,0.8425,v,True,True,116.74269356745413,117.67198070989143
phone_M1.wav,pefac_whole_q0.5,84,0.8525,v,True,True,118.82750865703056,118.55435923752667
phone_M1.wav,pefac_whole_q0.5,85,0.8625,v,True,True,119.26760876149031,120.33901579610726
phone_M1.wav,pefac_whole_q0.5,86,0.8725,v,True,True,120.24963881767519,121.24139343039766
phone_M1.wav,pefac_whole_q0.5,87,0.8825,v,True,True,122.29471610696208,122.15053765978996
phone_M1.wav,pefac_whole_q0.5,88,0.8925,v,True,True,123.99110692288016,131.62549614336174
phone_M1.wav,pefac_whole_q0.5,89,0.9025,v,True,True,124.8469868004664,132.6125069065491
phone_M1.wav,pefac_whole_q0.5,90,0.9125,v,True,True,139.0919775933245,133.6069188972736
phone_M1.wav,pefac_whole_q0.5,91,0.9225,v,True,True,133.2138283390675,133.6069188972736
phone_M1.wav,pefac_whole_q0.5,92,0.9325,v,True,True,133.47013230100293,134.60878761459475
phone_M1.wav,pefac_whole_q0.5,93,0.9425,v,True,True,135.09107990412252,135.61816897373888
phone_M1.wav,pefac_whole_q0.5,94,0.9525,v,True,True,136.68967283805748,136.63511930922
phone_M1.wav,pefac_whole_q0.5,95,0.9625,v,True,True,138.57149891211094,137.6596953779833
phone_M1.wav,pefac_whole_q0.5,96,0.9725,v,True,True,140.33816255588636,139.73195387432696
phone_M1.wav,pefac_whole_q0.5,97,0.9825,v,True,True,140.92630479493454,140.7797519565841
phone_M1.wav,pefac_whole_q0.5,98,0.9925,v,True,True,141.30103470323672,141.83540708793234
phone_M1.wav,pefac_whole_q0.5,99,1.0025,v,True,True,142.32520197098495,142.89897818546783
phone_M1.wav,pefac_whole_q0.5,100,1.0125,v,True,True,146.95179496537364,147.23361611206215
phone_M1.wav,pefac_whole_q0.5,101,1.0225,v,True,True,148.95930253914142,149.4499955039956
phone_M1.wav,pefac_whole_q0.5,102,1.0325,v,True,True,149.135094467618,150.57066557508946
phone_M1.wav,pefac_whole_q0.5,103,1.0425,v,True,True,149.11400777293022,150.57066557508946
phone_M1.wav,pefac_whole_q0.5,104,1.0525,v,True,True,149.3825306220188,150.57066557508946
phone_M1.wav,pefac_whole_q0.5,105,1.0625,v,True,True,149.16781199569718,150.57066557508946
phone_M1.wav,pefac_whole_q0.5,106,1.0725,v,True,True,147.99995079819035,149.4499955039956
phone_M1.wav,pefac_whole_q0.5,107,1.0825,v,True,True,146.77841764224308,148.3376663763614
phone_M1.wav,pefac_whole_q0.5,108,1.0925,v,True,True,144.77793042005513,147.23361611206215
phone_M1.wav,pefac_whole_q0.5,109,1.1025,v,True,True,143.04353365088463,146.137783093024
phone_M1.wav,pefac_whole_q0.5,110,1.1125,v,True,True,142.45566061791,145.05010615978574
phone_M1.wav,pefac_whole_q0.5,111,1.1225,v,True,True,139.09220940637604,149.4499955039956
phone_M1.wav,pefac_whole_q0.5,112,1.1325,v,True,True,139.27045093983946,153.9833492540844
phone_M1.wav,pefac_whole_q0.5,113,1.1425,v,True,True,147.7313474131549,155.1380132630989
phone_M1.wav,pefac_whole_q0.5,114,1.1525,v,True,True,153.0131249503326,155.1380132630989
phone_M1.wav,pefac_whole_q0.5,115,1.1625,v,True,True,158.1147111391564,155.1380132630989
phone_M1.wav,pefac_whole_q0.5,116,1.1725,v,True,True,154.25159009489713,155.1380132630989
phone_M1.wav,pefac_whole_q0.5,117,1.1825,v,True,True,153.94311242385814,155.1380132630989
phone_M1.wav,pefac_whole_q0.5,118,1.1925,v,True,True,153.64577440710337,153.9833492540844
phone_M1.wav,pefac_whole_q0.5,119,1.2025,v,True,True,152.73431079045372,153.9833492540844
phone_M1.wav,pefac_whole_q0.5,120,1.2125,v,True,True,152.20421053692766,152.83727919922495
phone_M1.wav,pefac_whole_q0.5,121,1.2225,v,True,True,141.50403472079816,152.83727919922495
phone_M1.wav,pefac_whole_q0.5,122,1.2325,v,True,True,151.73885081497758,152.83727919922495
phone_M1.wav,pefac_whole_q0.5,123,1.2425,v,True,True,153.08702369789177,155.1380132630989
phone_M1.wav,pefac_whole_q0.5,124,1.2525,v,True,True,154.91567282801768,156.3013356691427
phone_M1.wav,pefac_whole_q0.5,125,1.2625,v,True,True,156.38048532964382,157.47338139832254
phone_M1.wav,pefac_whole_q0.5,126,1.2725,v,True,True,157.10717129820927,157.47338139832254
phone_M1.wav,pefac_whole_q0.5,127,1.2825,v,True,True,156.20068357342058,157.47338139832254
phone_M1.wav,pefac_whole_q0.5,128,1.2925,v,True,True,154.2817568784777,156.3013356691427
phone_M1.wav,pefac_whole_q0.5,129,1.3025,v,True,True,152.96783631546376,155.1380132630989
phone_M1.wav,pefac_whole_q0.5,130,1.3125,v,True,True,153.42235721812304,155.1380132630989
phone_M1.wav,pefac_whole_q0.5,131,1.3225,v,True,True,152.19360577282131,153.9833492540844
phone_M1.wav,pefac_whole_q0.5,132,1.3325,v,True,True,153.25331229705398,153.9833492540844
phone_M1.wav,pefac_whole_q0.5,133,1.3425,v,True,True,153.51672593769493,153.9833492540844
phone_M1.wav,pefac_whole_q0.5,134,1.3525,v,True,False,153.0324256693403,
phone_M1.wav,pefac_whole_q0.5,135,1.3625,v,True,False,153.34732468764798,
phone_M1.wav,pefac_whole_q0.5,136,1.3725,v,True,False,145.74613603074476,
phone_M1.wav,pefac_whole_q0.5,137,1.3825,v,True,False,148.11189965784035,
phone_M1.wav,pefac_whole_q0.5,149,1.5025,v,True,True,119.23040745677676,115.92687692334482
phone_M1.wav,pefac_whole_q0.5,150,1.5125,v,True,True,115.1711050464258,115.92687692334482
phone_M1.wav,pefac_whole_q0.5,151,1.5225,v,True,True,114.3334492153201,115.06405426856549
phone_M1.wav,pefac_whole_q0.5,152,1.5325,v,True,True,114.70073344682882,115.06405426856549
phone_M1.wav,pefac_whole_q0.5,153,1.5425,v,True,True,114.61224207408594,115.06405426856549
phone_M1.wav,pefac_whole_q0.5,154,1.5525,v,True,True,113.98988807536239,114.20765344583555
phone_M1.wav,pefac_whole_q0.5,155,1.5625,v,True,True,112.8595417530294,113.35762665862714
phone_M1.wav,pefac_whole_q0.5,156,1.5725,v,True,True,111.66867975031316,112.51392646615372
phone_M1.wav,pefac_whole_q0.5,157,1.5825,v,True,True,109.75429749905729,111.67650578072151
phone_M1.wav,pefac_whole_q0.5,158,1.5925,v,True,True,109.5823236913821,110.84531786510205
phone_M1.wav,pefac_whole_q0.5,159,1.6025,v,True,True,112.38966519933976,110.84531786510205
phone_M1.wav,pefac_whole_q0.5,160,1.6125,v,True,True,111.58528071938703,109.2014551310816
phone_M1.wav,pefac_whole_q0.5,161,1.6225,v,True,True,109.02525485396231,108.3886885671703
phone_M1.wav,pefac_whole_q0.5,162,1.6325,v,True,True,107.35206814817636,107.58197127693039
phone_M1.wav,pefac_whole_q0.5,163,1.6425,v,True,True,107.1689686105737,107.58197127693039
phone_M1.wav,pefac_whole_q0.5,164,1.6525,v,True,True,108.44724645304025,107.58197127693039
phone_M1.wav,pefac_whole_q0.5,165,1.6625,v,True,False,109.55152876518127,
phone_M1.wav,pefac_whole_q0.5,166,1.6725,v,True,False,114.79784100300276,
phone_M1.wav,pefac_whole_q0.5,167,1.6825,v,True,False,112.48648752783402,
phone_M1.wav,pefac_whole_q0.5,168,1.6925,uv,True,False,113.72006026255401,
phone_M1.wav,pefac_whole_q0.5,174,1.7525,uv,False,True,,206.06671647570255
phone_M1.wav,pefac_whole_q0.5,178,1.7925,v,True,True,118.71237286304867,122.15053765978996
phone_M1.wav,pefac_whole_q0.5,179,1.8025,v,True,True,122.91938039900599,121.24139343039766
phone_M1.wav,pefac_whole_q0.5,180,1.8125,v,True,True,120.99336471572163,121.24139343039766
phone_M1.wav,pefac_whole_q0.5,181,1.8225,v,True,True,121.12901048703986,121.24139343039766
phone_M1.wav,pefac_whole_q0.5,182,1.8325,v,True,True,120.67575270256879,121.24139343039766
phone_M1.wav,pefac_whole_q0.5,183,1.8425,v,True,True,120.42371991297419,120.33901579610726
phone_M1.wav,pefac_whole_q0.5,184,1.8525,v,True,True,119.44283468047868,119.44335439438268
phone_M1.wav,pefac_whole_q0.5,185,1.8625,v,True,True,117.18831733304071,118.55435923752667
phone_M1.wav,pefac_whole_q0.5,186,1.8725,v,True,True,116.37900102805615,115.92687692334482
phone_M1.wav,pefac_whole_q0.5,187,1.8825,v,True,True,114.04030097586997,114.20765344583555
phone_M1.wav,pefac_whole_q0.5,188,1.8925,v,True,True,112.48405817333624,112.51392646615372
phone_M1.wav,pefac_whole_q0.5,189,1.9025,v,True,True,111.42744784417076,111.67650578072151
phone_M1.wav,pefac_whole_q0.5,190,1.9125,v,True,True,110.52666286830384,110.84531786510205
phone_M1.wav,pefac_whole_q0.5,191,1.9225,v,True,True,110.04605462314947,110.0203163299235
phone_M1.wav,pefac_whole_q0.5,192,1.9325,v,True,True,106.56881259398136,107.58197127693039
phone_M1.wav,pefac_whole_q0.5,193,1.9425,v,True,True,103.21644471604483,103.63755977963515
phone_M1.wav,pefac_whole_q0.5,194,1.9525,v,True,True,100.43364716968338,101.34067371692693
phone_M1.wav,pefac_whole_q0.5,195,1.9625,v,True,True,98.11144657318252,100.5864135189974
phone_M1.wav,pefac_whole_q0.5,196,1.9725,v,False,True,,99.8377671425012
phone_M1.wav,pefac_whole_q0.5,197,1.9825,v,False,True,,99.8377671425012
phone_M1.wav,pefac_whole_q0.5,201,2.0225,v,True,True,102.41908391983722,136.63511930922
phone_M1.wav,pefac_whole_q0.5,202,2.0325,v,True,True,103.25870664082083,136.63511930922
phone_M1.wav,pefac_whole_q0.5,203,2.0425,v,True,True,101.44537268993899,136.63511930922
phone_M1.wav,pefac_whole_q0.5,204,2.0525,v,True,True,99.72290353219154,201.49972580101405
phone_M1.wav,pefac_whole_q0.5,205,2.0625,v,True,True,96.16163943404464,197.0339518787417
phone_M1.wav,pefac_whole_q0.5,206,2.0725,v,True,False,104.29427895441685,
phone_M1.wav,pefac_whole_q0.5,207,2.0825,v,True,False,106.91052638484442,
phone_M1.wav,pefac_whole_q0.5,208,2.0925,v,True,False,108.28548458580146,
phone_M1.wav,pefac_whole_q0.5,209,2.1025,v,True,False,106.4341157869309,
phone_M1.wav,pefac_whole_q0.5,210,2.1125,v,True,False,106.71535580299182,
phone_M1.wav,pefac_whole_q0.5,211,2.1225,v,True,False,108.68880556411654,
phone_M1.wav,pefac_whole_q0.5,212,2.1325,v,True,False,112.4885359182962,
phone_M1.wav,pefac_whole_q0.5,213,2.1425,v,True,False,121.22513083615078,
phone_M1.wav,pefac_whole_q0.5,214,2.1525,v,True,True,125.9582016301792,123.0664992244707
phone_M1.wav,pefac_whole_q0.5,215,2.1625,v,True,True,121.17142033902753,123.0664992244707
phone_M1.wav,pefac_whole_q0.5,216,2.1725,v,True,True,123.92386314623265,123.0664992244707
phone_M1.wav,pefac_whole_q0.5,217,2.1825,v,True,True,123.32378687732383,123.0664992244707
phone_M1.wav,pefac_whole_q0.5,218,2.1925,v,True,True,122.68248317556238,122.15053765978996
phone_M1.wav,pefac_whole_q0.5,219,2.2025,v,True,True,121.77149717229747,122.15053765978996
phone_M1.wav,pefac_whole_q0.5,220,2.2125,v,True,True,120.53340426110351,121.24139343039766
phone_M1.wav,pefac_whole_q0.5,221,2.2225,v,True,True,120.19262051230776,120.33901579610726
phone_M1.wav,pefac_whole_q0.5,222,2.2325,v,True,True,118.32377943103339,119.44335439438268
phone_M1.wav,pefac_whole_q0.5,223,2.2425,v,True,True,117.48548169616656,118.55435923752667
phone_M1.wav,pefac_whole_q0.5,224,2.2525,v,True,True,116.43248635174433,116.79616956510941
phone_M1.wav,pefac_whole_q0.5,225,2.2625,v,True,True,115.17158322287533,115.92687692334482
phone_M1.wav,pefac_whole_q0.5,226,2.2725,v,True,True,114.8877726677132,115.06405426856549
phone_M1.wav,pefac_whole_q0.5,227,2.2825,v,True,True,114.35637775101226,115.06405426856549
phone_M1.wav,pefac_whole_q0.5,228,2.2925,v,True,True,113.37764934938492,114.20765344583555
phone_M1.wav,pefac_whole_q0.5,229,2.3025,v,True,True,111.75821289757964,112.51392646615372
phone_M1.wav,pefac_whole_q0.5,230,2.3125,v,True,True,111.4764353683385,111.67650578072151
phone_M1.wav,pefac_whole_q0.5,231,2.3225,v,True,True,109.8129269930601,110.84531786510205
phone_M1.wav,pefac_whole_q0.5,232,2.3325,v,True,True,109.53171099417085,110.0203163299235
phone_M1.wav,pefac_whole_q0.5,233,2.3425,v,True,True,109.60150192519804,110.84531786510205
phone_M1.wav,pefac_whole_q0.5,234,2.3525,v,True,True,110.18367050708117,110.84531786510205
phone_M1.wav,pefac_whole_q0.5,235,2.3625,v,True,True,111.03388579701685,111.67650578072151
phone_M1.wav,pefac_whole_q0.5,236,2.3725,v,True,True,111.54831681121587,112.51392646615372
phone_M1.wav,pefac_whole_q0.5,237,2.3825,v,True,True,114.27726941683781,113.35762665862714
phone_M1.wav,pefac_whole_q0.5,238,2.3925,v,True,True,115.16687606473837,114.20765344583555
phone_M1.wav,pefac_whole_q0.5,239,2.4025,v,True,True,112.00273054078652,115.06405426856549
phone_M1.wav,pefac_whole_q0.5,240,2.4125,v,True,False,118.69867267462277,
phone_M1.wav,pefac_whole_q0.5,241,2.4225,v,True,False,123.70723214100175,
phone_M1.wav,pefac_whole_q0.5,242,2.4325,v,True,False,125.27083800229572,
phone_M1.wav,pefac_whole_q0.5,243,2.4425,v,True,False,127.03238542403017,
phone_M1.wav,pefac_whole_q0.5,244,2.4525,v,True,False,130.56989395421223,
phone_M1.wav,pefac_whole_q0.5,245,2.4625,v,True,True,126.43069324681312,125.85580105647281
phone_M1.wav,pefac_whole_q0.5,246,2.4725,v,True,True,123.061773285868,123.0664992244707
phone_M1.wav,pefac_whole_q0.5,247,2.4825,v,True,False,121.68036719318604,
phone_M1.wav,pefac_whole_q0.5,248,2.4925,v,True,False,127.33724727792367,
phone_M1.wav,pefac_whole_q0.5,249,2.5025,v,True,True,110.33510582319578,111.67650578072151
phone_M1.wav,pefac_whole_q0.5,250,2.5125,v,True,True,110.90302432190406,111.67650578072151
phone_M1.wav,pefac_whole_q0.5,251,2.5225,v,True,True,111.19728472074651,111.67650578072151
phone_M1.wav,pefac_whole_q0.5,252,2.5325,v,True,True,110.64831399706564,110.84531786510205
phone_M1.wav,pefac_whole_q0.5,253,2.5425,v,True,True,111.18540295634656,110.84531786510205
phone_M1.wav,pefac_whole_q0.5,254,2.5525,v,True,True,109.3645320285213,110.0203163299235
phone_M1.wav,pefac_whole_q0.5,255,2.5625,v,True,True,109.55492082276245,109.2014551310816
phone_M1.wav,pefac_whole_q0.5,256,2.5725,v,True,True,108.35040061768765,109.2014551310816
phone_M1.wav,pefac_whole_q0.5,257,2.5825,v,True,True,108.58230211321587,108.3886885671703
phone_M1.wav,pefac_whole_q0.5,258,2.5925,v,True,True,108.07437149074819,108.3886885671703
phone_M1.wav,pefac_whole_q0.5,259,2.6025,v,True,True,108.01084333487032,108.3886885671703
phone_M1.wav,pefac_whole_q0.5,260,2.6125,v,True,True,107.48160983704298,107.58197127693039
phone_M1.wav,pefac_whole_q0.5,261,2.6225,v,True,True,106.68555904753099,106.78125823671864
phone_M1.wav,pefac_whole_q0.5,262,2.6325,v,True,True,105.95773605486261,105.98650475799435
phone_M1.wav,pefac_whole_q0.5,263,2.6425,v,True,True,104.51531977242507,105.19766648482555
phone_M1.wav,pefac_whole_q0.5,264,2.6525,v,True,True,104.0369418090266,104.41469939141342
phone_M1.wav,pefac_whole_q0.5,265,2.6625,v,True,True,103.33784470959671,103.63755977963515
phone_M1.wav,pefac_whole_q0.5,266,2.6725,v,True,True,102.70091353177507,103.63755977963515
phone_M1.wav,pefac_whole_q0.5,267,2.6825,v,True,True,102.59480407993908,102.86620427660503
phone_M1.wav,pefac_whole_q0.5,268,2.6925,v,True,True,103.15419753570292,103.63755977963515
phone_M1.wav,pefac_whole_q0.5,269,2.7025,v,True,False,103.72089219713192,
phone_M1.wav,pefac_whole_q0.5,270,2.7125,v,True,False,111.95421419273394,
phone_M1.wav,pefac_whole_q0.5,281,2.8225,uv,False,True,,255.91591926425798
phone_M1.wav,pefac_whole_q0.5,282,2.8325,uv,False,True,,255.91591926425798
phone_M1.wav,pefac_whole_q0.5,283,2.8425,uv,False,True,,223.71595234361072
phone_M1.wav,pefac_whole_q0.5,284,2.8525,uv,False,True,,223.71595234361072
phone_M1.wav,pefac_whole_q0.5,285,2.8625,v,False,True,,136.63511930922
phone_M1.wav,pefac_whole_q0.5,286,2.8725,v,True,True,134.94177461351055,136.63511930922
phone_M1.wav,pefac_whole_q0.5,287,2.8825,v,True,True,136.74338673966338,136.63511930922
phone_M1.wav,pefac_whole_q0.5,288,2.8925,v,True,True,135.48923709559537,136.63511930922
phone_M1.wav,pefac_whole_q0.5,289,2.9025,v,True,True,135.56390282023048,136.63511930922
phone_M1.wav,pefac_whole_q0.5,290,2.9125,v,True,True,136.51759750395084,136.63511930922
phone_M1.wav,pefac_whole_q0.5,291,2.9225,v,True,True,138.19315337122865,136.63511930922
phone_M1.wav,pefac_whole_q0.5,292,2.9325,uv,False,True,,137.6596953779833
phone_M1.wav,pefac_whole_q0.5,293,2.9425,uv,False,True,,137.6596953779833
phone_M1.wav,pefac_whole_q0.5,295,2.9625,uv,False,True,,136.63511930922
phone_M1.wav,pefac_whole_q0.5,296,2.9725,uv,False,True,,136.63511930922
phone_M1.wav,pefac_whole_q0.5,300,3.0125,uv,False,True,,136.63511930922
phone_M1.wav,pefac_whole_q0.5,301,3.0225,uv,False,True,,136.63511930922
phone_M1.wav,pefac_whole_q0.5,302,3.0325,uv,False,True,,136.63511930922
phone_M1.wav,pefac_whole_q0.5,309,3.1025,v,True,False,111.06561920424248,
phone_M1.wav,pefac_whole_q0.5,310,3.1125,v,True,False,92.65515404521004,
phone_M1.wav,pefac_whole_q0.5,311,3.1225,v,True,True,99.81372717963758,94.75095865779583
phone_M1.wav,pefac_whole_q0.5,312,3.1325,v,True,True,92.36570234129957,94.04574451020812
phone_M1.wav,pefac_whole_q0.5,313,3.1425,v,True,True,92.61064370184127,94.04574451020812
phone_M1.wav,pefac_whole_q0.5,314,3.1525,v,True,True,94.16937025600197,94.75095865779583
phone_M1.wav,pefac_whole_q0.5,315,3.1625,v,True,True,96.22364603018615,96.17729102455131
phone_M1.wav,pefac_whole_q0.5,316,3.1725,v,True,True,97.03815557500656,99.8377671425012
phone_M1.wav,pefac_whole_q0.5,317,3.1825,v,True,True,101.49544437530486,100.5864135189974
phone_M1.wav,pefac_whole_q0.5,318,3.1925,v,True,True,101.20151732066144,100.5864135189974
phone_M1.wav,pefac_whole_q0.5,319,3.2025,v,True,True,100.46275722054135,100.5864135189974
phone_M1.wav,pefac_whole_q0.5,320,3.2125,v,True,True,99.43251088619611,99.8377671425012
phone_M1.wav,pefac_whole_q0.5,321,3.2225,v,True,True,98.91809229956668,99.8377671425012
phone_M1.wav,pefac_whole_q0.5,322,3.2325,v,True,True,98.91360506456651,99.8377671425012
phone_M1.wav,pefac_whole_q0.5,323,3.2425,v,True,True,100.49477813003473,100.5864135189974
phone_M1.wav,pefac_whole_q0.5,324,3.2525,v,True,True,101.46294717793857,102.10058983225413
phone_M1.wav,pefac_whole_q0.5,325,3.2625,v,True,True,104.82484202557704,103.63755977963515
phone_M1.wav,pefac_whole_q0.5,326,3.2725,v,True,True,110.81949938859171,105.98650475799435
phone_M1.wav,pefac_whole_q0.5,327,3.2825,v,True,False,111.58735576198498,
phone_M1.wav,pefac_whole_q0.5,343,3.4425,uv,True,False,138.0437578402067,
phone_M1.wav,pefac_whole_q0.5,344,3.4525,v,True,False,117.55825286079047,
phone_M1.wav,pefac_whole_q0.5,345,3.4625,v,True,True,116.92404410812499,115.06405426856549
phone_M1.wav,pefac_whole_q0.5,346,3.4725,v,True,False,112.78874015003151,
phone_M1.wav,pefac_whole_q0.5,347,3.4825,v,True,True,108.91503630531122,109.2014551310816
phone_M1.wav,pefac_whole_q0.5,348,3.4925,v,True,True,105.5714102805694,107.58197127693039
phone_M1.wav,pefac_whole_q0.5,349,3.5025,v,True,False,102.54203393194399,
phone_M1.wav,pefac_whole_q0.5,350,3.5125,v,True,False,95.82837727409543,
phone_M1.wav,pefac_whole_q0.8,46,0.4725,v,True,False,140.61140022952898,
phone_M1.wav,pefac_whole_q0.8,47,0.4825,v,True,True,136.56715016977773,136.63511930922
phone_M1.wav,pefac_whole_q0.8,48,0.4925,v,True,True,136.44348519005743,136.63511930922
phone_M1.wav,pefac_whole_q0.8,49,0.5025,v,True,True,136.3866377159719,136.63511930922
phone_M1.wav,pefac_whole_q0.8,50,0.5125,v,True,True,135.8206474638098,136.63511930922
phone_M1.wav,pefac_whole_q0.8,51,0.5225,v,True,True,135.08132047142837,135.61816897373888
phone_M1.wav,pefac_whole_q0.8,52,0.5325,v,True,True,135.00097123327467,136.63511930922
phone_M1.wav,pefac_whole_q0.8,53,0.5425,v,True,True,136.13695582343033,136.63511930922
phone_M1.wav,pefac_whole_q0.8,54,0.5525,v,True,True,137.31248345292013,136.63511930922
phone_M1.wav,pefac_whole_q0.8,55,0.5625,v,True,True,138.43561130339424,137.6596953779833
phone_M1.wav,pefac_whole_q0.8,56,0.5725,v,True,True,135.74634950396046,137.6596953779833
phone_M1.wav,pefac_whole_q0.8,57,0.5825,v,True,True,136.7477927202596,137.6596953779833
phone_M1.wav,pefac_whole_q0.8,58,0.5925,v,True,True,136.84700888757754,138.6919543625739
phone_M1.wav,pefac_whole_q0.8,59,0.6025,v,True,True,137.54971990534997,138.6919543625739
phone_M1.wav,pefac_whole_q0.8,60,0.6125,v,True,True,137.88325818934953,139.73195387432696
phone_M1.wav,pefac_whole_q0.8,61,0.6225,v,True,True,138.08614530158968,139.73195387432696
phone_M1.wav,pefac_whole_q0.8,62,0.6325,v,True,True,138.62005984651398,139.73195387432696
phone_M1.wav,pefac_whole_q0.8,63,0.6425,v,True,True,138.28200730552624,138.6919543625739
phone_M1.wav,pefac_whole_q0.8,64,0.6525,v,True,True,137.27781758679075,137.6596953779833
phone_M1.wav,pefac_whole_q0.8,65,0.6625,v,True,True,134.97087231020333,136.63511930922
phone_M1.wav,pefac_whole_q0.8,66,0.6725,v,True,True,133.66099533633152,134.60878761459475
phone_M1.wav,pefac_whole_q0.8,67,0.6825,v,True,True,132.38680968449032,133.6069188972736
phone_M1.wav,pefac_whole_q0.8,68,0.6925,v,True,True,131.39266732884545,131.62549614336174
phone_M1.wav,pefac_whole_q0.8,69,0.7025,v,True,True,128.7752604499131,129.67345836563302
phone_M1.wav,pefac_whole_q0.8,70,0.7125,v,True,True,127.67606375592936,126.79954701673121
phone_M1.wav,pefac_whole_q0.8,71,0.7225,v,True,True,125.56179782949324,124.91907922570431
phone_M1.wav,pefac_whole_q0.8,72,0.7325,v,True,True,123.16819719957749,123.98932924510775
phone_M1.wav,pefac_whole_q0.8,73,0.7425,v,True,True,122.66703204853812,123.0664992244707
phone_M1.wav,pefac_whole_q0.8,74,0.7525,v,True,True,121.11374621287216,121.24139343039766
phone_M1.wav,pefac_whole_q0.8,75,0.7625,v,True,True,119.00814895197138,119.44335439438268
phone_M1.wav,pefac_whole_q0.8,76,0.7725,v,True,True,117.7853278848161,118.55435923752667
phone_M1.wav,pefac_whole_q0.8,77,0.7825,v,True,True,116.52211886070339,117.67198070989143
phone_M1.wav,pefac_whole_q0.8,78,0.7925,v,True,True,114.62539378572176,116.79616956510941
phone_M1.wav,pefac_whole_q0.8,79,0.8025,v,True,True,112.82781627458259,115.92687692334482
phone_M1.wav,pefac_whole_q0.8,80,0.8125,v,True,False,111.14156435978268,
phone_M1.wav,pefac_whole_q0.8,81,0.8225,v,True,False,116.28312873591662,
phone_M1.wav,pefac_whole_q0.8,82,0.8325,v,True,False,114.41498212036927,
phone_M1.wav,pefac_whole_q0.8,83,0.8425,v,True,False,116.74269356745413,
phone_M1.wav,pefac_whole_q0.8,84,0.8525,v,True,True,118.82750865703056,118.55435923752667
phone_M1.wav,pefac_whole_q0.8,85,0.8625,v,True,True,119.26760876149031,120.33901579610726
phone_M1.wav,pefac_whole_q0.8,86,0.8725,v,True,True,120.24963881767519,121.24139343039766
phone_M1.wav,pefac_whole_q0.8,87,0.8825,v,True,False,122.29471610696208,
phone_M1.wav,pefac_whole_q0.8,88,0.8925,v,True,False,123.99110692288016,
phone_M1.wav,pefac_whole_q0.8,89,0.9025,v,True,True,124.8469868004664,132.6125069065491
phone_M1.wav,pefac_whole_q0.8,90,0.9125,v,True,True,139.0919775933245,133.6069188972736
phone_M1.wav,pefac_whole_q0.8,91,0.9225,v,True,True,133.2138283390675,133.6069188972736
phone_M1.wav,pefac_whole_q0.8,92,0.9325,v,True,True,133.47013230100293,134.60878761459475
phone_M1.wav,pefac_whole_q0.8,93,0.9425,v,True,True,135.09107990412252,135.61816897373888
phone_M1.wav,pefac_whole_q0.8,94,0.9525,v,True,True,136.68967283805748,136.63511930922
phone_M1.wav,pefac_whole_q0.8,95,0.9625,v,True,True,138.57149891211094,137.6596953779833
phone_M1.wav,pefac_whole_q0.8,96,0.9725,v,True,True,140.33816255588636,139.73195387432696
phone_M1.wav,pefac_whole_q0.8,97,0.9825,v,True,True,140.92630479493454,140.7797519565841
phone_M1.wav,pefac_whole_q0.8,98,0.9925,v,True,True,141.30103470323672,141.83540708793234
phone_M1.wav,pefac_whole_q0.8,99,1.0025,v,True,True,142.32520197098495,142.89897818546783
phone_M1.wav,pefac_whole_q0.8,100,1.0125,v,True,True,146.95179496537364,147.23361611206215
phone_M1.wav,pefac_whole_q0.8,101,1.0225,v,True,True,148.95930253914142,149.4499955039956
phone_M1.wav,pefac_whole_q0.8,102,1.0325,v,True,True,149.135094467618,150.57066557508946
phone_M1.wav,pefac_whole_q0.8,103,1.0425,v,True,True,149.11400777293022,150.57066557508946
phone_M1.wav,pefac_whole_q0.8,104,1.0525,v,True,True,149.3825306220188,150.57066557508946
phone_M1.wav,pefac_whole_q0.8,105,1.0625,v,True,True,149.16781199569718,150.57066557508946
phone_M1.wav,pefac_whole_q0.8,106,1.0725,v,True,True,147.99995079819035,149.4499955039956
phone_M1.wav,pefac_whole_q0.8,107,1.0825,v,True,True,146.77841764224308,148.3376663763614
phone_M1.wav,pefac_whole_q0.8,108,1.0925,v,True,True,144.77793042005513,147.23361611206215
phone_M1.wav,pefac_whole_q0.8,109,1.1025,v,True,True,143.04353365088463,146.137783093024
phone_M1.wav,pefac_whole_q0.8,110,1.1125,v,True,True,142.45566061791,145.05010615978574
phone_M1.wav,pefac_whole_q0.8,111,1.1225,v,True,False,139.09220940637604,
phone_M1.wav,pefac_whole_q0.8,112,1.1325,v,True,True,139.27045093983946,153.9833492540844
phone_M1.wav,pefac_whole_q0.8,113,1.1425,v,True,True,147.7313474131549,155.1380132630989
phone_M1.wav,pefac_whole_q0.8,114,1.1525,v,True,True,153.0131249503326,155.1380132630989
phone_M1.wav,pefac_whole_q0.8,115,1.1625,v,True,True,158.1147111391564,155.1380132630989
phone_M1.wav,pefac_whole_q0.8,116,1.1725,v,True,True,154.25159009489713,155.1380132630989
phone_M1.wav,pefac_whole_q0.8,117,1.1825,v,True,True,153.94311242385814,155.1380132630989
phone_M1.wav,pefac_whole_q0.8,118,1.1925,v,True,True,153.64577440710337,153.9833492540844
phone_M1.wav,pefac_whole_q0.8,119,1.2025,v,True,True,152.73431079045372,153.9833492540844
phone_M1.wav,pefac_whole_q0.8,120,1.2125,v,True,True,152.20421053692766,152.83727919922495
phone_M1.wav,pefac_whole_q0.8,121,1.2225,v,True,True,141.50403472079816,152.83727919922495
phone_M1.wav,pefac_whole_q0.8,122,1.2325,v,True,True,151.73885081497758,152.83727919922495
phone_M1.wav,pefac_whole_q0.8,123,1.2425,v,True,True,153.08702369789177,155.1380132630989
phone_M1.wav,pefac_whole_q0.8,124,1.2525,v,True,True,154.91567282801768,156.3013356691427
phone_M1.wav,pefac_whole_q0.8,125,1.2625,v,True,True,156.38048532964382,157.47338139832254
phone_M1.wav,pefac_whole_q0.8,126,1.2725,v,True,True,157.10717129820927,157.47338139832254
phone_M1.wav,pefac_whole_q0.8,127,1.2825,v,True,True,156.20068357342058,157.47338139832254
phone_M1.wav,pefac_whole_q0.8,128,1.2925,v,True,True,154.2817568784777,156.3013356691427
phone_M1.wav,pefac_whole_q0.8,129,1.3025,v,True,True,152.96783631546376,155.1380132630989
phone_M1.wav,pefac_whole_q0.8,130,1.3125,v,True,True,153.42235721812304,155.1380132630989
phone_M1.wav,pefac_whole_q0.8,131,1.3225,v,True,True,152.19360577282131,153.9833492540844
phone_M1.wav,pefac_whole_q0.8,132,1.3325,v,True,False,153.25331229705398,
phone_M1.wav,pefac_whole_q0.8,133,1.3425,v,True,False,153.51672593769493,
phone_M1.wav,pefac_whole_q0.8,134,1.3525,v,True,False,153.0324256693403,
phone_M1.wav,pefac_whole_q0.8,135,1.3625,v,True,False,153.34732468764798,
phone_M1.wav,pefac_whole_q0.8,136,1.3725,v,True,False,145.74613603074476,
phone_M1.wav,pefac_whole_q0.8,137,1.3825,v,True,False,148.11189965784035,
phone_M1.wav,pefac_whole_q0.8,149,1.5025,v,True,True,119.23040745677676,115.92687692334482
phone_M1.wav,pefac_whole_q0.8,150,1.5125,v,True,True,115.1711050464258,115.92687692334482
phone_M1.wav,pefac_whole_q0.8,151,1.5225,v,True,True,114.3334492153201,115.06405426856549
phone_M1.wav,pefac_whole_q0.8,152,1.5325,v,True,True,114.70073344682882,115.06405426856549
phone_M1.wav,pefac_whole_q0.8,153,1.5425,v,True,True,114.61224207408594,115.06405426856549
phone_M1.wav,pefac_whole_q0.8,154,1.5525,v,True,True,113.98988807536239,114.20765344583555
phone_M1.wav,pefac_whole_q0.8,155,1.5625,v,True,True,112.8595417530294,113.35762665862714
phone_M1.wav,pefac_whole_q0.8,156,1.5725,v,True,True,111.66867975031316,112.51392646615372
phone_M1.wav,pefac_whole_q0.8,157,1.5825,v,True,True,109.75429749905729,111.67650578072151
phone_M1.wav,pefac_whole_q0.8,158,1.5925,v,True,True,109.5823236913821,110.84531786510205
phone_M1.wav,pefac_whole_q0.8,159,1.6025,v,True,False,112.38966519933976,
phone_M1.wav,pefac_whole_q0.8,160,1.6125,v,True,False,111.58528071938703,
phone_M1.wav,pefac_whole_q0.8,161,1.6225,v,True,False,109.02525485396231,
phone_M1.wav,pefac_whole_q0.8,162,1.6325,v,True,False,107.35206814817636,
phone_M1.wav,pefac_whole_q0.8,163,1.6425,v,True,False,107.1689686105737,
phone_M1.wav,pefac_whole_q0.8,164,1.6525,v,True,False,108.44724645304025,
phone_M1.wav,pefac_whole_q0.8,165,1.6625,v,True,False,109.55152876518127,
phone_M1.wav,pefac_whole_q0.8,166,1.6725,v,True,False,114.79784100300276,
phone_M1.wav,pefac_whole_q0.8,167,1.6825,v,True,False,112.48648752783402,
phone_M1.wav,pefac_whole_q0.8,168,1.6925,uv,True,False,113.72006026255401,
phone_M1.wav,pefac_whole_q0.8,178,1.7925,v,True,True,118.71237286304867,122.15053765978996
phone_M1.wav,pefac_whole_q0.8,179,1.8025,v,True,True,122.91938039900599,121.24139343039766
phone_M1.wav,pefac_whole_q0.8,180,1.8125,v,True,True,120.99336471572163,121.24139343039766
phone_M1.wav,pefac_whole_q0.8,181,1.8225,v,True,True,121.12901048703986,121.24139343039766
phone_M1.wav,pefac_whole_q0.8,182,1.8325,v,True,True,120.67575270256879,121.24139343039766
phone_M1.wav,pefac_whole_q0.8,183,1.8425,v,True,True,120.42371991297419,120.33901579610726
phone_M1.wav,pefac_whole_q0.8,184,1.8525,v,True,True,119.44283468047868,119.44335439438268
phone_M1.wav,pefac_whole_q0.8,185,1.8625,v,True,True,117.18831733304071,118.55435923752667
phone_M1.wav,pefac_whole_q0.8,186,1.8725,v,True,True,116.37900102805615,115.92687692334482
phone_M1.wav,pefac_whole_q0.8,187,1.8825,v,True,True,114.04030097586997,114.20765344583555
phone_M1.wav,pefac_whole_q0.8,188,1.8925,v,True,True,112.48405817333624,112.51392646615372
phone_M1.wav,pefac_whole_q0.8,189,1.9025,v,True,True,111.42744784417076,111.67650578072151
phone_M1.wav,pefac_whole_q0.8,190,1.9125,v,True,True,110.52666286830384,110.84531786510205
phone_M1.wav,pefac_whole_q0.8,191,1.9225,v,True,True,110.04605462314947,110.0203163299235
phone_M1.wav,pefac_whole_q0.8,192,1.9325,v,True,True,106.56881259398136,107.58197127693039
phone_M1.wav,pefac_whole_q0.8,193,1.9425,v,True,True,103.21644471604483,103.63755977963515
phone_M1.wav,pefac_whole_q0.8,194,1.9525,v,True,True,100.43364716968338,101.34067371692693
phone_M1.wav,pefac_whole_q0.8,195,1.9625,v,True,True,98.11144657318252,100.5864135189974
phone_M1.wav,pefac_whole_q0.8,196,1.9725,v,False,True,,99.8377671425012
phone_M1.wav,pefac_whole_q0.8,201,2.0225,v,True,False,102.41908391983722,
phone_M1.wav,pefac_whole_q0.8,202,2.0325,v,True,False,103.25870664082083,
phone_M1.wav,pefac_whole_q0.8,203,2.0425,v,True,False,101.44537268993899,
phone_M1.wav,pefac_whole_q0.8,204,2.0525,v,True,False,99.72290353219154,
phone_M1.wav,pefac_whole_q0.8,205,2.0625,v,True,False,96.16163943404464,
phone_M1.wav,pefac_whole_q0.8,206,2.0725,v,True,False,104.29427895441685,
phone_M1.wav,pefac_whole_q0.8,207,2.0825,v,True,False,106.91052638484442,
phone_M1.wav,pefac_whole_q0.8,208,2.0925,v,True,False,108.28548458580146,
phone_M1.wav,pefac_whole_q0.8,209,2.1025,v,True,False,106.4341157869309,
phone_M1.wav,pefac_whole_q0.8,210,2.1125,v,True,False,106.71535580299182,
phone_M1.wav,pefac_whole_q0.8,211,2.1225,v,True,False,108.68880556411654,
phone_M1.wav,pefac_whole_q0.8,212,2.1325,v,True,False,112.4885359182962,
phone_M1.wav,pefac_whole_q0.8,213,2.1425,v,True,False,121.22513083615078,
phone_M1.wav,pefac_whole_q0.8,214,2.1525,v,True,False,125.9582016301792,
phone_M1.wav,pefac_whole_q0.8,215,2.1625,v,True,True,121.17142033902753,123.0664992244707
phone_M1.wav,pefac_whole_q0.8,216,2.1725,v,True,True,123.92386314623265,123.0664992244707
phone_M1.wav,pefac_whole_q0.8,217,2.1825,v,True,True,123.32378687732383,123.0664992244707
phone_M1.wav,pefac_whole_q0.8,218,2.1925,v,True,True,122.68248317556238,122.15053765978996
phone_M1.wav,pefac_whole_q0.8,219,2.2025,v,True,True,121.77149717229747,122.15053765978996
phone_M1.wav,pefac_whole_q0.8,220,2.2125,v,True,True,120.53340426110351,121.24139343039766
phone_M1.wav,pefac_whole_q0.8,221,2.2225,v,True,True,120.19262051230776,120.33901579610726
phone_M1.wav,pefac_whole_q0.8,222,2.2325,v,True,False,118.32377943103339,
phone_M1.wav,pefac_whole_q0.8,223,2.2425,v,True,False,117.48548169616656,
phone_M1.wav,pefac_whole_q0.8,224,2.2525,v,True,False,116.43248635174433,
phone_M1.wav,pefac_whole_q0.8,225,2.2625,v,True,False,115.17158322287533,
phone_M1.wav,pefac_whole_q0.8,226,2.2725,v,True,False,114.8877726677132,
phone_M1.wav,pefac_whole_q0.8,227,2.2825,v,True,False,114.35637775101226,
phone_M1.wav,pefac_whole_q0.8,228,2.2925,v,True,False,113.37764934938492,
phone_M1.wav,pefac_whole_q0.8,229,2.3025,v,True,False,111.75821289757964,
phone_M1.wav,pefac_whole_q0.8,230,2.3125,v,True,False,111.4764353683385,
phone_M1.wav,pefac_whole_q0.8,231,2.3225,v,True,False,109.8129269930601,
phone_M1.wav,pefac_whole_q0.8,232,2.3325,v,True,False,109.53171099417085,
phone_M1.wav,pefac_whole_q0.8,233,2.3425,v,True,False,109.60150192519804,
phone_M1.wav,pefac_whole_q0.8,234,2.3525,v,True,False,110.18367050708117,
phone_M1.wav,pefac_whole_q0.8,235,2.3625,v,True,False,111.03388579701685,
phone_M1.wav,pefac_whole_q0.8,236,2.3725,v,True,True,111.54831681121587,112.51392646615372
phone_M1.wav,pefac_whole_q0.8,237,2.3825,v,True,True,114.27726941683781,113.35762665862714
phone_M1.wav,pefac_whole_q0.8,238,2.3925,v,True,True,115.16687606473837,114.20765344583555
phone_M1.wav,pefac_whole_q0.8,239,2.4025,v,True,False,112.00273054078652,
phone_M1.wav,pefac_whole_q0.8,240,2.4125,v,True,False,118.69867267462277,
phone_M1.wav,pefac_whole_q0.8,241,2.4225,v,True,False,123.70723214100175,
phone_M1.wav,pefac_whole_q0.8,242,2.4325,v,True,False,125.27083800229572,
phone_M1.wav,pefac_whole_q0.8,243,2.4425,v,True,False,127.03238542403017,
phone_M1.wav,pefac_whole_q0.8,244,2.4525,v,True,False,130.56989395421223,
phone_M1.wav,pefac_whole_q0.8,245,2.4625,v,True,False,126.43069324681312,
phone_M1.wav,pefac_whole_q0.8,246,2.4725,v,True,False,123.061773285868,
phone_M1.wav,pefac_whole_q0.8,247,2.4825,v,True,False,121.68036719318604,
phone_M1.wav,pefac_whole_q0.8,248,2.4925,v,True,False,127.33724727792367,
phone_M1.wav,pefac_whole_q0.8,249,2.5025,v,True,False,110.33510582319578,
phone_M1.wav,pefac_whole_q0.8,250,2.5125,v,True,True,110.90302432190406,111.67650578072151
phone_M1.wav,pefac_whole_q0.8,251,2.5225,v,True,True,111.19728472074651,111.67650578072151
phone_M1.wav,pefac_whole_q0.8,252,2.5325,v,True,True,110.64831399706564,110.84531786510205
phone_M1.wav,pefac_whole_q0.8,253,2.5425,v,True,True,111.18540295634656,110.84531786510205
phone_M1.wav,pefac_whole_q0.8,254,2.5525,v,True,True,109.3645320285213,110.0203163299235
phone_M1.wav,pefac_whole_q0.8,255,2.5625,v,True,True,109.55492082276245,109.2014551310816
phone_M1.wav,pefac_whole_q0.8,256,2.5725,v,True,True,108.35040061768765,109.2014551310816
phone_M1.wav,pefac_whole_q0.8,257,2.5825,v,True,True,108.58230211321587,108.3886885671703
phone_M1.wav,pefac_whole_q0.8,258,2.5925,v,True,True,108.07437149074819,108.3886885671703
phone_M1.wav,pefac_whole_q0.8,259,2.6025,v,True,True,108.01084333487032,108.3886885671703
phone_M1.wav,pefac_whole_q0.8,260,2.6125,v,True,True,107.48160983704298,107.58197127693039
phone_M1.wav,pefac_whole_q0.8,261,2.6225,v,True,True,106.68555904753099,106.78125823671864
phone_M1.wav,pefac_whole_q0.8,262,2.6325,v,True,True,105.95773605486261,105.98650475799435
phone_M1.wav,pefac_whole_q0.8,263,2.6425,v,True,True,104.51531977242507,105.19766648482555
phone_M1.wav,pefac_whole_q0.8,264,2.6525,v,True,True,104.0369418090266,104.41469939141342
phone_M1.wav,pefac_whole_q0.8,265,2.6625,v,True,True,103.33784470959671,103.63755977963515
phone_M1.wav,pefac_whole_q0.8,266,2.6725,v,True,True,102.70091353177507,103.63755977963515
phone_M1.wav,pefac_whole_q0.8,267,2.6825,v,True,False,102.59480407993908,
phone_M1.wav,pefac_whole_q0.8,268,2.6925,v,True,False,103.15419753570292,
phone_M1.wav,pefac_whole_q0.8,269,2.7025,v,True,False,103.72089219713192,
phone_M1.wav,pefac_whole_q0.8,270,2.7125,v,True,False,111.95421419273394,
phone_M1.wav,pefac_whole_q0.8,281,2.8225,uv,False,True,,255.91591926425798
phone_M1.wav,pefac_whole_q0.8,282,2.8325,uv,False,True,,255.91591926425798
phone_M1.wav,pefac_whole_q0.8,283,2.8425,uv,False,True,,223.71595234361072
phone_M1.wav,pefac_whole_q0.8,284,2.8525,uv,False,True,,223.71595234361072
phone_M1.wav,pefac_whole_q0.8,285,2.8625,v,False,True,,136.63511930922
phone_M1.wav,pefac_whole_q0.8,286,2.8725,v,True,True,134.94177461351055,136.63511930922
phone_M1.wav,pefac_whole_q0.8,287,2.8825,v,True,True,136.74338673966338,136.63511930922
phone_M1.wav,pefac_whole_q0.8,288,2.8925,v,True,True,135.48923709559537,136.63511930922
phone_M1.wav,pefac_whole_q0.8,289,2.9025,v,True,True,135.56390282023048,136.63511930922
phone_M1.wav,pefac_whole_q0.8,290,2.9125,v,True,True,136.51759750395084,136.63511930922
phone_M1.wav,pefac_whole_q0.8,291,2.9225,v,True,True,138.19315337122865,136.63511930922
phone_M1.wav,pefac_whole_q0.8,292,2.9325,uv,False,True,,137.6596953779833
phone_M1.wav,pefac_whole_q0.8,309,3.1025,v,True,False,111.06561920424248,
phone_M1.wav,pefac_whole_q0.8,310,3.1125,v,True,False,92.65515404521004,
phone_M1.wav,pefac_whole_q0.8,311,3.1225,v,True,False,99.81372717963758,
phone_M1.wav,pefac_whole_q0.8,312,3.1325,v,True,False,92.36570234129957,
phone_M1.wav,pefac_whole_q0.8,313,3.1425,v,True,True,92.61064370184127,94.04574451020812
phone_M1.wav,pefac_whole_q0.8,314,3.1525,v,True,False,94.16937025600197,
phone_M1.wav,pefac_whole_q0.8,315,3.1625,v,True,False,96.22364603018615,
phone_M1.wav,pefac_whole_q0.8,316,3.1725,v,True,False,97.03815557500656,
phone_M1.wav,pefac_whole_q0.8,317,3.1825,v,True,True,101.49544437530486,100.5864135189974
phone_M1.wav,pefac_whole_q0.8,318,3.1925,v,True,True,101.20151732066144,100.5864135189974
phone_M1.wav,pefac_whole_q0.8,319,3.2025,v,True,True,100.46275722054135,100.5864135189974
phone_M1.wav,pefac_whole_q0.8,320,3.2125,v,True,True,99.43251088619611,99.8377671425012
phone_M1.wav,pefac_whole_q0.8,321,3.2225,v,True,True,98.91809229956668,99.8377671425012
phone_M1.wav,pefac_whole_q0.8,322,3.2325,v,True,True,98.91360506456651,99.8377671425012
phone_M1.wav,pefac_whole_q0.8,323,3.2425,v,True,True,100.49477813003473,100.5864135189974
phone_M1.wav,pefac_whole_q0.8,324,3.2525,v,True,True,101.46294717793857,102.10058983225413
phone_M1.wav,pefac_whole_q0.8,325,3.2625,v,True,True,104.82484202557704,103.63755977963515
phone_M1.wav,pefac_whole_q0.8,326,3.2725,v,True,False,110.81949938859171,
phone_M1.wav,pefac_whole_q0.8,327,3.2825,v,True,False,111.58735576198498,
phone_M1.wav,pefac_whole_q0.8,343,3.4425,uv,True,False,138.0437578402067,
phone_M1.wav,pefac_whole_q0.8,344,3.4525,v,True,False,117.55825286079047,
phone_M1.wav,pefac_whole_q0.8,345,3.4625,v,True,False,116.92404410812499,
phone_M1.wav,pefac_whole_q0.8,346,3.4725,v,True,False,112.78874015003151,
phone_M1.wav,pefac_whole_q0.8,347,3.4825,v,True,False,108.91503630531122,
phone_M1.wav,pefac_whole_q0.8,348,3.4925,v,True,False,105.5714102805694,
phone_M1.wav,pefac_whole_q0.8,349,3.5025,v,True,False,102.54203393194399,
phone_M1.wav,pefac_whole_q0.8,350,3.5125,v,True,False,95.82837727409543,
phone_M1.wav,pefac_pitch_only,46,0.4725,v,True,True,140.61140022952898,137.6596953779833
phone_M1.wav,pefac_pitch_only,47,0.4825,v,True,True,136.56715016977773,136.63511930922
phone_M1.wav,pefac_pitch_only,48,0.4925,v,True,True,136.44348519005743,136.63511930922
phone_M1.wav,pefac_pitch_only,49,0.5025,v,True,True,136.3866377159719,136.63511930922
phone_M1.wav,pefac_pitch_only,50,0.5125,v,True,True,135.8206474638098,136.63511930922
phone_M1.wav,pefac_pitch_only,51,0.5225,v,True,True,135.08132047142837,135.61816897373888
phone_M1.wav,pefac_pitch_only,52,0.5325,v,True,True,135.00097123327467,136.63511930922
phone_M1.wav,pefac_pitch_only,53,0.5425,v,True,True,136.13695582343033,136.63511930922
phone_M1.wav,pefac_pitch_only,54,0.5525,v,True,True,137.31248345292013,136.63511930922
phone_M1.wav,pefac_pitch_only,55,0.5625,v,True,True,138.43561130339424,137.6596953779833
phone_M1.wav,pefac_pitch_only,56,0.5725,v,True,True,135.74634950396046,137.6596953779833
phone_M1.wav,pefac_pitch_only,57,0.5825,v,True,True,136.7477927202596,137.6596953779833
phone_M1.wav,pefac_pitch_only,58,0.5925,v,True,True,136.84700888757754,138.6919543625739
phone_M1.wav,pefac_pitch_only,59,0.6025,v,True,True,137.54971990534997,138.6919543625739
phone_M1.wav,pefac_pitch_only,60,0.6125,v,True,True,137.88325818934953,139.73195387432696
phone_M1.wav,pefac_pitch_only,61,0.6225,v,True,True,138.08614530158968,139.73195387432696
phone_M1.wav,pefac_pitch_only,62,0.6325,v,True,True,138.62005984651398,139.73195387432696
phone_M1.wav,pefac_pitch_only,63,0.6425,v,True,True,138.28200730552624,138.6919543625739
phone_M1.wav,pefac_pitch_only,64,0.6525,v,True,True,137.27781758679075,137.6596953779833
phone_M1.wav,pefac_pitch_only,65,0.6625,v,True,True,134.97087231020333,136.63511930922
phone_M1.wav,pefac_pitch_only,66,0.6725,v,True,True,133.66099533633152,134.60878761459475
phone_M1.wav,pefac_pitch_only,67,0.6825,v,True,True,132.38680968449032,133.6069188972736
phone_M1.wav,pefac_pitch_only,68,0.6925,v,True,True,131.39266732884545,131.62549614336174
phone_M1.wav,pefac_pitch_only,69,0.7025,v,True,True,128.7752604499131,129.67345836563302
phone_M1.wav,pefac_pitch_only,70,0.7125,v,True,True,127.67606375592936,126.79954701673121
phone_M1.wav,pefac_pitch_only,71,0.7225,v,True,True,125.56179782949324,124.91907922570431
phone_M1.wav,pefac_pitch_only,72,0.7325,v,True,True,123.16819719957749,123.98932924510775
phone_M1.wav,pefac_pitch_only,73,0.7425,v,True,True,122.66703204853812,123.0664992244707
phone_M1.wav,pefac_pitch_only,74,0.7525,v,True,True,121.11374621287216,121.24139343039766
phone_M1.wav,pefac_pitch_only,75,0.7625,v,True,True,119.00814895197138,119.44335439438268
phone_M1.wav,pefac_pitch_only,76,0.7725,v,True,True,117.7853278848161,118.55435923752667
phone_M1.wav,pefac_pitch_only,77,0.7825,v,True,True,116.52211886070339,117.67198070989143
phone_M1.wav,pefac_pitch_only,78,0.7925,v,True,True,114.62539378572176,116.79616956510941
phone_M1.wav,pefac_pitch_only,79,0.8025,v,True,True,112.82781627458259,115.92687692334482
phone_M1.wav,pefac_pitch_only,80,0.8125,v,True,True,111.14156435978268,115.06405426856549
phone_M1.wav,pefac_pitch_only,81,0.8225,v,True,True,116.28312873591662,115.06405426856549
phone_M1.wav,pefac_pitch_only,82,0.8325,v,True,True,114.41498212036927,116.79616956510941
phone_M1.wav,pefac_pitch_only,83,0.8425,v,True,True,116.74269356745413,117.67198070989143
phone_M1.wav,pefac_pitch_only,84,0.8525,v,True,True,118.82750865703056,118.55435923752667
phone_M1.wav,pefac_pitch_only,85,0.8625,v,True,True,119.26760876149031,120.33901579610726
phone_M1.wav,pefac_pitch_only,86,0.8725,v,True,True,120.24963881767519,121.24139343039766
phone_M1.wav,pefac_pitch_only,87,0.8825,v,True,True,122.29471610696208,122.15053765978996
phone_M1.wav,pefac_pitch_only,88,0.8925,v,True,True,123.99110692288016,131.62549614336174
phone_M1.wav,pefac_pitch_only,89,0.9025,v,True,True,124.8469868004664,132.6125069065491
phone_M1.wav,pefac_pitch_only,90,0.9125,v,True,True,139.0919775933245,133.6069188972736
phone_M1.wav,pefac_pitch_only,91,0.9225,v,True,True,133.2138283390675,133.6069188972736
phone_M1.wav,pefac_pitch_only,92,0.9325,v,True,True,133.47013230100293,134.60878761459475
phone_M1.wav,pefac_pitch_only,93,0.9425,v,True,True,135.09107990412252,135.61816897373888
phone_M1.wav,pefac_pitch_only,94,0.9525,v,True,True,136.68967283805748,136.63511930922
phone_M1.wav,pefac_pitch_only,95,0.9625,v,True,True,138.57149891211094,137.6596953779833
phone_M1.wav,pefac_pitch_only,96,0.9725,v,True,True,140.33816255588636,139.73195387432696
phone_M1.wav,pefac_pitch_only,97,0.9825,v,True,True,140.92630479493454,140.7797519565841
phone_M1.wav,pefac_pitch_only,98,0.9925,v,True,True,141.30103470323672,141.83540708793234
phone_M1.wav,pefac_pitch_only,99,1.0025,v,True,True,142.32520197098495,142.89897818546783
phone_M1.wav,pefac_pitch_only,100,1.0125,v,True,True,146.95179496537364,147.23361611206215
phone_M1.wav,pefac_pitch_only,101,1.0225,v,True,True,148.95930253914142,149.4499955039956
phone_M1.wav,pefac_pitch_only,102,1.0325,v,True,True,149.135094467618,150.57066557508946
phone_M1.wav,pefac_pitch_only,103,1.0425,v,True,True,149.11400777293022,150.57066557508946
phone_M1.wav,pefac_pitch_only,104,1.0525,v,True,True,149.3825306220188,150.57066557508946
phone_M1.wav,pefac_pitch_only,105,1.0625,v,True,True,149.16781199569718,150.57066557508946
phone_M1.wav,pefac_pitch_only,106,1.0725,v,True,True,147.99995079819035,149.4499955039956
phone_M1.wav,pefac_pitch_only,107,1.0825,v,True,True,146.77841764224308,148.3376663763614
phone_M1.wav,pefac_pitch_only,108,1.0925,v,True,True,144.77793042005513,147.23361611206215
phone_M1.wav,pefac_pitch_only,109,1.1025,v,True,True,143.04353365088463,146.137783093024
phone_M1.wav,pefac_pitch_only,110,1.1125,v,True,True,142.45566061791,145.05010615978574
phone_M1.wav,pefac_pitch_only,111,1.1225,v,True,True,139.09220940637604,149.4499955039956
phone_M1.wav,pefac_pitch_only,112,1.1325,v,True,True,139.27045093983946,153.9833492540844
phone_M1.wav,pefac_pitch_only,113,1.1425,v,True,True,147.7313474131549,155.1380132630989
phone_M1.wav,pefac_pitch_only,114,1.1525,v,True,True,153.0131249503326,155.1380132630989
phone_M1.wav,pefac_pitch_only,115,1.1625,v,True,True,158.1147111391564,155.1380132630989
phone_M1.wav,pefac_pitch_only,116,1.1725,v,True,True,154.25159009489713,155.1380132630989
phone_M1.wav,pefac_pitch_only,117,1.1825,v,True,True,153.94311242385814,155.1380132630989
phone_M1.wav,pefac_pitch_only,118,1.1925,v,True,True,153.64577440710337,153.9833492540844
phone_M1.wav,pefac_pitch_only,119,1.2025,v,True,True,152.73431079045372,153.9833492540844
phone_M1.wav,pefac_pitch_only,120,1.2125,v,True,True,152.20421053692766,152.83727919922495
phone_M1.wav,pefac_pitch_only,121,1.2225,v,True,True,141.50403472079816,152.83727919922495
phone_M1.wav,pefac_pitch_only,122,1.2325,v,True,True,151.73885081497758,152.83727919922495
phone_M1.wav,pefac_pitch_only,123,1.2425,v,True,True,153.08702369789177,155.1380132630989
phone_M1.wav,pefac_pitch_only,124,1.2525,v,True,True,154.91567282801768,156.3013356691427
phone_M1.wav,pefac_pitch_only,125,1.2625,v,True,True,156.38048532964382,157.47338139832254
phone_M1.wav,pefac_pitch_only,126,1.2725,v,True,True,157.10717129820927,157.47338139832254
phone_M1.wav,pefac_pitch_only,127,1.2825,v,True,True,156.20068357342058,157.47338139832254
phone_M1.wav,pefac_pitch_only,128,1.2925,v,True,True,154.2817568784777,156.3013356691427
phone_M1.wav,pefac_pitch_only,129,1.3025,v,True,True,152.96783631546376,155.1380132630989
phone_M1.wav,pefac_pitch_only,130,1.3125,v,True,True,153.42235721812304,155.1380132630989
phone_M1.wav,pefac_pitch_only,131,1.3225,v,True,True,152.19360577282131,153.9833492540844
phone_M1.wav,pefac_pitch_only,132,1.3325,v,True,True,153.25331229705398,153.9833492540844
phone_M1.wav,pefac_pitch_only,133,1.3425,v,True,True,153.51672593769493,153.9833492540844
phone_M1.wav,pefac_pitch_only,134,1.3525,v,True,True,153.0324256693403,155.1380132630989
phone_M1.wav,pefac_pitch_only,135,1.3625,v,True,True,153.34732468764798,153.9833492540844
phone_M1.wav,pefac_pitch_only,136,1.3725,v,True,True,145.74613603074476,152.83727919922495
phone_M1.wav,pefac_pitch_only,137,1.3825,v,True,True,148.11189965784035,152.83727919922495
phone_M1.wav,pefac_pitch_only,149,1.5025,v,True,True,119.23040745677676,115.92687692334482
phone_M1.wav,pefac_pitch_only,150,1.5125,v,True,True,115.1711050464258,115.92687692334482
phone_M1.wav,pefac_pitch_only,151,1.5225,v,True,True,114.3334492153201,115.06405426856549
phone_M1.wav,pefac_pitch_only,152,1.5325,v,True,True,114.70073344682882,115.06405426856549
phone_M1.wav,pefac_pitch_only,153,1.5425,v,True,True,114.61224207408594,115.06405426856549
phone_M1.wav,pefac_pitch_only,154,1.5525,v,True,True,113.98988807536239,114.20765344583555
phone_M1.wav,pefac_pitch_only,155,1.5625,v,True,True,112.8595417530294,113.35762665862714
phone_M1.wav,pefac_pitch_only,156,1.5725,v,True,True,111.66867975031316,112.51392646615372
phone_M1.wav,pefac_pitch_only,157,1.5825,v,True,True,109.75429749905729,111.67650578072151
phone_M1.wav,pefac_pitch_only,158,1.5925,v,True,True,109.5823236913821,110.84531786510205
phone_M1.wav,pefac_pitch_only,159,1.6025,v,True,True,112.38966519933976,110.84531786510205
phone_M1.wav,pefac_pitch_only,160,1.6125,v,True,True,111.58528071938703,109.2014551310816
phone_M1.wav,pefac_pitch_only,161,1.6225,v,True,True,109.02525485396231,108.3886885671703
phone_M1.wav,pefac_pitch_only,162,1.6325,v,True,True,107.35206814817636,107.58197127693039
phone_M1.wav,pefac_pitch_only,163,1.6425,v,True,True,107.1689686105737,107.58197127693039
phone_M1.wav,pefac_pitch_only,164,1.6525,v,True,True,108.44724645304025,107.58197127693039
phone_M1.wav,pefac_pitch_only,165,1.6625,v,True,True,109.55152876518127,107.58197127693039
phone_M1.wav,pefac_pitch_only,166,1.6725,v,True,True,114.79784100300276,107.58197127693039
phone_M1.wav,pefac_pitch_only,167,1.6825,v,True,True,112.48648752783402,107.58197127693039
phone_M1.wav,pefac_pitch_only,168,1.6925,uv,True,True,113.72006026255401,108.3886885671703
phone_M1.wav,pefac_pitch_only,178,1.7925,v,True,True,118.71237286304867,122.15053765978996
phone_M1.wav,pefac_pitch_only,179,1.8025,v,True,True,122.91938039900599,121.24139343039766
phone_M1.wav,pefac_pitch_only,180,1.8125,v,True,True,120.99336471572163,121.24139343039766
phone_M1.wav,pefac_pitch_only,181,1.8225,v,True,True,121.12901048703986,121.24139343039766
phone_M1.wav,pefac_pitch_only,182,1.8325,v,True,True,120.67575270256879,121.24139343039766
phone_M1.wav,pefac_pitch_only,183,1.8425,v,True,True,120.42371991297419,120.33901579610726
phone_M1.wav,pefac_pitch_only,184,1.8525,v,True,True,119.44283468047868,119.44335439438268
phone_M1.wav,pefac_pitch_only,185,1.8625,v,True,True,117.18831733304071,118.55435923752667
phone_M1.wav,pefac_pitch_only,186,1.8725,v,True,True,116.37900102805615,115.92687692334482
phone_M1.wav,pefac_pitch_only,187,1.8825,v,True,True,114.04030097586997,114.20765344583555
phone_M1.wav,pefac_pitch_only,188,1.8925,v,True,True,112.48405817333624,112.51392646615372
phone_M1.wav,pefac_pitch_only,189,1.9025,v,True,True,111.42744784417076,111.67650578072151
phone_M1.wav,pefac_pitch_only,190,1.9125,v,True,True,110.52666286830384,110.84531786510205
phone_M1.wav,pefac_pitch_only,191,1.9225,v,True,True,110.04605462314947,110.0203163299235
phone_M1.wav,pefac_pitch_only,192,1.9325,v,True,True,106.56881259398136,107.58197127693039
phone_M1.wav,pefac_pitch_only,193,1.9425,v,True,True,103.21644471604483,103.63755977963515
phone_M1.wav,pefac_pitch_only,194,1.9525,v,True,True,100.43364716968338,101.34067371692693
phone_M1.wav,pefac_pitch_only,195,1.9625,v,True,True,98.11144657318252,100.5864135189974
phone_M1.wav,pefac_pitch_only,201,2.0225,v,True,True,102.41908391983722,136.63511930922
phone_M1.wav,pefac_pitch_only,202,2.0325,v,True,True,103.25870664082083,136.63511930922
phone_M1.wav,pefac_pitch_only,203,2.0425,v,True,True,101.44537268993899,136.63511930922
phone_M1.wav,pefac_pitch_only,204,2.0525,v,True,True,99.72290353219154,201.49972580101405
phone_M1.wav,pefac_pitch_only,205,2.0625,v,True,True,96.16163943404464,197.0339518787417
phone_M1.wav,pefac_pitch_only,206,2.0725,v,True,True,104.29427895441685,197.0339518787417
phone_M1.wav,pefac_pitch_only,207,2.0825,v,True,True,106.91052638484442,200.00000000000003
phone_M1.wav,pefac_pitch_only,208,2.0925,v,True,True,108.28548458580146,105.98650475799435
phone_M1.wav,pefac_pitch_only,209,2.1025,v,True,True,106.4341157869309,106.78125823671864
phone_M1.wav,pefac_pitch_only,210,2.1125,v,True,True,106.71535580299182,107.58197127693039
phone_M1.wav,pefac_pitch_only,211,2.1225,v,True,True,108.68880556411654,110.0203163299235
phone_M1.wav,pefac_pitch_only,212,2.1325,v,True,True,112.4885359182962,121.24139343039766
phone_M1.wav,pefac_pitch_only,213,2.1425,v,True,True,121.22513083615078,123.0664992244707
phone_M1.wav,pefac_pitch_only,214,2.1525,v,True,True,125.9582016301792,123.0664992244707
phone_M1.wav,pefac_pitch_only,215,2.1625,v,True,True,121.17142033902753,123.0664992244707
phone_M1.wav,pefac_pitch_only,216,2.1725,v,True,True,123.92386314623265,123.0664992244707
phone_M1.wav,pefac_pitch_only,217,2.1825,v,True,True,123.32378687732383,123.0664992244707
phone_M1.wav,pefac_pitch_only,218,2.1925,v,True,True,122.68248317556238,122.15053765978996
phone_M1.wav,pefac_pitch_only,219,2.2025,v,True,True,121.77149717229747,122.15053765978996
phone_M1.wav,pefac_pitch_only,220,2.2125,v,True,True,120.53340426110351,121.24139343039766
phone_M1.wav,pefac_pitch_only,221,2.2225,v,True,True,120.19262051230776,120.33901579610726
phone_M1.wav,pefac_pitch_only,222,2.2325,v,True,True,118.32377943103339,119.44335439438268
phone_M1.wav,pefac_pitch_only,223,2.2425,v,True,True,117.48548169616656,118.55435923752667
phone_M1.wav,pefac_pitch_only,224,2.2525,v,True,True,116.43248635174433,116.79616956510941
phone_M1.wav,pefac_pitch_only,225,2.2625,v,True,True,115.17158322287533,115.92687692334482
phone_M1.wav,pefac_pitch_only,226,2.2725,v,True,True,114.8877726677132,115.06405426856549
phone_M1.wav,pefac_pitch_only,227,2.2825,v,True,True,114.35637775101226,115.06405426856549
phone_M1.wav,pefac_pitch_only,228,2.2925,v,True,True,113.37764934938492,114.20765344583555
phone_M1.wav,pefac_pitch_only,229,2.3025,v,True,True,111.75821289757964,112.51392646615372
phone_M1.wav,pefac_pitch_only,230,2.3125,v,True,True,111.4764353683385,111.67650578072151
phone_M1.wav,pefac_pitch_only,231,2.3225,v,True,True,109.8129269930601,110.84531786510205
phone_M1.wav,pefac_pitch_only,232,2.3325,v,True,True,109.53171099417085,110.0203163299235
phone_M1.wav,pefac_pitch_only,233,2.3425,v,True,True,109.60150192519804,110.84531786510205
phone_M1.wav,pefac_pitch_only,234,2.3525,v,True,True,110.18367050708117,110.84531786510205
phone_M1.wav,pefac_pitch_only,235,2.3625,v,True,True,111.03388579701685,111.67650578072151
phone_M1.wav,pefac_pitch_only,236,2.3725,v,True,True,111.54831681121587,112.51392646615372
phone_M1.wav,pefac_pitch_only,237,2.3825,v,True,True,114.27726941683781,113.35762665862714
phone_M1.wav,pefac_pitch_only,238,2.3925,v,True,True,115.16687606473837,114.20765344583555
phone_M1.wav,pefac_pitch_only,239,2.4025,v,True,True,112.00273054078652,115.06405426856549
phone_M1.wav,pefac_pitch_only,240,2.4125,v,True,True,118.69867267462277,115.92687692334482
phone_M1.wav,pefac_pitch_only,241,2.4225,v,True,True,123.70723214100175,122.15053765978996
phone_M1.wav,pefac_pitch_only,242,2.4325,v,True,True,125.27083800229572,125.85580105647281
phone_M1.wav,pefac_pitch_only,243,2.4425,v,True,True,127.03238542403017,126.79954701673121
phone_M1.wav,pefac_pitch_only,244,2.4525,v,True,True,130.56989395421223,126.79954701673121
phone_M1.wav,pefac_pitch_only,245,2.4625,v,True,True,126.43069324681312,125.85580105647281
phone_M1.wav,pefac_pitch_only,246,2.4725,v,True,True,123.061773285868,123.0664992244707
phone_M1.wav,pefac_pitch_only,247,2.4825,v,True,True,121.68036719318604,120.33901579610726
phone_M1.wav,pefac_pitch_only,248,2.4925,v,True,True,127.33724727792367,115.06405426856549
phone_M1.wav,pefac_pitch_only,249,2.5025,v,True,True,110.33510582319578,111.67650578072151
phone_M1.wav,pefac_pitch_only,250,2.5125,v,True,True,110.90302432190406,111.67650578072151
phone_M1.wav,pefac_pitch_only,251,2.5225,v,True,True,111.19728472074651,111.67650578072151
phone_M1.wav,pefac_pitch_only,252,2.5325,v,True,True,110.64831399706564,110.84531786510205
phone_M1.wav,pefac_pitch_only,253,2.5425,v,True,True,111.18540295634656,110.84531786510205
phone_M1.wav,pefac_pitch_only,254,2.5525,v,True,True,109.3645320285213,110.0203163299235
phone_M1.wav,pefac_pitch_only,255,2.5625,v,True,True,109.55492082276245,109.2014551310816
phone_M1.wav,pefac_pitch_only,256,2.5725,v,True,True,108.35040061768765,109.2014551310816
phone_M1.wav,pefac_pitch_only,257,2.5825,v,True,True,108.58230211321587,108.3886885671703
phone_M1.wav,pefac_pitch_only,258,2.5925,v,True,True,108.07437149074819,108.3886885671703
phone_M1.wav,pefac_pitch_only,259,2.6025,v,True,True,108.01084333487032,108.3886885671703
phone_M1.wav,pefac_pitch_only,260,2.6125,v,True,True,107.48160983704298,107.58197127693039
phone_M1.wav,pefac_pitch_only,261,2.6225,v,True,True,106.68555904753099,106.78125823671864
phone_M1.wav,pefac_pitch_only,262,2.6325,v,True,True,105.95773605486261,105.98650475799435
phone_M1.wav,pefac_pitch_only,263,2.6425,v,True,True,104.51531977242507,105.19766648482555
phone_M1.wav,pefac_pitch_only,264,2.6525,v,True,True,104.0369418090266,104.41469939141342
phone_M1.wav,pefac_pitch_only,265,2.6625,v,True,True,103.33784470959671,103.63755977963515
phone_M1.wav,pefac_pitch_only,266,2.6725,v,True,True,102.70091353177507,103.63755977963515
phone_M1.wav,pefac_pitch_only,267,2.6825,v,True,True,102.59480407993908,102.86620427660503
phone_M1.wav,pefac_pitch_only,268,2.6925,v,True,True,103.15419753570292,103.63755977963515
phone_M1.wav,pefac_pitch_only,269,2.7025,v,True,True,103.72089219713192,104.41469939141342
phone_M1.wav,pefac_pitch_only,270,2.7125,v,True,True,111.95421419273394,105.98650475799435
phone_M1.wav,pefac_pitch_only,286,2.8725,v,True,True,134.94177461351055,136.63511930922
phone_M1.wav,pefac_pitch_only,287,2.8825,v,True,True,136.74338673966338,136.63511930922
phone_M1.wav,pefac_pitch_only,288,2.8925,v,True,True,135.48923709559537,136.63511930922
phone_M1.wav,pefac_pitch_only,289,2.9025,v,True,True,135.56390282023048,136.63511930922
phone_M1.wav,pefac_pitch_only,290,2.9125,v,True,True,136.51759750395084,136.63511930922
phone_M1.wav,pefac_pitch_only,291,2.9225,v,True,True,138.19315337122865,136.63511930922
phone_M1.wav,pefac_pitch_only,309,3.1025,v,True,True,111.06561920424248,96.89848884865708
phone_M1.wav,pefac_pitch_only,310,3.1125,v,True,True,92.65515404521004,96.17729102455131
phone_M1.wav,pefac_pitch_only,311,3.1225,v,True,True,99.81372717963758,94.75095865779583
phone_M1.wav,pefac_pitch_only,312,3.1325,v,True,True,92.36570234129957,94.04574451020812
phone_M1.wav,pefac_pitch_only,313,3.1425,v,True,True,92.61064370184127,94.04574451020812
phone_M1.wav,pefac_pitch_only,314,3.1525,v,True,True,94.16937025600197,94.75095865779583
phone_M1.wav,pefac_pitch_only,315,3.1625,v,True,True,96.22364603018615,96.17729102455131
phone_M1.wav,pefac_pitch_only,316,3.1725,v,True,True,97.03815557500656,99.8377671425012
phone_M1.wav,pefac_pitch_only,317,3.1825,v,True,True,101.49544437530486,100.5864135189974
phone_M1.wav,pefac_pitch_only,318,3.1925,v,True,True,101.20151732066144,100.5864135189974
phone_M1.wav,pefac_pitch_only,319,3.2025,v,True,True,100.46275722054135,100.5864135189974
phone_M1.wav,pefac_pitch_only,320,3.2125,v,True,True,99.43251088619611,99.8377671425012
phone_M1.wav,pefac_pitch_only,321,3.2225,v,True,True,98.91809229956668,99.8377671425012
phone_M1.wav,pefac_pitch_only,322,3.2325,v,True,True,98.91360506456651,99.8377671425012
phone_M1.wav,pefac_pitch_only,323,3.2425,v,True,True,100.49477813003473,100.5864135189974
phone_M1.wav,pefac_pitch_only,324,3.2525,v,True,True,101.46294717793857,102.10058983225413
phone_M1.wav,pefac_pitch_only,325,3.2625,v,True,True,104.82484202557704,103.63755977963515
phone_M1.wav,pefac_pitch_only,326,3.2725,v,True,True,110.81949938859171,105.98650475799435
phone_M1.wav,pefac_pitch_only,327,3.2825,v,True,True,111.58735576198498,107.58197127693039
phone_M1.wav,pefac_pitch_only,343,3.4425,uv,True,True,138.0437578402067,116.79616956510941
phone_M1.wav,pefac_pitch_only,344,3.4525,v,True,True,117.55825286079047,116.79616956510941
phone_M1.wav,pefac_pitch_only,345,3.4625,v,True,True,116.92404410812499,115.06405426856549
phone_M1.wav,pefac_pitch_only,346,3.4725,v,True,True,112.78874015003151,111.67650578072151
phone_M1.wav,pefac_pitch_only,347,3.4825,v,True,True,108.91503630531122,109.2014551310816
phone_M1.wav,pefac_pitch_only,348,3.4925,v,True,True,105.5714102805694,107.58197127693039
phone_M1.wav,pefac_pitch_only,349,3.5025,v,True,True,102.54203393194399,106.78125823671864
phone_M1.wav,pefac_pitch_only,350,3.5125,v,True,True,95.82837727409543,105.19766648482555
studio_F1.wav,pefac_whole_q0.2,65,0.6624943310657596,sil,False,True,,269.6550443129681
studio_F1.wav,pefac_whole_q0.2,66,0.6724943310657596,sil,False,True,,269.6550443129681
studio_F1.wav,pefac_whole_q0.2,67,0.6824943310657596,uv,False,True,,269.6550443129681
studio_F1.wav,pefac_whole_q0.2,68,0.6924943310657596,uv,True,True,267.5060844537619,269.6550443129681
studio_F1.wav,pefac_whole_q0.2,69,0.7024943310657596,v,True,True,270.32276451967675,269.6550443129681
studio_F1.wav,pefac_whole_q0.2,70,0.7124943310657597,v,True,True,269.66510319485417,267.6480508755224
studio_F1.wav,pefac_whole_q0.2,71,0.7224943310657597,v,True,True,266.1752077688139,267.6480508755224
studio_F1.wav,pefac_whole_q0.2,72,0.7324943310657597,v,True,True,263.2864516157925,263.67876588323315
studio_F1.wav,pefac_whole_q0.2,73,0.7424943310657597,v,True,True,258.80192648602326,261.7162527988971
studio_F1.wav,pefac_whole_q0.2,74,0.7524943310657597,v,True,True,257.42014631122674,259.7683463424145
studio_F1.wav,pefac_whole_q0.2,75,0.7624943310657596,v,True,True,257.41559777512094,255.91591926425798
studio_F1.wav,pefac_whole_q0.2,76,0.7724943310657596,v,True,True,240.9420660042284,250.2441366650435
studio_F1.wav,pefac_whole_q0.2,77,0.7824943310657596,v,True,True,240.94538914797954,246.53295590798695
studio_F1.wav,pefac_whole_q0.2,78,0.7924943310657596,v,True,True,243.9053932223786,246.53295590798695
studio_F1.wav,pefac_whole_q0.2,79,0.8024943310657596,v,True,True,246.74266973620604,246.53295590798695
studio_F1.wav,pefac_whole_q0.2,80,0.8124943310657596,v,True,True,247.07464504240954,248.38161508186423
studio_F1.wav,pefac_whole_q0.2,81,0.8224943310657596,v,True,True,246.92581032329844,248.38161508186423
studio_F1.wav,pefac_whole_q0.2,82,0.8324943310657597,v,True,True,246.3420669267753,246.53295590798695
studio_F1.wav,pefac_whole_q0.2,83,0.8424943310657597,v,True,True,245.6760904113571,246.53295590798695
studio_F1.wav,pefac_whole_q0.2,84,0.8524943310657597,v,True,True,244.90859734933616,244.6980559680206
studio_F1.wav,pefac_whole_q0.2,85,0.8624943310657597,v,True,True,244.1057581966675,244.6980559680206
studio_F1.wav,pefac_whole_q0.2,86,0.8724943310657597,v,True,True,242.71251683282026,242.87681285449094
studio_F1.wav,pefac_whole_q0.2,87,0.8824943310657596,v,True,True,241.27189088732797,241.06912492212305
studio_F1.wav,pefac_whole_q0.2,88,0.8924943310657596,v,True,True,239.84309884802784,239.2748912821696
studio_F1.wav,pefac_whole_q0.2,89,0.9024943310657596,v,True,True,236.65466148775428,235.72638707341073
studio_F1.wav,pefac_whole_q0.2,90,0.9124943310657596,v,True,True,225.40466131357363,232.23050803585997
studio_F1.wav,pefac_whole_q0.2,91,0.9224943310657596,v,True,True,224.21121881346272,233.97191845927983
studio_F1.wav,pefac_whole_q0.2,92,0.9324943310657596,v,True,True,225.97733504832652,246.53295590798695
studio_F1.wav,pefac_whole_q0.2,93,0.9424943310657596,v,True,True,232.5269220699965,252.12062460658873
studio_F1.wav,pefac_whole_q0.2,94,0.9524943310657596,v,True,True,249.72736402219255,252.12062460658873
studio_F1.wav,pefac_whole_q0.2,95,0.9624943310657597,v,True,True,252.03228493805648,254.01118363504008
studio_F1.wav,pefac_whole_q0.2,96,0.9724943310657597,v,True,True,253.4812561444147,252.12062460658873
studio_F1.wav,pefac_whole_q0.2,97,0.9824943310657597,v,True,True,253.09358238234074,252.12062460658873
studio_F1.wav,pefac_whole_q0.2,98,0.9924943310657597,v,True,True,249.4762694603681,252.12062460658873
studio_F1.wav,pefac_whole_q0.2,99,1.0024943310657597,v,True,True,242.64253566618663,250.2441366650435
studio_F1.wav,pefac_whole_q0.2,100,1.0124943310657597,v,True,True,274.04497490874263,277.83464781341695
studio_F1.wav,pefac_whole_q0.2,101,1.0224943310657597,v,True,True,279.71453277999024,284.13176926420385
studio_F1.wav,pefac_whole_q0.2,102,1.0324943310657597,v,True,True,283.5516772294992,286.2623679904703
studio_F1.wav,pefac_whole_q0.2,103,1.0424943310657597,v,True,True,289.46359570115385,290.5716149535908
studio_F1.wav,pefac_whole_q0.2,104,1.0524943310657597,v,True,True,291.65569647097556,292.75050369353215
studio_F1.wav,pefac_whole_q0.2,105,1.0624943310657597,v,True,True,292.63136328182793,292.75050369353215
studio_F1.wav,pefac_whole_q0.2,106,1.0724943310657595,v,True,True,293.3098756380308,292.75050369353215
studio_F1.wav,pefac_whole_q0.2,107,1.0824943310657595,v,True,True,279.28406850378127,290.5716149535908
studio_F1.wav,pefac_whole_q0.2,108,1.0924943310657595,v,False,True,,288.4089432861437
studio_F1.wav,pefac_whole_q0.2,109,1.1024943310657596,uv,False,True,,282.01702819664484
studio_F1.wav,pefac_whole_q0.2,110,1.1124943310657596,uv,False,True,,279.9180267621241
studio_F1.wav,pefac_whole_q0.2,111,1.1224943310657596,uv,True,True,321.18224395272114,277.83464781341695
studio_F1.wav,pefac_whole_q0.2,112,1.1324943310657596,v,True,True,278.9792586559647,271.67708744961675
studio_F1.wav,pefac_whole_q0.2,113,1.1424943310657596,v,True,True,268.23850554211623,254.01118363504008
studio_F1.wav,pefac_whole_q0.2,114,1.1524943310657596,v,True,True,252.1475689786541,252.12062460658873
studio_F1.wav,pefac_whole_q0.2,115,1.1624943310657596,v,True,True,249.5751153141194,248.38161508186423
studio_F1.wav,pefac_whole_q0.2,116,1.1724943310657596,v,True,True,245.80880137465712,248.38161508186423
studio_F1.wav,pefac_whole_q0.2,117,1.1824943310657596,v,True,True,244.89698910430837,246.53295590798695
studio_F1.wav,pefac_whole_q0.2,118,1.1924943310657596,v,True,True,245.38759658677031,246.53295590798695
studio_F1.wav,pefac_whole_q0.2,119,1.2024943310657596,v,True,True,220.87762663814013,246.53295590798695
studio_F1.wav,pefac_whole_q0.2,120,1.2124943310657597,v,False,True,,246.53295590798695
studio_F1.wav,pefac_whole_q0.2,124,1.2524943310657597,uv,False,True,,317.8240467600821
studio_F1.wav,pefac_whole_q0.2,125,1.2624943310657597,uv,True,True,308.1821430057199,320.207291375626
studio_F1.wav,pefac_whole_q0.2,126,1.2724943310657597,v,True,True,314.5706853049979,320.207291375626
studio_F1.wav,pefac_whole_q0.2,127,1.2824943310657597,v,True,True,318.015314330092,317.8240467600821
studio_F1.wav,pefac_whole_q0.2,128,1.2924943310657597,v,True,True,317.2520662471943,317.8240467600821
studio_F1.wav,pefac_whole_q0.2,129,1.3024943310657597,v,True,True,314.20820986932887,313.1106396761645
studio_F1.wav,pefac_whole_q0.2,130,1.3124943310657597,v,True,True,308.52948338812,306.17126879665904
studio_F1.wav,pefac_whole_q0.2,131,1.3224943310657595,v,True,True,299.3234027886517,297.15741972601404
studio_F1.wav,pefac_whole_q0.2,132,1.3324943310657595,v,True,True,283.26227542950727,286.2623679904703
studio_F1.wav,pefac_whole_q0.2,133,1.3424943310657595,v,True,True,269.570767136087,273.71429313757943
studio_F1.wav,pefac_whole_q0.2,134,1.3524943310657596,v,True,True,237.92670013780378,241.06912492212305
studio_F1.wav,pefac_whole_q0.2,135,1.3624943310657596,v,True,True,231.25778937834414,228.7864737255666
studio_F1.wav,pefac_whole_q0.2,136,1.3724943310657596,v,True,True,219.352505317975,218.7578073039541
studio_F1.wav,pefac_whole_q0.2,137,1.3824943310657596,v,True,True,211.29643710622096,209.16873920543404
studio_F1.wav,pefac_whole_q0.2,138,1.3924943310657596,v,True,True,203.69781603186195,203.01069748941921
studio_F1.wav,pefac_whole_q0.2,139,1.4024943310657596,v,True,True,199.20584124130144,198.51143638528322
studio_F1.wav,pefac_whole_q0.2,140,1.4124943310657596,v,True,True,196.22273845904638,195.56746402058872
studio_F1.wav,pefac_whole_q0.2,141,1.4224943310657596,v,True,True,196.78351302214244,194.11189096477128
studio_F1.wav,pefac_whole_q0.2,142,1.4324943310657596,v,True,True,199.93875714944335,201.49972580101405
studio_F1.wav,pefac_whole_q0.2,143,1.4424943310657596,v,True,True,203.41331540898952,206.06671647570255
studio_F1.wav,pefac_whole_q0.2,144,1.4524943310657596,v,True,True,205.3263624496444,207.61193433284683
studio_F1.wav,pefac_whole_q0.2,145,1.4624943310657597,v,True,True,208.02156453155297,210.73721798019383
studio_F1.wav,pefac_whole_q0.2,146,1.4724943310657597,v,True,True,211.58074132129664,215.51357638713148
studio_F1.wav,pefac_whole_q0.2,147,1.4824943310657597,v,True,True,214.89473653717147,218.7578073039541
studio_F1.wav,pefac_whole_q0.2,148,1.4924943310657597,v,True,True,218.39940722495942,218.7578073039541
studio_F1.wav,pefac_whole_q0.2,149,1.5024943310657597,v,True,True,217.4159720712275,217.1296327420144
studio_F1.wav,pefac_whole_q0.2,150,1.5124943310657597,v,True,True,215.17091593375267,215.51357638713148
studio_F1.wav,pefac_whole_q0.2,151,1.5224943310657597,v,True,True,212.3582124523553,213.9095480456946
studio_F1.wav,pefac_whole_q0.2,152,1.5324943310657597,v,True,True,209.6352388297692,210.73721798019383
studio_F1.wav,pefac_whole_q0.2,153,1.5424943310657597,v,True,True,206.5260050239633,209.16873920543404
studio_F1.wav,pefac_whole_q0.2,154,1.5524943310657597,v,True,True,203.38138116978837,207.61193433284683
studio_F1.wav,pefac_whole_q0.2,155,1.5624943310657597,v,True,True,201.38250321865874,204.53299939395288
studio_F1.wav,pefac_whole_q0.2,156,1.5724943310657595,v,True,True,199.45596095313942,198.51143638528322
studio_F1.wav,pefac_whole_q0.2,157,1.5824943310657595,v,True,True,198.25629326224464,197.0339518787417
studio_F1.wav,pefac_whole_q0.2,158,1.5924943310657595,v,True,True,197.32480005347688,195.56746402058872
studio_F1.wav,pefac_whole_q0.2,159,1.6024943310657596,v,True,True,196.58838554774283,194.11189096477128
studio_F1.wav,pefac_whole_q0.2,160,1.6124943310657596,v,True,True,196.20211308022616,191.23316491722127
studio_F1.wav,pefac_whole_q0.2,161,1.6224943310657596,v,True,True,196.11217466719336,186.99492549746006
studio_F1.wav,pefac_whole_q0.2,162,1.6324943310657596,v,True,True,190.99517030133296,181.48969294564225
studio_F1.wav,pefac_whole_q0.2,163,1.6424943310657596,v,True,True,178.86944156793584,178.79815713169637
studio_F1.wav,pefac_whole_q0.2,164,1.6524943310657596,uv,False,True,,177.46739497627306
studio_F1.wav,pefac_whole_q0.2,168,1.6924943310657596,uv,False,True,,237.49401179677977
studio_F1.wav,pefac_whole_q0.2,169,1.7024943310657596,v,True,True,245.4914167330512,233.97191845927983
studio_F1.wav,pefac_whole_q0.2,170,1.7124943310657597,v,True,True,237.29963157522133,232.23050803585997
studio_F1.wav,pefac_whole_q0.2,171,1.7224943310657597,v,True,True,231.88539336160213,230.50205861341283
studio_F1.wav,pefac_whole_q0.2,172,1.7324943310657597,v,True,True,227.1999650070932,228.7864737255666
studio_F1.wav,pefac_whole_q0.2,173,1.7424943310657597,v,True,True,224.0331229204067,227.08365762393038
studio_F1.wav,pefac_whole_q0.2,174,1.7524943310657597,v,True,True,221.59534640375045,225.39351527275142
studio_F1.wav,pefac_whole_q0.2,175,1.7624943310657597,uv,False,True,,223.71595234361072
studio_F1.wav,pefac_whole_q0.2,176,1.7724943310657597,uv,False,True,,315.45854020063655
studio_F1.wav,pefac_whole_q0.2,177,1.7824943310657597,uv,False,True,,177.46739497627306
studio_F1.wav,pefac_whole_q0.2,178,1.7924943310657597,v,False,True,,355.51154649316015
studio_F1.wav,pefac_whole_q0.2,179,1.8024943310657597,v,True,True,176.34312422052278,360.8632350955926
studio_F1.wav,pefac_whole_q0.2,180,1.8124943310657597,v,True,True,187.09427849439066,366.2954852752225
studio_F1.wav,pefac_whole_q0.2,181,1.8224943310657595,v,True,True,190.33745692836735,371.80950976474134
studio_F1.wav,pefac_whole_q0.2,182,1.8324943310657595,v,True,True,197.79447299533,189.8098512611067
studio_F1.wav,pefac_whole_q0.2,183,1.8424943310657595,v,True,False,191.27591505923297,
studio_F1.wav,pefac_whole_q0.2,188,1.8924943310657596,uv,False,True,,113.35762665862714
studio_F1.wav,pefac_whole_q0.2,189,1.9024943310657596,uv,False,True,,227.08365762393038
studio_F1.wav,pefac_whole_q0.2,190,1.9124943310657596,uv,True,True,267.197918696294,223.71595234361072
studio_F1.wav,pefac_whole_q0.2,191,1.9224943310657596,v,True,True,224.60221173953357,218.7578073039541
studio_F1.wav,pefac_whole_q0.2,192,1.9324943310657596,v,True,True,216.43129333935636,213.9095480456946
studio_F1.wav,pefac_whole_q0.2,193,1.9424943310657596,v,True,True,211.7000252917107,210.73721798019383
studio_F1.wav,pefac_whole_q0.2,194,1.9524943310657596,v,True,True,208.84562037950187,209.16873920543404
studio_F1.wav,pefac_whole_q0.2,195,1.9624943310657597,v,True,True,207.70803645322337,207.61193433284683
studio_F1.wav,pefac_whole_q0.2,196,1.9724943310657597,v,True,True,205.97690672920066,206.06671647570255
studio_F1.wav,pefac_whole_q0.2,197,1.9824943310657597,v,True,True,203.5498654983114,203.01069748941921
studio_F1.wav,pefac_whole_q0.2,198,1.9924943310657597,v,True,True,200.96632474444345,201.49972580101405
studio_F1.wav,pefac_whole_q0.2,199,2.0024943310657597,v,True,True,199.60602113491097,200.00000000000003
studio_F1.wav,pefac_whole_q0.2,200,2.0124943310657595,v,True,True,198.4477931666042,198.51143638528322
studio_F1.wav,pefac_whole_q0.2,201,2.0224943310657597,v,True,True,196.58039772518507,197.0339518787417
studio_F1.wav,pefac_whole_q0.2,202,2.0324943310657595,v,True,True,195.41573853651133,195.56746402058872
studio_F1.wav,pefac_whole_q0.2,203,2.0424943310657597,v,True,True,194.18482302698987,194.11189096477128
studio_F1.wav,pefac_whole_q0.2,204,2.0524943310657595,v,True,True,191.7359907355383,191.23316491722127
studio_F1.wav,pefac_whole_q0.2,205,2.0624943310657597,v,True,True,189.98676142003754,189.8098512611067
studio_F1.wav,pefac_whole_q0.2,206,2.0724943310657595,v,True,True,189.81978498290732,188.3971310695962
studio_F1.wav,pefac_whole_q0.2,207,2.0824943310657598,v,True,True,188.14419626641987,186.99492549746006
studio_F1.wav,pefac_whole_q0.2,208,2.0924943310657595,v,True,True,186.99379165516876,185.60315628629905
studio_F1.wav,pefac_whole_q0.2,209,2.10249433106576,v,True,True,185.80014905516856,184.22174576017696
studio_F1.wav,pefac_whole_q0.2,210,2.1124943310657596,v,True,True,183.00014676031824,181.48969294564225
studio_F1.wav,pefac_whole_q0.2,211,2.12249433106576,v,True,True,180.09774303994487,178.79815713169637
studio_F1.wav,pefac_whole_q0.2,212,2.1324943310657596,v,True,True,176.43815174279104,173.5342419092494
studio_F1.wav,pefac_whole_q0.2,213,2.14249433106576,v,True,True,165.72305278328858,156.3013356691427
studio_F1.wav,pefac_whole_q0.2,214,2.1524943310657596,sil,False,True,,150.57066557508946
studio_F1.wav,pefac_whole_q0.2,215,2.16249433106576,sil,False,True,,147.23361611206215
studio_F1.wav,pefac_whole_q0.5,66,0.6724943310657596,sil,False,True,,269.6550443129681
studio_F1.wav,pefac_whole_q0.5,67,0.6824943310657596,uv,False,True,,269.6550443129681
studio_F1.wav,pefac_whole_q0.5,68,0.6924943310657596,uv,True,True,267.5060844537619,269.6550443129681
studio_F1.wav,pefac_whole_q0.5,69,0.7024943310657596,v,True,True,270.32276451967675,269.6550443129681
studio_F1.wav,pefac_whole_q0.5,70,0.7124943310657597,v,True,True,269.66510319485417,267.6480508755224
studio_F1.wav,pefac_whole_q0.5,71,0.7224943310657597,v,True,True,266.1752077688139,267.6480508755224
studio_F1.wav,pefac_whole_q0.5,72,0.7324943310657597,v,True,True,263.2864516157925,263.67876588323315
studio_F1.wav,pefac_whole_q0.5,73,0.7424943310657597,v,True,True,258.80192648602326,261.7162527988971
studio_F1.wav,pefac_whole_q0.5,74,0.7524943310657597,v,True,True,257.42014631122674,259.7683463424145
studio_F1.wav,pefac_whole_q0.5,75,0.7624943310657596,v,True,True,257.41559777512094,255.91591926425798
studio_F1.wav,pefac_whole_q0.5,76,0.7724943310657596,v,True,True,240.9420660042284,250.2441366650435
studio_F1.wav,pefac_whole_q0.5,77,0.7824943310657596,v,True,True,240.94538914797954,246.53295590798695
studio_F1.wav,pefac_whole_q0.5,78,0.7924943310657596,v,True,True,243.9053932223786,246.53295590798695
studio_F1.wav,pefac_whole_q0.5,79,0.8024943310657596,v,True,True,246.74266973620604,246.53295590798695
studio_F1.wav,pefac_whole_q0.5,80,0.8124943310657596,v,True,True,247.07464504240954,248.38161508186423
studio_F1.wav,pefac_whole_q0.5,81,0.8224943310657596,v,True,True,246.92581032329844,248.38161508186423
studio_F1.wav,pefac_whole_q0.5,82,0.8324943310657597,v,True,True,246.3420669267753,246.53295590798695
studio_F1.wav,pefac_whole_q0.5,83,0.8424943310657597,v,True,True,245.6760904113571,246.53295590798695
studio_F1.wav,pefac_whole_q0.5,84,0.8524943310657597,v,True,True,244.90859734933616,244.6980559680206
studio_F1.wav,pefac_whole_q0.5,85,0.8624943310657597,v,True,True,244.1057581966675,244.6980559680206
studio_F1.wav,pefac_whole_q0.5,86,0.8724943310657597,v,True,True,242.71251683282026,242.87681285449094
studio_F1.wav,pefac_whole_q0.5,87,0.8824943310657596,v,True,True,241.27189088732797,241.06912492212305
studio_F1.wav,pefac_whole_q0.5,88,0.8924943310657596,v,True,True,239.84309884802784,239.2748912821696
studio_F1.wav,pefac_whole_q0.5,89,0.9024943310657596,v,True,True,236.65466148775428,235.72638707341073
studio_F1.wav,pefac_whole_q0.5,90,0.9124943310657596,v,True,True,225.40466131357363,232.23050803585997
studio_F1.wav,pefac_whole_q0.5,91,0.9224943310657596,v,True,True,224.21121881346272,233.97191845927983
studio_F1.wav,pefac_whole_q0.5,92,0.9324943310657596,v,True,True,225.97733504832652,246.53295590798695
studio_F1.wav,pefac_whole_q0.5,93,0.9424943310657596,v,True,True,232.5269220699965,252.12062460658873
studio_F1.wav,pefac_whole_q0.5,94,0.9524943310657596,v,True,True,249.72736402219255,252.12062460658873
studio_F1.wav,pefac_whole_q0.5,95,0.9624943310657597,v,True,True,252.03228493805648,254.01118363504008
studio_F1.wav,pefac_whole_q0.5,96,0.9724943310657597,v,True,True,253.4812561444147,252.12062460658873
studio_F1.wav,pefac_whole_q0.5,97,0.9824943310657597,v,True,True,253.09358238234074,252.12062460658873
studio_F1.wav,pefac_whole_q0.5,98,0.9924943310657597,v,True,True,249.4762694603681,252.12062460658873
studio_F1.wav,pefac_whole_q0.5,99,1.0024943310657597,v,True,True,242.64253566618663,250.2441366650435
studio_F1.wav,pefac_whole_q0.5,100,1.0124943310657597,v,True,True,274.04497490874263,277.83464781341695
studio_F1.wav,pefac_whole_q0.5,101,1.0224943310657597,v,True,True,279.71453277999024,284.13176926420385
studio_F1.wav,pefac_whole_q0.5,102,1.0324943310657597,v,True,True,283.5516772294992,286.2623679904703
studio_F1.wav,pefac_whole_q0.5,103,1.0424943310657597,v,True,True,289.46359570115385,290.5716149535908
studio_F1.wav,pefac_whole_q0.5,104,1.0524943310657597,v,True,True,291.65569647097556,292.75050369353215
studio_F1.wav,pefac_whole_q0.5,105,1.0624943310657597,v,True,True,292.63136328182793,292.75050369353215
studio_F1.wav,pefac_whole_q0.5,106,1.0724943310657595,v,True,True,293.3098756380308,292.75050369353215
studio_F1.wav,pefac_whole_q0.5,107,1.0824943310657595,v,True,True,279.28406850378127,290.5716149535908
studio_F1.wav,pefac_whole_q0.5,108,1.0924943310657595,v,False,True,,288.4089432861437
studio_F1.wav,pefac_whole_q0.5,110,1.1124943310657596,uv,False,True,,279.9180267621241
studio_F1.wav,pefac_whole_q0.5,111,1.1224943310657596,uv,True,True,321.18224395272114,277.83464781341695
studio_F1.wav,pefac_whole_q0.5,112,1.1324943310657596,v,True,True,278.9792586559647,271.67708744961675
studio_F1.wav,pefac_whole_q0.5,113,1.1424943310657596,v,True,True,268.23850554211623,254.01118363504008
studio_F1.wav,pefac_whole_q0.5,114,1.1524943310657596,v,True,True,252.1475689786541,252.12062460658873
studio_F1.wav,pefac_whole_q0.5,115,1.1624943310657596,v,True,True,249.5751153141194,248.38161508186423
studio_F1.wav,pefac_whole_q0.5,116,1.1724943310657596,v,True,True,245.80880137465712,248.38161508186423
studio_F1.wav,pefac_whole_q0.5,117,1.1824943310657596,v,True,True,244.89698910430837,246.53295590798695
studio_F1.wav,pefac_whole_q0.5,118,1.1924943310657596,v,True,True,245.38759658677031,246.53295590798695
studio_F1.wav,pefac_whole_q0.5,119,1.2024943310657596,v,True,True,220.87762663814013,246.53295590798695
studio_F1.wav,pefac_whole_q0.5,124,1.2524943310657597,uv,False,True,,317.8240467600821
studio_F1.wav,pefac_whole_q0.5,125,1.2624943310657597,uv,True,True,308.1821430057199,320.207291375626
studio_F1.wav,pefac_whole_q0.5,126,1.2724943310657597,v,True,True,314.5706853049979,320.207291375626
studio_F1.wav,pefac_whole_q0.5,127,1.2824943310657597,v,True,True,318.015314330092,317.8240467600821
studio_F1.wav,pefac_whole_q0.5,128,1.2924943310657597,v,True,True,317.2520662471943,317.8240467600821
studio_F1.wav,pefac_whole_q0.5,129,1.3024943310657597,v,True,True,314.20820986932887,313.1106396761645
studio_F1.wav,pefac_whole_q0.5,130,1.3124943310657597,v,True,True,308.52948338812,306.17126879665904
studio_F1.wav,pefac_whole_q0.5,131,1.3224943310657595,v,True,True,299.3234027886517,297.15741972601404
studio_F1.wav,pefac_whole_q0.5,132,1.3324943310657595,v,True,True,283.26227542950727,286.2623679904703
studio_F1.wav,pefac_whole_q0.5,133,1.3424943310657595,v,True,True,269.570767136087,273.71429313757943
studio_F1.wav,pefac_whole_q0.5,134,1.3524943310657596,v,True,True,237.92670013780378,241.06912492212305
studio_F1.wav,pefac_whole_q0.5,135,1.3624943310657596,v,True,True,231.25778937834414,228.7864737255666
studio_F1.wav,pefac_whole_q0.5,136,1.3724943310657596,v,True,True,219.352505317975,218.7578073039541
studio_F1.wav,pefac_whole_q0.5,137,1.3824943310657596,v,True,True,211.29643710622096,209.16873920543404
studio_F1.wav,pefac_whole_q0.5,138,1.3924943310657596,v,True,True,203.69781603186195,203.01069748941921
studio_F1.wav,pefac_whole_q0.5,139,1.4024943310657596,v,True,True,199.20584124130144,198.51143638528322
studio_F1.wav,pefac_whole_q0.5,140,1.4124943310657596,v,True,True,196.22273845904638,195.56746402058872
studio_F1.wav,pefac_whole_q0.5,141,1.4224943310657596,v,True,True,196.78351302214244,194.11189096477128
studio_F1.wav,pefac_whole_q0.5,142,1.4324943310657596,v,True,True,199.93875714944335,201.49972580101405
studio_F1.wav,pefac_whole_q0.5,143,1.4424943310657596,v,True,True,203.41331540898952,206.06671647570255
studio_F1.wav,pefac_whole_q0.5,144,1.4524943310657596,v,True,True,205.3263624496444,207.61193433284683
studio_F1.wav,pefac_whole_q0.5,145,1.4624943310657597,v,True,True,208.02156453155297,210.73721798019383
studio_F1.wav,pefac_whole_q0.5,146,1.4724943310657597,v,True,True,211.58074132129664,215.51357638713148
studio_F1.wav,pefac_whole_q0.5,147,1.4824943310657597,v,True,True,214.89473653717147,218.7578073039541
studio_F1.wav,pefac_whole_q0.5,148,1.4924943310657597,v,True,True,218.39940722495942,218.7578073039541
studio_F1.wav,pefac_whole_q0.5,149,1.5024943310657597,v,True,True,217.4159720712275,217.1296327420144
studio_F1.wav,pefac_whole_q0.5,150,1.5124943310657597,v,True,True,215.17091593375267,215.51357638713148
studio_F1.wav,pefac_whole_q0.5,151,1.5224943310657597,v,True,True,212.3582124523553,213.9095480456946
studio_F1.wav,pefac_whole_q0.5,152,1.5324943310657597,v,True,True,209.6352388297692,210.73721798019383
studio_F1.wav,pefac_whole_q0.5,153,1.5424943310657597,v,True,True,206.5260050239633,209.16873920543404
studio_F1.wav,pefac_whole_q0.5,154,1.5524943310657597,v,True,True,203.38138116978837,207.61193433284683
studio_F1.wav,pefac_whole_q0.5,155,1.5624943310657597,v,True,True,201.38250321865874,204.53299939395288
studio_F1.wav,pefac_whole_q0.5,156,1.5724943310657595,v,True,True,199.45596095313942,198.51143638528322
studio_F1.wav,pefac_whole_q0.5,157,1.5824943310657595,v,True,True,198.25629326224464,197.0339518787417
studio_F1.wav,pefac_whole_q0.5,158,1.5924943310657595,v,True,True,197.32480005347688,195.56746402058872
studio_F1.wav,pefac_whole_q0.5,159,1.6024943310657596,v,True,True,196.58838554774283,194.11189096477128
studio_F1.wav,pefac_whole_q0.5,160,1.6124943310657596,v,True,True,196.20211308022616,191.23316491722127
studio_F1.wav,pefac_whole_q0.5,161,1.6224943310657596,v,True,True,196.11217466719336,186.99492549746006
studio_F1.wav,pefac_whole_q0.5,162,1.6324943310657596,v,True,True,190.99517030133296,181.48969294564225
studio_F1.wav,pefac_whole_q0.5,163,1.6424943310657596,v,True,True,178.86944156793584,178.79815713169637
studio_F1.wav,pefac_whole_q0.5,164,1.6524943310657596,uv,False,True,,177.46739497627306
studio_F1.wav,pefac_whole_q0.5,168,1.6924943310657596,uv,False,True,,237.49401179677977
studio_F1.wav,pefac_whole_q0.5,169,1.7024943310657596,v,True,True,245.4914167330512,233.97191845927983
studio_F1.wav,pefac_whole_q0.5,170,1.7124943310657597,v,True,True,237.29963157522133,232.23050803585997
studio_F1.wav,pefac_whole_q0.5,171,1.7224943310657597,v,True,True,231.88539336160213,230.50205861341283
studio_F1.wav,pefac_whole_q0.5,172,1.7324943310657597,v,True,True,227.1999650070932,228.7864737255666
studio_F1.wav,pefac_whole_q0.5,173,1.7424943310657597,v,True,True,224.0331229204067,227.08365762393038
studio_F1.wav,pefac_whole_q0.5,174,1.7524943310657597,v,True,True,221.59534640375045,225.39351527275142
studio_F1.wav,pefac_whole_q0.5,175,1.7624943310657597,uv,False,True,,223.71595234361072
studio_F1.wav,pefac_whole_q0.5,178,1.7924943310657597,v,False,True,,355.51154649316015
studio_F1.wav,pefac_whole_q0.5,179,1.8024943310657597,v,True,True,176.34312422052278,360.8632350955926
studio_F1.wav,pefac_whole_q0.5,180,1.8124943310657597,v,True,True,187.09427849439066,366.2954852752225
studio_F1.wav,pefac_whole_q0.5,181,1.8224943310657595,v,True,True,190.33745692836735,371.80950976474134
studio_F1.wav,pefac_whole_q0.5,182,1.8324943310657595,v,True,True,197.79447299533,189.8098512611067
studio_F1.wav,pefac_whole_q0.5,183,1.8424943310657595,v,True,False,191.27591505923297,
studio_F1.wav,pefac_whole_q0.5,189,1.9024943310657596,uv,False,True,,227.08365762393038
studio_F1.wav,pefac_whole_q0.5,190,1.9124943310657596,uv,True,True,267.197918696294,223.71595234361072
studio_F1.wav,pefac_whole_q0.5,191,1.9224943310657596,v,True,True,224.60221173953357,218.7578073039541
studio_F1.wav,pefac_whole_q0.5,192,1.9324943310657596,v,True,True,216.43129333935636,213.9095480456946
studio_F1.wav,pefac_whole_q0.5,193,1.9424943310657596,v,True,True,211.7000252917107,210.73721798019383
studio_F1.wav,pefac_whole_q0.5,194,1.9524943310657596,v,True,True,208.84562037950187,209.16873920543404
studio_F1.wav,pefac_whole_q0.5,195,1.9624943310657597,v,True,True,207.70803645322337,207.61193433284683
studio_F1.wav,pefac_whole_q0.5,196,1.9724943310657597,v,True,True,205.97690672920066,206.06671647570255
studio_F1.wav,pefac_whole_q0.5,197,1.9824943310657597,v,True,True,203.5498654983114,203.01069748941921
studio_F1.wav,pefac_whole_q0.5,198,1.9924943310657597,v,True,True,200.96632474444345,201.49972580101405
studio_F1.wav,pefac_whole_q0.5,199,2.0024943310657597,v,True,True,199.60602113491097,200.00000000000003
studio_F1.wav,pefac_whole_q0.5,200,2.0124943310657595,v,True,True,198.4477931666042,198.51143638528322
studio_F1.wav,pefac_whole_q0.5,201,2.0224943310657597,v,True,True,196.58039772518507,197.0339518787417
studio_F1.wav,pefac_whole_q0.5,202,2.0324943310657595,v,True,True,195.41573853651133,195.56746402058872
studio_F1.wav,pefac_whole_q0.5,203,2.0424943310657597,v,True,True,194.18482302698987,194.11189096477128
studio_F1.wav,pefac_whole_q0.5,204,2.0524943310657595,v,True,True,191.7359907355383,191.23316491722127
studio_F1.wav,pefac_whole_q0.5,205,2.0624943310657597,v,True,True,189.98676142003754,189.8098512611067
studio_F1.wav,pefac_whole_q0.5,206,2.0724943310657595,v,True,True,189.81978498290732,188.3971310695962
studio_F1.wav,pefac_whole_q0.5,207,2.0824943310657598,v,True,True,188.14419626641987,186.99492549746006
studio_F1.wav,pefac_whole_q0.5,208,2.0924943310657595,v,True,True,186.99379165516876,185.60315628629905
studio_F1.wav,pefac_whole_q0.5,209,2.10249433106576,v,True,True,185.80014905516856,184.22174576017696
studio_F1.wav,pefac_whole_q0.5,210,2.1124943310657596,v,True,True,183.00014676031824,181.48969294564225
studio_F1.wav,pefac_whole_q0.5,211,2.12249433106576,v,True,True,180.09774303994487,178.79815713169637
studio_F1.wav,pefac_whole_q0.5,212,2.1324943310657596,v,True,True,176.43815174279104,173.5342419092494
studio_F1.wav,pefac_whole_q0.5,213,2.14249433106576,v,True,True,165.72305278328858,156.3013356691427
studio_F1.wav,pefac_whole_q0.5,214,2.1524943310657596,sil,False,True,,150.57066557508946
studio_F1.wav,pefac_whole_q0.5,215,2.16249433106576,sil,False,True,,147.23361611206215
studio_F1.wav,pefac_whole_q0.8,67,0.6824943310657596,uv,False,True,,269.6550443129681
studio_F1.wav,pefac_whole_q0.8,68,0.6924943310657596,uv,True,True,267.5060844537619,269.6550443129681
studio_F1.wav,pefac_whole_q0.8,69,0.7024943310657596,v,True,True,270.32276451967675,269.6550443129681
studio_F1.wav,pefac_whole_q0.8,70,0.7124943310657597,v,True,True,269.66510319485417,267.6480508755224
studio_F1.wav,pefac_whole_q0.8,71,0.7224943310657597,v,True,True,266.1752077688139,267.6480508755224
studio_F1.wav,pefac_whole_q0.8,72,0.7324943310657597,v,True,True,263.2864516157925,263.67876588323315
studio_F1.wav,pefac_whole_q0.8,73,0.7424943310657597,v,True,True,258.80192648602326,261.7162527988971
studio_F1.wav,pefac_whole_q0.8,74,0.7524943310657597,v,True,True,257.42014631122674,259.7683463424145
studio_F1.wav,pefac_whole_q0.8,75,0.7624943310657596,v,True,True,257.41559777512094,255.91591926425798
studio_F1.wav,pefac_whole_q0.8,76,0.7724943310657596,v,True,True,240.9420660042284,250.2441366650435
studio_F1.wav,pefac_whole_q0.8,77,0.7824943310657596,v,True,True,240.94538914797954,246.53295590798695
studio_F1.wav,pefac_whole_q0.8,78,0.7924943310657596,v,True,True,243.9053932223786,246.53295590798695
studio_F1.wav,pefac_whole_q0.8,79,0.8024943310657596,v,True,True,246.74266973620604,246.53295590798695
studio_F1.wav,pefac_whole_q0.8,80,0.8124943310657596,v,True,True,247.07464504240954,248.38161508186423
studio_F1.wav,pefac_whole_q0.8,81,0.8224943310657596,v,True,True,246.92581032329844,248.38161508186423
studio_F1.wav,pefac_whole_q0.8,82,0.8324943310657597,v,True,True,246.3420669267753,246.53295590798695
studio_F1.wav,pefac_whole_q0.8,83,0.8424943310657597,v,True,True,245.6760904113571,246.53295590798695
studio_F1.wav,pefac_whole_q0.8,84,0.8524943310657597,v,True,True,244.90859734933616,244.6980559680206
studio_F1.wav,pefac_whole_q0.8,85,0.8624943310657597,v,True,True,244.1057581966675,244.6980559680206
studio_F1.wav,pefac_whole_q0.8,86,0.8724943310657597,v,True,True,242.71251683282026,242.87681285449094
studio_F1.wav,pefac_whole_q0.8,87,0.8824943310657596,v,True,True,241.27189088732797,241.06912492212305
studio_F1.wav,pefac_whole_q0.8,88,0.8924943310657596,v,True,True,239.84309884802784,239.2748912821696
studio_F1.wav,pefac_whole_q0.8,89,0.9024943310657596,v,True,True,236.65466148775428,235.72638707341073
studio_F1.wav,pefac_whole_q0.8,90,0.9124943310657596,v,True,True,225.40466131357363,232.23050803585997
studio_F1.wav,pefac_whole_q0.8,91,0.9224943310657596,v,True,True,224.21121881346272,233.97191845927983
studio_F1.wav,pefac_whole_q0.8,92,0.9324943310657596,v,True,True,225.97733504832652,246.53295590798695
studio_F1.wav,pefac_whole_q0.8,93,0.9424943310657596,v,True,True,232.5269220699965,252.12062460658873
studio_F1.wav,pefac_whole_q0.8,94,0.9524943310657596,v,True,True,249.72736402219255,252.12062460658873
studio_F1.wav,pefac_whole_q0.8,95,0.9624943310657597,v,True,True,252.03228493805648,254.01118363504008
studio_F1.wav,pefac_whole_q0.8,96,0.9724943310657597,v,True,True,253.4812561444147,252.12062460658873
studio_F1.wav,pefac_whole_q0.8,97,0.9824943310657597,v,True,True,253.09358238234074,252.12062460658873
studio_F1.wav,pefac_whole_q0.8,98,0.9924943310657597,v,True,True,249.4762694603681,252.12062460658873
studio_F1.wav,pefac_whole_q0.8,99,1.0024943310657597,v,True,True,242.64253566618663,250.2441366650435
studio_F1.wav,pefac_whole_q0.8,100,1.0124943310657597,v,True,True,274.04497490874263,277.83464781341695
studio_F1.wav,pefac_whole_q0.8,101,1.0224943310657597,v,True,True,279.71453277999024,284.13176926420385
studio_F1.wav,pefac_whole_q0.8,102,1.0324943310657597,v,True,True,283.5516772294992,286.2623679904703
studio_F1.wav,pefac_whole_q0.8,103,1.0424943310657597,v,True,True,289.46359570115385,290.5716149535908
studio_F1.wav,pefac_whole_q0.8,104,1.0524943310657597,v,True,True,291.65569647097556,292.75050369353215
studio_F1.wav,pefac_whole_q0.8,105,1.0624943310657597,v,True,True,292.63136328182793,292.75050369353215
studio_F1.wav,pefac_whole_q0.8,106,1.0724943310657595,v,True,True,293.3098756380308,292.75050369353215
studio_F1.wav,pefac_whole_q0.8,107,1.0824943310657595,v,True,True,279.28406850378127,290.5716149535908
studio_F1.wav,pefac_whole_q0.8,111,1.1224943310657596,uv,True,True,321.18224395272114,277.83464781341695
studio_F1.wav,pefac_whole_q0.8,112,1.1324943310657596,v,True,True,278.9792586559647,271.67708744961675
studio_F1.wav,pefac_whole_q0.8,113,1.1424943310657596,v,True,True,268.23850554211623,254.01118363504008
studio_F1.wav,pefac_whole_q0.8,114,1.1524943310657596,v,True,True,252.1475689786541,252.12062460658873
studio_F1.wav,pefac_whole_q0.8,115,1.1624943310657596,v,True,True,249.5751153141194,248.38161508186423
studio_F1.wav,pefac_whole_q0.8,116,1.1724943310657596,v,True,True,245.80880137465712,248.38161508186423
studio_F1.wav,pefac_whole_q0.8,117,1.1824943310657596,v,True,True,244.89698910430837,246.53295590798695
studio_F1.wav,pefac_whole_q0.8,118,1.1924943310657596,v,True,True,245.38759658677031,246.53295590798695
studio_F1.wav,pefac_whole_q0.8,119,1.2024943310657596,v,True,True,220.87762663814013,246.53295590798695
studio_F1.wav,pefac_whole_q0.8,124,1.2524943310657597,uv,False,True,,317.8240467600821
studio_F1.wav,pefac_whole_q0.8,125,1.2624943310657597,uv,True,True,308.1821430057199,320.207291375626
studio_F1.wav,pefac_whole_q0.8,126,1.2724943310657597,v,True,True,314.5706853049979,320.207291375626
studio_F1.wav,pefac_whole_q0.8,127,1.2824943310657597,v,True,True,318.015314330092,317.8240467600821
studio_F1.wav,pefac_whole_q0.8,128,1.2924943310657597,v,True,True,317.2520662471943,317.8240467600821
studio_F1.wav,pefac_whole_q0.8,129,1.3024943310657597,v,True,True,314.20820986932887,313.1106396761645
studio_F1.wav,pefac_whole_q0.8,130,1.3124943310657597,v,True,True,308.52948338812,306.17126879665904
studio_F1.wav,pefac_whole_q0.8,131,1.3224943310657595,v,True,True,299.3234027886517,297.15741972601404
studio_F1.wav,pefac_whole_q0.8,132,1.3324943310657595,v,True,True,283.26227542950727,286.2623679904703
studio_F1.wav,pefac_whole_q0.8,133,1.3424943310657595,v,True,True,269.570767136087,273.71429313757943
studio_F1.wav,pefac_whole_q0.8,134,1.3524943310657596,v,True,True,237.92670013780378,241.06912492212305
studio_F1.wav,pefac_whole_q0.8,135,1.3624943310657596,v,True,True,231.25778937834414,228.7864737255666
studio_F1.wav,pefac_whole_q0.8,136,1.3724943310657596,v,True,True,219.352505317975,218.7578073039541
studio_F1.wav,pefac_whole_q0.8,137,1.3824943310657596,v,True,True,211.29643710622096,209.16873920543404
studio_F1.wav,pefac_whole_q0.8,138,1.3924943310657596,v,True,True,203.69781603186195,203.01069748941921
studio_F1.wav,pefac_whole_q0.8,139,1.4024943310657596,v,True,True,199.20584124130144,198.51143638528322
studio_F1.wav,pefac_whole_q0.8,140,1.4124943310657596,v,True,True,196.22273845904638,195.56746402058872
studio_F1.wav,pefac_whole_q0.8,141,1.4224943310657596,v,True,True,196.78351302214244,194.11189096477128
studio_F1.wav,pefac_whole_q0.8,142,1.4324943310657596,v,True,True,199.93875714944335,201.49972580101405
studio_F1.wav,pefac_whole_q0.8,143,1.4424943310657596,v,True,True,203.41331540898952,206.06671647570255
studio_F1.wav,pefac_whole_q0.8,144,1.4524943310657596,v,True,True,205.3263624496444,207.61193433284683
studio_F1.wav,pefac_whole_q0.8,145,1.4624943310657597,v,True,True,208.02156453155297,210.73721798019383
studio_F1.wav,pefac_whole_q0.8,146,1.4724943310657597,v,True,True,211.58074132129664,215.51357638713148
studio_F1.wav,pefac_whole_q0.8,147,1.4824943310657597,v,True,True,214.89473653717147,218.7578073039541
studio_F1.wav,pefac_whole_q0.8,148,1.4924943310657597,v,True,True,218.39940722495942,218.7578073039541
studio_F1.wav,pefac_whole_q0.8,149,1.5024943310657597,v,True,True,217.4159720712275,217.1296327420144
studio_F1.wav,pefac_whole_q0.8,150,1.5124943310657597,v,True,True,215.17091593375267,215.51357638713148
studio_F1.wav,pefac_whole_q0.8,151,1.5224943310657597,v,True,True,212.3582124523553,213.9095480456946
studio_F1.wav,pefac_whole_q0.8,152,1.5324943310657597,v,True,True,209.6352388297692,210.73721798019383
studio_F1.wav,pefac_whole_q0.8,153,1.5424943310657597,v,True,True,206.5260050239633,209.16873920543404
studio_F1.wav,pefac_whole_q0.8,154,1.5524943310657597,v,True,True,203.38138116978837,207.61193433284683
studio_F1.wav,pefac_whole_q0.8,155,1.5624943310657597,v,True,True,201.38250321865874,204.53299939395288
studio_F1.wav,pefac_whole_q0.8,156,1.5724943310657595,v,True,True,199.45596095313942,198.51143638528322
studio_F1.wav,pefac_whole_q0.8,157,1.5824943310657595,v,True,True,198.25629326224464,197.0339518787417
studio_F1.wav,pefac_whole_q0.8,158,1.5924943310657595,v,True,True,197.32480005347688,195.56746402058872
studio_F1.wav,pefac_whole_q0.8,159,1.6024943310657596,v,True,True,196.58838554774283,194.11189096477128
studio_F1.wav,pefac_whole_q0.8,160,1.6124943310657596,v,True,True,196.20211308022616,191.23316491722127
studio_F1.wav,pefac_whole_q0.8,161,1.6224943310657596,v,True,True,196.11217466719336,186.99492549746006
studio_F1.wav,pefac_whole_q0.8,162,1.6324943310657596,v,True,True,190.99517030133296,181.48969294564225
studio_F1.wav,pefac_whole_q0.8,163,1.6424943310657596,v,True,True,178.86944156793584,178.79815713169637
studio_F1.wav,pefac_whole_q0.8,169,1.7024943310657596,v,True,True,245.4914167330512,233.97191845927983
studio_F1.wav,pefac_whole_q0.8,170,1.7124943310657597,v,True,True,237.29963157522133,232.23050803585997
studio_F1.wav,pefac_whole_q0.8,171,1.7224943310657597,v,True,True,231.88539336160213,230.50205861341283
studio_F1.wav,pefac_whole_q0.8,172,1.7324943310657597,v,True,True,227.1999650070932,228.7864737255666
studio_F1.wav,pefac_whole_q0.8,173,1.7424943310657597,v,True,True,224.0331229204067,227.08365762393038
studio_F1.wav,pefac_whole_q0.8,174,1.7524943310657597,v,True,True,221.59534640375045,225.39351527275142
studio_F1.wav,pefac_whole_q0.8,178,1.7924943310657597,v,False,True,,355.51154649316015
studio_F1.wav,pefac_whole_q0.8,179,1.8024943310657597,v,True,True,176.34312422052278,360.8632350955926
studio_F1.wav,pefac_whole_q0.8,180,1.8124943310657597,v,True,True,187.09427849439066,366.2954852752225
studio_F1.wav,pefac_whole_q0.8,181,1.8224943310657595,v,True,True,190.33745692836735,371.80950976474134
studio_F1.wav,pefac_whole_q0.8,182,1.8324943310657595,v,True,False,197.79447299533,
studio_F1.wav,pefac_whole_q0.8,183,1.8424943310657595,v,True,False,191.27591505923297,
studio_F1.wav,pefac_whole_q0.8,190,1.9124943310657596,uv,True,False,267.197918696294,
studio_F1.wav,pefac_whole_q0.8,191,1.9224943310657596,v,True,True,224.60221173953357,218.7578073039541
studio_F1.wav,pefac_whole_q0.8,192,1.9324943310657596,v,True,True,216.43129333935636,213.9095480456946
studio_F1.wav,pefac_whole_q0.8,193,1.9424943310657596,v,True,True,211.7000252917107,210.73721798019383
studio_F1.wav,pefac_whole_q0.8,194,1.9524943310657596,v,True,True,208.84562037950187,209.16873920543404
studio_F1.wav,pefac_whole_q0.8,195,1.9624943310657597,v,True,True,207.70803645322337,207.61193433284683
studio_F1.wav,pefac_whole_q0.8,196,1.9724943310657597,v,True,True,205.97690672920066,206.06671647570255
studio_F1.wav,pefac_whole_q0.8,197,1.9824943310657597,v,True,True,203.5498654983114,203.01069748941921
studio_F1.wav,pefac_whole_q0.8,198,1.9924943310657597,v,True,True,200.96632474444345,201.49972580101405
studio_F1.wav,pefac_whole_q0.8,199,2.0024943310657597,v,True,True,199.60602113491097,200.00000000000003
studio_F1.wav,pefac_whole_q0.8,200,2.0124943310657595,v,True,True,198.4477931666042,198.51143638528322
studio_F1.wav,pefac_whole_q0.8,201,2.0224943310657597,v,True,True,196.58039772518507,197.0339518787417
studio_F1.wav,pefac_whole_q0.8,202,2.0324943310657595,v,True,True,195.41573853651133,195.56746402058872
studio_F1.wav,pefac_whole_q0.8,203,2.0424943310657597,v,True,True,194.18482302698987,194.11189096477128
studio_F1.wav,pefac_whole_q0.8,204,2.0524943310657595,v,True,True,191.7359907355383,191.23316491722127
studio_F1.wav,pefac_whole_q0.8,205,2.0624943310657597,v,True,True,189.98676142003754,189.8098512611067
studio_F1.wav,pefac_whole_q0.8,206,2.0724943310657595,v,True,True,189.81978498290732,188.3971310695962
studio_F1.wav,pefac_whole_q0.8,207,2.0824943310657598,v,True,True,188.14419626641987,186.99492549746006
studio_F1.wav,pefac_whole_q0.8,208,2.0924943310657595,v,True,True,186.99379165516876,185.60315628629905
studio_F1.wav,pefac_whole_q0.8,209,2.10249433106576,v,True,True,185.80014905516856,184.22174576017696
studio_F1.wav,pefac_whole_q0.8,210,2.1124943310657596,v,True,True,183.00014676031824,181.48969294564225
studio_F1.wav,pefac_whole_q0.8,211,2.12249433106576,v,True,True,180.09774303994487,178.79815713169637
studio_F1.wav,pefac_whole_q0.8,212,2.1324943310657596,v,True,True,176.43815174279104,173.5342419092494
studio_F1.wav,pefac_whole_q0.8,213,2.14249433106576,v,True,True,165.72305278328858,156.3013356691427
studio_F1.wav,pefac_whole_q0.8,214,2.1524943310657596,sil,False,True,,150.57066557508946
studio_F1.wav,pefac_pitch_only,68,0.6924943310657596,uv,True,True,267.5060844537619,269.6550443129681
studio_F1.wav,pefac_pitch_only,69,0.7024943310657596,v,True,True,270.32276451967675,269.6550443129681
studio_F1.wav,pefac_pitch_only,70,0.7124943310657597,v,True,True,269.66510319485417,267.6480508755224
studio_F1.wav,pefac_pitch_only,71,0.7224943310657597,v,True,True,266.1752077688139,267.6480508755224
studio_F1.wav,pefac_pitch_only,72,0.7324943310657597,v,True,True,263.2864516157925,263.67876588323315
studio_F1.wav,pefac_pitch_only,73,0.7424943310657597,v,True,True,258.80192648602326,261.7162527988971
studio_F1.wav,pefac_pitch_only,74,0.7524943310657597,v,True,True,257.42014631122674,259.7683463424145
studio_F1.wav,pefac_pitch_only,75,0.7624943310657596,v,True,True,257.41559777512094,255.91591926425798
studio_F1.wav,pefac_pitch_only,76,0.7724943310657596,v,True,True,240.9420660042284,250.2441366650435
studio_F1.wav,pefac_pitch_only,77,0.7824943310657596,v,True,True,240.94538914797954,246.53295590798695
studio_F1.wav,pefac_pitch_only,78,0.7924943310657596,v,True,True,243.9053932223786,246.53295590798695
studio_F1.wav,pefac_pitch_only,79,0.8024943310657596,v,True,True,246.74266973620604,246.53295590798695
studio_F1.wav,pefac_pitch_only,80,0.8124943310657596,v,True,True,247.07464504240954,248.38161508186423
studio_F1.wav,pefac_pitch_only,81,0.8224943310657596,v,True,True,246.92581032329844,248.38161508186423
studio_F1.wav,pefac_pitch_only,82,0.8324943310657597,v,True,True,246.3420669267753,246.53295590798695
studio_F1.wav,pefac_pitch_only,83,0.8424943310657597,v,True,True,245.6760904113571,246.53295590798695
studio_F1.wav,pefac_pitch_only,84,0.8524943310657597,v,True,True,244.90859734933616,244.6980559680206
studio_F1.wav,pefac_pitch_only,85,0.8624943310657597,v,True,True,244.1057581966675,244.6980559680206
studio_F1.wav,pefac_pitch_only,86,0.8724943310657597,v,True,True,242.71251683282026,242.87681285449094
studio_F1.wav,pefac_pitch_only,87,0.8824943310657596,v,True,True,241.27189088732797,241.06912492212305
studio_F1.wav,pefac_pitch_only,88,0.8924943310657596,v,True,True,239.84309884802784,239.2748912821696
studio_F1.wav,pefac_pitch_only,89,0.9024943310657596,v,True,True,236.65466148775428,235.72638707341073
studio_F1.wav,pefac_pitch_only,90,0.9124943310657596,v,True,True,225.40466131357363,232.23050803585997
studio_F1.wav,pefac_pitch_only,91,0.9224943310657596,v,True,True,224.21121881346272,233.97191845927983
studio_F1.wav,pefac_pitch_only,92,0.9324943310657596,v,True,True,225.97733504832652,246.53295590798695
studio_F1.wav,pefac_pitch_only,93,0.9424943310657596,v,True,True,232.5269220699965,252.12062460658873
studio_F1.wav,pefac_pitch_only,94,0.9524943310657596,v,True,True,249.72736402219255,252.12062460658873
studio_F1.wav,pefac_pitch_only,95,0.9624943310657597,v,True,True,252.03228493805648,254.01118363504008
studio_F1.wav,pefac_pitch_only,96,0.9724943310657597,v,True,True,253.4812561444147,252.12062460658873
studio_F1.wav,pefac_pitch_only,97,0.9824943310657597,v,True,True,253.09358238234074,252.12062460658873
studio_F1.wav,pefac_pitch_only,98,0.9924943310657597,v,True,True,249.4762694603681,252.12062460658873
studio_F1.wav,pefac_pitch_only,99,1.0024943310657597,v,True,True,242.64253566618663,250.2441366650435
studio_F1.wav,pefac_pitch_only,100,1.0124943310657597,v,True,True,274.04497490874263,277.83464781341695
studio_F1.wav,pefac_pitch_only,101,1.0224943310657597,v,True,True,279.71453277999024,284.13176926420385
studio_F1.wav,pefac_pitch_only,102,1.0324943310657597,v,True,True,283.5516772294992,286.2623679904703
studio_F1.wav,pefac_pitch_only,103,1.0424943310657597,v,True,True,289.46359570115385,290.5716149535908
studio_F1.wav,pefac_pitch_only,104,1.0524943310657597,v,True,True,291.65569647097556,292.75050369353215
studio_F1.wav,pefac_pitch_only,105,1.0624943310657597,v,True,True,292.63136328182793,292.75050369353215
studio_F1.wav,pefac_pitch_only,106,1.0724943310657595,v,True,True,293.3098756380308,292.75050369353215
studio_F1.wav,pefac_pitch_only,107,1.0824943310657595,v,True,True,279.28406850378127,290.5716149535908
studio_F1.wav,pefac_pitch_only,111,1.1224943310657596,uv,True,True,321.18224395272114,277.83464781341695
studio_F1.wav,pefac_pitch_only,112,1.1324943310657596,v,True,True,278.9792586559647,271.67708744961675
studio_F1.wav,pefac_pitch_only,113,1.1424943310657596,v,True,True,268.23850554211623,254.01118363504008
studio_F1.wav,pefac_pitch_only,114,1.1524943310657596,v,True,True,252.1475689786541,252.12062460658873
studio_F1.wav,pefac_pitch_only,115,1.1624943310657596,v,True,True,249.5751153141194,248.38161508186423
studio_F1.wav,pefac_pitch_only,116,1.1724943310657596,v,True,True,245.80880137465712,248.38161508186423
studio_F1.wav,pefac_pitch_only,117,1.1824943310657596,v,True,True,244.89698910430837,246.53295590798695
studio_F1.wav,pefac_pitch_only,118,1.1924943310657596,v,True,True,245.38759658677031,246.53295590798695
studio_F1.wav,pefac_pitch_only,119,1.2024943310657596,v,True,True,220.87762663814013,246.53295590798695
studio_F1.wav,pefac_pitch_only,125,1.2624943310657597,uv,True,True,308.1821430057199,320.207291375626
studio_F1.wav,pefac_pitch_only,126,1.2724943310657597,v,True,True,314.5706853049979,320.207291375626
studio_F1.wav,pefac_pitch_only,127,1.2824943310657597,v,True,True,318.015314330092,317.8240467600821
studio_F1.wav,pefac_pitch_only,128,1.2924943310657597,v,True,True,317.2520662471943,317.8240467600821
studio_F1.wav,pefac_pitch_only,129,1.3024943310657597,v,True,True,314.20820986932887,313.1106396761645
studio_F1.wav,pefac_pitch_only,130,1.3124943310657597,v,True,True,308.52948338812,306.17126879665904
studio_F1.wav,pefac_pitch_only,131,1.3224943310657595,v,True,True,299.3234027886517,297.15741972601404
studio_F1.wav,pefac_pitch_only,132,1.3324943310657595,v,True,True,283.26227542950727,286.2623679904703
studio_F1.wav,pefac_pitch_only,133,1.3424943310657595,v,True,True,269.570767136087,273.71429313757943
studio_F1.wav,pefac_pitch_only,134,1.3524943310657596,v,True,True,237.92670013780378,241.06912492212305
studio_F1.wav,pefac_pitch_only,135,1.3624943310657596,v,True,True,231.25778937834414,228.7864737255666
studio_F1.wav,pefac_pitch_only,136,1.3724943310657596,v,True,True,219.352505317975,218.7578073039541
studio_F1.wav,pefac_pitch_only,137,1.3824943310657596,v,True,True,211.29643710622096,209.16873920543404
studio_F1.wav,pefac_pitch_only,138,1.3924943310657596,v,True,True,203.69781603186195,203.01069748941921
studio_F1.wav,pefac_pitch_only,139,1.4024943310657596,v,True,True,199.20584124130144,198.51143638528322
studio_F1.wav,pefac_pitch_only,140,1.4124943310657596,v,True,True,196.22273845904638,195.56746402058872
studio_F1.wav,pefac_pitch_only,141,1.4224943310657596,v,True,True,196.78351302214244,194.11189096477128
studio_F1.wav,pefac_pitch_only,142,1.4324943310657596,v,True,True,199.93875714944335,201.49972580101405
studio_F1.wav,pefac_pitch_only,143,1.4424943310657596,v,True,True,203.41331540898952,206.06671647570255
studio_F1.wav,pefac_pitch_only,144,1.4524943310657596,v,True,True,205.3263624496444,207.61193433284683
studio_F1.wav,pefac_pitch_only,145,1.4624943310657597,v,True,True,208.02156453155297,210.73721798019383
studio_F1.wav,pefac_pitch_only,146,1.4724943310657597,v,True,True,211.58074132129664,215.51357638713148
studio_F1.wav,pefac_pitch_only,147,1.4824943310657597,v,True,True,214.89473653717147,218.7578073039541
studio_F1.wav,pefac_pitch_only,148,1.4924943310657597,v,True,True,218.39940722495942,218.7578073039541
studio_F1.wav,pefac_pitch_only,149,1.5024943310657597,v,True,True,217.4159720712275,217.1296327420144
studio_F1.wav,pefac_pitch_only,150,1.5124943310657597,v,True,True,215.17091593375267,215.51357638713148
studio_F1.wav,pefac_pitch_only,151,1.5224943310657597,v,True,True,212.3582124523553,213.9095480456946
studio_F1.wav,pefac_pitch_only,152,1.5324943310657597,v,True,True,209.6352388297692,210.73721798019383
studio_F1.wav,pefac_pitch_only,153,1.5424943310657597,v,True,True,206.5260050239633,209.16873920543404
studio_F1.wav,pefac_pitch_only,154,1.5524943310657597,v,True,True,203.38138116978837,207.61193433284683
studio_F1.wav,pefac_pitch_only,155,1.5624943310657597,v,True,True,201.38250321865874,204.53299939395288
studio_F1.wav,pefac_pitch_only,156,1.5724943310657595,v,True,True,199.45596095313942,198.51143638528322
studio_F1.wav,pefac_pitch_only,157,1.5824943310657595,v,True,True,198.25629326224464,197.0339518787417
studio_F1.wav,pefac_pitch_only,158,1.5924943310657595,v,True,True,197.32480005347688,195.56746402058872
studio_F1.wav,pefac_pitch_only,159,1.6024943310657596,v,True,True,196.58838554774283,194.11189096477128
studio_F1.wav,pefac_pitch_only,160,1.6124943310657596,v,True,True,196.20211308022616,191.23316491722127
studio_F1.wav,pefac_pitch_only,161,1.6224943310657596,v,True,True,196.11217466719336,186.99492549746006
studio_F1.wav,pefac_pitch_only,162,1.6324943310657596,v,True,True,190.99517030133296,181.48969294564225
studio_F1.wav,pefac_pitch_only,163,1.6424943310657596,v,True,True,178.86944156793584,178.79815713169637
studio_F1.wav,pefac_pitch_only,169,1.7024943310657596,v,True,True,245.4914167330512,233.97191845927983
studio_F1.wav,pefac_pitch_only,170,1.7124943310657597,v,True,True,237.29963157522133,232.23050803585997
studio_F1.wav,pefac_pitch_only,171,1.7224943310657597,v,True,True,231.88539336160213,230.50205861341283
studio_F1.wav,pefac_pitch_only,172,1.7324943310657597,v,True,True,227.1999650070932,228.7864737255666
studio_F1.wav,pefac_pitch_only,173,1.7424943310657597,v,True,True,224.0331229204067,227.08365762393038
studio_F1.wav,pefac_pitch_only,174,1.7524943310657597,v,True,True,221.59534640375045,225.39351527275142
studio_F1.wav,pefac_pitch_only,179,1.8024943310657597,v,True,True,176.34312422052278,360.8632350955926
studio_F1.wav,pefac_pitch_only,180,1.8124943310657597,v,True,True,187.09427849439066,366.2954852752225
studio_F1.wav,pefac_pitch_only,181,1.8224943310657595,v,True,True,190.33745692836735,371.80950976474134
studio_F1.wav,pefac_pitch_only,182,1.8324943310657595,v,True,True,197.79447299533,189.8098512611067
studio_F1.wav,pefac_pitch_only,183,1.8424943310657595,v,True,True,191.27591505923297,189.8098512611067
studio_F1.wav,pefac_pitch_only,190,1.9124943310657596,uv,True,True,267.197918696294,223.71595234361072
studio_F1.wav,pefac_pitch_only,191,1.9224943310657596,v,True,True,224.60221173953357,218.7578073039541
studio_F1.wav,pefac_pitch_only,192,1.9324943310657596,v,True,True,216.43129333935636,213.9095480456946
studio_F1.wav,pefac_pitch_only,193,1.9424943310657596,v,True,True,211.7000252917107,210.73721798019383
studio_F1.wav,pefac_pitch_only,194,1.9524943310657596,v,True,True,208.84562037950187,209.16873920543404
studio_F1.wav,pefac_pitch_only,195,1.9624943310657597,v,True,True,207.70803645322337,207.61193433284683
studio_F1.wav,pefac_pitch_only,196,1.9724943310657597,v,True,True,205.97690672920066,206.06671647570255
studio_F1.wav,pefac_pitch_only,197,1.9824943310657597,v,True,True,203.5498654983114,203.01069748941921
studio_F1.wav,pefac_pitch_only,198,1.9924943310657597,v,True,True,200.96632474444345,201.49972580101405
studio_F1.wav,pefac_pitch_only,199,2.0024943310657597,v,True,True,199.60602113491097,200.00000000000003
studio_F1.wav,pefac_pitch_only,200,2.0124943310657595,v,True,True,198.4477931666042,198.51143638528322
studio_F1.wav,pefac_pitch_only,201,2.0224943310657597,v,True,True,196.58039772518507,197.0339518787417
studio_F1.wav,pefac_pitch_only,202,2.0324943310657595,v,True,True,195.41573853651133,195.56746402058872
studio_F1.wav,pefac_pitch_only,203,2.0424943310657597,v,True,True,194.18482302698987,194.11189096477128
studio_F1.wav,pefac_pitch_only,204,2.0524943310657595,v,True,True,191.7359907355383,191.23316491722127
studio_F1.wav,pefac_pitch_only,205,2.0624943310657597,v,True,True,189.98676142003754,189.8098512611067
studio_F1.wav,pefac_pitch_only,206,2.0724943310657595,v,True,True,189.81978498290732,188.3971310695962
studio_F1.wav,pefac_pitch_only,207,2.0824943310657598,v,True,True,188.14419626641987,186.99492549746006
studio_F1.wav,pefac_pitch_only,208,2.0924943310657595,v,True,True,186.99379165516876,185.60315628629905
studio_F1.wav,pefac_pitch_only,209,2.10249433106576,v,True,True,185.80014905516856,184.22174576017696
studio_F1.wav,pefac_pitch_only,210,2.1124943310657596,v,True,True,183.00014676031824,181.48969294564225
studio_F1.wav,pefac_pitch_only,211,2.12249433106576,v,True,True,180.09774303994487,178.79815713169637
studio_F1.wav,pefac_pitch_only,212,2.1324943310657596,v,True,True,176.43815174279104,173.5342419092494
studio_F1.wav,pefac_pitch_only,213,2.14249433106576,v,True,True,165.72305278328858,156.3013356691427
studio_M1.wav,pefac_whole_q0.2,3,0.04249433106575964,sil,False,True,,255.91591926425798
studio_M1.wav,pefac_whole_q0.2,89,0.9024943310657596,uv,False,True,,159.84390496845393
studio_M1.wav,pefac_whole_q0.2,90,0.9124943310657596,uv,False,True,,161.04251511053403
studio_M1.wav,pefac_whole_q0.2,91,0.9224943310657596,uv,True,True,159.95183766823317,137.6596953779833
studio_M1.wav,pefac_whole_q0.2,92,0.9324943310657596,uv,True,True,137.78495633153034,137.6596953779833
studio_M1.wav,pefac_whole_q0.2,93,0.9424943310657596,v,True,True,137.9939254439179,137.6596953779833
studio_M1.wav,pefac_whole_q0.2,94,0.9524943310657596,v,True,True,135.83820705829027,136.63511930922
studio_M1.wav,pefac_whole_q0.2,95,0.9624943310657597,v,True,True,134.71451851848516,134.60878761459475
studio_M1.wav,pefac_whole_q0.2,96,0.9724943310657597,v,True,True,133.98029363824944,133.6069188972736
studio_M1.wav,pefac_whole_q0.2,97,0.9824943310657597,v,True,True,133.46994132071188,132.6125069065491
studio_M1.wav,pefac_whole_q0.2,98,0.9924943310657597,v,True,True,124.0797711820343,127.75036977782062
studio_M1.wav,pefac_whole_q0.2,99,1.0024943310657597,v,True,True,122.2838704545872,123.0664992244707
studio_M1.wav,pefac_whole_q0.2,100,1.0124943310657597,v,True,True,120.90359598744406,121.24139343039766
studio_M1.wav,pefac_whole_q0.2,101,1.0224943310657597,v,True,True,120.03250798879564,120.33901579610726
studio_M1.wav,pefac_whole_q0.2,102,1.0324943310657597,v,True,True,119.24033332669657,120.33901579610726
studio_M1.wav,pefac_whole_q0.2,103,1.0424943310657597,v,True,True,118.60426357053717,119.44335439438268
studio_M1.wav,pefac_whole_q0.2,104,1.0524943310657597,v,True,True,118.55891140050744,118.55435923752667
studio_M1.wav,pefac_whole_q0.2,105,1.0624943310657597,v,True,True,117.8037990950555,118.55435923752667
studio_M1.wav,pefac_whole_q0.2,106,1.0724943310657595,v,True,True,116.57306439126317,118.55435923752667
studio_M1.wav,pefac_whole_q0.2,107,1.0824943310657595,v,True,True,115.87137827020342,131.62549614336174
studio_M1.wav,pefac_whole_q0.2,108,1.0924943310657595,v,True,True,126.65270865492722,133.6069188972736
studio_M1.wav,pefac_whole_q0.2,109,1.1024943310657596,v,True,True,131.93868414238727,134.60878761459475
studio_M1.wav,pefac_whole_q0.2,110,1.1124943310657596,v,True,True,133.1498350781403,134.60878761459475
studio_M1.wav,pefac_whole_q0.2,111,1.1224943310657596,v,True,True,135.94006211419511,135.61816897373888
studio_M1.wav,pefac_whole_q0.2,112,1.1324943310657596,v,True,True,136.1912925323943,136.63511930922
studio_M1.wav,pefac_whole_q0.2,113,1.1424943310657596,v,True,True,140.3718560982152,137.6596953779833
studio_M1.wav,pefac_whole_q0.2,114,1.1524943310657596,v,True,True,141.70413690443849,138.6919543625739
studio_M1.wav,pefac_whole_q0.2,115,1.1624943310657596,v,True,True,132.63190389640047,140.7797519565841
studio_M1.wav,pefac_whole_q0.2,116,1.1724943310657596,v,True,True,144.50833550004884,140.7797519565841
studio_M1.wav,pefac_whole_q0.2,117,1.1824943310657596,v,False,True,,161.04251511053403
studio_M1.wav,pefac_whole_q0.2,118,1.1924943310657596,v,False,True,,163.46676659019937
studio_M1.wav,pefac_whole_q0.2,119,1.2024943310657596,v,True,True,165.52808829747028,167.17174035962358
studio_M1.wav,pefac_whole_q0.2,120,1.2124943310657597,v,True,True,164.53892754300972,172.24265811718138
studio_M1.wav,pefac_whole_q0.2,121,1.2224943310657597,v,True,True,172.88174802971818,173.5342419092494
studio_M1.wav,pefac_whole_q0.2,122,1.2324943310657597,v,True,True,174.49696969854793,174.83551080900295
studio_M1.wav,pefac_whole_q0.2,123,1.2424943310657597,v,True,True,174.91399626831978,174.83551080900295
studio_M1.wav,pefac_whole_q0.2,124,1.2524943310657597,v,True,True,175.20970812872423,176.1465374414718
studio_M1.wav,pefac_whole_q0.2,125,1.2624943310657597,uv,True,True,174.86207180946508,176.1465374414718
studio_M1.wav,pefac_whole_q0.2,126,1.2724943310657597,uv,False,True,,176.1465374414718
studio_M1.wav,pefac_whole_q0.2,127,1.2824943310657597,uv,False,True,,176.1465374414718
studio_M1.wav,pefac_whole_q0.2,130,1.3124943310657597,uv,False,True,,155.1380132630989
studio_M1.wav,pefac_whole_q0.2,131,1.3224943310657595,uv,True,True,185.3347154244106,153.9833492540844
studio_M1.wav,pefac_whole_q0.2,132,1.3324943310657595,v,True,True,166.53625063956414,151.69973913528355
studio_M1.wav,pefac_whole_q0.2,133,1.3424943310657595,v,True,True,145.9312381835057,151.69973913528355
studio_M1.wav,pefac_whole_q0.2,134,1.3524943310657596,v,True,True,136.02777090349298,151.69973913528355
studio_M1.wav,pefac_whole_q0.2,135,1.3624943310657596,v,True,True,121.89567590433565,116.79616956510941
studio_M1.wav,pefac_whole_q0.2,136,1.3724943310657596,v,True,True,116.69973329935608,115.92687692334482
studio_M1.wav,pefac_whole_q0.2,137,1.3824943310657596,v,True,True,109.06910809148181,113.35762665862714
studio_M1.wav,pefac_whole_q0.2,138,1.3924943310657596,v,True,True,103.12348356331653,108.3886885671703
studio_M1.wav,pefac_whole_q0.2,139,1.4024943310657596,v,True,True,101.1621227312116,102.10058983225413
studio_M1.wav,pefac_whole_q0.2,140,1.4124943310657596,v,True,True,99.64892412224458,100.5864135189974
studio_M1.wav,pefac_whole_q0.2,141,1.4224943310657596,v,True,True,98.67900670131297,99.8377671425012
studio_M1.wav,pefac_whole_q0.2,142,1.4324943310657596,v,True,True,98.73553988851084,99.09469280478673
studio_M1.wav,pefac_whole_q0.2,143,1.4424943310657596,v,True,True,93.12112771223421,95.46146094464542
studio_M1.wav,pefac_whole_q0.2,144,1.4524943310657596,v,True,True,93.79377490525252,94.75095865779583
studio_M1.wav,pefac_whole_q0.2,145,1.4624943310657597,v,True,True,94.30820610225177,95.46146094464542
studio_M1.wav,pefac_whole_q0.2,146,1.4724943310657597,v,True,True,94.9628507084039,97.62509466768513
studio_M1.wav,pefac_whole_q0.2,147,1.4824943310657597,v,True,True,96.34706461367745,98.357149034183
studio_M1.wav,pefac_whole_q0.2,148,1.4924943310657597,v,True,True,99.59069989419754,98.357149034183
studio_M1.wav,pefac_whole_q0.2,149,1.5024943310657597,v,True,True,97.74055962159012,97.62509466768513
studio_M1.wav,pefac_whole_q0.2,150,1.5124943310657597,v,True,True,96.61933543083578,96.89848884865708
studio_M1.wav,pefac_whole_q0.2,151,1.5224943310657597,v,True,True,95.54695125968851,96.17729102455131
studio_M1.wav,pefac_whole_q0.2,152,1.5324943310657597,v,True,True,94.801734878035,95.46146094464542
studio_M1.wav,pefac_whole_q0.2,153,1.5424943310657597,v,True,True,93.97229263456889,94.75095865779583
studio_M1.wav,pefac_whole_q0.2,154,1.5524943310657597,v,True,True,88.30935681874448,93.34577914322388
studio_M1.wav,pefac_whole_q0.2,155,1.5624943310657597,v,True,True,91.1662168577219,91.27698652033126
studio_M1.wav,pefac_whole_q0.2,156,1.5724943310657595,v,True,True,91.98469726177332,91.27698652033126
studio_M1.wav,pefac_whole_q0.2,157,1.5824943310657595,v,False,True,,91.27698652033126
studio_M1.wav,pefac_whole_q0.2,158,1.5924943310657595,uv,False,True,,182.85061682128588
studio_M1.wav,pefac_whole_q0.2,159,1.6024943310657596,uv,False,True,,347.63245788852436
studio_M1.wav,pefac_whole_q0.2,160,1.6124943310657596,uv,False,True,,345.0450927479872
studio_M1.wav,pefac_whole_q0.2,161,1.6224943310657596,uv,False,True,,345.0450927479872
studio_M1.wav,pefac_whole_q0.2,164,1.6524943310657596,uv,False,True,,123.0664992244707
studio_M1.wav,pefac_whole_q0.2,165,1.6624943310657596,v,True,True,119.63974996034403,172.24265811718138
studio_M1.wav,pefac_whole_q0.2,166,1.6724943310657596,v,True,True,105.45611297648121,111.67650578072151
studio_M1.wav,pefac_whole_q0.2,167,1.6824943310657596,v,True,True,92.98526401148821,91.96143877894806
studio_M1.wav,pefac_whole_q0.2,168,1.6924943310657596,v,True,True,91.45563662085992,92.65102349112391
studio_M1.wav,pefac_whole_q0.2,169,1.7024943310657596,v,False,True,,92.65102349112391
studio_M1.wav,pefac_whole_q0.2,170,1.7124943310657597,v,False,True,,92.65102349112391
studio_M1.wav,pefac_whole_q0.2,171,1.7224943310657597,v,False,True,,112.51392646615372
studio_M1.wav,pefac_whole_q0.2,178,1.7924943310657597,uv,False,True,,151.69973913528355
studio_M1.wav,pefac_whole_q0.2,179,1.8024943310657597,uv,False,True,,150.57066557508946
studio_M1.wav,pefac_whole_q0.2,180,1.8124943310657597,uv,False,True,,115.06405426856549
studio_M1.wav,pefac_whole_q0.2,181,1.8224943310657595,v,False,True,,115.92687692334482
studio_M1.wav,pefac_whole_q0.2,182,1.8324943310657595,v,True,True,114.16940727031945,115.92687692334482
studio_M1.wav,pefac_whole_q0.2,183,1.8424943310657595,v,True,True,104.79546590879009,103.63755977963515
studio_M1.wav,pefac_whole_q0.2,184,1.8524943310657596,v,True,True,103.74400167310662,103.63755977963515
studio_M1.wav,pefac_whole_q0.2,185,1.8624943310657596,v,True,True,102.363102041038,102.10058983225413
studio_M1.wav,pefac_whole_q0.2,186,1.8724943310657596,v,True,True,100.81596921078989,101.34067371692693
studio_M1.wav,pefac_whole_q0.2,187,1.8824943310657596,v,True,True,100.32149743446527,100.5864135189974
studio_M1.wav,pefac_whole_q0.2,188,1.8924943310657596,v,True,True,99.3116093944699,99.8377671425012
studio_M1.wav,pefac_whole_q0.2,189,1.9024943310657596,v,True,True,98.60135034592788,99.09469280478673
studio_M1.wav,pefac_whole_q0.2,190,1.9124943310657596,v,True,True,98.4621405094522,98.357149034183
studio_M1.wav,pefac_whole_q0.2,191,1.9224943310657596,v,True,True,97.99629515550517,97.62509466768513
studio_M1.wav,pefac_whole_q0.2,192,1.9324943310657596,v,True,True,97.44495834820373,96.89848884865708
studio_M1.wav,pefac_whole_q0.2,193,1.9424943310657596,v,True,True,95.24703471078925,95.46146094464542
studio_M1.wav,pefac_whole_q0.2,194,1.9524943310657596,v,True,True,95.16684051192198,94.75095865779583
studio_M1.wav,pefac_whole_q0.2,195,1.9624943310657597,v,True,True,93.90276126030032,93.34577914322388
studio_M1.wav,pefac_whole_q0.2,196,1.9724943310657597,v,True,True,93.21990320021604,92.65102349112391
studio_M1.wav,pefac_whole_q0.2,197,1.9824943310657597,v,True,True,92.46851425175649,92.65102349112391
studio_M1.wav,pefac_whole_q0.2,198,1.9924943310657597,v,True,True,92.03060634959554,91.96143877894806
studio_M1.wav,pefac_whole_q0.2,199,2.0024943310657597,v,True,True,89.74773507109072,91.27698652033126
studio_M1.wav,pefac_whole_q0.2,200,2.0124943310657595,v,True,True,89.50774218528659,90.59762851535545
studio_M1.wav,pefac_whole_q0.2,201,2.0224943310657597,v,True,True,89.07975353159553,89.92332684841752
studio_M1.wav,pefac_whole_q0.2,202,2.0324943310657595,v,True,True,87.65777745535614,89.25404388611327
studio_M1.wav,pefac_whole_q0.2,203,2.0424943310657597,v,True,False,94.20105391953462,
studio_M1.wav,pefac_whole_q0.5,3,0.04249433106575964,sil,False,True,,255.91591926425798
studio_M1.wav,pefac_whole_q0.5,90,0.9124943310657596,uv,False,True,,161.04251511053403
studio_M1.wav,pefac_whole_q0.5,91,0.9224943310657596,uv,True,True,159.95183766823317,137.6596953779833
studio_M1.wav,pefac_whole_q0.5,92,0.9324943310657596,uv,True,True,137.78495633153034,137.6596953779833
studio_M1.wav,pefac_whole_q0.5,93,0.9424943310657596,v,True,True,137.9939254439179,137.6596953779833
studio_M1.wav,pefac_whole_q0.5,94,0.9524943310657596,v,True,True,135.83820705829027,136.63511930922
studio_M1.wav,pefac_whole_q0.5,95,0.9624943310657597,v,True,True,134.71451851848516,134.60878761459475
studio_M1.wav,pefac_whole_q0.5,96,0.9724943310657597,v,True,True,133.98029363824944,133.6069188972736
studio_M1.wav,pefac_whole_q0.5,97,0.9824943310657597,v,True,True,133.46994132071188,132.6125069065491
studio_M1.wav,pefac_whole_q0.5,98,0.9924943310657597,v,True,True,124.0797711820343,127.75036977782062
studio_M1.wav,pefac_whole_q0.5,99,1.0024943310657597,v,True,True,122.2838704545872,123.0664992244707
studio_M1.wav,pefac_whole_q0.5,100,1.0124943310657597,v,True,True,120.90359598744406,121.24139343039766
studio_M1.wav,pefac_whole_q0.5,101,1.0224943310657597,v,True,True,120.03250798879564,120.33901579610726
studio_M1.wav,pefac_whole_q0.5,102,1.0324943310657597,v,True,True,119.24033332669657,120.33901579610726
studio_M1.wav,pefac_whole_q0.5,103,1.0424943310657597,v,True,True,118.60426357053717,119.44335439438268
studio_M1.wav,pefac_whole_q0.5,104,1.0524943310657597,v,True,True,118.55891140050744,118.55435923752667
studio_M1.wav,pefac_whole_q0.5,105,1.0624943310657597,v,True,True,117.8037990950555,118.55435923752667
studio_M1.wav,pefac_whole_q0.5,106,1.0724943310657595,v,True,True,116.57306439126317,118.55435923752667
studio_M1.wav,pefac_whole_q0.5,107,1.0824943310657595,v,True,True,115.87137827020342,131.62549614336174
studio_M1.wav,pefac_whole_q0.5,108,1.0924943310657595,v,True,True,126.65270865492722,133.6069188972736
studio_M1.wav,pefac_whole_q0.5,109,1.1024943310657596,v,True,True,131.93868414238727,134.60878761459475
studio_M1.wav,pefac_whole_q0.5,110,1.1124943310657596,v,True,True,133.1498350781403,134.60878761459475
studio_M1.wav,pefac_whole_q0.5,111,1.1224943310657596,v,True,True,135.94006211419511,135.61816897373888
studio_M1.wav,pefac_whole_q0.5,112,1.1324943310657596,v,True,True,136.1912925323943,136.63511930922
studio_M1.wav,pefac_whole_q0.5,113,1.1424943310657596,v,True,True,140.3718560982152,137.6596953779833
studio_M1.wav,pefac_whole_q0.5,114,1.1524943310657596,v,True,True,141.70413690443849,138.6919543625739
studio_M1.wav,pefac_whole_q0.5,115,1.1624943310657596,v,True,True,132.63190389640047,140.7797519565841
studio_M1.wav,pefac_whole_q0.5,116,1.1724943310657596,v,True,False,144.50833550004884,
studio_M1.wav,pefac_whole_q0.5,118,1.1924943310657596,v,False,True,,163.46676659019937
studio_M1.wav,pefac_whole_q0.5,119,1.2024943310657596,v,True,True,165.52808829747028,167.17174035962358
studio_M1.wav,pefac_whole_q0.5,120,1.2124943310657597,v,True,True,164.53892754300972,172.24265811718138
studio_M1.wav,pefac_whole_q0.5,121,1.2224943310657597,v,True,True,172.88174802971818,173.5342419092494
studio_M1.wav,pefac_whole_q0.5,122,1.2324943310657597,v,True,True,174.49696969854793,174.83551080900295
studio_M1.wav,pefac_whole_q0.5,123,1.2424943310657597,v,True,True,174.91399626831978,174.83551080900295
studio_M1.wav,pefac_whole_q0.5,124,1.2524943310657597,v,True,True,175.20970812872423,176.1465374414718
studio_M1.wav,pefac_whole_q0.5,125,1.2624943310657597,uv,True,True,174.86207180946508,176.1465374414718
studio_M1.wav,pefac_whole_q0.5,126,1.2724943310657597,uv,False,True,,176.1465374414718
studio_M1.wav,pefac_whole_q0.5,131,1.3224943310657595,uv,True,True,185.3347154244106,153.9833492540844
studio_M1.wav,pefac_whole_q0.5,132,1.3324943310657595,v,True,True,166.53625063956414,151.69973913528355
studio_M1.wav,pefac_whole_q0.5,133,1.3424943310657595,v,True,True,145.9312381835057,151.69973913528355
studio_M1.wav,pefac_whole_q0.5,134,1.3524943310657596,v,True,True,136.02777090349298,151.69973913528355
studio_M1.wav,pefac_whole_q0.5,135,1.3624943310657596,v,True,True,121.89567590433565,116.79616956510941
studio_M1.wav,pefac_whole_q0.5,136,1.3724943310657596,v,True,True,116.69973329935608,115.92687692334482
studio_M1.wav,pefac_whole_q0.5,137,1.3824943310657596,v,True,True,109.06910809148181,113.35762665862714
studio_M1.wav,pefac_whole_q0.5,138,1.3924943310657596,v,True,True,103.12348356331653,108.3886885671703
studio_M1.wav,pefac_whole_q0.5,139,1.4024943310657596,v,True,True,101.1621227312116,102.10058983225413
studio_M1.wav,pefac_whole_q0.5,140,1.4124943310657596,v,True,True,99.64892412224458,100.5864135189974
studio_M1.wav,pefac_whole_q0.5,141,1.4224943310657596,v,True,True,98.67900670131297,99.8377671425012
studio_M1.wav,pefac_whole_q0.5,142,1.4324943310657596,v,True,True,98.73553988851084,99.09469280478673
studio_M1.wav,pefac_whole_q0.5,143,1.4424943310657596,v,True,True,93.12112771223421,95.46146094464542
studio_M1.wav,pefac_whole_q0.5,144,1.4524943310657596,v,True,True,93.79377490525252,94.75095865779583
studio_M1.wav,pefac_whole_q0.5,145,1.4624943310657597,v,True,True,94.30820610225177,95.46146094464542
studio_M1.wav,pefac_whole_q0.5,146,1.4724943310657597,v,True,True,94.9628507084039,97.62509466768513
studio_M1.wav,pefac_whole_q0.5,147,1.4824943310657597,v,True,True,96.34706461367745,98.357149034183
studio_M1.wav,pefac_whole_q0.5,148,1.4924943310657597,v,True,True,99.59069989419754,98.357149034183
studio_M1.wav,pefac_whole_q0.5,149,1.5024943310657597,v,True,True,97.74055962159012,97.62509466768513
studio_M1.wav,pefac_whole_q0.5,150,1.5124943310657597,v,True,True,96.61933543083578,96.89848884865708
studio_M1.wav,pefac_whole_q0.5,151,1.5224943310657597,v,True,True,95.54695125968851,96.17729102455131
studio_M1.wav,pefac_whole_q0.5,152,1.5324943310657597,v,True,True,94.801734878035,95.46146094464542
studio_M1.wav,pefac_whole_q0.5,153,1.5424943310657597,v,True,True,93.97229263456889,94.75095865779583
studio_M1.wav,pefac_whole_q0.5,154,1.5524943310657597,v,True,True,88.30935681874448,93.34577914322388
studio_M1.wav,pefac_whole_q0.5,155,1.5624943310657597,v,True,True,91.1662168577219,91.27698652033126
studio_M1.wav,pefac_whole_q0.5,156,1.5724943310657595,v,True,True,91.98469726177332,91.27698652033126
studio_M1.wav,pefac_whole_q0.5,157,1.5824943310657595,v,False,True,,91.27698652033126
studio_M1.wav,pefac_whole_q0.5,165,1.6624943310657596,v,True,True,119.63974996034403,172.24265811718138
studio_M1.wav,pefac_whole_q0.5,166,1.6724943310657596,v,True,True,105.45611297648121,111.67650578072151
studio_M1.wav,pefac_whole_q0.5,167,1.6824943310657596,v,True,True,92.98526401148821,91.96143877894806
studio_M1.wav,pefac_whole_q0.5,168,1.6924943310657596,v,True,True,91.45563662085992,92.65102349112391
studio_M1.wav,pefac_whole_q0.5,169,1.7024943310657596,v,False,True,,92.65102349112391
studio_M1.wav,pefac_whole_q0.5,170,1.7124943310657597,v,False,True,,92.65102349112391
studio_M1.wav,pefac_whole_q0.5,179,1.8024943310657597,uv,False,True,,150.57066557508946
studio_M1.wav,pefac_whole_q0.5,180,1.8124943310657597,uv,False,True,,115.06405426856549
studio_M1.wav,pefac_whole_q0.5,181,1.8224943310657595,v,False,True,,115.92687692334482
studio_M1.wav,pefac_whole_q0.5,182,1.8324943310657595,v,True,True,114.16940727031945,115.92687692334482
studio_M1.wav,pefac_whole_q0.5,183,1.8424943310657595,v,True,True,104.79546590879009,103.63755977963515
studio_M1.wav,pefac_whole_q0.5,184,1.8524943310657596,v,True,True,103.74400167310662,103.63755977963515
studio_M1.wav,pefac_whole_q0.5,185,1.8624943310657596,v,True,True,102.363102041038,102.10058983225413
studio_M1.wav,pefac_whole_q0.5,186,1.8724943310657596,v,True,True,100.81596921078989,101.34067371692693
studio_M1.wav,pefac_whole_q0.5,187,1.8824943310657596,v,True,True,100.32149743446527,100.5864135189974
studio_M1.wav,pefac_whole_q0.5,188,1.8924943310657596,v,True,True,99.3116093944699,99.8377671425012
studio_M1.wav,pefac_whole_q0.5,189,1.9024943310657596,v,True,True,98.60135034592788,99.09469280478673
studio_M1.wav,pefac_whole_q0.5,190,1.9124943310657596,v,True,True,98.4621405094522,98.357149034183
studio_M1.wav,pefac_whole_q0.5,191,1.9224943310657596,v,True,True,97.99629515550517,97.62509466768513
studio_M1.wav,pefac_whole_q0.5,192,1.9324943310657596,v,True,True,97.44495834820373,96.89848884865708
studio_M1.wav,pefac_whole_q0.5,193,1.9424943310657596,v,True,True,95.24703471078925,95.46146094464542
studio_M1.wav,pefac_whole_q0.5,194,1.9524943310657596,v,True,True,95.16684051192198,94.75095865779583
studio_M1.wav,pefac_whole_q0.5,195,1.9624943310657597,v,True,True,93.90276126030032,93.34577914322388
studio_M1.wav,pefac_whole_q0.5,196,1.9724943310657597,v,True,True,93.21990320021604,92.65102349112391
studio_M1.wav,pefac_whole_q0.5,197,1.9824943310657597,v,True,True,92.46851425175649,92.65102349112391
studio_M1.wav,pefac_whole_q0.5,198,1.9924943310657597,v,True,True,92.03060634959554,91.96143877894806
studio_M1.wav,pefac_whole_q0.5,199,2.0024943310657597,v,True,True,89.74773507109072,91.27698652033126
studio_M1.wav,pefac_whole_q0.5,200,2.0124943310657595,v,True,True,89.50774218528659,90.59762851535545
studio_M1.wav,pefac_whole_q0.5,201,2.0224943310657597,v,True,True,89.07975353159553,89.92332684841752
studio_M1.wav,pefac_whole_q0.5,202,2.0324943310657595,v,True,False,87.65777745535614,
studio_M1.wav,pefac_whole_q0.5,203,2.0424943310657597,v,True,False,94.20105391953462,
studio_M1.wav,pefac_whole_q0.8,90,0.9124943310657596,uv,False,True,,161.04251511053403
studio_M1.wav,pefac_whole_q0.8,91,0.9224943310657596,uv,True,True,159.95183766823317,137.6596953779833
studio_M1.wav,pefac_whole_q0.8,92,0.9324943310657596,uv,True,True,137.78495633153034,137.6596953779833
studio_M1.wav,pefac_whole_q0.8,93,0.9424943310657596,v,True,True,137.9939254439179,137.6596953779833
studio_M1.wav,pefac_whole_q0.8,94,0.9524943310657596,v,True,True,135.83820705829027,136.63511930922
studio_M1.wav,pefac_whole_q0.8,95,0.9624943310657597,v,True,True,134.71451851848516,134.60878761459475
studio_M1.wav,pefac_whole_q0.8,96,0.9724943310657597,v,True,True,133.98029363824944,133.6069188972736
studio_M1.wav,pefac_whole_q0.8,97,0.9824943310657597,v,True,True,133.46994132071188,132.6125069065491
studio_M1.wav,pefac_whole_q0.8,98,0.9924943310657597,v,True,True,124.0797711820343,127.75036977782062
studio_M1.wav,pefac_whole_q0.8,99,1.0024943310657597,v,True,True,122.2838704545872,123.0664992244707
studio_M1.wav,pefac_whole_q0.8,100,1.0124943310657597,v,True,True,120.90359598744406,121.24139343039766
studio_M1.wav,pefac_whole_q0.8,101,1.0224943310657597,v,True,True,120.03250798879564,120.33901579610726
studio_M1.wav,pefac_whole_q0.8,102,1.0324943310657597,v,True,True,119.24033332669657,120.33901579610726
studio_M1.wav,pefac_whole_q0.8,103,1.0424943310657597,v,True,True,118.60426357053717,119.44335439438268
studio_M1.wav,pefac_whole_q0.8,104,1.0524943310657597,v,True,True,118.55891140050744,118.55435923752667
studio_M1.wav,pefac_whole_q0.8,105,1.0624943310657597,v,True,True,117.8037990950555,118.55435923752667
studio_M1.wav,pefac_whole_q0.8,106,1.0724943310657595,v,True,False,116.57306439126317,
studio_M1.wav,pefac_whole_q0.8,107,1.0824943310657595,v,True,False,115.87137827020342,
studio_M1.wav,pefac_whole_q0.8,108,1.0924943310657595,v,True,True,126.65270865492722,133.6069188972736
studio_M1.wav,pefac_whole_q0.8,109,1.1024943310657596,v,True,True,131.93868414238727,134.60878761459475
studio_M1.wav,pefac_whole_q0.8,110,1.1124943310657596,v,True,True,133.1498350781403,134.60878761459475
studio_M1.wav,pefac_whole_q0.8,111,1.1224943310657596,v,True,True,135.94006211419511,135.61816897373888
studio_M1.wav,pefac_whole_q0.8,112,1.1324943310657596,v,True,True,136.1912925323943,136.63511930922
studio_M1.wav,pefac_whole_q0.8,113,1.1424943310657596,v,True,True,140.3718560982152,137.6596953779833
studio_M1.wav,pefac_whole_q0.8,114,1.1524943310657596,v,True,True,141.70413690443849,138.6919543625739
studio_M1.wav,pefac_whole_q0.8,115,1.1624943310657596,v,True,False,132.63190389640047,
studio_M1.wav,pefac_whole_q0.8,116,1.1724943310657596,v,True,False,144.50833550004884,
studio_M1.wav,pefac_whole_q0.8,118,1.1924943310657596,v,False,True,,163.46676659019937
studio_M1.wav,pefac_whole_q0.8,119,1.2024943310657596,v,True,True,165.52808829747028,167.17174035962358
studio_M1.wav,pefac_whole_q0.8,120,1.2124943310657597,v,True,True,164.53892754300972,172.24265811718138
studio_M1.wav,pefac_whole_q0.8,121,1.2224943310657597,v,True,True,172.88174802971818,173.5342419092494
studio_M1.wav,pefac_whole_q0.8,122,1.2324943310657597,v,True,True,174.49696969854793,174.83551080900295
studio_M1.wav,pefac_whole_q0.8,123,1.2424943310657597,v,True,True,174.91399626831978,174.83551080900295
studio_M1.wav,pefac_whole_q0.8,124,1.2524943310657597,v,True,True,175.20970812872423,176.1465374414718
studio_M1.wav,pefac_whole_q0.8,125,1.2624943310657597,uv,True,True,174.86207180946508,176.1465374414718
studio_M1.wav,pefac_whole_q0.8,126,1.2724943310657597,uv,False,True,,176.1465374414718
studio_M1.wav,pefac_whole_q0.8,131,1.3224943310657595,uv,True,False,185.3347154244106,
studio_M1.wav,pefac_whole_q0.8,132,1.3324943310657595,v,True,True,166.53625063956414,151.69973913528355
studio_M1.wav,pefac_whole_q0.8,133,1.3424943310657595,v,True,True,145.9312381835057,151.69973913528355
studio_M1.wav,pefac_whole_q0.8,134,1.3524943310657596,v,True,True,136.02777090349298,151.69973913528355
studio_M1.wav,pefac_whole_q0.8,135,1.3624943310657596,v,True,True,121.89567590433565,116.79616956510941
studio_M1.wav,pefac_whole_q0.8,136,1.3724943310657596,v,True,True,116.69973329935608,115.92687692334482
studio_M1.wav,pefac_whole_q0.8,137,1.3824943310657596,v,True,True,109.06910809148181,113.35762665862714
studio_M1.wav,pefac_whole_q0.8,138,1.3924943310657596,v,True,True,103.12348356331653,108.3886885671703
studio_M1.wav,pefac_whole_q0.8,139,1.4024943310657596,v,True,False,101.1621227312116,
studio_M1.wav,pefac_whole_q0.8,140,1.4124943310657596,v,True,True,99.64892412224458,100.5864135189974
studio_M1.wav,pefac_whole_q0.8,141,1.4224943310657596,v,True,True,98.67900670131297,99.8377671425012
studio_M1.wav,pefac_whole_q0.8,142,1.4324943310657596,v,True,False,98.73553988851084,
studio_M1.wav,pefac_whole_q0.8,143,1.4424943310657596,v,True,False,93.12112771223421,
studio_M1.wav,pefac_whole_q0.8,144,1.4524943310657596,v,True,True,93.79377490525252,94.75095865779583
studio_M1.wav,pefac_whole_q0.8,145,1.4624943310657597,v,True,True,94.30820610225177,95.46146094464542
studio_M1.wav,pefac_whole_q0.8,146,1.4724943310657597,v,True,False,94.9628507084039,
studio_M1.wav,pefac_whole_q0.8,147,1.4824943310657597,v,True,True,96.34706461367745,98.357149034183
studio_M1.wav,pefac_whole_q0.8,148,1.4924943310657597,v,True,True,99.59069989419754,98.357149034183
studio_M1.wav,pefac_whole_q0.8,149,1.5024943310657597,v,True,True,97.74055962159012,97.62509466768513
studio_M1.wav,pefac_whole_q0.8,150,1.5124943310657597,v,True,True,96.61933543083578,96.89848884865708
studio_M1.wav,pefac_whole_q0.8,151,1.5224943310657597,v,True,True,95.54695125968851,96.17729102455131
studio_M1.wav,pefac_whole_q0.8,152,1.5324943310657597,v,True,False,94.801734878035,
studio_M1.wav,pefac_whole_q0.8,153,1.5424943310657597,v,True,False,93.97229263456889,
studio_M1.wav,pefac_whole_q0.8,154,1.5524943310657597,v,True,False,88.30935681874448,
studio_M1.wav,pefac_whole_q0.8,155,1.5624943310657597,v,True,True,91.1662168577219,91.27698652033126
studio_M1.wav,pefac_whole_q0.8,156,1.5724943310657595,v,True,True,91.98469726177332,91.27698652033126
studio_M1.wav,pefac_whole_q0.8,165,1.6624943310657596,v,True,False,119.63974996034403,
studio_M1.wav,pefac_whole_q0.8,166,1.6724943310657596,v,True,True,105.45611297648121,111.67650578072151
studio_M1.wav,pefac_whole_q0.8,167,1.6824943310657596,v,True,True,92.98526401148821,91.96143877894806
studio_M1.wav,pefac_whole_q0.8,168,1.6924943310657596,v,True,True,91.45563662085992,92.65102349112391
studio_M1.wav,pefac_whole_q0.8,169,1.7024943310657596,v,False,True,,92.65102349112391
studio_M1.wav,pefac_whole_q0.8,170,1.7124943310657597,v,False,True,,92.65102349112391
studio_M1.wav,pefac_whole_q0.8,180,1.8124943310657597,uv,False,True,,115.06405426856549
studio_M1.wav,pefac_whole_q0.8,181,1.8224943310657595,v,False,True,,115.92687692334482
studio_M1.wav,pefac_whole_q0.8,182,1.8324943310657595,v,True,True,114.16940727031945,115.92687692334482
studio_M1.wav,pefac_whole_q0.8,183,1.8424943310657595,v,True,True,104.79546590879009,103.63755977963515
studio_M1.wav,pefac_whole_q0.8,184,1.8524943310657596,v,True,True,103.74400167310662,103.63755977963515
studio_M1.wav,pefac_whole_q0.8,185,1.8624943310657596,v,True,True,102.363102041038,102.10058983225413
studio_M1.wav,pefac_whole_q0.8,186,1.8724943310657596,v,True,True,100.81596921078989,101.34067371692693
studio_M1.wav,pefac_whole_q0.8,187,1.8824943310657596,v,True,True,100.32149743446527,100.5864135189974
studio_M1.wav,pefac_whole_q0.8,188,1.8924943310657596,v,True,True,99.3116093944699,99.8377671425012
studio_M1.wav,pefac_whole_q0.8,189,1.9024943310657596,v,True,True,98.60135034592788,99.09469280478673
studio_M1.wav,pefac_whole_q0.8,190,1.9124943310657596,v,True,True,98.4621405094522,98.357149034183
studio_M1.wav,pefac_whole_q0.8,191,1.9224943310657596,v,True,True,97.99629515550517,97.62509466768513
studio_M1.wav,pefac_whole_q0.8,192,1.9324943310657596,v,True,True,97.44495834820373,96.89848884865708
studio_M1.wav,pefac_whole_q0.8,193,1.9424943310657596,v,True,True,95.24703471078925,95.46146094464542
studio_M1.wav,pefac_whole_q0.8,194,1.9524943310657596,v,True,True,95.16684051192198,94.75095865779583
studio_M1.wav,pefac_whole_q0.8,195,1.9624943310657597,v,True,True,93.90276126030032,93.34577914322388
studio_M1.wav,pefac_whole_q0.8,196,1.9724943310657597,v,True,True,93.21990320021604,92.65102349112391
studio_M1.wav,pefac_whole_q0.8,197,1.9824943310657597,v,True,True,92.46851425175649,92.65102349112391
studio_M1.wav,pefac_whole_q0.8,198,1.9924943310657597,v,True,True,92.03060634959554,91.96143877894806
studio_M1.wav,pefac_whole_q0.8,199,2.0024943310657597,v,True,True,89.74773507109072,91.27698652033126
studio_M1.wav,pefac_whole_q0.8,200,2.0124943310657595,v,True,True,89.50774218528659,90.59762851535545
studio_M1.wav,pefac_whole_q0.8,201,2.0224943310657597,v,True,True,89.07975353159553,89.92332684841752
studio_M1.wav,pefac_whole_q0.8,202,2.0324943310657595,v,True,False,87.65777745535614,
studio_M1.wav,pefac_whole_q0.8,203,2.0424943310657597,v,True,False,94.20105391953462,
studio_M1.wav,pefac_pitch_only,91,0.9224943310657596,uv,True,True,159.95183766823317,137.6596953779833
studio_M1.wav,pefac_pitch_only,92,0.9324943310657596,uv,True,True,137.78495633153034,137.6596953779833
studio_M1.wav,pefac_pitch_only,93,0.9424943310657596,v,True,True,137.9939254439179,137.6596953779833
studio_M1.wav,pefac_pitch_only,94,0.9524943310657596,v,True,True,135.83820705829027,136.63511930922
studio_M1.wav,pefac_pitch_only,95,0.9624943310657597,v,True,True,134.71451851848516,134.60878761459475
studio_M1.wav,pefac_pitch_only,96,0.9724943310657597,v,True,True,133.98029363824944,133.6069188972736
studio_M1.wav,pefac_pitch_only,97,0.9824943310657597,v,True,True,133.46994132071188,132.6125069065491
studio_M1.wav,pefac_pitch_only,98,0.9924943310657597,v,True,True,124.0797711820343,127.75036977782062
studio_M1.wav,pefac_pitch_only,99,1.0024943310657597,v,True,True,122.2838704545872,123.0664992244707
studio_M1.wav,pefac_pitch_only,100,1.0124943310657597,v,True,True,120.90359598744406,121.24139343039766
studio_M1.wav,pefac_pitch_only,101,1.0224943310657597,v,True,True,120.03250798879564,120.33901579610726
studio_M1.wav,pefac_pitch_only,102,1.0324943310657597,v,True,True,119.24033332669657,120.33901579610726
studio_M1.wav,pefac_pitch_only,103,1.0424943310657597,v,True,True,118.60426357053717,119.44335439438268
studio_M1.wav,pefac_pitch_only,104,1.0524943310657597,v,True,True,118.55891140050744,118.55435923752667
studio_M1.wav,pefac_pitch_only,105,1.0624943310657597,v,True,True,117.8037990950555,118.55435923752667
studio_M1.wav,pefac_pitch_only,106,1.0724943310657595,v,True,True,116.57306439126317,118.55435923752667
studio_M1.wav,pefac_pitch_only,107,1.0824943310657595,v,True,True,115.87137827020342,131.62549614336174
studio_M1.wav,pefac_pitch_only,108,1.0924943310657595,v,True,True,126.65270865492722,133.6069188972736
studio_M1.wav,pefac_pitch_only,109,1.1024943310657596,v,True,True,131.93868414238727,134.60878761459475
studio_M1.wav,pefac_pitch_only,110,1.1124943310657596,v,True,True,133.1498350781403,134.60878761459475
studio_M1.wav,pefac_pitch_only,111,1.1224943310657596,v,True,True,135.94006211419511,135.61816897373888
studio_M1.wav,pefac_pitch_only,112,1.1324943310657596,v,True,True,136.1912925323943,136.63511930922
studio_M1.wav,pefac_pitch_only,113,1.1424943310657596,v,True,True,140.3718560982152,137.6596953779833
studio_M1.wav,pefac_pitch_only,114,1.1524943310657596,v,True,True,141.70413690443849,138.6919543625739
studio_M1.wav,pefac_pitch_only,115,1.1624943310657596,v,True,True,132.63190389640047,140.7797519565841
studio_M1.wav,pefac_pitch_only,116,1.1724943310657596,v,True,True,144.50833550004884,140.7797519565841
studio_M1.wav,pefac_pitch_only,119,1.2024943310657596,v,True,True,165.52808829747028,167.17174035962358
studio_M1.wav,pefac_pitch_only,120,1.2124943310657597,v,True,True,164.53892754300972,172.24265811718138
studio_M1.wav,pefac_pitch_only,121,1.2224943310657597,v,True,True,172.88174802971818,173.5342419092494
studio_M1.wav,pefac_pitch_only,122,1.2324943310657597,v,True,True,174.49696969854793,174.83551080900295
studio_M1.wav,pefac_pitch_only,123,1.2424943310657597,v,True,True,174.91399626831978,174.83551080900295
studio_M1.wav,pefac_pitch_only,124,1.2524943310657597,v,True,True,175.20970812872423,176.1465374414718
studio_M1.wav,pefac_pitch_only,125,1.2624943310657597,uv,True,True,174.86207180946508,176.1465374414718
studio_M1.wav,pefac_pitch_only,131,1.3224943310657595,uv,True,True,185.3347154244106,153.9833492540844
studio_M1.wav,pefac_pitch_only,132,1.3324943310657595,v,True,True,166.53625063956414,151.69973913528355
studio_M1.wav,pefac_pitch_only,133,1.3424943310657595,v,True,True,145.9312381835057,151.69973913528355
studio_M1.wav,pefac_pitch_only,134,1.3524943310657596,v,True,True,136.02777090349298,151.69973913528355
studio_M1.wav,pefac_pitch_only,135,1.3624943310657596,v,True,True,121.89567590433565,116.79616956510941
studio_M1.wav,pefac_pitch_only,136,1.3724943310657596,v,True,True,116.69973329935608,115.92687692334482
studio_M1.wav,pefac_pitch_only,137,1.3824943310657596,v,True,True,109.06910809148181,113.35762665862714
studio_M1.wav,pefac_pitch_only,138,1.3924943310657596,v,True,True,103.12348356331653,108.3886885671703
studio_M1.wav,pefac_pitch_only,139,1.4024943310657596,v,True,True,101.1621227312116,102.10058983225413
studio_M1.wav,pefac_pitch_only,140,1.4124943310657596,v,True,True,99.64892412224458,100.5864135189974
studio_M1.wav,pefac_pitch_only,141,1.4224943310657596,v,True,True,98.67900670131297,99.8377671425012
studio_M1.wav,pefac_pitch_only,142,1.4324943310657596,v,True,True,98.73553988851084,99.09469280478673
studio_M1.wav,pefac_pitch_only,143,1.4424943310657596,v,True,True,93.12112771223421,95.46146094464542
studio_M1.wav,pefac_pitch_only,144,1.4524943310657596,v,True,True,93.79377490525252,94.75095865779583
studio_M1.wav,pefac_pitch_only,145,1.4624943310657597,v,True,True,94.30820610225177,95.46146094464542
studio_M1.wav,pefac_pitch_only,146,1.4724943310657597,v,True,True,94.9628507084039,97.62509466768513
studio_M1.wav,pefac_pitch_only,147,1.4824943310657597,v,True,True,96.34706461367745,98.357149034183
studio_M1.wav,pefac_pitch_only,148,1.4924943310657597,v,True,True,99.59069989419754,98.357149034183
studio_M1.wav,pefac_pitch_only,149,1.5024943310657597,v,True,True,97.74055962159012,97.62509466768513
studio_M1.wav,pefac_pitch_only,150,1.5124943310657597,v,True,True,96.61933543083578,96.89848884865708
studio_M1.wav,pefac_pitch_only,151,1.5224943310657597,v,True,True,95.54695125968851,96.17729102455131
studio_M1.wav,pefac_pitch_only,152,1.5324943310657597,v,True,True,94.801734878035,95.46146094464542
studio_M1.wav,pefac_pitch_only,153,1.5424943310657597,v,True,True,93.97229263456889,94.75095865779583
studio_M1.wav,pefac_pitch_only,154,1.5524943310657597,v,True,True,88.30935681874448,93.34577914322388
studio_M1.wav,pefac_pitch_only,155,1.5624943310657597,v,True,True,91.1662168577219,91.27698652033126
studio_M1.wav,pefac_pitch_only,156,1.5724943310657595,v,True,True,91.98469726177332,91.27698652033126
studio_M1.wav,pefac_pitch_only,165,1.6624943310657596,v,True,True,119.63974996034403,172.24265811718138
studio_M1.wav,pefac_pitch_only,166,1.6724943310657596,v,True,True,105.45611297648121,111.67650578072151
studio_M1.wav,pefac_pitch_only,167,1.6824943310657596,v,True,True,92.98526401148821,91.96143877894806
studio_M1.wav,pefac_pitch_only,168,1.6924943310657596,v,True,True,91.45563662085992,92.65102349112391
studio_M1.wav,pefac_pitch_only,182,1.8324943310657595,v,True,True,114.16940727031945,115.92687692334482
studio_M1.wav,pefac_pitch_only,183,1.8424943310657595,v,True,True,104.79546590879009,103.63755977963515
studio_M1.wav,pefac_pitch_only,184,1.8524943310657596,v,True,True,103.74400167310662,103.63755977963515
studio_M1.wav,pefac_pitch_only,185,1.8624943310657596,v,True,True,102.363102041038,102.10058983225413
studio_M1.wav,pefac_pitch_only,186,1.8724943310657596,v,True,True,100.81596921078989,101.34067371692693
studio_M1.wav,pefac_pitch_only,187,1.8824943310657596,v,True,True,100.32149743446527,100.5864135189974
studio_M1.wav,pefac_pitch_only,188,1.8924943310657596,v,True,True,99.3116093944699,99.8377671425012
studio_M1.wav,pefac_pitch_only,189,1.9024943310657596,v,True,True,98.60135034592788,99.09469280478673
studio_M1.wav,pefac_pitch_only,190,1.9124943310657596,v,True,True,98.4621405094522,98.357149034183
studio_M1.wav,pefac_pitch_only,191,1.9224943310657596,v,True,True,97.99629515550517,97.62509466768513
studio_M1.wav,pefac_pitch_only,192,1.9324943310657596,v,True,True,97.44495834820373,96.89848884865708
studio_M1.wav,pefac_pitch_only,193,1.9424943310657596,v,True,True,95.24703471078925,95.46146094464542
studio_M1.wav,pefac_pitch_only,194,1.9524943310657596,v,True,True,95.16684051192198,94.75095865779583
studio_M1.wav,pefac_pitch_only,195,1.9624943310657597,v,True,True,93.90276126030032,93.34577914322388
studio_M1.wav,pefac_pitch_only,196,1.9724943310657597,v,True,True,93.21990320021604,92.65102349112391
studio_M1.wav,pefac_pitch_only,197,1.9824943310657597,v,True,True,92.46851425175649,92.65102349112391
studio_M1.wav,pefac_pitch_only,198,1.9924943310657597,v,True,True,92.03060634959554,91.96143877894806
studio_M1.wav,pefac_pitch_only,199,2.0024943310657597,v,True,True,89.74773507109072,91.27698652033126
studio_M1.wav,pefac_pitch_only,200,2.0124943310657595,v,True,True,89.50774218528659,90.59762851535545
studio_M1.wav,pefac_pitch_only,201,2.0224943310657597,v,True,True,89.07975353159553,89.92332684841752
studio_M1.wav,pefac_pitch_only,202,2.0324943310657595,v,True,True,87.65777745535614,89.25404388611327
studio_M1.wav,pefac_pitch_only,203,2.0424943310657597,v,True,True,94.20105391953462,88.58974227513718
