option_id,file,time_s,f0_hz
praat6_ac_auto,phone_F1.wav,0.020000000000000125,0.0
praat6_ac_auto,phone_F1.wav,0.030000000000000124,0.0
praat6_ac_auto,phone_F1.wav,0.040000000000000126,0.0
praat6_ac_auto,phone_F1.wav,0.05000000000000013,0.0
praat6_ac_auto,phone_F1.wav,0.06000000000000012,0.0
praat6_ac_auto,phone_F1.wav,0.07000000000000013,0.0
praat6_ac_auto,phone_F1.wav,0.08000000000000013,0.0
praat6_ac_auto,phone_F1.wav,0.09000000000000014,0.0
praat6_ac_auto,phone_F1.wav,0.10000000000000013,0.0
praat6_ac_auto,phone_F1.wav,0.11000000000000013,0.0
praat6_ac_auto,phone_F1.wav,0.12000000000000013,0.0
praat6_ac_auto,phone_F1.wav,0.13000000000000012,0.0
praat6_ac_auto,phone_F1.wav,0.14000000000000012,0.0
praat6_ac_auto,phone_F1.wav,0.15000000000000013,0.0
praat6_ac_auto,phone_F1.wav,0.16000000000000014,0.0
praat6_ac_auto,phone_F1.wav,0.17000000000000012,0.0
praat6_ac_auto,phone_F1.wav,0.18000000000000013,0.0
praat6_ac_auto,phone_F1.wav,0.19000000000000014,0.0
praat6_ac_auto,phone_F1.wav,0.20000000000000012,0.0
praat6_ac_auto,phone_F1.wav,0.21000000000000013,0.0
praat6_ac_auto,phone_F1.wav,0.22000000000000014,0.0
praat6_ac_auto,phone_F1.wav,0.23000000000000012,0.0
praat6_ac_auto,phone_F1.wav,0.24000000000000013,0.0
praat6_ac_auto,phone_F1.wav,0.2500000000000001,0.0
praat6_ac_auto,phone_F1.wav,0.2600000000000001,0.0
praat6_ac_auto,phone_F1.wav,0.27000000000000013,0.0
praat6_ac_auto,phone_F1.wav,0.28000000000000014,0.0
praat6_ac_auto,phone_F1.wav,0.29000000000000015,0.0
praat6_ac_auto,phone_F1.wav,0.30000000000000016,0.0
praat6_ac_auto,phone_F1.wav,0.3100000000000001,0.0
praat6_ac_auto,phone_F1.wav,0.3200000000000001,0.0
praat6_ac_auto,phone_F1.wav,0.3300000000000001,0.0
praat6_ac_auto,phone_F1.wav,0.34000000000000014,0.0
praat6_ac_auto,phone_F1.wav,0.35000000000000014,0.0
praat6_ac_auto,phone_F1.wav,0.36000000000000015,0.0
praat6_ac_auto,phone_F1.wav,0.37000000000000016,0.0
praat6_ac_auto,phone_F1.wav,0.3800000000000001,0.0
praat6_ac_auto,phone_F1.wav,0.3900000000000001,0.0
praat6_ac_auto,phone_F1.wav,0.40000000000000013,0.0
praat6_ac_auto,phone_F1.wav,0.41000000000000014,0.0
praat6_ac_auto,phone_F1.wav,0.42000000000000015,0.0
praat6_ac_auto,phone_F1.wav,0.43000000000000016,0.0
praat6_ac_auto,phone_F1.wav,0.4400000000000001,0.0
praat6_ac_auto,phone_F1.wav,0.4500000000000001,0.0
praat6_ac_auto,phone_F1.wav,0.46000000000000013,0.0
praat6_ac_auto,phone_F1.wav,0.47000000000000014,0.0
praat6_ac_auto,phone_F1.wav,0.48000000000000015,0.0
praat6_ac_auto,phone_F1.wav,0.49000000000000016,0.0
praat6_ac_auto,phone_F1.wav,0.5000000000000001,0.0
praat6_ac_auto,phone_F1.wav,0.5100000000000001,0.0
praat6_ac_auto,phone_F1.wav,0.5200000000000001,0.0
praat6_ac_auto,phone_F1.wav,0.5300000000000001,0.0
praat6_ac_auto,phone_F1.wav,0.5400000000000001,0.0
praat6_ac_auto,phone_F1.wav,0.5500000000000002,225.89713413940345
praat6_ac_auto,phone_F1.wav,0.5600000000000002,222.43707845205597
praat6_ac_auto,phone_F1.wav,0.5700000000000002,217.21051089583938
praat6_ac_auto,phone_F1.wav,0.5800000000000002,218.27170986783568
praat6_ac_auto,phone_F1.wav,0.5900000000000002,218.29657950050802
praat6_ac_auto,phone_F1.wav,0.6000000000000001,218.13032713822668
praat6_ac_auto,phone_F1.wav,0.6100000000000001,218.57050842443792
praat6_ac_auto,phone_F1.wav,0.6200000000000001,221.77712598279876
praat6_ac_auto,phone_F1.wav,0.6300000000000001,225.28124955319225
praat6_ac_auto,phone_F1.wav,0.6400000000000001,229.0992582728699
praat6_ac_auto,phone_F1.wav,0.6500000000000001,231.4885840686092
praat6_ac_auto,phone_F1.wav,0.6600000000000001,230.9357367882904
praat6_ac_auto,phone_F1.wav,0.6700000000000002,228.2571588067936
praat6_ac_auto,phone_F1.wav,0.6800000000000002,227.96133632808358
praat6_ac_auto,phone_F1.wav,0.6900000000000002,229.09601028687624
praat6_ac_auto,phone_F1.wav,0.7000000000000002,229.86686495518344
praat6_ac_auto,phone_F1.wav,0.7100000000000002,230.74584861634526
praat6_ac_auto,phone_F1.wav,0.7200000000000002,231.8157448325816
praat6_ac_auto,phone_F1.wav,0.7300000000000001,232.65792400892414
praat6_ac_auto,phone_F1.wav,0.7400000000000001,231.52095767265055
praat6_ac_auto,phone_F1.wav,0.7500000000000001,231.441913889843
praat6_ac_auto,phone_F1.wav,0.7600000000000001,234.15268564377163
praat6_ac_auto,phone_F1.wav,0.7700000000000001,230.70788200911906
praat6_ac_auto,phone_F1.wav,0.7800000000000001,227.25719167477882
praat6_ac_auto,phone_F1.wav,0.7900000000000001,221.63693694609117
praat6_ac_auto,phone_F1.wav,0.8000000000000002,217.0418581792812
praat6_ac_auto,phone_F1.wav,0.8100000000000002,235.38451320538252
praat6_ac_auto,phone_F1.wav,0.8200000000000002,234.72588985051982
praat6_ac_auto,phone_F1.wav,0.8300000000000002,235.08572841066808
praat6_ac_auto,phone_F1.wav,0.8400000000000002,236.04141271419212
praat6_ac_auto,phone_F1.wav,0.8500000000000002,238.9028901314827
praat6_ac_auto,phone_F1.wav,0.8600000000000001,241.30328754065593
praat6_ac_auto,phone_F1.wav,0.8700000000000001,241.99506648173113
praat6_ac_auto,phone_F1.wav,0.8800000000000001,242.60544138343715
praat6_ac_auto,phone_F1.wav,0.8900000000000001,247.75779473267252
praat6_ac_auto,phone_F1.wav,0.9000000000000001,249.72326551613878
praat6_ac_auto,phone_F1.wav,0.9100000000000001,248.54724321703148
praat6_ac_auto,phone_F1.wav,0.9200000000000002,247.75410072705216
praat6_ac_auto,phone_F1.wav,0.9300000000000002,245.0964450407743
praat6_ac_auto,phone_F1.wav,0.9400000000000002,244.22934295981588
praat6_ac_auto,phone_F1.wav,0.9500000000000002,241.12372580848867
praat6_ac_auto,phone_F1.wav,0.9600000000000002,236.76583776536842
praat6_ac_auto,phone_F1.wav,0.9700000000000002,229.00654663577225
praat6_ac_auto,phone_F1.wav,0.9800000000000001,218.36080741715136
praat6_ac_auto,phone_F1.wav,0.9900000000000001,219.32679998970605
praat6_ac_auto,phone_F1.wav,1.0,233.48698671570597
praat6_ac_auto,phone_F1.wav,1.01,234.18476713490963
praat6_ac_auto,phone_F1.wav,1.02,233.38219774117684
praat6_ac_auto,phone_F1.wav,1.03,228.28648853748763
praat6_ac_auto,phone_F1.wav,1.04,226.1593370955079
praat6_ac_auto,phone_F1.wav,1.05,226.6813660098725
praat6_ac_auto,phone_F1.wav,1.06,226.79105860515824
praat6_ac_auto,phone_F1.wav,1.07,229.99970568693192
praat6_ac_auto,phone_F1.wav,1.08,236.53791230567347
praat6_ac_auto,phone_F1.wav,1.09,243.96049800871566
praat6_ac_auto,phone_F1.wav,1.1,246.15825045329476
praat6_ac_auto,phone_F1.wav,1.11,244.98866458435938
praat6_ac_auto,phone_F1.wav,1.12,244.09075563766476
praat6_ac_auto,phone_F1.wav,1.1300000000000001,240.22665280577766
praat6_ac_auto,phone_F1.wav,1.1400000000000001,236.5804154756161
praat6_ac_auto,phone_F1.wav,1.1500000000000001,0.0
praat6_ac_auto,phone_F1.wav,1.1600000000000001,0.0
praat6_ac_auto,phone_F1.wav,1.1700000000000002,0.0
praat6_ac_auto,phone_F1.wav,1.18,0.0
praat6_ac_auto,phone_F1.wav,1.19,0.0
praat6_ac_auto,phone_F1.wav,1.2,0.0
praat6_ac_auto,phone_F1.wav,1.21,0.0
praat6_ac_auto,phone_F1.wav,1.22,0.0
praat6_ac_auto,phone_F1.wav,1.23,200.12544281747546
praat6_ac_auto,phone_F1.wav,1.24,188.4213971279063
praat6_ac_auto,phone_F1.wav,1.25,184.72934465376173
praat6_ac_auto,phone_F1.wav,1.26,181.2326852217293
praat6_ac_auto,phone_F1.wav,1.27,179.18735096769018
praat6_ac_auto,phone_F1.wav,1.28,182.08260214464843
praat6_ac_auto,phone_F1.wav,1.29,183.4752480396413
praat6_ac_auto,phone_F1.wav,1.3,182.09166678242565
praat6_ac_auto,phone_F1.wav,1.31,182.2525219947916
praat6_ac_auto,phone_F1.wav,1.32,181.18803089681606
praat6_ac_auto,phone_F1.wav,1.33,180.38690871526293
praat6_ac_auto,phone_F1.wav,1.34,176.52505208110915
praat6_ac_auto,phone_F1.wav,1.35,161.2175163178297
praat6_ac_auto,phone_F1.wav,1.36,0.0
praat6_ac_auto,phone_F1.wav,1.37,0.0
praat6_ac_auto,phone_F1.wav,1.3800000000000001,0.0
praat6_ac_auto,phone_F1.wav,1.3900000000000001,0.0
praat6_ac_auto,phone_F1.wav,1.4000000000000001,0.0
praat6_ac_auto,phone_F1.wav,1.4100000000000001,0.0
praat6_ac_auto,phone_F1.wav,1.4200000000000002,0.0
praat6_ac_auto,phone_F1.wav,1.43,0.0
praat6_ac_auto,phone_F1.wav,1.44,0.0
praat6_ac_auto,phone_F1.wav,1.45,0.0
praat6_ac_auto,phone_F1.wav,1.46,220.71962773812794
praat6_ac_auto,phone_F1.wav,1.47,211.34698887044974
praat6_ac_auto,phone_F1.wav,1.48,204.17057825284573
praat6_ac_auto,phone_F1.wav,1.49,199.94899420760999
praat6_ac_auto,phone_F1.wav,1.5,197.3124180473432
praat6_ac_auto,phone_F1.wav,1.51,195.66107998434447
praat6_ac_auto,phone_F1.wav,1.52,194.39216541376413
praat6_ac_auto,phone_F1.wav,1.53,193.05199627296352
praat6_ac_auto,phone_F1.wav,1.54,191.67338740917998
praat6_ac_auto,phone_F1.wav,1.55,190.2271607467844
praat6_ac_auto,phone_F1.wav,1.56,188.11031489358672
praat6_ac_auto,phone_F1.wav,1.57,186.43588616694333
praat6_ac_auto,phone_F1.wav,1.58,186.63715030922765
praat6_ac_auto,phone_F1.wav,1.59,0.0
praat6_ac_auto,phone_F1.wav,1.6,0.0
praat6_ac_auto,phone_F1.wav,1.61,0.0
praat6_ac_auto,phone_F1.wav,1.62,0.0
praat6_ac_auto,phone_F1.wav,1.6300000000000001,0.0
praat6_ac_auto,phone_F1.wav,1.6400000000000001,0.0
praat6_ac_auto,phone_F1.wav,1.6500000000000001,238.4685634799633
praat6_ac_auto,phone_F1.wav,1.6600000000000001,241.10456590156676
praat6_ac_auto,phone_F1.wav,1.6700000000000002,242.4447633089571
praat6_ac_auto,phone_F1.wav,1.6800000000000002,245.37051468586853
praat6_ac_auto,phone_F1.wav,1.69,253.29602610489027
praat6_ac_auto,phone_F1.wav,1.7,0.0
praat6_ac_auto,phone_F1.wav,1.71,0.0
praat6_ac_auto,phone_F1.wav,1.72,0.0
praat6_ac_auto,phone_F1.wav,1.73,0.0
praat6_ac_auto,phone_F1.wav,1.74,0.0
praat6_ac_auto,phone_F1.wav,1.75,0.0
praat6_ac_auto,phone_F1.wav,1.76,0.0
praat6_ac_auto,phone_F1.wav,1.77,0.0
praat6_ac_auto,phone_F1.wav,1.78,0.0
praat6_ac_auto,phone_F1.wav,1.79,0.0
praat6_ac_auto,phone_F1.wav,1.8,0.0
praat6_ac_auto,phone_F1.wav,1.81,0.0
praat6_ac_auto,phone_F1.wav,1.82,0.0
praat6_ac_auto,phone_F1.wav,1.83,229.2857472519703
praat6_ac_auto,phone_F1.wav,1.84,228.2161454583789
praat6_ac_auto,phone_F1.wav,1.85,213.8469192026477
praat6_ac_auto,phone_F1.wav,1.86,209.04803107624704
praat6_ac_auto,phone_F1.wav,1.87,206.3319918437136
praat6_ac_auto,phone_F1.wav,1.8800000000000001,203.97584876156316
praat6_ac_auto,phone_F1.wav,1.8900000000000001,200.54954120152243
praat6_ac_auto,phone_F1.wav,1.9000000000000001,202.74374887587655
praat6_ac_auto,phone_F1.wav,1.9100000000000001,219.67305417090463
praat6_ac_auto,phone_F1.wav,1.9200000000000002,222.2715206735232
praat6_ac_auto,phone_F1.wav,1.9300000000000002,226.7419861366831
praat6_ac_auto,phone_F1.wav,1.94,226.00593805236258
praat6_ac_auto,phone_F1.wav,1.95,224.14659178132763
praat6_ac_auto,phone_F1.wav,1.96,223.30350702837285
praat6_ac_auto,phone_F1.wav,1.97,222.42679817758162
praat6_ac_auto,phone_F1.wav,1.98,220.86069522220893
praat6_ac_auto,phone_F1.wav,1.99,218.9676720645348
praat6_ac_auto,phone_F1.wav,2.0,217.1410229403073
praat6_ac_auto,phone_F1.wav,2.0100000000000002,214.54224413417484
praat6_ac_auto,phone_F1.wav,2.02,211.52602179598478
praat6_ac_auto,phone_F1.wav,2.0300000000000002,209.29135959419563
praat6_ac_auto,phone_F1.wav,2.04,193.91855550057886
praat6_ac_auto,phone_F1.wav,2.0500000000000003,189.48147400476844
praat6_ac_auto,phone_F1.wav,2.06,190.06641297147036
praat6_ac_auto,phone_F1.wav,2.07,190.37326389318466
praat6_ac_auto,phone_F1.wav,2.08,205.4814344348039
praat6_ac_auto,phone_F1.wav,2.09,204.69931744713685
praat6_ac_auto,phone_F1.wav,2.1,202.26369281101697
praat6_ac_auto,phone_F1.wav,2.11,200.7752322956499
praat6_ac_auto,phone_F1.wav,2.12,199.3193031829207
praat6_ac_auto,phone_F1.wav,2.13,197.29366777268197
praat6_ac_auto,phone_F1.wav,2.14,196.28694475055852
praat6_ac_auto,phone_F1.wav,2.15,195.40831264426862
praat6_ac_auto,phone_F1.wav,2.16,193.95415481109484
praat6_ac_auto,phone_F1.wav,2.17,193.11998750206482
praat6_ac_auto,phone_F1.wav,2.18,191.1093330558372
praat6_ac_auto,phone_F1.wav,2.19,189.06424244933407
praat6_ac_auto,phone_F1.wav,2.2,188.5565171576133
praat6_ac_auto,phone_F1.wav,2.21,0.0
praat6_ac_auto,phone_F1.wav,2.22,0.0
praat6_ac_auto,phone_F1.wav,2.23,0.0
praat6_ac_auto,phone_F1.wav,2.24,0.0
praat6_ac_auto,phone_F1.wav,2.25,0.0
praat6_ac_auto,phone_F1.wav,2.2600000000000002,0.0
praat6_ac_auto,phone_F1.wav,2.27,0.0
praat6_ac_auto,phone_F1.wav,2.2800000000000002,0.0
praat6_ac_auto,phone_F1.wav,2.29,234.8262905637836
praat6_ac_auto,phone_F1.wav,2.3000000000000003,234.1725092516993
praat6_ac_auto,phone_F1.wav,2.31,235.64242025567114
praat6_ac_auto,phone_F1.wav,2.3200000000000003,238.78733445967313
praat6_ac_auto,phone_F1.wav,2.33,241.4882196588201
praat6_ac_auto,phone_F1.wav,2.34,241.6431181677844
praat6_ac_auto,phone_F1.wav,2.35,0.0
praat6_ac_auto,phone_F1.wav,2.36,0.0
praat6_ac_auto,phone_F1.wav,2.37,0.0
praat6_ac_auto,phone_F1.wav,2.38,0.0
praat6_ac_auto,phone_F1.wav,2.39,0.0
praat6_ac_auto,phone_F1.wav,2.4,0.0
praat6_ac_auto,phone_F1.wav,2.41,254.66775221706976
praat6_ac_auto,phone_F1.wav,2.42,241.27905034114033
praat6_ac_auto,phone_F1.wav,2.43,220.03501849820418
praat6_ac_auto,phone_F1.wav,2.44,202.388269822299
praat6_ac_auto,phone_F1.wav,2.45,192.17126771254416
praat6_ac_auto,phone_F1.wav,2.46,193.2049205985575
praat6_ac_auto,phone_F1.wav,2.47,193.79189113053926
praat6_ac_auto,phone_F1.wav,2.48,191.3550599082113
praat6_ac_auto,phone_F1.wav,2.49,194.0035223653523
praat6_ac_auto,phone_F1.wav,2.5,0.0
praat6_ac_auto,phone_F1.wav,2.5100000000000002,0.0
praat6_ac_auto,phone_F1.wav,2.52,0.0
praat6_ac_auto,phone_F1.wav,2.5300000000000002,0.0
praat6_ac_auto,phone_F1.wav,2.54,0.0
praat6_ac_auto,phone_F1.wav,2.5500000000000003,0.0
praat6_ac_auto,phone_F1.wav,2.56,0.0
praat6_ac_auto,phone_F1.wav,2.5700000000000003,0.0
praat6_ac_auto,phone_F1.wav,2.58,0.0
praat6_ac_auto,phone_F1.wav,2.59,0.0
praat6_ac_auto,phone_F1.wav,2.6,0.0
praat6_ac_auto,phone_F1.wav,2.61,0.0
praat6_ac_auto,phone_F1.wav,2.62,0.0
praat6_ac_auto,phone_F1.wav,2.63,0.0
praat6_ac_auto,phone_F1.wav,2.64,0.0
praat6_ac_auto,phone_F1.wav,2.65,0.0
praat6_ac_auto,phone_F1.wav,2.66,220.48224679310502
praat6_ac_auto,phone_F1.wav,2.67,202.79398711678587
praat6_ac_auto,phone_F1.wav,2.68,199.01674885482595
praat6_ac_auto,phone_F1.wav,2.69,196.39640827282213
praat6_ac_auto,phone_F1.wav,2.7,194.20362914790059
praat6_ac_auto,phone_F1.wav,2.71,191.32252075756853
praat6_ac_auto,phone_F1.wav,2.72,188.3020859334807
praat6_ac_auto,phone_F1.wav,2.73,184.94381970314518
praat6_ac_auto,phone_F1.wav,2.74,0.0
praat6_ac_auto,phone_F1.wav,2.75,0.0
praat6_ac_auto,phone_F1.wav,2.7600000000000002,0.0
praat6_ac_auto,phone_F1.wav,2.77,0.0
praat6_ac_auto,phone_F1.wav,2.7800000000000002,0.0
praat6_ac_auto,phone_F1.wav,2.79,0.0
praat6_ac_auto,phone_F1.wav,2.8000000000000003,0.0
praat6_ac_auto,phone_F1.wav,2.81,0.0
praat6_ac_auto,phone_F1.wav,2.8200000000000003,0.0
praat6_ac_auto,phone_F1.wav,2.83,0.0
praat6_ac_auto,phone_F1.wav,2.84,0.0
praat6_ac_auto,phone_F1.wav,2.85,0.0
praat6_ac_auto,phone_F1.wav,2.86,0.0
praat6_ac_auto,phone_F1.wav,2.87,0.0
praat6_ac_auto,phone_F1.wav,2.88,0.0
praat6_ac_auto,phone_F1.wav,2.89,0.0
praat6_ac_auto,phone_F1.wav,2.9,0.0
praat6_ac_auto,phone_F1.wav,2.91,0.0
praat6_ac_auto,phone_F1.wav,2.92,0.0
praat6_ac_auto,phone_F1.wav,2.93,0.0
praat6_ac_auto,phone_F1.wav,2.94,0.0
praat6_ac_auto,phone_F1.wav,2.95,0.0
praat6_ac_auto,phone_F1.wav,2.96,0.0
praat6_ac_auto,phone_F1.wav,2.97,0.0
praat6_ac_auto,phone_F1.wav,2.98,0.0
praat6_ac_auto,phone_F1.wav,2.99,0.0
praat6_ac_auto,phone_F1.wav,3.0,0.0
praat6_ac_auto,phone_F1.wav,3.0100000000000002,0.0
praat6_ac_auto,phone_F1.wav,3.02,0.0
praat6_ac_auto,phone_F1.wav,3.0300000000000002,0.0
praat6_ac_auto,phone_F1.wav,3.04,0.0
praat6_ac_auto,phone_F1.wav,3.0500000000000003,0.0
praat6_ac_auto,phone_F1.wav,3.06,0.0
praat6_ac_auto,phone_F1.wav,3.0700000000000003,0.0
praat6_ac_auto,phone_F1.wav,3.08,0.0
praat6_ac_auto,phone_F1.wav,3.0900000000000003,0.0
praat6_ac_auto,phone_F1.wav,3.1,0.0
praat6_ac_auto,phone_F1.wav,3.11,0.0
praat6_ac_auto,phone_F1.wav,3.12,0.0
praat6_ac_auto,phone_F1.wav,3.13,0.0
praat6_ac_auto,phone_F1.wav,3.14,0.0
praat6_ac_auto,phone_F1.wav,3.15,0.0
praat6_ac_auto,phone_F1.wav,3.16,389.5027774958585
praat6_ac_auto,phone_F1.wav,3.17,392.0610612123884
praat6_ac_auto,phone_F1.wav,3.18,396.0391854589021
praat6_ac_auto,phone_F1.wav,3.19,396.92158509936917
praat6_ac_auto,phone_F1.wav,3.2,0.0
praat6_ac_auto,phone_F1.wav,3.21,0.0
praat6_ac_auto,phone_F1.wav,3.22,0.0
praat6_ac_10ms,phone_F1.wav,0.020000000000000125,0.0
praat6_ac_10ms,phone_F1.wav,0.030000000000000124,0.0
praat6_ac_10ms,phone_F1.wav,0.040000000000000126,0.0
praat6_ac_10ms,phone_F1.wav,0.05000000000000013,0.0
praat6_ac_10ms,phone_F1.wav,0.06000000000000012,0.0
praat6_ac_10ms,phone_F1.wav,0.07000000000000013,0.0
praat6_ac_10ms,phone_F1.wav,0.08000000000000013,0.0
praat6_ac_10ms,phone_F1.wav,0.09000000000000014,0.0
praat6_ac_10ms,phone_F1.wav,0.10000000000000013,0.0
praat6_ac_10ms,phone_F1.wav,0.11000000000000013,0.0
praat6_ac_10ms,phone_F1.wav,0.12000000000000013,0.0
praat6_ac_10ms,phone_F1.wav,0.13000000000000012,0.0
praat6_ac_10ms,phone_F1.wav,0.14000000000000012,0.0
praat6_ac_10ms,phone_F1.wav,0.15000000000000013,0.0
praat6_ac_10ms,phone_F1.wav,0.16000000000000014,0.0
praat6_ac_10ms,phone_F1.wav,0.17000000000000012,0.0
praat6_ac_10ms,phone_F1.wav,0.18000000000000013,0.0
praat6_ac_10ms,phone_F1.wav,0.19000000000000014,0.0
praat6_ac_10ms,phone_F1.wav,0.20000000000000012,0.0
praat6_ac_10ms,phone_F1.wav,0.21000000000000013,0.0
praat6_ac_10ms,phone_F1.wav,0.22000000000000014,0.0
praat6_ac_10ms,phone_F1.wav,0.23000000000000012,0.0
praat6_ac_10ms,phone_F1.wav,0.24000000000000013,0.0
praat6_ac_10ms,phone_F1.wav,0.2500000000000001,0.0
praat6_ac_10ms,phone_F1.wav,0.2600000000000001,0.0
praat6_ac_10ms,phone_F1.wav,0.27000000000000013,0.0
praat6_ac_10ms,phone_F1.wav,0.28000000000000014,0.0
praat6_ac_10ms,phone_F1.wav,0.29000000000000015,0.0
praat6_ac_10ms,phone_F1.wav,0.30000000000000016,0.0
praat6_ac_10ms,phone_F1.wav,0.3100000000000001,0.0
praat6_ac_10ms,phone_F1.wav,0.3200000000000001,0.0
praat6_ac_10ms,phone_F1.wav,0.3300000000000001,0.0
praat6_ac_10ms,phone_F1.wav,0.34000000000000014,0.0
praat6_ac_10ms,phone_F1.wav,0.35000000000000014,0.0
praat6_ac_10ms,phone_F1.wav,0.36000000000000015,0.0
praat6_ac_10ms,phone_F1.wav,0.37000000000000016,0.0
praat6_ac_10ms,phone_F1.wav,0.3800000000000001,0.0
praat6_ac_10ms,phone_F1.wav,0.3900000000000001,0.0
praat6_ac_10ms,phone_F1.wav,0.40000000000000013,0.0
praat6_ac_10ms,phone_F1.wav,0.41000000000000014,0.0
praat6_ac_10ms,phone_F1.wav,0.42000000000000015,0.0
praat6_ac_10ms,phone_F1.wav,0.43000000000000016,0.0
praat6_ac_10ms,phone_F1.wav,0.4400000000000001,0.0
praat6_ac_10ms,phone_F1.wav,0.4500000000000001,0.0
praat6_ac_10ms,phone_F1.wav,0.46000000000000013,0.0
praat6_ac_10ms,phone_F1.wav,0.47000000000000014,0.0
praat6_ac_10ms,phone_F1.wav,0.48000000000000015,0.0
praat6_ac_10ms,phone_F1.wav,0.49000000000000016,0.0
praat6_ac_10ms,phone_F1.wav,0.5000000000000001,0.0
praat6_ac_10ms,phone_F1.wav,0.5100000000000001,0.0
praat6_ac_10ms,phone_F1.wav,0.5200000000000001,0.0
praat6_ac_10ms,phone_F1.wav,0.5300000000000001,0.0
praat6_ac_10ms,phone_F1.wav,0.5400000000000001,0.0
praat6_ac_10ms,phone_F1.wav,0.5500000000000002,225.89713413940345
praat6_ac_10ms,phone_F1.wav,0.5600000000000002,222.43707845205597
praat6_ac_10ms,phone_F1.wav,0.5700000000000002,217.21051089583938
praat6_ac_10ms,phone_F1.wav,0.5800000000000002,218.27170986783568
praat6_ac_10ms,phone_F1.wav,0.5900000000000002,218.29657950050802
praat6_ac_10ms,phone_F1.wav,0.6000000000000001,218.13032713822668
praat6_ac_10ms,phone_F1.wav,0.6100000000000001,218.57050842443792
praat6_ac_10ms,phone_F1.wav,0.6200000000000001,221.77712598279876
praat6_ac_10ms,phone_F1.wav,0.6300000000000001,225.28124955319225
praat6_ac_10ms,phone_F1.wav,0.6400000000000001,229.0992582728699
praat6_ac_10ms,phone_F1.wav,0.6500000000000001,231.4885840686092
praat6_ac_10ms,phone_F1.wav,0.6600000000000001,230.9357367882904
praat6_ac_10ms,phone_F1.wav,0.6700000000000002,228.2571588067936
praat6_ac_10ms,phone_F1.wav,0.6800000000000002,227.96133632808358
praat6_ac_10ms,phone_F1.wav,0.6900000000000002,229.09601028687624
praat6_ac_10ms,phone_F1.wav,0.7000000000000002,229.86686495518344
praat6_ac_10ms,phone_F1.wav,0.7100000000000002,230.74584861634526
praat6_ac_10ms,phone_F1.wav,0.7200000000000002,231.8157448325816
praat6_ac_10ms,phone_F1.wav,0.7300000000000001,232.65792400892414
praat6_ac_10ms,phone_F1.wav,0.7400000000000001,231.52095767265055
praat6_ac_10ms,phone_F1.wav,0.7500000000000001,231.441913889843
praat6_ac_10ms,phone_F1.wav,0.7600000000000001,234.15268564377163
praat6_ac_10ms,phone_F1.wav,0.7700000000000001,230.70788200911906
praat6_ac_10ms,phone_F1.wav,0.7800000000000001,227.25719167477882
praat6_ac_10ms,phone_F1.wav,0.7900000000000001,221.63693694609117
praat6_ac_10ms,phone_F1.wav,0.8000000000000002,217.0418581792812
praat6_ac_10ms,phone_F1.wav,0.8100000000000002,235.38451320538252
praat6_ac_10ms,phone_F1.wav,0.8200000000000002,234.72588985051982
praat6_ac_10ms,phone_F1.wav,0.8300000000000002,235.08572841066808
praat6_ac_10ms,phone_F1.wav,0.8400000000000002,236.04141271419212
praat6_ac_10ms,phone_F1.wav,0.8500000000000002,238.9028901314827
praat6_ac_10ms,phone_F1.wav,0.8600000000000001,241.30328754065593
praat6_ac_10ms,phone_F1.wav,0.8700000000000001,241.99506648173113
praat6_ac_10ms,phone_F1.wav,0.8800000000000001,242.60544138343715
praat6_ac_10ms,phone_F1.wav,0.8900000000000001,247.75779473267252
praat6_ac_10ms,phone_F1.wav,0.9000000000000001,249.72326551613878
praat6_ac_10ms,phone_F1.wav,0.9100000000000001,248.54724321703148
praat6_ac_10ms,phone_F1.wav,0.9200000000000002,247.75410072705216
praat6_ac_10ms,phone_F1.wav,0.9300000000000002,245.0964450407743
praat6_ac_10ms,phone_F1.wav,0.9400000000000002,244.22934295981588
praat6_ac_10ms,phone_F1.wav,0.9500000000000002,241.12372580848867
praat6_ac_10ms,phone_F1.wav,0.9600000000000002,236.76583776536842
praat6_ac_10ms,phone_F1.wav,0.9700000000000002,229.00654663577225
praat6_ac_10ms,phone_F1.wav,0.9800000000000001,218.36080741715136
praat6_ac_10ms,phone_F1.wav,0.9900000000000001,219.32679998970605
praat6_ac_10ms,phone_F1.wav,1.0,233.48698671570597
praat6_ac_10ms,phone_F1.wav,1.01,234.18476713490963
praat6_ac_10ms,phone_F1.wav,1.02,233.38219774117684
praat6_ac_10ms,phone_F1.wav,1.03,228.28648853748763
praat6_ac_10ms,phone_F1.wav,1.04,226.1593370955079
praat6_ac_10ms,phone_F1.wav,1.05,226.6813660098725
praat6_ac_10ms,phone_F1.wav,1.06,226.79105860515824
praat6_ac_10ms,phone_F1.wav,1.07,229.99970568693192
praat6_ac_10ms,phone_F1.wav,1.08,236.53791230567347
praat6_ac_10ms,phone_F1.wav,1.09,243.96049800871566
praat6_ac_10ms,phone_F1.wav,1.1,246.15825045329476
praat6_ac_10ms,phone_F1.wav,1.11,244.98866458435938
praat6_ac_10ms,phone_F1.wav,1.12,244.09075563766476
praat6_ac_10ms,phone_F1.wav,1.1300000000000001,240.22665280577766
praat6_ac_10ms,phone_F1.wav,1.1400000000000001,236.5804154756161
praat6_ac_10ms,phone_F1.wav,1.1500000000000001,0.0
praat6_ac_10ms,phone_F1.wav,1.1600000000000001,0.0
praat6_ac_10ms,phone_F1.wav,1.1700000000000002,0.0
praat6_ac_10ms,phone_F1.wav,1.18,0.0
praat6_ac_10ms,phone_F1.wav,1.19,0.0
praat6_ac_10ms,phone_F1.wav,1.2,0.0
praat6_ac_10ms,phone_F1.wav,1.21,0.0
praat6_ac_10ms,phone_F1.wav,1.22,0.0
praat6_ac_10ms,phone_F1.wav,1.23,200.12544281747546
praat6_ac_10ms,phone_F1.wav,1.24,188.4213971279063
praat6_ac_10ms,phone_F1.wav,1.25,184.72934465376173
praat6_ac_10ms,phone_F1.wav,1.26,181.2326852217293
praat6_ac_10ms,phone_F1.wav,1.27,179.18735096769018
praat6_ac_10ms,phone_F1.wav,1.28,182.08260214464843
praat6_ac_10ms,phone_F1.wav,1.29,183.4752480396413
praat6_ac_10ms,phone_F1.wav,1.3,182.09166678242565
praat6_ac_10ms,phone_F1.wav,1.31,182.2525219947916
praat6_ac_10ms,phone_F1.wav,1.32,181.18803089681606
praat6_ac_10ms,phone_F1.wav,1.33,180.38690871526293
praat6_ac_10ms,phone_F1.wav,1.34,176.52505208110915
praat6_ac_10ms,phone_F1.wav,1.35,161.2175163178297
praat6_ac_10ms,phone_F1.wav,1.36,0.0
praat6_ac_10ms,phone_F1.wav,1.37,0.0
praat6_ac_10ms,phone_F1.wav,1.3800000000000001,0.0
praat6_ac_10ms,phone_F1.wav,1.3900000000000001,0.0
praat6_ac_10ms,phone_F1.wav,1.4000000000000001,0.0
praat6_ac_10ms,phone_F1.wav,1.4100000000000001,0.0
praat6_ac_10ms,phone_F1.wav,1.4200000000000002,0.0
praat6_ac_10ms,phone_F1.wav,1.43,0.0
praat6_ac_10ms,phone_F1.wav,1.44,0.0
praat6_ac_10ms,phone_F1.wav,1.45,0.0
praat6_ac_10ms,phone_F1.wav,1.46,220.71962773812794
praat6_ac_10ms,phone_F1.wav,1.47,211.34698887044974
praat6_ac_10ms,phone_F1.wav,1.48,204.17057825284573
praat6_ac_10ms,phone_F1.wav,1.49,199.94899420760999
praat6_ac_10ms,phone_F1.wav,1.5,197.3124180473432
praat6_ac_10ms,phone_F1.wav,1.51,195.66107998434447
praat6_ac_10ms,phone_F1.wav,1.52,194.39216541376413
praat6_ac_10ms,phone_F1.wav,1.53,193.05199627296352
praat6_ac_10ms,phone_F1.wav,1.54,191.67338740917998
praat6_ac_10ms,phone_F1.wav,1.55,190.2271607467844
praat6_ac_10ms,phone_F1.wav,1.56,188.11031489358672
praat6_ac_10ms,phone_F1.wav,1.57,186.43588616694333
praat6_ac_10ms,phone_F1.wav,1.58,186.63715030922765
praat6_ac_10ms,phone_F1.wav,1.59,0.0
praat6_ac_10ms,phone_F1.wav,1.6,0.0
praat6_ac_10ms,phone_F1.wav,1.61,0.0
praat6_ac_10ms,phone_F1.wav,1.62,0.0
praat6_ac_10ms,phone_F1.wav,1.6300000000000001,0.0
praat6_ac_10ms,phone_F1.wav,1.6400000000000001,0.0
praat6_ac_10ms,phone_F1.wav,1.6500000000000001,238.4685634799633
praat6_ac_10ms,phone_F1.wav,1.6600000000000001,241.10456590156676
praat6_ac_10ms,phone_F1.wav,1.6700000000000002,242.4447633089571
praat6_ac_10ms,phone_F1.wav,1.6800000000000002,245.37051468586853
praat6_ac_10ms,phone_F1.wav,1.69,253.29602610489027
praat6_ac_10ms,phone_F1.wav,1.7,0.0
praat6_ac_10ms,phone_F1.wav,1.71,0.0
praat6_ac_10ms,phone_F1.wav,1.72,0.0
praat6_ac_10ms,phone_F1.wav,1.73,0.0
praat6_ac_10ms,phone_F1.wav,1.74,0.0
praat6_ac_10ms,phone_F1.wav,1.75,0.0
praat6_ac_10ms,phone_F1.wav,1.76,0.0
praat6_ac_10ms,phone_F1.wav,1.77,0.0
praat6_ac_10ms,phone_F1.wav,1.78,0.0
praat6_ac_10ms,phone_F1.wav,1.79,0.0
praat6_ac_10ms,phone_F1.wav,1.8,0.0
praat6_ac_10ms,phone_F1.wav,1.81,0.0
praat6_ac_10ms,phone_F1.wav,1.82,0.0
praat6_ac_10ms,phone_F1.wav,1.83,229.2857472519703
praat6_ac_10ms,phone_F1.wav,1.84,228.2161454583789
praat6_ac_10ms,phone_F1.wav,1.85,213.8469192026477
praat6_ac_10ms,phone_F1.wav,1.86,209.04803107624704
praat6_ac_10ms,phone_F1.wav,1.87,206.3319918437136
praat6_ac_10ms,phone_F1.wav,1.8800000000000001,203.97584876156316
praat6_ac_10ms,phone_F1.wav,1.8900000000000001,200.54954120152243
praat6_ac_10ms,phone_F1.wav,1.9000000000000001,202.74374887587655
praat6_ac_10ms,phone_F1.wav,1.9100000000000001,219.67305417090463
praat6_ac_10ms,phone_F1.wav,1.9200000000000002,222.2715206735232
praat6_ac_10ms,phone_F1.wav,1.9300000000000002,226.7419861366831
praat6_ac_10ms,phone_F1.wav,1.94,226.00593805236258
praat6_ac_10ms,phone_F1.wav,1.95,224.14659178132763
praat6_ac_10ms,phone_F1.wav,1.96,223.30350702837285
praat6_ac_10ms,phone_F1.wav,1.97,222.42679817758162
praat6_ac_10ms,phone_F1.wav,1.98,220.86069522220893
praat6_ac_10ms,phone_F1.wav,1.99,218.9676720645348
praat6_ac_10ms,phone_F1.wav,2.0,217.1410229403073
praat6_ac_10ms,phone_F1.wav,2.0100000000000002,214.54224413417484
praat6_ac_10ms,phone_F1.wav,2.02,211.52602179598478
praat6_ac_10ms,phone_F1.wav,2.0300000000000002,209.29135959419563
praat6_ac_10ms,phone_F1.wav,2.04,193.91855550057886
praat6_ac_10ms,phone_F1.wav,2.0500000000000003,189.48147400476844
praat6_ac_10ms,phone_F1.wav,2.06,190.06641297147036
praat6_ac_10ms,phone_F1.wav,2.07,190.37326389318466
praat6_ac_10ms,phone_F1.wav,2.08,205.4814344348039
praat6_ac_10ms,phone_F1.wav,2.09,204.69931744713685
praat6_ac_10ms,phone_F1.wav,2.1,202.26369281101697
praat6_ac_10ms,phone_F1.wav,2.11,200.7752322956499
praat6_ac_10ms,phone_F1.wav,2.12,199.3193031829207
praat6_ac_10ms,phone_F1.wav,2.13,197.29366777268197
praat6_ac_10ms,phone_F1.wav,2.14,196.28694475055852
praat6_ac_10ms,phone_F1.wav,2.15,195.40831264426862
praat6_ac_10ms,phone_F1.wav,2.16,193.95415481109484
praat6_ac_10ms,phone_F1.wav,2.17,193.11998750206482
praat6_ac_10ms,phone_F1.wav,2.18,191.1093330558372
praat6_ac_10ms,phone_F1.wav,2.19,189.06424244933407
praat6_ac_10ms,phone_F1.wav,2.2,188.5565171576133
praat6_ac_10ms,phone_F1.wav,2.21,0.0
praat6_ac_10ms,phone_F1.wav,2.22,0.0
praat6_ac_10ms,phone_F1.wav,2.23,0.0
praat6_ac_10ms,phone_F1.wav,2.24,0.0
praat6_ac_10ms,phone_F1.wav,2.25,0.0
praat6_ac_10ms,phone_F1.wav,2.2600000000000002,0.0
praat6_ac_10ms,phone_F1.wav,2.27,0.0
praat6_ac_10ms,phone_F1.wav,2.2800000000000002,0.0
praat6_ac_10ms,phone_F1.wav,2.29,234.8262905637836
praat6_ac_10ms,phone_F1.wav,2.3000000000000003,234.1725092516993
praat6_ac_10ms,phone_F1.wav,2.31,235.64242025567114
praat6_ac_10ms,phone_F1.wav,2.3200000000000003,238.78733445967313
praat6_ac_10ms,phone_F1.wav,2.33,241.4882196588201
praat6_ac_10ms,phone_F1.wav,2.34,241.6431181677844
praat6_ac_10ms,phone_F1.wav,2.35,0.0
praat6_ac_10ms,phone_F1.wav,2.36,0.0
praat6_ac_10ms,phone_F1.wav,2.37,0.0
praat6_ac_10ms,phone_F1.wav,2.38,0.0
praat6_ac_10ms,phone_F1.wav,2.39,0.0
praat6_ac_10ms,phone_F1.wav,2.4,0.0
praat6_ac_10ms,phone_F1.wav,2.41,254.66775221706976
praat6_ac_10ms,phone_F1.wav,2.42,241.27905034114033
praat6_ac_10ms,phone_F1.wav,2.43,220.03501849820418
praat6_ac_10ms,phone_F1.wav,2.44,202.388269822299
praat6_ac_10ms,phone_F1.wav,2.45,192.17126771254416
praat6_ac_10ms,phone_F1.wav,2.46,193.2049205985575
praat6_ac_10ms,phone_F1.wav,2.47,193.79189113053926
praat6_ac_10ms,phone_F1.wav,2.48,191.3550599082113
praat6_ac_10ms,phone_F1.wav,2.49,194.0035223653523
praat6_ac_10ms,phone_F1.wav,2.5,0.0
praat6_ac_10ms,phone_F1.wav,2.5100000000000002,0.0
praat6_ac_10ms,phone_F1.wav,2.52,0.0
praat6_ac_10ms,phone_F1.wav,2.5300000000000002,0.0
praat6_ac_10ms,phone_F1.wav,2.54,0.0
praat6_ac_10ms,phone_F1.wav,2.5500000000000003,0.0
praat6_ac_10ms,phone_F1.wav,2.56,0.0
praat6_ac_10ms,phone_F1.wav,2.5700000000000003,0.0
praat6_ac_10ms,phone_F1.wav,2.58,0.0
praat6_ac_10ms,phone_F1.wav,2.59,0.0
praat6_ac_10ms,phone_F1.wav,2.6,0.0
praat6_ac_10ms,phone_F1.wav,2.61,0.0
praat6_ac_10ms,phone_F1.wav,2.62,0.0
praat6_ac_10ms,phone_F1.wav,2.63,0.0
praat6_ac_10ms,phone_F1.wav,2.64,0.0
praat6_ac_10ms,phone_F1.wav,2.65,0.0
praat6_ac_10ms,phone_F1.wav,2.66,220.48224679310502
praat6_ac_10ms,phone_F1.wav,2.67,202.79398711678587
praat6_ac_10ms,phone_F1.wav,2.68,199.01674885482595
praat6_ac_10ms,phone_F1.wav,2.69,196.39640827282213
praat6_ac_10ms,phone_F1.wav,2.7,194.20362914790059
praat6_ac_10ms,phone_F1.wav,2.71,191.32252075756853
praat6_ac_10ms,phone_F1.wav,2.72,188.3020859334807
praat6_ac_10ms,phone_F1.wav,2.73,184.94381970314518
praat6_ac_10ms,phone_F1.wav,2.74,0.0
praat6_ac_10ms,phone_F1.wav,2.75,0.0
praat6_ac_10ms,phone_F1.wav,2.7600000000000002,0.0
praat6_ac_10ms,phone_F1.wav,2.77,0.0
praat6_ac_10ms,phone_F1.wav,2.7800000000000002,0.0
praat6_ac_10ms,phone_F1.wav,2.79,0.0
praat6_ac_10ms,phone_F1.wav,2.8000000000000003,0.0
praat6_ac_10ms,phone_F1.wav,2.81,0.0
praat6_ac_10ms,phone_F1.wav,2.8200000000000003,0.0
praat6_ac_10ms,phone_F1.wav,2.83,0.0
praat6_ac_10ms,phone_F1.wav,2.84,0.0
praat6_ac_10ms,phone_F1.wav,2.85,0.0
praat6_ac_10ms,phone_F1.wav,2.86,0.0
praat6_ac_10ms,phone_F1.wav,2.87,0.0
praat6_ac_10ms,phone_F1.wav,2.88,0.0
praat6_ac_10ms,phone_F1.wav,2.89,0.0
praat6_ac_10ms,phone_F1.wav,2.9,0.0
praat6_ac_10ms,phone_F1.wav,2.91,0.0
praat6_ac_10ms,phone_F1.wav,2.92,0.0
praat6_ac_10ms,phone_F1.wav,2.93,0.0
praat6_ac_10ms,phone_F1.wav,2.94,0.0
praat6_ac_10ms,phone_F1.wav,2.95,0.0
praat6_ac_10ms,phone_F1.wav,2.96,0.0
praat6_ac_10ms,phone_F1.wav,2.97,0.0
praat6_ac_10ms,phone_F1.wav,2.98,0.0
praat6_ac_10ms,phone_F1.wav,2.99,0.0
praat6_ac_10ms,phone_F1.wav,3.0,0.0
praat6_ac_10ms,phone_F1.wav,3.0100000000000002,0.0
praat6_ac_10ms,phone_F1.wav,3.02,0.0
praat6_ac_10ms,phone_F1.wav,3.0300000000000002,0.0
praat6_ac_10ms,phone_F1.wav,3.04,0.0
praat6_ac_10ms,phone_F1.wav,3.0500000000000003,0.0
praat6_ac_10ms,phone_F1.wav,3.06,0.0
praat6_ac_10ms,phone_F1.wav,3.0700000000000003,0.0
praat6_ac_10ms,phone_F1.wav,3.08,0.0
praat6_ac_10ms,phone_F1.wav,3.0900000000000003,0.0
praat6_ac_10ms,phone_F1.wav,3.1,0.0
praat6_ac_10ms,phone_F1.wav,3.11,0.0
praat6_ac_10ms,phone_F1.wav,3.12,0.0
praat6_ac_10ms,phone_F1.wav,3.13,0.0
praat6_ac_10ms,phone_F1.wav,3.14,0.0
praat6_ac_10ms,phone_F1.wav,3.15,0.0
praat6_ac_10ms,phone_F1.wav,3.16,389.5027774958585
praat6_ac_10ms,phone_F1.wav,3.17,392.0610612123884
praat6_ac_10ms,phone_F1.wav,3.18,396.0391854589021
praat6_ac_10ms,phone_F1.wav,3.19,396.92158509936917
praat6_ac_10ms,phone_F1.wav,3.2,0.0
praat6_ac_10ms,phone_F1.wav,3.21,0.0
praat6_ac_10ms,phone_F1.wav,3.22,0.0
praat6_cc_auto,phone_F1.wav,0.013333333333333381,0.0
praat6_cc_auto,phone_F1.wav,0.016666666666666715,0.0
praat6_cc_auto,phone_F1.wav,0.02000000000000005,0.0
praat6_cc_auto,phone_F1.wav,0.02333333333333338,0.0
praat6_cc_auto,phone_F1.wav,0.026666666666666713,0.0
praat6_cc_auto,phone_F1.wav,0.030000000000000047,0.0
praat6_cc_auto,phone_F1.wav,0.03333333333333338,0.0
praat6_cc_auto,phone_F1.wav,0.036666666666666715,0.0
praat6_cc_auto,phone_F1.wav,0.04000000000000005,0.0
praat6_cc_auto,phone_F1.wav,0.04333333333333338,0.0
praat6_cc_auto,phone_F1.wav,0.04666666666666672,0.0
praat6_cc_auto,phone_F1.wav,0.050000000000000044,0.0
praat6_cc_auto,phone_F1.wav,0.053333333333333385,0.0
praat6_cc_auto,phone_F1.wav,0.05666666666666671,0.0
praat6_cc_auto,phone_F1.wav,0.06000000000000005,0.0
praat6_cc_auto,phone_F1.wav,0.06333333333333338,0.0
praat6_cc_auto,phone_F1.wav,0.06666666666666672,0.0
praat6_cc_auto,phone_F1.wav,0.07000000000000005,0.0
praat6_cc_auto,phone_F1.wav,0.07333333333333339,0.0
praat6_cc_auto,phone_F1.wav,0.07666666666666672,0.0
praat6_cc_auto,phone_F1.wav,0.08000000000000004,0.0
praat6_cc_auto,phone_F1.wav,0.08333333333333338,0.0
praat6_cc_auto,phone_F1.wav,0.08666666666666671,0.0
praat6_cc_auto,phone_F1.wav,0.09000000000000005,0.0
praat6_cc_auto,phone_F1.wav,0.09333333333333338,0.0
praat6_cc_auto,phone_F1.wav,0.09666666666666672,0.0
praat6_cc_auto,phone_F1.wav,0.10000000000000005,0.0
praat6_cc_auto,phone_F1.wav,0.10333333333333339,0.0
praat6_cc_auto,phone_F1.wav,0.10666666666666672,0.0
praat6_cc_auto,phone_F1.wav,0.11000000000000006,0.0
praat6_cc_auto,phone_F1.wav,0.11333333333333338,0.0
praat6_cc_auto,phone_F1.wav,0.11666666666666672,0.0
praat6_cc_auto,phone_F1.wav,0.12000000000000005,0.0
praat6_cc_auto,phone_F1.wav,0.12333333333333338,0.0
praat6_cc_auto,phone_F1.wav,0.12666666666666673,0.0
praat6_cc_auto,phone_F1.wav,0.13000000000000006,0.0
praat6_cc_auto,phone_F1.wav,0.1333333333333334,0.0
praat6_cc_auto,phone_F1.wav,0.13666666666666671,0.0
praat6_cc_auto,phone_F1.wav,0.14000000000000007,0.0
praat6_cc_auto,phone_F1.wav,0.1433333333333334,0.0
praat6_cc_auto,phone_F1.wav,0.14666666666666672,0.0
praat6_cc_auto,phone_F1.wav,0.15000000000000008,0.0
praat6_cc_auto,phone_F1.wav,0.1533333333333334,0.0
praat6_cc_auto,phone_F1.wav,0.15666666666666673,0.0
praat6_cc_auto,phone_F1.wav,0.16000000000000006,0.0
praat6_cc_auto,phone_F1.wav,0.1633333333333334,0.0
praat6_cc_auto,phone_F1.wav,0.16666666666666674,0.0
praat6_cc_auto,phone_F1.wav,0.17000000000000007,0.0
praat6_cc_auto,phone_F1.wav,0.1733333333333334,0.0
praat6_cc_auto,phone_F1.wav,0.17666666666666672,0.0
praat6_cc_auto,phone_F1.wav,0.18000000000000008,0.0
praat6_cc_auto,phone_F1.wav,0.1833333333333334,0.0
praat6_cc_auto,phone_F1.wav,0.18666666666666673,0.0
praat6_cc_auto,phone_F1.wav,0.19000000000000006,0.0
praat6_cc_auto,phone_F1.wav,0.1933333333333334,0.0
praat6_cc_auto,phone_F1.wav,0.19666666666666674,0.0
praat6_cc_auto,phone_F1.wav,0.20000000000000007,0.0
praat6_cc_auto,phone_F1.wav,0.2033333333333334,0.0
praat6_cc_auto,phone_F1.wav,0.20666666666666675,0.0
praat6_cc_auto,phone_F1.wav,0.21000000000000008,0.0
praat6_cc_auto,phone_F1.wav,0.2133333333333334,0.0
praat6_cc_auto,phone_F1.wav,0.21666666666666673,0.0
praat6_cc_auto,phone_F1.wav,0.22000000000000008,0.0
praat6_cc_auto,phone_F1.wav,0.2233333333333334,0.0
praat6_cc_auto,phone_F1.wav,0.22666666666666674,0.0
praat6_cc_auto,phone_F1.wav,0.23000000000000007,0.0
praat6_cc_auto,phone_F1.wav,0.2333333333333334,0.0
praat6_cc_auto,phone_F1.wav,0.23666666666666675,0.0
praat6_cc_auto,phone_F1.wav,0.24000000000000007,0.0
praat6_cc_auto,phone_F1.wav,0.2433333333333334,0.0
praat6_cc_auto,phone_F1.wav,0.24666666666666673,0.0
praat6_cc_auto,phone_F1.wav,0.25000000000000006,0.0
praat6_cc_auto,phone_F1.wav,0.2533333333333334,0.0
praat6_cc_auto,phone_F1.wav,0.2566666666666667,0.0
praat6_cc_auto,phone_F1.wav,0.26000000000000006,0.0
praat6_cc_auto,phone_F1.wav,0.26333333333333336,0.0
praat6_cc_auto,phone_F1.wav,0.2666666666666667,0.0
praat6_cc_auto,phone_F1.wav,0.2700000000000001,0.0
praat6_cc_auto,phone_F1.wav,0.2733333333333334,0.0
praat6_cc_auto,phone_F1.wav,0.2766666666666667,0.0
praat6_cc_auto,phone_F1.wav,0.28,0.0
praat6_cc_auto,phone_F1.wav,0.2833333333333334,0.0
praat6_cc_auto,phone_F1.wav,0.28666666666666674,0.0
praat6_cc_auto,phone_F1.wav,0.29000000000000004,0.0
praat6_cc_auto,phone_F1.wav,0.2933333333333334,0.0
praat6_cc_auto,phone_F1.wav,0.2966666666666667,0.0
praat6_cc_auto,phone_F1.wav,0.30000000000000004,0.0
praat6_cc_auto,phone_F1.wav,0.3033333333333334,0.0
praat6_cc_auto,phone_F1.wav,0.3066666666666667,0.0
praat6_cc_auto,phone_F1.wav,0.31000000000000005,0.0
praat6_cc_auto,phone_F1.wav,0.3133333333333334,0.0
praat6_cc_auto,phone_F1.wav,0.3166666666666667,0.0
praat6_cc_auto,phone_F1.wav,0.32000000000000006,0.0
praat6_cc_auto,phone_F1.wav,0.32333333333333336,0.0
praat6_cc_auto,phone_F1.wav,0.3266666666666667,0.0
praat6_cc_auto,phone_F1.wav,0.33000000000000007,0.0
praat6_cc_auto,phone_F1.wav,0.33333333333333337,0.0
praat6_cc_auto,phone_F1.wav,0.3366666666666667,0.0
praat6_cc_auto,phone_F1.wav,0.34,0.0
praat6_cc_auto,phone_F1.wav,0.3433333333333334,0.0
praat6_cc_auto,phone_F1.wav,0.34666666666666673,0.0
praat6_cc_auto,phone_F1.wav,0.35000000000000003,0.0
praat6_cc_auto,phone_F1.wav,0.3533333333333334,0.0
praat6_cc_auto,phone_F1.wav,0.35666666666666674,0.0
praat6_cc_auto,phone_F1.wav,0.36000000000000004,0.0
praat6_cc_auto,phone_F1.wav,0.3633333333333334,0.0
praat6_cc_auto,phone_F1.wav,0.3666666666666667,0.0
praat6_cc_auto,phone_F1.wav,0.37000000000000005,0.0
praat6_cc_auto,phone_F1.wav,0.3733333333333334,0.0
praat6_cc_auto,phone_F1.wav,0.3766666666666667,0.0
praat6_cc_auto,phone_F1.wav,0.38000000000000006,0.0
praat6_cc_auto,phone_F1.wav,0.3833333333333334,0.0
praat6_cc_auto,phone_F1.wav,0.3866666666666667,0.0
praat6_cc_auto,phone_F1.wav,0.39000000000000007,0.0
praat6_cc_auto,phone_F1.wav,0.39333333333333337,0.0
praat6_cc_auto,phone_F1.wav,0.3966666666666667,0.0
praat6_cc_auto,phone_F1.wav,0.4000000000000001,0.0
praat6_cc_auto,phone_F1.wav,0.4033333333333334,0.0
praat6_cc_auto,phone_F1.wav,0.40666666666666673,0.0
praat6_cc_auto,phone_F1.wav,0.41000000000000003,0.0
praat6_cc_auto,phone_F1.wav,0.4133333333333334,0.0
praat6_cc_auto,phone_F1.wav,0.41666666666666674,0.0
praat6_cc_auto,phone_F1.wav,0.42000000000000004,0.0
praat6_cc_auto,phone_F1.wav,0.4233333333333334,0.0
praat6_cc_auto,phone_F1.wav,0.42666666666666675,0.0
praat6_cc_auto,phone_F1.wav,0.43000000000000005,0.0
praat6_cc_auto,phone_F1.wav,0.4333333333333334,0.0
praat6_cc_auto,phone_F1.wav,0.4366666666666667,0.0
praat6_cc_auto,phone_F1.wav,0.44000000000000006,0.0
praat6_cc_auto,phone_F1.wav,0.4433333333333334,0.0
praat6_cc_auto,phone_F1.wav,0.4466666666666667,0.0
praat6_cc_auto,phone_F1.wav,0.45000000000000007,0.0
praat6_cc_auto,phone_F1.wav,0.45333333333333337,0.0
praat6_cc_auto,phone_F1.wav,0.4566666666666667,0.0
praat6_cc_auto,phone_F1.wav,0.4600000000000001,0.0
praat6_cc_auto,phone_F1.wav,0.4633333333333334,0.0
praat6_cc_auto,phone_F1.wav,0.46666666666666673,0.0
praat6_cc_auto,phone_F1.wav,0.4700000000000001,0.0
praat6_cc_auto,phone_F1.wav,0.4733333333333334,0.0
praat6_cc_auto,phone_F1.wav,0.47666666666666674,0.0
praat6_cc_auto,phone_F1.wav,0.48000000000000004,0.0
praat6_cc_auto,phone_F1.wav,0.4833333333333334,0.0
praat6_cc_auto,phone_F1.wav,0.48666666666666675,0.0
praat6_cc_auto,phone_F1.wav,0.49000000000000005,0.0
praat6_cc_auto,phone_F1.wav,0.4933333333333334,0.0
praat6_cc_auto,phone_F1.wav,0.4966666666666667,0.0
praat6_cc_auto,phone_F1.wav,0.5000000000000001,0.0
praat6_cc_auto,phone_F1.wav,0.5033333333333334,0.0
praat6_cc_auto,phone_F1.wav,0.5066666666666667,0.0
praat6_cc_auto,phone_F1.wav,0.5100000000000001,0.0
praat6_cc_auto,phone_F1.wav,0.5133333333333334,0.0
praat6_cc_auto,phone_F1.wav,0.5166666666666668,0.0
praat6_cc_auto,phone_F1.wav,0.5200000000000001,0.0
praat6_cc_auto,phone_F1.wav,0.5233333333333334,0.0
praat6_cc_auto,phone_F1.wav,0.5266666666666668,0.0
praat6_cc_auto,phone_F1.wav,0.5300000000000001,0.0
praat6_cc_auto,phone_F1.wav,0.5333333333333334,0.0
praat6_cc_auto,phone_F1.wav,0.5366666666666667,0.0
praat6_cc_auto,phone_F1.wav,0.5400000000000001,0.0
praat6_cc_auto,phone_F1.wav,0.5433333333333334,0.0
praat6_cc_auto,phone_F1.wav,0.5466666666666667,223.40113640260427
praat6_cc_auto,phone_F1.wav,0.5500000000000002,215.89671825796387
praat6_cc_auto,phone_F1.wav,0.5533333333333335,224.2227215363347
praat6_cc_auto,phone_F1.wav,0.5566666666666668,223.98212022219414
praat6_cc_auto,phone_F1.wav,0.5600000000000002,226.8007603016544
praat6_cc_auto,phone_F1.wav,0.5633333333333335,223.7204428518471
praat6_cc_auto,phone_F1.wav,0.5666666666666668,221.76823041365427
praat6_cc_auto,phone_F1.wav,0.5700000000000002,219.1721902096108
praat6_cc_auto,phone_F1.wav,0.5733333333333335,216.17887318987465
praat6_cc_auto,phone_F1.wav,0.5766666666666668,216.25386024616853
praat6_cc_auto,phone_F1.wav,0.5800000000000001,217.35616368408841
praat6_cc_auto,phone_F1.wav,0.5833333333333335,218.38460400798078
praat6_cc_auto,phone_F1.wav,0.5866666666666668,218.72629470045456
praat6_cc_auto,phone_F1.wav,0.5900000000000001,218.6558041553904
praat6_cc_auto,phone_F1.wav,0.5933333333333335,218.03458405328195
praat6_cc_auto,phone_F1.wav,0.5966666666666668,218.00836006203002
praat6_cc_auto,phone_F1.wav,0.6000000000000001,218.01295297287896
praat6_cc_auto,phone_F1.wav,0.6033333333333335,217.51824784899227
praat6_cc_auto,phone_F1.wav,0.6066666666666668,218.63164814116183
praat6_cc_auto,phone_F1.wav,0.6100000000000001,218.47130694038768
praat6_cc_auto,phone_F1.wav,0.6133333333333335,218.35341835615395
praat6_cc_auto,phone_F1.wav,0.6166666666666668,218.61438317374848
praat6_cc_auto,phone_F1.wav,0.6200000000000001,219.18237549457413
praat6_cc_auto,phone_F1.wav,0.6233333333333334,220.786976351523
praat6_cc_auto,phone_F1.wav,0.6266666666666668,222.2368703022773
praat6_cc_auto,phone_F1.wav,0.6300000000000001,223.13867499144953
praat6_cc_auto,phone_F1.wav,0.6333333333333334,224.18809013348192
praat6_cc_auto,phone_F1.wav,0.6366666666666668,225.4462918762223
praat6_cc_auto,phone_F1.wav,0.6400000000000001,226.9887454823903
praat6_cc_auto,phone_F1.wav,0.6433333333333334,227.9583617381385
praat6_cc_auto,phone_F1.wav,0.6466666666666668,229.23249684804944
praat6_cc_auto,phone_F1.wav,0.6500000000000001,230.37222669360668
praat6_cc_auto,phone_F1.wav,0.6533333333333334,231.20095854116448
praat6_cc_auto,phone_F1.wav,0.6566666666666668,232.2884061744194
praat6_cc_auto,phone_F1.wav,0.6600000000000001,232.35882037073847
praat6_cc_auto,phone_F1.wav,0.6633333333333334,231.51622989847831
praat6_cc_auto,phone_F1.wav,0.6666666666666667,230.45754150641815
praat6_cc_auto,phone_F1.wav,0.6700000000000002,229.2065670510585
praat6_cc_auto,phone_F1.wav,0.6733333333333335,228.0883141525199
praat6_cc_auto,phone_F1.wav,0.6766666666666667,227.3577549261485
praat6_cc_auto,phone_F1.wav,0.6800000000000002,227.38583354707305
praat6_cc_auto,phone_F1.wav,0.6833333333333335,227.8525273558448
praat6_cc_auto,phone_F1.wav,0.6866666666666668,228.16182426348936
praat6_cc_auto,phone_F1.wav,0.6900000000000002,228.59263276719304
praat6_cc_auto,phone_F1.wav,0.6933333333333335,229.1986057388584
praat6_cc_auto,phone_F1.wav,0.6966666666666668,229.3383098524392
praat6_cc_auto,phone_F1.wav,0.7000000000000002,229.31901109299022
praat6_cc_auto,phone_F1.wav,0.7033333333333335,229.76231476997145
praat6_cc_auto,phone_F1.wav,0.7066666666666668,229.9834561387263
praat6_cc_auto,phone_F1.wav,0.7100000000000001,230.39034910603058
praat6_cc_auto,phone_F1.wav,0.7133333333333335,230.655888462464
praat6_cc_auto,phone_F1.wav,0.7166666666666668,230.8328882508124
praat6_cc_auto,phone_F1.wav,0.7200000000000001,231.2461417598492
praat6_cc_auto,phone_F1.wav,0.7233333333333335,231.66583768023298
praat6_cc_auto,phone_F1.wav,0.7266666666666668,232.06780601979028
praat6_cc_auto,phone_F1.wav,0.7300000000000001,232.50889953843344
praat6_cc_auto,phone_F1.wav,0.7333333333333335,232.85180341230577
praat6_cc_auto,phone_F1.wav,0.7366666666666668,232.7841399542626
praat6_cc_auto,phone_F1.wav,0.7400000000000001,232.42698484074504
praat6_cc_auto,phone_F1.wav,0.7433333333333335,231.77344705926018
praat6_cc_auto,phone_F1.wav,0.7466666666666668,230.22681470816016
praat6_cc_auto,phone_F1.wav,0.7500000000000001,229.41433768407302
praat6_cc_auto,phone_F1.wav,0.7533333333333335,229.75024994469837
praat6_cc_auto,phone_F1.wav,0.7566666666666668,233.82374511473014
praat6_cc_auto,phone_F1.wav,0.7600000000000001,235.96920389808972
praat6_cc_auto,phone_F1.wav,0.7633333333333334,235.3247034433754
praat6_cc_auto,phone_F1.wav,0.7666666666666668,232.93949993895933
praat6_cc_auto,phone_F1.wav,0.7700000000000001,232.02515585594145
praat6_cc_auto,phone_F1.wav,0.7733333333333334,230.79876121245886
praat6_cc_auto,phone_F1.wav,0.7766666666666668,230.04465840052643
praat6_cc_auto,phone_F1.wav,0.7800000000000001,228.858896405969
praat6_cc_auto,phone_F1.wav,0.7833333333333334,227.45551405226672
praat6_cc_auto,phone_F1.wav,0.7866666666666668,226.43041634210243
praat6_cc_auto,phone_F1.wav,0.7900000000000001,223.89453249207727
praat6_cc_auto,phone_F1.wav,0.7933333333333334,222.02731109541895
praat6_cc_auto,phone_F1.wav,0.7966666666666669,219.45812636294372
praat6_cc_auto,phone_F1.wav,0.8000000000000002,218.39545475091663
praat6_cc_auto,phone_F1.wav,0.8033333333333335,215.99319328415754
praat6_cc_auto,phone_F1.wav,0.8066666666666668,214.85735391258183
praat6_cc_auto,phone_F1.wav,0.8100000000000002,222.8817700251248
praat6_cc_auto,phone_F1.wav,0.8133333333333335,237.30658178766714
praat6_cc_auto,phone_F1.wav,0.8166666666666668,237.00670955663188
praat6_cc_auto,phone_F1.wav,0.8200000000000002,234.60613211844176
praat6_cc_auto,phone_F1.wav,0.8233333333333335,234.8361118645733
praat6_cc_auto,phone_F1.wav,0.8266666666666668,234.5512243150089
praat6_cc_auto,phone_F1.wav,0.8300000000000002,234.31402203230726
praat6_cc_auto,phone_F1.wav,0.8333333333333335,235.30195209913703
praat6_cc_auto,phone_F1.wav,0.8366666666666668,235.3246562186667
praat6_cc_auto,phone_F1.wav,0.8400000000000002,235.36115685566924
praat6_cc_auto,phone_F1.wav,0.8433333333333335,235.72240058771663
praat6_cc_auto,phone_F1.wav,0.8466666666666668,236.19181623285178
praat6_cc_auto,phone_F1.wav,0.8500000000000001,237.5464596918733
praat6_cc_auto,phone_F1.wav,0.8533333333333335,238.93722237250154
praat6_cc_auto,phone_F1.wav,0.8566666666666668,239.78729280177475
praat6_cc_auto,phone_F1.wav,0.8600000000000001,240.28911821480204
praat6_cc_auto,phone_F1.wav,0.8633333333333335,241.32155560819538
praat6_cc_auto,phone_F1.wav,0.8666666666666668,241.91034917677337
praat6_cc_auto,phone_F1.wav,0.8700000000000001,241.730430302062
praat6_cc_auto,phone_F1.wav,0.8733333333333335,242.1888254550181
praat6_cc_auto,phone_F1.wav,0.8766666666666668,241.93390359424487
praat6_cc_auto,phone_F1.wav,0.8800000000000001,241.8135899789145
praat6_cc_auto,phone_F1.wav,0.8833333333333335,242.87450922487616
praat6_cc_auto,phone_F1.wav,0.8866666666666668,243.4036352102969
praat6_cc_auto,phone_F1.wav,0.8900000000000001,245.0400998999472
praat6_cc_auto,phone_F1.wav,0.8933333333333334,246.82020166659703
praat6_cc_auto,phone_F1.wav,0.8966666666666668,248.8054145814621
praat6_cc_auto,phone_F1.wav,0.9000000000000001,249.9168209512914
praat6_cc_auto,phone_F1.wav,0.9033333333333334,250.01174011518123
praat6_cc_auto,phone_F1.wav,0.9066666666666668,249.9378998834439
praat6_cc_auto,phone_F1.wav,0.9100000000000001,249.24355204804723
praat6_cc_auto,phone_F1.wav,0.9133333333333334,249.10430612327926
praat6_cc_auto,phone_F1.wav,0.9166666666666669,247.1285494265316
praat6_cc_auto,phone_F1.wav,0.9200000000000002,249.07337504719274
praat6_cc_auto,phone_F1.wav,0.9233333333333335,248.2438719248331
praat6_cc_auto,phone_F1.wav,0.9266666666666669,247.45421088561906
praat6_cc_auto,phone_F1.wav,0.9300000000000002,246.86393456509893
praat6_cc_auto,phone_F1.wav,0.9333333333333335,243.52788221531995
praat6_cc_auto,phone_F1.wav,0.9366666666666668,245.66395731198165
praat6_cc_auto,phone_F1.wav,0.9400000000000002,243.2375179131244
praat6_cc_auto,phone_F1.wav,0.9433333333333335,244.8606829598113
praat6_cc_auto,phone_F1.wav,0.9466666666666668,245.99240472573175
praat6_cc_auto,phone_F1.wav,0.9500000000000002,241.67960735899845
praat6_cc_auto,phone_F1.wav,0.9533333333333335,241.37161707740376
praat6_cc_auto,phone_F1.wav,0.9566666666666668,240.5491678933137
praat6_cc_auto,phone_F1.wav,0.9600000000000002,238.771870276036
praat6_cc_auto,phone_F1.wav,0.9633333333333335,237.40463785722852
praat6_cc_auto,phone_F1.wav,0.9666666666666668,234.8474979514826
praat6_cc_auto,phone_F1.wav,0.9700000000000002,232.09435178438818
praat6_cc_auto,phone_F1.wav,0.9733333333333335,228.59393634904816
praat6_cc_auto,phone_F1.wav,0.9766666666666668,224.33808629832535
praat6_cc_auto,phone_F1.wav,0.9800000000000001,219.3255473329106
praat6_cc_auto,phone_F1.wav,0.9833333333333335,212.97336049371998
praat6_cc_auto,phone_F1.wav,0.9866666666666668,206.24200490226826
praat6_cc_auto,phone_F1.wav,0.9900000000000001,205.70893689042856
praat6_cc_auto,phone_F1.wav,0.9933333333333335,205.94127972776553
praat6_cc_auto,phone_F1.wav,0.9966666666666668,219.43178941317095
praat6_cc_auto,phone_F1.wav,1.0,232.93022655887995
praat6_cc_auto,phone_F1.wav,1.0033333333333334,232.72080550178742
praat6_cc_auto,phone_F1.wav,1.0066666666666668,233.54118557110644
praat6_cc_auto,phone_F1.wav,1.01,233.75205169271058
praat6_cc_auto,phone_F1.wav,1.0133333333333334,233.9201948838996
praat6_cc_auto,phone_F1.wav,1.0166666666666668,234.39061499610494
praat6_cc_auto,phone_F1.wav,1.0200000000000002,234.6237486077834
praat6_cc_auto,phone_F1.wav,1.0233333333333334,242.06030321712169
praat6_cc_auto,phone_F1.wav,1.0266666666666668,242.07270322622585
praat6_cc_auto,phone_F1.wav,1.0300000000000002,230.53632028500016
praat6_cc_auto,phone_F1.wav,1.0333333333333334,228.57063780359627
praat6_cc_auto,phone_F1.wav,1.0366666666666668,227.21079134992982
praat6_cc_auto,phone_F1.wav,1.0400000000000003,226.1323516964105
praat6_cc_auto,phone_F1.wav,1.0433333333333334,225.8475271871014
praat6_cc_auto,phone_F1.wav,1.0466666666666669,226.08114132318212
praat6_cc_auto,phone_F1.wav,1.05,226.3932665424451
praat6_cc_auto,phone_F1.wav,1.0533333333333335,226.79067165498824
praat6_cc_auto,phone_F1.wav,1.0566666666666669,226.95206051790512
praat6_cc_auto,phone_F1.wav,1.06,227.0947401028322
praat6_cc_auto,phone_F1.wav,1.0633333333333335,226.83349289696827
praat6_cc_auto,phone_F1.wav,1.0666666666666669,225.9758768101601
praat6_cc_auto,phone_F1.wav,1.07,225.38243732881412
praat6_cc_auto,phone_F1.wav,1.0733333333333335,228.3677493470909
praat6_cc_auto,phone_F1.wav,1.0766666666666669,234.96698479573578
praat6_cc_auto,phone_F1.wav,1.08,235.3918518588891
praat6_cc_auto,phone_F1.wav,1.0833333333333335,235.6707340514657
praat6_cc_auto,phone_F1.wav,1.086666666666667,236.30728630408456
praat6_cc_auto,phone_F1.wav,1.09,237.64532347205034
praat6_cc_auto,phone_F1.wav,1.0933333333333335,242.5458897986626
praat6_cc_auto,phone_F1.wav,1.096666666666667,245.9232324878426
praat6_cc_auto,phone_F1.wav,1.1,246.77494301577576
praat6_cc_auto,phone_F1.wav,1.1033333333333335,247.23196014177344
praat6_cc_auto,phone_F1.wav,1.106666666666667,246.04213379814635
praat6_cc_auto,phone_F1.wav,1.11,245.17050501186066
praat6_cc_auto,phone_F1.wav,1.1133333333333335,244.65061756504596
praat6_cc_auto,phone_F1.wav,1.116666666666667,244.58322198599737
praat6_cc_auto,phone_F1.wav,1.12,244.7699293697013
praat6_cc_auto,phone_F1.wav,1.1233333333333335,244.4522714062023
praat6_cc_auto,phone_F1.wav,1.126666666666667,243.95029460262975
praat6_cc_auto,phone_F1.wav,1.1300000000000001,241.4624596990383
praat6_cc_auto,phone_F1.wav,1.1333333333333335,238.61756336084034
praat6_cc_auto,phone_F1.wav,1.1366666666666667,236.30301724419692
praat6_cc_auto,phone_F1.wav,1.1400000000000001,237.213372048129
praat6_cc_auto,phone_F1.wav,1.1433333333333335,232.74996269646414
praat6_cc_auto,phone_F1.wav,1.1466666666666667,246.1484421146524
praat6_cc_auto,phone_F1.wav,1.1500000000000001,0.0
praat6_cc_auto,phone_F1.wav,1.1533333333333335,0.0
praat6_cc_auto,phone_F1.wav,1.1566666666666667,0.0
praat6_cc_auto,phone_F1.wav,1.1600000000000001,0.0
praat6_cc_auto,phone_F1.wav,1.1633333333333336,0.0
praat6_cc_auto,phone_F1.wav,1.1666666666666667,0.0
praat6_cc_auto,phone_F1.wav,1.1700000000000002,0.0
praat6_cc_auto,phone_F1.wav,1.1733333333333336,0.0
praat6_cc_auto,phone_F1.wav,1.1766666666666667,0.0
praat6_cc_auto,phone_F1.wav,1.1800000000000002,0.0
praat6_cc_auto,phone_F1.wav,1.1833333333333336,0.0
praat6_cc_auto,phone_F1.wav,1.1866666666666668,0.0
praat6_cc_auto,phone_F1.wav,1.1900000000000002,0.0
praat6_cc_auto,phone_F1.wav,1.1933333333333336,0.0
praat6_cc_auto,phone_F1.wav,1.1966666666666668,0.0
praat6_cc_auto,phone_F1.wav,1.2000000000000002,0.0
praat6_cc_auto,phone_F1.wav,1.2033333333333336,0.0
praat6_cc_auto,phone_F1.wav,1.2066666666666668,0.0
praat6_cc_auto,phone_F1.wav,1.2100000000000002,0.0
praat6_cc_auto,phone_F1.wav,1.2133333333333336,0.0
praat6_cc_auto,phone_F1.wav,1.2166666666666668,0.0
praat6_cc_auto,phone_F1.wav,1.2200000000000002,0.0
praat6_cc_auto,phone_F1.wav,1.2233333333333336,0.0
praat6_cc_auto,phone_F1.wav,1.2266666666666668,0.0
praat6_cc_auto,phone_F1.wav,1.2300000000000002,0.0
praat6_cc_auto,phone_F1.wav,1.2333333333333334,0.0
praat6_cc_auto,phone_F1.wav,1.2366666666666668,198.48000646028743
praat6_cc_auto,phone_F1.wav,1.2400000000000002,192.8036576184265
praat6_cc_auto,phone_F1.wav,1.2433333333333334,188.38834198182346
praat6_cc_auto,phone_F1.wav,1.2466666666666668,186.39726253389472
praat6_cc_auto,phone_F1.wav,1.2500000000000002,185.70655880509676
praat6_cc_auto,phone_F1.wav,1.2533333333333334,184.78976669013102
praat6_cc_auto,phone_F1.wav,1.2566666666666668,184.4686145469488
praat6_cc_auto,phone_F1.wav,1.2600000000000002,182.8291911077161
praat6_cc_auto,phone_F1.wav,1.2633333333333334,181.32859849439248
praat6_cc_auto,phone_F1.wav,1.2666666666666668,179.34174521777047
praat6_cc_auto,phone_F1.wav,1.2700000000000002,178.71034494272766
praat6_cc_auto,phone_F1.wav,1.2733333333333334,178.54964298968733
praat6_cc_auto,phone_F1.wav,1.2766666666666668,179.32066915498686
praat6_cc_auto,phone_F1.wav,1.2800000000000002,180.79249390390927
praat6_cc_auto,phone_F1.wav,1.2833333333333334,182.4927327079968
praat6_cc_auto,phone_F1.wav,1.2866666666666668,183.05605893495894
praat6_cc_auto,phone_F1.wav,1.2900000000000003,184.08457961096795
praat6_cc_auto,phone_F1.wav,1.2933333333333334,184.05966339902545
praat6_cc_auto,phone_F1.wav,1.2966666666666669,181.93190279381218
praat6_cc_auto,phone_F1.wav,1.3000000000000003,180.65042167509927
praat6_cc_auto,phone_F1.wav,1.3033333333333335,182.8449547591292
praat6_cc_auto,phone_F1.wav,1.3066666666666669,182.95400680767315
praat6_cc_auto,phone_F1.wav,1.3100000000000003,182.8642274114369
praat6_cc_auto,phone_F1.wav,1.3133333333333335,182.03773082091254
praat6_cc_auto,phone_F1.wav,1.3166666666666669,182.01443198798614
praat6_cc_auto,phone_F1.wav,1.32,181.74273584735568
praat6_cc_auto,phone_F1.wav,1.3233333333333335,181.1423697562861
praat6_cc_auto,phone_F1.wav,1.3266666666666669,181.192035460511
praat6_cc_auto,phone_F1.wav,1.33,181.12994084341616
praat6_cc_auto,phone_F1.wav,1.3333333333333335,180.27078588574773
praat6_cc_auto,phone_F1.wav,1.336666666666667,179.95209190225495
praat6_cc_auto,phone_F1.wav,1.34,178.80414311361463
praat6_cc_auto,phone_F1.wav,1.3433333333333335,176.1137849019028
praat6_cc_auto,phone_F1.wav,1.346666666666667,173.50698235808602
praat6_cc_auto,phone_F1.wav,1.35,163.75879625488886
praat6_cc_auto,phone_F1.wav,1.3533333333333335,0.0
praat6_cc_auto,phone_F1.wav,1.356666666666667,0.0
praat6_cc_auto,phone_F1.wav,1.36,0.0
praat6_cc_auto,phone_F1.wav,1.3633333333333335,0.0
praat6_cc_auto,phone_F1.wav,1.366666666666667,0.0
praat6_cc_auto,phone_F1.wav,1.37,0.0
praat6_cc_auto,phone_F1.wav,1.3733333333333335,0.0
praat6_cc_auto,phone_F1.wav,1.376666666666667,0.0
praat6_cc_auto,phone_F1.wav,1.3800000000000001,0.0
praat6_cc_auto,phone_F1.wav,1.3833333333333335,0.0
praat6_cc_auto,phone_F1.wav,1.386666666666667,0.0
praat6_cc_auto,phone_F1.wav,1.3900000000000001,0.0
praat6_cc_auto,phone_F1.wav,1.3933333333333335,0.0
praat6_cc_auto,phone_F1.wav,1.396666666666667,0.0
praat6_cc_auto,phone_F1.wav,1.4000000000000001,0.0
praat6_cc_auto,phone_F1.wav,1.4033333333333335,0.0
praat6_cc_auto,phone_F1.wav,1.4066666666666667,0.0
praat6_cc_auto,phone_F1.wav,1.4100000000000001,0.0
praat6_cc_auto,phone_F1.wav,1.4133333333333336,0.0
praat6_cc_auto,phone_F1.wav,1.4166666666666667,0.0
praat6_cc_auto,phone_F1.wav,1.4200000000000002,0.0
praat6_cc_auto,phone_F1.wav,1.4233333333333336,0.0
praat6_cc_auto,phone_F1.wav,1.4266666666666667,0.0
praat6_cc_auto,phone_F1.wav,1.4300000000000002,0.0
praat6_cc_auto,phone_F1.wav,1.4333333333333336,0.0
praat6_cc_auto,phone_F1.wav,1.4366666666666668,0.0
praat6_cc_auto,phone_F1.wav,1.4400000000000002,0.0
praat6_cc_auto,phone_F1.wav,1.4433333333333336,0.0
praat6_cc_auto,phone_F1.wav,1.4466666666666668,0.0
praat6_cc_auto,phone_F1.wav,1.4500000000000002,0.0
praat6_cc_auto,phone_F1.wav,1.4533333333333336,0.0
praat6_cc_auto,phone_F1.wav,1.4566666666666668,0.0
praat6_cc_auto,phone_F1.wav,1.4600000000000002,0.0
praat6_cc_auto,phone_F1.wav,1.4633333333333336,224.9239457335159
praat6_cc_auto,phone_F1.wav,1.4666666666666668,221.46238082007625
praat6_cc_auto,phone_F1.wav,1.4700000000000002,218.4010904063124
praat6_cc_auto,phone_F1.wav,1.4733333333333336,214.69430515858872
praat6_cc_auto,phone_F1.wav,1.4766666666666668,209.33029438758211
praat6_cc_auto,phone_F1.wav,1.4800000000000002,207.48370606706632
praat6_cc_auto,phone_F1.wav,1.4833333333333336,205.2045053510457
praat6_cc_auto,phone_F1.wav,1.4866666666666668,202.97228071009673
praat6_cc_auto,phone_F1.wav,1.4900000000000002,201.30029081522505
praat6_cc_auto,phone_F1.wav,1.4933333333333336,200.2153920617097
praat6_cc_auto,phone_F1.wav,1.4966666666666668,199.10024359971666
praat6_cc_auto,phone_F1.wav,1.5000000000000002,198.2763440163091
praat6_cc_auto,phone_F1.wav,1.5033333333333334,197.64032816873075
praat6_cc_auto,phone_F1.wav,1.5066666666666668,196.69539522209652
praat6_cc_auto,phone_F1.wav,1.5100000000000002,196.18200450767063
praat6_cc_auto,phone_F1.wav,1.5133333333333334,195.828214138183
praat6_cc_auto,phone_F1.wav,1.5166666666666668,195.33529521437512
praat6_cc_auto,phone_F1.wav,1.5200000000000002,194.9560481914547
praat6_cc_auto,phone_F1.wav,1.5233333333333334,194.60254511926178
praat6_cc_auto,phone_F1.wav,1.5266666666666668,194.08240076498916
praat6_cc_auto,phone_F1.wav,1.5300000000000002,193.54518654032995
praat6_cc_auto,phone_F1.wav,1.5333333333333334,193.18755454537424
praat6_cc_auto,phone_F1.wav,1.5366666666666668,192.7237575283482
praat6_cc_auto,phone_F1.wav,1.5400000000000003,192.21141149348367
praat6_cc_auto,phone_F1.wav,1.5433333333333334,191.74720651529844
praat6_cc_auto,phone_F1.wav,1.5466666666666669,191.23940481349123
praat6_cc_auto,phone_F1.wav,1.5500000000000003,190.8680755625882
praat6_cc_auto,phone_F1.wav,1.5533333333333335,190.32815647818813
praat6_cc_auto,phone_F1.wav,1.5566666666666669,189.89725131408906
praat6_cc_auto,phone_F1.wav,1.5600000000000003,189.2177585501517
praat6_cc_auto,phone_F1.wav,1.5633333333333335,188.14787419099838
praat6_cc_auto,phone_F1.wav,1.5666666666666669,187.41163616967117
praat6_cc_auto,phone_F1.wav,1.5700000000000003,186.67990359205416
praat6_cc_auto,phone_F1.wav,1.5733333333333335,186.04236509605866
praat6_cc_auto,phone_F1.wav,1.5766666666666669,186.3463933099214
praat6_cc_auto,phone_F1.wav,1.5800000000000003,185.88828735983273
praat6_cc_auto,phone_F1.wav,1.5833333333333335,186.41248067366152
praat6_cc_auto,phone_F1.wav,1.586666666666667,188.4603132362794
praat6_cc_auto,phone_F1.wav,1.59,243.71888374035115
praat6_cc_auto,phone_F1.wav,1.5933333333333335,237.08726391254473
praat6_cc_auto,phone_F1.wav,1.596666666666667,231.04840304272435
praat6_cc_auto,phone_F1.wav,1.6,239.70790489502187
praat6_cc_auto,phone_F1.wav,1.6033333333333335,245.33233305682415
praat6_cc_auto,phone_F1.wav,1.606666666666667,248.9551380525833
praat6_cc_auto,phone_F1.wav,1.61,250.17290305343266
praat6_cc_auto,phone_F1.wav,1.6133333333333335,242.69175413421164
praat6_cc_auto,phone_F1.wav,1.616666666666667,235.75768126338406
praat6_cc_auto,phone_F1.wav,1.62,229.1676517537054
praat6_cc_auto,phone_F1.wav,1.6233333333333335,225.08542953507464
praat6_cc_auto,phone_F1.wav,1.626666666666667,216.92044306932138
praat6_cc_auto,phone_F1.wav,1.6300000000000001,0.0
praat6_cc_auto,phone_F1.wav,1.6333333333333335,0.0
praat6_cc_auto,phone_F1.wav,1.636666666666667,0.0
praat6_cc_auto,phone_F1.wav,1.6400000000000001,0.0
praat6_cc_auto,phone_F1.wav,1.6433333333333335,0.0
praat6_cc_auto,phone_F1.wav,1.646666666666667,255.46813118161103
praat6_cc_auto,phone_F1.wav,1.6500000000000001,244.3813323137078
praat6_cc_auto,phone_F1.wav,1.6533333333333335,239.76434082218844
praat6_cc_auto,phone_F1.wav,1.656666666666667,235.58231999288952
praat6_cc_auto,phone_F1.wav,1.6600000000000001,235.74741437708155
praat6_cc_auto,phone_F1.wav,1.6633333333333336,242.73516633557844
praat6_cc_auto,phone_F1.wav,1.666666666666667,241.8536496090062
praat6_cc_auto,phone_F1.wav,1.6700000000000002,247.7702445993381
praat6_cc_auto,phone_F1.wav,1.6733333333333336,250.18692126004495
praat6_cc_auto,phone_F1.wav,1.6766666666666667,233.25722515148925
praat6_cc_auto,phone_F1.wav,1.6800000000000002,237.83171218190145
praat6_cc_auto,phone_F1.wav,1.6833333333333336,244.95142190731514
praat6_cc_auto,phone_F1.wav,1.6866666666666668,252.83287375785392
praat6_cc_auto,phone_F1.wav,1.6900000000000002,253.34690941834188
praat6_cc_auto,phone_F1.wav,1.6933333333333336,254.3108111336102
praat6_cc_auto,phone_F1.wav,1.6966666666666668,0.0
praat6_cc_auto,phone_F1.wav,1.7000000000000002,0.0
praat6_cc_auto,phone_F1.wav,1.7033333333333336,0.0
praat6_cc_auto,phone_F1.wav,1.7066666666666668,0.0
praat6_cc_auto,phone_F1.wav,1.7100000000000002,0.0
praat6_cc_auto,phone_F1.wav,1.7133333333333336,0.0
praat6_cc_auto,phone_F1.wav,1.7166666666666668,0.0
praat6_cc_auto,phone_F1.wav,1.7200000000000002,0.0
praat6_cc_auto,phone_F1.wav,1.7233333333333336,0.0
praat6_cc_auto,phone_F1.wav,1.7266666666666668,0.0
praat6_cc_auto,phone_F1.wav,1.7300000000000002,0.0
praat6_cc_auto,phone_F1.wav,1.7333333333333336,0.0
praat6_cc_auto,phone_F1.wav,1.7366666666666668,0.0
praat6_cc_auto,phone_F1.wav,1.7400000000000002,0.0
praat6_cc_auto,phone_F1.wav,1.7433333333333336,0.0
praat6_cc_auto,phone_F1.wav,1.7466666666666668,0.0
praat6_cc_auto,phone_F1.wav,1.7500000000000002,0.0
praat6_cc_auto,phone_F1.wav,1.7533333333333336,0.0
praat6_cc_auto,phone_F1.wav,1.7566666666666668,0.0
praat6_cc_auto,phone_F1.wav,1.7600000000000002,0.0
praat6_cc_auto,phone_F1.wav,1.7633333333333336,0.0
praat6_cc_auto,phone_F1.wav,1.7666666666666668,0.0
praat6_cc_auto,phone_F1.wav,1.7700000000000002,0.0
praat6_cc_auto,phone_F1.wav,1.7733333333333334,0.0
praat6_cc_auto,phone_F1.wav,1.7766666666666668,0.0
praat6_cc_auto,phone_F1.wav,1.7800000000000002,0.0
praat6_cc_auto,phone_F1.wav,1.7833333333333334,0.0
praat6_cc_auto,phone_F1.wav,1.7866666666666668,0.0
praat6_cc_auto,phone_F1.wav,1.7900000000000003,0.0
praat6_cc_auto,phone_F1.wav,1.7933333333333334,0.0
praat6_cc_auto,phone_F1.wav,1.7966666666666669,0.0
praat6_cc_auto,phone_F1.wav,1.8000000000000003,0.0
praat6_cc_auto,phone_F1.wav,1.8033333333333335,0.0
praat6_cc_auto,phone_F1.wav,1.8066666666666669,0.0
praat6_cc_auto,phone_F1.wav,1.8100000000000003,0.0
praat6_cc_auto,phone_F1.wav,1.8133333333333335,0.0
praat6_cc_auto,phone_F1.wav,1.8166666666666669,0.0
praat6_cc_auto,phone_F1.wav,1.8200000000000003,0.0
praat6_cc_auto,phone_F1.wav,1.8233333333333335,0.0
praat6_cc_auto,phone_F1.wav,1.8266666666666669,0.0
praat6_cc_auto,phone_F1.wav,1.8300000000000003,0.0
praat6_cc_auto,phone_F1.wav,1.8333333333333335,220.66795065803066
praat6_cc_auto,phone_F1.wav,1.836666666666667,225.74891181783278
praat6_cc_auto,phone_F1.wav,1.8400000000000003,230.77884422545316
praat6_cc_auto,phone_F1.wav,1.8433333333333335,229.70131228583193
praat6_cc_auto,phone_F1.wav,1.846666666666667,226.83627411129316
praat6_cc_auto,phone_F1.wav,1.8500000000000003,222.55874465825144
praat6_cc_auto,phone_F1.wav,1.8533333333333335,210.28318630503009
praat6_cc_auto,phone_F1.wav,1.856666666666667,207.72918897899012
praat6_cc_auto,phone_F1.wav,1.86,210.66092873871554
praat6_cc_auto,phone_F1.wav,1.8633333333333335,210.24604583054466
praat6_cc_auto,phone_F1.wav,1.866666666666667,205.00936230092123
praat6_cc_auto,phone_F1.wav,1.87,205.72186226688294
praat6_cc_auto,phone_F1.wav,1.8733333333333335,206.81340627134543
praat6_cc_auto,phone_F1.wav,1.876666666666667,206.41054985872532
praat6_cc_auto,phone_F1.wav,1.8800000000000001,205.86016945097646
praat6_cc_auto,phone_F1.wav,1.8833333333333335,206.7958805721323
praat6_cc_auto,phone_F1.wav,1.886666666666667,201.20120236676473
praat6_cc_auto,phone_F1.wav,1.8900000000000001,200.8985251304152
praat6_cc_auto,phone_F1.wav,1.8933333333333335,196.39788650194322
praat6_cc_auto,phone_F1.wav,1.896666666666667,199.67331332367448
praat6_cc_auto,phone_F1.wav,1.9000000000000001,196.80200555182333
praat6_cc_auto,phone_F1.wav,1.9033333333333335,203.0096643052973
praat6_cc_auto,phone_F1.wav,1.906666666666667,202.75662377905104
praat6_cc_auto,phone_F1.wav,1.9100000000000001,203.32150636031255
praat6_cc_auto,phone_F1.wav,1.9133333333333336,202.99610896596278
praat6_cc_auto,phone_F1.wav,1.916666666666667,217.0073909781345
praat6_cc_auto,phone_F1.wav,1.9200000000000002,221.24528646971245
praat6_cc_auto,phone_F1.wav,1.9233333333333336,220.8132597616366
praat6_cc_auto,phone_F1.wav,1.926666666666667,221.07304288512523
praat6_cc_auto,phone_F1.wav,1.9300000000000002,224.41023060691907
praat6_cc_auto,phone_F1.wav,1.9333333333333336,226.60840387147493
praat6_cc_auto,phone_F1.wav,1.936666666666667,227.19048049185665
praat6_cc_auto,phone_F1.wav,1.9400000000000002,227.26215746146056
praat6_cc_auto,phone_F1.wav,1.9433333333333336,226.50747538717664
praat6_cc_auto,phone_F1.wav,1.9466666666666668,225.4797919574145
praat6_cc_auto,phone_F1.wav,1.9500000000000002,224.52345768936343
praat6_cc_auto,phone_F1.wav,1.9533333333333336,224.32352900887216
praat6_cc_auto,phone_F1.wav,1.9566666666666668,223.89300841358485
praat6_cc_auto,phone_F1.wav,1.9600000000000002,223.5982527272537
praat6_cc_auto,phone_F1.wav,1.9633333333333336,223.26941891706977
praat6_cc_auto,phone_F1.wav,1.9666666666666668,223.16333988611512
praat6_cc_auto,phone_F1.wav,1.9700000000000002,223.10001107975893
praat6_cc_auto,phone_F1.wav,1.9733333333333336,222.528301473965
praat6_cc_auto,phone_F1.wav,1.9766666666666668,222.09055311800512
praat6_cc_auto,phone_F1.wav,1.9800000000000002,221.76991872016376
praat6_cc_auto,phone_F1.wav,1.9833333333333336,221.06531573553394
praat6_cc_auto,phone_F1.wav,1.9866666666666668,220.31408394924858
praat6_cc_auto,phone_F1.wav,1.9900000000000002,219.67815301255905
praat6_cc_auto,phone_F1.wav,1.9933333333333336,219.31142023534377
praat6_cc_auto,phone_F1.wav,1.9966666666666668,218.46405754265382
praat6_cc_auto,phone_F1.wav,2.0,217.94431861022233
praat6_cc_auto,phone_F1.wav,2.0033333333333334,217.55792882500197
praat6_cc_auto,phone_F1.wav,2.006666666666667,216.6925780850221
praat6_cc_auto,phone_F1.wav,2.0100000000000002,215.6630676295426
praat6_cc_auto,phone_F1.wav,2.013333333333333,214.80611806530007
praat6_cc_auto,phone_F1.wav,2.0166666666666666,214.11391804847565
praat6_cc_auto,phone_F1.wav,2.02,212.88376157178072
praat6_cc_auto,phone_F1.wav,2.0233333333333334,211.18284306611505
praat6_cc_auto,phone_F1.wav,2.026666666666667,210.55017055486474
praat6_cc_auto,phone_F1.wav,2.03,210.34455232151723
praat6_cc_auto,phone_F1.wav,2.033333333333333,208.38348405575948
praat6_cc_auto,phone_F1.wav,2.0366666666666666,205.1850904676514
praat6_cc_auto,phone_F1.wav,2.04,204.5181831816712
praat6_cc_auto,phone_F1.wav,2.0433333333333334,183.38080779154097
praat6_cc_auto,phone_F1.wav,2.046666666666667,192.68245995505265
praat6_cc_auto,phone_F1.wav,2.05,192.46533357663043
praat6_cc_auto,phone_F1.wav,2.0533333333333332,187.90809251066344
praat6_cc_auto,phone_F1.wav,2.0566666666666666,188.60058387911607
praat6_cc_auto,phone_F1.wav,2.06,189.97466568900845
praat6_cc_auto,phone_F1.wav,2.0633333333333335,191.37460463624146
praat6_cc_auto,phone_F1.wav,2.066666666666667,189.49314955471002
praat6_cc_auto,phone_F1.wav,2.07,190.9815029588328
praat6_cc_auto,phone_F1.wav,2.0733333333333333,188.92565140957717
praat6_cc_auto,phone_F1.wav,2.0766666666666667,190.12973932830653
praat6_cc_auto,phone_F1.wav,2.08,191.36199659980696
praat6_cc_auto,phone_F1.wav,2.0833333333333335,199.53813703044543
praat6_cc_auto,phone_F1.wav,2.0866666666666664,207.06736494593844
praat6_cc_auto,phone_F1.wav,2.09,205.83806196094716
praat6_cc_auto,phone_F1.wav,2.0933333333333333,206.01429957131543
praat6_cc_auto,phone_F1.wav,2.0966666666666667,204.21851835836253
praat6_cc_auto,phone_F1.wav,2.1,203.1367543932804
praat6_cc_auto,phone_F1.wav,2.1033333333333335,202.32968297037687
praat6_cc_auto,phone_F1.wav,2.1066666666666665,201.90334289325895
praat6_cc_auto,phone_F1.wav,2.11,201.31395448001751
praat6_cc_auto,phone_F1.wav,2.1133333333333333,200.86076001484375
praat6_cc_auto,phone_F1.wav,2.1166666666666667,200.4914346681694
praat6_cc_auto,phone_F1.wav,2.12,199.75281417365662
praat6_cc_auto,phone_F1.wav,2.1233333333333335,199.57719606811546
praat6_cc_auto,phone_F1.wav,2.1266666666666665,198.96534011055758
praat6_cc_auto,phone_F1.wav,2.13,197.8660187461798
praat6_cc_auto,phone_F1.wav,2.1333333333333333,197.4150948906919
praat6_cc_auto,phone_F1.wav,2.1366666666666667,196.83130350958984
praat6_cc_auto,phone_F1.wav,2.14,196.44815039286166
praat6_cc_auto,phone_F1.wav,2.1433333333333335,196.29944676531034
praat6_cc_auto,phone_F1.wav,2.1466666666666665,196.1186434441451
praat6_cc_auto,phone_F1.wav,2.15,195.98446864480576
praat6_cc_auto,phone_F1.wav,2.1533333333333333,195.72746305153393
praat6_cc_auto,phone_F1.wav,2.1566666666666667,194.99266976047753
praat6_cc_auto,phone_F1.wav,2.16,194.4347900838292
praat6_cc_auto,phone_F1.wav,2.1633333333333336,193.95152283914337
praat6_cc_auto,phone_F1.wav,2.1666666666666665,193.6368081272961
praat6_cc_auto,phone_F1.wav,2.17,193.9037083860116
praat6_cc_auto,phone_F1.wav,2.1733333333333333,193.330206027218
praat6_cc_auto,phone_F1.wav,2.1766666666666667,192.63833925581866
praat6_cc_auto,phone_F1.wav,2.18,191.85492949444685
praat6_cc_auto,phone_F1.wav,2.183333333333333,190.87503473413838
praat6_cc_auto,phone_F1.wav,2.1866666666666665,190.2258666993165
praat6_cc_auto,phone_F1.wav,2.19,189.48173902206818
praat6_cc_auto,phone_F1.wav,2.1933333333333334,188.38968118935162
praat6_cc_auto,phone_F1.wav,2.1966666666666668,187.73574013642175
praat6_cc_auto,phone_F1.wav,2.2,187.2350222444656
praat6_cc_auto,phone_F1.wav,2.203333333333333,192.68936031629735
praat6_cc_auto,phone_F1.wav,2.2066666666666666,192.10198748075408
praat6_cc_auto,phone_F1.wav,2.21,0.0
praat6_cc_auto,phone_F1.wav,2.2133333333333334,0.0
praat6_cc_auto,phone_F1.wav,2.216666666666667,0.0
praat6_cc_auto,phone_F1.wav,2.22,0.0
praat6_cc_auto,phone_F1.wav,2.223333333333333,0.0
praat6_cc_auto,phone_F1.wav,2.2266666666666666,0.0
praat6_cc_auto,phone_F1.wav,2.23,0.0
praat6_cc_auto,phone_F1.wav,2.2333333333333334,0.0
praat6_cc_auto,phone_F1.wav,2.236666666666667,0.0
praat6_cc_auto,phone_F1.wav,2.24,0.0
praat6_cc_auto,phone_F1.wav,2.243333333333333,0.0
praat6_cc_auto,phone_F1.wav,2.2466666666666666,0.0
praat6_cc_auto,phone_F1.wav,2.25,0.0
praat6_cc_auto,phone_F1.wav,2.2533333333333334,0.0
praat6_cc_auto,phone_F1.wav,2.256666666666667,0.0
praat6_cc_auto,phone_F1.wav,2.26,0.0
praat6_cc_auto,phone_F1.wav,2.263333333333333,0.0
praat6_cc_auto,phone_F1.wav,2.2666666666666666,0.0
praat6_cc_auto,phone_F1.wav,2.27,0.0
praat6_cc_auto,phone_F1.wav,2.2733333333333334,0.0
praat6_cc_auto,phone_F1.wav,2.276666666666667,0.0
praat6_cc_auto,phone_F1.wav,2.28,0.0
praat6_cc_auto,phone_F1.wav,2.283333333333333,0.0
praat6_cc_auto,phone_F1.wav,2.2866666666666666,0.0
praat6_cc_auto,phone_F1.wav,2.29,0.0
praat6_cc_auto,phone_F1.wav,2.2933333333333334,234.05039950556395
praat6_cc_auto,phone_F1.wav,2.296666666666667,235.73532722181235
praat6_cc_auto,phone_F1.wav,2.3,233.88288073025262
praat6_cc_auto,phone_F1.wav,2.3033333333333332,233.9951256907909
praat6_cc_auto,phone_F1.wav,2.3066666666666666,234.17377261877087
praat6_cc_auto,phone_F1.wav,2.31,234.16711715370394
praat6_cc_auto,phone_F1.wav,2.3133333333333335,235.2087199875606
praat6_cc_auto,phone_F1.wav,2.316666666666667,236.03170222996079
praat6_cc_auto,phone_F1.wav,2.32,237.15916845299603
praat6_cc_auto,phone_F1.wav,2.3233333333333333,238.05305055574416
praat6_cc_auto,phone_F1.wav,2.3266666666666667,239.42655511542532
praat6_cc_auto,phone_F1.wav,2.33,241.14739653554753
praat6_cc_auto,phone_F1.wav,2.3333333333333335,241.78230580460755
praat6_cc_auto,phone_F1.wav,2.336666666666667,241.84052834000732
praat6_cc_auto,phone_F1.wav,2.34,241.7705210572386
praat6_cc_auto,phone_F1.wav,2.3433333333333333,241.60373558342377
praat6_cc_auto,phone_F1.wav,2.3466666666666667,241.46894878117143
praat6_cc_auto,phone_F1.wav,2.35,0.0
praat6_cc_auto,phone_F1.wav,2.3533333333333335,0.0
praat6_cc_auto,phone_F1.wav,2.3566666666666665,0.0
praat6_cc_auto,phone_F1.wav,2.36,0.0
praat6_cc_auto,phone_F1.wav,2.3633333333333333,0.0
praat6_cc_auto,phone_F1.wav,2.3666666666666667,0.0
praat6_cc_auto,phone_F1.wav,2.37,0.0
praat6_cc_auto,phone_F1.wav,2.3733333333333335,0.0
praat6_cc_auto,phone_F1.wav,2.3766666666666665,0.0
praat6_cc_auto,phone_F1.wav,2.38,0.0
praat6_cc_auto,phone_F1.wav,2.3833333333333333,0.0
praat6_cc_auto,phone_F1.wav,2.3866666666666667,0.0
praat6_cc_auto,phone_F1.wav,2.39,0.0
praat6_cc_auto,phone_F1.wav,2.3933333333333335,0.0
praat6_cc_auto,phone_F1.wav,2.3966666666666665,0.0
praat6_cc_auto,phone_F1.wav,2.4,0.0
praat6_cc_auto,phone_F1.wav,2.4033333333333333,0.0
praat6_cc_auto,phone_F1.wav,2.4066666666666667,239.5045090971606
praat6_cc_auto,phone_F1.wav,2.41,245.91826989864074
praat6_cc_auto,phone_F1.wav,2.4133333333333336,265.4177226370174
praat6_cc_auto,phone_F1.wav,2.4166666666666665,254.69814833403476
praat6_cc_auto,phone_F1.wav,2.42,250.53598463889477
praat6_cc_auto,phone_F1.wav,2.4233333333333333,246.01583429040946
praat6_cc_auto,phone_F1.wav,2.4266666666666667,238.1970546350872
praat6_cc_auto,phone_F1.wav,2.43,226.7002104941797
praat6_cc_auto,phone_F1.wav,2.4333333333333336,216.98587100909643
praat6_cc_auto,phone_F1.wav,2.4366666666666665,211.4369326026745
praat6_cc_auto,phone_F1.wav,2.44,203.9317930444643
praat6_cc_auto,phone_F1.wav,2.4433333333333334,203.64805921482196
praat6_cc_auto,phone_F1.wav,2.4466666666666668,199.77722122253306
praat6_cc_auto,phone_F1.wav,2.45,193.90081012676134
praat6_cc_auto,phone_F1.wav,2.453333333333333,190.08349623132767
praat6_cc_auto,phone_F1.wav,2.4566666666666666,189.0377002424683
praat6_cc_auto,phone_F1.wav,2.46,190.06957738107087
praat6_cc_auto,phone_F1.wav,2.4633333333333334,0.0
praat6_cc_auto,phone_F1.wav,2.466666666666667,0.0
praat6_cc_auto,phone_F1.wav,2.47,0.0
praat6_cc_auto,phone_F1.wav,2.473333333333333,0.0
praat6_cc_auto,phone_F1.wav,2.4766666666666666,0.0
praat6_cc_auto,phone_F1.wav,2.48,191.66012575598808
praat6_cc_auto,phone_F1.wav,2.4833333333333334,190.76395642813384
praat6_cc_auto,phone_F1.wav,2.486666666666667,190.84369736467573
praat6_cc_auto,phone_F1.wav,2.49,192.26283158995736
praat6_cc_auto,phone_F1.wav,2.493333333333333,194.45835283758657
praat6_cc_auto,phone_F1.wav,2.4966666666666666,195.9361071052593
praat6_cc_auto,phone_F1.wav,2.5,205.81718422284274
praat6_cc_auto,phone_F1.wav,2.5033333333333334,0.0
praat6_cc_auto,phone_F1.wav,2.506666666666667,0.0
praat6_cc_auto,phone_F1.wav,2.5100000000000002,0.0
praat6_cc_auto,phone_F1.wav,2.513333333333333,0.0
praat6_cc_auto,phone_F1.wav,2.5166666666666666,0.0
praat6_cc_auto,phone_F1.wav,2.52,0.0
praat6_cc_auto,phone_F1.wav,2.5233333333333334,0.0
praat6_cc_auto,phone_F1.wav,2.526666666666667,0.0
praat6_cc_auto,phone_F1.wav,2.53,0.0
praat6_cc_auto,phone_F1.wav,2.533333333333333,0.0
praat6_cc_auto,phone_F1.wav,2.5366666666666666,0.0
praat6_cc_auto,phone_F1.wav,2.54,0.0
praat6_cc_auto,phone_F1.wav,2.5433333333333334,0.0
praat6_cc_auto,phone_F1.wav,2.546666666666667,0.0
praat6_cc_auto,phone_F1.wav,2.55,0.0
praat6_cc_auto,phone_F1.wav,2.5533333333333332,0.0
praat6_cc_auto,phone_F1.wav,2.5566666666666666,0.0
praat6_cc_auto,phone_F1.wav,2.56,0.0
praat6_cc_auto,phone_F1.wav,2.5633333333333335,0.0
praat6_cc_auto,phone_F1.wav,2.566666666666667,0.0
praat6_cc_auto,phone_F1.wav,2.57,0.0
praat6_cc_auto,phone_F1.wav,2.5733333333333333,0.0
praat6_cc_auto,phone_F1.wav,2.5766666666666667,0.0
praat6_cc_auto,phone_F1.wav,2.58,0.0
praat6_cc_auto,phone_F1.wav,2.5833333333333335,0.0
praat6_cc_auto,phone_F1.wav,2.586666666666667,0.0
praat6_cc_auto,phone_F1.wav,2.59,0.0
praat6_cc_auto,phone_F1.wav,2.5933333333333333,0.0
praat6_cc_auto,phone_F1.wav,2.5966666666666667,0.0
praat6_cc_auto,phone_F1.wav,2.6,0.0
praat6_cc_auto,phone_F1.wav,2.6033333333333335,0.0
praat6_cc_auto,phone_F1.wav,2.606666666666667,0.0
praat6_cc_auto,phone_F1.wav,2.61,0.0
praat6_cc_auto,phone_F1.wav,2.6133333333333333,0.0
praat6_cc_auto,phone_F1.wav,2.6166666666666667,0.0
praat6_cc_auto,phone_F1.wav,2.62,0.0
praat6_cc_auto,phone_F1.wav,2.6233333333333335,0.0
praat6_cc_auto,phone_F1.wav,2.6266666666666665,0.0
praat6_cc_auto,phone_F1.wav,2.63,0.0
praat6_cc_auto,phone_F1.wav,2.6333333333333333,0.0
praat6_cc_auto,phone_F1.wav,2.6366666666666667,0.0
praat6_cc_auto,phone_F1.wav,2.64,0.0
praat6_cc_auto,phone_F1.wav,2.6433333333333335,0.0
praat6_cc_auto,phone_F1.wav,2.6466666666666665,0.0
praat6_cc_auto,phone_F1.wav,2.65,0.0
praat6_cc_auto,phone_F1.wav,2.6533333333333333,0.0
praat6_cc_auto,phone_F1.wav,2.6566666666666667,0.0
praat6_cc_auto,phone_F1.wav,2.66,221.1841673786706
praat6_cc_auto,phone_F1.wav,2.6633333333333336,224.17185541934887
praat6_cc_auto,phone_F1.wav,2.6666666666666665,231.88741029463992
praat6_cc_auto,phone_F1.wav,2.67,217.4180100270101
praat6_cc_auto,phone_F1.wav,2.6733333333333333,204.59328506685247
praat6_cc_auto,phone_F1.wav,2.6766666666666667,202.44179469953042
praat6_cc_auto,phone_F1.wav,2.68,200.50815881382977
praat6_cc_auto,phone_F1.wav,2.6833333333333336,199.555683010523
praat6_cc_auto,phone_F1.wav,2.6866666666666665,198.37951707971655
praat6_cc_auto,phone_F1.wav,2.69,197.1044817064907
praat6_cc_auto,phone_F1.wav,2.6933333333333334,196.56667341524405
praat6_cc_auto,phone_F1.wav,2.6966666666666668,195.96466964237678
praat6_cc_auto,phone_F1.wav,2.7,195.13340374705487
praat6_cc_auto,phone_F1.wav,2.7033333333333336,194.46744503336362
praat6_cc_auto,phone_F1.wav,2.7066666666666666,193.61409486894854
praat6_cc_auto,phone_F1.wav,2.71,192.41179505284427
praat6_cc_auto,phone_F1.wav,2.7133333333333334,191.2750168379411
praat6_cc_auto,phone_F1.wav,2.716666666666667,190.53989005986992
praat6_cc_auto,phone_F1.wav,2.72,189.30302346576067
praat6_cc_auto,phone_F1.wav,2.723333333333333,187.7918710276408
praat6_cc_auto,phone_F1.wav,2.7266666666666666,187.12532002025742
praat6_cc_auto,phone_F1.wav,2.73,185.01950485998302
praat6_cc_auto,phone_F1.wav,2.7333333333333334,184.06300828551792
praat6_cc_auto,phone_F1.wav,2.736666666666667,182.66552978831103
praat6_cc_auto,phone_F1.wav,2.74,0.0
praat6_cc_auto,phone_F1.wav,2.743333333333333,0.0
praat6_cc_auto,phone_F1.wav,2.7466666666666666,0.0
praat6_cc_auto,phone_F1.wav,2.75,0.0
praat6_cc_auto,phone_F1.wav,2.7533333333333334,0.0
praat6_cc_auto,phone_F1.wav,2.756666666666667,0.0
praat6_cc_auto,phone_F1.wav,2.7600000000000002,0.0
praat6_cc_auto,phone_F1.wav,2.763333333333333,0.0
praat6_cc_auto,phone_F1.wav,2.7666666666666666,0.0
praat6_cc_auto,phone_F1.wav,2.77,0.0
praat6_cc_auto,phone_F1.wav,2.7733333333333334,0.0
praat6_cc_auto,phone_F1.wav,2.776666666666667,0.0
praat6_cc_auto,phone_F1.wav,2.7800000000000002,0.0
praat6_cc_auto,phone_F1.wav,2.783333333333333,0.0
praat6_cc_auto,phone_F1.wav,2.7866666666666666,0.0
praat6_cc_auto,phone_F1.wav,2.79,0.0
praat6_cc_auto,phone_F1.wav,2.7933333333333334,0.0
praat6_cc_auto,phone_F1.wav,2.796666666666667,0.0
praat6_cc_auto,phone_F1.wav,2.8,0.0
praat6_cc_auto,phone_F1.wav,2.8033333333333332,0.0
praat6_cc_auto,phone_F1.wav,2.8066666666666666,0.0
praat6_cc_auto,phone_F1.wav,2.81,0.0
praat6_cc_auto,phone_F1.wav,2.8133333333333335,0.0
praat6_cc_auto,phone_F1.wav,2.816666666666667,0.0
praat6_cc_auto,phone_F1.wav,2.82,0.0
praat6_cc_auto,phone_F1.wav,2.8233333333333333,0.0
praat6_cc_auto,phone_F1.wav,2.8266666666666667,0.0
praat6_cc_auto,phone_F1.wav,2.83,0.0
praat6_cc_auto,phone_F1.wav,2.8333333333333335,0.0
praat6_cc_auto,phone_F1.wav,2.836666666666667,0.0
praat6_cc_auto,phone_F1.wav,2.84,0.0
praat6_cc_auto,phone_F1.wav,2.8433333333333333,0.0
praat6_cc_auto,phone_F1.wav,2.8466666666666667,0.0
praat6_cc_auto,phone_F1.wav,2.85,0.0
praat6_cc_auto,phone_F1.wav,2.8533333333333335,0.0
praat6_cc_auto,phone_F1.wav,2.856666666666667,0.0
praat6_cc_auto,phone_F1.wav,2.86,0.0
praat6_cc_auto,phone_F1.wav,2.8633333333333333,0.0
praat6_cc_auto,phone_F1.wav,2.8666666666666667,0.0
praat6_cc_auto,phone_F1.wav,2.87,0.0
praat6_cc_auto,phone_F1.wav,2.8733333333333335,0.0
praat6_cc_auto,phone_F1.wav,2.876666666666667,0.0
praat6_cc_auto,phone_F1.wav,2.88,0.0
praat6_cc_auto,phone_F1.wav,2.8833333333333333,0.0
praat6_cc_auto,phone_F1.wav,2.8866666666666667,0.0
praat6_cc_auto,phone_F1.wav,2.89,0.0
praat6_cc_auto,phone_F1.wav,2.8933333333333335,0.0
praat6_cc_auto,phone_F1.wav,2.8966666666666665,0.0
praat6_cc_auto,phone_F1.wav,2.9,0.0
praat6_cc_auto,phone_F1.wav,2.9033333333333333,0.0
praat6_cc_auto,phone_F1.wav,2.9066666666666667,0.0
praat6_cc_auto,phone_F1.wav,2.91,0.0
praat6_cc_auto,phone_F1.wav,2.9133333333333336,0.0
praat6_cc_auto,phone_F1.wav,2.9166666666666665,0.0
praat6_cc_auto,phone_F1.wav,2.92,0.0
praat6_cc_auto,phone_F1.wav,2.9233333333333333,0.0
praat6_cc_auto,phone_F1.wav,2.9266666666666667,0.0
praat6_cc_auto,phone_F1.wav,2.93,0.0
praat6_cc_auto,phone_F1.wav,2.9333333333333336,0.0
praat6_cc_auto,phone_F1.wav,2.9366666666666665,0.0
praat6_cc_auto,phone_F1.wav,2.94,0.0
praat6_cc_auto,phone_F1.wav,2.9433333333333334,0.0
praat6_cc_auto,phone_F1.wav,2.9466666666666668,0.0
praat6_cc_auto,phone_F1.wav,2.95,0.0
praat6_cc_auto,phone_F1.wav,2.9533333333333336,0.0
praat6_cc_auto,phone_F1.wav,2.9566666666666666,0.0
praat6_cc_auto,phone_F1.wav,2.96,0.0
praat6_cc_auto,phone_F1.wav,2.9633333333333334,0.0
praat6_cc_auto,phone_F1.wav,2.966666666666667,0.0
praat6_cc_auto,phone_F1.wav,2.97,0.0
praat6_cc_auto,phone_F1.wav,2.9733333333333336,0.0
praat6_cc_auto,phone_F1.wav,2.9766666666666666,0.0
praat6_cc_auto,phone_F1.wav,2.98,0.0
praat6_cc_auto,phone_F1.wav,2.9833333333333334,0.0
praat6_cc_auto,phone_F1.wav,2.986666666666667,0.0
praat6_cc_auto,phone_F1.wav,2.99,0.0
praat6_cc_auto,phone_F1.wav,2.993333333333333,0.0
praat6_cc_auto,phone_F1.wav,2.9966666666666666,0.0
praat6_cc_auto,phone_F1.wav,3.0,0.0
praat6_cc_auto,phone_F1.wav,3.0033333333333334,0.0
praat6_cc_auto,phone_F1.wav,3.006666666666667,0.0
praat6_cc_auto,phone_F1.wav,3.0100000000000002,0.0
praat6_cc_auto,phone_F1.wav,3.013333333333333,0.0
praat6_cc_auto,phone_F1.wav,3.0166666666666666,0.0
praat6_cc_auto,phone_F1.wav,3.02,0.0
praat6_cc_auto,phone_F1.wav,3.0233333333333334,0.0
praat6_cc_auto,phone_F1.wav,3.026666666666667,0.0
praat6_cc_auto,phone_F1.wav,3.0300000000000002,0.0
praat6_cc_auto,phone_F1.wav,3.033333333333333,0.0
praat6_cc_auto,phone_F1.wav,3.0366666666666666,0.0
praat6_cc_auto,phone_F1.wav,3.04,0.0
praat6_cc_auto,phone_F1.wav,3.0433333333333334,0.0
praat6_cc_auto,phone_F1.wav,3.046666666666667,0.0
praat6_cc_auto,phone_F1.wav,3.0500000000000003,0.0
praat6_cc_auto,phone_F1.wav,3.0533333333333332,0.0
praat6_cc_auto,phone_F1.wav,3.0566666666666666,0.0
praat6_cc_auto,phone_F1.wav,3.06,0.0
praat6_cc_auto,phone_F1.wav,3.0633333333333335,0.0
praat6_cc_auto,phone_F1.wav,3.066666666666667,0.0
praat6_cc_auto,phone_F1.wav,3.07,0.0
praat6_cc_auto,phone_F1.wav,3.0733333333333333,0.0
praat6_cc_auto,phone_F1.wav,3.0766666666666667,0.0
praat6_cc_auto,phone_F1.wav,3.08,0.0
praat6_cc_auto,phone_F1.wav,3.0833333333333335,0.0
praat6_cc_auto,phone_F1.wav,3.086666666666667,0.0
praat6_cc_auto,phone_F1.wav,3.09,0.0
praat6_cc_auto,phone_F1.wav,3.0933333333333333,0.0
praat6_cc_auto,phone_F1.wav,3.0966666666666667,0.0
praat6_cc_auto,phone_F1.wav,3.1,0.0
praat6_cc_auto,phone_F1.wav,3.1033333333333335,0.0
praat6_cc_auto,phone_F1.wav,3.106666666666667,0.0
praat6_cc_auto,phone_F1.wav,3.11,0.0
praat6_cc_auto,phone_F1.wav,3.1133333333333333,0.0
praat6_cc_auto,phone_F1.wav,3.1166666666666667,0.0
praat6_cc_auto,phone_F1.wav,3.12,0.0
praat6_cc_auto,phone_F1.wav,3.1233333333333335,0.0
praat6_cc_auto,phone_F1.wav,3.126666666666667,0.0
praat6_cc_auto,phone_F1.wav,3.13,0.0
praat6_cc_auto,phone_F1.wav,3.1333333333333333,0.0
praat6_cc_auto,phone_F1.wav,3.1366666666666667,0.0
praat6_cc_auto,phone_F1.wav,3.14,0.0
praat6_cc_auto,phone_F1.wav,3.1433333333333335,0.0
praat6_cc_auto,phone_F1.wav,3.146666666666667,0.0
praat6_cc_auto,phone_F1.wav,3.15,0.0
praat6_cc_auto,phone_F1.wav,3.1533333333333333,0.0
praat6_cc_auto,phone_F1.wav,3.1566666666666667,0.0
praat6_cc_auto,phone_F1.wav,3.16,0.0
praat6_cc_auto,phone_F1.wav,3.1633333333333336,0.0
praat6_cc_auto,phone_F1.wav,3.1666666666666665,389.21901586593606
praat6_cc_auto,phone_F1.wav,3.17,388.05739394651107
praat6_cc_auto,phone_F1.wav,3.1733333333333333,391.6397873168375
praat6_cc_auto,phone_F1.wav,3.1766666666666667,392.2848618870569
praat6_cc_auto,phone_F1.wav,3.18,393.9862076544207
praat6_cc_auto,phone_F1.wav,3.1833333333333336,396.15262298974665
praat6_cc_auto,phone_F1.wav,3.1866666666666665,396.1046521594661
praat6_cc_auto,phone_F1.wav,3.19,397.9849850895455
praat6_cc_auto,phone_F1.wav,3.1933333333333334,396.23378970308363
praat6_cc_auto,phone_F1.wav,3.1966666666666668,398.3220500139379
praat6_cc_auto,phone_F1.wav,3.2,0.0
praat6_cc_auto,phone_F1.wav,3.2033333333333336,0.0
praat6_cc_auto,phone_F1.wav,3.2066666666666666,0.0
praat6_cc_auto,phone_F1.wav,3.21,0.0
praat6_cc_auto,phone_F1.wav,3.2133333333333334,0.0
praat6_cc_auto,phone_F1.wav,3.216666666666667,0.0
praat6_cc_auto,phone_F1.wav,3.22,0.0
praat6_cc_auto,phone_F1.wav,3.2233333333333336,0.0
praat6_cc_auto,phone_F1.wav,3.2266666666666666,0.0
praat6_cc_10ms,phone_F1.wav,0.01500000000000001,0.0
praat6_cc_10ms,phone_F1.wav,0.02500000000000001,0.0
praat6_cc_10ms,phone_F1.wav,0.03500000000000001,0.0
praat6_cc_10ms,phone_F1.wav,0.04500000000000001,0.0
praat6_cc_10ms,phone_F1.wav,0.05500000000000001,0.0
praat6_cc_10ms,phone_F1.wav,0.06500000000000002,0.0
praat6_cc_10ms,phone_F1.wav,0.07500000000000001,0.0
praat6_cc_10ms,phone_F1.wav,0.08500000000000002,0.0
praat6_cc_10ms,phone_F1.wav,0.09500000000000001,0.0
praat6_cc_10ms,phone_F1.wav,0.10500000000000001,0.0
praat6_cc_10ms,phone_F1.wav,0.11500000000000002,0.0
praat6_cc_10ms,phone_F1.wav,0.125,0.0
praat6_cc_10ms,phone_F1.wav,0.135,0.0
praat6_cc_10ms,phone_F1.wav,0.14500000000000002,0.0
praat6_cc_10ms,phone_F1.wav,0.15500000000000003,0.0
praat6_cc_10ms,phone_F1.wav,0.165,0.0
praat6_cc_10ms,phone_F1.wav,0.17500000000000002,0.0
praat6_cc_10ms,phone_F1.wav,0.18500000000000003,0.0
praat6_cc_10ms,phone_F1.wav,0.195,0.0
praat6_cc_10ms,phone_F1.wav,0.20500000000000002,0.0
praat6_cc_10ms,phone_F1.wav,0.21500000000000002,0.0
praat6_cc_10ms,phone_F1.wav,0.225,0.0
praat6_cc_10ms,phone_F1.wav,0.23500000000000001,0.0
praat6_cc_10ms,phone_F1.wav,0.24500000000000002,0.0
praat6_cc_10ms,phone_F1.wav,0.255,0.0
praat6_cc_10ms,phone_F1.wav,0.265,0.0
praat6_cc_10ms,phone_F1.wav,0.275,0.0
praat6_cc_10ms,phone_F1.wav,0.28500000000000003,0.0
praat6_cc_10ms,phone_F1.wav,0.29500000000000004,0.0
praat6_cc_10ms,phone_F1.wav,0.305,0.0
praat6_cc_10ms,phone_F1.wav,0.315,0.0
praat6_cc_10ms,phone_F1.wav,0.325,0.0
praat6_cc_10ms,phone_F1.wav,0.335,0.0
praat6_cc_10ms,phone_F1.wav,0.34500000000000003,0.0
praat6_cc_10ms,phone_F1.wav,0.35500000000000004,0.0
praat6_cc_10ms,phone_F1.wav,0.36500000000000005,0.0
praat6_cc_10ms,phone_F1.wav,0.375,0.0
praat6_cc_10ms,phone_F1.wav,0.385,0.0
praat6_cc_10ms,phone_F1.wav,0.395,0.0
praat6_cc_10ms,phone_F1.wav,0.405,0.0
praat6_cc_10ms,phone_F1.wav,0.41500000000000004,0.0
praat6_cc_10ms,phone_F1.wav,0.42500000000000004,0.0
praat6_cc_10ms,phone_F1.wav,0.435,0.0
praat6_cc_10ms,phone_F1.wav,0.445,0.0
praat6_cc_10ms,phone_F1.wav,0.455,0.0
praat6_cc_10ms,phone_F1.wav,0.465,0.0
praat6_cc_10ms,phone_F1.wav,0.47500000000000003,0.0
praat6_cc_10ms,phone_F1.wav,0.48500000000000004,0.0
praat6_cc_10ms,phone_F1.wav,0.495,0.0
praat6_cc_10ms,phone_F1.wav,0.505,0.0
praat6_cc_10ms,phone_F1.wav,0.515,0.0
praat6_cc_10ms,phone_F1.wav,0.525,0.0
praat6_cc_10ms,phone_F1.wav,0.535,0.0
praat6_cc_10ms,phone_F1.wav,0.545,205.0025661563223
praat6_cc_10ms,phone_F1.wav,0.555,225.7208762819942
praat6_cc_10ms,phone_F1.wav,0.5650000000000001,222.7722301633462
praat6_cc_10ms,phone_F1.wav,0.5750000000000001,215.9133322107035
praat6_cc_10ms,phone_F1.wav,0.5850000000000001,218.68807244785057
praat6_cc_10ms,phone_F1.wav,0.595,218.13754509347442
praat6_cc_10ms,phone_F1.wav,0.605,218.03754828143772
praat6_cc_10ms,phone_F1.wav,0.615,218.17664958359055
praat6_cc_10ms,phone_F1.wav,0.625,221.2798910308513
praat6_cc_10ms,phone_F1.wav,0.635,224.81316410007128
praat6_cc_10ms,phone_F1.wav,0.645,228.92048544329253
praat6_cc_10ms,phone_F1.wav,0.655,231.47777660959383
praat6_cc_10ms,phone_F1.wav,0.665,231.3965130929464
praat6_cc_10ms,phone_F1.wav,0.675,227.7297259754828
praat6_cc_10ms,phone_F1.wav,0.685,228.16935192838753
praat6_cc_10ms,phone_F1.wav,0.6950000000000001,229.2951699852984
praat6_cc_10ms,phone_F1.wav,0.7050000000000001,229.94648179932142
praat6_cc_10ms,phone_F1.wav,0.7150000000000001,230.7511446840659
praat6_cc_10ms,phone_F1.wav,0.725,231.8413485133908
praat6_cc_10ms,phone_F1.wav,0.735,232.87279082956877
praat6_cc_10ms,phone_F1.wav,0.745,230.75584748084447
praat6_cc_10ms,phone_F1.wav,0.755,230.61025543393401
praat6_cc_10ms,phone_F1.wav,0.765,234.40199739638723
praat6_cc_10ms,phone_F1.wav,0.775,230.29077901258847
praat6_cc_10ms,phone_F1.wav,0.785,227.0143125965288
praat6_cc_10ms,phone_F1.wav,0.795,220.89404134283672
praat6_cc_10ms,phone_F1.wav,0.805,214.61657512110932
praat6_cc_10ms,phone_F1.wav,0.8150000000000001,237.7675999988651
praat6_cc_10ms,phone_F1.wav,0.8250000000000001,234.85394040806602
praat6_cc_10ms,phone_F1.wav,0.8350000000000001,235.33505142990404
praat6_cc_10ms,phone_F1.wav,0.8450000000000001,236.057855010139
praat6_cc_10ms,phone_F1.wav,0.855,239.23995754593142
praat6_cc_10ms,phone_F1.wav,0.865,241.50676257759946
praat6_cc_10ms,phone_F1.wav,0.875,241.875286981706
praat6_cc_10ms,phone_F1.wav,0.885,243.14192801164006
praat6_cc_10ms,phone_F1.wav,0.895,248.72315962369092
praat6_cc_10ms,phone_F1.wav,0.905,249.92131631201036
praat6_cc_10ms,phone_F1.wav,0.915,247.9613875460352
praat6_cc_10ms,phone_F1.wav,0.925,248.31105220576922
praat6_cc_10ms,phone_F1.wav,0.935,244.38849578295367
praat6_cc_10ms,phone_F1.wav,0.9450000000000001,244.91189223748347
praat6_cc_10ms,phone_F1.wav,0.9550000000000001,241.0154407706797
praat6_cc_10ms,phone_F1.wav,0.9650000000000001,236.05398770761917
praat6_cc_10ms,phone_F1.wav,0.975,226.75496578732339
praat6_cc_10ms,phone_F1.wav,0.985,219.30537490299398
praat6_cc_10ms,phone_F1.wav,0.995,219.12682607175924
praat6_cc_10ms,phone_F1.wav,1.005,233.12751417178782
praat6_cc_10ms,phone_F1.wav,1.015,234.16709777809606
praat6_cc_10ms,phone_F1.wav,1.025,241.39762006521008
praat6_cc_10ms,phone_F1.wav,1.035,227.8748729577403
praat6_cc_10ms,phone_F1.wav,1.045,226.023710553317
praat6_cc_10ms,phone_F1.wav,1.055,226.893946239268
praat6_cc_10ms,phone_F1.wav,1.065,226.85311224592033
praat6_cc_10ms,phone_F1.wav,1.075,233.47999634108484
praat6_cc_10ms,phone_F1.wav,1.085,235.9655229277399
praat6_cc_10ms,phone_F1.wav,1.095,243.97072895828046
praat6_cc_10ms,phone_F1.wav,1.105,246.209673466775
praat6_cc_10ms,phone_F1.wav,1.115,245.00080128426902
praat6_cc_10ms,phone_F1.wav,1.125,243.87945708207954
praat6_cc_10ms,phone_F1.wav,1.135,238.4747004299537
praat6_cc_10ms,phone_F1.wav,1.145,245.22118753385845
praat6_cc_10ms,phone_F1.wav,1.155,0.0
praat6_cc_10ms,phone_F1.wav,1.165,0.0
praat6_cc_10ms,phone_F1.wav,1.1749999999999998,0.0
praat6_cc_10ms,phone_F1.wav,1.1849999999999998,0.0
praat6_cc_10ms,phone_F1.wav,1.1949999999999998,0.0
praat6_cc_10ms,phone_F1.wav,1.2049999999999998,0.0
praat6_cc_10ms,phone_F1.wav,1.2149999999999999,0.0
praat6_cc_10ms,phone_F1.wav,1.2249999999999999,0.0
praat6_cc_10ms,phone_F1.wav,1.2349999999999999,201.39069332583153
praat6_cc_10ms,phone_F1.wav,1.2449999999999999,187.87562774950487
praat6_cc_10ms,phone_F1.wav,1.255,184.63172773037772
praat6_cc_10ms,phone_F1.wav,1.265,180.15401251428722
praat6_cc_10ms,phone_F1.wav,1.275,178.67804860178057
praat6_cc_10ms,phone_F1.wav,1.285,182.91118795021396
praat6_cc_10ms,phone_F1.wav,1.295,183.13559883181648
praat6_cc_10ms,phone_F1.wav,1.305,183.47077185235167
praat6_cc_10ms,phone_F1.wav,1.315,181.80848435629719
praat6_cc_10ms,phone_F1.wav,1.325,180.97361919985792
praat6_cc_10ms,phone_F1.wav,1.335,180.19543046671407
praat6_cc_10ms,phone_F1.wav,1.345,174.74250314019886
praat6_cc_10ms,phone_F1.wav,1.355,0.0
praat6_cc_10ms,phone_F1.wav,1.365,0.0
praat6_cc_10ms,phone_F1.wav,1.375,0.0
praat6_cc_10ms,phone_F1.wav,1.385,0.0
praat6_cc_10ms,phone_F1.wav,1.395,0.0
praat6_cc_10ms,phone_F1.wav,1.405,0.0
praat6_cc_10ms,phone_F1.wav,1.415,0.0
praat6_cc_10ms,phone_F1.wav,1.4249999999999998,0.0
praat6_cc_10ms,phone_F1.wav,1.4349999999999998,0.0
praat6_cc_10ms,phone_F1.wav,1.4449999999999998,0.0
praat6_cc_10ms,phone_F1.wav,1.4549999999999998,0.0
praat6_cc_10ms,phone_F1.wav,1.4649999999999999,222.89299008777428
praat6_cc_10ms,phone_F1.wav,1.4749999999999999,212.54063532480106
praat6_cc_10ms,phone_F1.wav,1.4849999999999999,203.81137740551412
praat6_cc_10ms,phone_F1.wav,1.4949999999999999,199.72962097721117
praat6_cc_10ms,phone_F1.wav,1.505,197.01494237726973
praat6_cc_10ms,phone_F1.wav,1.515,195.50513186971557
praat6_cc_10ms,phone_F1.wav,1.525,194.23524989180504
praat6_cc_10ms,phone_F1.wav,1.535,192.8781890908736
praat6_cc_10ms,phone_F1.wav,1.545,191.52590206088928
praat6_cc_10ms,phone_F1.wav,1.555,190.15607106215333
praat6_cc_10ms,phone_F1.wav,1.565,187.87202409068215
praat6_cc_10ms,phone_F1.wav,1.575,186.35481923697515
praat6_cc_10ms,phone_F1.wav,1.585,188.05276575502077
praat6_cc_10ms,phone_F1.wav,1.595,233.66946975438447
praat6_cc_10ms,phone_F1.wav,1.605,246.2352332927967
praat6_cc_10ms,phone_F1.wav,1.615,239.15794119625934
praat6_cc_10ms,phone_F1.wav,1.625,216.3138194223492
praat6_cc_10ms,phone_F1.wav,1.635,244.1351437664632
praat6_cc_10ms,phone_F1.wav,1.645,252.59954619847343
praat6_cc_10ms,phone_F1.wav,1.655,235.76979725747745
praat6_cc_10ms,phone_F1.wav,1.665,241.33714242173275
praat6_cc_10ms,phone_F1.wav,1.675,231.07021835968283
praat6_cc_10ms,phone_F1.wav,1.6849999999999998,250.1798720692908
praat6_cc_10ms,phone_F1.wav,1.6949999999999998,0.0
praat6_cc_10ms,phone_F1.wav,1.7049999999999998,0.0
praat6_cc_10ms,phone_F1.wav,1.7149999999999999,0.0
praat6_cc_10ms,phone_F1.wav,1.7249999999999999,0.0
praat6_cc_10ms,phone_F1.wav,1.7349999999999999,0.0
praat6_cc_10ms,phone_F1.wav,1.7449999999999999,0.0
praat6_cc_10ms,phone_F1.wav,1.755,0.0
praat6_cc_10ms,phone_F1.wav,1.765,0.0
praat6_cc_10ms,phone_F1.wav,1.775,0.0
praat6_cc_10ms,phone_F1.wav,1.785,0.0
praat6_cc_10ms,phone_F1.wav,1.795,0.0
praat6_cc_10ms,phone_F1.wav,1.805,0.0
praat6_cc_10ms,phone_F1.wav,1.815,0.0
praat6_cc_10ms,phone_F1.wav,1.825,0.0
praat6_cc_10ms,phone_F1.wav,1.835,226.38262452252465
praat6_cc_10ms,phone_F1.wav,1.845,229.59951066528959
praat6_cc_10ms,phone_F1.wav,1.855,204.53885295628308
praat6_cc_10ms,phone_F1.wav,1.865,209.6987902280627
praat6_cc_10ms,phone_F1.wav,1.875,206.4794432065131
praat6_cc_10ms,phone_F1.wav,1.885,200.4757441072977
praat6_cc_10ms,phone_F1.wav,1.895,199.97416106666492
praat6_cc_10ms,phone_F1.wav,1.905,202.30337594431174
praat6_cc_10ms,phone_F1.wav,1.915,218.36137944463215
praat6_cc_10ms,phone_F1.wav,1.925,220.9965906558488
praat6_cc_10ms,phone_F1.wav,1.9349999999999998,226.74022208639533
praat6_cc_10ms,phone_F1.wav,1.9449999999999998,225.87717778736288
praat6_cc_10ms,phone_F1.wav,1.9549999999999998,223.9751589265717
praat6_cc_10ms,phone_F1.wav,1.9649999999999999,223.1826122005508
praat6_cc_10ms,phone_F1.wav,1.9749999999999999,222.46293506146108
praat6_cc_10ms,phone_F1.wav,1.9849999999999999,220.79875419943016
praat6_cc_10ms,phone_F1.wav,1.9949999999999999,218.64226977887878
praat6_cc_10ms,phone_F1.wav,2.005,216.86123712671096
praat6_cc_10ms,phone_F1.wav,2.015,214.35198073105505
praat6_cc_10ms,phone_F1.wav,2.0250000000000004,211.09828843591742
praat6_cc_10ms,phone_F1.wav,2.035,208.25626426269156
praat6_cc_10ms,phone_F1.wav,2.0450000000000004,184.51360861468947
praat6_cc_10ms,phone_F1.wav,2.055,188.78585770738246
praat6_cc_10ms,phone_F1.wav,2.065,188.9881732334861
praat6_cc_10ms,phone_F1.wav,2.075,189.07092583795654
praat6_cc_10ms,phone_F1.wav,2.085,205.1603516659276
praat6_cc_10ms,phone_F1.wav,2.095,204.78534203030972
praat6_cc_10ms,phone_F1.wav,2.105,201.97313704604974
praat6_cc_10ms,phone_F1.wav,2.115,200.5490124970371
praat6_cc_10ms,phone_F1.wav,2.125,199.18075886872748
praat6_cc_10ms,phone_F1.wav,2.1350000000000002,196.9480601867705
praat6_cc_10ms,phone_F1.wav,2.145,196.1965839805742
praat6_cc_10ms,phone_F1.wav,2.1550000000000002,195.45499632595926
praat6_cc_10ms,phone_F1.wav,2.165,193.6557434530631
praat6_cc_10ms,phone_F1.wav,2.1750000000000003,193.19804372344663
praat6_cc_10ms,phone_F1.wav,2.185,190.5181228757462
praat6_cc_10ms,phone_F1.wav,2.1950000000000003,188.0515598104654
praat6_cc_10ms,phone_F1.wav,2.205,192.6610878336769
praat6_cc_10ms,phone_F1.wav,2.2150000000000003,0.0
praat6_cc_10ms,phone_F1.wav,2.225,0.0
praat6_cc_10ms,phone_F1.wav,2.2350000000000003,0.0
praat6_cc_10ms,phone_F1.wav,2.245,0.0
praat6_cc_10ms,phone_F1.wav,2.2550000000000003,0.0
praat6_cc_10ms,phone_F1.wav,2.265,0.0
praat6_cc_10ms,phone_F1.wav,2.2750000000000004,0.0
praat6_cc_10ms,phone_F1.wav,2.285,246.34766960215183
praat6_cc_10ms,phone_F1.wav,2.2950000000000004,235.32793141072023
praat6_cc_10ms,phone_F1.wav,2.305,234.09612190354622
praat6_cc_10ms,phone_F1.wav,2.3150000000000004,235.3905168300428
praat6_cc_10ms,phone_F1.wav,2.325,239.09733711319248
praat6_cc_10ms,phone_F1.wav,2.335,241.82532338203114
praat6_cc_10ms,phone_F1.wav,2.345,239.93213007107101
praat6_cc_10ms,phone_F1.wav,2.355,0.0
praat6_cc_10ms,phone_F1.wav,2.365,0.0
praat6_cc_10ms,phone_F1.wav,2.375,0.0
praat6_cc_10ms,phone_F1.wav,2.3850000000000002,0.0
praat6_cc_10ms,phone_F1.wav,2.395,0.0
praat6_cc_10ms,phone_F1.wav,2.4050000000000002,0.0
praat6_cc_10ms,phone_F1.wav,2.415,259.07336876044894
praat6_cc_10ms,phone_F1.wav,2.4250000000000003,240.9967534842351
praat6_cc_10ms,phone_F1.wav,2.435,212.24634025798042
praat6_cc_10ms,phone_F1.wav,2.4450000000000003,201.01778302296054
praat6_cc_10ms,phone_F1.wav,2.455,189.60065181663927
praat6_cc_10ms,phone_F1.wav,2.4650000000000003,177.10306486479107
praat6_cc_10ms,phone_F1.wav,2.475,191.6423058198191
praat6_cc_10ms,phone_F1.wav,2.4850000000000003,190.65592851491766
praat6_cc_10ms,phone_F1.wav,2.495,196.33889733513635
praat6_cc_10ms,phone_F1.wav,2.5050000000000003,0.0
praat6_cc_10ms,phone_F1.wav,2.515,0.0
praat6_cc_10ms,phone_F1.wav,2.5250000000000004,0.0
praat6_cc_10ms,phone_F1.wav,2.535,0.0
praat6_cc_10ms,phone_F1.wav,2.5450000000000004,0.0
praat6_cc_10ms,phone_F1.wav,2.555,0.0
praat6_cc_10ms,phone_F1.wav,2.5650000000000004,0.0
praat6_cc_10ms,phone_F1.wav,2.575,0.0
praat6_cc_10ms,phone_F1.wav,2.585,0.0
praat6_cc_10ms,phone_F1.wav,2.595,0.0
praat6_cc_10ms,phone_F1.wav,2.605,0.0
praat6_cc_10ms,phone_F1.wav,2.615,0.0
praat6_cc_10ms,phone_F1.wav,2.625,0.0
praat6_cc_10ms,phone_F1.wav,2.6350000000000002,0.0
praat6_cc_10ms,phone_F1.wav,2.645,0.0
praat6_cc_10ms,phone_F1.wav,2.6550000000000002,0.0
praat6_cc_10ms,phone_F1.wav,2.665,228.42458167408577
praat6_cc_10ms,phone_F1.wav,2.6750000000000003,202.75013911711605
praat6_cc_10ms,phone_F1.wav,2.685,198.56727685436
praat6_cc_10ms,phone_F1.wav,2.6950000000000003,196.11120539808172
praat6_cc_10ms,phone_F1.wav,2.705,193.90115843099966
praat6_cc_10ms,phone_F1.wav,2.7150000000000003,190.92261188213894
praat6_cc_10ms,phone_F1.wav,2.725,187.2669022096735
praat6_cc_10ms,phone_F1.wav,2.7350000000000003,183.2143409627847
praat6_cc_10ms,phone_F1.wav,2.745,0.0
praat6_cc_10ms,phone_F1.wav,2.7550000000000003,0.0
praat6_cc_10ms,phone_F1.wav,2.765,0.0
praat6_cc_10ms,phone_F1.wav,2.7750000000000004,0.0
praat6_cc_10ms,phone_F1.wav,2.785,0.0
praat6_cc_10ms,phone_F1.wav,2.7950000000000004,0.0
praat6_cc_10ms,phone_F1.wav,2.805,0.0
praat6_cc_10ms,phone_F1.wav,2.8150000000000004,0.0
praat6_cc_10ms,phone_F1.wav,2.825,0.0
praat6_cc_10ms,phone_F1.wav,2.835,0.0
praat6_cc_10ms,phone_F1.wav,2.845,0.0
praat6_cc_10ms,phone_F1.wav,2.855,0.0
praat6_cc_10ms,phone_F1.wav,2.865,0.0
praat6_cc_10ms,phone_F1.wav,2.875,0.0
praat6_cc_10ms,phone_F1.wav,2.8850000000000002,0.0
praat6_cc_10ms,phone_F1.wav,2.895,0.0
praat6_cc_10ms,phone_F1.wav,2.9050000000000002,0.0
praat6_cc_10ms,phone_F1.wav,2.915,0.0
praat6_cc_10ms,phone_F1.wav,2.9250000000000003,0.0
praat6_cc_10ms,phone_F1.wav,2.935,0.0
praat6_cc_10ms,phone_F1.wav,2.9450000000000003,0.0
praat6_cc_10ms,phone_F1.wav,2.955,0.0
praat6_cc_10ms,phone_F1.wav,2.9650000000000003,0.0
praat6_cc_10ms,phone_F1.wav,2.975,0.0
praat6_cc_10ms,phone_F1.wav,2.9850000000000003,0.0
praat6_cc_10ms,phone_F1.wav,2.995,0.0
praat6_cc_10ms,phone_F1.wav,3.0050000000000003,0.0
praat6_cc_10ms,phone_F1.wav,3.015,0.0
praat6_cc_10ms,phone_F1.wav,3.0250000000000004,0.0
praat6_cc_10ms,phone_F1.wav,3.035,0.0
praat6_cc_10ms,phone_F1.wav,3.0450000000000004,0.0
praat6_cc_10ms,phone_F1.wav,3.055,0.0
praat6_cc_10ms,phone_F1.wav,3.0650000000000004,0.0
praat6_cc_10ms,phone_F1.wav,3.075,0.0
praat6_cc_10ms,phone_F1.wav,3.0850000000000004,0.0
praat6_cc_10ms,phone_F1.wav,3.095,0.0
praat6_cc_10ms,phone_F1.wav,3.105,0.0
praat6_cc_10ms,phone_F1.wav,3.115,0.0
praat6_cc_10ms,phone_F1.wav,3.125,0.0
praat6_cc_10ms,phone_F1.wav,3.1350000000000002,0.0
praat6_cc_10ms,phone_F1.wav,3.145,0.0
praat6_cc_10ms,phone_F1.wav,3.1550000000000002,0.0
praat6_cc_10ms,phone_F1.wav,3.165,389.5494578060845
praat6_cc_10ms,phone_F1.wav,3.1750000000000003,391.5251895713313
praat6_cc_10ms,phone_F1.wav,3.185,396.0501149785288
praat6_cc_10ms,phone_F1.wav,3.1950000000000003,396.75740897198403
praat6_cc_10ms,phone_F1.wav,3.205,0.0
praat6_cc_10ms,phone_F1.wav,3.2150000000000003,0.0
praat6_cc_10ms,phone_F1.wav,3.225,0.0
praat6_ac_auto,phone_M1.wav,0.020000000000000125,0.0
praat6_ac_auto,phone_M1.wav,0.030000000000000124,0.0
praat6_ac_auto,phone_M1.wav,0.040000000000000126,0.0
praat6_ac_auto,phone_M1.wav,0.05000000000000013,0.0
praat6_ac_auto,phone_M1.wav,0.06000000000000012,0.0
praat6_ac_auto,phone_M1.wav,0.07000000000000013,0.0
praat6_ac_auto,phone_M1.wav,0.08000000000000013,0.0
praat6_ac_auto,phone_M1.wav,0.09000000000000014,0.0
praat6_ac_auto,phone_M1.wav,0.10000000000000013,0.0
praat6_ac_auto,phone_M1.wav,0.11000000000000013,0.0
praat6_ac_auto,phone_M1.wav,0.12000000000000013,0.0
praat6_ac_auto,phone_M1.wav,0.13000000000000012,0.0
praat6_ac_auto,phone_M1.wav,0.14000000000000012,0.0
praat6_ac_auto,phone_M1.wav,0.15000000000000013,0.0
praat6_ac_auto,phone_M1.wav,0.16000000000000014,0.0
praat6_ac_auto,phone_M1.wav,0.17000000000000012,0.0
praat6_ac_auto,phone_M1.wav,0.18000000000000013,0.0
praat6_ac_auto,phone_M1.wav,0.19000000000000014,0.0
praat6_ac_auto,phone_M1.wav,0.20000000000000012,0.0
praat6_ac_auto,phone_M1.wav,0.21000000000000013,0.0
praat6_ac_auto,phone_M1.wav,0.22000000000000014,0.0
praat6_ac_auto,phone_M1.wav,0.23000000000000012,0.0
praat6_ac_auto,phone_M1.wav,0.24000000000000013,0.0
praat6_ac_auto,phone_M1.wav,0.2500000000000001,0.0
praat6_ac_auto,phone_M1.wav,0.2600000000000001,0.0
praat6_ac_auto,phone_M1.wav,0.27000000000000013,0.0
praat6_ac_auto,phone_M1.wav,0.28000000000000014,0.0
praat6_ac_auto,phone_M1.wav,0.29000000000000015,0.0
praat6_ac_auto,phone_M1.wav,0.30000000000000016,0.0
praat6_ac_auto,phone_M1.wav,0.3100000000000001,0.0
praat6_ac_auto,phone_M1.wav,0.3200000000000001,0.0
praat6_ac_auto,phone_M1.wav,0.3300000000000001,0.0
praat6_ac_auto,phone_M1.wav,0.34000000000000014,0.0
praat6_ac_auto,phone_M1.wav,0.35000000000000014,0.0
praat6_ac_auto,phone_M1.wav,0.36000000000000015,0.0
praat6_ac_auto,phone_M1.wav,0.37000000000000016,0.0
praat6_ac_auto,phone_M1.wav,0.3800000000000001,0.0
praat6_ac_auto,phone_M1.wav,0.3900000000000001,0.0
praat6_ac_auto,phone_M1.wav,0.40000000000000013,0.0
praat6_ac_auto,phone_M1.wav,0.41000000000000014,0.0
praat6_ac_auto,phone_M1.wav,0.42000000000000015,0.0
praat6_ac_auto,phone_M1.wav,0.43000000000000016,0.0
praat6_ac_auto,phone_M1.wav,0.4400000000000001,0.0
praat6_ac_auto,phone_M1.wav,0.4500000000000001,0.0
praat6_ac_auto,phone_M1.wav,0.46000000000000013,0.0
praat6_ac_auto,phone_M1.wav,0.47000000000000014,0.0
praat6_ac_auto,phone_M1.wav,0.48000000000000015,137.87740940374272
praat6_ac_auto,phone_M1.wav,0.49000000000000016,136.5282002961034
praat6_ac_auto,phone_M1.wav,0.5000000000000001,136.39381040308308
praat6_ac_auto,phone_M1.wav,0.5100000000000001,136.2766988160003
praat6_ac_auto,phone_M1.wav,0.5200000000000001,135.38242166703523
praat6_ac_auto,phone_M1.wav,0.5300000000000001,134.893439474101
praat6_ac_auto,phone_M1.wav,0.5400000000000001,135.62425702402967
praat6_ac_auto,phone_M1.wav,0.5500000000000002,136.56843751069388
praat6_ac_auto,phone_M1.wav,0.5600000000000002,137.87578314211137
praat6_ac_auto,phone_M1.wav,0.5700000000000002,135.5671557579025
praat6_ac_auto,phone_M1.wav,0.5800000000000002,137.07434466434682
praat6_ac_auto,phone_M1.wav,0.5900000000000002,137.0509171922648
praat6_ac_auto,phone_M1.wav,0.6000000000000001,137.18919307386986
praat6_ac_auto,phone_M1.wav,0.6100000000000001,137.73216218385332
praat6_ac_auto,phone_M1.wav,0.6200000000000001,138.03909758450095
praat6_ac_auto,phone_M1.wav,0.6300000000000001,138.5275464603951
praat6_ac_auto,phone_M1.wav,0.6400000000000001,138.5870935754731
praat6_ac_auto,phone_M1.wav,0.6500000000000001,137.95748368141972
praat6_ac_auto,phone_M1.wav,0.6600000000000001,136.4054405349667
praat6_ac_auto,phone_M1.wav,0.6700000000000002,134.3661934766816
praat6_ac_auto,phone_M1.wav,0.6800000000000002,132.99555908456114
praat6_ac_auto,phone_M1.wav,0.6900000000000002,132.00936582127733
praat6_ac_auto,phone_M1.wav,0.7000000000000002,129.49823163254186
praat6_ac_auto,phone_M1.wav,0.7100000000000002,128.36656603865237
praat6_ac_auto,phone_M1.wav,0.7200000000000002,126.63898225516635
praat6_ac_auto,phone_M1.wav,0.7300000000000001,124.37441860175984
praat6_ac_auto,phone_M1.wav,0.7400000000000001,122.9799741318274
praat6_ac_auto,phone_M1.wav,0.7500000000000001,121.9151816538718
praat6_ac_auto,phone_M1.wav,0.7600000000000001,119.83871343829485
praat6_ac_auto,phone_M1.wav,0.7700000000000001,118.1488290754608
praat6_ac_auto,phone_M1.wav,0.7800000000000001,117.49036393087088
praat6_ac_auto,phone_M1.wav,0.7900000000000001,115.80652460955675
praat6_ac_auto,phone_M1.wav,0.8000000000000002,113.58829136595656
praat6_ac_auto,phone_M1.wav,0.8100000000000002,112.70958242462817
praat6_ac_auto,phone_M1.wav,0.8200000000000002,111.61358047098943
praat6_ac_auto,phone_M1.wav,0.8300000000000002,116.23420584319668
praat6_ac_auto,phone_M1.wav,0.8400000000000002,115.86847733091902
praat6_ac_auto,phone_M1.wav,0.8500000000000002,117.6984720666097
praat6_ac_auto,phone_M1.wav,0.8600000000000001,118.75501853257124
praat6_ac_auto,phone_M1.wav,0.8700000000000001,119.8347900283079
praat6_ac_auto,phone_M1.wav,0.8800000000000001,121.67264803906686
praat6_ac_auto,phone_M1.wav,0.8900000000000001,123.39107474109433
praat6_ac_auto,phone_M1.wav,0.9000000000000001,125.34225717270402
praat6_ac_auto,phone_M1.wav,0.9100000000000001,131.00727144097982
praat6_ac_auto,phone_M1.wav,0.9200000000000002,130.953447778033
praat6_ac_auto,phone_M1.wav,0.9300000000000002,133.11453899332452
praat6_ac_auto,phone_M1.wav,0.9400000000000002,133.82907237683048
praat6_ac_auto,phone_M1.wav,0.9500000000000002,136.08307834101615
praat6_ac_auto,phone_M1.wav,0.9600000000000002,137.98140089011383
praat6_ac_auto,phone_M1.wav,0.9700000000000002,139.47364307140688
praat6_ac_auto,phone_M1.wav,0.9800000000000001,140.9894464111596
praat6_ac_auto,phone_M1.wav,0.9900000000000001,141.17379403773836
praat6_ac_auto,phone_M1.wav,1.0,141.2266142924967
praat6_ac_auto,phone_M1.wav,1.01,144.9517137761535
praat6_ac_auto,phone_M1.wav,1.02,147.81839385401398
praat6_ac_auto,phone_M1.wav,1.03,149.00129126751088
praat6_ac_auto,phone_M1.wav,1.04,149.04520441258498
praat6_ac_auto,phone_M1.wav,1.05,149.37648036637327
praat6_ac_auto,phone_M1.wav,1.06,149.32258433593563
praat6_ac_auto,phone_M1.wav,1.07,148.9969495619328
praat6_ac_auto,phone_M1.wav,1.08,147.51607237559168
praat6_ac_auto,phone_M1.wav,1.09,145.86863128981673
praat6_ac_auto,phone_M1.wav,1.1,143.58222260821063
praat6_ac_auto,phone_M1.wav,1.11,142.41881309761496
praat6_ac_auto,phone_M1.wav,1.12,142.16096396664946
praat6_ac_auto,phone_M1.wav,1.1300000000000001,138.86091584433518
praat6_ac_auto,phone_M1.wav,1.1400000000000001,147.8365710925295
praat6_ac_auto,phone_M1.wav,1.1500000000000001,151.328975645271
praat6_ac_auto,phone_M1.wav,1.1600000000000001,153.2379387495958
praat6_ac_auto,phone_M1.wav,1.1700000000000002,154.21423699158686
praat6_ac_auto,phone_M1.wav,1.18,153.8228360821817
praat6_ac_auto,phone_M1.wav,1.19,153.907073505678
praat6_ac_auto,phone_M1.wav,1.2,153.5509972784206
praat6_ac_auto,phone_M1.wav,1.21,152.75576848704367
praat6_ac_auto,phone_M1.wav,1.22,151.5595470245653
praat6_ac_auto,phone_M1.wav,1.23,147.92908429359218
praat6_ac_auto,phone_M1.wav,1.24,152.51401525662882
praat6_ac_auto,phone_M1.wav,1.25,154.01690321265457
praat6_ac_auto,phone_M1.wav,1.26,155.83854984207372
praat6_ac_auto,phone_M1.wav,1.27,156.66305649379746
praat6_ac_auto,phone_M1.wav,1.28,156.93513341725034
praat6_ac_auto,phone_M1.wav,1.29,155.3828031929863
praat6_ac_auto,phone_M1.wav,1.3,153.85095637195667
praat6_ac_auto,phone_M1.wav,1.31,153.1777546717825
praat6_ac_auto,phone_M1.wav,1.32,152.790950518785
praat6_ac_auto,phone_M1.wav,1.33,152.39294694357562
praat6_ac_auto,phone_M1.wav,1.34,153.21040771554297
praat6_ac_auto,phone_M1.wav,1.35,152.82032745041434
praat6_ac_auto,phone_M1.wav,1.36,153.18823142249803
praat6_ac_auto,phone_M1.wav,1.37,150.41501437566254
praat6_ac_auto,phone_M1.wav,1.3800000000000001,147.91156760575294
praat6_ac_auto,phone_M1.wav,1.3900000000000001,0.0
praat6_ac_auto,phone_M1.wav,1.4000000000000001,0.0
praat6_ac_auto,phone_M1.wav,1.4100000000000001,0.0
praat6_ac_auto,phone_M1.wav,1.4200000000000002,0.0
praat6_ac_auto,phone_M1.wav,1.43,0.0
praat6_ac_auto,phone_M1.wav,1.44,0.0
praat6_ac_auto,phone_M1.wav,1.45,0.0
praat6_ac_auto,phone_M1.wav,1.46,0.0
praat6_ac_auto,phone_M1.wav,1.47,0.0
praat6_ac_auto,phone_M1.wav,1.48,0.0
praat6_ac_auto,phone_M1.wav,1.49,0.0
praat6_ac_auto,phone_M1.wav,1.5,0.0
praat6_ac_auto,phone_M1.wav,1.51,118.02950682278214
praat6_ac_auto,phone_M1.wav,1.52,114.60076901502077
praat6_ac_auto,phone_M1.wav,1.53,114.65435079181954
praat6_ac_auto,phone_M1.wav,1.54,114.69045925425509
praat6_ac_auto,phone_M1.wav,1.55,114.38780843597387
praat6_ac_auto,phone_M1.wav,1.56,113.28515818321884
praat6_ac_auto,phone_M1.wav,1.57,112.46639623322875
praat6_ac_auto,phone_M1.wav,1.58,110.7803111343585
praat6_ac_auto,phone_M1.wav,1.59,109.61585599506003
praat6_ac_auto,phone_M1.wav,1.6,109.71559664252048
praat6_ac_auto,phone_M1.wav,1.61,111.77795933957526
praat6_ac_auto,phone_M1.wav,1.62,110.04479298503557
praat6_ac_auto,phone_M1.wav,1.6300000000000001,107.91596448074382
praat6_ac_auto,phone_M1.wav,1.6400000000000001,106.92925082008657
praat6_ac_auto,phone_M1.wav,1.6500000000000001,107.51370155055967
praat6_ac_auto,phone_M1.wav,1.6600000000000001,108.29372172833459
praat6_ac_auto,phone_M1.wav,1.6700000000000002,109.5196751520715
praat6_ac_auto,phone_M1.wav,1.6800000000000002,112.47743164455532
praat6_ac_auto,phone_M1.wav,1.69,111.9367832853491
praat6_ac_auto,phone_M1.wav,1.7,0.0
praat6_ac_auto,phone_M1.wav,1.71,0.0
praat6_ac_auto,phone_M1.wav,1.72,0.0
praat6_ac_auto,phone_M1.wav,1.73,0.0
praat6_ac_auto,phone_M1.wav,1.74,0.0
praat6_ac_auto,phone_M1.wav,1.75,513.3005512708291
praat6_ac_auto,phone_M1.wav,1.76,517.6175902679131
praat6_ac_auto,phone_M1.wav,1.77,495.27072221176536
praat6_ac_auto,phone_M1.wav,1.78,485.54875666848795
praat6_ac_auto,phone_M1.wav,1.79,0.0
praat6_ac_auto,phone_M1.wav,1.8,124.06653325769459
praat6_ac_auto,phone_M1.wav,1.81,121.83711610153743
praat6_ac_auto,phone_M1.wav,1.82,121.03223222687127
praat6_ac_auto,phone_M1.wav,1.83,120.93079783804097
praat6_ac_auto,phone_M1.wav,1.84,120.56116621854882
praat6_ac_auto,phone_M1.wav,1.85,120.11245958640872
praat6_ac_auto,phone_M1.wav,1.86,118.30232613309491
praat6_ac_auto,phone_M1.wav,1.87,116.77619307759826
praat6_ac_auto,phone_M1.wav,1.8800000000000001,114.62459151776419
praat6_ac_auto,phone_M1.wav,1.8900000000000001,112.96349264622349
praat6_ac_auto,phone_M1.wav,1.9000000000000001,111.91050626966513
praat6_ac_auto,phone_M1.wav,1.9100000000000001,110.8099604444989
praat6_ac_auto,phone_M1.wav,1.9200000000000002,110.30180585011271
praat6_ac_auto,phone_M1.wav,1.9300000000000002,108.79887929836325
praat6_ac_auto,phone_M1.wav,1.94,104.21969908389919
praat6_ac_auto,phone_M1.wav,1.95,101.30888405788083
praat6_ac_auto,phone_M1.wav,1.96,99.32873551513134
praat6_ac_auto,phone_M1.wav,1.97,0.0
praat6_ac_auto,phone_M1.wav,1.98,485.7887494648742
praat6_ac_auto,phone_M1.wav,1.99,480.1635959681445
praat6_ac_auto,phone_M1.wav,2.0,471.47694273550155
praat6_ac_auto,phone_M1.wav,2.0100000000000002,448.346652943914
praat6_ac_auto,phone_M1.wav,2.02,439.2205724330277
praat6_ac_auto,phone_M1.wav,2.0300000000000002,0.0
praat6_ac_auto,phone_M1.wav,2.04,103.31956167171828
praat6_ac_auto,phone_M1.wav,2.0500000000000003,100.85413396275199
praat6_ac_auto,phone_M1.wav,2.06,97.0645257177096
praat6_ac_auto,phone_M1.wav,2.07,100.87017373039974
praat6_ac_auto,phone_M1.wav,2.08,105.42466875982531
praat6_ac_auto,phone_M1.wav,2.09,108.1558998158188
praat6_ac_auto,phone_M1.wav,2.1,106.38455943396613
praat6_ac_auto,phone_M1.wav,2.11,106.82595458404926
praat6_ac_auto,phone_M1.wav,2.12,106.6781753050599
praat6_ac_auto,phone_M1.wav,2.13,110.23439164911835
praat6_ac_auto,phone_M1.wav,2.14,114.9226495712428
praat6_ac_auto,phone_M1.wav,2.15,121.09729704543676
praat6_ac_auto,phone_M1.wav,2.16,123.08169648539355
praat6_ac_auto,phone_M1.wav,2.17,124.01608070379976
praat6_ac_auto,phone_M1.wav,2.18,123.54401181788401
praat6_ac_auto,phone_M1.wav,2.19,123.17547694269538
praat6_ac_auto,phone_M1.wav,2.2,122.03609790693125
praat6_ac_auto,phone_M1.wav,2.21,121.25019534823407
praat6_ac_auto,phone_M1.wav,2.22,120.17786335146772
praat6_ac_auto,phone_M1.wav,2.23,119.80871024720051
praat6_ac_auto,phone_M1.wav,2.24,117.94452140889285
praat6_ac_auto,phone_M1.wav,2.25,117.18977682598542
praat6_ac_auto,phone_M1.wav,2.2600000000000002,115.46557616322704
praat6_ac_auto,phone_M1.wav,2.27,114.93023196943362
praat6_ac_auto,phone_M1.wav,2.2800000000000002,114.54168162348388
praat6_ac_auto,phone_M1.wav,2.29,113.72420581911163
praat6_ac_auto,phone_M1.wav,2.3000000000000003,112.424495044514
praat6_ac_auto,phone_M1.wav,2.31,111.54272955487762
praat6_ac_auto,phone_M1.wav,2.3200000000000003,110.30217954806574
praat6_ac_auto,phone_M1.wav,2.33,109.64524977169411
praat6_ac_auto,phone_M1.wav,2.34,109.57539895386587
praat6_ac_auto,phone_M1.wav,2.35,109.76379940559065
praat6_ac_auto,phone_M1.wav,2.36,110.84164809362508
praat6_ac_auto,phone_M1.wav,2.37,111.47843502794811
praat6_ac_auto,phone_M1.wav,2.38,112.37303971763349
praat6_ac_auto,phone_M1.wav,2.39,114.35058791676859
praat6_ac_auto,phone_M1.wav,2.4,114.90532437827507
praat6_ac_auto,phone_M1.wav,2.41,111.84600711616638
praat6_ac_auto,phone_M1.wav,2.42,122.2351277177305
praat6_ac_auto,phone_M1.wav,2.43,125.39466598875653
praat6_ac_auto,phone_M1.wav,2.44,124.89311372870934
praat6_ac_auto,phone_M1.wav,2.45,127.96306228468269
praat6_ac_auto,phone_M1.wav,2.46,128.69400217263484
praat6_ac_auto,phone_M1.wav,2.47,124.30191827902107
praat6_ac_auto,phone_M1.wav,2.48,122.17114795617245
praat6_ac_auto,phone_M1.wav,2.49,121.19571329851559
praat6_ac_auto,phone_M1.wav,2.5,125.77395984088818
praat6_ac_auto,phone_M1.wav,2.5100000000000002,110.47929696980988
praat6_ac_auto,phone_M1.wav,2.52,111.08606713940918
praat6_ac_auto,phone_M1.wav,2.5300000000000002,111.13891496159451
praat6_ac_auto,phone_M1.wav,2.54,110.87300945277669
praat6_ac_auto,phone_M1.wav,2.5500000000000003,109.18177895183652
praat6_ac_auto,phone_M1.wav,2.56,109.462347506747
praat6_ac_auto,phone_M1.wav,2.5700000000000003,108.32763192152694
praat6_ac_auto,phone_M1.wav,2.58,108.58708590874934
praat6_ac_auto,phone_M1.wav,2.59,108.22743773206341
praat6_ac_auto,phone_M1.wav,2.6,107.89762970113247
praat6_ac_auto,phone_M1.wav,2.61,107.89145061620606
praat6_ac_auto,phone_M1.wav,2.62,106.94417523566395
praat6_ac_auto,phone_M1.wav,2.63,106.25813900492389
praat6_ac_auto,phone_M1.wav,2.64,104.57709061624973
praat6_ac_auto,phone_M1.wav,2.65,104.23534112085477
praat6_ac_auto,phone_M1.wav,2.66,103.63584392183336
praat6_ac_auto,phone_M1.wav,2.67,103.10536159876655
praat6_ac_auto,phone_M1.wav,2.68,102.4624423654803
praat6_ac_auto,phone_M1.wav,2.69,102.73267323194759
praat6_ac_auto,phone_M1.wav,2.7,103.47004012963345
praat6_ac_auto,phone_M1.wav,2.71,108.1057412574445
praat6_ac_auto,phone_M1.wav,2.72,0.0
praat6_ac_auto,phone_M1.wav,2.73,0.0
praat6_ac_auto,phone_M1.wav,2.74,0.0
praat6_ac_auto,phone_M1.wav,2.75,0.0
praat6_ac_auto,phone_M1.wav,2.7600000000000002,0.0
praat6_ac_auto,phone_M1.wav,2.77,0.0
praat6_ac_auto,phone_M1.wav,2.7800000000000002,0.0
praat6_ac_auto,phone_M1.wav,2.79,0.0
praat6_ac_auto,phone_M1.wav,2.8000000000000003,0.0
praat6_ac_auto,phone_M1.wav,2.81,0.0
praat6_ac_auto,phone_M1.wav,2.8200000000000003,0.0
praat6_ac_auto,phone_M1.wav,2.83,0.0
praat6_ac_auto,phone_M1.wav,2.84,0.0
praat6_ac_auto,phone_M1.wav,2.85,0.0
praat6_ac_auto,phone_M1.wav,2.86,0.0
praat6_ac_auto,phone_M1.wav,2.87,0.0
praat6_ac_auto,phone_M1.wav,2.88,135.5469877016524
praat6_ac_auto,phone_M1.wav,2.89,135.32679635182012
praat6_ac_auto,phone_M1.wav,2.9,135.39150167582918
praat6_ac_auto,phone_M1.wav,2.91,135.9671787161289
praat6_ac_auto,phone_M1.wav,2.92,137.52238941008943
praat6_ac_auto,phone_M1.wav,2.93,0.0
praat6_ac_auto,phone_M1.wav,2.94,0.0
praat6_ac_auto,phone_M1.wav,2.95,0.0
praat6_ac_auto,phone_M1.wav,2.96,0.0
praat6_ac_auto,phone_M1.wav,2.97,0.0
praat6_ac_auto,phone_M1.wav,2.98,0.0
praat6_ac_auto,phone_M1.wav,2.99,0.0
praat6_ac_auto,phone_M1.wav,3.0,0.0
praat6_ac_auto,phone_M1.wav,3.0100000000000002,136.07845143630144
praat6_ac_auto,phone_M1.wav,3.02,136.0060658296102
praat6_ac_auto,phone_M1.wav,3.0300000000000002,136.24679767789456
praat6_ac_auto,phone_M1.wav,3.04,136.20910507149333
praat6_ac_auto,phone_M1.wav,3.0500000000000003,0.0
praat6_ac_auto,phone_M1.wav,3.06,0.0
praat6_ac_auto,phone_M1.wav,3.0700000000000003,0.0
praat6_ac_auto,phone_M1.wav,3.08,0.0
praat6_ac_auto,phone_M1.wav,3.0900000000000003,0.0
praat6_ac_auto,phone_M1.wav,3.1,0.0
praat6_ac_auto,phone_M1.wav,3.11,0.0
praat6_ac_auto,phone_M1.wav,3.12,94.57416741588025
praat6_ac_auto,phone_M1.wav,3.13,98.99395833218487
praat6_ac_auto,phone_M1.wav,3.14,92.39207784327049
praat6_ac_auto,phone_M1.wav,3.15,93.76193114820249
praat6_ac_auto,phone_M1.wav,3.16,95.32750191709353
praat6_ac_auto,phone_M1.wav,3.17,96.54664002897381
praat6_ac_auto,phone_M1.wav,3.18,101.19584704743546
praat6_ac_auto,phone_M1.wav,3.19,101.4463047259181
praat6_ac_auto,phone_M1.wav,3.2,100.93145020042353
praat6_ac_auto,phone_M1.wav,3.21,100.04208533831503
praat6_ac_auto,phone_M1.wav,3.22,98.98610111233499
praat6_ac_auto,phone_M1.wav,3.23,98.73973303337391
praat6_ac_auto,phone_M1.wav,3.24,100.0465424273542
praat6_ac_auto,phone_M1.wav,3.25,100.86750456894002
praat6_ac_auto,phone_M1.wav,3.2600000000000002,103.30699881570324
praat6_ac_auto,phone_M1.wav,3.27,107.87544805382059
praat6_ac_auto,phone_M1.wav,3.2800000000000002,110.43295222473148
praat6_ac_auto,phone_M1.wav,3.29,0.0
praat6_ac_auto,phone_M1.wav,3.3000000000000003,0.0
praat6_ac_auto,phone_M1.wav,3.31,0.0
praat6_ac_auto,phone_M1.wav,3.3200000000000003,0.0
praat6_ac_auto,phone_M1.wav,3.33,0.0
praat6_ac_auto,phone_M1.wav,3.3400000000000003,0.0
praat6_ac_auto,phone_M1.wav,3.35,0.0
praat6_ac_auto,phone_M1.wav,3.36,0.0
praat6_ac_auto,phone_M1.wav,3.37,0.0
praat6_ac_auto,phone_M1.wav,3.38,0.0
praat6_ac_auto,phone_M1.wav,3.39,0.0
praat6_ac_auto,phone_M1.wav,3.4,0.0
praat6_ac_auto,phone_M1.wav,3.41,0.0
praat6_ac_auto,phone_M1.wav,3.42,0.0
praat6_ac_auto,phone_M1.wav,3.43,0.0
praat6_ac_auto,phone_M1.wav,3.44,0.0
praat6_ac_auto,phone_M1.wav,3.45,0.0
praat6_ac_auto,phone_M1.wav,3.46,117.47089578752181
praat6_ac_auto,phone_M1.wav,3.47,114.57510897272373
praat6_ac_auto,phone_M1.wav,3.48,110.72985937394716
praat6_ac_auto,phone_M1.wav,3.49,108.63023109936367
praat6_ac_auto,phone_M1.wav,3.5,105.66411464516
praat6_ac_auto,phone_M1.wav,3.5100000000000002,0.0
praat6_ac_auto,phone_M1.wav,3.52,0.0
praat6_ac_auto,phone_M1.wav,3.5300000000000002,0.0
praat6_ac_auto,phone_M1.wav,3.54,0.0
praat6_ac_auto,phone_M1.wav,3.5500000000000003,0.0
praat6_ac_auto,phone_M1.wav,3.56,0.0
praat6_ac_auto,phone_M1.wav,3.5700000000000003,0.0
praat6_ac_auto,phone_M1.wav,3.58,0.0
praat6_ac_auto,phone_M1.wav,3.5900000000000003,0.0
praat6_ac_auto,phone_M1.wav,3.6,0.0
praat6_ac_auto,phone_M1.wav,3.61,0.0
praat6_ac_auto,phone_M1.wav,3.62,0.0
praat6_ac_auto,phone_M1.wav,3.63,0.0
praat6_ac_auto,phone_M1.wav,3.64,0.0
praat6_ac_auto,phone_M1.wav,3.65,0.0
praat6_ac_auto,phone_M1.wav,3.66,0.0
praat6_ac_auto,phone_M1.wav,3.67,0.0
praat6_ac_auto,phone_M1.wav,3.68,0.0
praat6_ac_auto,phone_M1.wav,3.69,0.0
praat6_ac_auto,phone_M1.wav,3.7,0.0
praat6_ac_auto,phone_M1.wav,3.71,0.0
praat6_ac_auto,phone_M1.wav,3.72,0.0
praat6_ac_auto,phone_M1.wav,3.73,0.0
praat6_ac_auto,phone_M1.wav,3.74,0.0
praat6_ac_auto,phone_M1.wav,3.75,0.0
praat6_ac_auto,phone_M1.wav,3.7600000000000002,0.0
praat6_ac_auto,phone_M1.wav,3.77,0.0
praat6_ac_auto,phone_M1.wav,3.7800000000000002,0.0
praat6_ac_auto,phone_M1.wav,3.79,0.0
praat6_ac_auto,phone_M1.wav,3.8000000000000003,0.0
praat6_ac_auto,phone_M1.wav,3.81,0.0
praat6_ac_auto,phone_M1.wav,3.8200000000000003,0.0
praat6_ac_auto,phone_M1.wav,3.83,0.0
praat6_ac_auto,phone_M1.wav,3.8400000000000003,0.0
praat6_ac_auto,phone_M1.wav,3.85,0.0
praat6_ac_auto,phone_M1.wav,3.86,0.0
praat6_ac_auto,phone_M1.wav,3.87,0.0
praat6_ac_auto,phone_M1.wav,3.88,0.0
praat6_ac_auto,phone_M1.wav,3.89,0.0
praat6_ac_auto,phone_M1.wav,3.9,0.0
praat6_ac_auto,phone_M1.wav,3.91,0.0
praat6_ac_auto,phone_M1.wav,3.92,0.0
praat6_ac_auto,phone_M1.wav,3.93,0.0
praat6_ac_auto,phone_M1.wav,3.94,0.0
praat6_ac_auto,phone_M1.wav,3.95,0.0
praat6_ac_auto,phone_M1.wav,3.96,0.0
praat6_ac_auto,phone_M1.wav,3.97,0.0
praat6_ac_auto,phone_M1.wav,3.98,0.0
praat6_ac_auto,phone_M1.wav,3.99,0.0
praat6_ac_auto,phone_M1.wav,4.0,0.0
praat6_ac_auto,phone_M1.wav,4.010000000000001,0.0
praat6_ac_auto,phone_M1.wav,4.0200000000000005,0.0
praat6_ac_auto,phone_M1.wav,4.03,0.0
praat6_ac_auto,phone_M1.wav,4.040000000000001,0.0
praat6_ac_auto,phone_M1.wav,4.050000000000001,0.0
praat6_ac_auto,phone_M1.wav,4.0600000000000005,0.0
praat6_ac_auto,phone_M1.wav,4.07,0.0
praat6_ac_auto,phone_M1.wav,4.080000000000001,0.0
praat6_ac_auto,phone_M1.wav,4.090000000000001,0.0
praat6_ac_auto,phone_M1.wav,4.1000000000000005,0.0
praat6_ac_auto,phone_M1.wav,4.11,0.0
praat6_ac_auto,phone_M1.wav,4.12,0.0
praat6_ac_auto,phone_M1.wav,4.130000000000001,0.0
praat6_ac_auto,phone_M1.wav,4.140000000000001,0.0
praat6_ac_10ms,phone_M1.wav,0.020000000000000125,0.0
praat6_ac_10ms,phone_M1.wav,0.030000000000000124,0.0
praat6_ac_10ms,phone_M1.wav,0.040000000000000126,0.0
praat6_ac_10ms,phone_M1.wav,0.05000000000000013,0.0
praat6_ac_10ms,phone_M1.wav,0.06000000000000012,0.0
praat6_ac_10ms,phone_M1.wav,0.07000000000000013,0.0
praat6_ac_10ms,phone_M1.wav,0.08000000000000013,0.0
praat6_ac_10ms,phone_M1.wav,0.09000000000000014,0.0
praat6_ac_10ms,phone_M1.wav,0.10000000000000013,0.0
praat6_ac_10ms,phone_M1.wav,0.11000000000000013,0.0
praat6_ac_10ms,phone_M1.wav,0.12000000000000013,0.0
praat6_ac_10ms,phone_M1.wav,0.13000000000000012,0.0
praat6_ac_10ms,phone_M1.wav,0.14000000000000012,0.0
praat6_ac_10ms,phone_M1.wav,0.15000000000000013,0.0
praat6_ac_10ms,phone_M1.wav,0.16000000000000014,0.0
praat6_ac_10ms,phone_M1.wav,0.17000000000000012,0.0
praat6_ac_10ms,phone_M1.wav,0.18000000000000013,0.0
praat6_ac_10ms,phone_M1.wav,0.19000000000000014,0.0
praat6_ac_10ms,phone_M1.wav,0.20000000000000012,0.0
praat6_ac_10ms,phone_M1.wav,0.21000000000000013,0.0
praat6_ac_10ms,phone_M1.wav,0.22000000000000014,0.0
praat6_ac_10ms,phone_M1.wav,0.23000000000000012,0.0
praat6_ac_10ms,phone_M1.wav,0.24000000000000013,0.0
praat6_ac_10ms,phone_M1.wav,0.2500000000000001,0.0
praat6_ac_10ms,phone_M1.wav,0.2600000000000001,0.0
praat6_ac_10ms,phone_M1.wav,0.27000000000000013,0.0
praat6_ac_10ms,phone_M1.wav,0.28000000000000014,0.0
praat6_ac_10ms,phone_M1.wav,0.29000000000000015,0.0
praat6_ac_10ms,phone_M1.wav,0.30000000000000016,0.0
praat6_ac_10ms,phone_M1.wav,0.3100000000000001,0.0
praat6_ac_10ms,phone_M1.wav,0.3200000000000001,0.0
praat6_ac_10ms,phone_M1.wav,0.3300000000000001,0.0
praat6_ac_10ms,phone_M1.wav,0.34000000000000014,0.0
praat6_ac_10ms,phone_M1.wav,0.35000000000000014,0.0
praat6_ac_10ms,phone_M1.wav,0.36000000000000015,0.0
praat6_ac_10ms,phone_M1.wav,0.37000000000000016,0.0
praat6_ac_10ms,phone_M1.wav,0.3800000000000001,0.0
praat6_ac_10ms,phone_M1.wav,0.3900000000000001,0.0
praat6_ac_10ms,phone_M1.wav,0.40000000000000013,0.0
praat6_ac_10ms,phone_M1.wav,0.41000000000000014,0.0
praat6_ac_10ms,phone_M1.wav,0.42000000000000015,0.0
praat6_ac_10ms,phone_M1.wav,0.43000000000000016,0.0
praat6_ac_10ms,phone_M1.wav,0.4400000000000001,0.0
praat6_ac_10ms,phone_M1.wav,0.4500000000000001,0.0
praat6_ac_10ms,phone_M1.wav,0.46000000000000013,0.0
praat6_ac_10ms,phone_M1.wav,0.47000000000000014,0.0
praat6_ac_10ms,phone_M1.wav,0.48000000000000015,137.87740940374272
praat6_ac_10ms,phone_M1.wav,0.49000000000000016,136.5282002961034
praat6_ac_10ms,phone_M1.wav,0.5000000000000001,136.39381040308308
praat6_ac_10ms,phone_M1.wav,0.5100000000000001,136.2766988160003
praat6_ac_10ms,phone_M1.wav,0.5200000000000001,135.38242166703523
praat6_ac_10ms,phone_M1.wav,0.5300000000000001,134.893439474101
praat6_ac_10ms,phone_M1.wav,0.5400000000000001,135.62425702402967
praat6_ac_10ms,phone_M1.wav,0.5500000000000002,136.56843751069388
praat6_ac_10ms,phone_M1.wav,0.5600000000000002,137.87578314211137
praat6_ac_10ms,phone_M1.wav,0.5700000000000002,135.5671557579025
praat6_ac_10ms,phone_M1.wav,0.5800000000000002,137.07434466434682
praat6_ac_10ms,phone_M1.wav,0.5900000000000002,137.0509171922648
praat6_ac_10ms,phone_M1.wav,0.6000000000000001,137.18919307386986
praat6_ac_10ms,phone_M1.wav,0.6100000000000001,137.73216218385332
praat6_ac_10ms,phone_M1.wav,0.6200000000000001,138.03909758450095
praat6_ac_10ms,phone_M1.wav,0.6300000000000001,138.5275464603951
praat6_ac_10ms,phone_M1.wav,0.6400000000000001,138.5870935754731
praat6_ac_10ms,phone_M1.wav,0.6500000000000001,137.95748368141972
praat6_ac_10ms,phone_M1.wav,0.6600000000000001,136.4054405349667
praat6_ac_10ms,phone_M1.wav,0.6700000000000002,134.3661934766816
praat6_ac_10ms,phone_M1.wav,0.6800000000000002,132.99555908456114
praat6_ac_10ms,phone_M1.wav,0.6900000000000002,132.00936582127733
praat6_ac_10ms,phone_M1.wav,0.7000000000000002,129.49823163254186
praat6_ac_10ms,phone_M1.wav,0.7100000000000002,128.36656603865237
praat6_ac_10ms,phone_M1.wav,0.7200000000000002,126.63898225516635
praat6_ac_10ms,phone_M1.wav,0.7300000000000001,124.37441860175984
praat6_ac_10ms,phone_M1.wav,0.7400000000000001,122.9799741318274
praat6_ac_10ms,phone_M1.wav,0.7500000000000001,121.9151816538718
praat6_ac_10ms,phone_M1.wav,0.7600000000000001,119.83871343829485
praat6_ac_10ms,phone_M1.wav,0.7700000000000001,118.1488290754608
praat6_ac_10ms,phone_M1.wav,0.7800000000000001,117.49036393087088
praat6_ac_10ms,phone_M1.wav,0.7900000000000001,115.80652460955675
praat6_ac_10ms,phone_M1.wav,0.8000000000000002,113.58829136595656
praat6_ac_10ms,phone_M1.wav,0.8100000000000002,112.70958242462817
praat6_ac_10ms,phone_M1.wav,0.8200000000000002,111.61358047098943
praat6_ac_10ms,phone_M1.wav,0.8300000000000002,116.23420584319668
praat6_ac_10ms,phone_M1.wav,0.8400000000000002,115.86847733091902
praat6_ac_10ms,phone_M1.wav,0.8500000000000002,117.6984720666097
praat6_ac_10ms,phone_M1.wav,0.8600000000000001,118.75501853257124
praat6_ac_10ms,phone_M1.wav,0.8700000000000001,119.8347900283079
praat6_ac_10ms,phone_M1.wav,0.8800000000000001,121.67264803906686
praat6_ac_10ms,phone_M1.wav,0.8900000000000001,123.39107474109433
praat6_ac_10ms,phone_M1.wav,0.9000000000000001,125.34225717270402
praat6_ac_10ms,phone_M1.wav,0.9100000000000001,131.00727144097982
praat6_ac_10ms,phone_M1.wav,0.9200000000000002,130.953447778033
praat6_ac_10ms,phone_M1.wav,0.9300000000000002,133.11453899332452
praat6_ac_10ms,phone_M1.wav,0.9400000000000002,133.82907237683048
praat6_ac_10ms,phone_M1.wav,0.9500000000000002,136.08307834101615
praat6_ac_10ms,phone_M1.wav,0.9600000000000002,137.98140089011383
praat6_ac_10ms,phone_M1.wav,0.9700000000000002,139.47364307140688
praat6_ac_10ms,phone_M1.wav,0.9800000000000001,140.9894464111596
praat6_ac_10ms,phone_M1.wav,0.9900000000000001,141.17379403773836
praat6_ac_10ms,phone_M1.wav,1.0,141.2266142924967
praat6_ac_10ms,phone_M1.wav,1.01,144.9517137761535
praat6_ac_10ms,phone_M1.wav,1.02,147.81839385401398
praat6_ac_10ms,phone_M1.wav,1.03,149.00129126751088
praat6_ac_10ms,phone_M1.wav,1.04,149.04520441258498
praat6_ac_10ms,phone_M1.wav,1.05,149.37648036637327
praat6_ac_10ms,phone_M1.wav,1.06,149.32258433593563
praat6_ac_10ms,phone_M1.wav,1.07,148.9969495619328
praat6_ac_10ms,phone_M1.wav,1.08,147.51607237559168
praat6_ac_10ms,phone_M1.wav,1.09,145.86863128981673
praat6_ac_10ms,phone_M1.wav,1.1,143.58222260821063
praat6_ac_10ms,phone_M1.wav,1.11,142.41881309761496
praat6_ac_10ms,phone_M1.wav,1.12,142.16096396664946
praat6_ac_10ms,phone_M1.wav,1.1300000000000001,138.86091584433518
praat6_ac_10ms,phone_M1.wav,1.1400000000000001,147.8365710925295
praat6_ac_10ms,phone_M1.wav,1.1500000000000001,151.328975645271
praat6_ac_10ms,phone_M1.wav,1.1600000000000001,153.2379387495958
praat6_ac_10ms,phone_M1.wav,1.1700000000000002,154.21423699158686
praat6_ac_10ms,phone_M1.wav,1.18,153.8228360821817
praat6_ac_10ms,phone_M1.wav,1.19,153.907073505678
praat6_ac_10ms,phone_M1.wav,1.2,153.5509972784206
praat6_ac_10ms,phone_M1.wav,1.21,152.75576848704367
praat6_ac_10ms,phone_M1.wav,1.22,151.5595470245653
praat6_ac_10ms,phone_M1.wav,1.23,147.92908429359218
praat6_ac_10ms,phone_M1.wav,1.24,152.51401525662882
praat6_ac_10ms,phone_M1.wav,1.25,154.01690321265457
praat6_ac_10ms,phone_M1.wav,1.26,155.83854984207372
praat6_ac_10ms,phone_M1.wav,1.27,156.66305649379746
praat6_ac_10ms,phone_M1.wav,1.28,156.93513341725034
praat6_ac_10ms,phone_M1.wav,1.29,155.3828031929863
praat6_ac_10ms,phone_M1.wav,1.3,153.85095637195667
praat6_ac_10ms,phone_M1.wav,1.31,153.1777546717825
praat6_ac_10ms,phone_M1.wav,1.32,152.790950518785
praat6_ac_10ms,phone_M1.wav,1.33,152.39294694357562
praat6_ac_10ms,phone_M1.wav,1.34,153.21040771554297
praat6_ac_10ms,phone_M1.wav,1.35,152.82032745041434
praat6_ac_10ms,phone_M1.wav,1.36,153.18823142249803
praat6_ac_10ms,phone_M1.wav,1.37,150.41501437566254
praat6_ac_10ms,phone_M1.wav,1.3800000000000001,147.91156760575294
praat6_ac_10ms,phone_M1.wav,1.3900000000000001,0.0
praat6_ac_10ms,phone_M1.wav,1.4000000000000001,0.0
praat6_ac_10ms,phone_M1.wav,1.4100000000000001,0.0
praat6_ac_10ms,phone_M1.wav,1.4200000000000002,0.0
praat6_ac_10ms,phone_M1.wav,1.43,0.0
praat6_ac_10ms,phone_M1.wav,1.44,0.0
praat6_ac_10ms,phone_M1.wav,1.45,0.0
praat6_ac_10ms,phone_M1.wav,1.46,0.0
praat6_ac_10ms,phone_M1.wav,1.47,0.0
praat6_ac_10ms,phone_M1.wav,1.48,0.0
praat6_ac_10ms,phone_M1.wav,1.49,0.0
praat6_ac_10ms,phone_M1.wav,1.5,0.0
praat6_ac_10ms,phone_M1.wav,1.51,118.02950682278214
praat6_ac_10ms,phone_M1.wav,1.52,114.60076901502077
praat6_ac_10ms,phone_M1.wav,1.53,114.65435079181954
praat6_ac_10ms,phone_M1.wav,1.54,114.69045925425509
praat6_ac_10ms,phone_M1.wav,1.55,114.38780843597387
praat6_ac_10ms,phone_M1.wav,1.56,113.28515818321884
praat6_ac_10ms,phone_M1.wav,1.57,112.46639623322875
praat6_ac_10ms,phone_M1.wav,1.58,110.7803111343585
praat6_ac_10ms,phone_M1.wav,1.59,109.61585599506003
praat6_ac_10ms,phone_M1.wav,1.6,109.71559664252048
praat6_ac_10ms,phone_M1.wav,1.61,111.77795933957526
praat6_ac_10ms,phone_M1.wav,1.62,110.04479298503557
praat6_ac_10ms,phone_M1.wav,1.6300000000000001,107.91596448074382
praat6_ac_10ms,phone_M1.wav,1.6400000000000001,106.92925082008657
praat6_ac_10ms,phone_M1.wav,1.6500000000000001,107.51370155055967
praat6_ac_10ms,phone_M1.wav,1.6600000000000001,108.29372172833459
praat6_ac_10ms,phone_M1.wav,1.6700000000000002,109.5196751520715
praat6_ac_10ms,phone_M1.wav,1.6800000000000002,112.47743164455532
praat6_ac_10ms,phone_M1.wav,1.69,111.9367832853491
praat6_ac_10ms,phone_M1.wav,1.7,0.0
praat6_ac_10ms,phone_M1.wav,1.71,0.0
praat6_ac_10ms,phone_M1.wav,1.72,0.0
praat6_ac_10ms,phone_M1.wav,1.73,0.0
praat6_ac_10ms,phone_M1.wav,1.74,0.0
praat6_ac_10ms,phone_M1.wav,1.75,513.3005512708291
praat6_ac_10ms,phone_M1.wav,1.76,517.6175902679131
praat6_ac_10ms,phone_M1.wav,1.77,495.27072221176536
praat6_ac_10ms,phone_M1.wav,1.78,485.54875666848795
praat6_ac_10ms,phone_M1.wav,1.79,0.0
praat6_ac_10ms,phone_M1.wav,1.8,124.06653325769459
praat6_ac_10ms,phone_M1.wav,1.81,121.83711610153743
praat6_ac_10ms,phone_M1.wav,1.82,121.03223222687127
praat6_ac_10ms,phone_M1.wav,1.83,120.93079783804097
praat6_ac_10ms,phone_M1.wav,1.84,120.56116621854882
praat6_ac_10ms,phone_M1.wav,1.85,120.11245958640872
praat6_ac_10ms,phone_M1.wav,1.86,118.30232613309491
praat6_ac_10ms,phone_M1.wav,1.87,116.77619307759826
praat6_ac_10ms,phone_M1.wav,1.8800000000000001,114.62459151776419
praat6_ac_10ms,phone_M1.wav,1.8900000000000001,112.96349264622349
praat6_ac_10ms,phone_M1.wav,1.9000000000000001,111.91050626966513
praat6_ac_10ms,phone_M1.wav,1.9100000000000001,110.8099604444989
praat6_ac_10ms,phone_M1.wav,1.9200000000000002,110.30180585011271
praat6_ac_10ms,phone_M1.wav,1.9300000000000002,108.79887929836325
praat6_ac_10ms,phone_M1.wav,1.94,104.21969908389919
praat6_ac_10ms,phone_M1.wav,1.95,101.30888405788083
praat6_ac_10ms,phone_M1.wav,1.96,99.32873551513134
praat6_ac_10ms,phone_M1.wav,1.97,0.0
praat6_ac_10ms,phone_M1.wav,1.98,485.7887494648742
praat6_ac_10ms,phone_M1.wav,1.99,480.1635959681445
praat6_ac_10ms,phone_M1.wav,2.0,471.47694273550155
praat6_ac_10ms,phone_M1.wav,2.0100000000000002,448.346652943914
praat6_ac_10ms,phone_M1.wav,2.02,439.2205724330277
praat6_ac_10ms,phone_M1.wav,2.0300000000000002,0.0
praat6_ac_10ms,phone_M1.wav,2.04,103.31956167171828
praat6_ac_10ms,phone_M1.wav,2.0500000000000003,100.85413396275199
praat6_ac_10ms,phone_M1.wav,2.06,97.0645257177096
praat6_ac_10ms,phone_M1.wav,2.07,100.87017373039974
praat6_ac_10ms,phone_M1.wav,2.08,105.42466875982531
praat6_ac_10ms,phone_M1.wav,2.09,108.1558998158188
praat6_ac_10ms,phone_M1.wav,2.1,106.38455943396613
praat6_ac_10ms,phone_M1.wav,2.11,106.82595458404926
praat6_ac_10ms,phone_M1.wav,2.12,106.6781753050599
praat6_ac_10ms,phone_M1.wav,2.13,110.23439164911835
praat6_ac_10ms,phone_M1.wav,2.14,114.9226495712428
praat6_ac_10ms,phone_M1.wav,2.15,121.09729704543676
praat6_ac_10ms,phone_M1.wav,2.16,123.08169648539355
praat6_ac_10ms,phone_M1.wav,2.17,124.01608070379976
praat6_ac_10ms,phone_M1.wav,2.18,123.54401181788401
praat6_ac_10ms,phone_M1.wav,2.19,123.17547694269538
praat6_ac_10ms,phone_M1.wav,2.2,122.03609790693125
praat6_ac_10ms,phone_M1.wav,2.21,121.25019534823407
praat6_ac_10ms,phone_M1.wav,2.22,120.17786335146772
praat6_ac_10ms,phone_M1.wav,2.23,119.80871024720051
praat6_ac_10ms,phone_M1.wav,2.24,117.94452140889285
praat6_ac_10ms,phone_M1.wav,2.25,117.18977682598542
praat6_ac_10ms,phone_M1.wav,2.2600000000000002,115.46557616322704
praat6_ac_10ms,phone_M1.wav,2.27,114.93023196943362
praat6_ac_10ms,phone_M1.wav,2.2800000000000002,114.54168162348388
praat6_ac_10ms,phone_M1.wav,2.29,113.72420581911163
praat6_ac_10ms,phone_M1.wav,2.3000000000000003,112.424495044514
praat6_ac_10ms,phone_M1.wav,2.31,111.54272955487762
praat6_ac_10ms,phone_M1.wav,2.3200000000000003,110.30217954806574
praat6_ac_10ms,phone_M1.wav,2.33,109.64524977169411
praat6_ac_10ms,phone_M1.wav,2.34,109.57539895386587
praat6_ac_10ms,phone_M1.wav,2.35,109.76379940559065
praat6_ac_10ms,phone_M1.wav,2.36,110.84164809362508
praat6_ac_10ms,phone_M1.wav,2.37,111.47843502794811
praat6_ac_10ms,phone_M1.wav,2.38,112.37303971763349
praat6_ac_10ms,phone_M1.wav,2.39,114.35058791676859
praat6_ac_10ms,phone_M1.wav,2.4,114.90532437827507
praat6_ac_10ms,phone_M1.wav,2.41,111.84600711616638
praat6_ac_10ms,phone_M1.wav,2.42,122.2351277177305
praat6_ac_10ms,phone_M1.wav,2.43,125.39466598875653
praat6_ac_10ms,phone_M1.wav,2.44,124.89311372870934
praat6_ac_10ms,phone_M1.wav,2.45,127.96306228468269
praat6_ac_10ms,phone_M1.wav,2.46,128.69400217263484
praat6_ac_10ms,phone_M1.wav,2.47,124.30191827902107
praat6_ac_10ms,phone_M1.wav,2.48,122.17114795617245
praat6_ac_10ms,phone_M1.wav,2.49,121.19571329851559
praat6_ac_10ms,phone_M1.wav,2.5,125.77395984088818
praat6_ac_10ms,phone_M1.wav,2.5100000000000002,110.47929696980988
praat6_ac_10ms,phone_M1.wav,2.52,111.08606713940918
praat6_ac_10ms,phone_M1.wav,2.5300000000000002,111.13891496159451
praat6_ac_10ms,phone_M1.wav,2.54,110.87300945277669
praat6_ac_10ms,phone_M1.wav,2.5500000000000003,109.18177895183652
praat6_ac_10ms,phone_M1.wav,2.56,109.462347506747
praat6_ac_10ms,phone_M1.wav,2.5700000000000003,108.32763192152694
praat6_ac_10ms,phone_M1.wav,2.58,108.58708590874934
praat6_ac_10ms,phone_M1.wav,2.59,108.22743773206341
praat6_ac_10ms,phone_M1.wav,2.6,107.89762970113247
praat6_ac_10ms,phone_M1.wav,2.61,107.89145061620606
praat6_ac_10ms,phone_M1.wav,2.62,106.94417523566395
praat6_ac_10ms,phone_M1.wav,2.63,106.25813900492389
praat6_ac_10ms,phone_M1.wav,2.64,104.57709061624973
praat6_ac_10ms,phone_M1.wav,2.65,104.23534112085477
praat6_ac_10ms,phone_M1.wav,2.66,103.63584392183336
praat6_ac_10ms,phone_M1.wav,2.67,103.10536159876655
praat6_ac_10ms,phone_M1.wav,2.68,102.4624423654803
praat6_ac_10ms,phone_M1.wav,2.69,102.73267323194759
praat6_ac_10ms,phone_M1.wav,2.7,103.47004012963345
praat6_ac_10ms,phone_M1.wav,2.71,108.1057412574445
praat6_ac_10ms,phone_M1.wav,2.72,0.0
praat6_ac_10ms,phone_M1.wav,2.73,0.0
praat6_ac_10ms,phone_M1.wav,2.74,0.0
praat6_ac_10ms,phone_M1.wav,2.75,0.0
praat6_ac_10ms,phone_M1.wav,2.7600000000000002,0.0
praat6_ac_10ms,phone_M1.wav,2.77,0.0
praat6_ac_10ms,phone_M1.wav,2.7800000000000002,0.0
praat6_ac_10ms,phone_M1.wav,2.79,0.0
praat6_ac_10ms,phone_M1.wav,2.8000000000000003,0.0
praat6_ac_10ms,phone_M1.wav,2.81,0.0
praat6_ac_10ms,phone_M1.wav,2.8200000000000003,0.0
praat6_ac_10ms,phone_M1.wav,2.83,0.0
praat6_ac_10ms,phone_M1.wav,2.84,0.0
praat6_ac_10ms,phone_M1.wav,2.85,0.0
praat6_ac_10ms,phone_M1.wav,2.86,0.0
praat6_ac_10ms,phone_M1.wav,2.87,0.0
praat6_ac_10ms,phone_M1.wav,2.88,135.5469877016524
praat6_ac_10ms,phone_M1.wav,2.89,135.32679635182012
praat6_ac_10ms,phone_M1.wav,2.9,135.39150167582918
praat6_ac_10ms,phone_M1.wav,2.91,135.9671787161289
praat6_ac_10ms,phone_M1.wav,2.92,137.52238941008943
praat6_ac_10ms,phone_M1.wav,2.93,0.0
praat6_ac_10ms,phone_M1.wav,2.94,0.0
praat6_ac_10ms,phone_M1.wav,2.95,0.0
praat6_ac_10ms,phone_M1.wav,2.96,0.0
praat6_ac_10ms,phone_M1.wav,2.97,0.0
praat6_ac_10ms,phone_M1.wav,2.98,0.0
praat6_ac_10ms,phone_M1.wav,2.99,0.0
praat6_ac_10ms,phone_M1.wav,3.0,0.0
praat6_ac_10ms,phone_M1.wav,3.0100000000000002,136.07845143630144
praat6_ac_10ms,phone_M1.wav,3.02,136.0060658296102
praat6_ac_10ms,phone_M1.wav,3.0300000000000002,136.24679767789456
praat6_ac_10ms,phone_M1.wav,3.04,136.20910507149333
praat6_ac_10ms,phone_M1.wav,3.0500000000000003,0.0
praat6_ac_10ms,phone_M1.wav,3.06,0.0
praat6_ac_10ms,phone_M1.wav,3.0700000000000003,0.0
praat6_ac_10ms,phone_M1.wav,3.08,0.0
praat6_ac_10ms,phone_M1.wav,3.0900000000000003,0.0
praat6_ac_10ms,phone_M1.wav,3.1,0.0
praat6_ac_10ms,phone_M1.wav,3.11,0.0
praat6_ac_10ms,phone_M1.wav,3.12,94.57416741588025
praat6_ac_10ms,phone_M1.wav,3.13,98.99395833218487
praat6_ac_10ms,phone_M1.wav,3.14,92.39207784327049
praat6_ac_10ms,phone_M1.wav,3.15,93.76193114820249
praat6_ac_10ms,phone_M1.wav,3.16,95.32750191709353
praat6_ac_10ms,phone_M1.wav,3.17,96.54664002897381
praat6_ac_10ms,phone_M1.wav,3.18,101.19584704743546
praat6_ac_10ms,phone_M1.wav,3.19,101.4463047259181
praat6_ac_10ms,phone_M1.wav,3.2,100.93145020042353
praat6_ac_10ms,phone_M1.wav,3.21,100.04208533831503
praat6_ac_10ms,phone_M1.wav,3.22,98.98610111233499
praat6_ac_10ms,phone_M1.wav,3.23,98.73973303337391
praat6_ac_10ms,phone_M1.wav,3.24,100.0465424273542
praat6_ac_10ms,phone_M1.wav,3.25,100.86750456894002
praat6_ac_10ms,phone_M1.wav,3.2600000000000002,103.30699881570324
praat6_ac_10ms,phone_M1.wav,3.27,107.87544805382059
praat6_ac_10ms,phone_M1.wav,3.2800000000000002,110.43295222473148
praat6_ac_10ms,phone_M1.wav,3.29,0.0
praat6_ac_10ms,phone_M1.wav,3.3000000000000003,0.0
praat6_ac_10ms,phone_M1.wav,3.31,0.0
praat6_ac_10ms,phone_M1.wav,3.3200000000000003,0.0
praat6_ac_10ms,phone_M1.wav,3.33,0.0
praat6_ac_10ms,phone_M1.wav,3.3400000000000003,0.0
praat6_ac_10ms,phone_M1.wav,3.35,0.0
praat6_ac_10ms,phone_M1.wav,3.36,0.0
praat6_ac_10ms,phone_M1.wav,3.37,0.0
praat6_ac_10ms,phone_M1.wav,3.38,0.0
praat6_ac_10ms,phone_M1.wav,3.39,0.0
praat6_ac_10ms,phone_M1.wav,3.4,0.0
praat6_ac_10ms,phone_M1.wav,3.41,0.0
praat6_ac_10ms,phone_M1.wav,3.42,0.0
praat6_ac_10ms,phone_M1.wav,3.43,0.0
praat6_ac_10ms,phone_M1.wav,3.44,0.0
praat6_ac_10ms,phone_M1.wav,3.45,0.0
praat6_ac_10ms,phone_M1.wav,3.46,117.47089578752181
praat6_ac_10ms,phone_M1.wav,3.47,114.57510897272373
praat6_ac_10ms,phone_M1.wav,3.48,110.72985937394716
praat6_ac_10ms,phone_M1.wav,3.49,108.63023109936367
praat6_ac_10ms,phone_M1.wav,3.5,105.66411464516
praat6_ac_10ms,phone_M1.wav,3.5100000000000002,0.0
praat6_ac_10ms,phone_M1.wav,3.52,0.0
praat6_ac_10ms,phone_M1.wav,3.5300000000000002,0.0
praat6_ac_10ms,phone_M1.wav,3.54,0.0
praat6_ac_10ms,phone_M1.wav,3.5500000000000003,0.0
praat6_ac_10ms,phone_M1.wav,3.56,0.0
praat6_ac_10ms,phone_M1.wav,3.5700000000000003,0.0
praat6_ac_10ms,phone_M1.wav,3.58,0.0
praat6_ac_10ms,phone_M1.wav,3.5900000000000003,0.0
praat6_ac_10ms,phone_M1.wav,3.6,0.0
praat6_ac_10ms,phone_M1.wav,3.61,0.0
praat6_ac_10ms,phone_M1.wav,3.62,0.0
praat6_ac_10ms,phone_M1.wav,3.63,0.0
praat6_ac_10ms,phone_M1.wav,3.64,0.0
praat6_ac_10ms,phone_M1.wav,3.65,0.0
praat6_ac_10ms,phone_M1.wav,3.66,0.0
praat6_ac_10ms,phone_M1.wav,3.67,0.0
praat6_ac_10ms,phone_M1.wav,3.68,0.0
praat6_ac_10ms,phone_M1.wav,3.69,0.0
praat6_ac_10ms,phone_M1.wav,3.7,0.0
praat6_ac_10ms,phone_M1.wav,3.71,0.0
praat6_ac_10ms,phone_M1.wav,3.72,0.0
praat6_ac_10ms,phone_M1.wav,3.73,0.0
praat6_ac_10ms,phone_M1.wav,3.74,0.0
praat6_ac_10ms,phone_M1.wav,3.75,0.0
praat6_ac_10ms,phone_M1.wav,3.7600000000000002,0.0
praat6_ac_10ms,phone_M1.wav,3.77,0.0
praat6_ac_10ms,phone_M1.wav,3.7800000000000002,0.0
praat6_ac_10ms,phone_M1.wav,3.79,0.0
praat6_ac_10ms,phone_M1.wav,3.8000000000000003,0.0
praat6_ac_10ms,phone_M1.wav,3.81,0.0
praat6_ac_10ms,phone_M1.wav,3.8200000000000003,0.0
praat6_ac_10ms,phone_M1.wav,3.83,0.0
praat6_ac_10ms,phone_M1.wav,3.8400000000000003,0.0
praat6_ac_10ms,phone_M1.wav,3.85,0.0
praat6_ac_10ms,phone_M1.wav,3.86,0.0
praat6_ac_10ms,phone_M1.wav,3.87,0.0
praat6_ac_10ms,phone_M1.wav,3.88,0.0
praat6_ac_10ms,phone_M1.wav,3.89,0.0
praat6_ac_10ms,phone_M1.wav,3.9,0.0
praat6_ac_10ms,phone_M1.wav,3.91,0.0
praat6_ac_10ms,phone_M1.wav,3.92,0.0
praat6_ac_10ms,phone_M1.wav,3.93,0.0
praat6_ac_10ms,phone_M1.wav,3.94,0.0
praat6_ac_10ms,phone_M1.wav,3.95,0.0
praat6_ac_10ms,phone_M1.wav,3.96,0.0
praat6_ac_10ms,phone_M1.wav,3.97,0.0
praat6_ac_10ms,phone_M1.wav,3.98,0.0
praat6_ac_10ms,phone_M1.wav,3.99,0.0
praat6_ac_10ms,phone_M1.wav,4.0,0.0
praat6_ac_10ms,phone_M1.wav,4.010000000000001,0.0
praat6_ac_10ms,phone_M1.wav,4.0200000000000005,0.0
praat6_ac_10ms,phone_M1.wav,4.03,0.0
praat6_ac_10ms,phone_M1.wav,4.040000000000001,0.0
praat6_ac_10ms,phone_M1.wav,4.050000000000001,0.0
praat6_ac_10ms,phone_M1.wav,4.0600000000000005,0.0
praat6_ac_10ms,phone_M1.wav,4.07,0.0
praat6_ac_10ms,phone_M1.wav,4.080000000000001,0.0
praat6_ac_10ms,phone_M1.wav,4.090000000000001,0.0
praat6_ac_10ms,phone_M1.wav,4.1000000000000005,0.0
praat6_ac_10ms,phone_M1.wav,4.11,0.0
praat6_ac_10ms,phone_M1.wav,4.12,0.0
praat6_ac_10ms,phone_M1.wav,4.130000000000001,0.0
praat6_ac_10ms,phone_M1.wav,4.140000000000001,0.0
praat6_cc_auto,phone_M1.wav,0.013333333333333381,0.0
praat6_cc_auto,phone_M1.wav,0.016666666666666715,0.0
praat6_cc_auto,phone_M1.wav,0.02000000000000005,0.0
praat6_cc_auto,phone_M1.wav,0.02333333333333338,0.0
praat6_cc_auto,phone_M1.wav,0.026666666666666713,0.0
praat6_cc_auto,phone_M1.wav,0.030000000000000047,0.0
praat6_cc_auto,phone_M1.wav,0.03333333333333338,0.0
praat6_cc_auto,phone_M1.wav,0.036666666666666715,0.0
praat6_cc_auto,phone_M1.wav,0.04000000000000005,0.0
praat6_cc_auto,phone_M1.wav,0.04333333333333338,0.0
praat6_cc_auto,phone_M1.wav,0.04666666666666672,0.0
praat6_cc_auto,phone_M1.wav,0.050000000000000044,0.0
praat6_cc_auto,phone_M1.wav,0.053333333333333385,0.0
praat6_cc_auto,phone_M1.wav,0.05666666666666671,0.0
praat6_cc_auto,phone_M1.wav,0.06000000000000005,0.0
praat6_cc_auto,phone_M1.wav,0.06333333333333338,0.0
praat6_cc_auto,phone_M1.wav,0.06666666666666672,0.0
praat6_cc_auto,phone_M1.wav,0.07000000000000005,0.0
praat6_cc_auto,phone_M1.wav,0.07333333333333339,0.0
praat6_cc_auto,phone_M1.wav,0.07666666666666672,0.0
praat6_cc_auto,phone_M1.wav,0.08000000000000004,0.0
praat6_cc_auto,phone_M1.wav,0.08333333333333338,0.0
praat6_cc_auto,phone_M1.wav,0.08666666666666671,0.0
praat6_cc_auto,phone_M1.wav,0.09000000000000005,0.0
praat6_cc_auto,phone_M1.wav,0.09333333333333338,0.0
praat6_cc_auto,phone_M1.wav,0.09666666666666672,0.0
praat6_cc_auto,phone_M1.wav,0.10000000000000005,0.0
praat6_cc_auto,phone_M1.wav,0.10333333333333339,0.0
praat6_cc_auto,phone_M1.wav,0.10666666666666672,0.0
praat6_cc_auto,phone_M1.wav,0.11000000000000006,0.0
praat6_cc_auto,phone_M1.wav,0.11333333333333338,0.0
praat6_cc_auto,phone_M1.wav,0.11666666666666672,0.0
praat6_cc_auto,phone_M1.wav,0.12000000000000005,0.0
praat6_cc_auto,phone_M1.wav,0.12333333333333338,0.0
praat6_cc_auto,phone_M1.wav,0.12666666666666673,0.0
praat6_cc_auto,phone_M1.wav,0.13000000000000006,0.0
praat6_cc_auto,phone_M1.wav,0.1333333333333334,0.0
praat6_cc_auto,phone_M1.wav,0.13666666666666671,0.0
praat6_cc_auto,phone_M1.wav,0.14000000000000007,0.0
praat6_cc_auto,phone_M1.wav,0.1433333333333334,0.0
praat6_cc_auto,phone_M1.wav,0.14666666666666672,0.0
praat6_cc_auto,phone_M1.wav,0.15000000000000008,0.0
praat6_cc_auto,phone_M1.wav,0.1533333333333334,0.0
praat6_cc_auto,phone_M1.wav,0.15666666666666673,0.0
praat6_cc_auto,phone_M1.wav,0.16000000000000006,0.0
praat6_cc_auto,phone_M1.wav,0.1633333333333334,0.0
praat6_cc_auto,phone_M1.wav,0.16666666666666674,0.0
praat6_cc_auto,phone_M1.wav,0.17000000000000007,0.0
praat6_cc_auto,phone_M1.wav,0.1733333333333334,0.0
praat6_cc_auto,phone_M1.wav,0.17666666666666672,0.0
praat6_cc_auto,phone_M1.wav,0.18000000000000008,0.0
praat6_cc_auto,phone_M1.wav,0.1833333333333334,0.0
praat6_cc_auto,phone_M1.wav,0.18666666666666673,0.0
praat6_cc_auto,phone_M1.wav,0.19000000000000006,0.0
praat6_cc_auto,phone_M1.wav,0.1933333333333334,0.0
praat6_cc_auto,phone_M1.wav,0.19666666666666674,0.0
praat6_cc_auto,phone_M1.wav,0.20000000000000007,0.0
praat6_cc_auto,phone_M1.wav,0.2033333333333334,0.0
praat6_cc_auto,phone_M1.wav,0.20666666666666675,0.0
praat6_cc_auto,phone_M1.wav,0.21000000000000008,0.0
praat6_cc_auto,phone_M1.wav,0.2133333333333334,0.0
praat6_cc_auto,phone_M1.wav,0.21666666666666673,0.0
praat6_cc_auto,phone_M1.wav,0.22000000000000008,0.0
praat6_cc_auto,phone_M1.wav,0.2233333333333334,0.0
praat6_cc_auto,phone_M1.wav,0.22666666666666674,0.0
praat6_cc_auto,phone_M1.wav,0.23000000000000007,0.0
praat6_cc_auto,phone_M1.wav,0.2333333333333334,0.0
praat6_cc_auto,phone_M1.wav,0.23666666666666675,0.0
praat6_cc_auto,phone_M1.wav,0.24000000000000007,0.0
praat6_cc_auto,phone_M1.wav,0.2433333333333334,0.0
praat6_cc_auto,phone_M1.wav,0.24666666666666673,0.0
praat6_cc_auto,phone_M1.wav,0.25000000000000006,0.0
praat6_cc_auto,phone_M1.wav,0.2533333333333334,0.0
praat6_cc_auto,phone_M1.wav,0.2566666666666667,0.0
praat6_cc_auto,phone_M1.wav,0.26000000000000006,0.0
praat6_cc_auto,phone_M1.wav,0.26333333333333336,0.0
praat6_cc_auto,phone_M1.wav,0.2666666666666667,0.0
praat6_cc_auto,phone_M1.wav,0.2700000000000001,0.0
praat6_cc_auto,phone_M1.wav,0.2733333333333334,0.0
praat6_cc_auto,phone_M1.wav,0.2766666666666667,0.0
praat6_cc_auto,phone_M1.wav,0.28,0.0
praat6_cc_auto,phone_M1.wav,0.2833333333333334,0.0
praat6_cc_auto,phone_M1.wav,0.28666666666666674,0.0
praat6_cc_auto,phone_M1.wav,0.29000000000000004,0.0
praat6_cc_auto,phone_M1.wav,0.2933333333333334,0.0
praat6_cc_auto,phone_M1.wav,0.2966666666666667,0.0
praat6_cc_auto,phone_M1.wav,0.30000000000000004,0.0
praat6_cc_auto,phone_M1.wav,0.3033333333333334,0.0
praat6_cc_auto,phone_M1.wav,0.3066666666666667,0.0
praat6_cc_auto,phone_M1.wav,0.31000000000000005,0.0
praat6_cc_auto,phone_M1.wav,0.3133333333333334,0.0
praat6_cc_auto,phone_M1.wav,0.3166666666666667,0.0
praat6_cc_auto,phone_M1.wav,0.32000000000000006,0.0
praat6_cc_auto,phone_M1.wav,0.32333333333333336,0.0
praat6_cc_auto,phone_M1.wav,0.3266666666666667,0.0
praat6_cc_auto,phone_M1.wav,0.33000000000000007,0.0
praat6_cc_auto,phone_M1.wav,0.33333333333333337,0.0
praat6_cc_auto,phone_M1.wav,0.3366666666666667,0.0
praat6_cc_auto,phone_M1.wav,0.34,0.0
praat6_cc_auto,phone_M1.wav,0.3433333333333334,0.0
praat6_cc_auto,phone_M1.wav,0.34666666666666673,0.0
praat6_cc_auto,phone_M1.wav,0.35000000000000003,0.0
praat6_cc_auto,phone_M1.wav,0.3533333333333334,0.0
praat6_cc_auto,phone_M1.wav,0.35666666666666674,0.0
praat6_cc_auto,phone_M1.wav,0.36000000000000004,0.0
praat6_cc_auto,phone_M1.wav,0.3633333333333334,0.0
praat6_cc_auto,phone_M1.wav,0.3666666666666667,0.0
praat6_cc_auto,phone_M1.wav,0.37000000000000005,0.0
praat6_cc_auto,phone_M1.wav,0.3733333333333334,0.0
praat6_cc_auto,phone_M1.wav,0.3766666666666667,0.0
praat6_cc_auto,phone_M1.wav,0.38000000000000006,0.0
praat6_cc_auto,phone_M1.wav,0.3833333333333334,0.0
praat6_cc_auto,phone_M1.wav,0.3866666666666667,0.0
praat6_cc_auto,phone_M1.wav,0.39000000000000007,0.0
praat6_cc_auto,phone_M1.wav,0.39333333333333337,0.0
praat6_cc_auto,phone_M1.wav,0.3966666666666667,0.0
praat6_cc_auto,phone_M1.wav,0.4000000000000001,0.0
praat6_cc_auto,phone_M1.wav,0.4033333333333334,0.0
praat6_cc_auto,phone_M1.wav,0.40666666666666673,0.0
praat6_cc_auto,phone_M1.wav,0.41000000000000003,0.0
praat6_cc_auto,phone_M1.wav,0.4133333333333334,0.0
praat6_cc_auto,phone_M1.wav,0.41666666666666674,0.0
praat6_cc_auto,phone_M1.wav,0.42000000000000004,0.0
praat6_cc_auto,phone_M1.wav,0.4233333333333334,0.0
praat6_cc_auto,phone_M1.wav,0.42666666666666675,0.0
praat6_cc_auto,phone_M1.wav,0.43000000000000005,0.0
praat6_cc_auto,phone_M1.wav,0.4333333333333334,0.0
praat6_cc_auto,phone_M1.wav,0.4366666666666667,0.0
praat6_cc_auto,phone_M1.wav,0.44000000000000006,0.0
praat6_cc_auto,phone_M1.wav,0.4433333333333334,0.0
praat6_cc_auto,phone_M1.wav,0.4466666666666667,0.0
praat6_cc_auto,phone_M1.wav,0.45000000000000007,0.0
praat6_cc_auto,phone_M1.wav,0.45333333333333337,0.0
praat6_cc_auto,phone_M1.wav,0.4566666666666667,0.0
praat6_cc_auto,phone_M1.wav,0.4600000000000001,0.0
praat6_cc_auto,phone_M1.wav,0.4633333333333334,0.0
praat6_cc_auto,phone_M1.wav,0.46666666666666673,0.0
praat6_cc_auto,phone_M1.wav,0.4700000000000001,0.0
praat6_cc_auto,phone_M1.wav,0.4733333333333334,0.0
praat6_cc_auto,phone_M1.wav,0.47666666666666674,131.3266337994215
praat6_cc_auto,phone_M1.wav,0.48000000000000004,139.75420626275314
praat6_cc_auto,phone_M1.wav,0.4833333333333334,136.53537465222877
praat6_cc_auto,phone_M1.wav,0.48666666666666675,137.5366497057523
praat6_cc_auto,phone_M1.wav,0.49000000000000005,137.2833167100847
praat6_cc_auto,phone_M1.wav,0.4933333333333334,136.0864912946225
praat6_cc_auto,phone_M1.wav,0.4966666666666667,136.4169741751674
praat6_cc_auto,phone_M1.wav,0.5000000000000001,136.17132931568548
praat6_cc_auto,phone_M1.wav,0.5033333333333334,136.42420968386412
praat6_cc_auto,phone_M1.wav,0.5066666666666667,136.4008547469681
praat6_cc_auto,phone_M1.wav,0.5100000000000001,136.51980525523996
praat6_cc_auto,phone_M1.wav,0.5133333333333334,136.14534185593027
praat6_cc_auto,phone_M1.wav,0.5166666666666668,136.13994979791482
praat6_cc_auto,phone_M1.wav,0.5200000000000001,135.82616649961048
praat6_cc_auto,phone_M1.wav,0.5233333333333334,135.1532682376224
praat6_cc_auto,phone_M1.wav,0.5266666666666668,135.14350217346234
praat6_cc_auto,phone_M1.wav,0.5300000000000001,134.49485761943623
praat6_cc_auto,phone_M1.wav,0.5333333333333334,134.6089114306356
praat6_cc_auto,phone_M1.wav,0.5366666666666667,135.18750879400014
praat6_cc_auto,phone_M1.wav,0.5400000000000001,135.32314672035955
praat6_cc_auto,phone_M1.wav,0.5433333333333334,135.6135678329125
praat6_cc_auto,phone_M1.wav,0.5466666666666667,136.0184141299558
praat6_cc_auto,phone_M1.wav,0.5500000000000002,136.09274023790832
praat6_cc_auto,phone_M1.wav,0.5533333333333335,136.69051211681702
praat6_cc_auto,phone_M1.wav,0.5566666666666668,137.63558679671442
praat6_cc_auto,phone_M1.wav,0.5600000000000002,137.9102349528543
praat6_cc_auto,phone_M1.wav,0.5633333333333335,137.7259594687615
praat6_cc_auto,phone_M1.wav,0.5666666666666668,136.06086237831505
praat6_cc_auto,phone_M1.wav,0.5700000000000002,135.83499504955796
praat6_cc_auto,phone_M1.wav,0.5733333333333335,135.46558486944815
praat6_cc_auto,phone_M1.wav,0.5766666666666668,135.47890598635726
praat6_cc_auto,phone_M1.wav,0.5800000000000001,135.5651425044961
praat6_cc_auto,phone_M1.wav,0.5833333333333335,137.14867967232527
praat6_cc_auto,phone_M1.wav,0.5866666666666668,137.13371705583816
praat6_cc_auto,phone_M1.wav,0.5900000000000001,137.07158621659133
praat6_cc_auto,phone_M1.wav,0.5933333333333335,137.11766768561728
praat6_cc_auto,phone_M1.wav,0.5966666666666668,137.00045948542274
praat6_cc_auto,phone_M1.wav,0.6000000000000001,136.9915537909568
praat6_cc_auto,phone_M1.wav,0.6033333333333335,137.2880801419104
praat6_cc_auto,phone_M1.wav,0.6066666666666668,137.29617868528598
praat6_cc_auto,phone_M1.wav,0.6100000000000001,137.6964955458679
praat6_cc_auto,phone_M1.wav,0.6133333333333335,137.7409609647086
praat6_cc_auto,phone_M1.wav,0.6166666666666668,137.8536449388228
praat6_cc_auto,phone_M1.wav,0.6200000000000001,137.89531491971167
praat6_cc_auto,phone_M1.wav,0.6233333333333334,137.96075554493927
praat6_cc_auto,phone_M1.wav,0.6266666666666668,138.2468351176721
praat6_cc_auto,phone_M1.wav,0.6300000000000001,138.38028681407974
praat6_cc_auto,phone_M1.wav,0.6333333333333334,138.61591029481602
praat6_cc_auto,phone_M1.wav,0.6366666666666668,138.58762257255137
praat6_cc_auto,phone_M1.wav,0.6400000000000001,138.6522274803672
praat6_cc_auto,phone_M1.wav,0.6433333333333334,138.67085695089312
praat6_cc_auto,phone_M1.wav,0.6466666666666668,138.41251929062534
praat6_cc_auto,phone_M1.wav,0.6500000000000001,138.3972183868424
praat6_cc_auto,phone_M1.wav,0.6533333333333334,137.72756282543978
praat6_cc_auto,phone_M1.wav,0.6566666666666668,137.4016174396899
praat6_cc_auto,phone_M1.wav,0.6600000000000001,136.6332148131096
praat6_cc_auto,phone_M1.wav,0.6633333333333334,136.22171634552467
praat6_cc_auto,phone_M1.wav,0.6666666666666667,135.88093906945264
praat6_cc_auto,phone_M1.wav,0.6700000000000002,134.83998726130218
praat6_cc_auto,phone_M1.wav,0.6733333333333335,134.34837689553459
praat6_cc_auto,phone_M1.wav,0.6766666666666667,133.80154644692917
praat6_cc_auto,phone_M1.wav,0.6800000000000002,133.61437220171297
praat6_cc_auto,phone_M1.wav,0.6833333333333335,132.8942866805904
praat6_cc_auto,phone_M1.wav,0.6866666666666668,132.65223019377086
praat6_cc_auto,phone_M1.wav,0.6900000000000002,132.27633260092625
praat6_cc_auto,phone_M1.wav,0.6933333333333335,131.94623735581382
praat6_cc_auto,phone_M1.wav,0.6966666666666668,131.34725936345444
praat6_cc_auto,phone_M1.wav,0.7000000000000002,130.25367625183995
praat6_cc_auto,phone_M1.wav,0.7033333333333335,129.40953503655706
praat6_cc_auto,phone_M1.wav,0.7066666666666668,128.97779317768467
praat6_cc_auto,phone_M1.wav,0.7100000000000001,128.7787025802465
praat6_cc_auto,phone_M1.wav,0.7133333333333335,128.19331621847232
praat6_cc_auto,phone_M1.wav,0.7166666666666668,127.96464009494159
praat6_cc_auto,phone_M1.wav,0.7200000000000001,127.22318663838107
praat6_cc_auto,phone_M1.wav,0.7233333333333335,126.30991423666363
praat6_cc_auto,phone_M1.wav,0.7266666666666668,125.62619979035291
praat6_cc_auto,phone_M1.wav,0.7300000000000001,124.60196689160031
praat6_cc_auto,phone_M1.wav,0.7333333333333335,124.31378533319588
praat6_cc_auto,phone_M1.wav,0.7366666666666668,123.78043116030614
praat6_cc_auto,phone_M1.wav,0.7400000000000001,123.06364620403363
praat6_cc_auto,phone_M1.wav,0.7433333333333335,123.00575220724095
praat6_cc_auto,phone_M1.wav,0.7466666666666668,122.80819623914944
praat6_cc_auto,phone_M1.wav,0.7500000000000001,122.5525923248505
praat6_cc_auto,phone_M1.wav,0.7533333333333335,121.92764121761618
praat6_cc_auto,phone_M1.wav,0.7566666666666668,121.27263884192234
praat6_cc_auto,phone_M1.wav,0.7600000000000001,120.3535703997563
praat6_cc_auto,phone_M1.wav,0.7633333333333334,119.28859147222127
praat6_cc_auto,phone_M1.wav,0.7666666666666668,118.91135861843644
praat6_cc_auto,phone_M1.wav,0.7700000000000001,118.33339849067089
praat6_cc_auto,phone_M1.wav,0.7733333333333334,118.15486652954131
praat6_cc_auto,phone_M1.wav,0.7766666666666668,117.8281323540342
praat6_cc_auto,phone_M1.wav,0.7800000000000001,117.64642897522887
praat6_cc_auto,phone_M1.wav,0.7833333333333334,117.40955744750663
praat6_cc_auto,phone_M1.wav,0.7866666666666668,117.0007564199363
praat6_cc_auto,phone_M1.wav,0.7900000000000001,116.41501566826524
praat6_cc_auto,phone_M1.wav,0.7933333333333334,115.71220334213224
praat6_cc_auto,phone_M1.wav,0.7966666666666669,115.01185291484661
praat6_cc_auto,phone_M1.wav,0.8000000000000002,114.2050588781893
praat6_cc_auto,phone_M1.wav,0.8033333333333335,112.85972517075759
praat6_cc_auto,phone_M1.wav,0.8066666666666668,112.93574427280477
praat6_cc_auto,phone_M1.wav,0.8100000000000002,112.58970396801118
praat6_cc_auto,phone_M1.wav,0.8133333333333335,112.95007030826211
praat6_cc_auto,phone_M1.wav,0.8166666666666668,112.37445450627092
praat6_cc_auto,phone_M1.wav,0.8200000000000002,108.03804684163536
praat6_cc_auto,phone_M1.wav,0.8233333333333335,112.21569573693128
praat6_cc_auto,phone_M1.wav,0.8266666666666668,115.65410755138551
praat6_cc_auto,phone_M1.wav,0.8300000000000002,116.96433958761875
praat6_cc_auto,phone_M1.wav,0.8333333333333335,116.21874751628762
praat6_cc_auto,phone_M1.wav,0.8366666666666668,115.86323748438552
praat6_cc_auto,phone_M1.wav,0.8400000000000002,113.91551593108957
praat6_cc_auto,phone_M1.wav,0.8433333333333335,115.81170483104871
praat6_cc_auto,phone_M1.wav,0.8466666666666668,116.45618752174637
praat6_cc_auto,phone_M1.wav,0.8500000000000001,117.29896017526058
praat6_cc_auto,phone_M1.wav,0.8533333333333335,117.88032703020838
praat6_cc_auto,phone_M1.wav,0.8566666666666668,118.37958129207621
praat6_cc_auto,phone_M1.wav,0.8600000000000001,118.49458250723319
praat6_cc_auto,phone_M1.wav,0.8633333333333335,118.6446055844198
praat6_cc_auto,phone_M1.wav,0.8666666666666668,119.25184243682466
praat6_cc_auto,phone_M1.wav,0.8700000000000001,119.5176014230033
praat6_cc_auto,phone_M1.wav,0.8733333333333335,120.00491413291239
praat6_cc_auto,phone_M1.wav,0.8766666666666668,120.26569205738157
praat6_cc_auto,phone_M1.wav,0.8800000000000001,120.98732225137431
praat6_cc_auto,phone_M1.wav,0.8833333333333335,121.86860534100683
praat6_cc_auto,phone_M1.wav,0.8866666666666668,122.29995446599463
praat6_cc_auto,phone_M1.wav,0.8900000000000001,123.200052500547
praat6_cc_auto,phone_M1.wav,0.8933333333333334,123.42620811421742
praat6_cc_auto,phone_M1.wav,0.8966666666666668,123.94232645252313
praat6_cc_auto,phone_M1.wav,0.9000000000000001,124.15036496289599
praat6_cc_auto,phone_M1.wav,0.9033333333333334,124.4176254333327
praat6_cc_auto,phone_M1.wav,0.9066666666666668,129.04981856772284
praat6_cc_auto,phone_M1.wav,0.9100000000000001,130.81912961585223
praat6_cc_auto,phone_M1.wav,0.9133333333333334,133.40331856412465
praat6_cc_auto,phone_M1.wav,0.9166666666666669,133.46765729048883
praat6_cc_auto,phone_M1.wav,0.9200000000000002,133.6711827992741
praat6_cc_auto,phone_M1.wav,0.9233333333333335,130.88361052204692
praat6_cc_auto,phone_M1.wav,0.9266666666666669,130.86547282358686
praat6_cc_auto,phone_M1.wav,0.9300000000000002,130.8615135689352
praat6_cc_auto,phone_M1.wav,0.9333333333333335,132.94869502888773
praat6_cc_auto,phone_M1.wav,0.9366666666666668,133.55755360718942
praat6_cc_auto,phone_M1.wav,0.9400000000000002,133.58058469880342
praat6_cc_auto,phone_M1.wav,0.9433333333333335,133.83421338471246
praat6_cc_auto,phone_M1.wav,0.9466666666666668,134.78482421279364
praat6_cc_auto,phone_M1.wav,0.9500000000000002,135.70042156636893
praat6_cc_auto,phone_M1.wav,0.9533333333333335,136.29419138237813
praat6_cc_auto,phone_M1.wav,0.9566666666666668,136.40612283179973
praat6_cc_auto,phone_M1.wav,0.9600000000000002,137.85381436231123
praat6_cc_auto,phone_M1.wav,0.9633333333333335,137.92220499399852
praat6_cc_auto,phone_M1.wav,0.9666666666666668,139.06995789720926
praat6_cc_auto,phone_M1.wav,0.9700000000000002,139.20344833695086
praat6_cc_auto,phone_M1.wav,0.9733333333333335,140.366679957281
praat6_cc_auto,phone_M1.wav,0.9766666666666668,140.60898129695966
praat6_cc_auto,phone_M1.wav,0.9800000000000001,140.65526436682669
praat6_cc_auto,phone_M1.wav,0.9833333333333335,141.55663675694743
praat6_cc_auto,phone_M1.wav,0.9866666666666668,141.06118952425842
praat6_cc_auto,phone_M1.wav,0.9900000000000001,141.42842623342116
praat6_cc_auto,phone_M1.wav,0.9933333333333335,140.73817948127282
praat6_cc_auto,phone_M1.wav,0.9966666666666668,140.91326314781543
praat6_cc_auto,phone_M1.wav,1.0,140.36906753454917
praat6_cc_auto,phone_M1.wav,1.0033333333333334,141.18021056182778
praat6_cc_auto,phone_M1.wav,1.0066666666666668,141.29679343683827
praat6_cc_auto,phone_M1.wav,1.01,144.08915698048926
praat6_cc_auto,phone_M1.wav,1.0133333333333334,144.49520245910122
praat6_cc_auto,phone_M1.wav,1.0166666666666668,146.81663149559304
praat6_cc_auto,phone_M1.wav,1.0200000000000002,147.19745780929514
praat6_cc_auto,phone_M1.wav,1.0233333333333334,147.64022688224412
praat6_cc_auto,phone_M1.wav,1.0266666666666668,148.1623402437087
praat6_cc_auto,phone_M1.wav,1.0300000000000002,149.12359200900306
praat6_cc_auto,phone_M1.wav,1.0333333333333334,149.0571617621251
praat6_cc_auto,phone_M1.wav,1.0366666666666668,149.1475714662887
praat6_cc_auto,phone_M1.wav,1.0400000000000003,148.94484367139407
praat6_cc_auto,phone_M1.wav,1.0433333333333334,148.92309761830796
praat6_cc_auto,phone_M1.wav,1.0466666666666669,148.89823097894316
praat6_cc_auto,phone_M1.wav,1.05,149.45708697942683
praat6_cc_auto,phone_M1.wav,1.0533333333333335,149.78408291804243
praat6_cc_auto,phone_M1.wav,1.0566666666666669,149.2106851752398
praat6_cc_auto,phone_M1.wav,1.06,149.74522785375146
praat6_cc_auto,phone_M1.wav,1.0633333333333335,149.28977433017477
praat6_cc_auto,phone_M1.wav,1.0666666666666669,148.7173317841325
praat6_cc_auto,phone_M1.wav,1.07,149.66143153815148
praat6_cc_auto,phone_M1.wav,1.0733333333333335,149.1798565997038
praat6_cc_auto,phone_M1.wav,1.0766666666666669,148.48769005768168
praat6_cc_auto,phone_M1.wav,1.08,148.31931756777453
praat6_cc_auto,phone_M1.wav,1.0833333333333335,147.44170520836593
praat6_cc_auto,phone_M1.wav,1.086666666666667,146.85510077920102
praat6_cc_auto,phone_M1.wav,1.09,146.74535373744843
praat6_cc_auto,phone_M1.wav,1.0933333333333335,145.83189184593
praat6_cc_auto,phone_M1.wav,1.096666666666667,144.69023077895056
praat6_cc_auto,phone_M1.wav,1.1,144.18253701305932
praat6_cc_auto,phone_M1.wav,1.1033333333333335,143.09126922633257
praat6_cc_auto,phone_M1.wav,1.106666666666667,142.9742525288452
praat6_cc_auto,phone_M1.wav,1.11,142.48716042007797
praat6_cc_auto,phone_M1.wav,1.1133333333333335,142.08520547839433
praat6_cc_auto,phone_M1.wav,1.116666666666667,142.48894773564686
praat6_cc_auto,phone_M1.wav,1.12,142.21836818651047
praat6_cc_auto,phone_M1.wav,1.1233333333333335,142.21543633104136
praat6_cc_auto,phone_M1.wav,1.126666666666667,139.42028292882006
praat6_cc_auto,phone_M1.wav,1.1300000000000001,139.1759351753915
praat6_cc_auto,phone_M1.wav,1.1333333333333335,138.8127458081895
praat6_cc_auto,phone_M1.wav,1.1366666666666667,138.83597888549343
praat6_cc_auto,phone_M1.wav,1.1400000000000001,144.61968483448962
praat6_cc_auto,phone_M1.wav,1.1433333333333335,144.58408713941316
praat6_cc_auto,phone_M1.wav,1.1466666666666667,146.86514863670695
praat6_cc_auto,phone_M1.wav,1.1500000000000001,147.18986703154576
praat6_cc_auto,phone_M1.wav,1.1533333333333335,151.13704084093655
praat6_cc_auto,phone_M1.wav,1.1566666666666667,151.31353694027754
praat6_cc_auto,phone_M1.wav,1.1600000000000001,152.32540152795522
praat6_cc_auto,phone_M1.wav,1.1633333333333336,152.73070033226662
praat6_cc_auto,phone_M1.wav,1.1666666666666667,153.4291085587543
praat6_cc_auto,phone_M1.wav,1.1700000000000002,153.94549261293514
praat6_cc_auto,phone_M1.wav,1.1733333333333336,154.588058575123
praat6_cc_auto,phone_M1.wav,1.1766666666666667,156.60264968402794
praat6_cc_auto,phone_M1.wav,1.1800000000000002,154.05899439929962
praat6_cc_auto,phone_M1.wav,1.1833333333333336,153.69540491812654
praat6_cc_auto,phone_M1.wav,1.1866666666666668,153.68671263469824
praat6_cc_auto,phone_M1.wav,1.1900000000000002,153.7276646535478
praat6_cc_auto,phone_M1.wav,1.1933333333333336,153.71449573886895
praat6_cc_auto,phone_M1.wav,1.1966666666666668,154.2439817004863
praat6_cc_auto,phone_M1.wav,1.2000000000000002,153.6441762650776
praat6_cc_auto,phone_M1.wav,1.2033333333333336,153.7658757359325
praat6_cc_auto,phone_M1.wav,1.2066666666666668,153.19230565365018
praat6_cc_auto,phone_M1.wav,1.2100000000000002,153.00887644387174
praat6_cc_auto,phone_M1.wav,1.2133333333333336,152.78781583302288
praat6_cc_auto,phone_M1.wav,1.2166666666666668,152.61319014906522
praat6_cc_auto,phone_M1.wav,1.2200000000000002,151.62282349890327
praat6_cc_auto,phone_M1.wav,1.2233333333333336,151.70076402760162
praat6_cc_auto,phone_M1.wav,1.2266666666666668,140.24687885239166
praat6_cc_auto,phone_M1.wav,1.2300000000000002,137.60510281877117
praat6_cc_auto,phone_M1.wav,1.2333333333333334,146.43053992607244
praat6_cc_auto,phone_M1.wav,1.2366666666666668,149.0182329970241
praat6_cc_auto,phone_M1.wav,1.2400000000000002,152.16809010749003
praat6_cc_auto,phone_M1.wav,1.2433333333333334,152.24076570305365
praat6_cc_auto,phone_M1.wav,1.2466666666666668,152.78597894439847
praat6_cc_auto,phone_M1.wav,1.2500000000000002,152.9301866838017
praat6_cc_auto,phone_M1.wav,1.2533333333333334,153.88699035042782
praat6_cc_auto,phone_M1.wav,1.2566666666666668,154.49259832325683
praat6_cc_auto,phone_M1.wav,1.2600000000000002,155.3176857245587
praat6_cc_auto,phone_M1.wav,1.2633333333333334,155.719517562324
praat6_cc_auto,phone_M1.wav,1.2666666666666668,156.4195988173875
praat6_cc_auto,phone_M1.wav,1.2700000000000002,156.40382815057478
praat6_cc_auto,phone_M1.wav,1.2733333333333334,156.71873123451513
praat6_cc_auto,phone_M1.wav,1.2766666666666668,156.72245516895615
praat6_cc_auto,phone_M1.wav,1.2800000000000002,157.0802896736673
praat6_cc_auto,phone_M1.wav,1.2833333333333334,157.03990534449673
praat6_cc_auto,phone_M1.wav,1.2866666666666668,156.96670659860297
praat6_cc_auto,phone_M1.wav,1.2900000000000003,156.35863333062585
praat6_cc_auto,phone_M1.wav,1.2933333333333334,155.1954332571616
praat6_cc_auto,phone_M1.wav,1.2966666666666669,154.55673297700864
praat6_cc_auto,phone_M1.wav,1.3000000000000003,154.006427161212
praat6_cc_auto,phone_M1.wav,1.3033333333333335,153.61370613417662
praat6_cc_auto,phone_M1.wav,1.3066666666666669,153.34769040745664
praat6_cc_auto,phone_M1.wav,1.3100000000000003,152.68562854915837
praat6_cc_auto,phone_M1.wav,1.3133333333333335,153.3898828411589
praat6_cc_auto,phone_M1.wav,1.3166666666666669,153.67057719681375
praat6_cc_auto,phone_M1.wav,1.32,153.1866826877053
praat6_cc_auto,phone_M1.wav,1.3233333333333335,153.1251301423898
praat6_cc_auto,phone_M1.wav,1.3266666666666669,152.3102263891747
praat6_cc_auto,phone_M1.wav,1.33,151.89881627972935
praat6_cc_auto,phone_M1.wav,1.3333333333333335,152.30717151655966
praat6_cc_auto,phone_M1.wav,1.336666666666667,152.89983848834987
praat6_cc_auto,phone_M1.wav,1.34,152.98773942513128
praat6_cc_auto,phone_M1.wav,1.3433333333333335,153.44875597413645
praat6_cc_auto,phone_M1.wav,1.346666666666667,153.0876492836628
praat6_cc_auto,phone_M1.wav,1.35,152.90642432886614
praat6_cc_auto,phone_M1.wav,1.3533333333333335,152.45820782003307
praat6_cc_auto,phone_M1.wav,1.356666666666667,152.72072527501052
praat6_cc_auto,phone_M1.wav,1.36,153.22773833729374
praat6_cc_auto,phone_M1.wav,1.3633333333333335,155.24601281006545
praat6_cc_auto,phone_M1.wav,1.366666666666667,155.98494399241957
praat6_cc_auto,phone_M1.wav,1.37,151.42315310010852
praat6_cc_auto,phone_M1.wav,1.3733333333333335,150.63434612045424
praat6_cc_auto,phone_M1.wav,1.376666666666667,145.91137203874572
praat6_cc_auto,phone_M1.wav,1.3800000000000001,144.9902430281033
praat6_cc_auto,phone_M1.wav,1.3833333333333335,147.80320015103595
praat6_cc_auto,phone_M1.wav,1.386666666666667,148.00655284800106
praat6_cc_auto,phone_M1.wav,1.3900000000000001,0.0
praat6_cc_auto,phone_M1.wav,1.3933333333333335,0.0
praat6_cc_auto,phone_M1.wav,1.396666666666667,0.0
praat6_cc_auto,phone_M1.wav,1.4000000000000001,0.0
praat6_cc_auto,phone_M1.wav,1.4033333333333335,0.0
praat6_cc_auto,phone_M1.wav,1.4066666666666667,0.0
praat6_cc_auto,phone_M1.wav,1.4100000000000001,0.0
praat6_cc_auto,phone_M1.wav,1.4133333333333336,0.0
praat6_cc_auto,phone_M1.wav,1.4166666666666667,0.0
praat6_cc_auto,phone_M1.wav,1.4200000000000002,0.0
praat6_cc_auto,phone_M1.wav,1.4233333333333336,0.0
praat6_cc_auto,phone_M1.wav,1.4266666666666667,0.0
praat6_cc_auto,phone_M1.wav,1.4300000000000002,0.0
praat6_cc_auto,phone_M1.wav,1.4333333333333336,0.0
praat6_cc_auto,phone_M1.wav,1.4366666666666668,0.0
praat6_cc_auto,phone_M1.wav,1.4400000000000002,0.0
praat6_cc_auto,phone_M1.wav,1.4433333333333336,0.0
praat6_cc_auto,phone_M1.wav,1.4466666666666668,0.0
praat6_cc_auto,phone_M1.wav,1.4500000000000002,0.0
praat6_cc_auto,phone_M1.wav,1.4533333333333336,0.0
praat6_cc_auto,phone_M1.wav,1.4566666666666668,0.0
praat6_cc_auto,phone_M1.wav,1.4600000000000002,0.0
praat6_cc_auto,phone_M1.wav,1.4633333333333336,0.0
praat6_cc_auto,phone_M1.wav,1.4666666666666668,0.0
praat6_cc_auto,phone_M1.wav,1.4700000000000002,0.0
praat6_cc_auto,phone_M1.wav,1.4733333333333336,0.0
praat6_cc_auto,phone_M1.wav,1.4766666666666668,0.0
praat6_cc_auto,phone_M1.wav,1.4800000000000002,0.0
praat6_cc_auto,phone_M1.wav,1.4833333333333336,0.0
praat6_cc_auto,phone_M1.wav,1.4866666666666668,0.0
praat6_cc_auto,phone_M1.wav,1.4900000000000002,0.0
praat6_cc_auto,phone_M1.wav,1.4933333333333336,0.0
praat6_cc_auto,phone_M1.wav,1.4966666666666668,0.0
praat6_cc_auto,phone_M1.wav,1.5000000000000002,0.0
praat6_cc_auto,phone_M1.wav,1.5033333333333334,0.0
praat6_cc_auto,phone_M1.wav,1.5066666666666668,119.05634886645265
praat6_cc_auto,phone_M1.wav,1.5100000000000002,119.32993812769884
praat6_cc_auto,phone_M1.wav,1.5133333333333334,118.7917478938706
praat6_cc_auto,phone_M1.wav,1.5166666666666668,116.35421142721019
praat6_cc_auto,phone_M1.wav,1.5200000000000002,115.41461682287239
praat6_cc_auto,phone_M1.wav,1.5233333333333334,114.11431687439129
praat6_cc_auto,phone_M1.wav,1.5266666666666668,114.42613203619749
praat6_cc_auto,phone_M1.wav,1.5300000000000002,114.5050646871187
praat6_cc_auto,phone_M1.wav,1.5333333333333334,114.70224253299389
praat6_cc_auto,phone_M1.wav,1.5366666666666668,114.82769578891238
praat6_cc_auto,phone_M1.wav,1.5400000000000003,114.67364284763417
praat6_cc_auto,phone_M1.wav,1.5433333333333334,114.66985138774774
praat6_cc_auto,phone_M1.wav,1.5466666666666669,114.69302641680589
praat6_cc_auto,phone_M1.wav,1.5500000000000003,114.55554629926054
praat6_cc_auto,phone_M1.wav,1.5533333333333335,114.34280026031279
praat6_cc_auto,phone_M1.wav,1.5566666666666669,114.02253979368045
praat6_cc_auto,phone_M1.wav,1.5600000000000003,113.4034576768451
praat6_cc_auto,phone_M1.wav,1.5633333333333335,113.09253699949342
praat6_cc_auto,phone_M1.wav,1.5666666666666669,112.79775305176594
praat6_cc_auto,phone_M1.wav,1.5700000000000003,112.48432362225714
praat6_cc_auto,phone_M1.wav,1.5733333333333335,112.57298492043483
praat6_cc_auto,phone_M1.wav,1.5766666666666669,112.05303885483336
praat6_cc_auto,phone_M1.wav,1.5800000000000003,111.3058159638507
praat6_cc_auto,phone_M1.wav,1.5833333333333335,110.35723759917055
praat6_cc_auto,phone_M1.wav,1.586666666666667,109.71677376187282
praat6_cc_auto,phone_M1.wav,1.59,109.57275804943325
praat6_cc_auto,phone_M1.wav,1.5933333333333335,109.58732516730828
praat6_cc_auto,phone_M1.wav,1.596666666666667,109.15180523076698
praat6_cc_auto,phone_M1.wav,1.6,110.01867614771517
praat6_cc_auto,phone_M1.wav,1.6033333333333335,110.59397441618486
praat6_cc_auto,phone_M1.wav,1.606666666666667,110.04082131508133
praat6_cc_auto,phone_M1.wav,1.61,113.16763521758489
praat6_cc_auto,phone_M1.wav,1.6133333333333335,111.80806277402633
praat6_cc_auto,phone_M1.wav,1.616666666666667,111.08230662518719
praat6_cc_auto,phone_M1.wav,1.62,111.34714296037792
praat6_cc_auto,phone_M1.wav,1.6233333333333335,109.1666257493573
praat6_cc_auto,phone_M1.wav,1.626666666666667,108.80219561305321
praat6_cc_auto,phone_M1.wav,1.6300000000000001,108.42305741839041
praat6_cc_auto,phone_M1.wav,1.6333333333333335,107.55364159129992
praat6_cc_auto,phone_M1.wav,1.636666666666667,107.11996450536535
praat6_cc_auto,phone_M1.wav,1.6400000000000001,107.39464936704987
praat6_cc_auto,phone_M1.wav,1.6433333333333335,106.71404326467396
praat6_cc_auto,phone_M1.wav,1.646666666666667,106.85852996307736
praat6_cc_auto,phone_M1.wav,1.6500000000000001,107.35734419179231
praat6_cc_auto,phone_M1.wav,1.6533333333333335,107.35173823784628
praat6_cc_auto,phone_M1.wav,1.656666666666667,108.22951266040516
praat6_cc_auto,phone_M1.wav,1.6600000000000001,108.28444411361134
praat6_cc_auto,phone_M1.wav,1.6633333333333336,108.16537242684325
praat6_cc_auto,phone_M1.wav,1.666666666666667,109.36089538655177
praat6_cc_auto,phone_M1.wav,1.6700000000000002,108.21322599270437
praat6_cc_auto,phone_M1.wav,1.6733333333333336,110.6981021945331
praat6_cc_auto,phone_M1.wav,1.6766666666666667,114.36180446064748
praat6_cc_auto,phone_M1.wav,1.6800000000000002,112.32652369447857
praat6_cc_auto,phone_M1.wav,1.6833333333333336,112.44587965598808
praat6_cc_auto,phone_M1.wav,1.6866666666666668,112.4353636101769
praat6_cc_auto,phone_M1.wav,1.6900000000000002,111.81588236238545
praat6_cc_auto,phone_M1.wav,1.6933333333333336,111.75559664699522
praat6_cc_auto,phone_M1.wav,1.6966666666666668,0.0
praat6_cc_auto,phone_M1.wav,1.7000000000000002,0.0
praat6_cc_auto,phone_M1.wav,1.7033333333333336,0.0
praat6_cc_auto,phone_M1.wav,1.7066666666666668,0.0
praat6_cc_auto,phone_M1.wav,1.7100000000000002,0.0
praat6_cc_auto,phone_M1.wav,1.7133333333333336,0.0
praat6_cc_auto,phone_M1.wav,1.7166666666666668,0.0
praat6_cc_auto,phone_M1.wav,1.7200000000000002,0.0
praat6_cc_auto,phone_M1.wav,1.7233333333333336,0.0
praat6_cc_auto,phone_M1.wav,1.7266666666666668,0.0
praat6_cc_auto,phone_M1.wav,1.7300000000000002,0.0
praat6_cc_auto,phone_M1.wav,1.7333333333333336,0.0
praat6_cc_auto,phone_M1.wav,1.7366666666666668,0.0
praat6_cc_auto,phone_M1.wav,1.7400000000000002,0.0
praat6_cc_auto,phone_M1.wav,1.7433333333333336,0.0
praat6_cc_auto,phone_M1.wav,1.7466666666666668,0.0
praat6_cc_auto,phone_M1.wav,1.7500000000000002,0.0
praat6_cc_auto,phone_M1.wav,1.7533333333333336,512.4272152845423
praat6_cc_auto,phone_M1.wav,1.7566666666666668,513.8657520850999
praat6_cc_auto,phone_M1.wav,1.7600000000000002,516.2138640345908
praat6_cc_auto,phone_M1.wav,1.7633333333333336,515.8285748153402
praat6_cc_auto,phone_M1.wav,1.7666666666666668,517.8772779445816
praat6_cc_auto,phone_M1.wav,1.7700000000000002,519.4694357445516
praat6_cc_auto,phone_M1.wav,1.7733333333333334,491.9888482408349
praat6_cc_auto,phone_M1.wav,1.7766666666666668,514.263247810462
praat6_cc_auto,phone_M1.wav,1.7800000000000002,489.64429482539197
praat6_cc_auto,phone_M1.wav,1.7833333333333334,488.7195229386616
praat6_cc_auto,phone_M1.wav,1.7866666666666668,487.9159309375581
praat6_cc_auto,phone_M1.wav,1.7900000000000003,0.0
praat6_cc_auto,phone_M1.wav,1.7933333333333334,0.0
praat6_cc_auto,phone_M1.wav,1.7966666666666669,0.0
praat6_cc_auto,phone_M1.wav,1.8000000000000003,0.0
praat6_cc_auto,phone_M1.wav,1.8033333333333335,124.25208448448899
praat6_cc_auto,phone_M1.wav,1.8066666666666669,124.30071315198862
praat6_cc_auto,phone_M1.wav,1.8100000000000003,122.25743654836619
praat6_cc_auto,phone_M1.wav,1.8133333333333335,121.8750722843212
praat6_cc_auto,phone_M1.wav,1.8166666666666669,120.75963908768173
praat6_cc_auto,phone_M1.wav,1.8200000000000003,120.97792688391225
praat6_cc_auto,phone_M1.wav,1.8233333333333335,121.11817467357153
praat6_cc_auto,phone_M1.wav,1.8266666666666669,121.04972106485772
praat6_cc_auto,phone_M1.wav,1.8300000000000003,121.11349733600491
praat6_cc_auto,phone_M1.wav,1.8333333333333335,120.93729273825532
praat6_cc_auto,phone_M1.wav,1.836666666666667,120.7258275268541
praat6_cc_auto,phone_M1.wav,1.8400000000000003,120.64732040718347
praat6_cc_auto,phone_M1.wav,1.8433333333333335,120.51900722159867
praat6_cc_auto,phone_M1.wav,1.846666666666667,120.50008916749968
praat6_cc_auto,phone_M1.wav,1.8500000000000003,120.44776694359464
praat6_cc_auto,phone_M1.wav,1.8533333333333335,119.9775788568378
praat6_cc_auto,phone_M1.wav,1.856666666666667,119.40401271402077
praat6_cc_auto,phone_M1.wav,1.86,118.77024260285972
praat6_cc_auto,phone_M1.wav,1.8633333333333335,118.14768509256427
praat6_cc_auto,phone_M1.wav,1.866666666666667,117.42516667034926
praat6_cc_auto,phone_M1.wav,1.87,116.90913972592006
praat6_cc_auto,phone_M1.wav,1.8733333333333335,116.73673953064426
praat6_cc_auto,phone_M1.wav,1.876666666666667,116.41064235007427
praat6_cc_auto,phone_M1.wav,1.8800000000000001,115.6855691208388
praat6_cc_auto,phone_M1.wav,1.8833333333333335,114.5249070817075
praat6_cc_auto,phone_M1.wav,1.886666666666667,114.05046825554469
praat6_cc_auto,phone_M1.wav,1.8900000000000001,113.36730076974128
praat6_cc_auto,phone_M1.wav,1.8933333333333335,112.88755304363751
praat6_cc_auto,phone_M1.wav,1.896666666666667,112.51763191580093
praat6_cc_auto,phone_M1.wav,1.9000000000000001,112.14487814995925
praat6_cc_auto,phone_M1.wav,1.9033333333333335,111.78778323749616
praat6_cc_auto,phone_M1.wav,1.906666666666667,111.4256321504438
praat6_cc_auto,phone_M1.wav,1.9100000000000001,111.00920936292385
praat6_cc_auto,phone_M1.wav,1.9133333333333336,110.63342372224096
praat6_cc_auto,phone_M1.wav,1.916666666666667,110.56957877992821
praat6_cc_auto,phone_M1.wav,1.9200000000000002,110.40678615438777
praat6_cc_auto,phone_M1.wav,1.9233333333333336,110.21178578501603
praat6_cc_auto,phone_M1.wav,1.926666666666667,109.85095225551369
praat6_cc_auto,phone_M1.wav,1.9300000000000002,109.34845893122527
praat6_cc_auto,phone_M1.wav,1.9333333333333336,108.637964860114
praat6_cc_auto,phone_M1.wav,1.936666666666667,106.3776752631708
praat6_cc_auto,phone_M1.wav,1.9400000000000002,105.4411260355051
praat6_cc_auto,phone_M1.wav,1.9433333333333336,103.71391414221897
praat6_cc_auto,phone_M1.wav,1.9466666666666668,103.37439448907953
praat6_cc_auto,phone_M1.wav,1.9500000000000002,101.54520213086062
praat6_cc_auto,phone_M1.wav,1.9533333333333336,100.83379033561664
praat6_cc_auto,phone_M1.wav,1.9566666666666668,100.43706004659491
praat6_cc_auto,phone_M1.wav,1.9600000000000002,99.46975079273392
praat6_cc_auto,phone_M1.wav,1.9633333333333336,98.90555065379012
praat6_cc_auto,phone_M1.wav,1.9666666666666668,98.17817890464394
praat6_cc_auto,phone_M1.wav,1.9700000000000002,97.83279768681506
praat6_cc_auto,phone_M1.wav,1.9733333333333336,0.0
praat6_cc_auto,phone_M1.wav,1.9766666666666668,486.8554880718046
praat6_cc_auto,phone_M1.wav,1.9800000000000002,495.2452796331811
praat6_cc_auto,phone_M1.wav,1.9833333333333336,485.2054291537458
praat6_cc_auto,phone_M1.wav,1.9866666666666668,496.69396969950554
praat6_cc_auto,phone_M1.wav,1.9900000000000002,496.6953044823318
praat6_cc_auto,phone_M1.wav,1.9933333333333336,479.08935627082707
praat6_cc_auto,phone_M1.wav,1.9966666666666668,479.27285720037094
praat6_cc_auto,phone_M1.wav,2.0,472.76058295142536
praat6_cc_auto,phone_M1.wav,2.0033333333333334,477.315076070711
praat6_cc_auto,phone_M1.wav,2.006666666666667,473.99412128614915
praat6_cc_auto,phone_M1.wav,2.0100000000000002,456.4910909683095
praat6_cc_auto,phone_M1.wav,2.013333333333333,449.99755199877956
praat6_cc_auto,phone_M1.wav,2.0166666666666666,445.2464978807068
praat6_cc_auto,phone_M1.wav,2.02,442.6878259086154
praat6_cc_auto,phone_M1.wav,2.0233333333333334,435.9122598918119
praat6_cc_auto,phone_M1.wav,2.026666666666667,0.0
praat6_cc_auto,phone_M1.wav,2.03,101.84897241789423
praat6_cc_auto,phone_M1.wav,2.033333333333333,102.45037504286334
praat6_cc_auto,phone_M1.wav,2.0366666666666666,102.59519517658023
praat6_cc_auto,phone_M1.wav,2.04,102.89881083668394
praat6_cc_auto,phone_M1.wav,2.0433333333333334,104.31993884011749
praat6_cc_auto,phone_M1.wav,2.046666666666667,102.623811344362
praat6_cc_auto,phone_M1.wav,2.05,101.60207740132152
praat6_cc_auto,phone_M1.wav,2.0533333333333332,100.56270416593591
praat6_cc_auto,phone_M1.wav,2.0566666666666666,99.23827761693671
praat6_cc_auto,phone_M1.wav,2.06,97.217745192254
praat6_cc_auto,phone_M1.wav,2.0633333333333335,95.5400885386806
praat6_cc_auto,phone_M1.wav,2.066666666666667,96.41986085112869
praat6_cc_auto,phone_M1.wav,2.07,100.34999988774149
praat6_cc_auto,phone_M1.wav,2.0733333333333333,104.16055706936106
praat6_cc_auto,phone_M1.wav,2.0766666666666667,104.49789695563021
praat6_cc_auto,phone_M1.wav,2.08,105.86182002071347
praat6_cc_auto,phone_M1.wav,2.0833333333333335,105.82343477072043
praat6_cc_auto,phone_M1.wav,2.0866666666666664,105.99864689411145
praat6_cc_auto,phone_M1.wav,2.09,108.92614307174033
praat6_cc_auto,phone_M1.wav,2.0933333333333333,108.46006739182688
praat6_cc_auto,phone_M1.wav,2.0966666666666667,106.83329591132086
praat6_cc_auto,phone_M1.wav,2.1,104.79419979464409
praat6_cc_auto,phone_M1.wav,2.1033333333333335,106.28613941740208
praat6_cc_auto,phone_M1.wav,2.1066666666666665,106.74017711795675
praat6_cc_auto,phone_M1.wav,2.11,108.05932101144434
praat6_cc_auto,phone_M1.wav,2.1133333333333333,106.57956621848717
praat6_cc_auto,phone_M1.wav,2.1166666666666667,106.54937181526961
praat6_cc_auto,phone_M1.wav,2.12,106.3454234311732
praat6_cc_auto,phone_M1.wav,2.1233333333333335,106.67364357537991
praat6_cc_auto,phone_M1.wav,2.1266666666666665,109.34773787344496
praat6_cc_auto,phone_M1.wav,2.13,109.67750255047125
praat6_cc_auto,phone_M1.wav,2.1333333333333333,110.35221978777102
praat6_cc_auto,phone_M1.wav,2.1366666666666667,111.62178143193515
praat6_cc_auto,phone_M1.wav,2.14,113.01291147003786
praat6_cc_auto,phone_M1.wav,2.1433333333333335,114.93594686653151
praat6_cc_auto,phone_M1.wav,2.1466666666666665,114.94175051612682
praat6_cc_auto,phone_M1.wav,2.15,118.91957931338173
praat6_cc_auto,phone_M1.wav,2.1533333333333333,121.07348755110148
praat6_cc_auto,phone_M1.wav,2.1566666666666667,123.12175320234968
praat6_cc_auto,phone_M1.wav,2.16,123.12731013097402
praat6_cc_auto,phone_M1.wav,2.1633333333333336,122.88195163338872
praat6_cc_auto,phone_M1.wav,2.1666666666666665,123.0452816099132
praat6_cc_auto,phone_M1.wav,2.17,120.67028674184404
praat6_cc_auto,phone_M1.wav,2.1733333333333333,123.90266675327777
praat6_cc_auto,phone_M1.wav,2.1766666666666667,124.07984573110136
praat6_cc_auto,phone_M1.wav,2.18,123.89582206250422
praat6_cc_auto,phone_M1.wav,2.183333333333333,123.54010909317998
praat6_cc_auto,phone_M1.wav,2.1866666666666665,123.5172867619742
praat6_cc_auto,phone_M1.wav,2.19,123.27626026345108
praat6_cc_auto,phone_M1.wav,2.1933333333333334,123.28342575907709
praat6_cc_auto,phone_M1.wav,2.1966666666666668,123.17009694857646
praat6_cc_auto,phone_M1.wav,2.2,122.45400755373699
praat6_cc_auto,phone_M1.wav,2.203333333333333,121.93013431949352
praat6_cc_auto,phone_M1.wav,2.2066666666666666,121.64499679561753
praat6_cc_auto,phone_M1.wav,2.21,121.6249484710493
praat6_cc_auto,phone_M1.wav,2.2133333333333334,121.29300015691331
praat6_cc_auto,phone_M1.wav,2.216666666666667,120.77788111639056
praat6_cc_auto,phone_M1.wav,2.22,120.14236259779861
praat6_cc_auto,phone_M1.wav,2.223333333333333,120.1118188351715
praat6_cc_auto,phone_M1.wav,2.2266666666666666,120.10602444998756
praat6_cc_auto,phone_M1.wav,2.23,120.07910602194974
praat6_cc_auto,phone_M1.wav,2.2333333333333334,119.74587178661392
praat6_cc_auto,phone_M1.wav,2.236666666666667,118.43469025377193
praat6_cc_auto,phone_M1.wav,2.24,118.07742188283274
praat6_cc_auto,phone_M1.wav,2.243333333333333,117.92909578590202
praat6_cc_auto,phone_M1.wav,2.2466666666666666,117.6902428722033
praat6_cc_auto,phone_M1.wav,2.25,117.33531046993775
praat6_cc_auto,phone_M1.wav,2.2533333333333334,117.0659484682852
praat6_cc_auto,phone_M1.wav,2.256666666666667,116.55944426209692
praat6_cc_auto,phone_M1.wav,2.26,116.3817723206113
praat6_cc_auto,phone_M1.wav,2.263333333333333,115.53387486655477
praat6_cc_auto,phone_M1.wav,2.2666666666666666,115.24468498200947
praat6_cc_auto,phone_M1.wav,2.27,114.95075502840706
praat6_cc_auto,phone_M1.wav,2.2733333333333334,114.84491156070192
praat6_cc_auto,phone_M1.wav,2.276666666666667,114.84472746633529
praat6_cc_auto,phone_M1.wav,2.28,114.71290669867973
praat6_cc_auto,phone_M1.wav,2.283333333333333,114.44093599883767
praat6_cc_auto,phone_M1.wav,2.2866666666666666,114.20467323967515
praat6_cc_auto,phone_M1.wav,2.29,114.07477288929584
praat6_cc_auto,phone_M1.wav,2.2933333333333334,113.64639023225413
praat6_cc_auto,phone_M1.wav,2.296666666666667,113.18400261812462
praat6_cc_auto,phone_M1.wav,2.3,112.89734119862084
praat6_cc_auto,phone_M1.wav,2.3033333333333332,112.76268265092058
praat6_cc_auto,phone_M1.wav,2.3066666666666666,111.65415680089887
praat6_cc_auto,phone_M1.wav,2.31,111.5555539187202
praat6_cc_auto,phone_M1.wav,2.3133333333333335,111.54218998252409
praat6_cc_auto,phone_M1.wav,2.316666666666667,111.49886990886557
praat6_cc_auto,phone_M1.wav,2.32,110.81586103687782
praat6_cc_auto,phone_M1.wav,2.3233333333333333,110.1576137550847
praat6_cc_auto,phone_M1.wav,2.3266666666666667,109.8827713870733
praat6_cc_auto,phone_M1.wav,2.33,109.8082043672214
praat6_cc_auto,phone_M1.wav,2.3333333333333335,109.49180595694217
praat6_cc_auto,phone_M1.wav,2.336666666666667,109.52389273139363
praat6_cc_auto,phone_M1.wav,2.34,109.58828918762008
praat6_cc_auto,phone_M1.wav,2.3433333333333333,109.56284617986522
praat6_cc_auto,phone_M1.wav,2.3466666666666667,109.663689495394
praat6_cc_auto,phone_M1.wav,2.35,109.67576015848026
praat6_cc_auto,phone_M1.wav,2.3533333333333335,109.6735411956668
praat6_cc_auto,phone_M1.wav,2.3566666666666665,110.10351531726475
praat6_cc_auto,phone_M1.wav,2.36,110.82371029943413
praat6_cc_auto,phone_M1.wav,2.3633333333333333,110.95920102102461
praat6_cc_auto,phone_M1.wav,2.3666666666666667,110.96961596064313
praat6_cc_auto,phone_M1.wav,2.37,111.31349054499978
praat6_cc_auto,phone_M1.wav,2.3733333333333335,111.63726666901623
praat6_cc_auto,phone_M1.wav,2.3766666666666665,111.9718478211971
praat6_cc_auto,phone_M1.wav,2.38,112.1576437241907
praat6_cc_auto,phone_M1.wav,2.3833333333333333,112.60665255689102
praat6_cc_auto,phone_M1.wav,2.3866666666666667,114.14637707517855
praat6_cc_auto,phone_M1.wav,2.39,114.31443703939895
praat6_cc_auto,phone_M1.wav,2.3933333333333335,114.32165196349254
praat6_cc_auto,phone_M1.wav,2.3966666666666665,115.35707724968856
praat6_cc_auto,phone_M1.wav,2.4,115.21417190297187
praat6_cc_auto,phone_M1.wav,2.4033333333333333,111.56942862070967
praat6_cc_auto,phone_M1.wav,2.4066666666666667,109.74987477767067
praat6_cc_auto,phone_M1.wav,2.41,110.68182939172269
praat6_cc_auto,phone_M1.wav,2.4133333333333336,115.40573803721286
praat6_cc_auto,phone_M1.wav,2.4166666666666665,118.64844719252409
praat6_cc_auto,phone_M1.wav,2.42,119.39178082078692
praat6_cc_auto,phone_M1.wav,2.4233333333333333,122.16225568279778
praat6_cc_auto,phone_M1.wav,2.4266666666666667,124.82986082863393
praat6_cc_auto,phone_M1.wav,2.43,126.59430172448722
praat6_cc_auto,phone_M1.wav,2.4333333333333336,125.20806346224347
praat6_cc_auto,phone_M1.wav,2.4366666666666665,125.6449775160032
praat6_cc_auto,phone_M1.wav,2.44,124.35156225926029
praat6_cc_auto,phone_M1.wav,2.4433333333333334,124.5170784890435
praat6_cc_auto,phone_M1.wav,2.4466666666666668,125.42051717290161
praat6_cc_auto,phone_M1.wav,2.45,126.53022153158274
praat6_cc_auto,phone_M1.wav,2.453333333333333,128.80927549368823
praat6_cc_auto,phone_M1.wav,2.4566666666666666,130.73109367679996
praat6_cc_auto,phone_M1.wav,2.46,131.01563572476843
praat6_cc_auto,phone_M1.wav,2.4633333333333334,129.0711128838868
praat6_cc_auto,phone_M1.wav,2.466666666666667,127.38729508464891
praat6_cc_auto,phone_M1.wav,2.47,125.68622923539266
praat6_cc_auto,phone_M1.wav,2.473333333333333,123.6101379619817
praat6_cc_auto,phone_M1.wav,2.4766666666666666,122.80705967176195
praat6_cc_auto,phone_M1.wav,2.48,122.5009627438767
praat6_cc_auto,phone_M1.wav,2.4833333333333334,122.15785845033338
praat6_cc_auto,phone_M1.wav,2.486666666666667,121.8153710276512
praat6_cc_auto,phone_M1.wav,2.49,119.17685754106306
praat6_cc_auto,phone_M1.wav,2.493333333333333,120.7482617906954
praat6_cc_auto,phone_M1.wav,2.4966666666666666,123.01755620818138
praat6_cc_auto,phone_M1.wav,2.5,128.07688504357725
praat6_cc_auto,phone_M1.wav,2.5033333333333334,130.65023198636277
praat6_cc_auto,phone_M1.wav,2.506666666666667,110.04477638700672
praat6_cc_auto,phone_M1.wav,2.5100000000000002,110.04705280612517
praat6_cc_auto,phone_M1.wav,2.513333333333333,110.23758614519973
praat6_cc_auto,phone_M1.wav,2.5166666666666666,110.75558059662879
praat6_cc_auto,phone_M1.wav,2.52,110.94240174982302
praat6_cc_auto,phone_M1.wav,2.5233333333333334,111.13833824958772
praat6_cc_auto,phone_M1.wav,2.526666666666667,111.27775626572226
praat6_cc_auto,phone_M1.wav,2.53,111.42723717522486
praat6_cc_auto,phone_M1.wav,2.533333333333333,110.96078750045764
praat6_cc_auto,phone_M1.wav,2.5366666666666666,110.29877726651225
praat6_cc_auto,phone_M1.wav,2.54,110.2039640398755
praat6_cc_auto,phone_M1.wav,2.5433333333333334,110.93929388917758
praat6_cc_auto,phone_M1.wav,2.546666666666667,111.3556032423499
praat6_cc_auto,phone_M1.wav,2.55,111.42448953294246
praat6_cc_auto,phone_M1.wav,2.5533333333333332,109.14355983093812
praat6_cc_auto,phone_M1.wav,2.5566666666666666,109.18887179467913
praat6_cc_auto,phone_M1.wav,2.56,109.41328866566688
praat6_cc_auto,phone_M1.wav,2.5633333333333335,109.55961128929681
praat6_cc_auto,phone_M1.wav,2.566666666666667,109.6491475082396
praat6_cc_auto,phone_M1.wav,2.57,109.49635289606425
praat6_cc_auto,phone_M1.wav,2.5733333333333333,108.1829532908169
praat6_cc_auto,phone_M1.wav,2.5766666666666667,108.15135019667584
praat6_cc_auto,phone_M1.wav,2.58,108.45743268633083
praat6_cc_auto,phone_M1.wav,2.5833333333333335,108.8287956135269
praat6_cc_auto,phone_M1.wav,2.586666666666667,108.58042593959604
praat6_cc_auto,phone_M1.wav,2.59,108.43761977115771
praat6_cc_auto,phone_M1.wav,2.5933333333333333,108.12369791144256
praat6_cc_auto,phone_M1.wav,2.5966666666666667,107.99534520432228
praat6_cc_auto,phone_M1.wav,2.6,107.89518351711078
praat6_cc_auto,phone_M1.wav,2.6033333333333335,107.76510067687543
praat6_cc_auto,phone_M1.wav,2.606666666666667,107.88234213680234
praat6_cc_auto,phone_M1.wav,2.61,108.06763337161196
praat6_cc_auto,phone_M1.wav,2.6133333333333333,108.09185857126919
praat6_cc_auto,phone_M1.wav,2.6166666666666667,107.53636468406002
praat6_cc_auto,phone_M1.wav,2.62,106.98596712585667
praat6_cc_auto,phone_M1.wav,2.6233333333333335,106.92644629637486
praat6_cc_auto,phone_M1.wav,2.6266666666666665,106.71463776975824
praat6_cc_auto,phone_M1.wav,2.63,106.21966241484658
praat6_cc_auto,phone_M1.wav,2.6333333333333333,106.11205090370717
praat6_cc_auto,phone_M1.wav,2.6366666666666667,105.47310295978127
praat6_cc_auto,phone_M1.wav,2.64,104.60511567770389
praat6_cc_auto,phone_M1.wav,2.6433333333333335,104.49455437368759
praat6_cc_auto,phone_M1.wav,2.6466666666666665,104.42224330809269
praat6_cc_auto,phone_M1.wav,2.65,104.35829084269712
praat6_cc_auto,phone_M1.wav,2.6533333333333333,104.15914694981947
praat6_cc_auto,phone_M1.wav,2.6566666666666667,103.96392031458055
praat6_cc_auto,phone_M1.wav,2.66,103.80507048909145
praat6_cc_auto,phone_M1.wav,2.6633333333333336,103.53866582574521
praat6_cc_auto,phone_M1.wav,2.6666666666666665,103.30570180662419
praat6_cc_auto,phone_M1.wav,2.67,103.24756779712932
praat6_cc_auto,phone_M1.wav,2.6733333333333333,103.00461276020958
praat6_cc_auto,phone_M1.wav,2.6766666666666667,102.49676517605823
praat6_cc_auto,phone_M1.wav,2.68,102.49514736828566
praat6_cc_auto,phone_M1.wav,2.6833333333333336,102.40641312764642
praat6_cc_auto,phone_M1.wav,2.6866666666666665,102.42141275632703
praat6_cc_auto,phone_M1.wav,2.69,102.6470203598513
praat6_cc_auto,phone_M1.wav,2.6933333333333334,102.69812319785679
praat6_cc_auto,phone_M1.wav,2.6966666666666668,102.94489898966332
praat6_cc_auto,phone_M1.wav,2.7,103.30807196212824
praat6_cc_auto,phone_M1.wav,2.7033333333333336,103.42519312834007
praat6_cc_auto,phone_M1.wav,2.7066666666666666,104.39487323584447
praat6_cc_auto,phone_M1.wav,2.71,108.01657577128113
praat6_cc_auto,phone_M1.wav,2.7133333333333334,108.18453827814514
praat6_cc_auto,phone_M1.wav,2.716666666666667,112.47807488010329
praat6_cc_auto,phone_M1.wav,2.72,112.7957112894578
praat6_cc_auto,phone_M1.wav,2.723333333333333,0.0
praat6_cc_auto,phone_M1.wav,2.7266666666666666,0.0
praat6_cc_auto,phone_M1.wav,2.73,0.0
praat6_cc_auto,phone_M1.wav,2.7333333333333334,0.0
praat6_cc_auto,phone_M1.wav,2.736666666666667,0.0
praat6_cc_auto,phone_M1.wav,2.74,0.0
praat6_cc_auto,phone_M1.wav,2.743333333333333,0.0
praat6_cc_auto,phone_M1.wav,2.7466666666666666,0.0
praat6_cc_auto,phone_M1.wav,2.75,0.0
praat6_cc_auto,phone_M1.wav,2.7533333333333334,0.0
praat6_cc_auto,phone_M1.wav,2.756666666666667,0.0
praat6_cc_auto,phone_M1.wav,2.7600000000000002,0.0
praat6_cc_auto,phone_M1.wav,2.763333333333333,0.0
praat6_cc_auto,phone_M1.wav,2.7666666666666666,0.0
praat6_cc_auto,phone_M1.wav,2.77,0.0
praat6_cc_auto,phone_M1.wav,2.7733333333333334,0.0
praat6_cc_auto,phone_M1.wav,2.776666666666667,0.0
praat6_cc_auto,phone_M1.wav,2.7800000000000002,0.0
praat6_cc_auto,phone_M1.wav,2.783333333333333,0.0
praat6_cc_auto,phone_M1.wav,2.7866666666666666,0.0
praat6_cc_auto,phone_M1.wav,2.79,0.0
praat6_cc_auto,phone_M1.wav,2.7933333333333334,0.0
praat6_cc_auto,phone_M1.wav,2.796666666666667,0.0
praat6_cc_auto,phone_M1.wav,2.8,0.0
praat6_cc_auto,phone_M1.wav,2.8033333333333332,0.0
praat6_cc_auto,phone_M1.wav,2.8066666666666666,0.0
praat6_cc_auto,phone_M1.wav,2.81,0.0
praat6_cc_auto,phone_M1.wav,2.8133333333333335,0.0
praat6_cc_auto,phone_M1.wav,2.816666666666667,0.0
praat6_cc_auto,phone_M1.wav,2.82,0.0
praat6_cc_auto,phone_M1.wav,2.8233333333333333,0.0
praat6_cc_auto,phone_M1.wav,2.8266666666666667,0.0
praat6_cc_auto,phone_M1.wav,2.83,0.0
praat6_cc_auto,phone_M1.wav,2.8333333333333335,0.0
praat6_cc_auto,phone_M1.wav,2.836666666666667,0.0
praat6_cc_auto,phone_M1.wav,2.84,0.0
praat6_cc_auto,phone_M1.wav,2.8433333333333333,0.0
praat6_cc_auto,phone_M1.wav,2.8466666666666667,0.0
praat6_cc_auto,phone_M1.wav,2.85,586.5117518467856
praat6_cc_auto,phone_M1.wav,2.8533333333333335,587.832605783626
praat6_cc_auto,phone_M1.wav,2.856666666666667,587.2765007162988
praat6_cc_auto,phone_M1.wav,2.86,587.8721542783485
praat6_cc_auto,phone_M1.wav,2.8633333333333333,587.7904744482894
praat6_cc_auto,phone_M1.wav,2.8666666666666667,0.0
praat6_cc_auto,phone_M1.wav,2.87,0.0
praat6_cc_auto,phone_M1.wav,2.8733333333333335,130.99470367767117
praat6_cc_auto,phone_M1.wav,2.876666666666667,131.19107471635252
praat6_cc_auto,phone_M1.wav,2.88,134.9344572503232
praat6_cc_auto,phone_M1.wav,2.8833333333333333,135.6046376474143
praat6_cc_auto,phone_M1.wav,2.8866666666666667,135.83041451256187
praat6_cc_auto,phone_M1.wav,2.89,135.61499087007445
praat6_cc_auto,phone_M1.wav,2.8933333333333335,135.5014953732527
praat6_cc_auto,phone_M1.wav,2.8966666666666665,135.13562766843174
praat6_cc_auto,phone_M1.wav,2.9,135.18731369138195
praat6_cc_auto,phone_M1.wav,2.9033333333333333,135.38133035194417
praat6_cc_auto,phone_M1.wav,2.9066666666666667,135.5370649543227
praat6_cc_auto,phone_M1.wav,2.91,135.97237373080245
praat6_cc_auto,phone_M1.wav,2.9133333333333336,136.03416802093585
praat6_cc_auto,phone_M1.wav,2.9166666666666665,136.56609767145554
praat6_cc_auto,phone_M1.wav,2.92,136.9491316703087
praat6_cc_auto,phone_M1.wav,2.9233333333333333,137.9707261718223
praat6_cc_auto,phone_M1.wav,2.9266666666666667,138.05631202152378
praat6_cc_auto,phone_M1.wav,2.93,0.0
praat6_cc_auto,phone_M1.wav,2.9333333333333336,0.0
praat6_cc_auto,phone_M1.wav,2.9366666666666665,0.0
praat6_cc_auto,phone_M1.wav,2.94,0.0
praat6_cc_auto,phone_M1.wav,2.9433333333333334,0.0
praat6_cc_auto,phone_M1.wav,2.9466666666666668,0.0
praat6_cc_auto,phone_M1.wav,2.95,0.0
praat6_cc_auto,phone_M1.wav,2.9533333333333336,136.64170803799544
praat6_cc_auto,phone_M1.wav,2.9566666666666666,137.13954849976727
praat6_cc_auto,phone_M1.wav,2.96,136.67503462301784
praat6_cc_auto,phone_M1.wav,2.9633333333333334,136.98760493721642
praat6_cc_auto,phone_M1.wav,2.966666666666667,136.5343331299784
praat6_cc_auto,phone_M1.wav,2.97,136.27602837598252
praat6_cc_auto,phone_M1.wav,2.9733333333333336,136.1686934348106
praat6_cc_auto,phone_M1.wav,2.9766666666666666,135.64946525274829
praat6_cc_auto,phone_M1.wav,2.98,135.54492881098167
praat6_cc_auto,phone_M1.wav,2.9833333333333334,0.0
praat6_cc_auto,phone_M1.wav,2.986666666666667,0.0
praat6_cc_auto,phone_M1.wav,2.99,0.0
praat6_cc_auto,phone_M1.wav,2.993333333333333,0.0
praat6_cc_auto,phone_M1.wav,2.9966666666666666,0.0
praat6_cc_auto,phone_M1.wav,3.0,0.0
praat6_cc_auto,phone_M1.wav,3.0033333333333334,0.0
praat6_cc_auto,phone_M1.wav,3.006666666666667,0.0
praat6_cc_auto,phone_M1.wav,3.0100000000000002,136.13609177956158
praat6_cc_auto,phone_M1.wav,3.013333333333333,136.11003525923599
praat6_cc_auto,phone_M1.wav,3.0166666666666666,136.29904997450586
praat6_cc_auto,phone_M1.wav,3.02,136.00076176010464
praat6_cc_auto,phone_M1.wav,3.0233333333333334,135.76223605591898
praat6_cc_auto,phone_M1.wav,3.026666666666667,135.9294419548203
praat6_cc_auto,phone_M1.wav,3.0300000000000002,135.962377967399
praat6_cc_auto,phone_M1.wav,3.033333333333333,136.34460890682251
praat6_cc_auto,phone_M1.wav,3.0366666666666666,136.60982651494731
praat6_cc_auto,phone_M1.wav,3.04,136.27655403229684
praat6_cc_auto,phone_M1.wav,3.0433333333333334,136.09118032768305
praat6_cc_auto,phone_M1.wav,3.046666666666667,136.0106293195745
praat6_cc_auto,phone_M1.wav,3.0500000000000003,136.5302884864317
praat6_cc_auto,phone_M1.wav,3.0533333333333332,0.0
praat6_cc_auto,phone_M1.wav,3.0566666666666666,0.0
praat6_cc_auto,phone_M1.wav,3.06,0.0
praat6_cc_auto,phone_M1.wav,3.0633333333333335,0.0
praat6_cc_auto,phone_M1.wav,3.066666666666667,0.0
praat6_cc_auto,phone_M1.wav,3.07,0.0
praat6_cc_auto,phone_M1.wav,3.0733333333333333,0.0
praat6_cc_auto,phone_M1.wav,3.0766666666666667,0.0
praat6_cc_auto,phone_M1.wav,3.08,0.0
praat6_cc_auto,phone_M1.wav,3.0833333333333335,0.0
praat6_cc_auto,phone_M1.wav,3.086666666666667,0.0
praat6_cc_auto,phone_M1.wav,3.09,0.0
praat6_cc_auto,phone_M1.wav,3.0933333333333333,0.0
praat6_cc_auto,phone_M1.wav,3.0966666666666667,0.0
praat6_cc_auto,phone_M1.wav,3.1,0.0
praat6_cc_auto,phone_M1.wav,3.1033333333333335,0.0
praat6_cc_auto,phone_M1.wav,3.106666666666667,101.174943705693
praat6_cc_auto,phone_M1.wav,3.11,101.96273276183385
praat6_cc_auto,phone_M1.wav,3.1133333333333333,98.87258157719809
praat6_cc_auto,phone_M1.wav,3.1166666666666667,94.57739606249609
praat6_cc_auto,phone_M1.wav,3.12,92.71745330275516
praat6_cc_auto,phone_M1.wav,3.1233333333333335,93.58728936288753
praat6_cc_auto,phone_M1.wav,3.126666666666667,98.54764443861279
praat6_cc_auto,phone_M1.wav,3.13,100.21286783750479
praat6_cc_auto,phone_M1.wav,3.1333333333333333,99.23618877470793
praat6_cc_auto,phone_M1.wav,3.1366666666666667,94.7229601917011
praat6_cc_auto,phone_M1.wav,3.14,91.99253664604761
praat6_cc_auto,phone_M1.wav,3.1433333333333335,92.14774188329487
praat6_cc_auto,phone_M1.wav,3.146666666666667,92.76329197241823
praat6_cc_auto,phone_M1.wav,3.15,93.87227395128335
praat6_cc_auto,phone_M1.wav,3.1533333333333333,93.9965657439441
praat6_cc_auto,phone_M1.wav,3.1566666666666667,94.54402718415822
praat6_cc_auto,phone_M1.wav,3.16,95.22661787633635
praat6_cc_auto,phone_M1.wav,3.1633333333333336,95.48926717274684
praat6_cc_auto,phone_M1.wav,3.1666666666666665,95.93482426034919
praat6_cc_auto,phone_M1.wav,3.17,96.4421586543963
praat6_cc_auto,phone_M1.wav,3.1733333333333333,96.50574672412225
praat6_cc_auto,phone_M1.wav,3.1766666666666667,97.03960120582525
praat6_cc_auto,phone_M1.wav,3.18,100.63482541939203
praat6_cc_auto,phone_M1.wav,3.1833333333333336,102.82303188455258
praat6_cc_auto,phone_M1.wav,3.1866666666666665,101.80504093635565
praat6_cc_auto,phone_M1.wav,3.19,101.58976025842558
praat6_cc_auto,phone_M1.wav,3.1933333333333334,101.40056319488644
praat6_cc_auto,phone_M1.wav,3.1966666666666668,101.16613215933295
praat6_cc_auto,phone_M1.wav,3.2,101.0165975201745
praat6_cc_auto,phone_M1.wav,3.2033333333333336,100.80244602850391
praat6_cc_auto,phone_M1.wav,3.2066666666666666,100.84239062035296
praat6_cc_auto,phone_M1.wav,3.21,100.41062643271727
praat6_cc_auto,phone_M1.wav,3.2133333333333334,99.7288743983986
praat6_cc_auto,phone_M1.wav,3.216666666666667,99.32813379517603
praat6_cc_auto,phone_M1.wav,3.22,99.02442408598786
praat6_cc_auto,phone_M1.wav,3.2233333333333336,98.99310740593485
praat6_cc_auto,phone_M1.wav,3.2266666666666666,98.84642915944931
praat6_cc_auto,phone_M1.wav,3.23,98.72523320799687
praat6_cc_auto,phone_M1.wav,3.2333333333333334,98.75235847591861
praat6_cc_auto,phone_M1.wav,3.236666666666667,98.67907224439445
praat6_cc_auto,phone_M1.wav,3.24,99.08187269378882
praat6_cc_auto,phone_M1.wav,3.2433333333333336,100.22977269897329
praat6_cc_auto,phone_M1.wav,3.2466666666666666,100.26179730960959
praat6_cc_auto,phone_M1.wav,3.25,100.45254429270774
praat6_cc_auto,phone_M1.wav,3.2533333333333334,101.08268766217869
praat6_cc_auto,phone_M1.wav,3.256666666666667,101.36600094468544
praat6_cc_auto,phone_M1.wav,3.2600000000000002,102.70557420839634
praat6_cc_auto,phone_M1.wav,3.263333333333333,103.93114456886381
praat6_cc_auto,phone_M1.wav,3.2666666666666666,105.8344789495879
praat6_cc_auto,phone_M1.wav,3.27,106.93202149632513
praat6_cc_auto,phone_M1.wav,3.2733333333333334,109.45419681903168
praat6_cc_auto,phone_M1.wav,3.276666666666667,110.5100241286347
praat6_cc_auto,phone_M1.wav,3.2800000000000002,110.23709754715637
praat6_cc_auto,phone_M1.wav,3.283333333333333,110.00218925973653
praat6_cc_auto,phone_M1.wav,3.2866666666666666,110.88775243405885
praat6_cc_auto,phone_M1.wav,3.29,0.0
praat6_cc_auto,phone_M1.wav,3.2933333333333334,0.0
praat6_cc_auto,phone_M1.wav,3.296666666666667,0.0
praat6_cc_auto,phone_M1.wav,3.3000000000000003,0.0
praat6_cc_auto,phone_M1.wav,3.3033333333333332,0.0
praat6_cc_auto,phone_M1.wav,3.3066666666666666,0.0
praat6_cc_auto,phone_M1.wav,3.31,0.0
praat6_cc_auto,phone_M1.wav,3.3133333333333335,0.0
praat6_cc_auto,phone_M1.wav,3.316666666666667,0.0
praat6_cc_auto,phone_M1.wav,3.3200000000000003,0.0
praat6_cc_auto,phone_M1.wav,3.3233333333333333,0.0
praat6_cc_auto,phone_M1.wav,3.3266666666666667,0.0
praat6_cc_auto,phone_M1.wav,3.33,0.0
praat6_cc_auto,phone_M1.wav,3.3333333333333335,0.0
praat6_cc_auto,phone_M1.wav,3.336666666666667,0.0
praat6_cc_auto,phone_M1.wav,3.34,0.0
praat6_cc_auto,phone_M1.wav,3.3433333333333333,0.0
praat6_cc_auto,phone_M1.wav,3.3466666666666667,0.0
praat6_cc_auto,phone_M1.wav,3.35,0.0
praat6_cc_auto,phone_M1.wav,3.3533333333333335,0.0
praat6_cc_auto,phone_M1.wav,3.356666666666667,0.0
praat6_cc_auto,phone_M1.wav,3.36,0.0
praat6_cc_auto,phone_M1.wav,3.3633333333333333,0.0
praat6_cc_auto,phone_M1.wav,3.3666666666666667,0.0
praat6_cc_auto,phone_M1.wav,3.37,0.0
praat6_cc_auto,phone_M1.wav,3.3733333333333335,0.0
praat6_cc_auto,phone_M1.wav,3.376666666666667,0.0
praat6_cc_auto,phone_M1.wav,3.38,0.0
praat6_cc_auto,phone_M1.wav,3.3833333333333333,0.0
praat6_cc_auto,phone_M1.wav,3.3866666666666667,0.0
praat6_cc_auto,phone_M1.wav,3.39,0.0
praat6_cc_auto,phone_M1.wav,3.3933333333333335,0.0
praat6_cc_auto,phone_M1.wav,3.396666666666667,0.0
praat6_cc_auto,phone_M1.wav,3.4,0.0
praat6_cc_auto,phone_M1.wav,3.4033333333333333,0.0
praat6_cc_auto,phone_M1.wav,3.4066666666666667,0.0
praat6_cc_auto,phone_M1.wav,3.41,0.0
praat6_cc_auto,phone_M1.wav,3.4133333333333336,0.0
praat6_cc_auto,phone_M1.wav,3.416666666666667,0.0
praat6_cc_auto,phone_M1.wav,3.42,0.0
praat6_cc_auto,phone_M1.wav,3.4233333333333333,0.0
praat6_cc_auto,phone_M1.wav,3.4266666666666667,0.0
praat6_cc_auto,phone_M1.wav,3.43,0.0
praat6_cc_auto,phone_M1.wav,3.4333333333333336,0.0
praat6_cc_auto,phone_M1.wav,3.4366666666666665,0.0
praat6_cc_auto,phone_M1.wav,3.44,0.0
praat6_cc_auto,phone_M1.wav,3.4433333333333334,0.0
praat6_cc_auto,phone_M1.wav,3.4466666666666668,0.0
praat6_cc_auto,phone_M1.wav,3.45,140.17233970190142
praat6_cc_auto,phone_M1.wav,3.4533333333333336,139.55766469174597
praat6_cc_auto,phone_M1.wav,3.4566666666666666,139.48989702438547
praat6_cc_auto,phone_M1.wav,3.46,117.5502166219308
praat6_cc_auto,phone_M1.wav,3.4633333333333334,117.50557093144015
praat6_cc_auto,phone_M1.wav,3.466666666666667,117.37340312688411
praat6_cc_auto,phone_M1.wav,3.47,116.9427645916053
praat6_cc_auto,phone_M1.wav,3.4733333333333336,114.65874514173335
praat6_cc_auto,phone_M1.wav,3.4766666666666666,112.87164512182032
praat6_cc_auto,phone_M1.wav,3.48,110.85424859286474
praat6_cc_auto,phone_M1.wav,3.4833333333333334,110.64670583933666
praat6_cc_auto,phone_M1.wav,3.486666666666667,108.69497310616795
praat6_cc_auto,phone_M1.wav,3.49,108.58435508698415
praat6_cc_auto,phone_M1.wav,3.4933333333333336,108.60566370574048
praat6_cc_auto,phone_M1.wav,3.4966666666666666,105.6658479487033
praat6_cc_auto,phone_M1.wav,3.5,105.65715071929844
praat6_cc_auto,phone_M1.wav,3.5033333333333334,105.69402173816282
praat6_cc_auto,phone_M1.wav,3.506666666666667,102.32362079522133
praat6_cc_auto,phone_M1.wav,3.5100000000000002,99.71429684279981
praat6_cc_auto,phone_M1.wav,3.5133333333333336,100.0131802388062
praat6_cc_auto,phone_M1.wav,3.5166666666666666,0.0
praat6_cc_auto,phone_M1.wav,3.52,0.0
praat6_cc_auto,phone_M1.wav,3.5233333333333334,0.0
praat6_cc_auto,phone_M1.wav,3.526666666666667,0.0
praat6_cc_auto,phone_M1.wav,3.5300000000000002,0.0
praat6_cc_auto,phone_M1.wav,3.533333333333333,0.0
praat6_cc_auto,phone_M1.wav,3.5366666666666666,0.0
praat6_cc_auto,phone_M1.wav,3.54,0.0
praat6_cc_auto,phone_M1.wav,3.5433333333333334,0.0
praat6_cc_auto,phone_M1.wav,3.546666666666667,0.0
praat6_cc_auto,phone_M1.wav,3.5500000000000003,0.0
praat6_cc_auto,phone_M1.wav,3.5533333333333332,0.0
praat6_cc_auto,phone_M1.wav,3.5566666666666666,0.0
praat6_cc_auto,phone_M1.wav,3.56,0.0
praat6_cc_auto,phone_M1.wav,3.5633333333333335,0.0
praat6_cc_auto,phone_M1.wav,3.566666666666667,0.0
praat6_cc_auto,phone_M1.wav,3.5700000000000003,0.0
praat6_cc_auto,phone_M1.wav,3.5733333333333333,0.0
praat6_cc_auto,phone_M1.wav,3.5766666666666667,0.0
praat6_cc_auto,phone_M1.wav,3.58,0.0
praat6_cc_auto,phone_M1.wav,3.5833333333333335,0.0
praat6_cc_auto,phone_M1.wav,3.586666666666667,0.0
praat6_cc_auto,phone_M1.wav,3.5900000000000003,0.0
praat6_cc_auto,phone_M1.wav,3.5933333333333333,0.0
praat6_cc_auto,phone_M1.wav,3.5966666666666667,0.0
praat6_cc_auto,phone_M1.wav,3.6,0.0
praat6_cc_auto,phone_M1.wav,3.6033333333333335,0.0
praat6_cc_auto,phone_M1.wav,3.606666666666667,0.0
praat6_cc_auto,phone_M1.wav,3.61,0.0
praat6_cc_auto,phone_M1.wav,3.6133333333333333,0.0
praat6_cc_auto,phone_M1.wav,3.6166666666666667,0.0
praat6_cc_auto,phone_M1.wav,3.62,0.0
praat6_cc_auto,phone_M1.wav,3.6233333333333335,0.0
praat6_cc_auto,phone_M1.wav,3.626666666666667,0.0
praat6_cc_auto,phone_M1.wav,3.63,0.0
praat6_cc_auto,phone_M1.wav,3.6333333333333333,0.0
praat6_cc_auto,phone_M1.wav,3.6366666666666667,0.0
praat6_cc_auto,phone_M1.wav,3.64,0.0
praat6_cc_auto,phone_M1.wav,3.6433333333333335,0.0
praat6_cc_auto,phone_M1.wav,3.646666666666667,0.0
praat6_cc_auto,phone_M1.wav,3.65,0.0
praat6_cc_auto,phone_M1.wav,3.6533333333333333,0.0
praat6_cc_auto,phone_M1.wav,3.6566666666666667,0.0
praat6_cc_auto,phone_M1.wav,3.66,0.0
praat6_cc_auto,phone_M1.wav,3.6633333333333336,0.0
praat6_cc_auto,phone_M1.wav,3.666666666666667,0.0
praat6_cc_auto,phone_M1.wav,3.67,0.0
praat6_cc_auto,phone_M1.wav,3.6733333333333333,0.0
praat6_cc_auto,phone_M1.wav,3.6766666666666667,0.0
praat6_cc_auto,phone_M1.wav,3.68,0.0
praat6_cc_auto,phone_M1.wav,3.6833333333333336,0.0
praat6_cc_auto,phone_M1.wav,3.686666666666667,0.0
praat6_cc_auto,phone_M1.wav,3.69,0.0
praat6_cc_auto,phone_M1.wav,3.6933333333333334,0.0
praat6_cc_auto,phone_M1.wav,3.6966666666666668,0.0
praat6_cc_auto,phone_M1.wav,3.7,0.0
praat6_cc_auto,phone_M1.wav,3.7033333333333336,0.0
praat6_cc_auto,phone_M1.wav,3.7066666666666666,0.0
praat6_cc_auto,phone_M1.wav,3.71,0.0
praat6_cc_auto,phone_M1.wav,3.7133333333333334,0.0
praat6_cc_auto,phone_M1.wav,3.716666666666667,0.0
praat6_cc_auto,phone_M1.wav,3.72,0.0
praat6_cc_auto,phone_M1.wav,3.7233333333333336,0.0
praat6_cc_auto,phone_M1.wav,3.7266666666666666,0.0
praat6_cc_auto,phone_M1.wav,3.73,0.0
praat6_cc_auto,phone_M1.wav,3.7333333333333334,0.0
praat6_cc_auto,phone_M1.wav,3.736666666666667,0.0
praat6_cc_auto,phone_M1.wav,3.74,0.0
praat6_cc_auto,phone_M1.wav,3.7433333333333336,0.0
praat6_cc_auto,phone_M1.wav,3.7466666666666666,0.0
praat6_cc_auto,phone_M1.wav,3.75,0.0
praat6_cc_auto,phone_M1.wav,3.7533333333333334,0.0
praat6_cc_auto,phone_M1.wav,3.756666666666667,0.0
praat6_cc_auto,phone_M1.wav,3.7600000000000002,0.0
praat6_cc_auto,phone_M1.wav,3.7633333333333336,0.0
praat6_cc_auto,phone_M1.wav,3.7666666666666666,0.0
praat6_cc_auto,phone_M1.wav,3.77,0.0
praat6_cc_auto,phone_M1.wav,3.7733333333333334,0.0
praat6_cc_auto,phone_M1.wav,3.776666666666667,0.0
praat6_cc_auto,phone_M1.wav,3.7800000000000002,0.0
praat6_cc_auto,phone_M1.wav,3.7833333333333337,0.0
praat6_cc_auto,phone_M1.wav,3.7866666666666666,0.0
praat6_cc_auto,phone_M1.wav,3.79,0.0
praat6_cc_auto,phone_M1.wav,3.7933333333333334,0.0
praat6_cc_auto,phone_M1.wav,3.796666666666667,0.0
praat6_cc_auto,phone_M1.wav,3.8000000000000003,0.0
praat6_cc_auto,phone_M1.wav,3.8033333333333332,0.0
praat6_cc_auto,phone_M1.wav,3.8066666666666666,0.0
praat6_cc_auto,phone_M1.wav,3.81,0.0
praat6_cc_auto,phone_M1.wav,3.8133333333333335,0.0
praat6_cc_auto,phone_M1.wav,3.816666666666667,0.0
praat6_cc_auto,phone_M1.wav,3.8200000000000003,0.0
praat6_cc_auto,phone_M1.wav,3.8233333333333333,0.0
praat6_cc_auto,phone_M1.wav,3.8266666666666667,0.0
praat6_cc_auto,phone_M1.wav,3.83,0.0
praat6_cc_auto,phone_M1.wav,3.8333333333333335,0.0
praat6_cc_auto,phone_M1.wav,3.836666666666667,0.0
praat6_cc_auto,phone_M1.wav,3.8400000000000003,0.0
praat6_cc_auto,phone_M1.wav,3.8433333333333333,0.0
praat6_cc_auto,phone_M1.wav,3.8466666666666667,0.0
praat6_cc_auto,phone_M1.wav,3.85,0.0
praat6_cc_auto,phone_M1.wav,3.8533333333333335,0.0
praat6_cc_auto,phone_M1.wav,3.856666666666667,0.0
praat6_cc_auto,phone_M1.wav,3.8600000000000003,0.0
praat6_cc_auto,phone_M1.wav,3.8633333333333333,0.0
praat6_cc_auto,phone_M1.wav,3.8666666666666667,0.0
praat6_cc_auto,phone_M1.wav,3.87,0.0
praat6_cc_auto,phone_M1.wav,3.8733333333333335,0.0
praat6_cc_auto,phone_M1.wav,3.876666666666667,0.0
praat6_cc_auto,phone_M1.wav,3.88,0.0
praat6_cc_auto,phone_M1.wav,3.8833333333333333,0.0
praat6_cc_auto,phone_M1.wav,3.8866666666666667,0.0
praat6_cc_auto,phone_M1.wav,3.89,0.0
praat6_cc_auto,phone_M1.wav,3.8933333333333335,0.0
praat6_cc_auto,phone_M1.wav,3.896666666666667,0.0
praat6_cc_auto,phone_M1.wav,3.9,0.0
praat6_cc_auto,phone_M1.wav,3.9033333333333333,0.0
praat6_cc_auto,phone_M1.wav,3.9066666666666667,0.0
praat6_cc_auto,phone_M1.wav,3.91,0.0
praat6_cc_auto,phone_M1.wav,3.9133333333333336,0.0
praat6_cc_auto,phone_M1.wav,3.916666666666667,0.0
praat6_cc_auto,phone_M1.wav,3.92,0.0
praat6_cc_auto,phone_M1.wav,3.9233333333333333,0.0
praat6_cc_auto,phone_M1.wav,3.9266666666666667,0.0
praat6_cc_auto,phone_M1.wav,3.93,0.0
praat6_cc_auto,phone_M1.wav,3.9333333333333336,0.0
praat6_cc_auto,phone_M1.wav,3.936666666666667,0.0
praat6_cc_auto,phone_M1.wav,3.94,0.0
praat6_cc_auto,phone_M1.wav,3.9433333333333334,0.0
praat6_cc_auto,phone_M1.wav,3.9466666666666668,0.0
praat6_cc_auto,phone_M1.wav,3.95,0.0
praat6_cc_auto,phone_M1.wav,3.9533333333333336,0.0
praat6_cc_auto,phone_M1.wav,3.956666666666667,0.0
praat6_cc_auto,phone_M1.wav,3.96,0.0
praat6_cc_auto,phone_M1.wav,3.9633333333333334,0.0
praat6_cc_auto,phone_M1.wav,3.966666666666667,0.0
praat6_cc_auto,phone_M1.wav,3.97,0.0
praat6_cc_auto,phone_M1.wav,3.9733333333333336,0.0
praat6_cc_auto,phone_M1.wav,3.9766666666666666,0.0
praat6_cc_auto,phone_M1.wav,3.98,0.0
praat6_cc_auto,phone_M1.wav,3.9833333333333334,0.0
praat6_cc_auto,phone_M1.wav,3.986666666666667,0.0
praat6_cc_auto,phone_M1.wav,3.99,0.0
praat6_cc_auto,phone_M1.wav,3.9933333333333336,0.0
praat6_cc_auto,phone_M1.wav,3.9966666666666666,0.0
praat6_cc_auto,phone_M1.wav,4.0,0.0
praat6_cc_auto,phone_M1.wav,4.003333333333334,0.0
praat6_cc_auto,phone_M1.wav,4.006666666666667,0.0
praat6_cc_auto,phone_M1.wav,4.010000000000001,0.0
praat6_cc_auto,phone_M1.wav,4.013333333333334,0.0
praat6_cc_auto,phone_M1.wav,4.0166666666666675,0.0
praat6_cc_auto,phone_M1.wav,4.0200000000000005,0.0
praat6_cc_auto,phone_M1.wav,4.023333333333334,0.0
praat6_cc_auto,phone_M1.wav,4.026666666666667,0.0
praat6_cc_auto,phone_M1.wav,4.03,0.0
praat6_cc_auto,phone_M1.wav,4.033333333333334,0.0
praat6_cc_auto,phone_M1.wav,4.036666666666667,0.0
praat6_cc_auto,phone_M1.wav,4.040000000000001,0.0
praat6_cc_auto,phone_M1.wav,4.043333333333334,0.0
praat6_cc_auto,phone_M1.wav,4.046666666666667,0.0
praat6_cc_auto,phone_M1.wav,4.050000000000001,0.0
praat6_cc_auto,phone_M1.wav,4.053333333333334,0.0
praat6_cc_auto,phone_M1.wav,4.0566666666666675,0.0
praat6_cc_auto,phone_M1.wav,4.0600000000000005,0.0
praat6_cc_auto,phone_M1.wav,4.0633333333333335,0.0
praat6_cc_auto,phone_M1.wav,4.066666666666667,0.0
praat6_cc_auto,phone_M1.wav,4.07,0.0
praat6_cc_auto,phone_M1.wav,4.073333333333334,0.0
praat6_cc_auto,phone_M1.wav,4.076666666666667,0.0
praat6_cc_auto,phone_M1.wav,4.080000000000001,0.0
praat6_cc_auto,phone_M1.wav,4.083333333333334,0.0
praat6_cc_auto,phone_M1.wav,4.086666666666667,0.0
praat6_cc_auto,phone_M1.wav,4.090000000000001,0.0
praat6_cc_auto,phone_M1.wav,4.093333333333334,0.0
praat6_cc_auto,phone_M1.wav,4.096666666666668,0.0
praat6_cc_auto,phone_M1.wav,4.1000000000000005,0.0
praat6_cc_auto,phone_M1.wav,4.1033333333333335,0.0
praat6_cc_auto,phone_M1.wav,4.106666666666667,0.0
praat6_cc_auto,phone_M1.wav,4.11,0.0
praat6_cc_auto,phone_M1.wav,4.113333333333334,0.0
praat6_cc_auto,phone_M1.wav,4.116666666666667,0.0
praat6_cc_auto,phone_M1.wav,4.120000000000001,0.0
praat6_cc_auto,phone_M1.wav,4.123333333333334,0.0
praat6_cc_auto,phone_M1.wav,4.126666666666667,0.0
praat6_cc_auto,phone_M1.wav,4.130000000000001,0.0
praat6_cc_auto,phone_M1.wav,4.133333333333334,0.0
praat6_cc_auto,phone_M1.wav,4.136666666666668,0.0
praat6_cc_auto,phone_M1.wav,4.140000000000001,0.0
praat6_cc_auto,phone_M1.wav,4.1433333333333335,0.0
praat6_cc_auto,phone_M1.wav,4.146666666666667,0.0
praat6_cc_10ms,phone_M1.wav,0.015000000000000232,0.0
praat6_cc_10ms,phone_M1.wav,0.02500000000000023,0.0
praat6_cc_10ms,phone_M1.wav,0.03500000000000023,0.0
praat6_cc_10ms,phone_M1.wav,0.045000000000000234,0.0
praat6_cc_10ms,phone_M1.wav,0.05500000000000023,0.0
praat6_cc_10ms,phone_M1.wav,0.06500000000000024,0.0
praat6_cc_10ms,phone_M1.wav,0.07500000000000023,0.0
praat6_cc_10ms,phone_M1.wav,0.08500000000000024,0.0
praat6_cc_10ms,phone_M1.wav,0.09500000000000024,0.0
praat6_cc_10ms,phone_M1.wav,0.10500000000000023,0.0
praat6_cc_10ms,phone_M1.wav,0.11500000000000024,0.0
praat6_cc_10ms,phone_M1.wav,0.12500000000000022,0.0
praat6_cc_10ms,phone_M1.wav,0.13500000000000023,0.0
praat6_cc_10ms,phone_M1.wav,0.14500000000000024,0.0
praat6_cc_10ms,phone_M1.wav,0.15500000000000025,0.0
praat6_cc_10ms,phone_M1.wav,0.16500000000000023,0.0
praat6_cc_10ms,phone_M1.wav,0.17500000000000024,0.0
praat6_cc_10ms,phone_M1.wav,0.18500000000000025,0.0
praat6_cc_10ms,phone_M1.wav,0.19500000000000023,0.0
praat6_cc_10ms,phone_M1.wav,0.20500000000000024,0.0
praat6_cc_10ms,phone_M1.wav,0.21500000000000025,0.0
praat6_cc_10ms,phone_M1.wav,0.22500000000000023,0.0
praat6_cc_10ms,phone_M1.wav,0.23500000000000024,0.0
praat6_cc_10ms,phone_M1.wav,0.24500000000000025,0.0
praat6_cc_10ms,phone_M1.wav,0.2550000000000002,0.0
praat6_cc_10ms,phone_M1.wav,0.26500000000000024,0.0
praat6_cc_10ms,phone_M1.wav,0.27500000000000024,0.0
praat6_cc_10ms,phone_M1.wav,0.28500000000000025,0.0
praat6_cc_10ms,phone_M1.wav,0.29500000000000026,0.0
praat6_cc_10ms,phone_M1.wav,0.3050000000000002,0.0
praat6_cc_10ms,phone_M1.wav,0.3150000000000002,0.0
praat6_cc_10ms,phone_M1.wav,0.32500000000000023,0.0
praat6_cc_10ms,phone_M1.wav,0.33500000000000024,0.0
praat6_cc_10ms,phone_M1.wav,0.34500000000000025,0.0
praat6_cc_10ms,phone_M1.wav,0.35500000000000026,0.0
praat6_cc_10ms,phone_M1.wav,0.36500000000000027,0.0
praat6_cc_10ms,phone_M1.wav,0.3750000000000002,0.0
praat6_cc_10ms,phone_M1.wav,0.38500000000000023,0.0
praat6_cc_10ms,phone_M1.wav,0.39500000000000024,0.0
praat6_cc_10ms,phone_M1.wav,0.40500000000000025,0.0
praat6_cc_10ms,phone_M1.wav,0.41500000000000026,0.0
praat6_cc_10ms,phone_M1.wav,0.42500000000000027,0.0
praat6_cc_10ms,phone_M1.wav,0.4350000000000002,0.0
praat6_cc_10ms,phone_M1.wav,0.44500000000000023,0.0
praat6_cc_10ms,phone_M1.wav,0.45500000000000024,0.0
praat6_cc_10ms,phone_M1.wav,0.46500000000000025,0.0
praat6_cc_10ms,phone_M1.wav,0.47500000000000026,194.08358274624504
praat6_cc_10ms,phone_M1.wav,0.48500000000000026,136.6603528778353
praat6_cc_10ms,phone_M1.wav,0.4950000000000002,136.22833005280938
praat6_cc_10ms,phone_M1.wav,0.5050000000000002,136.41134496756652
praat6_cc_10ms,phone_M1.wav,0.5150000000000002,136.03288567270994
praat6_cc_10ms,phone_M1.wav,0.5250000000000002,135.11857939924656
praat6_cc_10ms,phone_M1.wav,0.5350000000000003,134.78283341225284
praat6_cc_10ms,phone_M1.wav,0.5450000000000003,135.8043461082595
praat6_cc_10ms,phone_M1.wav,0.5550000000000003,136.89999356351777
praat6_cc_10ms,phone_M1.wav,0.5650000000000003,137.89194124253115
praat6_cc_10ms,phone_M1.wav,0.5750000000000003,135.4321124433079
praat6_cc_10ms,phone_M1.wav,0.5850000000000003,137.12210782024195
praat6_cc_10ms,phone_M1.wav,0.5950000000000002,136.99576928639974
praat6_cc_10ms,phone_M1.wav,0.6050000000000002,137.27602015148574
praat6_cc_10ms,phone_M1.wav,0.6150000000000002,137.7379126686134
praat6_cc_10ms,phone_M1.wav,0.6250000000000002,138.22551094850854
praat6_cc_10ms,phone_M1.wav,0.6350000000000002,138.59960027193844
praat6_cc_10ms,phone_M1.wav,0.6450000000000002,138.66245348630238
praat6_cc_10ms,phone_M1.wav,0.6550000000000002,137.441074469886
praat6_cc_10ms,phone_M1.wav,0.6650000000000003,136.320959936451
praat6_cc_10ms,phone_M1.wav,0.6750000000000003,133.97622796495457
praat6_cc_10ms,phone_M1.wav,0.6850000000000003,132.70590240536282
praat6_cc_10ms,phone_M1.wav,0.6950000000000003,131.8672483564321
praat6_cc_10ms,phone_M1.wav,0.7050000000000003,129.39432125717659
praat6_cc_10ms,phone_M1.wav,0.7150000000000003,128.08351018010734
praat6_cc_10ms,phone_M1.wav,0.7250000000000002,126.16098671800476
praat6_cc_10ms,phone_M1.wav,0.7350000000000002,123.85950040060845
praat6_cc_10ms,phone_M1.wav,0.7450000000000002,122.96909844351725
praat6_cc_10ms,phone_M1.wav,0.7550000000000002,121.50682496914625
praat6_cc_10ms,phone_M1.wav,0.7650000000000002,119.12422376021041
praat6_cc_10ms,phone_M1.wav,0.7750000000000002,118.00153907117583
praat6_cc_10ms,phone_M1.wav,0.7850000000000003,117.14578692535859
praat6_cc_10ms,phone_M1.wav,0.7950000000000003,115.46414310441546
praat6_cc_10ms,phone_M1.wav,0.8050000000000003,113.01766461579305
praat6_cc_10ms,phone_M1.wav,0.8150000000000003,112.53004516729668
praat6_cc_10ms,phone_M1.wav,0.8250000000000003,115.82181936517823
praat6_cc_10ms,phone_M1.wav,0.8350000000000003,116.16218824208245
praat6_cc_10ms,phone_M1.wav,0.8450000000000003,116.14052717885528
praat6_cc_10ms,phone_M1.wav,0.8550000000000002,118.17131286804059
praat6_cc_10ms,phone_M1.wav,0.8650000000000002,118.96639778339839
praat6_cc_10ms,phone_M1.wav,0.8750000000000002,120.23597692480975
praat6_cc_10ms,phone_M1.wav,0.8850000000000002,121.97163565257549
praat6_cc_10ms,phone_M1.wav,0.8950000000000002,123.63832588277346
praat6_cc_10ms,phone_M1.wav,0.9050000000000002,124.00147542010163
praat6_cc_10ms,phone_M1.wav,0.9150000000000003,130.9609140718303
praat6_cc_10ms,phone_M1.wav,0.9250000000000003,130.8514420217676
praat6_cc_10ms,phone_M1.wav,0.9350000000000003,133.0573861267598
praat6_cc_10ms,phone_M1.wav,0.9450000000000003,134.40664023453175
praat6_cc_10ms,phone_M1.wav,0.9550000000000003,136.37519529126465
praat6_cc_10ms,phone_M1.wav,0.9650000000000003,138.25545975685557
praat6_cc_10ms,phone_M1.wav,0.9750000000000002,140.53896660011318
praat6_cc_10ms,phone_M1.wav,0.9850000000000002,141.6065937283471
praat6_cc_10ms,phone_M1.wav,0.9950000000000002,140.76039425754783
praat6_cc_10ms,phone_M1.wav,1.0050000000000001,140.93932229054397
praat6_cc_10ms,phone_M1.wav,1.0150000000000001,146.3410769742549
praat6_cc_10ms,phone_M1.wav,1.0250000000000001,147.89783565800238
praat6_cc_10ms,phone_M1.wav,1.0350000000000001,149.02946834321187
praat6_cc_10ms,phone_M1.wav,1.0450000000000002,149.06464345338506
praat6_cc_10ms,phone_M1.wav,1.0550000000000002,149.41649407885126
praat6_cc_10ms,phone_M1.wav,1.0650000000000002,149.14510127373336
praat6_cc_10ms,phone_M1.wav,1.0750000000000002,148.65905905639966
praat6_cc_10ms,phone_M1.wav,1.0850000000000002,147.091519399902
praat6_cc_10ms,phone_M1.wav,1.0950000000000002,145.27230338411462
praat6_cc_10ms,phone_M1.wav,1.1050000000000002,143.20101122573368
praat6_cc_10ms,phone_M1.wav,1.1150000000000002,142.19601143588147
praat6_cc_10ms,phone_M1.wav,1.1250000000000002,142.32054676095254
praat6_cc_10ms,phone_M1.wav,1.1350000000000002,138.81449561830095
praat6_cc_10ms,phone_M1.wav,1.1450000000000002,146.40936094862613
praat6_cc_10ms,phone_M1.wav,1.1550000000000002,151.23580253370903
praat6_cc_10ms,phone_M1.wav,1.1650000000000003,153.31429637837758
praat6_cc_10ms,phone_M1.wav,1.175,156.51409967157082
praat6_cc_10ms,phone_M1.wav,1.185,153.7438999196976
praat6_cc_10ms,phone_M1.wav,1.195,154.2919105707896
praat6_cc_10ms,phone_M1.wav,1.205,153.47688028894476
praat6_cc_10ms,phone_M1.wav,1.215,152.66053762620743
praat6_cc_10ms,phone_M1.wav,1.225,149.6738590049684
praat6_cc_10ms,phone_M1.wav,1.235,146.82983366889155
praat6_cc_10ms,phone_M1.wav,1.245,152.66142379564408
praat6_cc_10ms,phone_M1.wav,1.2550000000000001,154.11486671214408
praat6_cc_10ms,phone_M1.wav,1.2650000000000001,156.30065990421423
praat6_cc_10ms,phone_M1.wav,1.2750000000000001,156.56376873976055
praat6_cc_10ms,phone_M1.wav,1.2850000000000001,157.09334841673154
praat6_cc_10ms,phone_M1.wav,1.2950000000000002,154.9360031513554
praat6_cc_10ms,phone_M1.wav,1.3050000000000002,153.58345319733033
praat6_cc_10ms,phone_M1.wav,1.3150000000000002,153.19962141251682
praat6_cc_10ms,phone_M1.wav,1.3250000000000002,152.8368232239028
praat6_cc_10ms,phone_M1.wav,1.3350000000000002,152.38954411795544
praat6_cc_10ms,phone_M1.wav,1.3450000000000002,153.5276766106258
praat6_cc_10ms,phone_M1.wav,1.3550000000000002,152.59644551221243
praat6_cc_10ms,phone_M1.wav,1.3650000000000002,155.73924006229427
praat6_cc_10ms,phone_M1.wav,1.3750000000000002,145.5898401371833
praat6_cc_10ms,phone_M1.wav,1.3850000000000002,148.39697873903023
praat6_cc_10ms,phone_M1.wav,1.3950000000000002,151.47801884229673
praat6_cc_10ms,phone_M1.wav,1.4050000000000002,0.0
praat6_cc_10ms,phone_M1.wav,1.4150000000000003,0.0
praat6_cc_10ms,phone_M1.wav,1.425,0.0
praat6_cc_10ms,phone_M1.wav,1.435,0.0
praat6_cc_10ms,phone_M1.wav,1.445,0.0
praat6_cc_10ms,phone_M1.wav,1.455,0.0
praat6_cc_10ms,phone_M1.wav,1.465,0.0
praat6_cc_10ms,phone_M1.wav,1.475,0.0
praat6_cc_10ms,phone_M1.wav,1.485,0.0
praat6_cc_10ms,phone_M1.wav,1.495,0.0
praat6_cc_10ms,phone_M1.wav,1.5050000000000001,0.0
praat6_cc_10ms,phone_M1.wav,1.5150000000000001,117.86931036998784
praat6_cc_10ms,phone_M1.wav,1.5250000000000001,114.30589299567917
praat6_cc_10ms,phone_M1.wav,1.5350000000000001,114.754710174239
praat6_cc_10ms,phone_M1.wav,1.5450000000000002,114.70492026808681
praat6_cc_10ms,phone_M1.wav,1.5550000000000002,114.22918463210617
praat6_cc_10ms,phone_M1.wav,1.5650000000000002,112.95222191762113
praat6_cc_10ms,phone_M1.wav,1.5750000000000002,112.60136388368812
praat6_cc_10ms,phone_M1.wav,1.5850000000000002,109.93923007984685
praat6_cc_10ms,phone_M1.wav,1.5950000000000002,109.38961174879468
praat6_cc_10ms,phone_M1.wav,1.6050000000000002,109.59923421281998
praat6_cc_10ms,phone_M1.wav,1.6150000000000002,111.17168625486401
praat6_cc_10ms,phone_M1.wav,1.6250000000000002,108.93777681677747
praat6_cc_10ms,phone_M1.wav,1.6350000000000002,107.3769423752557
praat6_cc_10ms,phone_M1.wav,1.6450000000000002,106.61092869884304
praat6_cc_10ms,phone_M1.wav,1.6550000000000002,107.89372059066052
praat6_cc_10ms,phone_M1.wav,1.6650000000000003,108.85349642767271
praat6_cc_10ms,phone_M1.wav,1.6750000000000003,114.7857528502768
praat6_cc_10ms,phone_M1.wav,1.685,112.45478895623467
praat6_cc_10ms,phone_M1.wav,1.695,111.80003713138281
praat6_cc_10ms,phone_M1.wav,1.705,112.03075234437827
praat6_cc_10ms,phone_M1.wav,1.715,0.0
praat6_cc_10ms,phone_M1.wav,1.725,0.0
praat6_cc_10ms,phone_M1.wav,1.735,0.0
praat6_cc_10ms,phone_M1.wav,1.745,0.0
praat6_cc_10ms,phone_M1.wav,1.7550000000000001,513.781965449265
praat6_cc_10ms,phone_M1.wav,1.7650000000000001,519.0479815354349
praat6_cc_10ms,phone_M1.wav,1.7750000000000001,513.9454994968663
praat6_cc_10ms,phone_M1.wav,1.7850000000000001,489.0105021919599
praat6_cc_10ms,phone_M1.wav,1.7950000000000002,0.0
praat6_cc_10ms,phone_M1.wav,1.8050000000000002,124.40931144091857
praat6_cc_10ms,phone_M1.wav,1.8150000000000002,121.46883100921659
praat6_cc_10ms,phone_M1.wav,1.8250000000000002,121.01992288468882
praat6_cc_10ms,phone_M1.wav,1.8350000000000002,120.83081795268329
praat6_cc_10ms,phone_M1.wav,1.8450000000000002,120.50317161986858
praat6_cc_10ms,phone_M1.wav,1.8550000000000002,119.84416317544617
praat6_cc_10ms,phone_M1.wav,1.8650000000000002,117.6689875697872
praat6_cc_10ms,phone_M1.wav,1.8750000000000002,116.61348151914531
praat6_cc_10ms,phone_M1.wav,1.8850000000000002,114.40622517742676
praat6_cc_10ms,phone_M1.wav,1.8950000000000002,112.64363881006577
praat6_cc_10ms,phone_M1.wav,1.9050000000000002,111.5374337630535
praat6_cc_10ms,phone_M1.wav,1.9150000000000003,110.58055577681493
praat6_cc_10ms,phone_M1.wav,1.9250000000000003,110.13299918773804
praat6_cc_10ms,phone_M1.wav,1.935,108.22872975335618
praat6_cc_10ms,phone_M1.wav,1.945,103.64154474600362
praat6_cc_10ms,phone_M1.wav,1.955,100.71375163504183
praat6_cc_10ms,phone_M1.wav,1.965,98.61309636630419
praat6_cc_10ms,phone_M1.wav,1.975,0.0
praat6_cc_10ms,phone_M1.wav,1.985,481.64763921724403
praat6_cc_10ms,phone_M1.wav,1.995,481.34286148357336
praat6_cc_10ms,phone_M1.wav,2.0050000000000003,495.92755854061124
praat6_cc_10ms,phone_M1.wav,2.015,450.88665294809215
praat6_cc_10ms,phone_M1.wav,2.0250000000000004,0.0
praat6_cc_10ms,phone_M1.wav,2.035,135.45135630571787
praat6_cc_10ms,phone_M1.wav,2.0450000000000004,139.36398892053464
praat6_cc_10ms,phone_M1.wav,2.055,100.30776834834344
praat6_cc_10ms,phone_M1.wav,2.065,95.91721348555285
praat6_cc_10ms,phone_M1.wav,2.075,104.19131922415346
praat6_cc_10ms,phone_M1.wav,2.085,105.91581577901245
praat6_cc_10ms,phone_M1.wav,2.095,108.2752523515141
praat6_cc_10ms,phone_M1.wav,2.105,106.2943282465768
praat6_cc_10ms,phone_M1.wav,2.115,106.53182434836712
praat6_cc_10ms,phone_M1.wav,2.125,108.01299191913402
praat6_cc_10ms,phone_M1.wav,2.1350000000000002,110.70244966838915
praat6_cc_10ms,phone_M1.wav,2.145,118.82476309410752
praat6_cc_10ms,phone_M1.wav,2.1550000000000002,125.49768231583298
praat6_cc_10ms,phone_M1.wav,2.165,125.1000268593029
praat6_cc_10ms,phone_M1.wav,2.1750000000000003,124.08684758997767
praat6_cc_10ms,phone_M1.wav,2.185,123.5679953881018
praat6_cc_10ms,phone_M1.wav,2.1950000000000003,123.17558468001232
praat6_cc_10ms,phone_M1.wav,2.205,121.85750644893061
praat6_cc_10ms,phone_M1.wav,2.2150000000000003,120.77268414166153
praat6_cc_10ms,phone_M1.wav,2.225,120.12370290425862
praat6_cc_10ms,phone_M1.wav,2.2350000000000003,118.56486333099137
praat6_cc_10ms,phone_M1.wav,2.245,117.70900894616514
praat6_cc_10ms,phone_M1.wav,2.2550000000000003,117.03921396412267
praat6_cc_10ms,phone_M1.wav,2.265,115.27775557892441
praat6_cc_10ms,phone_M1.wav,2.2750000000000004,114.84586902420756
praat6_cc_10ms,phone_M1.wav,2.285,114.43691439638461
praat6_cc_10ms,phone_M1.wav,2.2950000000000004,113.36362152088756
praat6_cc_10ms,phone_M1.wav,2.305,111.66369615869525
praat6_cc_10ms,phone_M1.wav,2.3150000000000004,111.50160526431128
praat6_cc_10ms,phone_M1.wav,2.325,110.12823503117227
praat6_cc_10ms,phone_M1.wav,2.335,109.4655885084295
praat6_cc_10ms,phone_M1.wav,2.345,109.62723653463776
praat6_cc_10ms,phone_M1.wav,2.355,110.03549406374628
praat6_cc_10ms,phone_M1.wav,2.365,110.98672801789805
praat6_cc_10ms,phone_M1.wav,2.375,111.66625772876623
praat6_cc_10ms,phone_M1.wav,2.3850000000000002,113.10670869661071
praat6_cc_10ms,phone_M1.wav,2.395,115.04153791223584
praat6_cc_10ms,phone_M1.wav,2.4050000000000002,110.44938487112631
praat6_cc_10ms,phone_M1.wav,2.415,118.99557240583795
praat6_cc_10ms,phone_M1.wav,2.4250000000000003,124.75307336958737
praat6_cc_10ms,phone_M1.wav,2.435,125.70847113060569
praat6_cc_10ms,phone_M1.wav,2.4450000000000003,124.4267514522948
praat6_cc_10ms,phone_M1.wav,2.455,129.69497390567594
praat6_cc_10ms,phone_M1.wav,2.4650000000000003,128.05870345528155
praat6_cc_10ms,phone_M1.wav,2.475,123.68971187346803
praat6_cc_10ms,phone_M1.wav,2.4850000000000003,122.57013541414078
praat6_cc_10ms,phone_M1.wav,2.495,120.93697860919947
praat6_cc_10ms,phone_M1.wav,2.5050000000000003,132.93193456949373
praat6_cc_10ms,phone_M1.wav,2.515,110.72566644396063
praat6_cc_10ms,phone_M1.wav,2.5250000000000004,111.19542809573761
praat6_cc_10ms,phone_M1.wav,2.535,110.90773202720773
praat6_cc_10ms,phone_M1.wav,2.5450000000000004,111.23933329110146
praat6_cc_10ms,phone_M1.wav,2.555,109.19985607943221
praat6_cc_10ms,phone_M1.wav,2.5650000000000004,109.64301837453239
praat6_cc_10ms,phone_M1.wav,2.575,108.15230256639991
praat6_cc_10ms,phone_M1.wav,2.585,108.85533779043611
praat6_cc_10ms,phone_M1.wav,2.595,108.11703470198532
praat6_cc_10ms,phone_M1.wav,2.605,107.84730564084849
praat6_cc_10ms,phone_M1.wav,2.615,107.65971223049834
praat6_cc_10ms,phone_M1.wav,2.625,106.7371865701339
praat6_cc_10ms,phone_M1.wav,2.6350000000000002,105.9455932415672
praat6_cc_10ms,phone_M1.wav,2.645,104.51229525469722
praat6_cc_10ms,phone_M1.wav,2.6550000000000002,104.14258459405842
praat6_cc_10ms,phone_M1.wav,2.665,103.48111333397922
praat6_cc_10ms,phone_M1.wav,2.6750000000000003,102.75086147386625
praat6_cc_10ms,phone_M1.wav,2.685,102.45564250323106
praat6_cc_10ms,phone_M1.wav,2.6950000000000003,103.029561994675
praat6_cc_10ms,phone_M1.wav,2.705,104.28623447343836
praat6_cc_10ms,phone_M1.wav,2.7150000000000003,112.33069843829529
praat6_cc_10ms,phone_M1.wav,2.725,96.14114894151548
praat6_cc_10ms,phone_M1.wav,2.7350000000000003,0.0
praat6_cc_10ms,phone_M1.wav,2.745,0.0
praat6_cc_10ms,phone_M1.wav,2.7550000000000003,0.0
praat6_cc_10ms,phone_M1.wav,2.765,0.0
praat6_cc_10ms,phone_M1.wav,2.7750000000000004,0.0
praat6_cc_10ms,phone_M1.wav,2.785,0.0
praat6_cc_10ms,phone_M1.wav,2.7950000000000004,0.0
praat6_cc_10ms,phone_M1.wav,2.805,0.0
praat6_cc_10ms,phone_M1.wav,2.8150000000000004,0.0
praat6_cc_10ms,phone_M1.wav,2.825,0.0
praat6_cc_10ms,phone_M1.wav,2.835,0.0
praat6_cc_10ms,phone_M1.wav,2.845,0.0
praat6_cc_10ms,phone_M1.wav,2.855,0.0
praat6_cc_10ms,phone_M1.wav,2.865,0.0
praat6_cc_10ms,phone_M1.wav,2.875,131.13469030033826
praat6_cc_10ms,phone_M1.wav,2.8850000000000002,136.40768659289947
praat6_cc_10ms,phone_M1.wav,2.895,135.14955836717402
praat6_cc_10ms,phone_M1.wav,2.9050000000000002,135.3938578939044
praat6_cc_10ms,phone_M1.wav,2.915,135.63113107075242
praat6_cc_10ms,phone_M1.wav,2.9250000000000003,138.02009582585993
praat6_cc_10ms,phone_M1.wav,2.935,137.60239874356725
praat6_cc_10ms,phone_M1.wav,2.9450000000000003,135.55109594262828
praat6_cc_10ms,phone_M1.wav,2.955,137.00141160943642
praat6_cc_10ms,phone_M1.wav,2.9650000000000003,137.05965033257402
praat6_cc_10ms,phone_M1.wav,2.975,135.74162250188195
praat6_cc_10ms,phone_M1.wav,2.9850000000000003,136.04226952836726
praat6_cc_10ms,phone_M1.wav,2.995,135.7174443512351
praat6_cc_10ms,phone_M1.wav,3.0050000000000003,135.35845939266886
praat6_cc_10ms,phone_M1.wav,3.015,135.9250828978159
praat6_cc_10ms,phone_M1.wav,3.0250000000000004,136.0192269534485
praat6_cc_10ms,phone_M1.wav,3.035,136.48169749708782
praat6_cc_10ms,phone_M1.wav,3.0450000000000004,136.55457026728163
praat6_cc_10ms,phone_M1.wav,3.055,0.0
praat6_cc_10ms,phone_M1.wav,3.0650000000000004,0.0
praat6_cc_10ms,phone_M1.wav,3.075,0.0
praat6_cc_10ms,phone_M1.wav,3.0850000000000004,0.0
praat6_cc_10ms,phone_M1.wav,3.095,0.0
praat6_cc_10ms,phone_M1.wav,3.105,0.0
praat6_cc_10ms,phone_M1.wav,3.115,95.5209835132527
praat6_cc_10ms,phone_M1.wav,3.125,97.04692469115419
praat6_cc_10ms,phone_M1.wav,3.1350000000000002,99.16282626005479
praat6_cc_10ms,phone_M1.wav,3.145,92.18444518697916
praat6_cc_10ms,phone_M1.wav,3.1550000000000002,93.8857347476661
praat6_cc_10ms,phone_M1.wav,3.165,95.64988704709873
praat6_cc_10ms,phone_M1.wav,3.1750000000000003,96.92383979276465
praat6_cc_10ms,phone_M1.wav,3.185,102.26843454442565
praat6_cc_10ms,phone_M1.wav,3.1950000000000003,101.16041403053451
praat6_cc_10ms,phone_M1.wav,3.205,100.79093131656944
praat6_cc_10ms,phone_M1.wav,3.2150000000000003,99.71126002843914
praat6_cc_10ms,phone_M1.wav,3.225,98.88773568520612
praat6_cc_10ms,phone_M1.wav,3.2350000000000003,98.71056289797787
praat6_cc_10ms,phone_M1.wav,3.245,100.30481339812357
praat6_cc_10ms,phone_M1.wav,3.2550000000000003,101.25853733341307
praat6_cc_10ms,phone_M1.wav,3.265,104.51132251747494
praat6_cc_10ms,phone_M1.wav,3.2750000000000004,110.7298177980439
praat6_cc_10ms,phone_M1.wav,3.285,111.39295588120713
praat6_cc_10ms,phone_M1.wav,3.2950000000000004,123.5858406487345
praat6_cc_10ms,phone_M1.wav,3.305,0.0
praat6_cc_10ms,phone_M1.wav,3.3150000000000004,0.0
praat6_cc_10ms,phone_M1.wav,3.325,0.0
praat6_cc_10ms,phone_M1.wav,3.3350000000000004,0.0
praat6_cc_10ms,phone_M1.wav,3.345,0.0
praat6_cc_10ms,phone_M1.wav,3.355,0.0
praat6_cc_10ms,phone_M1.wav,3.365,0.0
praat6_cc_10ms,phone_M1.wav,3.375,0.0
praat6_cc_10ms,phone_M1.wav,3.3850000000000002,0.0
praat6_cc_10ms,phone_M1.wav,3.395,0.0
praat6_cc_10ms,phone_M1.wav,3.4050000000000002,0.0
praat6_cc_10ms,phone_M1.wav,3.415,0.0
praat6_cc_10ms,phone_M1.wav,3.4250000000000003,0.0
praat6_cc_10ms,phone_M1.wav,3.435,0.0
praat6_cc_10ms,phone_M1.wav,3.4450000000000003,0.0
praat6_cc_10ms,phone_M1.wav,3.455,139.50665006773812
praat6_cc_10ms,phone_M1.wav,3.4650000000000003,117.5304938631243
praat6_cc_10ms,phone_M1.wav,3.475,114.66787334297982
praat6_cc_10ms,phone_M1.wav,3.4850000000000003,108.81901269426255
praat6_cc_10ms,phone_M1.wav,3.495,105.64449341545377
praat6_cc_10ms,phone_M1.wav,3.5050000000000003,105.71269016631447
praat6_cc_10ms,phone_M1.wav,3.515,100.21948416772724
praat6_cc_10ms,phone_M1.wav,3.5250000000000004,108.50579865429904
praat6_cc_10ms,phone_M1.wav,3.535,0.0
praat6_cc_10ms,phone_M1.wav,3.5450000000000004,0.0
praat6_cc_10ms,phone_M1.wav,3.555,0.0
praat6_cc_10ms,phone_M1.wav,3.5650000000000004,0.0
praat6_cc_10ms,phone_M1.wav,3.575,0.0
praat6_cc_10ms,phone_M1.wav,3.5850000000000004,0.0
praat6_cc_10ms,phone_M1.wav,3.595,0.0
praat6_cc_10ms,phone_M1.wav,3.605,0.0
praat6_cc_10ms,phone_M1.wav,3.615,0.0
praat6_cc_10ms,phone_M1.wav,3.625,0.0
praat6_cc_10ms,phone_M1.wav,3.6350000000000002,0.0
praat6_cc_10ms,phone_M1.wav,3.645,0.0
praat6_cc_10ms,phone_M1.wav,3.6550000000000002,0.0
praat6_cc_10ms,phone_M1.wav,3.665,0.0
praat6_cc_10ms,phone_M1.wav,3.6750000000000003,0.0
praat6_cc_10ms,phone_M1.wav,3.685,0.0
praat6_cc_10ms,phone_M1.wav,3.6950000000000003,0.0
praat6_cc_10ms,phone_M1.wav,3.705,0.0
praat6_cc_10ms,phone_M1.wav,3.7150000000000003,0.0
praat6_cc_10ms,phone_M1.wav,3.725,0.0
praat6_cc_10ms,phone_M1.wav,3.7350000000000003,0.0
praat6_cc_10ms,phone_M1.wav,3.745,0.0
praat6_cc_10ms,phone_M1.wav,3.7550000000000003,0.0
praat6_cc_10ms,phone_M1.wav,3.765,0.0
praat6_cc_10ms,phone_M1.wav,3.7750000000000004,0.0
praat6_cc_10ms,phone_M1.wav,3.785,0.0
praat6_cc_10ms,phone_M1.wav,3.7950000000000004,0.0
praat6_cc_10ms,phone_M1.wav,3.805,0.0
praat6_cc_10ms,phone_M1.wav,3.8150000000000004,0.0
praat6_cc_10ms,phone_M1.wav,3.825,0.0
praat6_cc_10ms,phone_M1.wav,3.8350000000000004,0.0
praat6_cc_10ms,phone_M1.wav,3.845,0.0
praat6_cc_10ms,phone_M1.wav,3.855,0.0
praat6_cc_10ms,phone_M1.wav,3.865,0.0
praat6_cc_10ms,phone_M1.wav,3.875,0.0
praat6_cc_10ms,phone_M1.wav,3.8850000000000002,0.0
praat6_cc_10ms,phone_M1.wav,3.895,0.0
praat6_cc_10ms,phone_M1.wav,3.9050000000000002,0.0
praat6_cc_10ms,phone_M1.wav,3.915,0.0
praat6_cc_10ms,phone_M1.wav,3.9250000000000003,0.0
praat6_cc_10ms,phone_M1.wav,3.935,0.0
praat6_cc_10ms,phone_M1.wav,3.9450000000000003,0.0
praat6_cc_10ms,phone_M1.wav,3.955,0.0
praat6_cc_10ms,phone_M1.wav,3.9650000000000003,0.0
praat6_cc_10ms,phone_M1.wav,3.975,0.0
praat6_cc_10ms,phone_M1.wav,3.9850000000000003,0.0
praat6_cc_10ms,phone_M1.wav,3.995,0.0
praat6_cc_10ms,phone_M1.wav,4.005000000000001,0.0
praat6_cc_10ms,phone_M1.wav,4.015000000000001,0.0
praat6_cc_10ms,phone_M1.wav,4.025,0.0
praat6_cc_10ms,phone_M1.wav,4.035000000000001,0.0
praat6_cc_10ms,phone_M1.wav,4.045000000000001,0.0
praat6_cc_10ms,phone_M1.wav,4.055000000000001,0.0
praat6_cc_10ms,phone_M1.wav,4.065,0.0
praat6_cc_10ms,phone_M1.wav,4.075000000000001,0.0
praat6_cc_10ms,phone_M1.wav,4.085000000000001,0.0
praat6_cc_10ms,phone_M1.wav,4.095000000000001,0.0
praat6_cc_10ms,phone_M1.wav,4.105,0.0
praat6_cc_10ms,phone_M1.wav,4.115,0.0
praat6_cc_10ms,phone_M1.wav,4.125000000000001,0.0
praat6_cc_10ms,phone_M1.wav,4.135000000000001,0.0
praat6_cc_10ms,phone_M1.wav,4.1450000000000005,0.0
praat6_ac_auto,studio_F1.wav,0.021598639455782217,0.0
praat6_ac_auto,studio_F1.wav,0.031598639455782215,0.0
praat6_ac_auto,studio_F1.wav,0.04159863945578222,0.0
praat6_ac_auto,studio_F1.wav,0.05159863945578222,0.0
praat6_ac_auto,studio_F1.wav,0.061598639455782214,0.0
praat6_ac_auto,studio_F1.wav,0.07159863945578222,0.0
praat6_ac_auto,studio_F1.wav,0.08159863945578222,0.0
praat6_ac_auto,studio_F1.wav,0.09159863945578223,0.0
praat6_ac_auto,studio_F1.wav,0.10159863945578222,0.0
praat6_ac_auto,studio_F1.wav,0.11159863945578222,0.0
praat6_ac_auto,studio_F1.wav,0.12159863945578223,0.0
praat6_ac_auto,studio_F1.wav,0.1315986394557822,0.0
praat6_ac_auto,studio_F1.wav,0.14159863945578222,0.0
praat6_ac_auto,studio_F1.wav,0.15159863945578222,0.0
praat6_ac_auto,studio_F1.wav,0.16159863945578223,0.0
praat6_ac_auto,studio_F1.wav,0.17159863945578221,0.0
praat6_ac_auto,studio_F1.wav,0.18159863945578222,0.0
praat6_ac_auto,studio_F1.wav,0.19159863945578223,0.0
praat6_ac_auto,studio_F1.wav,0.2015986394557822,0.0
praat6_ac_auto,studio_F1.wav,0.21159863945578222,0.0
praat6_ac_auto,studio_F1.wav,0.22159863945578223,0.0
praat6_ac_auto,studio_F1.wav,0.2315986394557822,0.0
praat6_ac_auto,studio_F1.wav,0.24159863945578222,0.0
praat6_ac_auto,studio_F1.wav,0.2515986394557822,0.0
praat6_ac_auto,studio_F1.wav,0.2615986394557822,0.0
praat6_ac_auto,studio_F1.wav,0.2715986394557822,0.0
praat6_ac_auto,studio_F1.wav,0.28159863945578223,0.0
praat6_ac_auto,studio_F1.wav,0.29159863945578224,0.0
praat6_ac_auto,studio_F1.wav,0.30159863945578225,0.0
praat6_ac_auto,studio_F1.wav,0.3115986394557822,0.0
praat6_ac_auto,studio_F1.wav,0.3215986394557822,0.0
praat6_ac_auto,studio_F1.wav,0.3315986394557822,0.0
praat6_ac_auto,studio_F1.wav,0.3415986394557822,0.0
praat6_ac_auto,studio_F1.wav,0.35159863945578224,0.0
praat6_ac_auto,studio_F1.wav,0.36159863945578224,0.0
praat6_ac_auto,studio_F1.wav,0.37159863945578225,0.0
praat6_ac_auto,studio_F1.wav,0.3815986394557822,0.0
praat6_ac_auto,studio_F1.wav,0.3915986394557822,0.0
praat6_ac_auto,studio_F1.wav,0.4015986394557822,0.0
praat6_ac_auto,studio_F1.wav,0.41159863945578223,0.0
praat6_ac_auto,studio_F1.wav,0.42159863945578224,0.0
praat6_ac_auto,studio_F1.wav,0.43159863945578225,0.0
praat6_ac_auto,studio_F1.wav,0.4415986394557822,0.0
praat6_ac_auto,studio_F1.wav,0.4515986394557822,0.0
praat6_ac_auto,studio_F1.wav,0.4615986394557822,0.0
praat6_ac_auto,studio_F1.wav,0.47159863945578223,0.0
praat6_ac_auto,studio_F1.wav,0.48159863945578224,0.0
praat6_ac_auto,studio_F1.wav,0.49159863945578225,0.0
praat6_ac_auto,studio_F1.wav,0.5015986394557822,0.0
praat6_ac_auto,studio_F1.wav,0.5115986394557822,0.0
praat6_ac_auto,studio_F1.wav,0.5215986394557822,0.0
praat6_ac_auto,studio_F1.wav,0.5315986394557822,0.0
praat6_ac_auto,studio_F1.wav,0.5415986394557822,0.0
praat6_ac_auto,studio_F1.wav,0.5515986394557822,0.0
praat6_ac_auto,studio_F1.wav,0.5615986394557823,0.0
praat6_ac_auto,studio_F1.wav,0.5715986394557823,0.0
praat6_ac_auto,studio_F1.wav,0.5815986394557823,0.0
praat6_ac_auto,studio_F1.wav,0.5915986394557823,0.0
praat6_ac_auto,studio_F1.wav,0.6015986394557822,0.0
praat6_ac_auto,studio_F1.wav,0.6115986394557822,0.0
praat6_ac_auto,studio_F1.wav,0.6215986394557822,0.0
praat6_ac_auto,studio_F1.wav,0.6315986394557822,0.0
praat6_ac_auto,studio_F1.wav,0.6415986394557822,0.0
praat6_ac_auto,studio_F1.wav,0.6515986394557822,0.0
praat6_ac_auto,studio_F1.wav,0.6615986394557822,0.0
praat6_ac_auto,studio_F1.wav,0.6715986394557822,0.0
praat6_ac_auto,studio_F1.wav,0.6815986394557823,0.0
praat6_ac_auto,studio_F1.wav,0.6915986394557823,266.8733102732468
praat6_ac_auto,studio_F1.wav,0.7015986394557823,269.90948496892753
praat6_ac_auto,studio_F1.wav,0.7115986394557823,268.99156848354056
praat6_ac_auto,studio_F1.wav,0.7215986394557823,265.97173585260475
praat6_ac_auto,studio_F1.wav,0.7315986394557822,262.99109669750015
praat6_ac_auto,studio_F1.wav,0.7415986394557822,259.1855731125319
praat6_ac_auto,studio_F1.wav,0.7515986394557822,257.60345588004753
praat6_ac_auto,studio_F1.wav,0.7615986394557822,257.3863382124944
praat6_ac_auto,studio_F1.wav,0.7715986394557822,240.97120780233323
praat6_ac_auto,studio_F1.wav,0.7815986394557822,238.72339743224794
praat6_ac_auto,studio_F1.wav,0.7915986394557822,239.80742885100403
praat6_ac_auto,studio_F1.wav,0.8015986394557822,245.5847604552577
praat6_ac_auto,studio_F1.wav,0.8115986394557823,247.48710736601822
praat6_ac_auto,studio_F1.wav,0.8215986394557823,247.19201600427706
praat6_ac_auto,studio_F1.wav,0.8315986394557823,246.32125531337064
praat6_ac_auto,studio_F1.wav,0.8415986394557823,245.6346200973074
praat6_ac_auto,studio_F1.wav,0.8515986394557823,245.13030869994137
praat6_ac_auto,studio_F1.wav,0.8615986394557822,244.01953360717195
praat6_ac_auto,studio_F1.wav,0.8715986394557822,242.57368252265894
praat6_ac_auto,studio_F1.wav,0.8815986394557822,240.87851785933714
praat6_ac_auto,studio_F1.wav,0.8915986394557822,238.73962695446752
praat6_ac_auto,studio_F1.wav,0.9015986394557822,232.85603229975743
praat6_ac_auto,studio_F1.wav,0.9115986394557822,224.09966026725328
praat6_ac_auto,studio_F1.wav,0.9215986394557822,223.878742479243
praat6_ac_auto,studio_F1.wav,0.9315986394557823,225.90299833248412
praat6_ac_auto,studio_F1.wav,0.9415986394557823,231.279952610012
praat6_ac_auto,studio_F1.wav,0.9515986394557823,241.8499237112284
praat6_ac_auto,studio_F1.wav,0.9615986394557823,251.94333803647345
praat6_ac_auto,studio_F1.wav,0.9715986394557823,252.8829582282163
praat6_ac_auto,studio_F1.wav,0.9815986394557822,252.72584890461303
praat6_ac_auto,studio_F1.wav,0.9915986394557822,247.82637155249535
praat6_ac_auto,studio_F1.wav,1.001598639455782,241.26543754753166
praat6_ac_auto,studio_F1.wav,1.011598639455782,271.47526701227605
praat6_ac_auto,studio_F1.wav,1.021598639455782,276.0978048116334
praat6_ac_auto,studio_F1.wav,1.0315986394557821,282.27956979797085
praat6_ac_auto,studio_F1.wav,1.0415986394557821,288.2279287213298
praat6_ac_auto,studio_F1.wav,1.0515986394557821,292.58870396400835
praat6_ac_auto,studio_F1.wav,1.0615986394557821,293.38138527472233
praat6_ac_auto,studio_F1.wav,1.0715986394557822,288.1951866267146
praat6_ac_auto,studio_F1.wav,1.0815986394557822,282.5364626501939
praat6_ac_auto,studio_F1.wav,1.0915986394557822,0.0
praat6_ac_auto,studio_F1.wav,1.1015986394557822,0.0
praat6_ac_auto,studio_F1.wav,1.1115986394557822,0.0
praat6_ac_auto,studio_F1.wav,1.1215986394557822,0.0
praat6_ac_auto,studio_F1.wav,1.1315986394557822,282.57361139837735
praat6_ac_auto,studio_F1.wav,1.1415986394557822,268.4339168384994
praat6_ac_auto,studio_F1.wav,1.1515986394557822,252.9690258054468
praat6_ac_auto,studio_F1.wav,1.1615986394557822,248.85710824506276
praat6_ac_auto,studio_F1.wav,1.1715986394557822,245.4997788234774
praat6_ac_auto,studio_F1.wav,1.181598639455782,245.10760570894152
praat6_ac_auto,studio_F1.wav,1.191598639455782,246.15028712606855
praat6_ac_auto,studio_F1.wav,1.201598639455782,244.49042221895246
praat6_ac_auto,studio_F1.wav,1.211598639455782,0.0
praat6_ac_auto,studio_F1.wav,1.221598639455782,0.0
praat6_ac_auto,studio_F1.wav,1.231598639455782,0.0
praat6_ac_auto,studio_F1.wav,1.241598639455782,0.0
praat6_ac_auto,studio_F1.wav,1.251598639455782,0.0
praat6_ac_auto,studio_F1.wav,1.261598639455782,0.0
praat6_ac_auto,studio_F1.wav,1.271598639455782,315.4034357089856
praat6_ac_auto,studio_F1.wav,1.2815986394557821,314.92166828700033
praat6_ac_auto,studio_F1.wav,1.2915986394557821,318.7910478515549
praat6_ac_auto,studio_F1.wav,1.3015986394557821,316.9688705088769
praat6_ac_auto,studio_F1.wav,1.3115986394557821,308.0079882221467
praat6_ac_auto,studio_F1.wav,1.3215986394557822,297.9155782671636
praat6_ac_auto,studio_F1.wav,1.3315986394557822,282.76153770799965
praat6_ac_auto,studio_F1.wav,1.3415986394557822,268.5451801028703
praat6_ac_auto,studio_F1.wav,1.3515986394557822,243.4597055791702
praat6_ac_auto,studio_F1.wav,1.3615986394557822,230.76646273030136
praat6_ac_auto,studio_F1.wav,1.3715986394557822,219.80641033659762
praat6_ac_auto,studio_F1.wav,1.3815986394557822,210.45332039580927
praat6_ac_auto,studio_F1.wav,1.3915986394557822,203.14283916958962
praat6_ac_auto,studio_F1.wav,1.4015986394557822,199.15419867385572
praat6_ac_auto,studio_F1.wav,1.4115986394557822,195.90754439758254
praat6_ac_auto,studio_F1.wav,1.4215986394557822,191.18061361390065
praat6_ac_auto,studio_F1.wav,1.431598639455782,200.3087487776644
praat6_ac_auto,studio_F1.wav,1.441598639455782,202.49273193922946
praat6_ac_auto,studio_F1.wav,1.451598639455782,204.3263220177278
praat6_ac_auto,studio_F1.wav,1.461598639455782,206.65308408800436
praat6_ac_auto,studio_F1.wav,1.471598639455782,211.5395456650361
praat6_ac_auto,studio_F1.wav,1.481598639455782,215.00398194996478
praat6_ac_auto,studio_F1.wav,1.491598639455782,220.6313537015333
praat6_ac_auto,studio_F1.wav,1.501598639455782,217.8045554974576
praat6_ac_auto,studio_F1.wav,1.511598639455782,215.20545241089468
praat6_ac_auto,studio_F1.wav,1.521598639455782,212.65449406176518
praat6_ac_auto,studio_F1.wav,1.5315986394557821,209.68176070847883
praat6_ac_auto,studio_F1.wav,1.5415986394557821,206.49949068354684
praat6_ac_auto,studio_F1.wav,1.5515986394557821,203.07686342514518
praat6_ac_auto,studio_F1.wav,1.5615986394557821,197.76617104658595
praat6_ac_auto,studio_F1.wav,1.5715986394557822,199.721798982619
praat6_ac_auto,studio_F1.wav,1.5815986394557822,199.0696312477939
praat6_ac_auto,studio_F1.wav,1.5915986394557822,196.7478633913188
praat6_ac_auto,studio_F1.wav,1.6015986394557822,196.12541927394577
praat6_ac_auto,studio_F1.wav,1.6115986394557822,196.45177880946972
praat6_ac_auto,studio_F1.wav,1.6215986394557822,193.00971372193706
praat6_ac_auto,studio_F1.wav,1.6315986394557822,183.1615855540653
praat6_ac_auto,studio_F1.wav,1.6415986394557822,176.55319638371802
praat6_ac_auto,studio_F1.wav,1.6515986394557822,0.0
praat6_ac_auto,studio_F1.wav,1.6615986394557822,0.0
praat6_ac_auto,studio_F1.wav,1.6715986394557822,0.0
praat6_ac_auto,studio_F1.wav,1.6815986394557823,0.0
praat6_ac_auto,studio_F1.wav,1.691598639455782,0.0
praat6_ac_auto,studio_F1.wav,1.701598639455782,250.24445277802644
praat6_ac_auto,studio_F1.wav,1.711598639455782,238.494710618261
praat6_ac_auto,studio_F1.wav,1.721598639455782,232.4934841400977
praat6_ac_auto,studio_F1.wav,1.731598639455782,227.68045447606127
praat6_ac_auto,studio_F1.wav,1.741598639455782,223.96354884366397
praat6_ac_auto,studio_F1.wav,1.751598639455782,0.0
praat6_ac_auto,studio_F1.wav,1.761598639455782,0.0
praat6_ac_auto,studio_F1.wav,1.771598639455782,0.0
praat6_ac_auto,studio_F1.wav,1.7815986394557821,0.0
praat6_ac_auto,studio_F1.wav,1.7915986394557821,0.0
praat6_ac_auto,studio_F1.wav,1.8015986394557821,172.872435004323
praat6_ac_auto,studio_F1.wav,1.8115986394557821,184.79439643906457
praat6_ac_auto,studio_F1.wav,1.8215986394557822,196.72271504285138
praat6_ac_auto,studio_F1.wav,1.8315986394557822,194.39528840300736
praat6_ac_auto,studio_F1.wav,1.8415986394557822,0.0
praat6_ac_auto,studio_F1.wav,1.8515986394557822,0.0
praat6_ac_auto,studio_F1.wav,1.8615986394557822,0.0
praat6_ac_auto,studio_F1.wav,1.8715986394557822,0.0
praat6_ac_auto,studio_F1.wav,1.8815986394557822,0.0
praat6_ac_auto,studio_F1.wav,1.8915986394557822,0.0
praat6_ac_auto,studio_F1.wav,1.9015986394557822,0.0
praat6_ac_auto,studio_F1.wav,1.9115986394557822,0.0
praat6_ac_auto,studio_F1.wav,1.9215986394557822,227.21598461746458
praat6_ac_auto,studio_F1.wav,1.9315986394557823,217.67315804250129
praat6_ac_auto,studio_F1.wav,1.941598639455782,212.06850830257864
praat6_ac_auto,studio_F1.wav,1.951598639455782,208.7101208530285
praat6_ac_auto,studio_F1.wav,1.961598639455782,207.4619602730963
praat6_ac_auto,studio_F1.wav,1.971598639455782,206.04960129663385
praat6_ac_auto,studio_F1.wav,1.981598639455782,203.57333265485
praat6_ac_auto,studio_F1.wav,1.991598639455782,201.05137861379424
praat6_ac_auto,studio_F1.wav,2.001598639455782,199.54363312856202
praat6_ac_auto,studio_F1.wav,2.0115986394557823,198.3101615702964
praat6_ac_auto,studio_F1.wav,2.021598639455782,196.9560528937993
praat6_ac_auto,studio_F1.wav,2.0315986394557823,195.49068035969995
praat6_ac_auto,studio_F1.wav,2.041598639455782,193.7713678239205
praat6_ac_auto,studio_F1.wav,2.0515986394557824,191.66548765600973
praat6_ac_auto,studio_F1.wav,2.061598639455782,189.8473327314651
praat6_ac_auto,studio_F1.wav,2.071598639455782,190.1177404278727
praat6_ac_auto,studio_F1.wav,2.081598639455782,188.1331652734677
praat6_ac_auto,studio_F1.wav,2.091598639455782,187.098163163413
praat6_ac_auto,studio_F1.wav,2.101598639455782,186.09908934560033
praat6_ac_auto,studio_F1.wav,2.111598639455782,182.93272067088537
praat6_ac_auto,studio_F1.wav,2.121598639455782,178.38706399725618
praat6_ac_auto,studio_F1.wav,2.131598639455782,173.48798352232868
praat6_ac_auto,studio_F1.wav,2.141598639455782,165.37442872039745
praat6_ac_auto,studio_F1.wav,2.151598639455782,0.0
praat6_ac_auto,studio_F1.wav,2.1615986394557822,0.0
praat6_ac_auto,studio_F1.wav,2.171598639455782,0.0
praat6_ac_auto,studio_F1.wav,2.1815986394557823,0.0
praat6_ac_auto,studio_F1.wav,2.191598639455782,0.0
praat6_ac_auto,studio_F1.wav,2.2015986394557823,0.0
praat6_ac_auto,studio_F1.wav,2.211598639455782,0.0
praat6_ac_auto,studio_F1.wav,2.2215986394557823,0.0
praat6_ac_auto,studio_F1.wav,2.231598639455782,0.0
praat6_ac_auto,studio_F1.wav,2.2415986394557823,0.0
praat6_ac_auto,studio_F1.wav,2.251598639455782,0.0
praat6_ac_auto,studio_F1.wav,2.2615986394557823,0.0
praat6_ac_auto,studio_F1.wav,2.271598639455782,0.0
praat6_ac_auto,studio_F1.wav,2.2815986394557823,0.0
praat6_ac_auto,studio_F1.wav,2.291598639455782,0.0
praat6_ac_auto,studio_F1.wav,2.3015986394557824,0.0
praat6_ac_auto,studio_F1.wav,2.311598639455782,0.0
praat6_ac_auto,studio_F1.wav,2.3215986394557824,0.0
praat6_ac_auto,studio_F1.wav,2.331598639455782,0.0
praat6_ac_auto,studio_F1.wav,2.341598639455782,0.0
praat6_ac_auto,studio_F1.wav,2.351598639455782,0.0
praat6_ac_auto,studio_F1.wav,2.361598639455782,0.0
praat6_ac_auto,studio_F1.wav,2.371598639455782,0.0
praat6_ac_auto,studio_F1.wav,2.381598639455782,0.0
praat6_ac_auto,studio_F1.wav,2.391598639455782,0.0
praat6_ac_auto,studio_F1.wav,2.401598639455782,0.0
praat6_ac_auto,studio_F1.wav,2.4115986394557822,0.0
praat6_ac_auto,studio_F1.wav,2.421598639455782,0.0
praat6_ac_auto,studio_F1.wav,2.4315986394557823,0.0
praat6_ac_auto,studio_F1.wav,2.441598639455782,0.0
praat6_ac_auto,studio_F1.wav,2.4515986394557823,0.0
praat6_ac_auto,studio_F1.wav,2.461598639455782,0.0
praat6_ac_auto,studio_F1.wav,2.4715986394557823,0.0
praat6_ac_auto,studio_F1.wav,2.481598639455782,0.0
praat6_ac_auto,studio_F1.wav,2.4915986394557823,0.0
praat6_ac_auto,studio_F1.wav,2.501598639455782,0.0
praat6_ac_auto,studio_F1.wav,2.5115986394557823,0.0
praat6_ac_auto,studio_F1.wav,2.521598639455782,0.0
praat6_ac_auto,studio_F1.wav,2.5315986394557823,0.0
praat6_ac_auto,studio_F1.wav,2.541598639455782,0.0
praat6_ac_auto,studio_F1.wav,2.5515986394557824,0.0
praat6_ac_auto,studio_F1.wav,2.561598639455782,0.0
praat6_ac_auto,studio_F1.wav,2.5715986394557824,0.0
praat6_ac_auto,studio_F1.wav,2.581598639455782,0.0
praat6_ac_auto,studio_F1.wav,2.591598639455782,0.0
praat6_ac_auto,studio_F1.wav,2.601598639455782,0.0
praat6_ac_auto,studio_F1.wav,2.611598639455782,0.0
praat6_ac_auto,studio_F1.wav,2.621598639455782,0.0
praat6_ac_auto,studio_F1.wav,2.631598639455782,0.0
praat6_ac_auto,studio_F1.wav,2.641598639455782,0.0
praat6_ac_auto,studio_F1.wav,2.651598639455782,0.0
praat6_ac_auto,studio_F1.wav,2.6615986394557822,0.0
praat6_ac_auto,studio_F1.wav,2.671598639455782,0.0
praat6_ac_auto,studio_F1.wav,2.6815986394557823,0.0
praat6_ac_auto,studio_F1.wav,2.691598639455782,0.0
praat6_ac_auto,studio_F1.wav,2.7015986394557823,0.0
praat6_ac_auto,studio_F1.wav,2.711598639455782,0.0
praat6_ac_auto,studio_F1.wav,2.7215986394557823,0.0
praat6_ac_auto,studio_F1.wav,2.731598639455782,0.0
praat6_ac_auto,studio_F1.wav,2.7415986394557823,0.0
praat6_ac_auto,studio_F1.wav,2.751598639455782,0.0
praat6_ac_auto,studio_F1.wav,2.7615986394557823,0.0
praat6_ac_auto,studio_F1.wav,2.771598639455782,0.0
praat6_ac_auto,studio_F1.wav,2.7815986394557823,0.0
praat6_ac_auto,studio_F1.wav,2.791598639455782,0.0
praat6_ac_auto,studio_F1.wav,2.8015986394557824,0.0
praat6_ac_auto,studio_F1.wav,2.811598639455782,0.0
praat6_ac_auto,studio_F1.wav,2.8215986394557824,0.0
praat6_ac_auto,studio_F1.wav,2.831598639455782,0.0
praat6_ac_auto,studio_F1.wav,2.841598639455782,0.0
praat6_ac_10ms,studio_F1.wav,0.021598639455782217,0.0
praat6_ac_10ms,studio_F1.wav,0.031598639455782215,0.0
praat6_ac_10ms,studio_F1.wav,0.04159863945578222,0.0
praat6_ac_10ms,studio_F1.wav,0.05159863945578222,0.0
praat6_ac_10ms,studio_F1.wav,0.061598639455782214,0.0
praat6_ac_10ms,studio_F1.wav,0.07159863945578222,0.0
praat6_ac_10ms,studio_F1.wav,0.08159863945578222,0.0
praat6_ac_10ms,studio_F1.wav,0.09159863945578223,0.0
praat6_ac_10ms,studio_F1.wav,0.10159863945578222,0.0
praat6_ac_10ms,studio_F1.wav,0.11159863945578222,0.0
praat6_ac_10ms,studio_F1.wav,0.12159863945578223,0.0
praat6_ac_10ms,studio_F1.wav,0.1315986394557822,0.0
praat6_ac_10ms,studio_F1.wav,0.14159863945578222,0.0
praat6_ac_10ms,studio_F1.wav,0.15159863945578222,0.0
praat6_ac_10ms,studio_F1.wav,0.16159863945578223,0.0
praat6_ac_10ms,studio_F1.wav,0.17159863945578221,0.0
praat6_ac_10ms,studio_F1.wav,0.18159863945578222,0.0
praat6_ac_10ms,studio_F1.wav,0.19159863945578223,0.0
praat6_ac_10ms,studio_F1.wav,0.2015986394557822,0.0
praat6_ac_10ms,studio_F1.wav,0.21159863945578222,0.0
praat6_ac_10ms,studio_F1.wav,0.22159863945578223,0.0
praat6_ac_10ms,studio_F1.wav,0.2315986394557822,0.0
praat6_ac_10ms,studio_F1.wav,0.24159863945578222,0.0
praat6_ac_10ms,studio_F1.wav,0.2515986394557822,0.0
praat6_ac_10ms,studio_F1.wav,0.2615986394557822,0.0
praat6_ac_10ms,studio_F1.wav,0.2715986394557822,0.0
praat6_ac_10ms,studio_F1.wav,0.28159863945578223,0.0
praat6_ac_10ms,studio_F1.wav,0.29159863945578224,0.0
praat6_ac_10ms,studio_F1.wav,0.30159863945578225,0.0
praat6_ac_10ms,studio_F1.wav,0.3115986394557822,0.0
praat6_ac_10ms,studio_F1.wav,0.3215986394557822,0.0
praat6_ac_10ms,studio_F1.wav,0.3315986394557822,0.0
praat6_ac_10ms,studio_F1.wav,0.3415986394557822,0.0
praat6_ac_10ms,studio_F1.wav,0.35159863945578224,0.0
praat6_ac_10ms,studio_F1.wav,0.36159863945578224,0.0
praat6_ac_10ms,studio_F1.wav,0.37159863945578225,0.0
praat6_ac_10ms,studio_F1.wav,0.3815986394557822,0.0
praat6_ac_10ms,studio_F1.wav,0.3915986394557822,0.0
praat6_ac_10ms,studio_F1.wav,0.4015986394557822,0.0
praat6_ac_10ms,studio_F1.wav,0.41159863945578223,0.0
praat6_ac_10ms,studio_F1.wav,0.42159863945578224,0.0
praat6_ac_10ms,studio_F1.wav,0.43159863945578225,0.0
praat6_ac_10ms,studio_F1.wav,0.4415986394557822,0.0
praat6_ac_10ms,studio_F1.wav,0.4515986394557822,0.0
praat6_ac_10ms,studio_F1.wav,0.4615986394557822,0.0
praat6_ac_10ms,studio_F1.wav,0.47159863945578223,0.0
praat6_ac_10ms,studio_F1.wav,0.48159863945578224,0.0
praat6_ac_10ms,studio_F1.wav,0.49159863945578225,0.0
praat6_ac_10ms,studio_F1.wav,0.5015986394557822,0.0
praat6_ac_10ms,studio_F1.wav,0.5115986394557822,0.0
praat6_ac_10ms,studio_F1.wav,0.5215986394557822,0.0
praat6_ac_10ms,studio_F1.wav,0.5315986394557822,0.0
praat6_ac_10ms,studio_F1.wav,0.5415986394557822,0.0
praat6_ac_10ms,studio_F1.wav,0.5515986394557822,0.0
praat6_ac_10ms,studio_F1.wav,0.5615986394557823,0.0
praat6_ac_10ms,studio_F1.wav,0.5715986394557823,0.0
praat6_ac_10ms,studio_F1.wav,0.5815986394557823,0.0
praat6_ac_10ms,studio_F1.wav,0.5915986394557823,0.0
praat6_ac_10ms,studio_F1.wav,0.6015986394557822,0.0
praat6_ac_10ms,studio_F1.wav,0.6115986394557822,0.0
praat6_ac_10ms,studio_F1.wav,0.6215986394557822,0.0
praat6_ac_10ms,studio_F1.wav,0.6315986394557822,0.0
praat6_ac_10ms,studio_F1.wav,0.6415986394557822,0.0
praat6_ac_10ms,studio_F1.wav,0.6515986394557822,0.0
praat6_ac_10ms,studio_F1.wav,0.6615986394557822,0.0
praat6_ac_10ms,studio_F1.wav,0.6715986394557822,0.0
praat6_ac_10ms,studio_F1.wav,0.6815986394557823,0.0
praat6_ac_10ms,studio_F1.wav,0.6915986394557823,266.8733102732468
praat6_ac_10ms,studio_F1.wav,0.7015986394557823,269.90948496892753
praat6_ac_10ms,studio_F1.wav,0.7115986394557823,268.99156848354056
praat6_ac_10ms,studio_F1.wav,0.7215986394557823,265.97173585260475
praat6_ac_10ms,studio_F1.wav,0.7315986394557822,262.99109669750015
praat6_ac_10ms,studio_F1.wav,0.7415986394557822,259.1855731125319
praat6_ac_10ms,studio_F1.wav,0.7515986394557822,257.60345588004753
praat6_ac_10ms,studio_F1.wav,0.7615986394557822,257.3863382124944
praat6_ac_10ms,studio_F1.wav,0.7715986394557822,240.97120780233323
praat6_ac_10ms,studio_F1.wav,0.7815986394557822,238.72339743224794
praat6_ac_10ms,studio_F1.wav,0.7915986394557822,239.80742885100403
praat6_ac_10ms,studio_F1.wav,0.8015986394557822,245.5847604552577
praat6_ac_10ms,studio_F1.wav,0.8115986394557823,247.48710736601822
praat6_ac_10ms,studio_F1.wav,0.8215986394557823,247.19201600427706
praat6_ac_10ms,studio_F1.wav,0.8315986394557823,246.32125531337064
praat6_ac_10ms,studio_F1.wav,0.8415986394557823,245.6346200973074
praat6_ac_10ms,studio_F1.wav,0.8515986394557823,245.13030869994137
praat6_ac_10ms,studio_F1.wav,0.8615986394557822,244.01953360717195
praat6_ac_10ms,studio_F1.wav,0.8715986394557822,242.57368252265894
praat6_ac_10ms,studio_F1.wav,0.8815986394557822,240.87851785933714
praat6_ac_10ms,studio_F1.wav,0.8915986394557822,238.73962695446752
praat6_ac_10ms,studio_F1.wav,0.9015986394557822,232.85603229975743
praat6_ac_10ms,studio_F1.wav,0.9115986394557822,224.09966026725328
praat6_ac_10ms,studio_F1.wav,0.9215986394557822,223.878742479243
praat6_ac_10ms,studio_F1.wav,0.9315986394557823,225.90299833248412
praat6_ac_10ms,studio_F1.wav,0.9415986394557823,231.279952610012
praat6_ac_10ms,studio_F1.wav,0.9515986394557823,241.8499237112284
praat6_ac_10ms,studio_F1.wav,0.9615986394557823,251.94333803647345
praat6_ac_10ms,studio_F1.wav,0.9715986394557823,252.8829582282163
praat6_ac_10ms,studio_F1.wav,0.9815986394557822,252.72584890461303
praat6_ac_10ms,studio_F1.wav,0.9915986394557822,247.82637155249535
praat6_ac_10ms,studio_F1.wav,1.001598639455782,241.26543754753166
praat6_ac_10ms,studio_F1.wav,1.011598639455782,271.47526701227605
praat6_ac_10ms,studio_F1.wav,1.021598639455782,276.0978048116334
praat6_ac_10ms,studio_F1.wav,1.0315986394557821,282.27956979797085
praat6_ac_10ms,studio_F1.wav,1.0415986394557821,288.2279287213298
praat6_ac_10ms,studio_F1.wav,1.0515986394557821,292.58870396400835
praat6_ac_10ms,studio_F1.wav,1.0615986394557821,293.38138527472233
praat6_ac_10ms,studio_F1.wav,1.0715986394557822,288.1951866267146
praat6_ac_10ms,studio_F1.wav,1.0815986394557822,282.5364626501939
praat6_ac_10ms,studio_F1.wav,1.0915986394557822,0.0
praat6_ac_10ms,studio_F1.wav,1.1015986394557822,0.0
praat6_ac_10ms,studio_F1.wav,1.1115986394557822,0.0
praat6_ac_10ms,studio_F1.wav,1.1215986394557822,0.0
praat6_ac_10ms,studio_F1.wav,1.1315986394557822,282.57361139837735
praat6_ac_10ms,studio_F1.wav,1.1415986394557822,268.4339168384994
praat6_ac_10ms,studio_F1.wav,1.1515986394557822,252.9690258054468
praat6_ac_10ms,studio_F1.wav,1.1615986394557822,248.85710824506276
praat6_ac_10ms,studio_F1.wav,1.1715986394557822,245.4997788234774
praat6_ac_10ms,studio_F1.wav,1.181598639455782,245.10760570894152
praat6_ac_10ms,studio_F1.wav,1.191598639455782,246.15028712606855
praat6_ac_10ms,studio_F1.wav,1.201598639455782,244.49042221895246
praat6_ac_10ms,studio_F1.wav,1.211598639455782,0.0
praat6_ac_10ms,studio_F1.wav,1.221598639455782,0.0
praat6_ac_10ms,studio_F1.wav,1.231598639455782,0.0
praat6_ac_10ms,studio_F1.wav,1.241598639455782,0.0
praat6_ac_10ms,studio_F1.wav,1.251598639455782,0.0
praat6_ac_10ms,studio_F1.wav,1.261598639455782,0.0
praat6_ac_10ms,studio_F1.wav,1.271598639455782,315.4034357089856
praat6_ac_10ms,studio_F1.wav,1.2815986394557821,314.92166828700033
praat6_ac_10ms,studio_F1.wav,1.2915986394557821,318.7910478515549
praat6_ac_10ms,studio_F1.wav,1.3015986394557821,316.9688705088769
praat6_ac_10ms,studio_F1.wav,1.3115986394557821,308.0079882221467
praat6_ac_10ms,studio_F1.wav,1.3215986394557822,297.9155782671636
praat6_ac_10ms,studio_F1.wav,1.3315986394557822,282.76153770799965
praat6_ac_10ms,studio_F1.wav,1.3415986394557822,268.5451801028703
praat6_ac_10ms,studio_F1.wav,1.3515986394557822,243.4597055791702
praat6_ac_10ms,studio_F1.wav,1.3615986394557822,230.76646273030136
praat6_ac_10ms,studio_F1.wav,1.3715986394557822,219.80641033659762
praat6_ac_10ms,studio_F1.wav,1.3815986394557822,210.45332039580927
praat6_ac_10ms,studio_F1.wav,1.3915986394557822,203.14283916958962
praat6_ac_10ms,studio_F1.wav,1.4015986394557822,199.15419867385572
praat6_ac_10ms,studio_F1.wav,1.4115986394557822,195.90754439758254
praat6_ac_10ms,studio_F1.wav,1.4215986394557822,191.18061361390065
praat6_ac_10ms,studio_F1.wav,1.431598639455782,200.3087487776644
praat6_ac_10ms,studio_F1.wav,1.441598639455782,202.49273193922946
praat6_ac_10ms,studio_F1.wav,1.451598639455782,204.3263220177278
praat6_ac_10ms,studio_F1.wav,1.461598639455782,206.65308408800436
praat6_ac_10ms,studio_F1.wav,1.471598639455782,211.5395456650361
praat6_ac_10ms,studio_F1.wav,1.481598639455782,215.00398194996478
praat6_ac_10ms,studio_F1.wav,1.491598639455782,220.6313537015333
praat6_ac_10ms,studio_F1.wav,1.501598639455782,217.8045554974576
praat6_ac_10ms,studio_F1.wav,1.511598639455782,215.20545241089468
praat6_ac_10ms,studio_F1.wav,1.521598639455782,212.65449406176518
praat6_ac_10ms,studio_F1.wav,1.5315986394557821,209.68176070847883
praat6_ac_10ms,studio_F1.wav,1.5415986394557821,206.49949068354684
praat6_ac_10ms,studio_F1.wav,1.5515986394557821,203.07686342514518
praat6_ac_10ms,studio_F1.wav,1.5615986394557821,197.76617104658595
praat6_ac_10ms,studio_F1.wav,1.5715986394557822,199.721798982619
praat6_ac_10ms,studio_F1.wav,1.5815986394557822,199.0696312477939
praat6_ac_10ms,studio_F1.wav,1.5915986394557822,196.7478633913188
praat6_ac_10ms,studio_F1.wav,1.6015986394557822,196.12541927394577
praat6_ac_10ms,studio_F1.wav,1.6115986394557822,196.45177880946972
praat6_ac_10ms,studio_F1.wav,1.6215986394557822,193.00971372193706
praat6_ac_10ms,studio_F1.wav,1.6315986394557822,183.1615855540653
praat6_ac_10ms,studio_F1.wav,1.6415986394557822,176.55319638371802
praat6_ac_10ms,studio_F1.wav,1.6515986394557822,0.0
praat6_ac_10ms,studio_F1.wav,1.6615986394557822,0.0
praat6_ac_10ms,studio_F1.wav,1.6715986394557822,0.0
praat6_ac_10ms,studio_F1.wav,1.6815986394557823,0.0
praat6_ac_10ms,studio_F1.wav,1.691598639455782,0.0
praat6_ac_10ms,studio_F1.wav,1.701598639455782,250.24445277802644
praat6_ac_10ms,studio_F1.wav,1.711598639455782,238.494710618261
praat6_ac_10ms,studio_F1.wav,1.721598639455782,232.4934841400977
praat6_ac_10ms,studio_F1.wav,1.731598639455782,227.68045447606127
praat6_ac_10ms,studio_F1.wav,1.741598639455782,223.96354884366397
praat6_ac_10ms,studio_F1.wav,1.751598639455782,0.0
praat6_ac_10ms,studio_F1.wav,1.761598639455782,0.0
praat6_ac_10ms,studio_F1.wav,1.771598639455782,0.0
praat6_ac_10ms,studio_F1.wav,1.7815986394557821,0.0
praat6_ac_10ms,studio_F1.wav,1.7915986394557821,0.0
praat6_ac_10ms,studio_F1.wav,1.8015986394557821,172.872435004323
praat6_ac_10ms,studio_F1.wav,1.8115986394557821,184.79439643906457
praat6_ac_10ms,studio_F1.wav,1.8215986394557822,196.72271504285138
praat6_ac_10ms,studio_F1.wav,1.8315986394557822,194.39528840300736
praat6_ac_10ms,studio_F1.wav,1.8415986394557822,0.0
praat6_ac_10ms,studio_F1.wav,1.8515986394557822,0.0
praat6_ac_10ms,studio_F1.wav,1.8615986394557822,0.0
praat6_ac_10ms,studio_F1.wav,1.8715986394557822,0.0
praat6_ac_10ms,studio_F1.wav,1.8815986394557822,0.0
praat6_ac_10ms,studio_F1.wav,1.8915986394557822,0.0
praat6_ac_10ms,studio_F1.wav,1.9015986394557822,0.0
praat6_ac_10ms,studio_F1.wav,1.9115986394557822,0.0
praat6_ac_10ms,studio_F1.wav,1.9215986394557822,227.21598461746458
praat6_ac_10ms,studio_F1.wav,1.9315986394557823,217.67315804250129
praat6_ac_10ms,studio_F1.wav,1.941598639455782,212.06850830257864
praat6_ac_10ms,studio_F1.wav,1.951598639455782,208.7101208530285
praat6_ac_10ms,studio_F1.wav,1.961598639455782,207.4619602730963
praat6_ac_10ms,studio_F1.wav,1.971598639455782,206.04960129663385
praat6_ac_10ms,studio_F1.wav,1.981598639455782,203.57333265485
praat6_ac_10ms,studio_F1.wav,1.991598639455782,201.05137861379424
praat6_ac_10ms,studio_F1.wav,2.001598639455782,199.54363312856202
praat6_ac_10ms,studio_F1.wav,2.0115986394557823,198.3101615702964
praat6_ac_10ms,studio_F1.wav,2.021598639455782,196.9560528937993
praat6_ac_10ms,studio_F1.wav,2.0315986394557823,195.49068035969995
praat6_ac_10ms,studio_F1.wav,2.041598639455782,193.7713678239205
praat6_ac_10ms,studio_F1.wav,2.0515986394557824,191.66548765600973
praat6_ac_10ms,studio_F1.wav,2.061598639455782,189.8473327314651
praat6_ac_10ms,studio_F1.wav,2.071598639455782,190.1177404278727
praat6_ac_10ms,studio_F1.wav,2.081598639455782,188.1331652734677
praat6_ac_10ms,studio_F1.wav,2.091598639455782,187.098163163413
praat6_ac_10ms,studio_F1.wav,2.101598639455782,186.09908934560033
praat6_ac_10ms,studio_F1.wav,2.111598639455782,182.93272067088537
praat6_ac_10ms,studio_F1.wav,2.121598639455782,178.38706399725618
praat6_ac_10ms,studio_F1.wav,2.131598639455782,173.48798352232868
praat6_ac_10ms,studio_F1.wav,2.141598639455782,165.37442872039745
praat6_ac_10ms,studio_F1.wav,2.151598639455782,0.0
praat6_ac_10ms,studio_F1.wav,2.1615986394557822,0.0
praat6_ac_10ms,studio_F1.wav,2.171598639455782,0.0
praat6_ac_10ms,studio_F1.wav,2.1815986394557823,0.0
praat6_ac_10ms,studio_F1.wav,2.191598639455782,0.0
praat6_ac_10ms,studio_F1.wav,2.2015986394557823,0.0
praat6_ac_10ms,studio_F1.wav,2.211598639455782,0.0
praat6_ac_10ms,studio_F1.wav,2.2215986394557823,0.0
praat6_ac_10ms,studio_F1.wav,2.231598639455782,0.0
praat6_ac_10ms,studio_F1.wav,2.2415986394557823,0.0
praat6_ac_10ms,studio_F1.wav,2.251598639455782,0.0
praat6_ac_10ms,studio_F1.wav,2.2615986394557823,0.0
praat6_ac_10ms,studio_F1.wav,2.271598639455782,0.0
praat6_ac_10ms,studio_F1.wav,2.2815986394557823,0.0
praat6_ac_10ms,studio_F1.wav,2.291598639455782,0.0
praat6_ac_10ms,studio_F1.wav,2.3015986394557824,0.0
praat6_ac_10ms,studio_F1.wav,2.311598639455782,0.0
praat6_ac_10ms,studio_F1.wav,2.3215986394557824,0.0
praat6_ac_10ms,studio_F1.wav,2.331598639455782,0.0
praat6_ac_10ms,studio_F1.wav,2.341598639455782,0.0
praat6_ac_10ms,studio_F1.wav,2.351598639455782,0.0
praat6_ac_10ms,studio_F1.wav,2.361598639455782,0.0
praat6_ac_10ms,studio_F1.wav,2.371598639455782,0.0
praat6_ac_10ms,studio_F1.wav,2.381598639455782,0.0
praat6_ac_10ms,studio_F1.wav,2.391598639455782,0.0
praat6_ac_10ms,studio_F1.wav,2.401598639455782,0.0
praat6_ac_10ms,studio_F1.wav,2.4115986394557822,0.0
praat6_ac_10ms,studio_F1.wav,2.421598639455782,0.0
praat6_ac_10ms,studio_F1.wav,2.4315986394557823,0.0
praat6_ac_10ms,studio_F1.wav,2.441598639455782,0.0
praat6_ac_10ms,studio_F1.wav,2.4515986394557823,0.0
praat6_ac_10ms,studio_F1.wav,2.461598639455782,0.0
praat6_ac_10ms,studio_F1.wav,2.4715986394557823,0.0
praat6_ac_10ms,studio_F1.wav,2.481598639455782,0.0
praat6_ac_10ms,studio_F1.wav,2.4915986394557823,0.0
praat6_ac_10ms,studio_F1.wav,2.501598639455782,0.0
praat6_ac_10ms,studio_F1.wav,2.5115986394557823,0.0
praat6_ac_10ms,studio_F1.wav,2.521598639455782,0.0
praat6_ac_10ms,studio_F1.wav,2.5315986394557823,0.0
praat6_ac_10ms,studio_F1.wav,2.541598639455782,0.0
praat6_ac_10ms,studio_F1.wav,2.5515986394557824,0.0
praat6_ac_10ms,studio_F1.wav,2.561598639455782,0.0
praat6_ac_10ms,studio_F1.wav,2.5715986394557824,0.0
praat6_ac_10ms,studio_F1.wav,2.581598639455782,0.0
praat6_ac_10ms,studio_F1.wav,2.591598639455782,0.0
praat6_ac_10ms,studio_F1.wav,2.601598639455782,0.0
praat6_ac_10ms,studio_F1.wav,2.611598639455782,0.0
praat6_ac_10ms,studio_F1.wav,2.621598639455782,0.0
praat6_ac_10ms,studio_F1.wav,2.631598639455782,0.0
praat6_ac_10ms,studio_F1.wav,2.641598639455782,0.0
praat6_ac_10ms,studio_F1.wav,2.651598639455782,0.0
praat6_ac_10ms,studio_F1.wav,2.6615986394557822,0.0
praat6_ac_10ms,studio_F1.wav,2.671598639455782,0.0
praat6_ac_10ms,studio_F1.wav,2.6815986394557823,0.0
praat6_ac_10ms,studio_F1.wav,2.691598639455782,0.0
praat6_ac_10ms,studio_F1.wav,2.7015986394557823,0.0
praat6_ac_10ms,studio_F1.wav,2.711598639455782,0.0
praat6_ac_10ms,studio_F1.wav,2.7215986394557823,0.0
praat6_ac_10ms,studio_F1.wav,2.731598639455782,0.0
praat6_ac_10ms,studio_F1.wav,2.7415986394557823,0.0
praat6_ac_10ms,studio_F1.wav,2.751598639455782,0.0
praat6_ac_10ms,studio_F1.wav,2.7615986394557823,0.0
praat6_ac_10ms,studio_F1.wav,2.771598639455782,0.0
praat6_ac_10ms,studio_F1.wav,2.7815986394557823,0.0
praat6_ac_10ms,studio_F1.wav,2.791598639455782,0.0
praat6_ac_10ms,studio_F1.wav,2.8015986394557824,0.0
praat6_ac_10ms,studio_F1.wav,2.811598639455782,0.0
praat6_ac_10ms,studio_F1.wav,2.8215986394557824,0.0
praat6_ac_10ms,studio_F1.wav,2.831598639455782,0.0
praat6_ac_10ms,studio_F1.wav,2.841598639455782,0.0
praat6_cc_auto,studio_F1.wav,0.014931972789115473,0.0
praat6_cc_auto,studio_F1.wav,0.018265306122448807,0.0
praat6_cc_auto,studio_F1.wav,0.02159863945578214,0.0
praat6_cc_auto,studio_F1.wav,0.02493197278911547,0.0
praat6_cc_auto,studio_F1.wav,0.028265306122448805,0.0
praat6_cc_auto,studio_F1.wav,0.03159863945578214,0.0
praat6_cc_auto,studio_F1.wav,0.03493197278911547,0.0
praat6_cc_auto,studio_F1.wav,0.03826530612244881,0.0
praat6_cc_auto,studio_F1.wav,0.04159863945578214,0.0
praat6_cc_auto,studio_F1.wav,0.044931972789115475,0.0
praat6_cc_auto,studio_F1.wav,0.04826530612244881,0.0
praat6_cc_auto,studio_F1.wav,0.051598639455782136,0.0
praat6_cc_auto,studio_F1.wav,0.05493197278911548,0.0
praat6_cc_auto,studio_F1.wav,0.058265306122448804,0.0
praat6_cc_auto,studio_F1.wav,0.061598639455782145,0.0
praat6_cc_auto,studio_F1.wav,0.06493197278911547,0.0
praat6_cc_auto,studio_F1.wav,0.06826530612244881,0.0
praat6_cc_auto,studio_F1.wav,0.07159863945578214,0.0
praat6_cc_auto,studio_F1.wav,0.07493197278911548,0.0
praat6_cc_auto,studio_F1.wav,0.07826530612244881,0.0
praat6_cc_auto,studio_F1.wav,0.08159863945578213,0.0
praat6_cc_auto,studio_F1.wav,0.08493197278911548,0.0
praat6_cc_auto,studio_F1.wav,0.0882653061224488,0.0
praat6_cc_auto,studio_F1.wav,0.09159863945578214,0.0
praat6_cc_auto,studio_F1.wav,0.09493197278911547,0.0
praat6_cc_auto,studio_F1.wav,0.09826530612244881,0.0
praat6_cc_auto,studio_F1.wav,0.10159863945578214,0.0
praat6_cc_auto,studio_F1.wav,0.10493197278911548,0.0
praat6_cc_auto,studio_F1.wav,0.1082653061224488,0.0
praat6_cc_auto,studio_F1.wav,0.11159863945578215,0.0
praat6_cc_auto,studio_F1.wav,0.11493197278911547,0.0
praat6_cc_auto,studio_F1.wav,0.11826530612244882,0.0
praat6_cc_auto,studio_F1.wav,0.12159863945578214,0.0
praat6_cc_auto,studio_F1.wav,0.12493197278911547,0.0
praat6_cc_auto,studio_F1.wav,0.12826530612244882,0.0
praat6_cc_auto,studio_F1.wav,0.13159863945578215,0.0
praat6_cc_auto,studio_F1.wav,0.13493197278911548,0.0
praat6_cc_auto,studio_F1.wav,0.1382653061224488,0.0
praat6_cc_auto,studio_F1.wav,0.14159863945578216,0.0
praat6_cc_auto,studio_F1.wav,0.1449319727891155,0.0
praat6_cc_auto,studio_F1.wav,0.14826530612244881,0.0
praat6_cc_auto,studio_F1.wav,0.15159863945578217,0.0
praat6_cc_auto,studio_F1.wav,0.1549319727891155,0.0
praat6_cc_auto,studio_F1.wav,0.15826530612244882,0.0
praat6_cc_auto,studio_F1.wav,0.16159863945578215,0.0
praat6_cc_auto,studio_F1.wav,0.1649319727891155,0.0
praat6_cc_auto,studio_F1.wav,0.16826530612244883,0.0
praat6_cc_auto,studio_F1.wav,0.17159863945578216,0.0
praat6_cc_auto,studio_F1.wav,0.1749319727891155,0.0
praat6_cc_auto,studio_F1.wav,0.1782653061224488,0.0
praat6_cc_auto,studio_F1.wav,0.18159863945578217,0.0
praat6_cc_auto,studio_F1.wav,0.1849319727891155,0.0
praat6_cc_auto,studio_F1.wav,0.18826530612244882,0.0
praat6_cc_auto,studio_F1.wav,0.19159863945578215,0.0
praat6_cc_auto,studio_F1.wav,0.1949319727891155,0.0
praat6_cc_auto,studio_F1.wav,0.19826530612244883,0.0
praat6_cc_auto,studio_F1.wav,0.20159863945578216,0.0
praat6_cc_auto,studio_F1.wav,0.20493197278911549,0.0
praat6_cc_auto,studio_F1.wav,0.20826530612244884,0.0
praat6_cc_auto,studio_F1.wav,0.21159863945578217,0.0
praat6_cc_auto,studio_F1.wav,0.2149319727891155,0.0
praat6_cc_auto,studio_F1.wav,0.21826530612244882,0.0
praat6_cc_auto,studio_F1.wav,0.22159863945578218,0.0
praat6_cc_auto,studio_F1.wav,0.2249319727891155,0.0
praat6_cc_auto,studio_F1.wav,0.22826530612244883,0.0
praat6_cc_auto,studio_F1.wav,0.23159863945578216,0.0
praat6_cc_auto,studio_F1.wav,0.23493197278911548,0.0
praat6_cc_auto,studio_F1.wav,0.23826530612244884,0.0
praat6_cc_auto,studio_F1.wav,0.24159863945578217,0.0
praat6_cc_auto,studio_F1.wav,0.2449319727891155,0.0
praat6_cc_auto,studio_F1.wav,0.24826530612244882,0.0
praat6_cc_auto,studio_F1.wav,0.25159863945578215,0.0
praat6_cc_auto,studio_F1.wav,0.2549319727891155,0.0
praat6_cc_auto,studio_F1.wav,0.2582653061224488,0.0
praat6_cc_auto,studio_F1.wav,0.26159863945578216,0.0
praat6_cc_auto,studio_F1.wav,0.26493197278911546,0.0
praat6_cc_auto,studio_F1.wav,0.2682653061224488,0.0
praat6_cc_auto,studio_F1.wav,0.27159863945578216,0.0
praat6_cc_auto,studio_F1.wav,0.27493197278911546,0.0
praat6_cc_auto,studio_F1.wav,0.2782653061224488,0.0
praat6_cc_auto,studio_F1.wav,0.2815986394557821,0.0
praat6_cc_auto,studio_F1.wav,0.2849319727891155,0.0
praat6_cc_auto,studio_F1.wav,0.28826530612244883,0.0
praat6_cc_auto,studio_F1.wav,0.2915986394557821,0.0
praat6_cc_auto,studio_F1.wav,0.2949319727891155,0.0
praat6_cc_auto,studio_F1.wav,0.2982653061224488,0.0
praat6_cc_auto,studio_F1.wav,0.30159863945578214,0.0
praat6_cc_auto,studio_F1.wav,0.3049319727891155,0.0
praat6_cc_auto,studio_F1.wav,0.3082653061224488,0.0
praat6_cc_auto,studio_F1.wav,0.31159863945578214,0.0
praat6_cc_auto,studio_F1.wav,0.3149319727891155,0.0
praat6_cc_auto,studio_F1.wav,0.3182653061224488,0.0
praat6_cc_auto,studio_F1.wav,0.32159863945578215,0.0
praat6_cc_auto,studio_F1.wav,0.32493197278911545,0.0
praat6_cc_auto,studio_F1.wav,0.3282653061224488,0.0
praat6_cc_auto,studio_F1.wav,0.33159863945578216,0.0
praat6_cc_auto,studio_F1.wav,0.33493197278911546,0.0
praat6_cc_auto,studio_F1.wav,0.3382653061224488,0.0
praat6_cc_auto,studio_F1.wav,0.3415986394557821,0.0
praat6_cc_auto,studio_F1.wav,0.34493197278911547,0.0
praat6_cc_auto,studio_F1.wav,0.3482653061224488,0.0
praat6_cc_auto,studio_F1.wav,0.3515986394557821,0.0
praat6_cc_auto,studio_F1.wav,0.3549319727891155,0.0
praat6_cc_auto,studio_F1.wav,0.35826530612244883,0.0
praat6_cc_auto,studio_F1.wav,0.36159863945578213,0.0
praat6_cc_auto,studio_F1.wav,0.3649319727891155,0.0
praat6_cc_auto,studio_F1.wav,0.3682653061224488,0.0
praat6_cc_auto,studio_F1.wav,0.37159863945578214,0.0
praat6_cc_auto,studio_F1.wav,0.3749319727891155,0.0
praat6_cc_auto,studio_F1.wav,0.3782653061224488,0.0
praat6_cc_auto,studio_F1.wav,0.38159863945578215,0.0
praat6_cc_auto,studio_F1.wav,0.3849319727891155,0.0
praat6_cc_auto,studio_F1.wav,0.3882653061224488,0.0
praat6_cc_auto,studio_F1.wav,0.39159863945578216,0.0
praat6_cc_auto,studio_F1.wav,0.39493197278911546,0.0
praat6_cc_auto,studio_F1.wav,0.3982653061224488,0.0
praat6_cc_auto,studio_F1.wav,0.40159863945578217,0.0
praat6_cc_auto,studio_F1.wav,0.40493197278911547,0.0
praat6_cc_auto,studio_F1.wav,0.4082653061224488,0.0
praat6_cc_auto,studio_F1.wav,0.4115986394557821,0.0
praat6_cc_auto,studio_F1.wav,0.4149319727891155,0.0
praat6_cc_auto,studio_F1.wav,0.41826530612244883,0.0
praat6_cc_auto,studio_F1.wav,0.42159863945578213,0.0
praat6_cc_auto,studio_F1.wav,0.4249319727891155,0.0
praat6_cc_auto,studio_F1.wav,0.42826530612244884,0.0
praat6_cc_auto,studio_F1.wav,0.43159863945578214,0.0
praat6_cc_auto,studio_F1.wav,0.4349319727891155,0.0
praat6_cc_auto,studio_F1.wav,0.4382653061224488,0.0
praat6_cc_auto,studio_F1.wav,0.44159863945578215,0.0
praat6_cc_auto,studio_F1.wav,0.4449319727891155,0.0
praat6_cc_auto,studio_F1.wav,0.4482653061224488,0.0
praat6_cc_auto,studio_F1.wav,0.45159863945578216,0.0
praat6_cc_auto,studio_F1.wav,0.45493197278911546,0.0
praat6_cc_auto,studio_F1.wav,0.4582653061224488,0.0
praat6_cc_auto,studio_F1.wav,0.46159863945578217,0.0
praat6_cc_auto,studio_F1.wav,0.46493197278911547,0.0
praat6_cc_auto,studio_F1.wav,0.4682653061224488,0.0
praat6_cc_auto,studio_F1.wav,0.4715986394557822,0.0
praat6_cc_auto,studio_F1.wav,0.4749319727891155,0.0
praat6_cc_auto,studio_F1.wav,0.47826530612244883,0.0
praat6_cc_auto,studio_F1.wav,0.48159863945578213,0.0
praat6_cc_auto,studio_F1.wav,0.4849319727891155,0.0
praat6_cc_auto,studio_F1.wav,0.48826530612244884,0.0
praat6_cc_auto,studio_F1.wav,0.49159863945578214,0.0
praat6_cc_auto,studio_F1.wav,0.4949319727891155,0.0
praat6_cc_auto,studio_F1.wav,0.4982653061224488,0.0
praat6_cc_auto,studio_F1.wav,0.5015986394557822,0.0
praat6_cc_auto,studio_F1.wav,0.5049319727891155,0.0
praat6_cc_auto,studio_F1.wav,0.5082653061224488,0.0
praat6_cc_auto,studio_F1.wav,0.5115986394557822,0.0
praat6_cc_auto,studio_F1.wav,0.5149319727891155,0.0
praat6_cc_auto,studio_F1.wav,0.5182653061224489,0.0
praat6_cc_auto,studio_F1.wav,0.5215986394557822,0.0
praat6_cc_auto,studio_F1.wav,0.5249319727891155,0.0
praat6_cc_auto,studio_F1.wav,0.5282653061224489,0.0
praat6_cc_auto,studio_F1.wav,0.5315986394557822,0.0
praat6_cc_auto,studio_F1.wav,0.5349319727891155,0.0
praat6_cc_auto,studio_F1.wav,0.5382653061224488,0.0
praat6_cc_auto,studio_F1.wav,0.5415986394557822,0.0
praat6_cc_auto,studio_F1.wav,0.5449319727891155,0.0
praat6_cc_auto,studio_F1.wav,0.5482653061224488,0.0
praat6_cc_auto,studio_F1.wav,0.5515986394557822,0.0
praat6_cc_auto,studio_F1.wav,0.5549319727891155,0.0
praat6_cc_auto,studio_F1.wav,0.5582653061224488,0.0
praat6_cc_auto,studio_F1.wav,0.5615986394557823,0.0
praat6_cc_auto,studio_F1.wav,0.5649319727891156,0.0
praat6_cc_auto,studio_F1.wav,0.5682653061224489,0.0
praat6_cc_auto,studio_F1.wav,0.5715986394557823,0.0
praat6_cc_auto,studio_F1.wav,0.5749319727891156,0.0
praat6_cc_auto,studio_F1.wav,0.5782653061224489,0.0
praat6_cc_auto,studio_F1.wav,0.5815986394557822,0.0
praat6_cc_auto,studio_F1.wav,0.5849319727891156,0.0
praat6_cc_auto,studio_F1.wav,0.5882653061224489,0.0
praat6_cc_auto,studio_F1.wav,0.5915986394557822,0.0
praat6_cc_auto,studio_F1.wav,0.5949319727891156,0.0
praat6_cc_auto,studio_F1.wav,0.5982653061224489,0.0
praat6_cc_auto,studio_F1.wav,0.6015986394557822,0.0
praat6_cc_auto,studio_F1.wav,0.6049319727891156,0.0
praat6_cc_auto,studio_F1.wav,0.6082653061224489,0.0
praat6_cc_auto,studio_F1.wav,0.6115986394557822,0.0
praat6_cc_auto,studio_F1.wav,0.6149319727891156,0.0
praat6_cc_auto,studio_F1.wav,0.6182653061224489,0.0
praat6_cc_auto,studio_F1.wav,0.6215986394557822,0.0
praat6_cc_auto,studio_F1.wav,0.6249319727891155,0.0
praat6_cc_auto,studio_F1.wav,0.6282653061224489,0.0
praat6_cc_auto,studio_F1.wav,0.6315986394557822,0.0
praat6_cc_auto,studio_F1.wav,0.6349319727891155,0.0
praat6_cc_auto,studio_F1.wav,0.6382653061224489,0.0
praat6_cc_auto,studio_F1.wav,0.6415986394557822,0.0
praat6_cc_auto,studio_F1.wav,0.6449319727891155,0.0
praat6_cc_auto,studio_F1.wav,0.6482653061224489,0.0
praat6_cc_auto,studio_F1.wav,0.6515986394557822,0.0
praat6_cc_auto,studio_F1.wav,0.6549319727891155,0.0
praat6_cc_auto,studio_F1.wav,0.6582653061224489,0.0
praat6_cc_auto,studio_F1.wav,0.6615986394557822,0.0
praat6_cc_auto,studio_F1.wav,0.6649319727891155,0.0
praat6_cc_auto,studio_F1.wav,0.6682653061224488,0.0
praat6_cc_auto,studio_F1.wav,0.6715986394557822,0.0
praat6_cc_auto,studio_F1.wav,0.6749319727891155,0.0
praat6_cc_auto,studio_F1.wav,0.6782653061224488,0.0
praat6_cc_auto,studio_F1.wav,0.6815986394557823,0.0
praat6_cc_auto,studio_F1.wav,0.6849319727891156,0.0
praat6_cc_auto,studio_F1.wav,0.6882653061224488,0.0
praat6_cc_auto,studio_F1.wav,0.6915986394557823,0.0
praat6_cc_auto,studio_F1.wav,0.6949319727891156,0.0
praat6_cc_auto,studio_F1.wav,0.6982653061224489,264.8568296174284
praat6_cc_auto,studio_F1.wav,0.7015986394557823,268.38031807116295
praat6_cc_auto,studio_F1.wav,0.7049319727891156,269.80089100450317
praat6_cc_auto,studio_F1.wav,0.7082653061224489,270.2162007755015
praat6_cc_auto,studio_F1.wav,0.7115986394557822,271.1409613001524
praat6_cc_auto,studio_F1.wav,0.7149319727891156,269.3171739642229
praat6_cc_auto,studio_F1.wav,0.7182653061224489,268.26677444643377
praat6_cc_auto,studio_F1.wav,0.7215986394557822,267.46729156590044
praat6_cc_auto,studio_F1.wav,0.7249319727891156,265.74352830043
praat6_cc_auto,studio_F1.wav,0.7282653061224489,265.45564370399507
praat6_cc_auto,studio_F1.wav,0.7315986394557822,264.18246751418644
praat6_cc_auto,studio_F1.wav,0.7349319727891156,263.1353392687192
praat6_cc_auto,studio_F1.wav,0.7382653061224489,261.9274221622271
praat6_cc_auto,studio_F1.wav,0.7415986394557822,260.6167818245803
praat6_cc_auto,studio_F1.wav,0.7449319727891156,259.1016098194842
praat6_cc_auto,studio_F1.wav,0.7482653061224489,258.42562680854826
praat6_cc_auto,studio_F1.wav,0.7515986394557822,257.50502821736626
praat6_cc_auto,studio_F1.wav,0.7549319727891156,257.3612906699337
praat6_cc_auto,studio_F1.wav,0.7582653061224489,257.6885783829612
praat6_cc_auto,studio_F1.wav,0.7615986394557822,257.66990240663125
praat6_cc_auto,studio_F1.wav,0.7649319727891155,257.6171285188416
praat6_cc_auto,studio_F1.wav,0.7682653061224489,257.3505311161154
praat6_cc_auto,studio_F1.wav,0.7715986394557822,256.60191141806007
praat6_cc_auto,studio_F1.wav,0.7749319727891155,241.44593517364567
praat6_cc_auto,studio_F1.wav,0.7782653061224489,240.93623115145056
praat6_cc_auto,studio_F1.wav,0.7815986394557822,239.1925023142793
praat6_cc_auto,studio_F1.wav,0.7849319727891155,234.94136725499982
praat6_cc_auto,studio_F1.wav,0.7882653061224489,239.54257309041515
praat6_cc_auto,studio_F1.wav,0.7915986394557822,236.53655133101014
praat6_cc_auto,studio_F1.wav,0.7949319727891155,237.63336873227772
praat6_cc_auto,studio_F1.wav,0.798265306122449,240.57231489234252
praat6_cc_auto,studio_F1.wav,0.8015986394557822,242.16867763500315
praat6_cc_auto,studio_F1.wav,0.8049319727891155,244.65610015699994
praat6_cc_auto,studio_F1.wav,0.8082653061224488,246.0295239101552
praat6_cc_auto,studio_F1.wav,0.8115986394557823,247.1169484581496
praat6_cc_auto,studio_F1.wav,0.8149319727891156,247.5750497229388
praat6_cc_auto,studio_F1.wav,0.8182653061224489,247.7336841385841
praat6_cc_auto,studio_F1.wav,0.8215986394557823,247.65777850356307
praat6_cc_auto,studio_F1.wav,0.8249319727891156,247.39139016997973
praat6_cc_auto,studio_F1.wav,0.8282653061224489,247.07190497962674
praat6_cc_auto,studio_F1.wav,0.8315986394557823,246.71210961311957
praat6_cc_auto,studio_F1.wav,0.8349319727891156,246.33428638060147
praat6_cc_auto,studio_F1.wav,0.8382653061224489,246.11546215952012
praat6_cc_auto,studio_F1.wav,0.8415986394557823,245.8786527592211
praat6_cc_auto,studio_F1.wav,0.8449319727891156,245.57100848552417
praat6_cc_auto,studio_F1.wav,0.8482653061224489,245.57625199608626
praat6_cc_auto,studio_F1.wav,0.8515986394557822,245.46413542958985
praat6_cc_auto,studio_F1.wav,0.8549319727891156,245.31501344221076
praat6_cc_auto,studio_F1.wav,0.8582653061224489,245.0503215605435
praat6_cc_auto,studio_F1.wav,0.8615986394557822,244.5099596446762
praat6_cc_auto,studio_F1.wav,0.8649319727891156,244.23609394361617
praat6_cc_auto,studio_F1.wav,0.8682653061224489,243.74299876509963
praat6_cc_auto,studio_F1.wav,0.8715986394557822,243.33663501989625
praat6_cc_auto,studio_F1.wav,0.8749319727891156,242.87552196337404
praat6_cc_auto,studio_F1.wav,0.8782653061224489,242.21617601745956
praat6_cc_auto,studio_F1.wav,0.8815986394557822,241.57047140293687
praat6_cc_auto,studio_F1.wav,0.8849319727891156,240.89813344185274
praat6_cc_auto,studio_F1.wav,0.8882653061224489,240.49556982617065
praat6_cc_auto,studio_F1.wav,0.8915986394557822,239.98217510578053
praat6_cc_auto,studio_F1.wav,0.8949319727891155,239.39399474972976
praat6_cc_auto,studio_F1.wav,0.8982653061224489,237.92553630070657
praat6_cc_auto,studio_F1.wav,0.9015986394557822,235.51626051440385
praat6_cc_auto,studio_F1.wav,0.9049319727891155,232.85707079073708
praat6_cc_auto,studio_F1.wav,0.9082653061224489,230.5181899350595
praat6_cc_auto,studio_F1.wav,0.9115986394557822,226.13321650597499
praat6_cc_auto,studio_F1.wav,0.9149319727891155,222.50066855592067
praat6_cc_auto,studio_F1.wav,0.9182653061224489,222.48407589864465
praat6_cc_auto,studio_F1.wav,0.9215986394557822,222.57864281762508
praat6_cc_auto,studio_F1.wav,0.9249319727891155,223.742496994678
praat6_cc_auto,studio_F1.wav,0.928265306122449,224.19983401378957
praat6_cc_auto,studio_F1.wav,0.9315986394557823,224.57970921865228
praat6_cc_auto,studio_F1.wav,0.9349319727891156,225.19355553924942
praat6_cc_auto,studio_F1.wav,0.9382653061224488,225.96626842729233
praat6_cc_auto,studio_F1.wav,0.9415986394557823,227.32670535870577
praat6_cc_auto,studio_F1.wav,0.9449319727891156,230.07206363825873
praat6_cc_auto,studio_F1.wav,0.9482653061224489,231.80234162829802
praat6_cc_auto,studio_F1.wav,0.9515986394557823,233.3419160641625
praat6_cc_auto,studio_F1.wav,0.9549319727891156,236.3839657660563
praat6_cc_auto,studio_F1.wav,0.9582653061224489,240.11916384277907
praat6_cc_auto,studio_F1.wav,0.9615986394557823,247.56900691458122
praat6_cc_auto,studio_F1.wav,0.9649319727891156,250.4640863418516
praat6_cc_auto,studio_F1.wav,0.9682653061224489,252.26051616550654
praat6_cc_auto,studio_F1.wav,0.9715986394557823,252.46019973857995
praat6_cc_auto,studio_F1.wav,0.9749319727891156,252.78908658080027
praat6_cc_auto,studio_F1.wav,0.9782653061224489,253.021399137707
praat6_cc_auto,studio_F1.wav,0.9815986394557822,253.04752572534804
praat6_cc_auto,studio_F1.wav,0.9849319727891156,253.07623591229623
praat6_cc_auto,studio_F1.wav,0.9882653061224489,252.4802624985101
praat6_cc_auto,studio_F1.wav,0.9915986394557822,251.17270684912748
praat6_cc_auto,studio_F1.wav,0.9949319727891156,247.49322162967425
praat6_cc_auto,studio_F1.wav,0.9982653061224489,243.0094853414806
praat6_cc_auto,studio_F1.wav,1.001598639455782,241.05041018758243
praat6_cc_auto,studio_F1.wav,1.0049319727891155,0.0
praat6_cc_auto,studio_F1.wav,1.008265306122449,0.0
praat6_cc_auto,studio_F1.wav,1.011598639455782,0.0
praat6_cc_auto,studio_F1.wav,1.0149319727891155,263.7437410120349
praat6_cc_auto,studio_F1.wav,1.018265306122449,269.548334201841
praat6_cc_auto,studio_F1.wav,1.0215986394557823,272.00502450526835
praat6_cc_auto,studio_F1.wav,1.0249319727891155,274.7615420690176
praat6_cc_auto,studio_F1.wav,1.028265306122449,277.1760852006719
praat6_cc_auto,studio_F1.wav,1.0315986394557823,278.759525151363
praat6_cc_auto,studio_F1.wav,1.0349319727891155,280.87947940217737
praat6_cc_auto,studio_F1.wav,1.038265306122449,283.2708743531074
praat6_cc_auto,studio_F1.wav,1.0415986394557823,285.2580954237703
praat6_cc_auto,studio_F1.wav,1.0449319727891155,287.04594796076174
praat6_cc_auto,studio_F1.wav,1.048265306122449,288.8607278057096
praat6_cc_auto,studio_F1.wav,1.0515986394557821,290.5086211256785
praat6_cc_auto,studio_F1.wav,1.0549319727891155,291.99262860149395
praat6_cc_auto,studio_F1.wav,1.058265306122449,293.25745680445414
praat6_cc_auto,studio_F1.wav,1.0615986394557821,293.8481160272454
praat6_cc_auto,studio_F1.wav,1.0649319727891156,294.02308514236665
praat6_cc_auto,studio_F1.wav,1.068265306122449,292.9726184612331
praat6_cc_auto,studio_F1.wav,1.0715986394557822,290.52614136379856
praat6_cc_auto,studio_F1.wav,1.0749319727891156,288.1691997831431
praat6_cc_auto,studio_F1.wav,1.078265306122449,282.44092766292056
praat6_cc_auto,studio_F1.wav,1.0815986394557822,277.75041774924466
praat6_cc_auto,studio_F1.wav,1.0849319727891156,288.45247635779793
praat6_cc_auto,studio_F1.wav,1.088265306122449,279.55133133899903
praat6_cc_auto,studio_F1.wav,1.0915986394557822,0.0
praat6_cc_auto,studio_F1.wav,1.0949319727891156,0.0
praat6_cc_auto,studio_F1.wav,1.098265306122449,0.0
praat6_cc_auto,studio_F1.wav,1.1015986394557822,0.0
praat6_cc_auto,studio_F1.wav,1.1049319727891156,0.0
praat6_cc_auto,studio_F1.wav,1.108265306122449,0.0
praat6_cc_auto,studio_F1.wav,1.1115986394557822,0.0
praat6_cc_auto,studio_F1.wav,1.1149319727891156,0.0
praat6_cc_auto,studio_F1.wav,1.118265306122449,0.0
praat6_cc_auto,studio_F1.wav,1.1215986394557822,0.0
praat6_cc_auto,studio_F1.wav,1.1249319727891156,0.0
praat6_cc_auto,studio_F1.wav,1.128265306122449,0.0
praat6_cc_auto,studio_F1.wav,1.1315986394557822,299.1977182219954
praat6_cc_auto,studio_F1.wav,1.1349319727891156,289.44359943981385
praat6_cc_auto,studio_F1.wav,1.1382653061224488,284.0043685509192
praat6_cc_auto,studio_F1.wav,1.1415986394557822,277.4999197852437
praat6_cc_auto,studio_F1.wav,1.1449319727891156,272.17654581870323
praat6_cc_auto,studio_F1.wav,1.1482653061224488,265.94545215389127
praat6_cc_auto,studio_F1.wav,1.1515986394557822,258.6521645763621
praat6_cc_auto,studio_F1.wav,1.1549319727891156,253.82545580820846
praat6_cc_auto,studio_F1.wav,1.1582653061224488,251.6001167066068
praat6_cc_auto,studio_F1.wav,1.1615986394557822,250.4505314791964
praat6_cc_auto,studio_F1.wav,1.1649319727891156,249.18598914529645
praat6_cc_auto,studio_F1.wav,1.1682653061224488,247.96650706507523
praat6_cc_auto,studio_F1.wav,1.1715986394557822,246.7485473334498
praat6_cc_auto,studio_F1.wav,1.1749319727891157,245.17255256589036
praat6_cc_auto,studio_F1.wav,1.1782653061224488,244.1642699786849
praat6_cc_auto,studio_F1.wav,1.1815986394557823,244.7117401434098
praat6_cc_auto,studio_F1.wav,1.1849319727891157,245.2511887754449
praat6_cc_auto,studio_F1.wav,1.1882653061224488,245.60550149899444
praat6_cc_auto,studio_F1.wav,1.1915986394557823,245.73437432619716
praat6_cc_auto,studio_F1.wav,1.1949319727891157,246.34980477315034
praat6_cc_auto,studio_F1.wav,1.1982653061224489,247.80357185625695
praat6_cc_auto,studio_F1.wav,1.2015986394557823,223.1934259366135
praat6_cc_auto,studio_F1.wav,1.2049319727891157,241.56558956631775
praat6_cc_auto,studio_F1.wav,1.2082653061224489,236.23575874506358
praat6_cc_auto,studio_F1.wav,1.2115986394557823,0.0
praat6_cc_auto,studio_F1.wav,1.2149319727891157,0.0
praat6_cc_auto,studio_F1.wav,1.2182653061224489,0.0
praat6_cc_auto,studio_F1.wav,1.2215986394557823,0.0
praat6_cc_auto,studio_F1.wav,1.2249319727891157,0.0
praat6_cc_auto,studio_F1.wav,1.2282653061224489,0.0
praat6_cc_auto,studio_F1.wav,1.2315986394557823,0.0
praat6_cc_auto,studio_F1.wav,1.2349319727891155,0.0
praat6_cc_auto,studio_F1.wav,1.238265306122449,0.0
praat6_cc_auto,studio_F1.wav,1.2415986394557823,0.0
praat6_cc_auto,studio_F1.wav,1.2449319727891155,0.0
praat6_cc_auto,studio_F1.wav,1.248265306122449,0.0
praat6_cc_auto,studio_F1.wav,1.2515986394557823,0.0
praat6_cc_auto,studio_F1.wav,1.2549319727891155,0.0
praat6_cc_auto,studio_F1.wav,1.258265306122449,0.0
praat6_cc_auto,studio_F1.wav,1.2615986394557823,0.0
praat6_cc_auto,studio_F1.wav,1.2649319727891155,0.0
praat6_cc_auto,studio_F1.wav,1.268265306122449,0.0
praat6_cc_auto,studio_F1.wav,1.2715986394557823,315.4040112181354
praat6_cc_auto,studio_F1.wav,1.2749319727891155,316.22852267672744
praat6_cc_auto,studio_F1.wav,1.278265306122449,316.9081517834758
praat6_cc_auto,studio_F1.wav,1.2815986394557823,314.26126432565377
praat6_cc_auto,studio_F1.wav,1.2849319727891155,313.31587208817115
praat6_cc_auto,studio_F1.wav,1.288265306122449,314.34803614122245
praat6_cc_auto,studio_F1.wav,1.2915986394557823,315.53072110387836
praat6_cc_auto,studio_F1.wav,1.2949319727891155,318.15398178367633
praat6_cc_auto,studio_F1.wav,1.298265306122449,319.5571745895518
praat6_cc_auto,studio_F1.wav,1.3015986394557824,319.4798851459076
praat6_cc_auto,studio_F1.wav,1.3049319727891155,319.2408651927768
praat6_cc_auto,studio_F1.wav,1.308265306122449,317.35340999536874
praat6_cc_auto,studio_F1.wav,1.3115986394557824,314.6287152837371
praat6_cc_auto,studio_F1.wav,1.3149319727891156,311.2262992978011
praat6_cc_auto,studio_F1.wav,1.318265306122449,307.7534852029012
praat6_cc_auto,studio_F1.wav,1.3215986394557822,303.9838448311007
praat6_cc_auto,studio_F1.wav,1.3249319727891156,300.86633665332477
praat6_cc_auto,studio_F1.wav,1.328265306122449,295.38020676465646
praat6_cc_auto,studio_F1.wav,1.3315986394557822,289.72160774952044
praat6_cc_auto,studio_F1.wav,1.3349319727891156,283.98980012543643
praat6_cc_auto,studio_F1.wav,1.338265306122449,277.5138214388179
praat6_cc_auto,studio_F1.wav,1.3415986394557822,274.4818388204953
praat6_cc_auto,studio_F1.wav,1.3449319727891156,269.77541440242356
praat6_cc_auto,studio_F1.wav,1.348265306122449,261.91778345591575
praat6_cc_auto,studio_F1.wav,1.3515986394557822,255.4008205408128
praat6_cc_auto,studio_F1.wav,1.3549319727891156,249.4351254402556
praat6_cc_auto,studio_F1.wav,1.358265306122449,242.3502764321496
praat6_cc_auto,studio_F1.wav,1.3615986394557822,236.88249540096234
praat6_cc_auto,studio_F1.wav,1.3649319727891156,231.2564910507289
praat6_cc_auto,studio_F1.wav,1.368265306122449,230.18949652445454
praat6_cc_auto,studio_F1.wav,1.3715986394557822,225.60004094684712
praat6_cc_auto,studio_F1.wav,1.3749319727891156,220.69125531805798
praat6_cc_auto,studio_F1.wav,1.378265306122449,216.21006283529883
praat6_cc_auto,studio_F1.wav,1.3815986394557822,214.41189719009068
praat6_cc_auto,studio_F1.wav,1.3849319727891156,211.39085446932472
praat6_cc_auto,studio_F1.wav,1.388265306122449,208.08417305686893
praat6_cc_auto,studio_F1.wav,1.3915986394557822,206.3315757577524
praat6_cc_auto,studio_F1.wav,1.3949319727891156,204.0083299778461
praat6_cc_auto,studio_F1.wav,1.398265306122449,201.8768122394427
praat6_cc_auto,studio_F1.wav,1.4015986394557822,200.5998086816746
praat6_cc_auto,studio_F1.wav,1.4049319727891156,199.77094465674782
praat6_cc_auto,studio_F1.wav,1.4082653061224488,198.35881075319116
praat6_cc_auto,studio_F1.wav,1.4115986394557822,197.37061045104284
praat6_cc_auto,studio_F1.wav,1.4149319727891156,196.22302795358354
praat6_cc_auto,studio_F1.wav,1.4182653061224488,194.49370973241474
praat6_cc_auto,studio_F1.wav,1.4215986394557822,191.47829983089898
praat6_cc_auto,studio_F1.wav,1.4249319727891157,191.46586372375754
praat6_cc_auto,studio_F1.wav,1.4282653061224488,189.3178478260908
praat6_cc_auto,studio_F1.wav,1.4315986394557823,198.904039304246
praat6_cc_auto,studio_F1.wav,1.4349319727891157,200.7195562871155
praat6_cc_auto,studio_F1.wav,1.4382653061224488,201.16521691770657
praat6_cc_auto,studio_F1.wav,1.4415986394557823,200.99104048676378
praat6_cc_auto,studio_F1.wav,1.4449319727891157,202.34151546082958
praat6_cc_auto,studio_F1.wav,1.4482653061224489,202.67183501166502
praat6_cc_auto,studio_F1.wav,1.4515986394557823,203.67926308879967
praat6_cc_auto,studio_F1.wav,1.4549319727891157,204.0739007168462
praat6_cc_auto,studio_F1.wav,1.4582653061224489,204.31993065052637
praat6_cc_auto,studio_F1.wav,1.4615986394557823,204.7867986581123
praat6_cc_auto,studio_F1.wav,1.4649319727891157,206.02515031580063
praat6_cc_auto,studio_F1.wav,1.4682653061224489,207.8706310589862
praat6_cc_auto,studio_F1.wav,1.4715986394557823,209.64513986893513
praat6_cc_auto,studio_F1.wav,1.4749319727891157,210.95726093423374
praat6_cc_auto,studio_F1.wav,1.4782653061224489,212.57793483124297
praat6_cc_auto,studio_F1.wav,1.4815986394557823,213.62403718887714
praat6_cc_auto,studio_F1.wav,1.4849319727891157,214.288054981043
praat6_cc_auto,studio_F1.wav,1.488265306122449,215.51222111716973
praat6_cc_auto,studio_F1.wav,1.4915986394557823,219.2143904820237
praat6_cc_auto,studio_F1.wav,1.4949319727891157,220.22318361850085
praat6_cc_auto,studio_F1.wav,1.498265306122449,222.6076582703343
praat6_cc_auto,studio_F1.wav,1.5015986394557823,220.06342803441493
praat6_cc_auto,studio_F1.wav,1.5049319727891155,218.1767740713619
praat6_cc_auto,studio_F1.wav,1.508265306122449,217.75126048160777
praat6_cc_auto,studio_F1.wav,1.5115986394557823,216.3124295676369
praat6_cc_auto,studio_F1.wav,1.5149319727891155,215.36126694271772
praat6_cc_auto,studio_F1.wav,1.518265306122449,214.5627376004717
praat6_cc_auto,studio_F1.wav,1.5215986394557823,214.08024304022967
praat6_cc_auto,studio_F1.wav,1.5249319727891155,212.89421595454726
praat6_cc_auto,studio_F1.wav,1.528265306122449,211.64908860664204
praat6_cc_auto,studio_F1.wav,1.5315986394557823,210.7685491004733
praat6_cc_auto,studio_F1.wav,1.5349319727891155,210.02308804199805
praat6_cc_auto,studio_F1.wav,1.538265306122449,208.66611008795385
praat6_cc_auto,studio_F1.wav,1.5415986394557823,207.78596930835104
praat6_cc_auto,studio_F1.wav,1.5449319727891155,206.8069202421589
praat6_cc_auto,studio_F1.wav,1.548265306122449,205.0997270428608
praat6_cc_auto,studio_F1.wav,1.5515986394557824,203.69383862396555
praat6_cc_auto,studio_F1.wav,1.5549319727891155,203.22407461142132
praat6_cc_auto,studio_F1.wav,1.558265306122449,200.23377819147117
praat6_cc_auto,studio_F1.wav,1.5615986394557824,193.2601240200707
praat6_cc_auto,studio_F1.wav,1.5649319727891156,194.32215934391746
praat6_cc_auto,studio_F1.wav,1.568265306122449,197.87802360075565
praat6_cc_auto,studio_F1.wav,1.5715986394557824,198.3439005738825
praat6_cc_auto,studio_F1.wav,1.5749319727891156,199.43759862784992
praat6_cc_auto,studio_F1.wav,1.578265306122449,200.33791013215458
praat6_cc_auto,studio_F1.wav,1.5815986394557824,200.24858112568896
praat6_cc_auto,studio_F1.wav,1.5849319727891156,199.4359820803168
praat6_cc_auto,studio_F1.wav,1.588265306122449,198.33522776082376
praat6_cc_auto,studio_F1.wav,1.5915986394557822,197.46575113996656
praat6_cc_auto,studio_F1.wav,1.5949319727891156,196.84826096148188
praat6_cc_auto,studio_F1.wav,1.598265306122449,196.16688769468362
praat6_cc_auto,studio_F1.wav,1.6015986394557822,195.8347779556259
praat6_cc_auto,studio_F1.wav,1.6049319727891156,196.00838768785468
praat6_cc_auto,studio_F1.wav,1.608265306122449,196.18671891753903
praat6_cc_auto,studio_F1.wav,1.6115986394557822,196.62326601596513
praat6_cc_auto,studio_F1.wav,1.6149319727891156,196.66692296672187
praat6_cc_auto,studio_F1.wav,1.618265306122449,196.72100822994528
praat6_cc_auto,studio_F1.wav,1.6215986394557822,195.16239220373117
praat6_cc_auto,studio_F1.wav,1.6249319727891156,192.81825223963392
praat6_cc_auto,studio_F1.wav,1.628265306122449,190.86715988427065
praat6_cc_auto,studio_F1.wav,1.6315986394557822,186.93601052970865
praat6_cc_auto,studio_F1.wav,1.6349319727891156,180.27977526655292
praat6_cc_auto,studio_F1.wav,1.638265306122449,178.85492701369193
praat6_cc_auto,studio_F1.wav,1.6415986394557822,173.6239189760923
praat6_cc_auto,studio_F1.wav,1.6449319727891156,177.89346011690975
praat6_cc_auto,studio_F1.wav,1.648265306122449,0.0
praat6_cc_auto,studio_F1.wav,1.6515986394557822,0.0
praat6_cc_auto,studio_F1.wav,1.6549319727891156,0.0
praat6_cc_auto,studio_F1.wav,1.658265306122449,0.0
praat6_cc_auto,studio_F1.wav,1.6615986394557822,0.0
praat6_cc_auto,studio_F1.wav,1.6649319727891156,0.0
praat6_cc_auto,studio_F1.wav,1.668265306122449,0.0
praat6_cc_auto,studio_F1.wav,1.6715986394557822,0.0
praat6_cc_auto,studio_F1.wav,1.6749319727891157,0.0
praat6_cc_auto,studio_F1.wav,1.6782653061224488,0.0
praat6_cc_auto,studio_F1.wav,1.6815986394557823,0.0
praat6_cc_auto,studio_F1.wav,1.6849319727891157,0.0
praat6_cc_auto,studio_F1.wav,1.6882653061224488,0.0
praat6_cc_auto,studio_F1.wav,1.6915986394557823,0.0
praat6_cc_auto,studio_F1.wav,1.6949319727891157,0.0
praat6_cc_auto,studio_F1.wav,1.6982653061224489,0.0
praat6_cc_auto,studio_F1.wav,1.7015986394557823,0.0
praat6_cc_auto,studio_F1.wav,1.7049319727891157,254.14062319605478
praat6_cc_auto,studio_F1.wav,1.7082653061224489,259.3059754929995
praat6_cc_auto,studio_F1.wav,1.7115986394557823,246.43926021267754
praat6_cc_auto,studio_F1.wav,1.7149319727891157,240.4292485286984
praat6_cc_auto,studio_F1.wav,1.7182653061224489,237.45245496265642
praat6_cc_auto,studio_F1.wav,1.7215986394557823,235.90253541815918
praat6_cc_auto,studio_F1.wav,1.7249319727891157,233.81334772805175
praat6_cc_auto,studio_F1.wav,1.7282653061224489,231.56450029483344
praat6_cc_auto,studio_F1.wav,1.7315986394557823,229.45988961573082
praat6_cc_auto,studio_F1.wav,1.7349319727891157,227.94491271662395
praat6_cc_auto,studio_F1.wav,1.738265306122449,227.2775173390337
praat6_cc_auto,studio_F1.wav,1.7415986394557823,225.62823659676866
praat6_cc_auto,studio_F1.wav,1.7449319727891157,224.27661420760927
praat6_cc_auto,studio_F1.wav,1.748265306122449,222.90251099280442
praat6_cc_auto,studio_F1.wav,1.7515986394557823,221.6302316424566
praat6_cc_auto,studio_F1.wav,1.7549319727891157,0.0
praat6_cc_auto,studio_F1.wav,1.758265306122449,0.0
praat6_cc_auto,studio_F1.wav,1.7615986394557823,0.0
praat6_cc_auto,studio_F1.wav,1.7649319727891157,0.0
praat6_cc_auto,studio_F1.wav,1.768265306122449,0.0
praat6_cc_auto,studio_F1.wav,1.7715986394557823,0.0
praat6_cc_auto,studio_F1.wav,1.7749319727891155,0.0
praat6_cc_auto,studio_F1.wav,1.778265306122449,0.0
praat6_cc_auto,studio_F1.wav,1.7815986394557823,0.0
praat6_cc_auto,studio_F1.wav,1.7849319727891155,0.0
praat6_cc_auto,studio_F1.wav,1.788265306122449,0.0
praat6_cc_auto,studio_F1.wav,1.7915986394557823,104.74227383889686
praat6_cc_auto,studio_F1.wav,1.7949319727891155,104.0216551409732
praat6_cc_auto,studio_F1.wav,1.798265306122449,110.49102792123337
praat6_cc_auto,studio_F1.wav,1.8015986394557824,111.56419407591784
praat6_cc_auto,studio_F1.wav,1.8049319727891155,112.59502648229206
praat6_cc_auto,studio_F1.wav,1.808265306122449,172.69494868290724
praat6_cc_auto,studio_F1.wav,1.8115986394557824,177.04631158217595
praat6_cc_auto,studio_F1.wav,1.8149319727891156,184.25420878360293
praat6_cc_auto,studio_F1.wav,1.818265306122449,187.7121481357994
praat6_cc_auto,studio_F1.wav,1.8215986394557824,196.83670820191458
praat6_cc_auto,studio_F1.wav,1.8249319727891156,199.18820804568554
praat6_cc_auto,studio_F1.wav,1.828265306122449,199.50498883219433
praat6_cc_auto,studio_F1.wav,1.8315986394557824,194.6525078735958
praat6_cc_auto,studio_F1.wav,1.8349319727891156,190.9699973911127
praat6_cc_auto,studio_F1.wav,1.838265306122449,194.86879929407397
praat6_cc_auto,studio_F1.wav,1.8415986394557824,194.9543022972721
praat6_cc_auto,studio_F1.wav,1.8449319727891156,199.4301297462031
praat6_cc_auto,studio_F1.wav,1.848265306122449,0.0
praat6_cc_auto,studio_F1.wav,1.8515986394557824,0.0
praat6_cc_auto,studio_F1.wav,1.8549319727891156,0.0
praat6_cc_auto,studio_F1.wav,1.858265306122449,0.0
praat6_cc_auto,studio_F1.wav,1.8615986394557822,0.0
praat6_cc_auto,studio_F1.wav,1.8649319727891156,0.0
praat6_cc_auto,studio_F1.wav,1.868265306122449,0.0
praat6_cc_auto,studio_F1.wav,1.8715986394557822,0.0
praat6_cc_auto,studio_F1.wav,1.8749319727891156,0.0
praat6_cc_auto,studio_F1.wav,1.878265306122449,0.0
praat6_cc_auto,studio_F1.wav,1.8815986394557822,0.0
praat6_cc_auto,studio_F1.wav,1.8849319727891156,0.0
praat6_cc_auto,studio_F1.wav,1.888265306122449,0.0
praat6_cc_auto,studio_F1.wav,1.8915986394557822,0.0
praat6_cc_auto,studio_F1.wav,1.8949319727891156,0.0
praat6_cc_auto,studio_F1.wav,1.898265306122449,0.0
praat6_cc_auto,studio_F1.wav,1.9015986394557822,0.0
praat6_cc_auto,studio_F1.wav,1.9049319727891156,0.0
praat6_cc_auto,studio_F1.wav,1.908265306122449,0.0
praat6_cc_auto,studio_F1.wav,1.9115986394557822,0.0
praat6_cc_auto,studio_F1.wav,1.9149319727891156,0.0
praat6_cc_auto,studio_F1.wav,1.918265306122449,0.0
praat6_cc_auto,studio_F1.wav,1.9215986394557822,230.26330563880705
praat6_cc_auto,studio_F1.wav,1.9249319727891157,231.17562684215193
praat6_cc_auto,studio_F1.wav,1.928265306122449,226.75435487915797
praat6_cc_auto,studio_F1.wav,1.9315986394557823,223.25108913145095
praat6_cc_auto,studio_F1.wav,1.9349319727891157,218.19264567684667
praat6_cc_auto,studio_F1.wav,1.938265306122449,217.5537466516423
praat6_cc_auto,studio_F1.wav,1.9415986394557823,214.51544123320153
praat6_cc_auto,studio_F1.wav,1.9449319727891157,212.4195946494211
praat6_cc_auto,studio_F1.wav,1.9482653061224489,211.03194924426413
praat6_cc_auto,studio_F1.wav,1.9515986394557823,209.59742425959737
praat6_cc_auto,studio_F1.wav,1.9549319727891157,208.70638816727705
praat6_cc_auto,studio_F1.wav,1.9582653061224489,208.20847316684075
praat6_cc_auto,studio_F1.wav,1.9615986394557823,207.70391247283655
praat6_cc_auto,studio_F1.wav,1.9649319727891157,207.46195428805774
praat6_cc_auto,studio_F1.wav,1.9682653061224489,207.20722362747796
praat6_cc_auto,studio_F1.wav,1.9715986394557823,207.21350247903536
praat6_cc_auto,studio_F1.wav,1.9749319727891157,206.35680253368943
praat6_cc_auto,studio_F1.wav,1.9782653061224489,205.26217806170075
praat6_cc_auto,studio_F1.wav,1.9815986394557823,204.29507437431698
praat6_cc_auto,studio_F1.wav,1.9849319727891157,203.80506142208563
praat6_cc_auto,studio_F1.wav,1.988265306122449,202.78563727633875
praat6_cc_auto,studio_F1.wav,1.9915986394557823,202.18454338978083
praat6_cc_auto,studio_F1.wav,1.9949319727891157,201.27879902207508
praat6_cc_auto,studio_F1.wav,1.998265306122449,200.2403324486069
praat6_cc_auto,studio_F1.wav,2.001598639455782,200.02468737159418
praat6_cc_auto,studio_F1.wav,2.0049319727891155,199.49987889165303
praat6_cc_auto,studio_F1.wav,2.008265306122449,199.44966044589623
praat6_cc_auto,studio_F1.wav,2.0115986394557823,199.15895562395536
praat6_cc_auto,studio_F1.wav,2.0149319727891153,198.2347823226346
praat6_cc_auto,studio_F1.wav,2.0182653061224487,198.06581545583933
praat6_cc_auto,studio_F1.wav,2.021598639455782,197.53355114933336
praat6_cc_auto,studio_F1.wav,2.0249319727891155,196.81609619399936
praat6_cc_auto,studio_F1.wav,2.028265306122449,196.65585147607894
praat6_cc_auto,studio_F1.wav,2.031598639455782,195.91535661016198
praat6_cc_auto,studio_F1.wav,2.0349319727891153,195.45832813933686
praat6_cc_auto,studio_F1.wav,2.0382653061224487,195.1025846478232
praat6_cc_auto,studio_F1.wav,2.041598639455782,194.88006643083156
praat6_cc_auto,studio_F1.wav,2.0449319727891155,193.92537530850802
praat6_cc_auto,studio_F1.wav,2.048265306122449,193.2648562127853
praat6_cc_auto,studio_F1.wav,2.051598639455782,192.15636235920093
praat6_cc_auto,studio_F1.wav,2.0549319727891153,191.56340642794794
praat6_cc_auto,studio_F1.wav,2.0582653061224487,190.87436571074704
praat6_cc_auto,studio_F1.wav,2.061598639455782,190.34314515223753
praat6_cc_auto,studio_F1.wav,2.0649319727891156,189.56106793071652
praat6_cc_auto,studio_F1.wav,2.068265306122449,189.94087841728637
praat6_cc_auto,studio_F1.wav,2.071598639455782,190.30873025203886
praat6_cc_auto,studio_F1.wav,2.0749319727891153,190.38629566168203
praat6_cc_auto,studio_F1.wav,2.0782653061224488,190.03205090662593
praat6_cc_auto,studio_F1.wav,2.081598639455782,188.77942243622707
praat6_cc_auto,studio_F1.wav,2.0849319727891156,188.1482339366342
praat6_cc_auto,studio_F1.wav,2.0882653061224485,187.8527673507462
praat6_cc_auto,studio_F1.wav,2.091598639455782,187.47793142541013
praat6_cc_auto,studio_F1.wav,2.0949319727891154,187.16415939911602
praat6_cc_auto,studio_F1.wav,2.0982653061224488,186.91850212517906
praat6_cc_auto,studio_F1.wav,2.101598639455782,186.65146430259193
praat6_cc_auto,studio_F1.wav,2.1049319727891156,186.0351946083852
praat6_cc_auto,studio_F1.wav,2.1082653061224486,185.53456697709854
praat6_cc_auto,studio_F1.wav,2.111598639455782,183.51098827209984
praat6_cc_auto,studio_F1.wav,2.1149319727891154,182.89873825698874
praat6_cc_auto,studio_F1.wav,2.118265306122449,182.0607868207276
praat6_cc_auto,studio_F1.wav,2.121598639455782,180.22468672016555
praat6_cc_auto,studio_F1.wav,2.1249319727891156,178.07662576812572
praat6_cc_auto,studio_F1.wav,2.1282653061224486,176.39016501215067
praat6_cc_auto,studio_F1.wav,2.131598639455782,175.77144987837906
praat6_cc_auto,studio_F1.wav,2.1349319727891154,173.0303955530216
praat6_cc_auto,studio_F1.wav,2.138265306122449,169.45973228504903
praat6_cc_auto,studio_F1.wav,2.141598639455782,166.77701542626482
praat6_cc_auto,studio_F1.wav,2.1449319727891156,164.4256688820779
praat6_cc_auto,studio_F1.wav,2.1482653061224486,0.0
praat6_cc_auto,studio_F1.wav,2.151598639455782,0.0
praat6_cc_auto,studio_F1.wav,2.1549319727891154,0.0
praat6_cc_auto,studio_F1.wav,2.158265306122449,0.0
praat6_cc_auto,studio_F1.wav,2.1615986394557822,0.0
praat6_cc_auto,studio_F1.wav,2.1649319727891156,0.0
praat6_cc_auto,studio_F1.wav,2.1682653061224486,0.0
praat6_cc_auto,studio_F1.wav,2.171598639455782,0.0
praat6_cc_auto,studio_F1.wav,2.1749319727891154,0.0
praat6_cc_auto,studio_F1.wav,2.178265306122449,0.0
praat6_cc_auto,studio_F1.wav,2.1815986394557823,0.0
praat6_cc_auto,studio_F1.wav,2.184931972789115,0.0
praat6_cc_auto,studio_F1.wav,2.1882653061224486,0.0
praat6_cc_auto,studio_F1.wav,2.191598639455782,0.0
praat6_cc_auto,studio_F1.wav,2.1949319727891154,0.0
praat6_cc_auto,studio_F1.wav,2.198265306122449,0.0
praat6_cc_auto,studio_F1.wav,2.2015986394557823,0.0
praat6_cc_auto,studio_F1.wav,2.2049319727891152,0.0
praat6_cc_auto,studio_F1.wav,2.2082653061224486,0.0
praat6_cc_auto,studio_F1.wav,2.211598639455782,0.0
praat6_cc_auto,studio_F1.wav,2.2149319727891155,0.0
praat6_cc_auto,studio_F1.wav,2.218265306122449,0.0
praat6_cc_auto,studio_F1.wav,2.2215986394557823,0.0
praat6_cc_auto,studio_F1.wav,2.2249319727891153,0.0
praat6_cc_auto,studio_F1.wav,2.2282653061224487,0.0
praat6_cc_auto,studio_F1.wav,2.231598639455782,0.0
praat6_cc_auto,studio_F1.wav,2.2349319727891155,0.0
praat6_cc_auto,studio_F1.wav,2.238265306122449,0.0
praat6_cc_auto,studio_F1.wav,2.2415986394557823,0.0
praat6_cc_auto,studio_F1.wav,2.2449319727891153,0.0
praat6_cc_auto,studio_F1.wav,2.2482653061224487,0.0
praat6_cc_auto,studio_F1.wav,2.251598639455782,0.0
praat6_cc_auto,studio_F1.wav,2.2549319727891155,0.0
praat6_cc_auto,studio_F1.wav,2.258265306122449,0.0
praat6_cc_auto,studio_F1.wav,2.261598639455782,0.0
praat6_cc_auto,studio_F1.wav,2.2649319727891153,0.0
praat6_cc_auto,studio_F1.wav,2.2682653061224487,0.0
praat6_cc_auto,studio_F1.wav,2.271598639455782,0.0
praat6_cc_auto,studio_F1.wav,2.2749319727891155,0.0
praat6_cc_auto,studio_F1.wav,2.278265306122449,0.0
praat6_cc_auto,studio_F1.wav,2.281598639455782,0.0
praat6_cc_auto,studio_F1.wav,2.2849319727891153,0.0
praat6_cc_auto,studio_F1.wav,2.2882653061224487,0.0
praat6_cc_auto,studio_F1.wav,2.291598639455782,0.0
praat6_cc_auto,studio_F1.wav,2.2949319727891155,0.0
praat6_cc_auto,studio_F1.wav,2.298265306122449,0.0
praat6_cc_auto,studio_F1.wav,2.301598639455782,0.0
praat6_cc_auto,studio_F1.wav,2.3049319727891153,0.0
praat6_cc_auto,studio_F1.wav,2.3082653061224487,0.0
praat6_cc_auto,studio_F1.wav,2.311598639455782,0.0
praat6_cc_auto,studio_F1.wav,2.3149319727891156,0.0
praat6_cc_auto,studio_F1.wav,2.318265306122449,0.0
praat6_cc_auto,studio_F1.wav,2.321598639455782,0.0
praat6_cc_auto,studio_F1.wav,2.3249319727891153,0.0
praat6_cc_auto,studio_F1.wav,2.3282653061224488,0.0
praat6_cc_auto,studio_F1.wav,2.331598639455782,0.0
praat6_cc_auto,studio_F1.wav,2.3349319727891156,0.0
praat6_cc_auto,studio_F1.wav,2.338265306122449,0.0
praat6_cc_auto,studio_F1.wav,2.341598639455782,0.0
praat6_cc_auto,studio_F1.wav,2.3449319727891154,0.0
praat6_cc_auto,studio_F1.wav,2.3482653061224488,0.0
praat6_cc_auto,studio_F1.wav,2.351598639455782,0.0
praat6_cc_auto,studio_F1.wav,2.3549319727891156,0.0
praat6_cc_auto,studio_F1.wav,2.3582653061224486,0.0
praat6_cc_auto,studio_F1.wav,2.361598639455782,0.0
praat6_cc_auto,studio_F1.wav,2.3649319727891154,0.0
praat6_cc_auto,studio_F1.wav,2.368265306122449,0.0
praat6_cc_auto,studio_F1.wav,2.371598639455782,0.0
praat6_cc_auto,studio_F1.wav,2.3749319727891156,0.0
praat6_cc_auto,studio_F1.wav,2.3782653061224486,0.0
praat6_cc_auto,studio_F1.wav,2.381598639455782,0.0
praat6_cc_auto,studio_F1.wav,2.3849319727891154,0.0
praat6_cc_auto,studio_F1.wav,2.388265306122449,0.0
praat6_cc_auto,studio_F1.wav,2.391598639455782,0.0
praat6_cc_auto,studio_F1.wav,2.3949319727891156,0.0
praat6_cc_auto,studio_F1.wav,2.3982653061224486,0.0
praat6_cc_auto,studio_F1.wav,2.401598639455782,0.0
praat6_cc_auto,studio_F1.wav,2.4049319727891154,0.0
praat6_cc_auto,studio_F1.wav,2.408265306122449,0.0
praat6_cc_auto,studio_F1.wav,2.4115986394557822,0.0
praat6_cc_auto,studio_F1.wav,2.4149319727891156,0.0
praat6_cc_auto,studio_F1.wav,2.4182653061224486,0.0
praat6_cc_auto,studio_F1.wav,2.421598639455782,0.0
praat6_cc_auto,studio_F1.wav,2.4249319727891154,0.0
praat6_cc_auto,studio_F1.wav,2.428265306122449,0.0
praat6_cc_auto,studio_F1.wav,2.4315986394557823,0.0
praat6_cc_auto,studio_F1.wav,2.4349319727891157,0.0
praat6_cc_auto,studio_F1.wav,2.4382653061224486,0.0
praat6_cc_auto,studio_F1.wav,2.441598639455782,0.0
praat6_cc_auto,studio_F1.wav,2.4449319727891154,0.0
praat6_cc_auto,studio_F1.wav,2.448265306122449,0.0
praat6_cc_auto,studio_F1.wav,2.4515986394557823,0.0
praat6_cc_auto,studio_F1.wav,2.4549319727891152,0.0
praat6_cc_auto,studio_F1.wav,2.4582653061224486,0.0
praat6_cc_auto,studio_F1.wav,2.461598639455782,0.0
praat6_cc_auto,studio_F1.wav,2.4649319727891155,0.0
praat6_cc_auto,studio_F1.wav,2.468265306122449,0.0
praat6_cc_auto,studio_F1.wav,2.4715986394557823,0.0
praat6_cc_auto,studio_F1.wav,2.4749319727891153,0.0
praat6_cc_auto,studio_F1.wav,2.4782653061224487,0.0
praat6_cc_auto,studio_F1.wav,2.481598639455782,0.0
praat6_cc_auto,studio_F1.wav,2.4849319727891155,0.0
praat6_cc_auto,studio_F1.wav,2.488265306122449,0.0
praat6_cc_auto,studio_F1.wav,2.4915986394557823,0.0
praat6_cc_auto,studio_F1.wav,2.4949319727891153,0.0
praat6_cc_auto,studio_F1.wav,2.4982653061224487,0.0
praat6_cc_auto,studio_F1.wav,2.501598639455782,0.0
praat6_cc_auto,studio_F1.wav,2.5049319727891155,0.0
praat6_cc_auto,studio_F1.wav,2.508265306122449,0.0
praat6_cc_auto,studio_F1.wav,2.5115986394557823,0.0
praat6_cc_auto,studio_F1.wav,2.5149319727891153,0.0
praat6_cc_auto,studio_F1.wav,2.5182653061224487,0.0
praat6_cc_auto,studio_F1.wav,2.521598639455782,0.0
praat6_cc_auto,studio_F1.wav,2.5249319727891155,0.0
praat6_cc_auto,studio_F1.wav,2.528265306122449,0.0
praat6_cc_auto,studio_F1.wav,2.531598639455782,0.0
praat6_cc_auto,studio_F1.wav,2.5349319727891153,0.0
praat6_cc_auto,studio_F1.wav,2.5382653061224487,0.0
praat6_cc_auto,studio_F1.wav,2.541598639455782,0.0
praat6_cc_auto,studio_F1.wav,2.5449319727891155,0.0
praat6_cc_auto,studio_F1.wav,2.548265306122449,0.0
praat6_cc_auto,studio_F1.wav,2.551598639455782,0.0
praat6_cc_auto,studio_F1.wav,2.5549319727891153,0.0
praat6_cc_auto,studio_F1.wav,2.5582653061224487,0.0
praat6_cc_auto,studio_F1.wav,2.561598639455782,0.0
praat6_cc_auto,studio_F1.wav,2.5649319727891156,0.0
praat6_cc_auto,studio_F1.wav,2.568265306122449,0.0
praat6_cc_auto,studio_F1.wav,2.571598639455782,0.0
praat6_cc_auto,studio_F1.wav,2.5749319727891153,0.0
praat6_cc_auto,studio_F1.wav,2.5782653061224488,0.0
praat6_cc_auto,studio_F1.wav,2.581598639455782,0.0
praat6_cc_auto,studio_F1.wav,2.5849319727891156,0.0
praat6_cc_auto,studio_F1.wav,2.588265306122449,0.0
praat6_cc_auto,studio_F1.wav,2.591598639455782,0.0
praat6_cc_auto,studio_F1.wav,2.5949319727891154,0.0
praat6_cc_auto,studio_F1.wav,2.5982653061224488,0.0
praat6_cc_auto,studio_F1.wav,2.601598639455782,0.0
praat6_cc_auto,studio_F1.wav,2.6049319727891156,0.0
praat6_cc_auto,studio_F1.wav,2.608265306122449,0.0
praat6_cc_auto,studio_F1.wav,2.611598639455782,0.0
praat6_cc_auto,studio_F1.wav,2.6149319727891154,0.0
praat6_cc_auto,studio_F1.wav,2.618265306122449,0.0
praat6_cc_auto,studio_F1.wav,2.621598639455782,0.0
praat6_cc_auto,studio_F1.wav,2.6249319727891156,0.0
praat6_cc_auto,studio_F1.wav,2.6282653061224486,0.0
praat6_cc_auto,studio_F1.wav,2.631598639455782,0.0
praat6_cc_auto,studio_F1.wav,2.6349319727891154,0.0
praat6_cc_auto,studio_F1.wav,2.638265306122449,0.0
praat6_cc_auto,studio_F1.wav,2.641598639455782,0.0
praat6_cc_auto,studio_F1.wav,2.6449319727891156,0.0
praat6_cc_auto,studio_F1.wav,2.6482653061224486,0.0
praat6_cc_auto,studio_F1.wav,2.651598639455782,0.0
praat6_cc_auto,studio_F1.wav,2.6549319727891154,0.0
praat6_cc_auto,studio_F1.wav,2.658265306122449,0.0
praat6_cc_auto,studio_F1.wav,2.6615986394557822,0.0
praat6_cc_auto,studio_F1.wav,2.6649319727891156,0.0
praat6_cc_auto,studio_F1.wav,2.6682653061224486,0.0
praat6_cc_auto,studio_F1.wav,2.671598639455782,0.0
praat6_cc_auto,studio_F1.wav,2.6749319727891154,0.0
praat6_cc_auto,studio_F1.wav,2.678265306122449,0.0
praat6_cc_auto,studio_F1.wav,2.6815986394557823,0.0
praat6_cc_auto,studio_F1.wav,2.6849319727891157,0.0
praat6_cc_auto,studio_F1.wav,2.6882653061224486,0.0
praat6_cc_auto,studio_F1.wav,2.691598639455782,0.0
praat6_cc_auto,studio_F1.wav,2.6949319727891154,0.0
praat6_cc_auto,studio_F1.wav,2.698265306122449,0.0
praat6_cc_auto,studio_F1.wav,2.7015986394557823,0.0
praat6_cc_auto,studio_F1.wav,2.7049319727891157,0.0
praat6_cc_auto,studio_F1.wav,2.7082653061224486,0.0
praat6_cc_auto,studio_F1.wav,2.711598639455782,0.0
praat6_cc_auto,studio_F1.wav,2.7149319727891155,0.0
praat6_cc_auto,studio_F1.wav,2.718265306122449,0.0
praat6_cc_auto,studio_F1.wav,2.7215986394557823,0.0
praat6_cc_auto,studio_F1.wav,2.7249319727891153,0.0
praat6_cc_auto,studio_F1.wav,2.7282653061224487,0.0
praat6_cc_auto,studio_F1.wav,2.731598639455782,0.0
praat6_cc_auto,studio_F1.wav,2.7349319727891155,0.0
praat6_cc_auto,studio_F1.wav,2.738265306122449,0.0
praat6_cc_auto,studio_F1.wav,2.7415986394557823,0.0
praat6_cc_auto,studio_F1.wav,2.7449319727891153,0.0
praat6_cc_auto,studio_F1.wav,2.7482653061224487,0.0
praat6_cc_auto,studio_F1.wav,2.751598639455782,0.0
praat6_cc_auto,studio_F1.wav,2.7549319727891155,0.0
praat6_cc_auto,studio_F1.wav,2.758265306122449,0.0
praat6_cc_auto,studio_F1.wav,2.7615986394557823,0.0
praat6_cc_auto,studio_F1.wav,2.7649319727891153,0.0
praat6_cc_auto,studio_F1.wav,2.7682653061224487,0.0
praat6_cc_auto,studio_F1.wav,2.771598639455782,0.0
praat6_cc_auto,studio_F1.wav,2.7749319727891155,0.0
praat6_cc_auto,studio_F1.wav,2.778265306122449,0.0
praat6_cc_auto,studio_F1.wav,2.7815986394557823,0.0
praat6_cc_auto,studio_F1.wav,2.7849319727891153,0.0
praat6_cc_auto,studio_F1.wav,2.7882653061224487,0.0
praat6_cc_auto,studio_F1.wav,2.791598639455782,0.0
praat6_cc_auto,studio_F1.wav,2.7949319727891155,0.0
praat6_cc_auto,studio_F1.wav,2.798265306122449,0.0
praat6_cc_auto,studio_F1.wav,2.801598639455782,0.0
praat6_cc_auto,studio_F1.wav,2.8049319727891153,0.0
praat6_cc_auto,studio_F1.wav,2.8082653061224487,0.0
praat6_cc_auto,studio_F1.wav,2.811598639455782,0.0
praat6_cc_auto,studio_F1.wav,2.8149319727891156,0.0
praat6_cc_auto,studio_F1.wav,2.818265306122449,0.0
praat6_cc_auto,studio_F1.wav,2.821598639455782,0.0
praat6_cc_auto,studio_F1.wav,2.8249319727891153,0.0
praat6_cc_auto,studio_F1.wav,2.8282653061224488,0.0
praat6_cc_auto,studio_F1.wav,2.831598639455782,0.0
praat6_cc_auto,studio_F1.wav,2.8349319727891156,0.0
praat6_cc_auto,studio_F1.wav,2.838265306122449,0.0
praat6_cc_auto,studio_F1.wav,2.841598639455782,0.0
praat6_cc_auto,studio_F1.wav,2.8449319727891154,0.0
praat6_cc_auto,studio_F1.wav,2.8482653061224488,0.0
praat6_cc_10ms,studio_F1.wav,0.016598639455782323,0.0
praat6_cc_10ms,studio_F1.wav,0.026598639455782322,0.0
praat6_cc_10ms,studio_F1.wav,0.036598639455782324,0.0
praat6_cc_10ms,studio_F1.wav,0.046598639455782326,0.0
praat6_cc_10ms,studio_F1.wav,0.05659863945578232,0.0
praat6_cc_10ms,studio_F1.wav,0.06659863945578233,0.0
praat6_cc_10ms,studio_F1.wav,0.07659863945578232,0.0
praat6_cc_10ms,studio_F1.wav,0.08659863945578233,0.0
praat6_cc_10ms,studio_F1.wav,0.09659863945578233,0.0
praat6_cc_10ms,studio_F1.wav,0.10659863945578232,0.0
praat6_cc_10ms,studio_F1.wav,0.11659863945578233,0.0
praat6_cc_10ms,studio_F1.wav,0.1265986394557823,0.0
praat6_cc_10ms,studio_F1.wav,0.13659863945578232,0.0
praat6_cc_10ms,studio_F1.wav,0.14659863945578233,0.0
praat6_cc_10ms,studio_F1.wav,0.15659863945578234,0.0
praat6_cc_10ms,studio_F1.wav,0.16659863945578232,0.0
praat6_cc_10ms,studio_F1.wav,0.17659863945578233,0.0
praat6_cc_10ms,studio_F1.wav,0.18659863945578234,0.0
praat6_cc_10ms,studio_F1.wav,0.19659863945578232,0.0
praat6_cc_10ms,studio_F1.wav,0.20659863945578233,0.0
praat6_cc_10ms,studio_F1.wav,0.21659863945578234,0.0
praat6_cc_10ms,studio_F1.wav,0.22659863945578232,0.0
praat6_cc_10ms,studio_F1.wav,0.23659863945578233,0.0
praat6_cc_10ms,studio_F1.wav,0.24659863945578234,0.0
praat6_cc_10ms,studio_F1.wav,0.2565986394557823,0.0
praat6_cc_10ms,studio_F1.wav,0.2665986394557823,0.0
praat6_cc_10ms,studio_F1.wav,0.27659863945578234,0.0
praat6_cc_10ms,studio_F1.wav,0.28659863945578234,0.0
praat6_cc_10ms,studio_F1.wav,0.29659863945578235,0.0
praat6_cc_10ms,studio_F1.wav,0.3065986394557823,0.0
praat6_cc_10ms,studio_F1.wav,0.3165986394557823,0.0
praat6_cc_10ms,studio_F1.wav,0.3265986394557823,0.0
praat6_cc_10ms,studio_F1.wav,0.33659863945578233,0.0
praat6_cc_10ms,studio_F1.wav,0.34659863945578234,0.0
praat6_cc_10ms,studio_F1.wav,0.35659863945578235,0.0
praat6_cc_10ms,studio_F1.wav,0.36659863945578236,0.0
praat6_cc_10ms,studio_F1.wav,0.3765986394557823,0.0
praat6_cc_10ms,studio_F1.wav,0.3865986394557823,0.0
praat6_cc_10ms,studio_F1.wav,0.39659863945578233,0.0
praat6_cc_10ms,studio_F1.wav,0.40659863945578234,0.0
praat6_cc_10ms,studio_F1.wav,0.41659863945578235,0.0
praat6_cc_10ms,studio_F1.wav,0.42659863945578236,0.0
praat6_cc_10ms,studio_F1.wav,0.4365986394557823,0.0
praat6_cc_10ms,studio_F1.wav,0.4465986394557823,0.0
praat6_cc_10ms,studio_F1.wav,0.45659863945578233,0.0
praat6_cc_10ms,studio_F1.wav,0.46659863945578234,0.0
praat6_cc_10ms,studio_F1.wav,0.47659863945578235,0.0
praat6_cc_10ms,studio_F1.wav,0.48659863945578236,0.0
praat6_cc_10ms,studio_F1.wav,0.4965986394557823,0.0
praat6_cc_10ms,studio_F1.wav,0.5065986394557823,0.0
praat6_cc_10ms,studio_F1.wav,0.5165986394557823,0.0
praat6_cc_10ms,studio_F1.wav,0.5265986394557823,0.0
praat6_cc_10ms,studio_F1.wav,0.5365986394557823,0.0
praat6_cc_10ms,studio_F1.wav,0.5465986394557824,0.0
praat6_cc_10ms,studio_F1.wav,0.5565986394557824,0.0
praat6_cc_10ms,studio_F1.wav,0.5665986394557824,0.0
praat6_cc_10ms,studio_F1.wav,0.5765986394557824,0.0
praat6_cc_10ms,studio_F1.wav,0.5865986394557824,0.0
praat6_cc_10ms,studio_F1.wav,0.5965986394557823,0.0
praat6_cc_10ms,studio_F1.wav,0.6065986394557823,0.0
praat6_cc_10ms,studio_F1.wav,0.6165986394557823,0.0
praat6_cc_10ms,studio_F1.wav,0.6265986394557823,0.0
praat6_cc_10ms,studio_F1.wav,0.6365986394557823,0.0
praat6_cc_10ms,studio_F1.wav,0.6465986394557823,0.0
praat6_cc_10ms,studio_F1.wav,0.6565986394557823,0.0
praat6_cc_10ms,studio_F1.wav,0.6665986394557823,0.0
praat6_cc_10ms,studio_F1.wav,0.6765986394557824,0.0
praat6_cc_10ms,studio_F1.wav,0.6865986394557824,0.0
praat6_cc_10ms,studio_F1.wav,0.6965986394557824,264.5753842274501
praat6_cc_10ms,studio_F1.wav,0.7065986394557824,269.5730756490752
praat6_cc_10ms,studio_F1.wav,0.7165986394557824,268.7971415016494
praat6_cc_10ms,studio_F1.wav,0.7265986394557823,265.64517606496884
praat6_cc_10ms,studio_F1.wav,0.7365986394557823,262.6480806301004
praat6_cc_10ms,studio_F1.wav,0.7465986394557823,258.89157679082234
praat6_cc_10ms,studio_F1.wav,0.7565986394557823,257.62076069354697
praat6_cc_10ms,studio_F1.wav,0.7665986394557823,257.35360378238244
praat6_cc_10ms,studio_F1.wav,0.7765986394557823,241.1929478787988
praat6_cc_10ms,studio_F1.wav,0.7865986394557823,238.6013928814583
praat6_cc_10ms,studio_F1.wav,0.7965986394557824,238.21921640090355
praat6_cc_10ms,studio_F1.wav,0.8065986394557824,245.97998487067832
praat6_cc_10ms,studio_F1.wav,0.8165986394557824,247.6586565308983
praat6_cc_10ms,studio_F1.wav,0.8265986394557824,247.09789823423333
praat6_cc_10ms,studio_F1.wav,0.8365986394557824,246.30757867029507
praat6_cc_10ms,studio_F1.wav,0.8465986394557824,245.59349965353107
praat6_cc_10ms,studio_F1.wav,0.8565986394557823,245.26052220544352
praat6_cc_10ms,studio_F1.wav,0.8665986394557823,244.01263422728573
praat6_cc_10ms,studio_F1.wav,0.8765986394557823,242.43516023555947
praat6_cc_10ms,studio_F1.wav,0.8865986394557823,240.7973220330986
praat6_cc_10ms,studio_F1.wav,0.8965986394557823,238.2585795083834
praat6_cc_10ms,studio_F1.wav,0.9065986394557823,230.90101920975096
praat6_cc_10ms,studio_F1.wav,0.9165986394557823,222.55031743546468
praat6_cc_10ms,studio_F1.wav,0.9265986394557824,223.9976622877218
praat6_cc_10ms,studio_F1.wav,0.9365986394557824,225.91206913786868
praat6_cc_10ms,studio_F1.wav,0.9465986394557824,230.29762656113815
praat6_cc_10ms,studio_F1.wav,0.9565986394557824,238.56421250065063
praat6_cc_10ms,studio_F1.wav,0.9665986394557824,252.0679093986903
praat6_cc_10ms,studio_F1.wav,0.9765986394557823,252.77415831119686
praat6_cc_10ms,studio_F1.wav,0.9865986394557823,252.9771867796794
praat6_cc_10ms,studio_F1.wav,0.9965986394557823,245.63314346154317
praat6_cc_10ms,studio_F1.wav,1.0065986394557822,0.0
praat6_cc_10ms,studio_F1.wav,1.0165986394557822,269.2692386474161
praat6_cc_10ms,studio_F1.wav,1.0265986394557822,275.52083615507263
praat6_cc_10ms,studio_F1.wav,1.0365986394557822,281.96736654367135
praat6_cc_10ms,studio_F1.wav,1.0465986394557822,288.1273380069783
praat6_cc_10ms,studio_F1.wav,1.0565986394557823,292.93541306204287
praat6_cc_10ms,studio_F1.wav,1.0665986394557823,293.78365919303343
praat6_cc_10ms,studio_F1.wav,1.0765986394557823,285.5178354848599
praat6_cc_10ms,studio_F1.wav,1.0865986394557823,281.78509897339427
praat6_cc_10ms,studio_F1.wav,1.0965986394557823,0.0
praat6_cc_10ms,studio_F1.wav,1.1065986394557823,0.0
praat6_cc_10ms,studio_F1.wav,1.1165986394557823,0.0
praat6_cc_10ms,studio_F1.wav,1.1265986394557823,0.0
praat6_cc_10ms,studio_F1.wav,1.1365986394557823,285.50494815539844
praat6_cc_10ms,studio_F1.wav,1.1465986394557823,269.3919635455794
praat6_cc_10ms,studio_F1.wav,1.1565986394557823,252.73649049812835
praat6_cc_10ms,studio_F1.wav,1.1665986394557823,248.55577786017764
praat6_cc_10ms,studio_F1.wav,1.1765986394557821,244.61637161181815
praat6_cc_10ms,studio_F1.wav,1.1865986394557821,245.2626755955933
praat6_cc_10ms,studio_F1.wav,1.1965986394557822,246.80164345425723
praat6_cc_10ms,studio_F1.wav,1.2065986394557822,241.12362584191368
praat6_cc_10ms,studio_F1.wav,1.2165986394557822,0.0
praat6_cc_10ms,studio_F1.wav,1.2265986394557822,0.0
praat6_cc_10ms,studio_F1.wav,1.2365986394557822,0.0
praat6_cc_10ms,studio_F1.wav,1.2465986394557822,0.0
praat6_cc_10ms,studio_F1.wav,1.2565986394557822,0.0
praat6_cc_10ms,studio_F1.wav,1.2665986394557822,0.0
praat6_cc_10ms,studio_F1.wav,1.2765986394557822,315.7847665134175
praat6_cc_10ms,studio_F1.wav,1.2865986394557822,313.4575617838697
praat6_cc_10ms,studio_F1.wav,1.2965986394557822,319.0337430560802
praat6_cc_10ms,studio_F1.wav,1.3065986394557823,317.7099766711275
praat6_cc_10ms,studio_F1.wav,1.3165986394557823,308.2752552090294
praat6_cc_10ms,studio_F1.wav,1.3265986394557823,297.45292909967714
praat6_cc_10ms,studio_F1.wav,1.3365986394557823,281.2807812076038
praat6_cc_10ms,studio_F1.wav,1.3465986394557823,263.02059196511124
praat6_cc_10ms,studio_F1.wav,1.3565986394557823,242.2862921757587
praat6_cc_10ms,studio_F1.wav,1.3665986394557823,230.75252690524093
praat6_cc_10ms,studio_F1.wav,1.3765986394557823,220.05917081447066
praat6_cc_10ms,studio_F1.wav,1.3865986394557823,210.2960045108629
praat6_cc_10ms,studio_F1.wav,1.3965986394557823,202.8863454616646
praat6_cc_10ms,studio_F1.wav,1.4065986394557823,198.95751083331282
praat6_cc_10ms,studio_F1.wav,1.4165986394557823,195.23196556831442
praat6_cc_10ms,studio_F1.wav,1.4265986394557821,187.4998923363617
praat6_cc_10ms,studio_F1.wav,1.4365986394557821,201.11838273496824
praat6_cc_10ms,studio_F1.wav,1.4465986394557822,203.47337872268878
praat6_cc_10ms,studio_F1.wav,1.4565986394557822,204.3085690557083
praat6_cc_10ms,studio_F1.wav,1.4665986394557822,206.7600633255198
praat6_cc_10ms,studio_F1.wav,1.4765986394557822,211.9084250255051
praat6_cc_10ms,studio_F1.wav,1.4865986394557822,215.24309958820115
praat6_cc_10ms,studio_F1.wav,1.4965986394557822,221.98981183307097
praat6_cc_10ms,studio_F1.wav,1.5065986394557822,218.29183054058134
praat6_cc_10ms,studio_F1.wav,1.5165986394557822,215.31139083803308
praat6_cc_10ms,studio_F1.wav,1.5265986394557822,212.69134201899973
praat6_cc_10ms,studio_F1.wav,1.5365986394557822,209.53590842877156
praat6_cc_10ms,studio_F1.wav,1.5465986394557822,205.7539026571868
praat6_cc_10ms,studio_F1.wav,1.5565986394557823,200.5720687605283
praat6_cc_10ms,studio_F1.wav,1.5665986394557823,196.62170904269635
praat6_cc_10ms,studio_F1.wav,1.5765986394557823,200.36445762495447
praat6_cc_10ms,studio_F1.wav,1.5865986394557823,198.9934475734964
praat6_cc_10ms,studio_F1.wav,1.5965986394557823,196.4839157209594
praat6_cc_10ms,studio_F1.wav,1.6065986394557823,196.07505138695095
praat6_cc_10ms,studio_F1.wav,1.6165986394557823,196.5144684171512
praat6_cc_10ms,studio_F1.wav,1.6265986394557823,191.83320335334014
praat6_cc_10ms,studio_F1.wav,1.6365986394557823,177.98272668998598
praat6_cc_10ms,studio_F1.wav,1.6465986394557823,177.87580503313924
praat6_cc_10ms,studio_F1.wav,1.6565986394557823,0.0
praat6_cc_10ms,studio_F1.wav,1.6665986394557823,0.0
praat6_cc_10ms,studio_F1.wav,1.6765986394557824,0.0
praat6_cc_10ms,studio_F1.wav,1.6865986394557821,0.0
praat6_cc_10ms,studio_F1.wav,1.6965986394557822,0.0
praat6_cc_10ms,studio_F1.wav,1.7065986394557822,261.84075238804854
praat6_cc_10ms,studio_F1.wav,1.7165986394557822,240.1077081265682
praat6_cc_10ms,studio_F1.wav,1.7265986394557822,232.07365307790275
praat6_cc_10ms,studio_F1.wav,1.7365986394557822,227.33680204325591
praat6_cc_10ms,studio_F1.wav,1.7465986394557822,223.82772722648147
praat6_cc_10ms,studio_F1.wav,1.7565986394557822,0.0
praat6_cc_10ms,studio_F1.wav,1.7665986394557822,0.0
praat6_cc_10ms,studio_F1.wav,1.7765986394557822,0.0
praat6_cc_10ms,studio_F1.wav,1.7865986394557822,0.0
praat6_cc_10ms,studio_F1.wav,1.7965986394557822,291.784573975658
praat6_cc_10ms,studio_F1.wav,1.8065986394557823,169.03141458361418
praat6_cc_10ms,studio_F1.wav,1.8165986394557823,184.98466233318177
praat6_cc_10ms,studio_F1.wav,1.8265986394557823,198.3812143354968
praat6_cc_10ms,studio_F1.wav,1.8365986394557823,192.70603598735497
praat6_cc_10ms,studio_F1.wav,1.8465986394557823,0.0
praat6_cc_10ms,studio_F1.wav,1.8565986394557823,0.0
praat6_cc_10ms,studio_F1.wav,1.8665986394557823,0.0
praat6_cc_10ms,studio_F1.wav,1.8765986394557823,0.0
praat6_cc_10ms,studio_F1.wav,1.8865986394557823,0.0
praat6_cc_10ms,studio_F1.wav,1.8965986394557823,0.0
praat6_cc_10ms,studio_F1.wav,1.9065986394557823,0.0
praat6_cc_10ms,studio_F1.wav,1.9165986394557823,0.0
praat6_cc_10ms,studio_F1.wav,1.9265986394557824,226.90223400849416
praat6_cc_10ms,studio_F1.wav,1.9365986394557821,217.7626127774887
praat6_cc_10ms,studio_F1.wav,1.9465986394557822,212.0245651090822
praat6_cc_10ms,studio_F1.wav,1.9565986394557822,208.59749551543388
praat6_cc_10ms,studio_F1.wav,1.9665986394557822,207.3703626400112
praat6_cc_10ms,studio_F1.wav,1.9765986394557822,205.98192114730676
praat6_cc_10ms,studio_F1.wav,1.9865986394557822,203.5489955054232
praat6_cc_10ms,studio_F1.wav,1.9965986394557822,200.45133372638716
praat6_cc_10ms,studio_F1.wav,2.0065986394557824,199.4298325261037
praat6_cc_10ms,studio_F1.wav,2.016598639455782,198.07788252219825
praat6_cc_10ms,studio_F1.wav,2.0265986394557824,196.9740668861802
praat6_cc_10ms,studio_F1.wav,2.0365986394557822,195.4399119894367
praat6_cc_10ms,studio_F1.wav,2.0465986394557825,193.4856438671829
praat6_cc_10ms,studio_F1.wav,2.0565986394557823,191.38076081965963
praat6_cc_10ms,studio_F1.wav,2.066598639455782,189.59652195115297
praat6_cc_10ms,studio_F1.wav,2.0765986394557823,190.2007338815124
praat6_cc_10ms,studio_F1.wav,2.086598639455782,187.98649701138845
praat6_cc_10ms,studio_F1.wav,2.0965986394557823,187.06525124375855
praat6_cc_10ms,studio_F1.wav,2.106598639455782,185.99653507253052
praat6_cc_10ms,studio_F1.wav,2.1165986394557823,182.04826964685068
praat6_cc_10ms,studio_F1.wav,2.126598639455782,176.39698832805385
praat6_cc_10ms,studio_F1.wav,2.1365986394557823,171.0817737563369
praat6_cc_10ms,studio_F1.wav,2.146598639455782,160.11323385483163
praat6_cc_10ms,studio_F1.wav,2.1565986394557823,0.0
praat6_cc_10ms,studio_F1.wav,2.166598639455782,0.0
praat6_cc_10ms,studio_F1.wav,2.1765986394557824,0.0
praat6_cc_10ms,studio_F1.wav,2.186598639455782,0.0
praat6_cc_10ms,studio_F1.wav,2.1965986394557824,0.0
praat6_cc_10ms,studio_F1.wav,2.206598639455782,0.0
praat6_cc_10ms,studio_F1.wav,2.2165986394557824,0.0
praat6_cc_10ms,studio_F1.wav,2.226598639455782,0.0
praat6_cc_10ms,studio_F1.wav,2.2365986394557824,0.0
praat6_cc_10ms,studio_F1.wav,2.246598639455782,0.0
praat6_cc_10ms,studio_F1.wav,2.2565986394557824,0.0
praat6_cc_10ms,studio_F1.wav,2.266598639455782,0.0
praat6_cc_10ms,studio_F1.wav,2.2765986394557824,0.0
praat6_cc_10ms,studio_F1.wav,2.2865986394557822,0.0
praat6_cc_10ms,studio_F1.wav,2.2965986394557825,0.0
praat6_cc_10ms,studio_F1.wav,2.3065986394557823,0.0
praat6_cc_10ms,studio_F1.wav,2.3165986394557825,0.0
praat6_cc_10ms,studio_F1.wav,2.3265986394557823,0.0
praat6_cc_10ms,studio_F1.wav,2.336598639455782,0.0
praat6_cc_10ms,studio_F1.wav,2.3465986394557823,0.0
praat6_cc_10ms,studio_F1.wav,2.356598639455782,0.0
praat6_cc_10ms,studio_F1.wav,2.3665986394557823,0.0
praat6_cc_10ms,studio_F1.wav,2.376598639455782,0.0
praat6_cc_10ms,studio_F1.wav,2.3865986394557823,0.0
praat6_cc_10ms,studio_F1.wav,2.396598639455782,0.0
praat6_cc_10ms,studio_F1.wav,2.4065986394557823,0.0
praat6_cc_10ms,studio_F1.wav,2.416598639455782,0.0
praat6_cc_10ms,studio_F1.wav,2.4265986394557824,0.0
praat6_cc_10ms,studio_F1.wav,2.436598639455782,0.0
praat6_cc_10ms,studio_F1.wav,2.4465986394557824,0.0
praat6_cc_10ms,studio_F1.wav,2.456598639455782,0.0
praat6_cc_10ms,studio_F1.wav,2.4665986394557824,0.0
praat6_cc_10ms,studio_F1.wav,2.476598639455782,0.0
praat6_cc_10ms,studio_F1.wav,2.4865986394557824,0.0
praat6_cc_10ms,studio_F1.wav,2.496598639455782,0.0
praat6_cc_10ms,studio_F1.wav,2.5065986394557824,0.0
praat6_cc_10ms,studio_F1.wav,2.516598639455782,0.0
praat6_cc_10ms,studio_F1.wav,2.5265986394557824,0.0
praat6_cc_10ms,studio_F1.wav,2.5365986394557822,0.0
praat6_cc_10ms,studio_F1.wav,2.5465986394557825,0.0
praat6_cc_10ms,studio_F1.wav,2.5565986394557823,0.0
praat6_cc_10ms,studio_F1.wav,2.5665986394557825,0.0
praat6_cc_10ms,studio_F1.wav,2.5765986394557823,0.0
praat6_cc_10ms,studio_F1.wav,2.586598639455782,0.0
praat6_cc_10ms,studio_F1.wav,2.5965986394557823,0.0
praat6_cc_10ms,studio_F1.wav,2.606598639455782,0.0
praat6_cc_10ms,studio_F1.wav,2.6165986394557823,0.0
praat6_cc_10ms,studio_F1.wav,2.626598639455782,0.0
praat6_cc_10ms,studio_F1.wav,2.6365986394557823,0.0
praat6_cc_10ms,studio_F1.wav,2.646598639455782,0.0
praat6_cc_10ms,studio_F1.wav,2.6565986394557823,0.0
praat6_cc_10ms,studio_F1.wav,2.666598639455782,0.0
praat6_cc_10ms,studio_F1.wav,2.6765986394557824,0.0
praat6_cc_10ms,studio_F1.wav,2.686598639455782,0.0
praat6_cc_10ms,studio_F1.wav,2.6965986394557824,0.0
praat6_cc_10ms,studio_F1.wav,2.706598639455782,0.0
praat6_cc_10ms,studio_F1.wav,2.7165986394557824,0.0
praat6_cc_10ms,studio_F1.wav,2.726598639455782,0.0
praat6_cc_10ms,studio_F1.wav,2.7365986394557824,0.0
praat6_cc_10ms,studio_F1.wav,2.746598639455782,0.0
praat6_cc_10ms,studio_F1.wav,2.7565986394557824,0.0
praat6_cc_10ms,studio_F1.wav,2.766598639455782,0.0
praat6_cc_10ms,studio_F1.wav,2.7765986394557824,0.0
praat6_cc_10ms,studio_F1.wav,2.7865986394557822,0.0
praat6_cc_10ms,studio_F1.wav,2.7965986394557825,0.0
praat6_cc_10ms,studio_F1.wav,2.8065986394557823,0.0
praat6_cc_10ms,studio_F1.wav,2.8165986394557825,0.0
praat6_cc_10ms,studio_F1.wav,2.8265986394557823,0.0
praat6_cc_10ms,studio_F1.wav,2.836598639455782,0.0
praat6_cc_10ms,studio_F1.wav,2.8465986394557823,0.0
praat6_ac_auto,studio_M1.wav,0.020079365079365027,0.0
praat6_ac_auto,studio_M1.wav,0.030079365079365025,0.0
praat6_ac_auto,studio_M1.wav,0.04007936507936503,0.0
praat6_ac_auto,studio_M1.wav,0.05007936507936503,0.0
praat6_ac_auto,studio_M1.wav,0.060079365079365024,0.0
praat6_ac_auto,studio_M1.wav,0.07007936507936503,0.0
praat6_ac_auto,studio_M1.wav,0.08007936507936503,0.0
praat6_ac_auto,studio_M1.wav,0.09007936507936504,0.0
praat6_ac_auto,studio_M1.wav,0.10007936507936503,0.0
praat6_ac_auto,studio_M1.wav,0.11007936507936503,0.0
praat6_ac_auto,studio_M1.wav,0.12007936507936504,0.0
praat6_ac_auto,studio_M1.wav,0.13007936507936502,0.0
praat6_ac_auto,studio_M1.wav,0.14007936507936503,0.0
praat6_ac_auto,studio_M1.wav,0.15007936507936503,0.0
praat6_ac_auto,studio_M1.wav,0.16007936507936504,0.0
praat6_ac_auto,studio_M1.wav,0.17007936507936502,0.0
praat6_ac_auto,studio_M1.wav,0.18007936507936503,0.0
praat6_ac_auto,studio_M1.wav,0.19007936507936504,0.0
praat6_ac_auto,studio_M1.wav,0.20007936507936502,0.0
praat6_ac_auto,studio_M1.wav,0.21007936507936503,0.0
praat6_ac_auto,studio_M1.wav,0.22007936507936504,0.0
praat6_ac_auto,studio_M1.wav,0.23007936507936502,0.0
praat6_ac_auto,studio_M1.wav,0.24007936507936503,0.0
praat6_ac_auto,studio_M1.wav,0.250079365079365,0.0
praat6_ac_auto,studio_M1.wav,0.260079365079365,0.0
praat6_ac_auto,studio_M1.wav,0.27007936507936503,0.0
praat6_ac_auto,studio_M1.wav,0.28007936507936504,0.0
praat6_ac_auto,studio_M1.wav,0.29007936507936505,0.0
praat6_ac_auto,studio_M1.wav,0.30007936507936506,0.0
praat6_ac_auto,studio_M1.wav,0.310079365079365,0.0
praat6_ac_auto,studio_M1.wav,0.320079365079365,0.0
praat6_ac_auto,studio_M1.wav,0.33007936507936503,0.0
praat6_ac_auto,studio_M1.wav,0.34007936507936504,0.0
praat6_ac_auto,studio_M1.wav,0.35007936507936505,0.0
praat6_ac_auto,studio_M1.wav,0.36007936507936505,0.0
praat6_ac_auto,studio_M1.wav,0.37007936507936506,0.0
praat6_ac_auto,studio_M1.wav,0.380079365079365,0.0
praat6_ac_auto,studio_M1.wav,0.390079365079365,0.0
praat6_ac_auto,studio_M1.wav,0.40007936507936503,0.0
praat6_ac_auto,studio_M1.wav,0.41007936507936504,0.0
praat6_ac_auto,studio_M1.wav,0.42007936507936505,0.0
praat6_ac_auto,studio_M1.wav,0.43007936507936506,0.0
praat6_ac_auto,studio_M1.wav,0.440079365079365,0.0
praat6_ac_auto,studio_M1.wav,0.450079365079365,0.0
praat6_ac_auto,studio_M1.wav,0.46007936507936503,0.0
praat6_ac_auto,studio_M1.wav,0.47007936507936504,0.0
praat6_ac_auto,studio_M1.wav,0.48007936507936505,0.0
praat6_ac_auto,studio_M1.wav,0.49007936507936506,0.0
praat6_ac_auto,studio_M1.wav,0.500079365079365,0.0
praat6_ac_auto,studio_M1.wav,0.510079365079365,0.0
praat6_ac_auto,studio_M1.wav,0.520079365079365,0.0
praat6_ac_auto,studio_M1.wav,0.530079365079365,0.0
praat6_ac_auto,studio_M1.wav,0.540079365079365,0.0
praat6_ac_auto,studio_M1.wav,0.5500793650793651,0.0
praat6_ac_auto,studio_M1.wav,0.5600793650793651,0.0
praat6_ac_auto,studio_M1.wav,0.5700793650793651,0.0
praat6_ac_auto,studio_M1.wav,0.5800793650793651,0.0
praat6_ac_auto,studio_M1.wav,0.5900793650793651,0.0
praat6_ac_auto,studio_M1.wav,0.600079365079365,0.0
praat6_ac_auto,studio_M1.wav,0.610079365079365,0.0
praat6_ac_auto,studio_M1.wav,0.620079365079365,0.0
praat6_ac_auto,studio_M1.wav,0.630079365079365,0.0
praat6_ac_auto,studio_M1.wav,0.640079365079365,0.0
praat6_ac_auto,studio_M1.wav,0.650079365079365,0.0
praat6_ac_auto,studio_M1.wav,0.660079365079365,0.0
praat6_ac_auto,studio_M1.wav,0.670079365079365,0.0
praat6_ac_auto,studio_M1.wav,0.6800793650793651,0.0
praat6_ac_auto,studio_M1.wav,0.6900793650793651,0.0
praat6_ac_auto,studio_M1.wav,0.7000793650793651,0.0
praat6_ac_auto,studio_M1.wav,0.7100793650793651,0.0
praat6_ac_auto,studio_M1.wav,0.7200793650793651,0.0
praat6_ac_auto,studio_M1.wav,0.730079365079365,0.0
praat6_ac_auto,studio_M1.wav,0.740079365079365,0.0
praat6_ac_auto,studio_M1.wav,0.750079365079365,0.0
praat6_ac_auto,studio_M1.wav,0.760079365079365,0.0
praat6_ac_auto,studio_M1.wav,0.770079365079365,0.0
praat6_ac_auto,studio_M1.wav,0.780079365079365,0.0
praat6_ac_auto,studio_M1.wav,0.790079365079365,0.0
praat6_ac_auto,studio_M1.wav,0.8000793650793651,0.0
praat6_ac_auto,studio_M1.wav,0.8100793650793651,0.0
praat6_ac_auto,studio_M1.wav,0.8200793650793651,0.0
praat6_ac_auto,studio_M1.wav,0.8300793650793651,0.0
praat6_ac_auto,studio_M1.wav,0.8400793650793651,0.0
praat6_ac_auto,studio_M1.wav,0.8500793650793651,0.0
praat6_ac_auto,studio_M1.wav,0.860079365079365,0.0
praat6_ac_auto,studio_M1.wav,0.870079365079365,0.0
praat6_ac_auto,studio_M1.wav,0.880079365079365,0.0
praat6_ac_auto,studio_M1.wav,0.890079365079365,0.0
praat6_ac_auto,studio_M1.wav,0.900079365079365,0.0
praat6_ac_auto,studio_M1.wav,0.910079365079365,0.0
praat6_ac_auto,studio_M1.wav,0.920079365079365,0.0
praat6_ac_auto,studio_M1.wav,0.9300793650793651,0.0
praat6_ac_auto,studio_M1.wav,0.9400793650793651,137.97087754708986
praat6_ac_auto,studio_M1.wav,0.9500793650793651,137.4441422043846
praat6_ac_auto,studio_M1.wav,0.9600793650793651,134.96672573933066
praat6_ac_auto,studio_M1.wav,0.9700793650793651,134.1644652548725
praat6_ac_auto,studio_M1.wav,0.980079365079365,133.63352955568527
praat6_ac_auto,studio_M1.wav,0.990079365079365,126.47182124219974
praat6_ac_auto,studio_M1.wav,1.000079365079365,123.75416394968866
praat6_ac_auto,studio_M1.wav,1.010079365079365,121.58502560380018
praat6_ac_auto,studio_M1.wav,1.020079365079365,120.29833760022983
praat6_ac_auto,studio_M1.wav,1.030079365079365,119.55790969215893
praat6_ac_auto,studio_M1.wav,1.040079365079365,118.66863283368505
praat6_ac_auto,studio_M1.wav,1.050079365079365,118.50139663555532
praat6_ac_auto,studio_M1.wav,1.060079365079365,118.29510589576508
praat6_ac_auto,studio_M1.wav,1.070079365079365,116.93835921175085
praat6_ac_auto,studio_M1.wav,1.080079365079365,115.87044696880733
praat6_ac_auto,studio_M1.wav,1.090079365079365,120.7500542208397
praat6_ac_auto,studio_M1.wav,1.100079365079365,131.14092578010087
praat6_ac_auto,studio_M1.wav,1.110079365079365,132.40602279953686
praat6_ac_auto,studio_M1.wav,1.120079365079365,134.88588697662334
praat6_ac_auto,studio_M1.wav,1.130079365079365,136.37696048813385
praat6_ac_auto,studio_M1.wav,1.140079365079365,136.70286813661613
praat6_ac_auto,studio_M1.wav,1.150079365079365,141.057666871281
praat6_ac_auto,studio_M1.wav,1.160079365079365,140.59563404190757
praat6_ac_auto,studio_M1.wav,1.170079365079365,134.2432781049516
praat6_ac_auto,studio_M1.wav,1.1800793650793648,149.79428002252428
praat6_ac_auto,studio_M1.wav,1.1900793650793648,0.0
praat6_ac_auto,studio_M1.wav,1.2000793650793649,168.3638170171075
praat6_ac_auto,studio_M1.wav,1.2100793650793649,164.4188066741603
praat6_ac_auto,studio_M1.wav,1.2200793650793649,167.61305211787504
praat6_ac_auto,studio_M1.wav,1.2300793650793649,173.49140805848356
praat6_ac_auto,studio_M1.wav,1.240079365079365,175.24803556851344
praat6_ac_auto,studio_M1.wav,1.250079365079365,175.09083481901968
praat6_ac_auto,studio_M1.wav,1.260079365079365,175.15785178391593
praat6_ac_auto,studio_M1.wav,1.270079365079365,0.0
praat6_ac_auto,studio_M1.wav,1.280079365079365,0.0
praat6_ac_auto,studio_M1.wav,1.290079365079365,0.0
praat6_ac_auto,studio_M1.wav,1.300079365079365,0.0
praat6_ac_auto,studio_M1.wav,1.310079365079365,0.0
praat6_ac_auto,studio_M1.wav,1.320079365079365,0.0
praat6_ac_auto,studio_M1.wav,1.330079365079365,169.01244442389856
praat6_ac_auto,studio_M1.wav,1.340079365079365,154.3140320430344
praat6_ac_auto,studio_M1.wav,1.350079365079365,142.68353642835666
praat6_ac_auto,studio_M1.wav,1.360079365079365,128.18283451336288
praat6_ac_auto,studio_M1.wav,1.370079365079365,119.24756183994026
praat6_ac_auto,studio_M1.wav,1.380079365079365,113.21741708800383
praat6_ac_auto,studio_M1.wav,1.390079365079365,107.0112660943412
praat6_ac_auto,studio_M1.wav,1.400079365079365,102.07579101854965
praat6_ac_auto,studio_M1.wav,1.410079365079365,100.2523554400683
praat6_ac_auto,studio_M1.wav,1.420079365079365,99.10897180870222
praat6_ac_auto,studio_M1.wav,1.4300793650793648,98.41868889360893
praat6_ac_auto,studio_M1.wav,1.4400793650793648,90.16986845183898
praat6_ac_auto,studio_M1.wav,1.4500793650793649,93.37287561464576
praat6_ac_auto,studio_M1.wav,1.4600793650793649,93.75387475053229
praat6_ac_auto,studio_M1.wav,1.4700793650793649,94.45375024786117
praat6_ac_auto,studio_M1.wav,1.4800793650793649,96.16878132083889
praat6_ac_auto,studio_M1.wav,1.490079365079365,99.2007477334548
praat6_ac_auto,studio_M1.wav,1.500079365079365,99.1458456483235
praat6_ac_auto,studio_M1.wav,1.510079365079365,97.12661146072408
praat6_ac_auto,studio_M1.wav,1.520079365079365,95.97839478098265
praat6_ac_auto,studio_M1.wav,1.530079365079365,95.12805610811476
praat6_ac_auto,studio_M1.wav,1.540079365079365,94.36201395829683
praat6_ac_auto,studio_M1.wav,1.550079365079365,90.02050143524735
praat6_ac_auto,studio_M1.wav,1.560079365079365,90.214877961988
praat6_ac_auto,studio_M1.wav,1.570079365079365,91.76943480830556
praat6_ac_auto,studio_M1.wav,1.580079365079365,91.7915419707406
praat6_ac_auto,studio_M1.wav,1.590079365079365,0.0
praat6_ac_auto,studio_M1.wav,1.600079365079365,0.0
praat6_ac_auto,studio_M1.wav,1.610079365079365,0.0
praat6_ac_auto,studio_M1.wav,1.620079365079365,0.0
praat6_ac_auto,studio_M1.wav,1.630079365079365,0.0
praat6_ac_auto,studio_M1.wav,1.640079365079365,0.0
praat6_ac_auto,studio_M1.wav,1.650079365079365,0.0
praat6_ac_auto,studio_M1.wav,1.660079365079365,0.0
praat6_ac_auto,studio_M1.wav,1.670079365079365,0.0
praat6_ac_auto,studio_M1.wav,1.680079365079365,0.0
praat6_ac_auto,studio_M1.wav,1.6900793650793648,93.03452307770009
praat6_ac_auto,studio_M1.wav,1.7000793650793649,91.64917036009588
praat6_ac_auto,studio_M1.wav,1.7100793650793649,0.0
praat6_ac_auto,studio_M1.wav,1.7200793650793649,0.0
praat6_ac_auto,studio_M1.wav,1.7300793650793649,0.0
praat6_ac_auto,studio_M1.wav,1.740079365079365,0.0
praat6_ac_auto,studio_M1.wav,1.750079365079365,0.0
praat6_ac_auto,studio_M1.wav,1.760079365079365,0.0
praat6_ac_auto,studio_M1.wav,1.770079365079365,0.0
praat6_ac_auto,studio_M1.wav,1.780079365079365,0.0
praat6_ac_auto,studio_M1.wav,1.790079365079365,0.0
praat6_ac_auto,studio_M1.wav,1.800079365079365,0.0
praat6_ac_auto,studio_M1.wav,1.810079365079365,0.0
praat6_ac_auto,studio_M1.wav,1.820079365079365,0.0
praat6_ac_auto,studio_M1.wav,1.830079365079365,114.21434727568978
praat6_ac_auto,studio_M1.wav,1.840079365079365,104.65310495337152
praat6_ac_auto,studio_M1.wav,1.850079365079365,104.23047125188656
praat6_ac_auto,studio_M1.wav,1.860079365079365,102.84463477860264
praat6_ac_auto,studio_M1.wav,1.870079365079365,101.39484804519657
praat6_ac_auto,studio_M1.wav,1.880079365079365,100.54493034563883
praat6_ac_auto,studio_M1.wav,1.890079365079365,99.66300715509543
praat6_ac_auto,studio_M1.wav,1.900079365079365,98.81103928253901
praat6_ac_auto,studio_M1.wav,1.910079365079365,98.45117625044085
praat6_ac_auto,studio_M1.wav,1.920079365079365,98.12203798186725
praat6_ac_auto,studio_M1.wav,1.930079365079365,97.62039707231588
praat6_ac_auto,studio_M1.wav,1.9400793650793648,96.1829028153706
praat6_ac_auto,studio_M1.wav,1.9500793650793649,95.06812807706321
praat6_ac_auto,studio_M1.wav,1.9600793650793649,94.4171587372854
praat6_ac_auto,studio_M1.wav,1.9700793650793649,93.59837853434496
praat6_ac_auto,studio_M1.wav,1.9800793650793649,92.99072933204123
praat6_ac_auto,studio_M1.wav,1.990079365079365,92.39365179531875
praat6_ac_auto,studio_M1.wav,2.000079365079365,91.8383171403177
praat6_ac_auto,studio_M1.wav,2.010079365079365,89.68412747759119
praat6_ac_auto,studio_M1.wav,2.020079365079365,89.23943696107409
praat6_ac_auto,studio_M1.wav,2.030079365079365,88.50075769236426
praat6_ac_auto,studio_M1.wav,2.040079365079365,87.90462818949129
praat6_ac_auto,studio_M1.wav,2.050079365079365,0.0
praat6_ac_auto,studio_M1.wav,2.060079365079365,0.0
praat6_ac_auto,studio_M1.wav,2.0700793650793647,0.0
praat6_ac_auto,studio_M1.wav,2.080079365079365,0.0
praat6_ac_auto,studio_M1.wav,2.0900793650793648,0.0
praat6_ac_auto,studio_M1.wav,2.100079365079365,0.0
praat6_ac_auto,studio_M1.wav,2.1100793650793648,0.0
praat6_ac_auto,studio_M1.wav,2.120079365079365,0.0
praat6_ac_auto,studio_M1.wav,2.130079365079365,0.0
praat6_ac_auto,studio_M1.wav,2.140079365079365,0.0
praat6_ac_auto,studio_M1.wav,2.150079365079365,0.0
praat6_ac_auto,studio_M1.wav,2.160079365079365,0.0
praat6_ac_auto,studio_M1.wav,2.170079365079365,0.0
praat6_ac_auto,studio_M1.wav,2.180079365079365,0.0
praat6_ac_auto,studio_M1.wav,2.190079365079365,0.0
praat6_ac_auto,studio_M1.wav,2.200079365079365,0.0
praat6_ac_auto,studio_M1.wav,2.210079365079365,0.0
praat6_ac_auto,studio_M1.wav,2.220079365079365,0.0
praat6_ac_auto,studio_M1.wav,2.230079365079365,0.0
praat6_ac_auto,studio_M1.wav,2.240079365079365,0.0
praat6_ac_auto,studio_M1.wav,2.250079365079365,0.0
praat6_ac_auto,studio_M1.wav,2.260079365079365,0.0
praat6_ac_auto,studio_M1.wav,2.270079365079365,0.0
praat6_ac_auto,studio_M1.wav,2.280079365079365,0.0
praat6_ac_auto,studio_M1.wav,2.290079365079365,0.0
praat6_ac_auto,studio_M1.wav,2.300079365079365,0.0
praat6_ac_auto,studio_M1.wav,2.310079365079365,0.0
praat6_ac_auto,studio_M1.wav,2.320079365079365,0.0
praat6_ac_auto,studio_M1.wav,2.330079365079365,0.0
praat6_ac_auto,studio_M1.wav,2.3400793650793648,0.0
praat6_ac_auto,studio_M1.wav,2.350079365079365,0.0
praat6_ac_auto,studio_M1.wav,2.3600793650793648,0.0
praat6_ac_auto,studio_M1.wav,2.370079365079365,0.0
praat6_ac_auto,studio_M1.wav,2.380079365079365,0.0
praat6_ac_auto,studio_M1.wav,2.390079365079365,0.0
praat6_ac_auto,studio_M1.wav,2.400079365079365,0.0
praat6_ac_auto,studio_M1.wav,2.410079365079365,0.0
praat6_ac_auto,studio_M1.wav,2.420079365079365,0.0
praat6_ac_auto,studio_M1.wav,2.430079365079365,0.0
praat6_ac_auto,studio_M1.wav,2.440079365079365,0.0
praat6_ac_auto,studio_M1.wav,2.450079365079365,0.0
praat6_ac_auto,studio_M1.wav,2.460079365079365,0.0
praat6_ac_auto,studio_M1.wav,2.470079365079365,0.0
praat6_ac_auto,studio_M1.wav,2.480079365079365,0.0
praat6_ac_auto,studio_M1.wav,2.490079365079365,0.0
praat6_ac_auto,studio_M1.wav,2.500079365079365,0.0
praat6_ac_auto,studio_M1.wav,2.510079365079365,0.0
praat6_ac_auto,studio_M1.wav,2.520079365079365,0.0
praat6_ac_auto,studio_M1.wav,2.530079365079365,0.0
praat6_ac_auto,studio_M1.wav,2.540079365079365,0.0
praat6_ac_auto,studio_M1.wav,2.550079365079365,0.0
praat6_ac_auto,studio_M1.wav,2.560079365079365,0.0
praat6_ac_auto,studio_M1.wav,2.570079365079365,0.0
praat6_ac_auto,studio_M1.wav,2.580079365079365,0.0
praat6_ac_auto,studio_M1.wav,2.5900793650793648,0.0
praat6_ac_auto,studio_M1.wav,2.600079365079365,0.0
praat6_ac_auto,studio_M1.wav,2.6100793650793648,0.0
praat6_ac_auto,studio_M1.wav,2.620079365079365,0.0
praat6_ac_auto,studio_M1.wav,2.630079365079365,0.0
praat6_ac_auto,studio_M1.wav,2.640079365079365,0.0
praat6_ac_auto,studio_M1.wav,2.650079365079365,0.0
praat6_ac_auto,studio_M1.wav,2.660079365079365,0.0
praat6_ac_auto,studio_M1.wav,2.670079365079365,0.0
praat6_ac_auto,studio_M1.wav,2.680079365079365,0.0
praat6_ac_auto,studio_M1.wav,2.690079365079365,0.0
praat6_ac_auto,studio_M1.wav,2.700079365079365,0.0
praat6_ac_auto,studio_M1.wav,2.710079365079365,0.0
praat6_ac_10ms,studio_M1.wav,0.020079365079365027,0.0
praat6_ac_10ms,studio_M1.wav,0.030079365079365025,0.0
praat6_ac_10ms,studio_M1.wav,0.04007936507936503,0.0
praat6_ac_10ms,studio_M1.wav,0.05007936507936503,0.0
praat6_ac_10ms,studio_M1.wav,0.060079365079365024,0.0
praat6_ac_10ms,studio_M1.wav,0.07007936507936503,0.0
praat6_ac_10ms,studio_M1.wav,0.08007936507936503,0.0
praat6_ac_10ms,studio_M1.wav,0.09007936507936504,0.0
praat6_ac_10ms,studio_M1.wav,0.10007936507936503,0.0
praat6_ac_10ms,studio_M1.wav,0.11007936507936503,0.0
praat6_ac_10ms,studio_M1.wav,0.12007936507936504,0.0
praat6_ac_10ms,studio_M1.wav,0.13007936507936502,0.0
praat6_ac_10ms,studio_M1.wav,0.14007936507936503,0.0
praat6_ac_10ms,studio_M1.wav,0.15007936507936503,0.0
praat6_ac_10ms,studio_M1.wav,0.16007936507936504,0.0
praat6_ac_10ms,studio_M1.wav,0.17007936507936502,0.0
praat6_ac_10ms,studio_M1.wav,0.18007936507936503,0.0
praat6_ac_10ms,studio_M1.wav,0.19007936507936504,0.0
praat6_ac_10ms,studio_M1.wav,0.20007936507936502,0.0
praat6_ac_10ms,studio_M1.wav,0.21007936507936503,0.0
praat6_ac_10ms,studio_M1.wav,0.22007936507936504,0.0
praat6_ac_10ms,studio_M1.wav,0.23007936507936502,0.0
praat6_ac_10ms,studio_M1.wav,0.24007936507936503,0.0
praat6_ac_10ms,studio_M1.wav,0.250079365079365,0.0
praat6_ac_10ms,studio_M1.wav,0.260079365079365,0.0
praat6_ac_10ms,studio_M1.wav,0.27007936507936503,0.0
praat6_ac_10ms,studio_M1.wav,0.28007936507936504,0.0
praat6_ac_10ms,studio_M1.wav,0.29007936507936505,0.0
praat6_ac_10ms,studio_M1.wav,0.30007936507936506,0.0
praat6_ac_10ms,studio_M1.wav,0.310079365079365,0.0
praat6_ac_10ms,studio_M1.wav,0.320079365079365,0.0
praat6_ac_10ms,studio_M1.wav,0.33007936507936503,0.0
praat6_ac_10ms,studio_M1.wav,0.34007936507936504,0.0
praat6_ac_10ms,studio_M1.wav,0.35007936507936505,0.0
praat6_ac_10ms,studio_M1.wav,0.36007936507936505,0.0
praat6_ac_10ms,studio_M1.wav,0.37007936507936506,0.0
praat6_ac_10ms,studio_M1.wav,0.380079365079365,0.0
praat6_ac_10ms,studio_M1.wav,0.390079365079365,0.0
praat6_ac_10ms,studio_M1.wav,0.40007936507936503,0.0
praat6_ac_10ms,studio_M1.wav,0.41007936507936504,0.0
praat6_ac_10ms,studio_M1.wav,0.42007936507936505,0.0
praat6_ac_10ms,studio_M1.wav,0.43007936507936506,0.0
praat6_ac_10ms,studio_M1.wav,0.440079365079365,0.0
praat6_ac_10ms,studio_M1.wav,0.450079365079365,0.0
praat6_ac_10ms,studio_M1.wav,0.46007936507936503,0.0
praat6_ac_10ms,studio_M1.wav,0.47007936507936504,0.0
praat6_ac_10ms,studio_M1.wav,0.48007936507936505,0.0
praat6_ac_10ms,studio_M1.wav,0.49007936507936506,0.0
praat6_ac_10ms,studio_M1.wav,0.500079365079365,0.0
praat6_ac_10ms,studio_M1.wav,0.510079365079365,0.0
praat6_ac_10ms,studio_M1.wav,0.520079365079365,0.0
praat6_ac_10ms,studio_M1.wav,0.530079365079365,0.0
praat6_ac_10ms,studio_M1.wav,0.540079365079365,0.0
praat6_ac_10ms,studio_M1.wav,0.5500793650793651,0.0
praat6_ac_10ms,studio_M1.wav,0.5600793650793651,0.0
praat6_ac_10ms,studio_M1.wav,0.5700793650793651,0.0
praat6_ac_10ms,studio_M1.wav,0.5800793650793651,0.0
praat6_ac_10ms,studio_M1.wav,0.5900793650793651,0.0
praat6_ac_10ms,studio_M1.wav,0.600079365079365,0.0
praat6_ac_10ms,studio_M1.wav,0.610079365079365,0.0
praat6_ac_10ms,studio_M1.wav,0.620079365079365,0.0
praat6_ac_10ms,studio_M1.wav,0.630079365079365,0.0
praat6_ac_10ms,studio_M1.wav,0.640079365079365,0.0
praat6_ac_10ms,studio_M1.wav,0.650079365079365,0.0
praat6_ac_10ms,studio_M1.wav,0.660079365079365,0.0
praat6_ac_10ms,studio_M1.wav,0.670079365079365,0.0
praat6_ac_10ms,studio_M1.wav,0.6800793650793651,0.0
praat6_ac_10ms,studio_M1.wav,0.6900793650793651,0.0
praat6_ac_10ms,studio_M1.wav,0.7000793650793651,0.0
praat6_ac_10ms,studio_M1.wav,0.7100793650793651,0.0
praat6_ac_10ms,studio_M1.wav,0.7200793650793651,0.0
praat6_ac_10ms,studio_M1.wav,0.730079365079365,0.0
praat6_ac_10ms,studio_M1.wav,0.740079365079365,0.0
praat6_ac_10ms,studio_M1.wav,0.750079365079365,0.0
praat6_ac_10ms,studio_M1.wav,0.760079365079365,0.0
praat6_ac_10ms,studio_M1.wav,0.770079365079365,0.0
praat6_ac_10ms,studio_M1.wav,0.780079365079365,0.0
praat6_ac_10ms,studio_M1.wav,0.790079365079365,0.0
praat6_ac_10ms,studio_M1.wav,0.8000793650793651,0.0
praat6_ac_10ms,studio_M1.wav,0.8100793650793651,0.0
praat6_ac_10ms,studio_M1.wav,0.8200793650793651,0.0
praat6_ac_10ms,studio_M1.wav,0.8300793650793651,0.0
praat6_ac_10ms,studio_M1.wav,0.8400793650793651,0.0
praat6_ac_10ms,studio_M1.wav,0.8500793650793651,0.0
praat6_ac_10ms,studio_M1.wav,0.860079365079365,0.0
praat6_ac_10ms,studio_M1.wav,0.870079365079365,0.0
praat6_ac_10ms,studio_M1.wav,0.880079365079365,0.0
praat6_ac_10ms,studio_M1.wav,0.890079365079365,0.0
praat6_ac_10ms,studio_M1.wav,0.900079365079365,0.0
praat6_ac_10ms,studio_M1.wav,0.910079365079365,0.0
praat6_ac_10ms,studio_M1.wav,0.920079365079365,0.0
praat6_ac_10ms,studio_M1.wav,0.9300793650793651,0.0
praat6_ac_10ms,studio_M1.wav,0.9400793650793651,137.97087754708986
praat6_ac_10ms,studio_M1.wav,0.9500793650793651,137.4441422043846
praat6_ac_10ms,studio_M1.wav,0.9600793650793651,134.96672573933066
praat6_ac_10ms,studio_M1.wav,0.9700793650793651,134.1644652548725
praat6_ac_10ms,studio_M1.wav,0.980079365079365,133.63352955568527
praat6_ac_10ms,studio_M1.wav,0.990079365079365,126.47182124219974
praat6_ac_10ms,studio_M1.wav,1.000079365079365,123.75416394968866
praat6_ac_10ms,studio_M1.wav,1.010079365079365,121.58502560380018
praat6_ac_10ms,studio_M1.wav,1.020079365079365,120.29833760022983
praat6_ac_10ms,studio_M1.wav,1.030079365079365,119.55790969215893
praat6_ac_10ms,studio_M1.wav,1.040079365079365,118.66863283368505
praat6_ac_10ms,studio_M1.wav,1.050079365079365,118.50139663555532
praat6_ac_10ms,studio_M1.wav,1.060079365079365,118.29510589576508
praat6_ac_10ms,studio_M1.wav,1.070079365079365,116.93835921175085
praat6_ac_10ms,studio_M1.wav,1.080079365079365,115.87044696880733
praat6_ac_10ms,studio_M1.wav,1.090079365079365,120.7500542208397
praat6_ac_10ms,studio_M1.wav,1.100079365079365,131.14092578010087
praat6_ac_10ms,studio_M1.wav,1.110079365079365,132.40602279953686
praat6_ac_10ms,studio_M1.wav,1.120079365079365,134.88588697662334
praat6_ac_10ms,studio_M1.wav,1.130079365079365,136.37696048813385
praat6_ac_10ms,studio_M1.wav,1.140079365079365,136.70286813661613
praat6_ac_10ms,studio_M1.wav,1.150079365079365,141.057666871281
praat6_ac_10ms,studio_M1.wav,1.160079365079365,140.59563404190757
praat6_ac_10ms,studio_M1.wav,1.170079365079365,134.2432781049516
praat6_ac_10ms,studio_M1.wav,1.1800793650793648,149.79428002252428
praat6_ac_10ms,studio_M1.wav,1.1900793650793648,0.0
praat6_ac_10ms,studio_M1.wav,1.2000793650793649,168.3638170171075
praat6_ac_10ms,studio_M1.wav,1.2100793650793649,164.4188066741603
praat6_ac_10ms,studio_M1.wav,1.2200793650793649,167.61305211787504
praat6_ac_10ms,studio_M1.wav,1.2300793650793649,173.49140805848356
praat6_ac_10ms,studio_M1.wav,1.240079365079365,175.24803556851344
praat6_ac_10ms,studio_M1.wav,1.250079365079365,175.09083481901968
praat6_ac_10ms,studio_M1.wav,1.260079365079365,175.15785178391593
praat6_ac_10ms,studio_M1.wav,1.270079365079365,0.0
praat6_ac_10ms,studio_M1.wav,1.280079365079365,0.0
praat6_ac_10ms,studio_M1.wav,1.290079365079365,0.0
praat6_ac_10ms,studio_M1.wav,1.300079365079365,0.0
praat6_ac_10ms,studio_M1.wav,1.310079365079365,0.0
praat6_ac_10ms,studio_M1.wav,1.320079365079365,0.0
praat6_ac_10ms,studio_M1.wav,1.330079365079365,169.01244442389856
praat6_ac_10ms,studio_M1.wav,1.340079365079365,154.3140320430344
praat6_ac_10ms,studio_M1.wav,1.350079365079365,142.68353642835666
praat6_ac_10ms,studio_M1.wav,1.360079365079365,128.18283451336288
praat6_ac_10ms,studio_M1.wav,1.370079365079365,119.24756183994026
praat6_ac_10ms,studio_M1.wav,1.380079365079365,113.21741708800383
praat6_ac_10ms,studio_M1.wav,1.390079365079365,107.0112660943412
praat6_ac_10ms,studio_M1.wav,1.400079365079365,102.07579101854965
praat6_ac_10ms,studio_M1.wav,1.410079365079365,100.2523554400683
praat6_ac_10ms,studio_M1.wav,1.420079365079365,99.10897180870222
praat6_ac_10ms,studio_M1.wav,1.4300793650793648,98.41868889360893
praat6_ac_10ms,studio_M1.wav,1.4400793650793648,90.16986845183898
praat6_ac_10ms,studio_M1.wav,1.4500793650793649,93.37287561464576
praat6_ac_10ms,studio_M1.wav,1.4600793650793649,93.75387475053229
praat6_ac_10ms,studio_M1.wav,1.4700793650793649,94.45375024786117
praat6_ac_10ms,studio_M1.wav,1.4800793650793649,96.16878132083889
praat6_ac_10ms,studio_M1.wav,1.490079365079365,99.2007477334548
praat6_ac_10ms,studio_M1.wav,1.500079365079365,99.1458456483235
praat6_ac_10ms,studio_M1.wav,1.510079365079365,97.12661146072408
praat6_ac_10ms,studio_M1.wav,1.520079365079365,95.97839478098265
praat6_ac_10ms,studio_M1.wav,1.530079365079365,95.12805610811476
praat6_ac_10ms,studio_M1.wav,1.540079365079365,94.36201395829683
praat6_ac_10ms,studio_M1.wav,1.550079365079365,90.02050143524735
praat6_ac_10ms,studio_M1.wav,1.560079365079365,90.214877961988
praat6_ac_10ms,studio_M1.wav,1.570079365079365,91.76943480830556
praat6_ac_10ms,studio_M1.wav,1.580079365079365,91.7915419707406
praat6_ac_10ms,studio_M1.wav,1.590079365079365,0.0
praat6_ac_10ms,studio_M1.wav,1.600079365079365,0.0
praat6_ac_10ms,studio_M1.wav,1.610079365079365,0.0
praat6_ac_10ms,studio_M1.wav,1.620079365079365,0.0
praat6_ac_10ms,studio_M1.wav,1.630079365079365,0.0
praat6_ac_10ms,studio_M1.wav,1.640079365079365,0.0
praat6_ac_10ms,studio_M1.wav,1.650079365079365,0.0
praat6_ac_10ms,studio_M1.wav,1.660079365079365,0.0
praat6_ac_10ms,studio_M1.wav,1.670079365079365,0.0
praat6_ac_10ms,studio_M1.wav,1.680079365079365,0.0
praat6_ac_10ms,studio_M1.wav,1.6900793650793648,93.03452307770009
praat6_ac_10ms,studio_M1.wav,1.7000793650793649,91.64917036009588
praat6_ac_10ms,studio_M1.wav,1.7100793650793649,0.0
praat6_ac_10ms,studio_M1.wav,1.7200793650793649,0.0
praat6_ac_10ms,studio_M1.wav,1.7300793650793649,0.0
praat6_ac_10ms,studio_M1.wav,1.740079365079365,0.0
praat6_ac_10ms,studio_M1.wav,1.750079365079365,0.0
praat6_ac_10ms,studio_M1.wav,1.760079365079365,0.0
praat6_ac_10ms,studio_M1.wav,1.770079365079365,0.0
praat6_ac_10ms,studio_M1.wav,1.780079365079365,0.0
praat6_ac_10ms,studio_M1.wav,1.790079365079365,0.0
praat6_ac_10ms,studio_M1.wav,1.800079365079365,0.0
praat6_ac_10ms,studio_M1.wav,1.810079365079365,0.0
praat6_ac_10ms,studio_M1.wav,1.820079365079365,0.0
praat6_ac_10ms,studio_M1.wav,1.830079365079365,114.21434727568978
praat6_ac_10ms,studio_M1.wav,1.840079365079365,104.65310495337152
praat6_ac_10ms,studio_M1.wav,1.850079365079365,104.23047125188656
praat6_ac_10ms,studio_M1.wav,1.860079365079365,102.84463477860264
praat6_ac_10ms,studio_M1.wav,1.870079365079365,101.39484804519657
praat6_ac_10ms,studio_M1.wav,1.880079365079365,100.54493034563883
praat6_ac_10ms,studio_M1.wav,1.890079365079365,99.66300715509543
praat6_ac_10ms,studio_M1.wav,1.900079365079365,98.81103928253901
praat6_ac_10ms,studio_M1.wav,1.910079365079365,98.45117625044085
praat6_ac_10ms,studio_M1.wav,1.920079365079365,98.12203798186725
praat6_ac_10ms,studio_M1.wav,1.930079365079365,97.62039707231588
praat6_ac_10ms,studio_M1.wav,1.9400793650793648,96.1829028153706
praat6_ac_10ms,studio_M1.wav,1.9500793650793649,95.06812807706321
praat6_ac_10ms,studio_M1.wav,1.9600793650793649,94.4171587372854
praat6_ac_10ms,studio_M1.wav,1.9700793650793649,93.59837853434496
praat6_ac_10ms,studio_M1.wav,1.9800793650793649,92.99072933204123
praat6_ac_10ms,studio_M1.wav,1.990079365079365,92.39365179531875
praat6_ac_10ms,studio_M1.wav,2.000079365079365,91.8383171403177
praat6_ac_10ms,studio_M1.wav,2.010079365079365,89.68412747759119
praat6_ac_10ms,studio_M1.wav,2.020079365079365,89.23943696107409
praat6_ac_10ms,studio_M1.wav,2.030079365079365,88.50075769236426
praat6_ac_10ms,studio_M1.wav,2.040079365079365,87.90462818949129
praat6_ac_10ms,studio_M1.wav,2.050079365079365,0.0
praat6_ac_10ms,studio_M1.wav,2.060079365079365,0.0
praat6_ac_10ms,studio_M1.wav,2.0700793650793647,0.0
praat6_ac_10ms,studio_M1.wav,2.080079365079365,0.0
praat6_ac_10ms,studio_M1.wav,2.0900793650793648,0.0
praat6_ac_10ms,studio_M1.wav,2.100079365079365,0.0
praat6_ac_10ms,studio_M1.wav,2.1100793650793648,0.0
praat6_ac_10ms,studio_M1.wav,2.120079365079365,0.0
praat6_ac_10ms,studio_M1.wav,2.130079365079365,0.0
praat6_ac_10ms,studio_M1.wav,2.140079365079365,0.0
praat6_ac_10ms,studio_M1.wav,2.150079365079365,0.0
praat6_ac_10ms,studio_M1.wav,2.160079365079365,0.0
praat6_ac_10ms,studio_M1.wav,2.170079365079365,0.0
praat6_ac_10ms,studio_M1.wav,2.180079365079365,0.0
praat6_ac_10ms,studio_M1.wav,2.190079365079365,0.0
praat6_ac_10ms,studio_M1.wav,2.200079365079365,0.0
praat6_ac_10ms,studio_M1.wav,2.210079365079365,0.0
praat6_ac_10ms,studio_M1.wav,2.220079365079365,0.0
praat6_ac_10ms,studio_M1.wav,2.230079365079365,0.0
praat6_ac_10ms,studio_M1.wav,2.240079365079365,0.0
praat6_ac_10ms,studio_M1.wav,2.250079365079365,0.0
praat6_ac_10ms,studio_M1.wav,2.260079365079365,0.0
praat6_ac_10ms,studio_M1.wav,2.270079365079365,0.0
praat6_ac_10ms,studio_M1.wav,2.280079365079365,0.0
praat6_ac_10ms,studio_M1.wav,2.290079365079365,0.0
praat6_ac_10ms,studio_M1.wav,2.300079365079365,0.0
praat6_ac_10ms,studio_M1.wav,2.310079365079365,0.0
praat6_ac_10ms,studio_M1.wav,2.320079365079365,0.0
praat6_ac_10ms,studio_M1.wav,2.330079365079365,0.0
praat6_ac_10ms,studio_M1.wav,2.3400793650793648,0.0
praat6_ac_10ms,studio_M1.wav,2.350079365079365,0.0
praat6_ac_10ms,studio_M1.wav,2.3600793650793648,0.0
praat6_ac_10ms,studio_M1.wav,2.370079365079365,0.0
praat6_ac_10ms,studio_M1.wav,2.380079365079365,0.0
praat6_ac_10ms,studio_M1.wav,2.390079365079365,0.0
praat6_ac_10ms,studio_M1.wav,2.400079365079365,0.0
praat6_ac_10ms,studio_M1.wav,2.410079365079365,0.0
praat6_ac_10ms,studio_M1.wav,2.420079365079365,0.0
praat6_ac_10ms,studio_M1.wav,2.430079365079365,0.0
praat6_ac_10ms,studio_M1.wav,2.440079365079365,0.0
praat6_ac_10ms,studio_M1.wav,2.450079365079365,0.0
praat6_ac_10ms,studio_M1.wav,2.460079365079365,0.0
praat6_ac_10ms,studio_M1.wav,2.470079365079365,0.0
praat6_ac_10ms,studio_M1.wav,2.480079365079365,0.0
praat6_ac_10ms,studio_M1.wav,2.490079365079365,0.0
praat6_ac_10ms,studio_M1.wav,2.500079365079365,0.0
praat6_ac_10ms,studio_M1.wav,2.510079365079365,0.0
praat6_ac_10ms,studio_M1.wav,2.520079365079365,0.0
praat6_ac_10ms,studio_M1.wav,2.530079365079365,0.0
praat6_ac_10ms,studio_M1.wav,2.540079365079365,0.0
praat6_ac_10ms,studio_M1.wav,2.550079365079365,0.0
praat6_ac_10ms,studio_M1.wav,2.560079365079365,0.0
praat6_ac_10ms,studio_M1.wav,2.570079365079365,0.0
praat6_ac_10ms,studio_M1.wav,2.580079365079365,0.0
praat6_ac_10ms,studio_M1.wav,2.5900793650793648,0.0
praat6_ac_10ms,studio_M1.wav,2.600079365079365,0.0
praat6_ac_10ms,studio_M1.wav,2.6100793650793648,0.0
praat6_ac_10ms,studio_M1.wav,2.620079365079365,0.0
praat6_ac_10ms,studio_M1.wav,2.630079365079365,0.0
praat6_ac_10ms,studio_M1.wav,2.640079365079365,0.0
praat6_ac_10ms,studio_M1.wav,2.650079365079365,0.0
praat6_ac_10ms,studio_M1.wav,2.660079365079365,0.0
praat6_ac_10ms,studio_M1.wav,2.670079365079365,0.0
praat6_ac_10ms,studio_M1.wav,2.680079365079365,0.0
praat6_ac_10ms,studio_M1.wav,2.690079365079365,0.0
praat6_ac_10ms,studio_M1.wav,2.700079365079365,0.0
praat6_ac_10ms,studio_M1.wav,2.710079365079365,0.0
praat6_cc_auto,studio_M1.wav,0.013412698412698282,0.0
praat6_cc_auto,studio_M1.wav,0.016746031746031616,0.0
praat6_cc_auto,studio_M1.wav,0.02007936507936495,0.0
praat6_cc_auto,studio_M1.wav,0.02341269841269828,0.0
praat6_cc_auto,studio_M1.wav,0.026746031746031615,0.0
praat6_cc_auto,studio_M1.wav,0.03007936507936495,0.0
praat6_cc_auto,studio_M1.wav,0.03341269841269828,0.0
praat6_cc_auto,studio_M1.wav,0.03674603174603162,0.0
praat6_cc_auto,studio_M1.wav,0.04007936507936495,0.0
praat6_cc_auto,studio_M1.wav,0.043412698412698285,0.0
praat6_cc_auto,studio_M1.wav,0.04674603174603162,0.0
praat6_cc_auto,studio_M1.wav,0.050079365079364946,0.0
praat6_cc_auto,studio_M1.wav,0.05341269841269829,0.0
praat6_cc_auto,studio_M1.wav,0.056746031746031614,0.0
praat6_cc_auto,studio_M1.wav,0.060079365079364955,0.0
praat6_cc_auto,studio_M1.wav,0.06341269841269828,0.0
praat6_cc_auto,studio_M1.wav,0.06674603174603162,0.0
praat6_cc_auto,studio_M1.wav,0.07007936507936495,0.0
praat6_cc_auto,studio_M1.wav,0.07341269841269829,0.0
praat6_cc_auto,studio_M1.wav,0.07674603174603162,0.0
praat6_cc_auto,studio_M1.wav,0.08007936507936494,0.0
praat6_cc_auto,studio_M1.wav,0.08341269841269829,0.0
praat6_cc_auto,studio_M1.wav,0.08674603174603161,0.0
praat6_cc_auto,studio_M1.wav,0.09007936507936495,0.0
praat6_cc_auto,studio_M1.wav,0.09341269841269828,0.0
praat6_cc_auto,studio_M1.wav,0.09674603174603162,0.0
praat6_cc_auto,studio_M1.wav,0.10007936507936495,0.0
praat6_cc_auto,studio_M1.wav,0.10341269841269829,0.0
praat6_cc_auto,studio_M1.wav,0.10674603174603162,0.0
praat6_cc_auto,studio_M1.wav,0.11007936507936496,0.0
praat6_cc_auto,studio_M1.wav,0.11341269841269828,0.0
praat6_cc_auto,studio_M1.wav,0.11674603174603163,0.0
praat6_cc_auto,studio_M1.wav,0.12007936507936495,0.0
praat6_cc_auto,studio_M1.wav,0.12341269841269828,0.0
praat6_cc_auto,studio_M1.wav,0.12674603174603163,0.0
praat6_cc_auto,studio_M1.wav,0.13007936507936496,0.0
praat6_cc_auto,studio_M1.wav,0.1334126984126983,0.0
praat6_cc_auto,studio_M1.wav,0.13674603174603162,0.0
praat6_cc_auto,studio_M1.wav,0.14007936507936497,0.0
praat6_cc_auto,studio_M1.wav,0.1434126984126983,0.0
praat6_cc_auto,studio_M1.wav,0.14674603174603162,0.0
praat6_cc_auto,studio_M1.wav,0.15007936507936498,0.0
praat6_cc_auto,studio_M1.wav,0.1534126984126983,0.0
praat6_cc_auto,studio_M1.wav,0.15674603174603163,0.0
praat6_cc_auto,studio_M1.wav,0.16007936507936496,0.0
praat6_cc_auto,studio_M1.wav,0.16341269841269832,0.0
praat6_cc_auto,studio_M1.wav,0.16674603174603164,0.0
praat6_cc_auto,studio_M1.wav,0.17007936507936497,0.0
praat6_cc_auto,studio_M1.wav,0.1734126984126983,0.0
praat6_cc_auto,studio_M1.wav,0.17674603174603162,0.0
praat6_cc_auto,studio_M1.wav,0.18007936507936498,0.0
praat6_cc_auto,studio_M1.wav,0.1834126984126983,0.0
praat6_cc_auto,studio_M1.wav,0.18674603174603163,0.0
praat6_cc_auto,studio_M1.wav,0.19007936507936496,0.0
praat6_cc_auto,studio_M1.wav,0.19341269841269831,0.0
praat6_cc_auto,studio_M1.wav,0.19674603174603164,0.0
praat6_cc_auto,studio_M1.wav,0.20007936507936497,0.0
praat6_cc_auto,studio_M1.wav,0.2034126984126983,0.0
praat6_cc_auto,studio_M1.wav,0.20674603174603165,0.0
praat6_cc_auto,studio_M1.wav,0.21007936507936498,0.0
praat6_cc_auto,studio_M1.wav,0.2134126984126983,0.0
praat6_cc_auto,studio_M1.wav,0.21674603174603163,0.0
praat6_cc_auto,studio_M1.wav,0.22007936507936499,0.0
praat6_cc_auto,studio_M1.wav,0.2234126984126983,0.0
praat6_cc_auto,studio_M1.wav,0.22674603174603164,0.0
praat6_cc_auto,studio_M1.wav,0.23007936507936497,0.0
praat6_cc_auto,studio_M1.wav,0.2334126984126983,0.0
praat6_cc_auto,studio_M1.wav,0.23674603174603165,0.0
praat6_cc_auto,studio_M1.wav,0.24007936507936498,0.0
praat6_cc_auto,studio_M1.wav,0.2434126984126983,0.0
praat6_cc_auto,studio_M1.wav,0.24674603174603163,0.0
praat6_cc_auto,studio_M1.wav,0.25007936507936496,0.0
praat6_cc_auto,studio_M1.wav,0.2534126984126983,0.0
praat6_cc_auto,studio_M1.wav,0.2567460317460316,0.0
praat6_cc_auto,studio_M1.wav,0.26007936507936497,0.0
praat6_cc_auto,studio_M1.wav,0.26341269841269827,0.0
praat6_cc_auto,studio_M1.wav,0.2667460317460316,0.0
praat6_cc_auto,studio_M1.wav,0.270079365079365,0.0
praat6_cc_auto,studio_M1.wav,0.2734126984126983,0.0
praat6_cc_auto,studio_M1.wav,0.27674603174603163,0.0
praat6_cc_auto,studio_M1.wav,0.28007936507936493,0.0
praat6_cc_auto,studio_M1.wav,0.2834126984126983,0.0
praat6_cc_auto,studio_M1.wav,0.28674603174603164,0.0
praat6_cc_auto,studio_M1.wav,0.29007936507936494,0.0
praat6_cc_auto,studio_M1.wav,0.2934126984126983,0.0
praat6_cc_auto,studio_M1.wav,0.2967460317460316,0.0
praat6_cc_auto,studio_M1.wav,0.30007936507936495,0.0
praat6_cc_auto,studio_M1.wav,0.3034126984126983,0.0
praat6_cc_auto,studio_M1.wav,0.3067460317460316,0.0
praat6_cc_auto,studio_M1.wav,0.31007936507936495,0.0
praat6_cc_auto,studio_M1.wav,0.3134126984126983,0.0
praat6_cc_auto,studio_M1.wav,0.3167460317460316,0.0
praat6_cc_auto,studio_M1.wav,0.32007936507936496,0.0
praat6_cc_auto,studio_M1.wav,0.32341269841269826,0.0
praat6_cc_auto,studio_M1.wav,0.3267460317460316,0.0
praat6_cc_auto,studio_M1.wav,0.330079365079365,0.0
praat6_cc_auto,studio_M1.wav,0.33341269841269827,0.0
praat6_cc_auto,studio_M1.wav,0.3367460317460316,0.0
praat6_cc_auto,studio_M1.wav,0.3400793650793649,0.0
praat6_cc_auto,studio_M1.wav,0.3434126984126983,0.0
praat6_cc_auto,studio_M1.wav,0.34674603174603164,0.0
praat6_cc_auto,studio_M1.wav,0.35007936507936493,0.0
praat6_cc_auto,studio_M1.wav,0.3534126984126983,0.0
praat6_cc_auto,studio_M1.wav,0.35674603174603164,0.0
praat6_cc_auto,studio_M1.wav,0.36007936507936494,0.0
praat6_cc_auto,studio_M1.wav,0.3634126984126983,0.0
praat6_cc_auto,studio_M1.wav,0.3667460317460316,0.0
praat6_cc_auto,studio_M1.wav,0.37007936507936495,0.0
praat6_cc_auto,studio_M1.wav,0.3734126984126983,0.0
praat6_cc_auto,studio_M1.wav,0.3767460317460316,0.0
praat6_cc_auto,studio_M1.wav,0.38007936507936496,0.0
praat6_cc_auto,studio_M1.wav,0.3834126984126983,0.0
praat6_cc_auto,studio_M1.wav,0.3867460317460316,0.0
praat6_cc_auto,studio_M1.wav,0.39007936507936497,0.0
praat6_cc_auto,studio_M1.wav,0.39341269841269827,0.0
praat6_cc_auto,studio_M1.wav,0.3967460317460316,0.0
praat6_cc_auto,studio_M1.wav,0.400079365079365,0.0
praat6_cc_auto,studio_M1.wav,0.4034126984126983,0.0
praat6_cc_auto,studio_M1.wav,0.40674603174603163,0.0
praat6_cc_auto,studio_M1.wav,0.41007936507936493,0.0
praat6_cc_auto,studio_M1.wav,0.4134126984126983,0.0
praat6_cc_auto,studio_M1.wav,0.41674603174603164,0.0
praat6_cc_auto,studio_M1.wav,0.42007936507936494,0.0
praat6_cc_auto,studio_M1.wav,0.4234126984126983,0.0
praat6_cc_auto,studio_M1.wav,0.42674603174603165,0.0
praat6_cc_auto,studio_M1.wav,0.43007936507936495,0.0
praat6_cc_auto,studio_M1.wav,0.4334126984126983,0.0
praat6_cc_auto,studio_M1.wav,0.4367460317460316,0.0
praat6_cc_auto,studio_M1.wav,0.44007936507936496,0.0
praat6_cc_auto,studio_M1.wav,0.4434126984126983,0.0
praat6_cc_auto,studio_M1.wav,0.4467460317460316,0.0
praat6_cc_auto,studio_M1.wav,0.45007936507936497,0.0
praat6_cc_auto,studio_M1.wav,0.45341269841269827,0.0
praat6_cc_auto,studio_M1.wav,0.4567460317460316,0.0
praat6_cc_auto,studio_M1.wav,0.460079365079365,0.0
praat6_cc_auto,studio_M1.wav,0.4634126984126983,0.0
praat6_cc_auto,studio_M1.wav,0.46674603174603163,0.0
praat6_cc_auto,studio_M1.wav,0.470079365079365,0.0
praat6_cc_auto,studio_M1.wav,0.4734126984126983,0.0
praat6_cc_auto,studio_M1.wav,0.47674603174603164,0.0
praat6_cc_auto,studio_M1.wav,0.48007936507936494,0.0
praat6_cc_auto,studio_M1.wav,0.4834126984126983,0.0
praat6_cc_auto,studio_M1.wav,0.48674603174603165,0.0
praat6_cc_auto,studio_M1.wav,0.49007936507936495,0.0
praat6_cc_auto,studio_M1.wav,0.4934126984126983,0.0
praat6_cc_auto,studio_M1.wav,0.4967460317460316,0.0
praat6_cc_auto,studio_M1.wav,0.500079365079365,0.0
praat6_cc_auto,studio_M1.wav,0.5034126984126983,0.0
praat6_cc_auto,studio_M1.wav,0.5067460317460316,0.0
praat6_cc_auto,studio_M1.wav,0.510079365079365,0.0
praat6_cc_auto,studio_M1.wav,0.5134126984126983,0.0
praat6_cc_auto,studio_M1.wav,0.5167460317460317,0.0
praat6_cc_auto,studio_M1.wav,0.520079365079365,0.0
praat6_cc_auto,studio_M1.wav,0.5234126984126983,0.0
praat6_cc_auto,studio_M1.wav,0.5267460317460317,0.0
praat6_cc_auto,studio_M1.wav,0.530079365079365,0.0
praat6_cc_auto,studio_M1.wav,0.5334126984126983,0.0
praat6_cc_auto,studio_M1.wav,0.5367460317460316,0.0
praat6_cc_auto,studio_M1.wav,0.540079365079365,0.0
praat6_cc_auto,studio_M1.wav,0.5434126984126983,0.0
praat6_cc_auto,studio_M1.wav,0.5467460317460316,0.0
praat6_cc_auto,studio_M1.wav,0.5500793650793651,0.0
praat6_cc_auto,studio_M1.wav,0.5534126984126984,0.0
praat6_cc_auto,studio_M1.wav,0.5567460317460317,0.0
praat6_cc_auto,studio_M1.wav,0.5600793650793651,0.0
praat6_cc_auto,studio_M1.wav,0.5634126984126984,0.0
praat6_cc_auto,studio_M1.wav,0.5667460317460317,0.0
praat6_cc_auto,studio_M1.wav,0.5700793650793651,0.0
praat6_cc_auto,studio_M1.wav,0.5734126984126984,0.0
praat6_cc_auto,studio_M1.wav,0.5767460317460317,0.0
praat6_cc_auto,studio_M1.wav,0.580079365079365,0.0
praat6_cc_auto,studio_M1.wav,0.5834126984126984,0.0
praat6_cc_auto,studio_M1.wav,0.5867460317460317,0.0
praat6_cc_auto,studio_M1.wav,0.590079365079365,0.0
praat6_cc_auto,studio_M1.wav,0.5934126984126984,0.0
praat6_cc_auto,studio_M1.wav,0.5967460317460317,0.0
praat6_cc_auto,studio_M1.wav,0.600079365079365,0.0
praat6_cc_auto,studio_M1.wav,0.6034126984126984,0.0
praat6_cc_auto,studio_M1.wav,0.6067460317460317,0.0
praat6_cc_auto,studio_M1.wav,0.610079365079365,0.0
praat6_cc_auto,studio_M1.wav,0.6134126984126984,0.0
praat6_cc_auto,studio_M1.wav,0.6167460317460317,0.0
praat6_cc_auto,studio_M1.wav,0.620079365079365,0.0
praat6_cc_auto,studio_M1.wav,0.6234126984126983,0.0
praat6_cc_auto,studio_M1.wav,0.6267460317460317,0.0
praat6_cc_auto,studio_M1.wav,0.630079365079365,0.0
praat6_cc_auto,studio_M1.wav,0.6334126984126983,0.0
praat6_cc_auto,studio_M1.wav,0.6367460317460317,0.0
praat6_cc_auto,studio_M1.wav,0.640079365079365,0.0
praat6_cc_auto,studio_M1.wav,0.6434126984126983,0.0
praat6_cc_auto,studio_M1.wav,0.6467460317460317,0.0
praat6_cc_auto,studio_M1.wav,0.650079365079365,0.0
praat6_cc_auto,studio_M1.wav,0.6534126984126983,0.0
praat6_cc_auto,studio_M1.wav,0.6567460317460317,0.0
praat6_cc_auto,studio_M1.wav,0.660079365079365,0.0
praat6_cc_auto,studio_M1.wav,0.6634126984126983,0.0
praat6_cc_auto,studio_M1.wav,0.6667460317460316,0.0
praat6_cc_auto,studio_M1.wav,0.670079365079365,0.0
praat6_cc_auto,studio_M1.wav,0.6734126984126984,0.0
praat6_cc_auto,studio_M1.wav,0.6767460317460317,0.0
praat6_cc_auto,studio_M1.wav,0.6800793650793651,0.0
praat6_cc_auto,studio_M1.wav,0.6834126984126984,0.0
praat6_cc_auto,studio_M1.wav,0.6867460317460317,0.0
praat6_cc_auto,studio_M1.wav,0.6900793650793651,0.0
praat6_cc_auto,studio_M1.wav,0.6934126984126984,0.0
praat6_cc_auto,studio_M1.wav,0.6967460317460317,0.0
praat6_cc_auto,studio_M1.wav,0.7000793650793651,0.0
praat6_cc_auto,studio_M1.wav,0.7034126984126984,0.0
praat6_cc_auto,studio_M1.wav,0.7067460317460317,0.0
praat6_cc_auto,studio_M1.wav,0.710079365079365,0.0
praat6_cc_auto,studio_M1.wav,0.7134126984126984,0.0
praat6_cc_auto,studio_M1.wav,0.7167460317460317,0.0
praat6_cc_auto,studio_M1.wav,0.720079365079365,0.0
praat6_cc_auto,studio_M1.wav,0.7234126984126984,0.0
praat6_cc_auto,studio_M1.wav,0.7267460317460317,0.0
praat6_cc_auto,studio_M1.wav,0.730079365079365,0.0
praat6_cc_auto,studio_M1.wav,0.7334126984126984,0.0
praat6_cc_auto,studio_M1.wav,0.7367460317460317,0.0
praat6_cc_auto,studio_M1.wav,0.740079365079365,0.0
praat6_cc_auto,studio_M1.wav,0.7434126984126984,0.0
praat6_cc_auto,studio_M1.wav,0.7467460317460317,0.0
praat6_cc_auto,studio_M1.wav,0.750079365079365,0.0
praat6_cc_auto,studio_M1.wav,0.7534126984126984,0.0
praat6_cc_auto,studio_M1.wav,0.7567460317460317,0.0
praat6_cc_auto,studio_M1.wav,0.760079365079365,0.0
praat6_cc_auto,studio_M1.wav,0.7634126984126983,0.0
praat6_cc_auto,studio_M1.wav,0.7667460317460317,0.0
praat6_cc_auto,studio_M1.wav,0.770079365079365,0.0
praat6_cc_auto,studio_M1.wav,0.7734126984126983,0.0
praat6_cc_auto,studio_M1.wav,0.7767460317460317,0.0
praat6_cc_auto,studio_M1.wav,0.780079365079365,0.0
praat6_cc_auto,studio_M1.wav,0.7834126984126983,0.0
praat6_cc_auto,studio_M1.wav,0.7867460317460317,0.0
praat6_cc_auto,studio_M1.wav,0.790079365079365,0.0
praat6_cc_auto,studio_M1.wav,0.7934126984126983,0.0
praat6_cc_auto,studio_M1.wav,0.7967460317460318,0.0
praat6_cc_auto,studio_M1.wav,0.8000793650793651,0.0
praat6_cc_auto,studio_M1.wav,0.8034126984126984,0.0
praat6_cc_auto,studio_M1.wav,0.8067460317460317,0.0
praat6_cc_auto,studio_M1.wav,0.8100793650793651,0.0
praat6_cc_auto,studio_M1.wav,0.8134126984126984,0.0
praat6_cc_auto,studio_M1.wav,0.8167460317460317,0.0
praat6_cc_auto,studio_M1.wav,0.8200793650793651,0.0
praat6_cc_auto,studio_M1.wav,0.8234126984126984,0.0
praat6_cc_auto,studio_M1.wav,0.8267460317460317,0.0
praat6_cc_auto,studio_M1.wav,0.8300793650793651,0.0
praat6_cc_auto,studio_M1.wav,0.8334126984126984,0.0
praat6_cc_auto,studio_M1.wav,0.8367460317460317,0.0
praat6_cc_auto,studio_M1.wav,0.8400793650793651,0.0
praat6_cc_auto,studio_M1.wav,0.8434126984126984,0.0
praat6_cc_auto,studio_M1.wav,0.8467460317460317,0.0
praat6_cc_auto,studio_M1.wav,0.850079365079365,0.0
praat6_cc_auto,studio_M1.wav,0.8534126984126984,0.0
praat6_cc_auto,studio_M1.wav,0.8567460317460317,0.0
praat6_cc_auto,studio_M1.wav,0.860079365079365,0.0
praat6_cc_auto,studio_M1.wav,0.8634126984126984,0.0
praat6_cc_auto,studio_M1.wav,0.8667460317460317,0.0
praat6_cc_auto,studio_M1.wav,0.870079365079365,0.0
praat6_cc_auto,studio_M1.wav,0.8734126984126984,0.0
praat6_cc_auto,studio_M1.wav,0.8767460317460317,0.0
praat6_cc_auto,studio_M1.wav,0.880079365079365,0.0
praat6_cc_auto,studio_M1.wav,0.8834126984126984,0.0
praat6_cc_auto,studio_M1.wav,0.8867460317460317,0.0
praat6_cc_auto,studio_M1.wav,0.890079365079365,0.0
praat6_cc_auto,studio_M1.wav,0.8934126984126983,0.0
praat6_cc_auto,studio_M1.wav,0.8967460317460317,0.0
praat6_cc_auto,studio_M1.wav,0.900079365079365,0.0
praat6_cc_auto,studio_M1.wav,0.9034126984126983,0.0
praat6_cc_auto,studio_M1.wav,0.9067460317460317,0.0
praat6_cc_auto,studio_M1.wav,0.910079365079365,0.0
praat6_cc_auto,studio_M1.wav,0.9134126984126983,0.0
praat6_cc_auto,studio_M1.wav,0.9167460317460318,0.0
praat6_cc_auto,studio_M1.wav,0.920079365079365,0.0
praat6_cc_auto,studio_M1.wav,0.9234126984126984,0.0
praat6_cc_auto,studio_M1.wav,0.9267460317460318,0.0
praat6_cc_auto,studio_M1.wav,0.9300793650793651,158.91776573104698
praat6_cc_auto,studio_M1.wav,0.9334126984126984,160.0169698943861
praat6_cc_auto,studio_M1.wav,0.9367460317460317,160.21109529450888
praat6_cc_auto,studio_M1.wav,0.9400793650793651,137.1976438954864
praat6_cc_auto,studio_M1.wav,0.9434126984126984,137.2539369668543
praat6_cc_auto,studio_M1.wav,0.9467460317460317,138.5141488353534
praat6_cc_auto,studio_M1.wav,0.9500793650793651,138.92806029929446
praat6_cc_auto,studio_M1.wav,0.9534126984126984,137.15469524788503
praat6_cc_auto,studio_M1.wav,0.9567460317460317,136.7652076002154
praat6_cc_auto,studio_M1.wav,0.9600793650793651,135.1208252736139
praat6_cc_auto,studio_M1.wav,0.9634126984126984,135.08133500283648
praat6_cc_auto,studio_M1.wav,0.9667460317460317,134.36451523168225
praat6_cc_auto,studio_M1.wav,0.9700793650793651,134.31109614357118
praat6_cc_auto,studio_M1.wav,0.9734126984126984,134.1165275046641
praat6_cc_auto,studio_M1.wav,0.9767460317460317,133.94602553665416
praat6_cc_auto,studio_M1.wav,0.980079365079365,133.9130312579238
praat6_cc_auto,studio_M1.wav,0.9834126984126984,133.49939164221405
praat6_cc_auto,studio_M1.wav,0.9867460317460317,133.5055802012356
praat6_cc_auto,studio_M1.wav,0.990079365079365,132.67393175217273
praat6_cc_auto,studio_M1.wav,0.9934126984126984,132.43353981517754
praat6_cc_auto,studio_M1.wav,0.9967460317460317,129.0551200286629
praat6_cc_auto,studio_M1.wav,1.000079365079365,123.6090363558608
praat6_cc_auto,studio_M1.wav,1.0034126984126983,124.75996019863564
praat6_cc_auto,studio_M1.wav,1.0067460317460317,123.45802658972333
praat6_cc_auto,studio_M1.wav,1.010079365079365,122.02986973716823
praat6_cc_auto,studio_M1.wav,1.0134126984126983,121.36743596998025
praat6_cc_auto,studio_M1.wav,1.0167460317460317,121.06252458757261
praat6_cc_auto,studio_M1.wav,1.0200793650793651,120.50721612860752
praat6_cc_auto,studio_M1.wav,1.0234126984126983,120.1172688321327
praat6_cc_auto,studio_M1.wav,1.0267460317460317,120.07589564182261
praat6_cc_auto,studio_M1.wav,1.0300793650793652,119.66956244446243
praat6_cc_auto,studio_M1.wav,1.0334126984126983,119.44712189114699
praat6_cc_auto,studio_M1.wav,1.0367460317460317,119.24329595531648
praat6_cc_auto,studio_M1.wav,1.0400793650793652,118.73954376572675
praat6_cc_auto,studio_M1.wav,1.0434126984126983,118.5422762787991
praat6_cc_auto,studio_M1.wav,1.0467460317460318,118.3419705223423
praat6_cc_auto,studio_M1.wav,1.050079365079365,118.36654370262211
praat6_cc_auto,studio_M1.wav,1.0534126984126984,118.66003517744923
praat6_cc_auto,studio_M1.wav,1.0567460317460318,118.5730034657012
praat6_cc_auto,studio_M1.wav,1.060079365079365,118.42508030883333
praat6_cc_auto,studio_M1.wav,1.0634126984126984,118.18097248574911
praat6_cc_auto,studio_M1.wav,1.0667460317460318,117.74242605542787
praat6_cc_auto,studio_M1.wav,1.070079365079365,117.22019251321744
praat6_cc_auto,studio_M1.wav,1.0734126984126984,116.61639621396245
praat6_cc_auto,studio_M1.wav,1.0767460317460318,116.10760620921108
praat6_cc_auto,studio_M1.wav,1.080079365079365,115.9373931437831
praat6_cc_auto,studio_M1.wav,1.0834126984126984,115.80736676946063
praat6_cc_auto,studio_M1.wav,1.0867460317460318,115.68223348882617
praat6_cc_auto,studio_M1.wav,1.090079365079365,118.03637911016202
praat6_cc_auto,studio_M1.wav,1.0934126984126984,119.34840901608419
praat6_cc_auto,studio_M1.wav,1.0967460317460318,124.55637460097104
praat6_cc_auto,studio_M1.wav,1.100079365079365,129.43183143178567
praat6_cc_auto,studio_M1.wav,1.1034126984126984,130.25589745528714
praat6_cc_auto,studio_M1.wav,1.1067460317460318,131.55290443862322
praat6_cc_auto,studio_M1.wav,1.110079365079365,131.67902891825636
praat6_cc_auto,studio_M1.wav,1.1134126984126984,132.5407677683209
praat6_cc_auto,studio_M1.wav,1.1167460317460318,132.6469073886859
praat6_cc_auto,studio_M1.wav,1.120079365079365,133.79780667895054
praat6_cc_auto,studio_M1.wav,1.1234126984126984,134.94431343817786
praat6_cc_auto,studio_M1.wav,1.1267460317460318,135.9017056152734
praat6_cc_auto,studio_M1.wav,1.130079365079365,136.3092286608425
praat6_cc_auto,studio_M1.wav,1.1334126984126984,136.43361971659422
praat6_cc_auto,studio_M1.wav,1.1367460317460316,136.6092131926863
praat6_cc_auto,studio_M1.wav,1.140079365079365,136.5275167207711
praat6_cc_auto,studio_M1.wav,1.1434126984126984,136.71465836326834
praat6_cc_auto,studio_M1.wav,1.1467460317460316,137.12261992085328
praat6_cc_auto,studio_M1.wav,1.150079365079365,140.92766536887922
praat6_cc_auto,studio_M1.wav,1.1534126984126984,141.76246225353532
praat6_cc_auto,studio_M1.wav,1.1567460317460316,142.22966559356442
praat6_cc_auto,studio_M1.wav,1.160079365079365,141.74173253989343
praat6_cc_auto,studio_M1.wav,1.1634126984126985,138.3873371413987
praat6_cc_auto,studio_M1.wav,1.1667460317460316,128.45274112712008
praat6_cc_auto,studio_M1.wav,1.170079365079365,129.83276438233355
praat6_cc_auto,studio_M1.wav,1.1734126984126985,137.14408088356436
praat6_cc_auto,studio_M1.wav,1.1767460317460317,143.13213227165832
praat6_cc_auto,studio_M1.wav,1.180079365079365,146.53780251930513
praat6_cc_auto,studio_M1.wav,1.1834126984126985,152.61988614847567
praat6_cc_auto,studio_M1.wav,1.1867460317460317,164.23443875535278
praat6_cc_auto,studio_M1.wav,1.190079365079365,169.08594456022976
praat6_cc_auto,studio_M1.wav,1.1934126984126985,168.19803250890283
praat6_cc_auto,studio_M1.wav,1.1967460317460317,170.5479930934981
praat6_cc_auto,studio_M1.wav,1.200079365079365,170.96500253941508
praat6_cc_auto,studio_M1.wav,1.2034126984126985,171.97433523390993
praat6_cc_auto,studio_M1.wav,1.2067460317460317,167.98575835288796
praat6_cc_auto,studio_M1.wav,1.210079365079365,166.39588558398762
praat6_cc_auto,studio_M1.wav,1.2134126984126985,165.5077134619666
praat6_cc_auto,studio_M1.wav,1.2167460317460317,162.97546747547548
praat6_cc_auto,studio_M1.wav,1.220079365079365,163.5586471517835
praat6_cc_auto,studio_M1.wav,1.2234126984126985,165.98373179248338
praat6_cc_auto,studio_M1.wav,1.2267460317460317,169.18951144069834
praat6_cc_auto,studio_M1.wav,1.230079365079365,171.14943550881904
praat6_cc_auto,studio_M1.wav,1.2334126984126983,173.41312042008582
praat6_cc_auto,studio_M1.wav,1.2367460317460317,173.97140913232778
praat6_cc_auto,studio_M1.wav,1.2400793650793651,175.02561026721983
praat6_cc_auto,studio_M1.wav,1.2434126984126983,175.44597417662283
praat6_cc_auto,studio_M1.wav,1.2467460317460317,175.43879345086418
praat6_cc_auto,studio_M1.wav,1.2500793650793651,175.22482687763465
praat6_cc_auto,studio_M1.wav,1.2534126984126983,174.96204006291114
praat6_cc_auto,studio_M1.wav,1.2567460317460317,174.6984687989664
praat6_cc_auto,studio_M1.wav,1.2600793650793651,174.79595564895303
praat6_cc_auto,studio_M1.wav,1.2634126984126983,174.62750394889326
praat6_cc_auto,studio_M1.wav,1.2667460317460317,176.44731628513844
praat6_cc_auto,studio_M1.wav,1.2700793650793651,0.0
praat6_cc_auto,studio_M1.wav,1.2734126984126983,0.0
praat6_cc_auto,studio_M1.wav,1.2767460317460317,0.0
praat6_cc_auto,studio_M1.wav,1.2800793650793652,0.0
praat6_cc_auto,studio_M1.wav,1.2834126984126983,0.0
praat6_cc_auto,studio_M1.wav,1.2867460317460317,0.0
praat6_cc_auto,studio_M1.wav,1.2900793650793652,0.0
praat6_cc_auto,studio_M1.wav,1.2934126984126983,0.0
praat6_cc_auto,studio_M1.wav,1.2967460317460318,0.0
praat6_cc_auto,studio_M1.wav,1.3000793650793652,0.0
praat6_cc_auto,studio_M1.wav,1.3034126984126984,0.0
praat6_cc_auto,studio_M1.wav,1.3067460317460318,0.0
praat6_cc_auto,studio_M1.wav,1.3100793650793652,0.0
praat6_cc_auto,studio_M1.wav,1.3134126984126984,0.0
praat6_cc_auto,studio_M1.wav,1.3167460317460318,0.0
praat6_cc_auto,studio_M1.wav,1.320079365079365,0.0
praat6_cc_auto,studio_M1.wav,1.3234126984126984,0.0
praat6_cc_auto,studio_M1.wav,1.3267460317460318,0.0
praat6_cc_auto,studio_M1.wav,1.330079365079365,170.66311277821754
praat6_cc_auto,studio_M1.wav,1.3334126984126984,170.7773286723875
praat6_cc_auto,studio_M1.wav,1.3367460317460318,166.17508762226024
praat6_cc_auto,studio_M1.wav,1.340079365079365,166.17588821699243
praat6_cc_auto,studio_M1.wav,1.3434126984126984,153.54357565833718
praat6_cc_auto,studio_M1.wav,1.3467460317460318,152.94585817736652
praat6_cc_auto,studio_M1.wav,1.350079365079365,143.35778120239266
praat6_cc_auto,studio_M1.wav,1.3534126984126984,142.8480936644339
praat6_cc_auto,studio_M1.wav,1.3567460317460318,135.99274073666737
praat6_cc_auto,studio_M1.wav,1.360079365079365,133.6255769530112
praat6_cc_auto,studio_M1.wav,1.3634126984126984,128.31283831753217
praat6_cc_auto,studio_M1.wav,1.3667460317460318,122.92242807928321
praat6_cc_auto,studio_M1.wav,1.370079365079365,120.07248914325868
praat6_cc_auto,studio_M1.wav,1.3734126984126984,117.34735663449813
praat6_cc_auto,studio_M1.wav,1.3767460317460318,117.03970297032453
praat6_cc_auto,studio_M1.wav,1.380079365079365,115.25901553894144
praat6_cc_auto,studio_M1.wav,1.3834126984126984,112.77907854404052
praat6_cc_auto,studio_M1.wav,1.3867460317460318,108.95260559241233
praat6_cc_auto,studio_M1.wav,1.390079365079365,107.42089388693603
praat6_cc_auto,studio_M1.wav,1.3934126984126984,106.72842112680082
praat6_cc_auto,studio_M1.wav,1.3967460317460318,103.35174322009847
praat6_cc_auto,studio_M1.wav,1.400079365079365,102.483110715856
praat6_cc_auto,studio_M1.wav,1.4034126984126984,101.83002142927783
praat6_cc_auto,studio_M1.wav,1.4067460317460316,101.04279049085169
praat6_cc_auto,studio_M1.wav,1.410079365079365,100.4970799727235
praat6_cc_auto,studio_M1.wav,1.4134126984126985,99.88660585589153
praat6_cc_auto,studio_M1.wav,1.4167460317460316,99.64117560169447
praat6_cc_auto,studio_M1.wav,1.420079365079365,99.24289398308365
praat6_cc_auto,studio_M1.wav,1.4234126984126985,98.82467609284406
praat6_cc_auto,studio_M1.wav,1.4267460317460317,98.67374771193418
praat6_cc_auto,studio_M1.wav,1.430079365079365,98.73470017783478
praat6_cc_auto,studio_M1.wav,1.4334126984126985,97.29976488034336
praat6_cc_auto,studio_M1.wav,1.4367460317460317,89.95779944170408
praat6_cc_auto,studio_M1.wav,1.440079365079365,89.70414802383625
praat6_cc_auto,studio_M1.wav,1.4434126984126985,90.26112877984605
praat6_cc_auto,studio_M1.wav,1.4467460317460317,93.00363108467296
praat6_cc_auto,studio_M1.wav,1.450079365079365,92.89772069186874
praat6_cc_auto,studio_M1.wav,1.4534126984126985,93.62656540214472
praat6_cc_auto,studio_M1.wav,1.4567460317460317,93.92829258140152
praat6_cc_auto,studio_M1.wav,1.460079365079365,93.62421681692557
praat6_cc_auto,studio_M1.wav,1.4634126984126985,93.62917449546183
praat6_cc_auto,studio_M1.wav,1.4667460317460317,94.02564959427588
praat6_cc_auto,studio_M1.wav,1.470079365079365,94.31246948683453
praat6_cc_auto,studio_M1.wav,1.4734126984126985,94.60272431722208
praat6_cc_auto,studio_M1.wav,1.4767460317460317,95.39017607400395
praat6_cc_auto,studio_M1.wav,1.480079365079365,95.76061131298782
praat6_cc_auto,studio_M1.wav,1.4834126984126985,96.65742436335255
praat6_cc_auto,studio_M1.wav,1.4867460317460317,97.873604842619
praat6_cc_auto,studio_M1.wav,1.4900793650793651,98.5269796832036
praat6_cc_auto,studio_M1.wav,1.4934126984126985,98.82915669025283
praat6_cc_auto,studio_M1.wav,1.4967460317460317,99.54153272217373
praat6_cc_auto,studio_M1.wav,1.5000793650793651,99.56626244906363
praat6_cc_auto,studio_M1.wav,1.5034126984126983,99.54539640885389
praat6_cc_auto,studio_M1.wav,1.5067460317460317,97.81925366346657
praat6_cc_auto,studio_M1.wav,1.5100793650793651,97.23539884469014
praat6_cc_auto,studio_M1.wav,1.5134126984126983,97.227826186808
praat6_cc_auto,studio_M1.wav,1.5167460317460317,96.61647193440214
praat6_cc_auto,studio_M1.wav,1.5200793650793651,95.9787519622338
praat6_cc_auto,studio_M1.wav,1.5234126984126983,95.91473192995616
praat6_cc_auto,studio_M1.wav,1.5267460317460317,95.54968122031147
praat6_cc_auto,studio_M1.wav,1.5300793650793652,95.1021502247288
praat6_cc_auto,studio_M1.wav,1.5334126984126983,95.01380324886995
praat6_cc_auto,studio_M1.wav,1.5367460317460317,94.7634785720228
praat6_cc_auto,studio_M1.wav,1.5400793650793652,94.2036923831103
praat6_cc_auto,studio_M1.wav,1.5434126984126983,94.14045312340062
praat6_cc_auto,studio_M1.wav,1.5467460317460318,93.730161220477
praat6_cc_auto,studio_M1.wav,1.5500793650793652,88.92297508939657
praat6_cc_auto,studio_M1.wav,1.5534126984126984,88.75038174599962
praat6_cc_auto,studio_M1.wav,1.5567460317460318,88.87412068188016
praat6_cc_auto,studio_M1.wav,1.5600793650793652,90.03944936644812
praat6_cc_auto,studio_M1.wav,1.5634126984126984,91.09473452397054
praat6_cc_auto,studio_M1.wav,1.5667460317460318,91.44718471783429
praat6_cc_auto,studio_M1.wav,1.5700793650793652,91.63571529447422
praat6_cc_auto,studio_M1.wav,1.5734126984126984,92.10809544025612
praat6_cc_auto,studio_M1.wav,1.5767460317460318,92.11474455724142
praat6_cc_auto,studio_M1.wav,1.5800793650793652,91.76040796707643
praat6_cc_auto,studio_M1.wav,1.5834126984126984,91.65809930689679
praat6_cc_auto,studio_M1.wav,1.5867460317460318,0.0
praat6_cc_auto,studio_M1.wav,1.590079365079365,0.0
praat6_cc_auto,studio_M1.wav,1.5934126984126984,0.0
praat6_cc_auto,studio_M1.wav,1.5967460317460318,0.0
praat6_cc_auto,studio_M1.wav,1.600079365079365,0.0
praat6_cc_auto,studio_M1.wav,1.6034126984126984,0.0
praat6_cc_auto,studio_M1.wav,1.6067460317460318,0.0
praat6_cc_auto,studio_M1.wav,1.610079365079365,0.0
praat6_cc_auto,studio_M1.wav,1.6134126984126984,0.0
praat6_cc_auto,studio_M1.wav,1.6167460317460318,0.0
praat6_cc_auto,studio_M1.wav,1.620079365079365,0.0
praat6_cc_auto,studio_M1.wav,1.6234126984126984,0.0
praat6_cc_auto,studio_M1.wav,1.6267460317460318,0.0
praat6_cc_auto,studio_M1.wav,1.630079365079365,0.0
praat6_cc_auto,studio_M1.wav,1.6334126984126984,0.0
praat6_cc_auto,studio_M1.wav,1.6367460317460318,0.0
praat6_cc_auto,studio_M1.wav,1.640079365079365,0.0
praat6_cc_auto,studio_M1.wav,1.6434126984126984,0.0
praat6_cc_auto,studio_M1.wav,1.6467460317460318,0.0
praat6_cc_auto,studio_M1.wav,1.650079365079365,0.0
praat6_cc_auto,studio_M1.wav,1.6534126984126984,0.0
praat6_cc_auto,studio_M1.wav,1.6567460317460319,0.0
praat6_cc_auto,studio_M1.wav,1.660079365079365,0.0
praat6_cc_auto,studio_M1.wav,1.6634126984126985,119.70447035184583
praat6_cc_auto,studio_M1.wav,1.6667460317460319,119.70910069962815
praat6_cc_auto,studio_M1.wav,1.670079365079365,119.5372639150093
praat6_cc_auto,studio_M1.wav,1.6734126984126985,105.67012849452097
praat6_cc_auto,studio_M1.wav,1.6767460317460317,105.53568755392287
praat6_cc_auto,studio_M1.wav,1.680079365079365,105.57542855646514
praat6_cc_auto,studio_M1.wav,1.6834126984126985,106.24382373750672
praat6_cc_auto,studio_M1.wav,1.6867460317460317,93.4320392333797
praat6_cc_auto,studio_M1.wav,1.690079365079365,93.43841478076898
praat6_cc_auto,studio_M1.wav,1.6934126984126985,92.89836753753377
praat6_cc_auto,studio_M1.wav,1.6967460317460317,91.57000242215945
praat6_cc_auto,studio_M1.wav,1.700079365079365,91.73439317012456
praat6_cc_auto,studio_M1.wav,1.7034126984126985,91.63314011177893
praat6_cc_auto,studio_M1.wav,1.7067460317460317,0.0
praat6_cc_auto,studio_M1.wav,1.710079365079365,0.0
praat6_cc_auto,studio_M1.wav,1.7134126984126985,0.0
praat6_cc_auto,studio_M1.wav,1.7167460317460317,0.0
praat6_cc_auto,studio_M1.wav,1.720079365079365,0.0
praat6_cc_auto,studio_M1.wav,1.7234126984126985,0.0
praat6_cc_auto,studio_M1.wav,1.7267460317460317,0.0
praat6_cc_auto,studio_M1.wav,1.730079365079365,0.0
praat6_cc_auto,studio_M1.wav,1.7334126984126985,0.0
praat6_cc_auto,studio_M1.wav,1.7367460317460317,0.0
praat6_cc_auto,studio_M1.wav,1.7400793650793651,0.0
praat6_cc_auto,studio_M1.wav,1.7434126984126985,0.0
praat6_cc_auto,studio_M1.wav,1.7467460317460317,0.0
praat6_cc_auto,studio_M1.wav,1.7500793650793651,0.0
praat6_cc_auto,studio_M1.wav,1.7534126984126985,0.0
praat6_cc_auto,studio_M1.wav,1.7567460317460317,0.0
praat6_cc_auto,studio_M1.wav,1.7600793650793651,0.0
praat6_cc_auto,studio_M1.wav,1.7634126984126985,0.0
praat6_cc_auto,studio_M1.wav,1.7667460317460317,0.0
praat6_cc_auto,studio_M1.wav,1.7700793650793651,0.0
praat6_cc_auto,studio_M1.wav,1.7734126984126983,0.0
praat6_cc_auto,studio_M1.wav,1.7767460317460317,0.0
praat6_cc_auto,studio_M1.wav,1.7800793650793652,0.0
praat6_cc_auto,studio_M1.wav,1.7834126984126983,0.0
praat6_cc_auto,studio_M1.wav,1.7867460317460317,0.0
praat6_cc_auto,studio_M1.wav,1.7900793650793652,0.0
praat6_cc_auto,studio_M1.wav,1.7934126984126983,0.0
praat6_cc_auto,studio_M1.wav,1.7967460317460318,0.0
praat6_cc_auto,studio_M1.wav,1.8000793650793652,0.0
praat6_cc_auto,studio_M1.wav,1.8034126984126984,0.0
praat6_cc_auto,studio_M1.wav,1.8067460317460318,0.0
praat6_cc_auto,studio_M1.wav,1.8100793650793652,0.0
praat6_cc_auto,studio_M1.wav,1.8134126984126984,0.0
praat6_cc_auto,studio_M1.wav,1.8167460317460318,0.0
praat6_cc_auto,studio_M1.wav,1.8200793650793652,0.0
praat6_cc_auto,studio_M1.wav,1.8234126984126984,147.7609619302958
praat6_cc_auto,studio_M1.wav,1.8267460317460318,150.40299785822637
praat6_cc_auto,studio_M1.wav,1.8300793650793652,149.1543654022982
praat6_cc_auto,studio_M1.wav,1.8334126984126984,114.18668301895114
praat6_cc_auto,studio_M1.wav,1.8367460317460318,114.17788188491384
praat6_cc_auto,studio_M1.wav,1.8400793650793652,113.57033480459492
praat6_cc_auto,studio_M1.wav,1.8434126984126984,104.72338208559316
praat6_cc_auto,studio_M1.wav,1.8467460317460318,104.74359034175306
praat6_cc_auto,studio_M1.wav,1.8500793650793652,104.3611675164388
praat6_cc_auto,studio_M1.wav,1.8534126984126984,104.04974892295172
praat6_cc_auto,studio_M1.wav,1.8567460317460318,103.80351709774291
praat6_cc_auto,studio_M1.wav,1.860079365079365,103.0656129364998
praat6_cc_auto,studio_M1.wav,1.8634126984126984,102.54190723637025
praat6_cc_auto,studio_M1.wav,1.8667460317460318,102.3820637745279
praat6_cc_auto,studio_M1.wav,1.870079365079365,101.67402705121354
praat6_cc_auto,studio_M1.wav,1.8734126984126984,100.97753990259861
praat6_cc_auto,studio_M1.wav,1.8767460317460318,100.83006294971536
praat6_cc_auto,studio_M1.wav,1.880079365079365,100.61318236760611
praat6_cc_auto,studio_M1.wav,1.8834126984126984,100.45636215593417
praat6_cc_auto,studio_M1.wav,1.8867460317460318,100.35192392402182
praat6_cc_auto,studio_M1.wav,1.890079365079365,99.8618915492381
praat6_cc_auto,studio_M1.wav,1.8934126984126984,99.3660905909661
praat6_cc_auto,studio_M1.wav,1.8967460317460318,99.24909435899023
praat6_cc_auto,studio_M1.wav,1.900079365079365,98.91727805800545
praat6_cc_auto,studio_M1.wav,1.9034126984126984,98.61382803500464
praat6_cc_auto,studio_M1.wav,1.9067460317460319,98.51384456051227
praat6_cc_auto,studio_M1.wav,1.910079365079365,98.4514016537619
praat6_cc_auto,studio_M1.wav,1.9134126984126985,98.44954337572317
praat6_cc_auto,studio_M1.wav,1.9167460317460319,98.41001808414234
praat6_cc_auto,studio_M1.wav,1.920079365079365,98.1883485972754
praat6_cc_auto,studio_M1.wav,1.9234126984126985,97.99205658296687
praat6_cc_auto,studio_M1.wav,1.9267460317460319,97.93815972166934
praat6_cc_auto,studio_M1.wav,1.930079365079365,97.67847058481274
praat6_cc_auto,studio_M1.wav,1.9334126984126985,97.42664609423453
praat6_cc_auto,studio_M1.wav,1.9367460317460319,97.37312068161907
praat6_cc_auto,studio_M1.wav,1.940079365079365,96.67014339953818
praat6_cc_auto,studio_M1.wav,1.9434126984126985,95.29408465363693
praat6_cc_auto,studio_M1.wav,1.9467460317460317,95.29220054394492
praat6_cc_auto,studio_M1.wav,1.950079365079365,95.04279968237071
praat6_cc_auto,studio_M1.wav,1.9534126984126985,94.96360162117276
praat6_cc_auto,studio_M1.wav,1.9567460317460317,94.82387604576654
praat6_cc_auto,studio_M1.wav,1.960079365079365,94.51598423267838
praat6_cc_auto,studio_M1.wav,1.9634126984126985,94.21924663098366
praat6_cc_auto,studio_M1.wav,1.9667460317460317,93.82696762327217
praat6_cc_auto,studio_M1.wav,1.970079365079365,93.7850685697397
praat6_cc_auto,studio_M1.wav,1.9734126984126985,93.46143498877295
praat6_cc_auto,studio_M1.wav,1.9767460317460317,93.20650204302389
praat6_cc_auto,studio_M1.wav,1.980079365079365,93.18816553759027
praat6_cc_auto,studio_M1.wav,1.9834126984126985,92.88726338152853
praat6_cc_auto,studio_M1.wav,1.9867460317460317,92.5368055403555
praat6_cc_auto,studio_M1.wav,1.9900793650793651,92.5102409163888
praat6_cc_auto,studio_M1.wav,1.9934126984126985,92.27266956901121
praat6_cc_auto,studio_M1.wav,1.9967460317460317,91.95687449544218
praat6_cc_auto,studio_M1.wav,2.000079365079365,91.90612833099028
praat6_cc_auto,studio_M1.wav,2.0034126984126983,91.7190354769221
praat6_cc_auto,studio_M1.wav,2.0067460317460317,89.63986118883452
praat6_cc_auto,studio_M1.wav,2.010079365079365,89.71756552363551
praat6_cc_auto,studio_M1.wav,2.013412698412698,89.70827771249328
praat6_cc_auto,studio_M1.wav,2.0167460317460315,89.338895641235
praat6_cc_auto,studio_M1.wav,2.020079365079365,89.19904488358239
praat6_cc_auto,studio_M1.wav,2.0234126984126983,89.19122400208049
praat6_cc_auto,studio_M1.wav,2.0267460317460317,88.95952510723284
praat6_cc_auto,studio_M1.wav,2.0300793650793647,88.65116408645136
praat6_cc_auto,studio_M1.wav,2.033412698412698,85.91785495709617
praat6_cc_auto,studio_M1.wav,2.0367460317460315,85.82113535968816
praat6_cc_auto,studio_M1.wav,2.040079365079365,87.52824879921837
praat6_cc_auto,studio_M1.wav,2.0434126984126983,91.13859477548466
praat6_cc_auto,studio_M1.wav,2.0467460317460318,91.06997956694694
praat6_cc_auto,studio_M1.wav,2.0500793650793647,90.96093319771735
praat6_cc_auto,studio_M1.wav,2.053412698412698,0.0
praat6_cc_auto,studio_M1.wav,2.0567460317460315,0.0
praat6_cc_auto,studio_M1.wav,2.060079365079365,0.0
praat6_cc_auto,studio_M1.wav,2.0634126984126984,0.0
praat6_cc_auto,studio_M1.wav,2.0667460317460318,0.0
praat6_cc_auto,studio_M1.wav,2.0700793650793647,0.0
praat6_cc_auto,studio_M1.wav,2.073412698412698,0.0
praat6_cc_auto,studio_M1.wav,2.0767460317460316,0.0
praat6_cc_auto,studio_M1.wav,2.080079365079365,0.0
praat6_cc_auto,studio_M1.wav,2.0834126984126984,0.0
praat6_cc_auto,studio_M1.wav,2.0867460317460313,0.0
praat6_cc_auto,studio_M1.wav,2.0900793650793648,0.0
praat6_cc_auto,studio_M1.wav,2.093412698412698,0.0
praat6_cc_auto,studio_M1.wav,2.0967460317460316,0.0
praat6_cc_auto,studio_M1.wav,2.100079365079365,0.0
praat6_cc_auto,studio_M1.wav,2.1034126984126984,0.0
praat6_cc_auto,studio_M1.wav,2.1067460317460314,0.0
praat6_cc_auto,studio_M1.wav,2.1100793650793648,0.0
praat6_cc_auto,studio_M1.wav,2.113412698412698,0.0
praat6_cc_auto,studio_M1.wav,2.1167460317460316,0.0
praat6_cc_auto,studio_M1.wav,2.120079365079365,0.0
praat6_cc_auto,studio_M1.wav,2.1234126984126984,0.0
praat6_cc_auto,studio_M1.wav,2.1267460317460314,0.0
praat6_cc_auto,studio_M1.wav,2.130079365079365,0.0
praat6_cc_auto,studio_M1.wav,2.133412698412698,0.0
praat6_cc_auto,studio_M1.wav,2.1367460317460316,0.0
praat6_cc_auto,studio_M1.wav,2.140079365079365,0.0
praat6_cc_auto,studio_M1.wav,2.1434126984126984,0.0
praat6_cc_auto,studio_M1.wav,2.1467460317460314,0.0
praat6_cc_auto,studio_M1.wav,2.150079365079365,0.0
praat6_cc_auto,studio_M1.wav,2.1534126984126982,0.0
praat6_cc_auto,studio_M1.wav,2.1567460317460316,0.0
praat6_cc_auto,studio_M1.wav,2.160079365079365,0.0
praat6_cc_auto,studio_M1.wav,2.1634126984126985,0.0
praat6_cc_auto,studio_M1.wav,2.1667460317460314,0.0
praat6_cc_auto,studio_M1.wav,2.170079365079365,0.0
praat6_cc_auto,studio_M1.wav,2.1734126984126982,0.0
praat6_cc_auto,studio_M1.wav,2.1767460317460317,0.0
praat6_cc_auto,studio_M1.wav,2.180079365079365,0.0
praat6_cc_auto,studio_M1.wav,2.183412698412698,0.0
praat6_cc_auto,studio_M1.wav,2.1867460317460314,0.0
praat6_cc_auto,studio_M1.wav,2.190079365079365,0.0
praat6_cc_auto,studio_M1.wav,2.1934126984126983,0.0
praat6_cc_auto,studio_M1.wav,2.1967460317460317,0.0
praat6_cc_auto,studio_M1.wav,2.200079365079365,0.0
praat6_cc_auto,studio_M1.wav,2.203412698412698,0.0
praat6_cc_auto,studio_M1.wav,2.2067460317460315,0.0
praat6_cc_auto,studio_M1.wav,2.210079365079365,0.0
praat6_cc_auto,studio_M1.wav,2.2134126984126983,0.0
praat6_cc_auto,studio_M1.wav,2.2167460317460317,0.0
praat6_cc_auto,studio_M1.wav,2.220079365079365,0.0
praat6_cc_auto,studio_M1.wav,2.223412698412698,0.0
praat6_cc_auto,studio_M1.wav,2.2267460317460315,0.0
praat6_cc_auto,studio_M1.wav,2.230079365079365,0.0
praat6_cc_auto,studio_M1.wav,2.2334126984126983,0.0
praat6_cc_auto,studio_M1.wav,2.2367460317460317,0.0
praat6_cc_auto,studio_M1.wav,2.240079365079365,0.0
praat6_cc_auto,studio_M1.wav,2.243412698412698,0.0
praat6_cc_auto,studio_M1.wav,2.2467460317460315,0.0
praat6_cc_auto,studio_M1.wav,2.250079365079365,0.0
praat6_cc_auto,studio_M1.wav,2.2534126984126983,0.0
praat6_cc_auto,studio_M1.wav,2.2567460317460317,0.0
praat6_cc_auto,studio_M1.wav,2.2600793650793647,0.0
praat6_cc_auto,studio_M1.wav,2.263412698412698,0.0
praat6_cc_auto,studio_M1.wav,2.2667460317460315,0.0
praat6_cc_auto,studio_M1.wav,2.270079365079365,0.0
praat6_cc_auto,studio_M1.wav,2.2734126984126983,0.0
praat6_cc_auto,studio_M1.wav,2.2767460317460317,0.0
praat6_cc_auto,studio_M1.wav,2.2800793650793647,0.0
praat6_cc_auto,studio_M1.wav,2.283412698412698,0.0
praat6_cc_auto,studio_M1.wav,2.2867460317460315,0.0
praat6_cc_auto,studio_M1.wav,2.290079365079365,0.0
praat6_cc_auto,studio_M1.wav,2.2934126984126983,0.0
praat6_cc_auto,studio_M1.wav,2.2967460317460318,0.0
praat6_cc_auto,studio_M1.wav,2.3000793650793647,0.0
praat6_cc_auto,studio_M1.wav,2.303412698412698,0.0
praat6_cc_auto,studio_M1.wav,2.3067460317460315,0.0
praat6_cc_auto,studio_M1.wav,2.310079365079365,0.0
praat6_cc_auto,studio_M1.wav,2.3134126984126984,0.0
praat6_cc_auto,studio_M1.wav,2.3167460317460318,0.0
praat6_cc_auto,studio_M1.wav,2.3200793650793647,0.0
praat6_cc_auto,studio_M1.wav,2.323412698412698,0.0
praat6_cc_auto,studio_M1.wav,2.3267460317460316,0.0
praat6_cc_auto,studio_M1.wav,2.330079365079365,0.0
praat6_cc_auto,studio_M1.wav,2.3334126984126984,0.0
praat6_cc_auto,studio_M1.wav,2.336746031746032,0.0
praat6_cc_auto,studio_M1.wav,2.3400793650793648,0.0
praat6_cc_auto,studio_M1.wav,2.343412698412698,0.0
praat6_cc_auto,studio_M1.wav,2.3467460317460316,0.0
praat6_cc_auto,studio_M1.wav,2.350079365079365,0.0
praat6_cc_auto,studio_M1.wav,2.3534126984126984,0.0
praat6_cc_auto,studio_M1.wav,2.3567460317460314,0.0
praat6_cc_auto,studio_M1.wav,2.3600793650793648,0.0
praat6_cc_auto,studio_M1.wav,2.363412698412698,0.0
praat6_cc_auto,studio_M1.wav,2.3667460317460316,0.0
praat6_cc_auto,studio_M1.wav,2.370079365079365,0.0
praat6_cc_auto,studio_M1.wav,2.3734126984126984,0.0
praat6_cc_auto,studio_M1.wav,2.3767460317460314,0.0
praat6_cc_auto,studio_M1.wav,2.380079365079365,0.0
praat6_cc_auto,studio_M1.wav,2.383412698412698,0.0
praat6_cc_auto,studio_M1.wav,2.3867460317460316,0.0
praat6_cc_auto,studio_M1.wav,2.390079365079365,0.0
praat6_cc_auto,studio_M1.wav,2.3934126984126984,0.0
praat6_cc_auto,studio_M1.wav,2.3967460317460314,0.0
praat6_cc_auto,studio_M1.wav,2.400079365079365,0.0
praat6_cc_auto,studio_M1.wav,2.4034126984126982,0.0
praat6_cc_auto,studio_M1.wav,2.4067460317460316,0.0
praat6_cc_auto,studio_M1.wav,2.410079365079365,0.0
praat6_cc_auto,studio_M1.wav,2.4134126984126985,0.0
praat6_cc_auto,studio_M1.wav,2.4167460317460314,0.0
praat6_cc_auto,studio_M1.wav,2.420079365079365,0.0
praat6_cc_auto,studio_M1.wav,2.4234126984126982,0.0
praat6_cc_auto,studio_M1.wav,2.4267460317460317,0.0
praat6_cc_auto,studio_M1.wav,2.430079365079365,0.0
praat6_cc_auto,studio_M1.wav,2.4334126984126985,0.0
praat6_cc_auto,studio_M1.wav,2.4367460317460314,0.0
praat6_cc_auto,studio_M1.wav,2.440079365079365,0.0
praat6_cc_auto,studio_M1.wav,2.4434126984126983,0.0
praat6_cc_auto,studio_M1.wav,2.4467460317460317,0.0
praat6_cc_auto,studio_M1.wav,2.450079365079365,0.0
praat6_cc_auto,studio_M1.wav,2.453412698412698,0.0
praat6_cc_auto,studio_M1.wav,2.4567460317460315,0.0
praat6_cc_auto,studio_M1.wav,2.460079365079365,0.0
praat6_cc_auto,studio_M1.wav,2.4634126984126983,0.0
praat6_cc_auto,studio_M1.wav,2.4667460317460317,0.0
praat6_cc_auto,studio_M1.wav,2.470079365079365,0.0
praat6_cc_auto,studio_M1.wav,2.473412698412698,0.0
praat6_cc_auto,studio_M1.wav,2.4767460317460315,0.0
praat6_cc_auto,studio_M1.wav,2.480079365079365,0.0
praat6_cc_auto,studio_M1.wav,2.4834126984126983,0.0
praat6_cc_auto,studio_M1.wav,2.4867460317460317,0.0
praat6_cc_auto,studio_M1.wav,2.490079365079365,0.0
praat6_cc_auto,studio_M1.wav,2.493412698412698,0.0
praat6_cc_auto,studio_M1.wav,2.4967460317460315,0.0
praat6_cc_auto,studio_M1.wav,2.500079365079365,0.0
praat6_cc_auto,studio_M1.wav,2.5034126984126983,0.0
praat6_cc_auto,studio_M1.wav,2.5067460317460317,0.0
praat6_cc_auto,studio_M1.wav,2.510079365079365,0.0
praat6_cc_auto,studio_M1.wav,2.513412698412698,0.0
praat6_cc_auto,studio_M1.wav,2.5167460317460315,0.0
praat6_cc_auto,studio_M1.wav,2.520079365079365,0.0
praat6_cc_auto,studio_M1.wav,2.5234126984126983,0.0
praat6_cc_auto,studio_M1.wav,2.5267460317460317,0.0
praat6_cc_auto,studio_M1.wav,2.5300793650793647,0.0
praat6_cc_auto,studio_M1.wav,2.533412698412698,0.0
praat6_cc_auto,studio_M1.wav,2.5367460317460315,0.0
praat6_cc_auto,studio_M1.wav,2.540079365079365,0.0
praat6_cc_auto,studio_M1.wav,2.5434126984126983,0.0
praat6_cc_auto,studio_M1.wav,2.5467460317460318,0.0
praat6_cc_auto,studio_M1.wav,2.5500793650793647,0.0
praat6_cc_auto,studio_M1.wav,2.553412698412698,0.0
praat6_cc_auto,studio_M1.wav,2.5567460317460315,0.0
praat6_cc_auto,studio_M1.wav,2.560079365079365,0.0
praat6_cc_auto,studio_M1.wav,2.5634126984126984,0.0
praat6_cc_auto,studio_M1.wav,2.5667460317460318,0.0
praat6_cc_auto,studio_M1.wav,2.5700793650793647,0.0
praat6_cc_auto,studio_M1.wav,2.573412698412698,0.0
praat6_cc_auto,studio_M1.wav,2.5767460317460316,0.0
praat6_cc_auto,studio_M1.wav,2.580079365079365,0.0
praat6_cc_auto,studio_M1.wav,2.5834126984126984,0.0
praat6_cc_auto,studio_M1.wav,2.586746031746032,0.0
praat6_cc_auto,studio_M1.wav,2.5900793650793648,0.0
praat6_cc_auto,studio_M1.wav,2.593412698412698,0.0
praat6_cc_auto,studio_M1.wav,2.5967460317460316,0.0
praat6_cc_auto,studio_M1.wav,2.600079365079365,0.0
praat6_cc_auto,studio_M1.wav,2.6034126984126984,0.0
praat6_cc_auto,studio_M1.wav,2.606746031746032,0.0
praat6_cc_auto,studio_M1.wav,2.6100793650793648,0.0
praat6_cc_auto,studio_M1.wav,2.613412698412698,0.0
praat6_cc_auto,studio_M1.wav,2.6167460317460316,0.0
praat6_cc_auto,studio_M1.wav,2.620079365079365,0.0
praat6_cc_auto,studio_M1.wav,2.6234126984126984,0.0
praat6_cc_auto,studio_M1.wav,2.6267460317460314,0.0
praat6_cc_auto,studio_M1.wav,2.630079365079365,0.0
praat6_cc_auto,studio_M1.wav,2.633412698412698,0.0
praat6_cc_auto,studio_M1.wav,2.6367460317460316,0.0
praat6_cc_auto,studio_M1.wav,2.640079365079365,0.0
praat6_cc_auto,studio_M1.wav,2.6434126984126984,0.0
praat6_cc_auto,studio_M1.wav,2.6467460317460314,0.0
praat6_cc_auto,studio_M1.wav,2.650079365079365,0.0
praat6_cc_auto,studio_M1.wav,2.6534126984126982,0.0
praat6_cc_auto,studio_M1.wav,2.6567460317460316,0.0
praat6_cc_auto,studio_M1.wav,2.660079365079365,0.0
praat6_cc_auto,studio_M1.wav,2.6634126984126985,0.0
praat6_cc_auto,studio_M1.wav,2.6667460317460314,0.0
praat6_cc_auto,studio_M1.wav,2.670079365079365,0.0
praat6_cc_auto,studio_M1.wav,2.6734126984126982,0.0
praat6_cc_auto,studio_M1.wav,2.6767460317460317,0.0
praat6_cc_auto,studio_M1.wav,2.680079365079365,0.0
praat6_cc_auto,studio_M1.wav,2.6834126984126985,0.0
praat6_cc_auto,studio_M1.wav,2.6867460317460314,0.0
praat6_cc_auto,studio_M1.wav,2.690079365079365,0.0
praat6_cc_auto,studio_M1.wav,2.6934126984126983,0.0
praat6_cc_auto,studio_M1.wav,2.6967460317460317,0.0
praat6_cc_auto,studio_M1.wav,2.700079365079365,0.0
praat6_cc_auto,studio_M1.wav,2.7034126984126985,0.0
praat6_cc_auto,studio_M1.wav,2.7067460317460315,0.0
praat6_cc_auto,studio_M1.wav,2.710079365079365,0.0
praat6_cc_auto,studio_M1.wav,2.7134126984126983,0.0
praat6_cc_auto,studio_M1.wav,2.7167460317460317,0.0
praat6_cc_10ms,studio_M1.wav,0.015079365079365133,0.0
praat6_cc_10ms,studio_M1.wav,0.025079365079365132,0.0
praat6_cc_10ms,studio_M1.wav,0.035079365079365134,0.0
praat6_cc_10ms,studio_M1.wav,0.045079365079365136,0.0
praat6_cc_10ms,studio_M1.wav,0.05507936507936513,0.0
praat6_cc_10ms,studio_M1.wav,0.06507936507936514,0.0
praat6_cc_10ms,studio_M1.wav,0.07507936507936513,0.0
praat6_cc_10ms,studio_M1.wav,0.08507936507936514,0.0
praat6_cc_10ms,studio_M1.wav,0.09507936507936514,0.0
praat6_cc_10ms,studio_M1.wav,0.10507936507936513,0.0
praat6_cc_10ms,studio_M1.wav,0.11507936507936514,0.0
praat6_cc_10ms,studio_M1.wav,0.12507936507936512,0.0
praat6_cc_10ms,studio_M1.wav,0.13507936507936513,0.0
praat6_cc_10ms,studio_M1.wav,0.14507936507936514,0.0
praat6_cc_10ms,studio_M1.wav,0.15507936507936515,0.0
praat6_cc_10ms,studio_M1.wav,0.16507936507936513,0.0
praat6_cc_10ms,studio_M1.wav,0.17507936507936514,0.0
praat6_cc_10ms,studio_M1.wav,0.18507936507936515,0.0
praat6_cc_10ms,studio_M1.wav,0.19507936507936513,0.0
praat6_cc_10ms,studio_M1.wav,0.20507936507936514,0.0
praat6_cc_10ms,studio_M1.wav,0.21507936507936515,0.0
praat6_cc_10ms,studio_M1.wav,0.22507936507936513,0.0
praat6_cc_10ms,studio_M1.wav,0.23507936507936514,0.0
praat6_cc_10ms,studio_M1.wav,0.24507936507936515,0.0
praat6_cc_10ms,studio_M1.wav,0.25507936507936513,0.0
praat6_cc_10ms,studio_M1.wav,0.26507936507936514,0.0
praat6_cc_10ms,studio_M1.wav,0.27507936507936515,0.0
praat6_cc_10ms,studio_M1.wav,0.28507936507936515,0.0
praat6_cc_10ms,studio_M1.wav,0.29507936507936516,0.0
praat6_cc_10ms,studio_M1.wav,0.3050793650793651,0.0
praat6_cc_10ms,studio_M1.wav,0.3150793650793651,0.0
praat6_cc_10ms,studio_M1.wav,0.32507936507936513,0.0
praat6_cc_10ms,studio_M1.wav,0.33507936507936514,0.0
praat6_cc_10ms,studio_M1.wav,0.34507936507936515,0.0
praat6_cc_10ms,studio_M1.wav,0.35507936507936516,0.0
praat6_cc_10ms,studio_M1.wav,0.36507936507936517,0.0
praat6_cc_10ms,studio_M1.wav,0.3750793650793651,0.0
praat6_cc_10ms,studio_M1.wav,0.38507936507936513,0.0
praat6_cc_10ms,studio_M1.wav,0.39507936507936514,0.0
praat6_cc_10ms,studio_M1.wav,0.40507936507936515,0.0
praat6_cc_10ms,studio_M1.wav,0.41507936507936516,0.0
praat6_cc_10ms,studio_M1.wav,0.42507936507936517,0.0
praat6_cc_10ms,studio_M1.wav,0.4350793650793651,0.0
praat6_cc_10ms,studio_M1.wav,0.44507936507936513,0.0
praat6_cc_10ms,studio_M1.wav,0.45507936507936514,0.0
praat6_cc_10ms,studio_M1.wav,0.46507936507936515,0.0
praat6_cc_10ms,studio_M1.wav,0.47507936507936516,0.0
praat6_cc_10ms,studio_M1.wav,0.48507936507936517,0.0
praat6_cc_10ms,studio_M1.wav,0.4950793650793651,0.0
praat6_cc_10ms,studio_M1.wav,0.5050793650793651,0.0
praat6_cc_10ms,studio_M1.wav,0.5150793650793651,0.0
praat6_cc_10ms,studio_M1.wav,0.5250793650793651,0.0
praat6_cc_10ms,studio_M1.wav,0.5350793650793652,0.0
praat6_cc_10ms,studio_M1.wav,0.5450793650793652,0.0
praat6_cc_10ms,studio_M1.wav,0.5550793650793652,0.0
praat6_cc_10ms,studio_M1.wav,0.5650793650793652,0.0
praat6_cc_10ms,studio_M1.wav,0.5750793650793652,0.0
praat6_cc_10ms,studio_M1.wav,0.5850793650793652,0.0
praat6_cc_10ms,studio_M1.wav,0.5950793650793651,0.0
praat6_cc_10ms,studio_M1.wav,0.6050793650793651,0.0
praat6_cc_10ms,studio_M1.wav,0.6150793650793651,0.0
praat6_cc_10ms,studio_M1.wav,0.6250793650793651,0.0
praat6_cc_10ms,studio_M1.wav,0.6350793650793651,0.0
praat6_cc_10ms,studio_M1.wav,0.6450793650793651,0.0
praat6_cc_10ms,studio_M1.wav,0.6550793650793652,0.0
praat6_cc_10ms,studio_M1.wav,0.6650793650793652,0.0
praat6_cc_10ms,studio_M1.wav,0.6750793650793652,0.0
praat6_cc_10ms,studio_M1.wav,0.6850793650793652,0.0
praat6_cc_10ms,studio_M1.wav,0.6950793650793652,0.0
praat6_cc_10ms,studio_M1.wav,0.7050793650793652,0.0
praat6_cc_10ms,studio_M1.wav,0.7150793650793652,0.0
praat6_cc_10ms,studio_M1.wav,0.7250793650793651,0.0
praat6_cc_10ms,studio_M1.wav,0.7350793650793651,0.0
praat6_cc_10ms,studio_M1.wav,0.7450793650793651,0.0
praat6_cc_10ms,studio_M1.wav,0.7550793650793651,0.0
praat6_cc_10ms,studio_M1.wav,0.7650793650793651,0.0
praat6_cc_10ms,studio_M1.wav,0.7750793650793651,0.0
praat6_cc_10ms,studio_M1.wav,0.7850793650793652,0.0
praat6_cc_10ms,studio_M1.wav,0.7950793650793652,0.0
praat6_cc_10ms,studio_M1.wav,0.8050793650793652,0.0
praat6_cc_10ms,studio_M1.wav,0.8150793650793652,0.0
praat6_cc_10ms,studio_M1.wav,0.8250793650793652,0.0
praat6_cc_10ms,studio_M1.wav,0.8350793650793652,0.0
praat6_cc_10ms,studio_M1.wav,0.8450793650793652,0.0
praat6_cc_10ms,studio_M1.wav,0.8550793650793651,0.0
praat6_cc_10ms,studio_M1.wav,0.8650793650793651,0.0
praat6_cc_10ms,studio_M1.wav,0.8750793650793651,0.0
praat6_cc_10ms,studio_M1.wav,0.8850793650793651,0.0
praat6_cc_10ms,studio_M1.wav,0.8950793650793651,0.0
praat6_cc_10ms,studio_M1.wav,0.9050793650793652,0.0
praat6_cc_10ms,studio_M1.wav,0.9150793650793652,0.0
praat6_cc_10ms,studio_M1.wav,0.9250793650793652,0.0
praat6_cc_10ms,studio_M1.wav,0.9350793650793652,160.06016867172437
praat6_cc_10ms,studio_M1.wav,0.9450793650793652,138.34987249725503
praat6_cc_10ms,studio_M1.wav,0.9550793650793652,136.9737251009539
praat6_cc_10ms,studio_M1.wav,0.9650793650793652,134.94784177427832
praat6_cc_10ms,studio_M1.wav,0.9750793650793651,133.97468251399283
praat6_cc_10ms,studio_M1.wav,0.9850793650793651,133.50559833464047
praat6_cc_10ms,studio_M1.wav,0.9950793650793651,129.11208237482072
praat6_cc_10ms,studio_M1.wav,1.005079365079365,124.2351486187214
praat6_cc_10ms,studio_M1.wav,1.015079365079365,121.16527294520588
praat6_cc_10ms,studio_M1.wav,1.025079365079365,120.11171128321138
praat6_cc_10ms,studio_M1.wav,1.035079365079365,119.41676627756314
praat6_cc_10ms,studio_M1.wav,1.045079365079365,118.38942561118985
praat6_cc_10ms,studio_M1.wav,1.055079365079365,118.62474331353543
praat6_cc_10ms,studio_M1.wav,1.065079365079365,117.89048001171538
praat6_cc_10ms,studio_M1.wav,1.075079365079365,116.4522393891915
praat6_cc_10ms,studio_M1.wav,1.085079365079365,115.61133650055267
praat6_cc_10ms,studio_M1.wav,1.095079365079365,119.58197792142738
praat6_cc_10ms,studio_M1.wav,1.105079365079365,131.21536618649188
praat6_cc_10ms,studio_M1.wav,1.1150793650793651,132.5873150209639
praat6_cc_10ms,studio_M1.wav,1.1250793650793651,135.1579134151327
praat6_cc_10ms,studio_M1.wav,1.1350793650793651,136.8007912431952
praat6_cc_10ms,studio_M1.wav,1.1450793650793651,136.9545793821805
praat6_cc_10ms,studio_M1.wav,1.1550793650793652,142.18923287721884
praat6_cc_10ms,studio_M1.wav,1.1650793650793652,129.9302348037705
praat6_cc_10ms,studio_M1.wav,1.175079365079365,142.755994670441
praat6_cc_10ms,studio_M1.wav,1.185079365079365,160.61249115096774
praat6_cc_10ms,studio_M1.wav,1.195079365079365,167.88707201722562
praat6_cc_10ms,studio_M1.wav,1.205079365079365,183.9216506242286
praat6_cc_10ms,studio_M1.wav,1.215079365079365,163.9784183488107
praat6_cc_10ms,studio_M1.wav,1.225079365079365,166.9791581638137
praat6_cc_10ms,studio_M1.wav,1.235079365079365,173.76991174854794
praat6_cc_10ms,studio_M1.wav,1.245079365079365,175.40602257311545
praat6_cc_10ms,studio_M1.wav,1.255079365079365,174.99384446414885
praat6_cc_10ms,studio_M1.wav,1.265079365079365,175.76043135513765
praat6_cc_10ms,studio_M1.wav,1.275079365079365,0.0
praat6_cc_10ms,studio_M1.wav,1.285079365079365,0.0
praat6_cc_10ms,studio_M1.wav,1.295079365079365,0.0
praat6_cc_10ms,studio_M1.wav,1.305079365079365,0.0
praat6_cc_10ms,studio_M1.wav,1.315079365079365,0.0
praat6_cc_10ms,studio_M1.wav,1.325079365079365,0.0
praat6_cc_10ms,studio_M1.wav,1.335079365079365,169.55665514041118
praat6_cc_10ms,studio_M1.wav,1.345079365079365,153.25920261663566
praat6_cc_10ms,studio_M1.wav,1.355079365079365,139.3233728388992
praat6_cc_10ms,studio_M1.wav,1.3650793650793651,123.4594006223558
praat6_cc_10ms,studio_M1.wav,1.3750793650793651,117.11163137628091
praat6_cc_10ms,studio_M1.wav,1.3850793650793651,112.32707459043651
praat6_cc_10ms,studio_M1.wav,1.3950793650793651,105.04891890338679
praat6_cc_10ms,studio_M1.wav,1.4050793650793652,101.0472479148708
praat6_cc_10ms,studio_M1.wav,1.4150793650793652,99.77000506174426
praat6_cc_10ms,studio_M1.wav,1.425079365079365,98.64516258455866
praat6_cc_10ms,studio_M1.wav,1.435079365079365,89.93145970851256
praat6_cc_10ms,studio_M1.wav,1.445079365079365,91.68110953723152
praat6_cc_10ms,studio_M1.wav,1.455079365079365,93.86106112786767
praat6_cc_10ms,studio_M1.wav,1.465079365079365,93.87300667189017
praat6_cc_10ms,studio_M1.wav,1.475079365079365,95.05471863786565
praat6_cc_10ms,studio_M1.wav,1.485079365079365,97.88614873735625
praat6_cc_10ms,studio_M1.wav,1.495079365079365,99.38154634445998
praat6_cc_10ms,studio_M1.wav,1.505079365079365,98.19113006635997
praat6_cc_10ms,studio_M1.wav,1.515079365079365,96.73997721289025
praat6_cc_10ms,studio_M1.wav,1.525079365079365,95.66590397050564
praat6_cc_10ms,studio_M1.wav,1.535079365079365,94.85817257359894
praat6_cc_10ms,studio_M1.wav,1.545079365079365,94.11769298685276
praat6_cc_10ms,studio_M1.wav,1.555079365079365,88.83957577986754
praat6_cc_10ms,studio_M1.wav,1.565079365079365,91.1598027468865
praat6_cc_10ms,studio_M1.wav,1.575079365079365,91.8807298095401
praat6_cc_10ms,studio_M1.wav,1.585079365079365,0.0
praat6_cc_10ms,studio_M1.wav,1.595079365079365,0.0
praat6_cc_10ms,studio_M1.wav,1.605079365079365,0.0
praat6_cc_10ms,studio_M1.wav,1.6150793650793651,0.0
praat6_cc_10ms,studio_M1.wav,1.6250793650793651,0.0
praat6_cc_10ms,studio_M1.wav,1.6350793650793651,0.0
praat6_cc_10ms,studio_M1.wav,1.6450793650793651,0.0
praat6_cc_10ms,studio_M1.wav,1.6550793650793652,0.0
praat6_cc_10ms,studio_M1.wav,1.6650793650793652,119.796156694895
praat6_cc_10ms,studio_M1.wav,1.6750793650793652,105.53421107483432
praat6_cc_10ms,studio_M1.wav,1.685079365079365,93.29176357556808
praat6_cc_10ms,studio_M1.wav,1.695079365079365,91.9975388301064
praat6_cc_10ms,studio_M1.wav,1.705079365079365,90.91011010899705
praat6_cc_10ms,studio_M1.wav,1.715079365079365,0.0
praat6_cc_10ms,studio_M1.wav,1.725079365079365,0.0
praat6_cc_10ms,studio_M1.wav,1.735079365079365,0.0
praat6_cc_10ms,studio_M1.wav,1.745079365079365,0.0
praat6_cc_10ms,studio_M1.wav,1.755079365079365,0.0
praat6_cc_10ms,studio_M1.wav,1.765079365079365,0.0
praat6_cc_10ms,studio_M1.wav,1.775079365079365,0.0
praat6_cc_10ms,studio_M1.wav,1.785079365079365,0.0
praat6_cc_10ms,studio_M1.wav,1.795079365079365,0.0
praat6_cc_10ms,studio_M1.wav,1.805079365079365,0.0
praat6_cc_10ms,studio_M1.wav,1.815079365079365,0.0
praat6_cc_10ms,studio_M1.wav,1.825079365079365,150.2621015726024
praat6_cc_10ms,studio_M1.wav,1.835079365079365,114.1677916925969
praat6_cc_10ms,studio_M1.wav,1.845079365079365,104.67462982455582
praat6_cc_10ms,studio_M1.wav,1.855079365079365,103.86199945782614
praat6_cc_10ms,studio_M1.wav,1.8650793650793651,102.4320847036839
praat6_cc_10ms,studio_M1.wav,1.8750793650793651,100.8875078486072
praat6_cc_10ms,studio_M1.wav,1.8850793650793651,100.40324963612262
praat6_cc_10ms,studio_M1.wav,1.8950793650793651,99.30474915709802
praat6_cc_10ms,studio_M1.wav,1.9050793650793652,98.56153120817059
praat6_cc_10ms,studio_M1.wav,1.9150793650793652,98.43206477884954
praat6_cc_10ms,studio_M1.wav,1.9250793650793652,97.9482839013306
praat6_cc_10ms,studio_M1.wav,1.935079365079365,97.37209542190371
praat6_cc_10ms,studio_M1.wav,1.945079365079365,95.2843500746513
praat6_cc_10ms,studio_M1.wav,1.955079365079365,94.86648051312088
praat6_cc_10ms,studio_M1.wav,1.965079365079365,94.00658706469511
praat6_cc_10ms,studio_M1.wav,1.975079365079365,93.31337136468166
praat6_cc_10ms,studio_M1.wav,1.985079365079365,92.65050466620535
praat6_cc_10ms,studio_M1.wav,1.995079365079365,92.04414749930083
praat6_cc_10ms,studio_M1.wav,2.0050793650793652,89.74283651429464
praat6_cc_10ms,studio_M1.wav,2.015079365079365,89.6206723277713
praat6_cc_10ms,studio_M1.wav,2.0250793650793653,89.13980287477125
praat6_cc_10ms,studio_M1.wav,2.035079365079365,87.20541621454973
praat6_cc_10ms,studio_M1.wav,2.0450793650793653,0.0
praat6_cc_10ms,studio_M1.wav,2.055079365079365,0.0
praat6_cc_10ms,studio_M1.wav,2.065079365079365,0.0
praat6_cc_10ms,studio_M1.wav,2.075079365079365,0.0
praat6_cc_10ms,studio_M1.wav,2.085079365079365,0.0
praat6_cc_10ms,studio_M1.wav,2.095079365079365,0.0
praat6_cc_10ms,studio_M1.wav,2.105079365079365,0.0
praat6_cc_10ms,studio_M1.wav,2.115079365079365,0.0
praat6_cc_10ms,studio_M1.wav,2.125079365079365,0.0
praat6_cc_10ms,studio_M1.wav,2.135079365079365,0.0
praat6_cc_10ms,studio_M1.wav,2.145079365079365,0.0
praat6_cc_10ms,studio_M1.wav,2.155079365079365,0.0
praat6_cc_10ms,studio_M1.wav,2.165079365079365,0.0
praat6_cc_10ms,studio_M1.wav,2.175079365079365,0.0
praat6_cc_10ms,studio_M1.wav,2.185079365079365,0.0
praat6_cc_10ms,studio_M1.wav,2.195079365079365,0.0
praat6_cc_10ms,studio_M1.wav,2.205079365079365,0.0
praat6_cc_10ms,studio_M1.wav,2.215079365079365,0.0
praat6_cc_10ms,studio_M1.wav,2.225079365079365,0.0
praat6_cc_10ms,studio_M1.wav,2.235079365079365,0.0
praat6_cc_10ms,studio_M1.wav,2.245079365079365,0.0
praat6_cc_10ms,studio_M1.wav,2.2550793650793652,0.0
praat6_cc_10ms,studio_M1.wav,2.265079365079365,0.0
praat6_cc_10ms,studio_M1.wav,2.2750793650793653,0.0
praat6_cc_10ms,studio_M1.wav,2.285079365079365,0.0
praat6_cc_10ms,studio_M1.wav,2.2950793650793653,0.0
praat6_cc_10ms,studio_M1.wav,2.305079365079365,0.0
praat6_cc_10ms,studio_M1.wav,2.3150793650793653,0.0
praat6_cc_10ms,studio_M1.wav,2.325079365079365,0.0
praat6_cc_10ms,studio_M1.wav,2.335079365079365,0.0
praat6_cc_10ms,studio_M1.wav,2.345079365079365,0.0
praat6_cc_10ms,studio_M1.wav,2.355079365079365,0.0
praat6_cc_10ms,studio_M1.wav,2.365079365079365,0.0
praat6_cc_10ms,studio_M1.wav,2.375079365079365,0.0
praat6_cc_10ms,studio_M1.wav,2.385079365079365,0.0
praat6_cc_10ms,studio_M1.wav,2.395079365079365,0.0
praat6_cc_10ms,studio_M1.wav,2.405079365079365,0.0
praat6_cc_10ms,studio_M1.wav,2.415079365079365,0.0
praat6_cc_10ms,studio_M1.wav,2.425079365079365,0.0
praat6_cc_10ms,studio_M1.wav,2.435079365079365,0.0
praat6_cc_10ms,studio_M1.wav,2.445079365079365,0.0
praat6_cc_10ms,studio_M1.wav,2.455079365079365,0.0
praat6_cc_10ms,studio_M1.wav,2.465079365079365,0.0
praat6_cc_10ms,studio_M1.wav,2.475079365079365,0.0
praat6_cc_10ms,studio_M1.wav,2.485079365079365,0.0
praat6_cc_10ms,studio_M1.wav,2.495079365079365,0.0
praat6_cc_10ms,studio_M1.wav,2.5050793650793652,0.0
praat6_cc_10ms,studio_M1.wav,2.515079365079365,0.0
praat6_cc_10ms,studio_M1.wav,2.5250793650793653,0.0
praat6_cc_10ms,studio_M1.wav,2.535079365079365,0.0
praat6_cc_10ms,studio_M1.wav,2.5450793650793653,0.0
praat6_cc_10ms,studio_M1.wav,2.555079365079365,0.0
praat6_cc_10ms,studio_M1.wav,2.5650793650793653,0.0
praat6_cc_10ms,studio_M1.wav,2.575079365079365,0.0
praat6_cc_10ms,studio_M1.wav,2.585079365079365,0.0
praat6_cc_10ms,studio_M1.wav,2.595079365079365,0.0
praat6_cc_10ms,studio_M1.wav,2.605079365079365,0.0
praat6_cc_10ms,studio_M1.wav,2.615079365079365,0.0
praat6_cc_10ms,studio_M1.wav,2.625079365079365,0.0
praat6_cc_10ms,studio_M1.wav,2.635079365079365,0.0
praat6_cc_10ms,studio_M1.wav,2.645079365079365,0.0
praat6_cc_10ms,studio_M1.wav,2.655079365079365,0.0
praat6_cc_10ms,studio_M1.wav,2.665079365079365,0.0
praat6_cc_10ms,studio_M1.wav,2.675079365079365,0.0
praat6_cc_10ms,studio_M1.wav,2.685079365079365,0.0
praat6_cc_10ms,studio_M1.wav,2.695079365079365,0.0
praat6_cc_10ms,studio_M1.wav,2.705079365079365,0.0
praat6_cc_10ms,studio_M1.wav,2.715079365079365,0.0
