method,fs,truth_hz,phase_seed,signal_kind,snr_db,estimate_hz,strength,absolute_cents,absolute_relative_error_percent
mpm,16000,70.0,0,sine,inf,70.00034676722441,0.9998946485892952,0.008576196271793499,0.0004953817491631136
mpm,16000,70.0,0,sine,20.0,,,,
mpm,16000,70.0,0,sine,10.0,70.0,0.8939870831511904,0.0,0.0
mpm,16000,70.0,0,sine,0.0,88.91020207464231,0.031750255978317,413.992859677272,27.014574392346162
mpm,16000,70.0,0,harmonic,inf,70.00008177241199,0.9997833532453175,0.0020223871604626766,0.00011681773141195404
mpm,16000,70.0,0,harmonic,20.0,70.0,0.9907608448561711,0.0,0.0
mpm,16000,70.0,0,harmonic,10.0,,,,
mpm,16000,70.0,0,harmonic,0.0,72.30097741227549,0.5908722620446083,55.99227426389653,3.2871105889649805
mpm,16000,70.0,0,weak_fundamental,inf,70.0,0.9996916930506113,0.0,0.0
mpm,16000,70.0,0,weak_fundamental,20.0,70.0,0.9908753704078499,0.0,0.0
mpm,16000,70.0,0,weak_fundamental,10.0,70.21730037373771,0.9131842611709924,5.365929968100656,0.31042910533959195
mpm,16000,70.0,0,weak_fundamental,0.0,70.49886696291387,0.5411408222120807,12.294178882961017,0.7126670898769508
mpm,16000,70.0,0,missing_fundamental,inf,70.0,0.9996158702697442,0.0,0.0
mpm,16000,70.0,0,missing_fundamental,20.0,70.08462326936946,0.9909995736075595,2.0916314678545804,0.12089038481351265
mpm,16000,70.0,0,missing_fundamental,10.0,70.15399803066327,0.9224171658146254,3.8044828576013816,0.2199971866618203
mpm,16000,70.0,0,missing_fundamental,0.0,70.71234586592279,0.5542515409474938,17.528638948797163,1.0176369513182644
mpm,16000,70.0,1,sine,inf,70.00021245067228,0.9999129226493709,0.005254303992400186,0.0003035009603991057
mpm,16000,70.0,1,sine,20.0,70.08237444237763,0.991082547103409,2.036079934004213,0.11767777482518227
mpm,16000,70.0,1,sine,10.0,71.79568198695478,0.904343376716315,43.850587781579975,2.5652599813639654
mpm,16000,70.0,1,sine,0.0,70.48761929220306,0.5584293747601122,12.017948854597577,0.6965989888615199
mpm,16000,70.0,1,harmonic,inf,70.0,0.999701228499366,0.0,0.0
mpm,16000,70.0,1,harmonic,20.0,70.06507488333091,0.986417513616158,1.6086788510486234,0.09296411904415436
mpm,16000,70.0,1,harmonic,10.0,70.0592707069554,0.8956329684783643,1.465257838354661,0.08467243850771768
mpm,16000,70.0,1,harmonic,0.0,281.78989214098794,0.026155786855241184,2411.0316427796943,302.55698877283993
mpm,16000,70.0,1,weak_fundamental,inf,70.0,0.9996377464157661,0.0,0.0
mpm,16000,70.0,1,weak_fundamental,20.0,70.0,0.9877235449458801,0.0,0.0
mpm,16000,70.0,1,weak_fundamental,10.0,70.0,0.9044017945759597,0.0,0.0
mpm,16000,70.0,1,weak_fundamental,0.0,70.0,0.4832764076585519,0.0,0.0
mpm,16000,70.0,1,missing_fundamental,inf,70.0,0.9995650281986087,0.0,0.0
mpm,16000,70.0,1,missing_fundamental,20.0,70.01535208777396,0.9883878541943365,0.37964490020183556,0.02193155396280336
mpm,16000,70.0,1,missing_fundamental,10.0,70.05133867191225,0.8976664551049459,1.2692382903610997,0.07334095987463993
mpm,16000,70.0,1,missing_fundamental,0.0,126.23071186596528,0.26541205640175025,1020.763359364241,80.3295883799504
mpm,16000,70.0,2,sine,inf,70.00045565585094,0.9998789915832677,0.011269205090942773,0.0006509369299172769
mpm,16000,70.0,2,sine,20.0,70.0345397245808,0.9864331293624642,0.8540228513603259,0.049342463686851294
mpm,16000,70.0,2,sine,10.0,70.75766476018093,0.8927808301781128,18.637815588316574,1.0823782288298998
mpm,16000,70.0,2,sine,0.0,70.18725722893647,0.561466371296496,4.625046382798165,0.2675103270521057
mpm,16000,70.0,2,harmonic,inf,70.00107664457482,0.9996998737099484,0.026627277323481063,0.0015380636783187843
mpm,16000,70.0,2,harmonic,20.0,70.0,0.9883538981693963,0.0,0.0
mpm,16000,70.0,2,harmonic,10.0,70.82568360543924,0.8952609383358873,20.30123930739199,1.17954800777034
mpm,16000,70.0,2,harmonic,0.0,71.93697326878699,0.5141259814931924,47.25424516617057,2.767104669695694
mpm,16000,70.0,2,weak_fundamental,inf,70.00087129058817,0.9996463614070891,0.02154855064806602,0.0012447008402359319
mpm,16000,70.0,2,weak_fundamental,20.0,70.0,0.990659834391846,0.0,0.0
mpm,16000,70.0,2,weak_fundamental,10.0,70.0,0.9164588891281943,0.0,0.0
mpm,16000,70.0,2,weak_fundamental,0.0,70.5343093140299,0.5330602358790774,13.164314661541802,0.7632990200427108
mpm,16000,70.0,2,missing_fundamental,inf,70.00084132621748,0.9995748183386641,0.02080748344506631,0.0012018945964038202
mpm,16000,70.0,2,missing_fundamental,20.0,70.0,0.9916513070597898,0.0,0.0
mpm,16000,70.0,2,missing_fundamental,10.0,128.84733439683495,0.33061963449694953,1056.2830365054242,84.06762056690707
mpm,16000,70.0,2,missing_fundamental,0.0,70.0,0.5392152606684231,0.0,0.0
mpm,16000,70.0,3,sine,inf,70.00042564622903,0.9998833695732445,0.010527014345247,0.0006080660414755
mpm,16000,70.0,3,sine,20.0,,,,
mpm,16000,70.0,3,sine,10.0,70.16101176791065,0.8939792309513288,3.977556583091102,0.2300168113009298
mpm,16000,70.0,3,sine,0.0,73.47834853032529,0.5180837830994603,83.95713519022162,4.969069329036131
mpm,16000,70.0,3,harmonic,inf,70.00011933156455,0.999777148791368,0.0029512955938618248,0.0001704736636400282
mpm,16000,70.0,3,harmonic,20.0,70.02336483221477,0.9897286518725228,0.5777606259473406,0.0333783317353818
mpm,16000,70.0,3,harmonic,10.0,,,,
mpm,16000,70.0,3,harmonic,0.0,70.03901120894167,0.5555602924133092,0.964553153854662,0.055730298488104575
mpm,16000,70.0,3,weak_fundamental,inf,70.0,0.9997027251293849,0.0,0.0
mpm,16000,70.0,3,weak_fundamental,20.0,70.00487898685137,0.9904719384831095,0.12066248300160572,0.006969981216237946
mpm,16000,70.0,3,weak_fundamental,10.0,140.8101809045795,0.6244933027403815,1209.9897849518966,101.15740129225644
mpm,16000,70.0,3,weak_fundamental,0.0,70.4888200263573,0.5867242734679602,12.047439624286435,0.6983143233675752
mpm,16000,70.0,3,missing_fundamental,inf,70.0,0.9996386618623433,0.0,0.0
mpm,16000,70.0,3,missing_fundamental,20.0,70.0,0.9918639228382266,0.0,0.0
mpm,16000,70.0,3,missing_fundamental,10.0,70.18143963736772,0.9070979738791428,4.4815441228497646,0.25919948195388137
mpm,16000,70.0,3,missing_fundamental,0.0,71.10971084509686,0.5451595065026752,27.23000131787172,1.5853012072812231
mpm,16000,70.0,4,sine,inf,70.0,0.9999496549674022,0.0,0.0
mpm,16000,70.0,4,sine,20.0,70.0,0.9916422646208864,0.0,0.0
mpm,16000,70.0,4,sine,10.0,70.15403879202029,0.9210017767344305,3.8054887507884905,0.22005541717183924
mpm,16000,70.0,4,sine,0.0,72.69242768427155,0.6062294648795642,65.34019854328109,3.8463252632450713
mpm,16000,70.0,4,harmonic,inf,70.00004895158133,0.9998073167217688,0.0012106659247835107,6.99308304774604e-05
mpm,16000,70.0,4,harmonic,20.0,70.01711897577647,0.9916974183320328,0.4233332911554249,0.024455679680670528
mpm,16000,70.0,4,harmonic,10.0,,,,
mpm,16000,70.0,4,harmonic,0.0,70.0,0.5939524752033201,0.0,0.0
mpm,16000,70.0,4,weak_fundamental,inf,70.00015664886458,0.9996624798545877,0.0038742220666031523,0.00022378409225000593
mpm,16000,70.0,4,weak_fundamental,20.0,70.0,0.9913138216409444,0.0,0.0
mpm,16000,70.0,4,weak_fundamental,10.0,70.06647631599543,0.9288063007197999,1.6433064267175743,0.09496616570775782
mpm,16000,70.0,4,weak_fundamental,0.0,70.0,0.5674792403619766,0.0,0.0
mpm,16000,70.0,4,missing_fundamental,inf,70.00014646709404,0.9996048738055789,0.0036224079282352164,0.00020923870577251234
mpm,16000,70.0,4,missing_fundamental,20.0,70.03384585821985,0.990506849641691,0.8368705858498009,0.04835122602835489
mpm,16000,70.0,4,missing_fundamental,10.0,166.52385319894685,0.44724083115563096,1500.3624232292316,137.89121885563836
mpm,16000,70.0,4,missing_fundamental,0.0,70.0,0.5656689813754183,0.0,0.0
mpm,16000,80.0,0,sine,inf,80.00198752066858,1.0,0.043010258911927876,0.0024844008357227665
mpm,16000,80.0,0,sine,20.0,79.90729487632527,0.9908978942015214,2.0073416254535306,0.11588140459341645
mpm,16000,80.0,0,sine,10.0,80.42809203746673,0.9158143663167871,9.239395184097576,0.5351150468334076
mpm,16000,80.0,0,sine,0.0,85.12456370105916,0.5537421163144867,107.49059847484698,6.40570462632395
mpm,16000,80.0,0,harmonic,inf,80.00062561790091,1.0,0.013538584709823482,0.0007820223761356715
mpm,16000,80.0,0,harmonic,20.0,80.09190445531733,0.9905570177914015,1.9877100010295001,0.114880569146667
mpm,16000,80.0,0,harmonic,10.0,79.52522003611183,0.9110468895022487,10.30504977245375,0.5934749548602092
mpm,16000,80.0,0,harmonic,0.0,80.05276558584853,0.5813271264301746,1.1414933295910268,0.06595698231066649
mpm,16000,80.0,0,weak_fundamental,inf,79.99909524078952,1.0,0.019579485109684058,0.001130949013106175
mpm,16000,80.0,0,weak_fundamental,20.0,79.90201831896779,0.9902561067597545,2.121664822015541,0.12247710129026146
mpm,16000,80.0,0,weak_fundamental,10.0,80.20354549809743,0.9119919981538808,4.399217075514591,0.25443187262178313
mpm,16000,80.0,0,weak_fundamental,0.0,79.65423914014329,0.5383176673163006,7.498628442113216,0.4322010748208882
mpm,16000,80.0,0,missing_fundamental,inf,80.00021566288416,1.0,0.004667030311467768,0.000269578605198717
mpm,16000,80.0,0,missing_fundamental,20.0,79.9240411981948,0.9901670339527373,1.6445616670885728,0.09494850225649998
mpm,16000,80.0,0,missing_fundamental,10.0,79.19137135071911,0.9066684256403517,17.588107690106785,1.0107858116011137
mpm,16000,80.0,0,missing_fundamental,0.0,79.67092632122282,0.5393906725588993,7.135981196904687,0.4113420984714722
mpm,16000,80.0,1,sine,inf,79.99989508591555,1.0,0.0022703869288860506,0.000131142605557244
mpm,16000,80.0,1,sine,20.0,80.20444432482115,0.9900697197763384,4.418618595726569,0.255555406026442
mpm,16000,80.0,1,sine,10.0,81.09495299471591,0.916727207001998,23.53455603288411,1.3686912433948883
mpm,16000,80.0,1,sine,0.0,78.00192148094986,0.5505838612016326,43.78840389331402,2.497598148812674
mpm,16000,80.0,1,harmonic,inf,80.00264807405519,0.9999999999999998,0.05730450119894692,0.003310092568984402
mpm,16000,80.0,1,harmonic,20.0,79.99720334079554,0.9906070938364561,0.06052195335676664,0.003495824005579351
mpm,16000,80.0,1,harmonic,10.0,79.92198426934856,0.9180638294433394,1.6891173605430576,0.09751966331430495
mpm,16000,80.0,1,harmonic,0.0,80.42073256395896,0.5570186675807831,9.080973496400391,0.5259157049487051
mpm,16000,80.0,1,weak_fundamental,inf,80.0030797724537,1.0,0.06664630385200676,0.003849715567127987
mpm,16000,80.0,1,weak_fundamental,20.0,79.97866175985476,0.990311980507874,0.4618301928431624,0.026672800181550826
mpm,16000,80.0,1,weak_fundamental,10.0,80.03208633842775,0.9077546676020833,0.6942228100791857,0.04010792303468236
mpm,16000,80.0,1,weak_fundamental,0.0,80.82550792543371,0.6109150073286309,17.772802314886732,1.0318849067921398
mpm,16000,80.0,1,missing_fundamental,inf,80.0027658783123,1.0,0.059853749202722725,0.00345734789037877
mpm,16000,80.0,1,missing_fundamental,20.0,79.87450303234002,0.9894761908860887,2.717940183975631,0.15687120957498024
mpm,16000,80.0,1,missing_fundamental,10.0,80.30119066433564,0.9122028752632227,6.505655320456505,0.3764883304195443
mpm,16000,80.0,1,missing_fundamental,0.0,81.62015532161305,0.5059726871055725,34.71054722402804,2.0251941520163186
mpm,16000,80.0,2,sine,inf,79.99924555909095,1.0,0.016326499355737777,0.0009430511363106575
mpm,16000,80.0,2,sine,20.0,80.0265855217769,0.9908644290875209,0.5752264323545646,0.03323190222111805
mpm,16000,80.0,2,sine,10.0,79.54607791440458,0.9170705129701731,9.85104116418978,0.5674026069942784
mpm,16000,80.0,2,sine,0.0,82.61508420898559,0.528977421134819,55.68626281658328,3.268855261231991
mpm,16000,80.0,2,harmonic,inf,80.00320892311628,1.0,0.06944106931190656,0.004011153895344677
mpm,16000,80.0,2,harmonic,20.0,80.24626863141495,0.9902767595471526,5.321171958808532,0.3078357892686867
mpm,16000,80.0,2,harmonic,10.0,79.2859848332001,0.9103636396757371,15.520959350724798,0.8925189584998705
mpm,16000,80.0,2,harmonic,0.0,82.56675650591666,0.5452736014044284,54.67323902303204,3.208445632395822
mpm,16000,80.0,2,weak_fundamental,inf,80.0030917018253,1.0,0.06690445057331644,0.0038646272816222904
mpm,16000,80.0,2,weak_fundamental,20.0,79.9874823572683,0.991000652916231,0.27090831152632205,0.01564705341461803
mpm,16000,80.0,2,weak_fundamental,10.0,79.8855757578767,0.9108874523376839,2.477961840938699,0.1430303026541324
mpm,16000,80.0,2,weak_fundamental,0.0,80.04936108320456,0.530137940783707,1.067865439432342,0.06170135400569876
mpm,16000,80.0,2,missing_fundamental,inf,80.0034549517651,1.0,0.07476501224725357,0.0043186897063662855
mpm,16000,80.0,2,missing_fundamental,20.0,80.08124108602516,0.988746482887506,1.7571995997852186,0.10155135753144862
mpm,16000,80.0,2,missing_fundamental,10.0,80.170160113775,0.9113891487058998,3.678426660470605,0.2127001422187469
mpm,16000,80.0,2,missing_fundamental,0.0,81.48276678328774,0.48967483979589327,31.793962178389965,1.8534584791096798
mpm,16000,80.0,3,sine,inf,80.00065752664923,0.9999999999999997,0.014229098066560935,0.0008219083115434955
mpm,16000,80.0,3,sine,20.0,79.73911947081963,0.9907476624978924,5.6547908602473775,0.32610066147546135
mpm,16000,80.0,3,sine,10.0,80.87177882113285,0.9192558412998989,18.76361365023371,1.089723526416062
mpm,16000,80.0,3,sine,0.0,79.66891778867665,0.5919864518832524,7.1796267766051995,0.4138527641541856
mpm,16000,80.0,3,harmonic,inf,80.00099407237273,1.0,0.021512015583646637,0.0012425904659174591
mpm,16000,80.0,3,harmonic,20.0,79.91609045754916,0.990576155897269,1.81679116652411,0.10488692806355004
mpm,16000,80.0,3,harmonic,10.0,80.02591679943824,0.9176710479626257,0.5607597434209337,0.03239599929779402
mpm,16000,80.0,3,harmonic,0.0,81.9519645188022,0.5256874275321523,41.73424011800164,2.4399556485027496
mpm,16000,80.0,3,weak_fundamental,inf,80.001084581917,1.0,0.023470655197839405,0.0013557273962483407
mpm,16000,80.0,3,weak_fundamental,20.0,79.96505553747642,0.99011953096295,0.7563782490647061,0.04368057815447912
mpm,16000,80.0,3,weak_fundamental,10.0,79.95476927540238,0.9143750477555344,0.9790889378186677,0.05653840574701974
mpm,16000,80.0,3,weak_fundamental,0.0,81.58258739018558,0.5518177099374354,33.91351548168947,1.978234237731975
mpm,16000,80.0,3,missing_fundamental,inf,80.00004325471598,0.9999999999999984,0.0009360502102993905,5.4068394970130385e-05
mpm,16000,80.0,3,missing_fundamental,20.0,80.0076775412689,0.9900020292641166,0.16613728881371947,0.00959692658613065
mpm,16000,80.0,3,missing_fundamental,10.0,80.62297362268792,0.9042249862299319,13.429194229017961,0.7787170283599032
mpm,16000,80.0,3,missing_fundamental,0.0,79.5266934723003,0.5623710549096862,10.272973919452035,0.5916331596246316
mpm,16000,80.0,4,sine,inf,80.00148078478958,1.0,0.03204451652018362,0.0018509809869726723
mpm,16000,80.0,4,sine,20.0,80.3357311538608,0.9903434558427695,7.250162520695878,0.41966394232600734
mpm,16000,80.0,4,sine,10.0,79.62596007178489,0.908540851974694,8.113365073214695,0.4675499102688896
mpm,16000,80.0,4,sine,0.0,79.06338048597405,0.5511675973298341,20.388430445118214,1.1707743925324365
mpm,16000,80.0,4,harmonic,inf,80.00037302320924,1.0,0.008072362191496252,0.00046627901154394635
mpm,16000,80.0,4,harmonic,20.0,79.82725801440859,0.9897582590062615,3.742251820135744,0.2159274819892687
mpm,16000,80.0,4,harmonic,10.0,79.95821714144243,0.921126717511992,0.904435049853324,0.052228573196959616
mpm,16000,80.0,4,harmonic,0.0,80.05315543208484,0.511479832525979,1.1499241867873624,0.06644429010604469
mpm,16000,80.0,4,weak_fundamental,inf,79.9982633616954,1.0,0.03758199996429036,0.0021707978807583572
mpm,16000,80.0,4,weak_fundamental,20.0,80.20794683704901,0.9889042631221315,4.494219593669235,0.25993354631125953
mpm,16000,80.0,4,weak_fundamental,10.0,79.65081797403425,0.9152504064298175,7.572986900829708,0.43647753245718235
mpm,16000,80.0,4,weak_fundamental,0.0,80.40734827554533,0.5874389827022511,8.792823121705304,0.5091853444316641
mpm,16000,80.0,4,missing_fundamental,inf,79.99749454596285,0.9999999999999983,0.054219940757705185,0.0031318175464356557
mpm,16000,80.0,4,missing_fundamental,20.0,80.09651509364842,0.9899827350892663,2.087368816459423,0.12064386706052588
mpm,16000,80.0,4,missing_fundamental,10.0,80.4101203612586,0.9111546058901175,8.852507299237562,0.5126504515732577
mpm,16000,80.0,4,missing_fundamental,0.0,80.08279254000479,0.5561954816020888,1.7907393389436006,0.10349067500598608
mpm,16000,100.0,0,sine,inf,100.001436211421,0.9999999999999994,0.02486400258738541,0.001436211420994482
mpm,16000,100.0,0,sine,20.0,100.19435801008434,0.9902255947492015,3.3615264069066586,0.1943580100843434
mpm,16000,100.0,0,sine,10.0,100.83823115916051,0.9170935677437517,14.45126001824261,0.8382311591605145
mpm,16000,100.0,0,sine,0.0,95.82619680433326,0.581471190681339,73.80958015746086,4.173803195666736
mpm,16000,100.0,0,harmonic,inf,100.00073245817471,1.0,0.012680518876105006,0.0007324581747099046
mpm,16000,100.0,0,harmonic,20.0,100.13239744409557,0.9895378367553361,2.2905936229496087,0.13239744409557375
mpm,16000,100.0,0,harmonic,10.0,99.90763412430111,0.9019069701166095,1.5998084421480019,0.09236587569888854
mpm,16000,100.0,0,harmonic,0.0,99.33741375607487,0.5161360730593277,11.509089728072306,0.6625862439251335
mpm,16000,100.0,0,weak_fundamental,inf,100.00063002439208,0.9999999999999993,0.010907162434236629,0.000630024392080486
mpm,16000,100.0,0,weak_fundamental,20.0,99.93694466911454,0.98853413532747,1.0919796699300093,0.06305533088546156
mpm,16000,100.0,0,weak_fundamental,10.0,100.4942100828965,0.896926669320914,8.534860487231104,0.49421008289650104
mpm,16000,100.0,0,weak_fundamental,0.0,101.22658255206564,0.5382357161374774,21.105837525902807,1.2265825520656364
mpm,16000,100.0,0,missing_fundamental,inf,99.99967979622511,0.999999999999999,0.005543485652610174,0.000320203774890615
mpm,16000,100.0,0,missing_fundamental,20.0,100.20471024671835,0.9878133319712149,3.5403909566936687,0.20471024671834925
mpm,16000,100.0,0,missing_fundamental,10.0,100.24295106129414,0.9005189225897606,4.200950432706511,0.24295106129413568
mpm,16000,100.0,0,missing_fundamental,0.0,98.71617725515772,0.49040949249692006,22.369880534446068,1.2838227448422828
mpm,16000,100.0,1,sine,inf,99.99776011734704,1.0,0.03877804544006767,0.0022398826529581584
mpm,16000,100.0,1,sine,20.0,100.25514443476467,0.9891196999398387,4.4115218428635785,0.25514443476467363
mpm,16000,100.0,1,sine,10.0,99.39570074357361,0.9111152936926796,10.493572807071821,0.6042992564263869
mpm,16000,100.0,1,sine,0.0,99.49539899750707,0.48546225472683974,8.757939321979633,0.504601002492933
mpm,16000,100.0,1,harmonic,inf,99.99831270532398,1.0,0.029211266380159636,0.001687294676017359
mpm,16000,100.0,1,harmonic,20.0,99.99650536057203,0.9897868493845108,0.060501444828958736,0.0034946394279700144
mpm,16000,100.0,1,harmonic,10.0,99.92303840356459,0.9057848776566891,1.3328983379309671,0.07696159643541023
mpm,16000,100.0,1,harmonic,0.0,96.805363714736,0.5223306446700956,56.20933136577286,3.1946362852639965
mpm,16000,100.0,1,weak_fundamental,inf,99.99894789659122,1.0,0.018214468261930714,0.0010521034087815906
mpm,16000,100.0,1,weak_fundamental,20.0,99.94518538447869,0.9895234278038609,0.9492294697859512,0.05481461552130895
mpm,16000,100.0,1,weak_fundamental,10.0,99.94511574062264,0.912005492476004,0.9504358296167241,0.05488425937735997
mpm,16000,100.0,1,weak_fundamental,0.0,101.03829211237058,0.5780248870293152,17.882589643468634,1.0382921123705842
mpm,16000,100.0,1,missing_fundamental,inf,99.99924143255436,0.9999999999999999,0.013132627714154412,0.0007585674456436209
mpm,16000,100.0,1,missing_fundamental,20.0,99.96927429464432,0.9910245656073089,0.532015609894023,0.0307257053556782
mpm,16000,100.0,1,missing_fundamental,10.0,99.92816688188844,0.9053857994777009,1.2440462713804612,0.0718331181115559
mpm,16000,100.0,1,missing_fundamental,0.0,100.05352706377852,0.5325937240301533,0.9264308301025989,0.05352706377851746
mpm,16000,100.0,2,sine,inf,100.00197616082346,0.9999999999999993,0.03421163100290542,0.0019761608234603045
mpm,16000,100.0,2,sine,20.0,100.3807975266822,0.9898394650407658,6.579976182718919,0.38079752668220124
mpm,16000,100.0,2,sine,10.0,99.95999802992071,0.9148614467908619,0.6926662756265345,0.040001970079288185
mpm,16000,100.0,2,sine,0.0,98.77753859822477,0.5277808252818762,21.29409086312995,1.2224614017752344
mpm,16000,100.0,2,harmonic,inf,100.00084691638226,1.0,0.014662042689429729,0.0008469163822582004
mpm,16000,100.0,2,harmonic,20.0,100.19584971383443,0.9876836281892015,3.3873010029078787,0.19584971383443417
mpm,16000,100.0,2,harmonic,10.0,100.50453309361093,0.9121556229221909,8.712687943970385,0.5045330936109309
mpm,16000,100.0,2,harmonic,0.0,99.45683162133747,0.486487103080907,9.429147233915591,0.5431683786625285
mpm,16000,100.0,2,weak_fundamental,inf,99.99934341412961,0.9999999999999991,0.011367075466802903,0.0006565858703879712
mpm,16000,100.0,2,weak_fundamental,20.0,100.06026824230784,0.9894627757533219,1.0430700431800042,0.060268242307842
mpm,16000,100.0,2,weak_fundamental,10.0,99.43240616710774,0.9105215014172903,9.854370626686507,0.567593832892257
mpm,16000,100.0,2,weak_fundamental,0.0,98.88118331904018,0.5603195602504794,19.478504033603116,1.1188166809598243
mpm,16000,100.0,2,missing_fundamental,inf,99.9990955418433,1.0,0.015658358379968845,0.0009044581566968191
mpm,16000,100.0,2,missing_fundamental,20.0,100.01054725332928,0.990513633362551,0.18258801203688405,0.010547253329278306
mpm,16000,100.0,2,missing_fundamental,10.0,100.01180166394822,0.9024667760614692,0.20430236932577078,0.011801663948219243
mpm,16000,100.0,2,missing_fundamental,0.0,98.74395272212818,0.500738651848362,21.882837054117505,1.256047277871815
mpm,16000,100.0,3,sine,inf,99.99815269206495,0.9999999999999999,0.03198151936225743,0.00184730793505139
mpm,16000,100.0,3,sine,20.0,99.60277098163569,0.989350306920851,6.890658945876149,0.3972290183643139
mpm,16000,100.0,3,sine,10.0,98.612599017422,0.9083820177221623,24.187336576756042,1.3874009825780007
mpm,16000,100.0,3,sine,0.0,104.5090724813201,0.5204597108724397,76.3538265262703,4.5090724813201035
mpm,16000,100.0,3,harmonic,inf,100.00042638057876,0.9999999999999997,0.007381630021110947,0.0004263805787587671
mpm,16000,100.0,3,harmonic,20.0,100.02092798563181,0.989639350520995,0.36227450598576927,0.02092798563181475
mpm,16000,100.0,3,harmonic,10.0,100.1548927391538,0.9094360746117459,2.679481214136491,0.15489273915379442
mpm,16000,100.0,3,harmonic,0.0,100.01051820779489,0.5773794728876002,0.18208521881386008,0.010518207794888212
mpm,16000,100.0,3,weak_fundamental,inf,100.00031081473396,1.0,0.005380922141703817,0.0003108147339645484
mpm,16000,100.0,3,weak_fundamental,20.0,99.98607332958532,0.9902207342729844,0.24112005050730126,0.013926670414676323
mpm,16000,100.0,3,weak_fundamental,10.0,100.10548197422708,0.9155396175776469,1.8251774060085646,0.10548197422707517
mpm,16000,100.0,3,weak_fundamental,0.0,100.07453558175028,0.5369015441158416,1.2899047106363077,0.07453558175028263
mpm,16000,100.0,3,missing_fundamental,inf,100.00064904168516,0.9999999999999996,0.011236394181976753,0.0006490416851647751
mpm,16000,100.0,3,missing_fundamental,20.0,99.99280880561865,0.9898480727316677,0.12450088226839953,0.007191194381348964
mpm,16000,100.0,3,missing_fundamental,10.0,99.9500980716501,0.91051435352098,0.864134802636014,0.04990192834989671
mpm,16000,100.0,3,missing_fundamental,0.0,101.88202076816995,0.5218585543660469,32.27937598895527,1.8820207681699515
mpm,16000,100.0,4,sine,inf,100.00190794562991,0.9999999999999999,0.033030689279866327,0.001907945629909591
mpm,16000,100.0,4,sine,20.0,100.04488682952488,0.9898681485256339,0.7769217215587185,0.04488682952488432
mpm,16000,100.0,4,sine,10.0,100.97962176141273,0.9110486402780398,16.877014344160408,0.97962176141273
mpm,16000,100.0,4,sine,0.0,106.48653656319836,0.5452657133108649,108.80524486413427,6.486536563198356
mpm,16000,100.0,4,harmonic,inf,100.00057779621912,0.9999999999999992,0.010002975981149352,0.000577796219118909
mpm,16000,100.0,4,harmonic,20.0,100.03459408856706,0.9907073650557663,0.5988010713214129,0.034594088567061476
mpm,16000,100.0,4,harmonic,10.0,99.76300409912264,0.9172841374987938,4.1078233423343,0.23699590087736055
mpm,16000,100.0,4,harmonic,0.0,100.62621524667419,0.544176454109893,10.807447835102879,0.6262152466741924
mpm,16000,100.0,4,weak_fundamental,inf,99.99958270880059,0.9999999999999997,0.007224302401268064,0.0004172911994118067
mpm,16000,100.0,4,weak_fundamental,20.0,100.04868063450854,0.989526911498862,0.8425706521790234,0.04868063450854265
mpm,16000,100.0,4,weak_fundamental,10.0,99.43650389863546,0.9202650792724627,9.783025816244487,0.5634961013645352
mpm,16000,100.0,4,weak_fundamental,0.0,100.4199604436371,0.5879605103884412,7.255274192926344,0.4199604436370947
mpm,16000,100.0,4,missing_fundamental,inf,99.99926475413722,1.0,0.012728873515149172,0.0007352458627849501
mpm,16000,100.0,4,missing_fundamental,20.0,100.0254726986777,0.989840302256423,0.44093587597485856,0.025472698677702965
mpm,16000,100.0,4,missing_fundamental,10.0,100.46354824544655,0.9281330026321574,8.00656222341884,0.46354824544654605
mpm,16000,100.0,4,missing_fundamental,0.0,101.2561552235748,0.5820527863506179,21.611532152170035,1.256155223574794
mpm,16000,120.0,0,sine,inf,119.99790385132357,0.9998763385782279,0.030241297131400006,0.0017467905636910548
mpm,16000,120.0,0,sine,20.0,120.22777597750108,0.9899745708912968,3.2829979329082897,0.18981331458423512
mpm,16000,120.0,0,sine,10.0,120.90607382399331,0.9132894027484237,13.0227787684103,0.7550615199944252
mpm,16000,120.0,0,sine,0.0,118.54094253576599,0.5351567814906508,21.17876651774699,1.215881220195006
mpm,16000,120.0,0,harmonic,inf,119.99346743594673,0.9996507431104296,0.09424754298815936,0.0054438033777278365
mpm,16000,120.0,0,harmonic,20.0,120.0332454380945,0.9892346530513366,0.4795638593171644,0.027704531745413874
mpm,16000,120.0,0,harmonic,10.0,119.70030167284256,0.9123288652380275,4.329141141396142,0.24974860596453632
mpm,16000,120.0,0,harmonic,0.0,116.81084168302509,0.5184594577643298,46.63226770154152,2.657631930812426
mpm,16000,120.0,0,weak_fundamental,inf,119.99677986852473,0.9994231956893627,0.04645730043414486,0.0026834428960616683
mpm,16000,120.0,0,weak_fundamental,20.0,120.09998530338959,0.9913781229320531,1.4418824009634683,0.08332108615798954
mpm,16000,120.0,0,weak_fundamental,10.0,120.18862286209756,0.9221896031945276,2.719116205704803,0.15718571841463339
mpm,16000,120.0,0,weak_fundamental,0.0,119.28013119917935,0.4936218740333594,10.4167874913776,0.5998906673505408
mpm,16000,120.0,0,missing_fundamental,inf,119.99699433390033,0.9993012351670446,0.043363138830762975,0.00250472174972316
mpm,16000,120.0,0,missing_fundamental,20.0,119.98560064205184,0.9894323347142534,0.20775128780877755,0.011999464956803743
mpm,16000,120.0,0,missing_fundamental,10.0,119.94782477087875,0.9083064152156475,0.7528931315166911,0.04347935760103875
mpm,16000,120.0,0,missing_fundamental,0.0,118.56167036561007,0.5772264134422859,20.876072891205965,1.1986080286582752
mpm,16000,120.0,1,sine,inf,120.00053539492994,0.9998767016539062,0.007724098872369747,0.0004461624416170669
mpm,16000,120.0,1,sine,20.0,120.25331081070343,0.9908336855466041,3.6506507361593767,0.21109234225285434
mpm,16000,120.0,1,sine,10.0,120.42611915747945,0.9073285977883424,6.136710681968073,0.35509929789954003
mpm,16000,120.0,1,sine,0.0,116.78484849355787,0.5334223464907519,47.017551306741666,2.679292922035105
mpm,16000,120.0,1,harmonic,inf,120.00030580764758,0.9996534422785489,0.004411866144678179,0.0002548397063151242
mpm,16000,120.0,1,harmonic,20.0,119.86121170254883,0.9898740549042239,2.0034506727343624,0.11565691454264264
mpm,16000,120.0,1,harmonic,10.0,119.45843388048151,0.9093910740214176,7.830831341387675,0.4513050995987437
mpm,16000,120.0,1,harmonic,0.0,120.961325913559,0.5651999641835243,13.81374357396819,0.8011049279658286
mpm,16000,120.0,1,weak_fundamental,inf,120.00103689912957,0.9994259470655786,0.014959227691402757,0.0008640826079779155
mpm,16000,120.0,1,weak_fundamental,20.0,119.88718131814726,0.9892276488642525,1.6283951207487841,0.09401556821061992
mpm,16000,120.0,1,weak_fundamental,10.0,120.87999330671211,0.9169556005254937,12.649295877146823,0.733327755593424
mpm,16000,120.0,1,weak_fundamental,0.0,121.05443006810548,0.5704363306597077,15.145765034787836,0.8786917234212291
mpm,16000,120.0,1,missing_fundamental,inf,120.00033072757411,0.999303852948236,0.004771383735285427,0.00027560631175778855
mpm,16000,120.0,1,missing_fundamental,20.0,119.95781173219335,0.9904264006521506,0.6087550634282782,0.035156889838875806
mpm,16000,120.0,1,missing_fundamental,10.0,119.54179215126447,0.9238244688032642,6.623194973015859,0.3818398739462718
mpm,16000,120.0,1,missing_fundamental,0.0,119.84159663937574,0.47098432915391025,2.286787072091087,0.13200280052021895
mpm,16000,120.0,2,sine,inf,119.99815693053958,0.9998763737448043,0.02659007590350783,0.001535891217017138
mpm,16000,120.0,2,sine,20.0,119.77780372830257,0.99018701573925,3.208586076501452,0.18516355974785625
mpm,16000,120.0,2,sine,10.0,121.02539094420312,0.9091335706415508,14.730418393454858,0.8544924535026036
mpm,16000,120.0,2,sine,0.0,114.29586842207331,0.5662577576443099,84.3133824197501,4.753442981605573
mpm,16000,120.0,2,harmonic,inf,120.00015936242494,0.9996533862317083,0.0022991122749630205,0.00013280202078173411
mpm,16000,120.0,2,harmonic,20.0,120.08208972331349,0.989464728253503,1.1838994718923606,0.06840810276123932
mpm,16000,120.0,2,harmonic,10.0,120.08396030310347,0.914044090183269,1.2108675751996287,0.06996691925288918
mpm,16000,120.0,2,harmonic,0.0,116.71964067942024,0.5528505323465881,47.984470541868134,2.733632767149802
mpm,16000,120.0,2,weak_fundamental,inf,119.9999855222453,0.9994252758549363,0.0002088698617141965,1.2064795586278857e-05
mpm,16000,120.0,2,weak_fundamental,20.0,119.99564722857455,0.9898116817941544,0.06279835644838405,0.0036273095212043436
mpm,16000,120.0,2,weak_fundamental,10.0,120.81666089516973,0.909411737963596,11.742016211707085,0.6805507459747773
mpm,16000,120.0,2,weak_fundamental,0.0,118.81596499159987,0.5029155864520417,17.166846596527172,0.9866958403334417
mpm,16000,120.0,2,missing_fundamental,inf,120.00017827206474,0.9993037379435726,0.002571920326828031,0.00014856005395339858
mpm,16000,120.0,2,missing_fundamental,20.0,120.02125988908229,0.9899243324187741,0.3066881989695249,0.017716574235239573
mpm,16000,120.0,2,missing_fundamental,10.0,119.60278629818198,0.9016992111718035,5.7400878006791025,0.33101141818168145
mpm,16000,120.0,2,missing_fundamental,0.0,117.89148187766844,0.5284643748786756,30.68990895624669,1.7570984352763002
mpm,16000,120.0,3,sine,inf,119.99983926412955,0.999876606161882,0.002318929985027903,0.00013394655870987057
mpm,16000,120.0,3,sine,20.0,119.92968736204632,0.9902370141659359,1.014694244202788,0.058593864961397436
mpm,16000,120.0,3,sine,10.0,118.4340960495001,0.9212397574293162,22.739912271203192,1.3049199587499178
mpm,16000,120.0,3,sine,0.0,121.98414140180512,0.5862860015503017,28.391035183488736,1.6534511681709319
mpm,16000,120.0,3,harmonic,inf,119.99989331458153,0.9996532824429689,0.0015391459258440425,8.890451539400601e-05
mpm,16000,120.0,3,harmonic,20.0,120.09939574918798,0.9901154144950822,1.4333839918244096,0.08282979098998074
mpm,16000,120.0,3,harmonic,10.0,120.89327249091178,0.9078570767993773,12.839468895471208,0.7443937424264865
mpm,16000,120.0,3,harmonic,0.0,120.40411891816466,0.5300581082108357,5.820408511612117,0.3367657651372132
mpm,16000,120.0,3,weak_fundamental,inf,120.00060067097704,0.9994256681449345,0.008665828709003499,0.0005005591475300738
mpm,16000,120.0,3,weak_fundamental,20.0,119.9822314298623,0.9901193092286055,0.25636526086589395,0.014807141781420322
mpm,16000,120.0,3,weak_fundamental,10.0,120.20767953181526,0.9099763277119921,2.993592603367236,0.17306627651271592
mpm,16000,120.0,3,weak_fundamental,0.0,119.81210289470316,0.48966105504287605,2.712906721975068,0.15658092108070085
mpm,16000,120.0,3,missing_fundamental,inf,119.99993750009547,0.9993035480235923,0.0009016832580532855,5.208325377500008e-05
mpm,16000,120.0,3,missing_fundamental,20.0,119.95883192092298,0.988968653195249,0.594031737540389,0.034306732564187335
mpm,16000,120.0,3,missing_fundamental,10.0,119.27235639005384,0.90266149186325,10.529634893841173,0.6063696749551303
mpm,16000,120.0,3,missing_fundamental,0.0,118.64727859476041,0.5336474040857567,19.626475114482183,1.1272678376996599
mpm,16000,120.0,4,sine,inf,119.9978575927528,0.9998763321445815,0.03090867902433891,0.00178533937267152
mpm,16000,120.0,4,sine,20.0,120.24988740036694,0.9897706935240658,3.601364701022213,0.20823950030578686
mpm,16000,120.0,4,sine,10.0,120.28495421075223,0.9134007727568385,4.10614692845012,0.23746184229352707
mpm,16000,120.0,4,sine,0.0,124.07349081899206,0.5569000457029223,57.79260064137993,3.39457568249338
mpm,16000,120.0,4,harmonic,inf,120.00022890326605,0.9996534128360253,0.003302372918032745,0.00019075272170709923
mpm,16000,120.0,4,harmonic,20.0,119.95838623011237,0.9901636067968431,0.6004639153777674,0.03467814157302721
mpm,16000,120.0,4,harmonic,10.0,120.05166558242412,0.9132027926119812,0.7452163818284975,0.043054652020101024
mpm,16000,120.0,4,harmonic,0.0,118.56733863929325,0.5434241726598249,20.793306902828537,1.1938844672556215
mpm,16000,120.0,4,weak_fundamental,inf,119.99996372510448,0.9994252622750092,0.0005233361979609864,3.0229079600966695e-05
mpm,16000,120.0,4,weak_fundamental,20.0,119.82314405517134,0.9886065965573898,2.553373988785489,0.14737995402388293
mpm,16000,120.0,4,weak_fundamental,10.0,120.23856049536869,0.9083675996294737,3.438283906168066,0.19880041280723995
mpm,16000,120.0,4,weak_fundamental,0.0,117.66564919807847,0.5381809775876402,34.00943778815002,1.945292334934609
mpm,16000,120.0,4,missing_fundamental,inf,120.00020427496919,0.9993037577459745,0.002947062341758039,0.0001702291409936644
mpm,16000,120.0,4,missing_fundamental,20.0,120.01091977970658,0.9884013305566554,0.1575319528521388,0.009099816422152665
mpm,16000,120.0,4,missing_fundamental,10.0,120.10323675905086,0.9042921213735693,1.4887513039018887,0.08603063254238208
mpm,16000,120.0,4,missing_fundamental,0.0,121.23481881180118,0.5055165412397254,17.72363585902455,1.0290156765009801
mpm,16000,160.0,0,sine,inf,160.00490307237425,1.0,0.05305147363987833,0.003064420233904741
mpm,16000,160.0,0,sine,20.0,160.0136067475556,0.9904083437352391,0.1472216442226926,0.008504217222249366
mpm,16000,160.0,0,sine,10.0,161.53143896026083,0.9116134619166512,16.491695677663245,0.9571493501630179
mpm,16000,160.0,0,sine,0.0,160.06761391196807,0.4791320187987509,0.7314423780668405,0.042258694980041867
mpm,16000,160.0,0,harmonic,inf,160.0014855710918,1.0,0.016074120729923935,0.000928481932369607
mpm,16000,160.0,0,harmonic,20.0,160.19269348237344,0.9904149835388699,2.0837299837349965,0.12043342648340172
mpm,16000,160.0,0,harmonic,10.0,160.9432054863758,0.9127683980650393,10.175720354661356,0.5895034289848766
mpm,16000,160.0,0,harmonic,0.0,160.69923175065344,0.5237143768359408,7.5493522485442615,0.43701984415839945
mpm,16000,160.0,0,weak_fundamental,inf,159.99402375386398,1.0,0.0646654626614018,0.0037351538350094415
mpm,16000,160.0,0,weak_fundamental,20.0,160.02592670416806,0.990097100426817,0.2805097299227557,0.01620419010503582
mpm,16000,160.0,0,weak_fundamental,10.0,160.21528565735414,0.9099061799993201,2.3278708614929213,0.1345535358463401
mpm,16000,160.0,0,weak_fundamental,0.0,158.83712739184747,0.5663580452449392,12.628476471648316,0.7267953800953286
mpm,16000,160.0,0,missing_fundamental,inf,159.99432213814652,0.9999999999999994,0.061436763640026294,0.0035486636584280973
mpm,16000,160.0,0,missing_fundamental,20.0,160.011436913539,0.9893540895130257,0.12374541569098892,0.007148070961875419
mpm,16000,160.0,0,missing_fundamental,10.0,159.009281244158,0.9114712571376263,10.753113832057545,0.6191992224012566
mpm,16000,160.0,0,missing_fundamental,0.0,160.24680031210573,0.6116532295882408,2.6683744400133853,0.1542501950660835
mpm,16000,160.0,1,sine,inf,159.9977708718512,1.0,0.024119808962997584,0.0013932050929987838
mpm,16000,160.0,1,sine,20.0,160.31056680517963,0.9888368991788616,3.3571417982433953,0.19410425323727054
mpm,16000,160.0,1,sine,10.0,159.03448960070975,0.9142006138213548,10.478676353474796,0.6034439995564078
mpm,16000,160.0,1,sine,0.0,164.05159985686626,0.5327911424039363,43.29330984004201,2.532249910541413
mpm,16000,160.0,1,harmonic,inf,160.00823601351414,0.9999999999999992,0.0891131253683844,0.005147508446334825
mpm,16000,160.0,1,harmonic,20.0,159.99745539643393,0.9886975233075631,0.027533371036201213,0.0015903772287906293
mpm,16000,160.0,1,harmonic,10.0,160.53510478667977,0.9117273054189665,5.780287233959059,0.33444049167485446
mpm,16000,160.0,1,harmonic,0.0,161.2986499041008,0.5268753066063541,13.994949407553596,0.8116561900630082
mpm,16000,160.0,1,weak_fundamental,inf,160.00781039958832,1.0,0.0845081230354786,0.004881499742701578
mpm,16000,160.0,1,weak_fundamental,20.0,159.87068170458022,0.9898834932354548,1.399817246159005,0.08082393463736182
mpm,16000,160.0,1,weak_fundamental,10.0,159.83724045468267,0.9071771753692311,1.7619892579508905,0.10172471582333031
mpm,16000,160.0,1,weak_fundamental,0.0,161.85723171212464,0.512176309218191,19.979905048800145,1.1607698200779026
mpm,16000,160.0,1,missing_fundamental,inf,160.0089369889533,1.0,0.09669742177658522,0.005585618095818035
mpm,16000,160.0,1,missing_fundamental,20.0,160.01892222715736,0.9903795019890785,0.2047304187463701,0.01182639197335078
mpm,16000,160.0,1,missing_fundamental,10.0,160.27578944676486,0.9099116205308967,2.9815316321442844,0.17236840422803823
mpm,16000,160.0,1,missing_fundamental,0.0,80.37877900430514,0.5163947432729159,1191.8224052749895,49.76326312230928
mpm,16000,160.0,2,sine,inf,159.99761888940776,1.0,0.025764315036184413,0.0014881941201494442
mpm,16000,160.0,2,sine,20.0,159.8595661327346,0.9903611903196438,1.5201915716528478,0.08777116704086652
mpm,16000,160.0,2,sine,10.0,159.83640901752744,0.9156461736296991,1.7709947691350294,0.10224436404534742
mpm,16000,160.0,2,sine,0.0,166.4116727800022,0.5605415642630757,68.02167397608622,4.00729548750137
mpm,16000,160.0,2,harmonic,inf,160.00794671509328,0.9999999999999999,0.08598301318318678,0.004966696933301762
mpm,16000,160.0,2,harmonic,20.0,159.80777130805782,0.990263684281637,2.0812058157009545,0.12014293246386032
mpm,16000,160.0,2,harmonic,10.0,159.62217397675613,0.9251872024752148,4.092992501739052,0.23614126452741857
mpm,16000,160.0,2,harmonic,0.0,159.77957554121636,0.5363447174422592,2.386683940560267,0.13776528673977495
mpm,16000,160.0,2,weak_fundamental,inf,160.0074710235574,1.0,0.08083617751114537,0.004669389723375161
mpm,16000,160.0,2,weak_fundamental,20.0,159.93637999420133,0.9899634676230681,0.6885188967519213,0.03976250362416778
mpm,16000,160.0,2,weak_fundamental,10.0,159.93632563371634,0.9167960747007001,0.6891073228408244,0.03979647892728977
mpm,16000,160.0,2,weak_fundamental,0.0,161.1498610311672,0.5151008140514747,12.397246999315831,0.7186631444795033
mpm,16000,160.0,2,missing_fundamental,inf,160.00870089106388,1.0,0.09414293316896004,0.005438056914925937
mpm,16000,160.0,2,missing_fundamental,20.0,160.04058548611675,0.989561340829956,0.4390879096359046,0.025365928822971284
mpm,16000,160.0,2,missing_fundamental,10.0,159.63160076266976,0.9180838037254047,3.990754257163675,0.23024952333139836
mpm,16000,160.0,2,missing_fundamental,0.0,79.92056429122407,0.5356020379491404,1201.7198765607716,50.04964731798496
mpm,16000,160.0,3,sine,inf,160.00382371472818,0.9999999999999998,0.041372912703338316,0.00238982170511548
mpm,16000,160.0,3,sine,20.0,160.05355000425882,0.9898055551039026,0.5793255007759007,0.03346875266176497
mpm,16000,160.0,3,sine,10.0,160.10785230001315,0.9168711951551465,1.166591695746416,0.06740768750821857
mpm,16000,160.0,3,sine,0.0,155.6292033297244,0.5821271228604941,47.95092264750907,2.731747918922256
mpm,16000,160.0,3,harmonic,inf,160.00176846552083,0.9999999999999998,0.019135067527774007,0.0011052909505160358
mpm,16000,160.0,3,harmonic,20.0,160.0452944256372,0.9903624449145837,0.490025966857494,0.02830901602324687
mpm,16000,160.0,3,harmonic,10.0,160.84778784376937,0.9140889020939492,9.14902737675148,0.5298674023558547
mpm,16000,160.0,3,harmonic,0.0,156.9790388451621,0.5536110935388701,32.99996861933067,1.8881007217736823
mpm,16000,160.0,3,weak_fundamental,inf,160.00251660167126,1.0,0.02722995148659751,0.0015728760445377077
mpm,16000,160.0,3,weak_fundamental,20.0,160.0184246718258,0.9898632708544096,0.19934739242385283,0.011515419891132694
mpm,16000,160.0,3,weak_fundamental,10.0,159.53929556059543,0.9093603620878302,4.9921106780223745,0.28794027462785365
mpm,16000,160.0,3,weak_fundamental,0.0,80.43931493818086,0.59185084592172,1190.519046028546,49.72542816363696
mpm,16000,160.0,3,missing_fundamental,inf,160.00326251066653,0.9999999999999997,0.03530069979426463,0.0020390691665816973
mpm,16000,160.0,3,missing_fundamental,20.0,160.01532713761176,0.9903827642160867,0.16583494775600402,0.009579461007351853
mpm,16000,160.0,3,missing_fundamental,10.0,160.1476396469125,0.91014087332888,1.59675581009026,0.09227477932030936
mpm,16000,160.0,3,missing_fundamental,0.0,160.0651335441661,0.5198682735680116,0.7046153994010954,0.04070846510380477
mpm,16000,160.0,4,sine,inf,160.00502920459655,1.0,0.05441620876801147,0.003143252872845892
mpm,16000,160.0,4,sine,20.0,160.41609023786404,0.9899146906275265,4.496340940053601,0.26005639866502506
mpm,16000,160.0,4,sine,10.0,158.82571425297994,0.916871427952726,12.752877641898056,0.7339285918875404
mpm,16000,160.0,4,sine,0.0,158.38457663179994,0.5384162436617917,17.5680616658354,1.0096396051250345
mpm,16000,160.0,4,harmonic,inf,160.00172590222803,0.9999999999999994,0.018674528670948386,0.001078688892519608
mpm,16000,160.0,4,harmonic,20.0,159.94448409463047,0.9910754396305756,0.6007981470726235,0.034697440855957495
mpm,16000,160.0,4,harmonic,10.0,159.17297764988265,0.8985364518675304,8.971764882628957,0.5168889688233413
mpm,16000,160.0,4,harmonic,0.0,158.6058881835145,0.5128793633869327,15.150688283607995,0.8713198853034321
mpm,16000,160.0,4,weak_fundamental,inf,159.99982194395605,1.0,0.0019266053591019,0.0001112850274687105
mpm,16000,160.0,4,weak_fundamental,20.0,159.94654496773018,0.9901279023818816,0.5784914653783352,0.03340939516863983
mpm,16000,160.0,4,weak_fundamental,10.0,160.31792097020778,0.9151397436919833,3.4365594506780175,0.19870060637986242
mpm,16000,160.0,4,weak_fundamental,0.0,80.78872297532241,0.5731333898599742,1183.0152886703029,49.50704814042349
mpm,16000,160.0,4,missing_fundamental,inf,160.00267922305594,1.0,0.028989520905495683,0.001674514409959471
mpm,16000,160.0,4,missing_fundamental,20.0,160.01706797215,0.9904118217563879,0.18466924123682232,0.010667482593742506
mpm,16000,160.0,4,missing_fundamental,10.0,159.81386952152437,0.9090074242800356,2.015143738266802,0.1163315490472705
mpm,16000,160.0,4,missing_fundamental,0.0,161.9164694640998,0.5483091570058803,20.613399455426276,1.1977934150623781
mpm,16000,200.0,0,sine,inf,199.99250162581373,0.9999999999999993,0.06490842029628806,0.003749187093134765
mpm,16000,200.0,0,sine,20.0,200.06136663084564,0.9893256478023745,0.5311185257624103,0.0306833154228201
mpm,16000,200.0,0,sine,10.0,200.10888269794376,0.9258913455579553,0.9422507064409406,0.0544413489718778
mpm,16000,200.0,0,sine,0.0,195.30506630237755,0.5827860687326095,41.12475134808801,2.347466848811223
mpm,16000,200.0,0,harmonic,inf,199.97479084513571,1.0,0.2182284899246386,0.012604577432142605
mpm,16000,200.0,0,harmonic,20.0,199.7341265201763,0.9892877880385587,2.3029771958567635,0.13293673991185528
mpm,16000,200.0,0,harmonic,10.0,200.30658279794042,0.9114115744426323,2.6518009207730047,0.15329139897021093
mpm,16000,200.0,0,harmonic,0.0,202.51247700749843,0.5501089467746504,21.612956040070625,1.2562385037492163
mpm,16000,200.0,0,weak_fundamental,inf,199.9875185976575,1.0,0.1080445149800182,0.006240701171250862
mpm,16000,200.0,0,weak_fundamental,20.0,199.9713740329308,0.9900598956085352,0.24780897924046322,0.014312983534594537
mpm,16000,200.0,0,weak_fundamental,10.0,199.51866153782794,0.9079499849877799,4.171569532309965,0.24066923108603078
mpm,16000,200.0,0,weak_fundamental,0.0,99.54398498139561,0.5552424666611441,1207.912742661857,50.228007509302195
mpm,16000,200.0,0,missing_fundamental,inf,199.98803935609865,1.0,0.10353646579169291,0.0059803219506733285
mpm,16000,200.0,0,missing_fundamental,20.0,200.0854312617402,0.9901335782158021,0.7393496482032087,0.04271563087010577
mpm,16000,200.0,0,missing_fundamental,10.0,200.12940375220893,0.9200653158676626,1.1197786896472055,0.06470187610446487
mpm,16000,200.0,0,missing_fundamental,0.0,200.09384904649,0.5495135972142405,0.8121827822298429,0.04692452324499641
mpm,16000,200.0,1,sine,inf,199.9925612427106,1.0,0.06439234701590192,0.003719378644703397
mpm,16000,200.0,1,sine,20.0,199.88392063060573,0.9902717945211841,1.0050944885066473,0.058039684697135385
mpm,16000,200.0,1,sine,10.0,199.46907028288825,0.9185171039583807,4.601928977889215,0.2654648585558732
mpm,16000,200.0,1,sine,0.0,190.57594980535137,0.5390958562835765,83.56072040185263,4.7120250973243145
mpm,16000,200.0,1,harmonic,inf,199.9999746662273,1.0,0.00021929346335274467,1.266688634871116e-05
mpm,16000,200.0,1,harmonic,20.0,200.17444580048704,0.990614940421865,1.5093743831936501,0.08722290024351764
mpm,16000,200.0,1,harmonic,10.0,200.121354814508,0.9126888254558151,1.0501493649786868,0.060677407254004834
mpm,16000,200.0,1,harmonic,0.0,202.50112764988438,0.5391371541122649,21.515930191478734,1.2505638249421906
mpm,16000,200.0,1,weak_fundamental,inf,199.9993126248547,0.9999999999999991,0.005950046505040337,0.00034368757265212935
mpm,16000,200.0,1,weak_fundamental,20.0,200.0888938667113,0.9906301188349452,0.7693094894428656,0.04444693335564409
mpm,16000,200.0,1,weak_fundamental,10.0,200.10417303524446,0.9114747571042989,0.901504767205731,0.05208651762222871
mpm,16000,200.0,1,weak_fundamental,0.0,199.47894225322995,0.5695306825541252,4.516250189408613,0.2605288733850273
mpm,16000,200.0,1,missing_fundamental,inf,199.99999965845797,0.9999999999999993,2.9564460388699085e-06,1.70771016883009e-07
mpm,16000,200.0,1,missing_fundamental,20.0,199.99213882275967,0.9896094130252806,0.068049025893351,0.003930588620164599
mpm,16000,200.0,1,missing_fundamental,10.0,199.3258484379551,0.905354693817064,5.845427997254204,0.33707578102244895
mpm,16000,200.0,1,missing_fundamental,0.0,200.01232500476212,0.46029472841007874,0.10668405232554456,0.006162502381059198
mpm,16000,200.0,2,sine,inf,200.00725062108407,0.9999999999999994,0.06276147284580165,0.003625310542034299
mpm,16000,200.0,2,sine,20.0,200.36397837191583,0.9903004720980254,3.1477952974075847,0.18198918595791724
mpm,16000,200.0,2,sine,10.0,200.47368373955928,0.9124122555806926,4.0954391468975935,0.23684186977963861
mpm,16000,200.0,2,sine,0.0,201.15201549516829,0.5117659732660254,9.943432194979447,0.5760077475841427
mpm,16000,200.0,2,harmonic,inf,200.00222525586076,1.0,0.019262086412835812,0.0011126279303823594
mpm,16000,200.0,2,harmonic,20.0,200.08891571887457,0.9910785669724913,0.7694985614417864,0.044457859437287084
mpm,16000,200.0,2,harmonic,10.0,199.85564166585428,0.9076894410950844,1.250041505762096,0.07217916707286065
mpm,16000,200.0,2,harmonic,0.0,195.41899612289663,0.5475832759277053,40.11514273144776,2.290501938551685
mpm,16000,200.0,2,weak_fundamental,inf,199.99133009379838,1.0,0.07504981079099897,0.0043349531008090025
mpm,16000,200.0,2,weak_fundamental,20.0,200.03367217672732,0.9904251190153311,0.2914475607867584,0.016836088363660906
mpm,16000,200.0,2,weak_fundamental,10.0,200.2188645360746,0.9077233870145743,1.8934928277126502,0.10943226803729544
mpm,16000,200.0,2,weak_fundamental,0.0,200.41730109129168,0.521926528051646,3.608466055486014,0.2086505456458383
mpm,16000,200.0,2,missing_fundamental,inf,199.99203526702567,1.0,0.06894545742393532,0.003982366487164768
mpm,16000,200.0,2,missing_fundamental,20.0,200.02689395259353,0.9893368783906626,0.23278298143421974,0.013446976296762614
mpm,16000,200.0,2,missing_fundamental,10.0,199.9610307296475,0.9105393338403067,0.3373575060148988,0.019484635176254983
mpm,16000,200.0,2,missing_fundamental,0.0,199.53404374276707,0.5268968442335299,4.038102465924295,0.23297812861646605
mpm,16000,200.0,3,sine,inf,200.00738768780258,1.0,0.0639479022778797,0.0036938439012885738
mpm,16000,200.0,3,sine,20.0,199.6227802144771,0.9898071479955683,3.2683618801253687,0.18860989276144835
mpm,16000,200.0,3,sine,10.0,202.47221122621104,0.9102454012830737,21.268698620805175,1.2361056131055221
mpm,16000,200.0,3,sine,0.0,200.3290418440694,0.5636170318876416,2.845901809547111,0.16452092203469704
mpm,16000,200.0,3,harmonic,inf,200.00230016282967,1.0,0.019910486552441865,0.0011500814148348582
mpm,16000,200.0,3,harmonic,20.0,200.01015474006456,0.9898663996881915,0.08789892733793475,0.005077370032282147
mpm,16000,200.0,3,harmonic,10.0,199.60719582857132,0.9067189445524905,3.4035231713440894,0.1964020857143396
mpm,16000,200.0,3,harmonic,0.0,195.26424965672518,0.5218736785253079,41.48659834472587,2.367875171637408
mpm,16000,200.0,3,weak_fundamental,inf,199.99153732240114,1.0,0.07325592789131824,0.004231338799428386
mpm,16000,200.0,3,weak_fundamental,20.0,199.95876363063994,0.9899948388669653,0.35698583674451845,0.02061818468003196
mpm,16000,200.0,3,weak_fundamental,10.0,200.4028377995876,0.913263680467844,3.4835255116309805,0.20141889979379357
mpm,16000,200.0,3,weak_fundamental,0.0,197.63227337345728,0.6128217843313122,20.617729883454217,1.1838633132713596
mpm,16000,200.0,3,missing_fundamental,inf,199.99279299339543,1.0,0.06238620017954919,0.003603503302286981
mpm,16000,200.0,3,missing_fundamental,20.0,200.0534169062715,0.9884428981028011,0.46232409760557064,0.026708453135753984
mpm,16000,200.0,3,missing_fundamental,10.0,200.45820510685647,0.9031804493634549,3.9617648908611067,0.22910255342823405
mpm,16000,200.0,3,missing_fundamental,0.0,197.74533521492404,0.5131105544332054,19.627605452120992,1.12733239253798
mpm,16000,200.0,4,sine,inf,199.99619474746106,1.0,0.032939227159701365,0.0019026262694694651
mpm,16000,200.0,4,sine,20.0,200.25773732728868,0.9901284987111574,2.229581875763471,0.12886866364434013
mpm,16000,200.0,4,sine,10.0,202.1272790224533,0.9092059034600747,18.316848532856362,1.0636395112266541
mpm,16000,200.0,4,sine,0.0,195.30333827459893,0.5360367904636038,41.14006909595546,2.3483308627005357
mpm,16000,200.0,4,harmonic,inf,200.01078356736406,1.0,0.09334187858164986,0.005391783682028972
mpm,16000,200.0,4,harmonic,20.0,199.9707875332472,0.9906545667957005,0.25288655454821696,0.014606233376397881
mpm,16000,200.0,4,harmonic,10.0,199.73840562410058,0.9129879913929521,2.2658876349110937,0.1307971879497103
mpm,16000,200.0,4,harmonic,0.0,204.3763868765167,0.4932732452923021,37.47422474363402,2.1881934382583523
mpm,16000,200.0,4,weak_fundamental,inf,200.0100682104424,1.0,0.08714995006341836,0.00503410522119907
mpm,16000,200.0,4,weak_fundamental,20.0,199.99572554012437,0.990602143508405,0.03700084778831305,0.0021372299378157322
mpm,16000,200.0,4,weak_fundamental,10.0,200.15046722485374,0.9096778118757466,1.3019802126914155,0.07523361242687088
mpm,16000,200.0,4,weak_fundamental,0.0,201.7285361483688,0.5127398679455215,14.898215254233516,0.8642680741843947
mpm,16000,200.0,4,missing_fundamental,inf,200.01204642409567,0.9999999999999999,0.1042727575664735,0.0060232120478360685
mpm,16000,200.0,4,missing_fundamental,20.0,200.14591276182728,0.9911758849270759,1.2625851950936484,0.07295638091363799
mpm,16000,200.0,4,missing_fundamental,10.0,200.3804006731345,0.9031275806497835,3.2896854824550608,0.19020033656724422
mpm,16000,200.0,4,missing_fundamental,0.0,196.90361174642482,0.5030141829143995,27.012510692221454,1.5481941267875925
mpm,16000,240.0,0,sine,inf,239.9944523321711,0.9995072523919417,0.04001842684652847,0.0023115282620385833
mpm,16000,240.0,0,sine,20.0,239.53407151682165,0.989630337461613,3.3642302236967425,0.19413686799097718
mpm,16000,240.0,0,sine,10.0,239.63990546505528,0.9213777824113596,2.599483611776568,0.15003938956030063
mpm,16000,240.0,0,sine,0.0,78.83497412386666,0.5455538559982025,1927.3520350782567,67.15209411505556
mpm,16000,240.0,0,harmonic,inf,239.99775294499483,0.9986136474376374,0.016209151443812023,0.000936272918821146
mpm,16000,240.0,0,harmonic,20.0,240.08144940122418,0.987930134734986,0.5874335623845911,0.033937250510073604
mpm,16000,240.0,0,harmonic,10.0,239.5777126088968,0.9115695928185338,3.048842678446627,0.175953079626332
mpm,16000,240.0,0,harmonic,0.0,120.31984699117051,0.5205057156878136,1195.3917220280423,49.866730420345625
mpm,16000,240.0,0,weak_fundamental,inf,240.0001502072717,0.9977004894983894,0.0010835160907782023,6.258636320903103e-05
mpm,16000,240.0,0,weak_fundamental,20.0,239.87618044164262,0.9883509796442127,0.8933997929571199,0.05159148264890945
mpm,16000,240.0,0,weak_fundamental,10.0,240.67840357377892,0.9115486872143017,4.886743972748289,0.2826681557412177
mpm,16000,240.0,0,weak_fundamental,0.0,242.0016257388872,0.5526415589417253,14.378800268144895,0.834010724536339
mpm,16000,240.0,0,missing_fundamental,inf,240.00158011963185,0.9972123054931367,0.011398116262678587,0.0006583831799389372
mpm,16000,240.0,0,missing_fundamental,20.0,240.01415225613965,0.9872585827860335,0.10208393895046283,0.005896773391521985
mpm,16000,240.0,0,missing_fundamental,10.0,240.1622681703597,0.9059349536141078,1.1701218980467896,0.06761173764987898
mpm,16000,240.0,0,missing_fundamental,0.0,119.61836224234307,0.5375034021926951,1205.5146428090413,50.159015732357055
mpm,16000,240.0,1,sine,inf,239.9924551445906,0.9995075244547958,0.054425482905446416,0.003143689753919432
mpm,16000,240.0,1,sine,20.0,240.5811686045951,0.9884636408269261,4.187177662037107,0.24215358524795505
mpm,16000,240.0,1,sine,10.0,241.18268275930606,0.913096445899248,8.510301216517904,0.49278448304419226
mpm,16000,240.0,1,sine,0.0,238.03494989641146,0.5587144681430978,14.233188641030662,0.8187708764952243
mpm,16000,240.0,1,harmonic,inf,239.97050546817144,0.9986240984149396,0.21277114841608402,0.01228938826190055
mpm,16000,240.0,1,harmonic,20.0,239.8025510456435,0.9887841964058087,1.4248793437464844,0.08227039764854283
mpm,16000,240.0,1,harmonic,10.0,239.22727568670624,0.9132265022468424,5.583020286894792,0.32196846387240186
mpm,16000,240.0,1,harmonic,0.0,235.28360098669526,0.5483419261568757,34.36036326757421,1.9651662555436407
mpm,16000,240.0,1,weak_fundamental,inf,239.98475137054652,0.9977104143290957,0.10999910495052977,0.006353595605617102
mpm,16000,240.0,1,weak_fundamental,20.0,239.8274671883366,0.9886481622026577,1.2450087226399758,0.07188867152641147
mpm,16000,240.0,1,weak_fundamental,10.0,240.46625895167648,0.9063049056676609,3.3600845477739054,0.1942745631985332
mpm,16000,240.0,1,weak_fundamental,0.0,237.26663934382722,0.5137438451556361,19.83016781186295,1.138900273405324
mpm,16000,240.0,1,missing_fundamental,inf,239.98442359353245,0.9972257589081844,0.11236366816353975,0.006490169361477172
mpm,16000,240.0,1,missing_fundamental,20.0,239.8894873369558,0.9880911335193964,0.7973639496001025,0.046046942935085156
mpm,16000,240.0,1,missing_fundamental,10.0,240.0404275199614,0.9172119405971904,0.291598353928472,0.016844799983921632
mpm,16000,240.0,1,missing_fundamental,0.0,241.74396973978367,0.5493807874395322,12.534595855970455,0.7266540582431938
mpm,16000,240.0,2,sine,inf,239.99284093152465,0.9995074719635294,0.05164253317187898,0.0029829451980608233
mpm,16000,240.0,2,sine,20.0,239.9468375577504,0.9896024916811157,0.38352843826953315,0.022151017604000362
mpm,16000,240.0,2,sine,10.0,238.85932762012087,0.9119204153458668,8.247827635714156,0.4752801582829728
mpm,16000,240.0,2,sine,0.0,235.70521860777592,0.5750770832273536,31.260846056525747,1.7894922467600338
mpm,16000,240.0,2,harmonic,inf,239.99623167560404,0.9986143172545465,0.027182927997513564,0.0015701351649847577
mpm,16000,240.0,2,harmonic,20.0,239.94914309167484,0.989584615268158,0.3668939216565827,0.021190378468816107
mpm,16000,240.0,2,harmonic,10.0,240.39741607861478,0.9007509034552208,2.8643801189177367,0.16559003275615916
mpm,16000,240.0,2,harmonic,0.0,232.01154927540878,0.5164891106068684,58.60533953761167,3.3285211352463406
mpm,16000,240.0,2,weak_fundamental,inf,239.99674993695868,0.9977027136969059,0.023444407903157327,0.0013541929338837615
mpm,16000,240.0,2,weak_fundamental,20.0,240.03781891379617,0.9874725473004655,0.2727843049795322,0.015757880748405267
mpm,16000,240.0,2,weak_fundamental,10.0,239.27633866613655,0.9172732296891326,5.227998931618472,0.30152555577643625
mpm,16000,240.0,2,weak_fundamental,0.0,236.40581602870225,0.5091101198800642,26.122652237087458,1.497576654707397
mpm,16000,240.0,2,missing_fundamental,inf,239.99671202385915,0.9972161736016721,0.023717896831588706,0.0013699900586890597
mpm,16000,240.0,2,missing_fundamental,20.0,239.96891781584287,0.987557458981741,0.22422508462534446,0.012950910065470111
mpm,16000,240.0,2,missing_fundamental,10.0,239.67206966810707,0.919551936486331,2.3671348850314367,0.13663763828872058
mpm,16000,240.0,2,missing_fundamental,0.0,80.10128426716517,0.5785486231297726,1899.7645525358075,66.62446488868117
mpm,16000,240.0,3,sine,inf,239.9989825251797,0.9995066323180534,0.0073395449452460055,0.0004239478417863059
mpm,16000,240.0,3,sine,20.0,239.6237801458269,0.9903903276046736,2.715981909264692,0.1567582725721195
mpm,16000,240.0,3,sine,10.0,238.45652876792835,0.9071405113830624,11.169747132174003,0.6431130133631887
mpm,16000,240.0,3,sine,0.0,118.69014843279037,0.5197509810260886,1219.001055643039,50.545771486337344
mpm,16000,240.0,3,harmonic,inf,240.00605794686385,0.9986104851898131,0.04369829799027947,0.0025241445266033224
mpm,16000,240.0,3,harmonic,20.0,240.07032582778646,0.9882027659752527,0.5072193048118627,0.029302428244359174
mpm,16000,240.0,3,harmonic,10.0,239.1447359472336,0.9162536229913592,6.180444907562135,0.35636002198599454
mpm,16000,240.0,3,harmonic,0.0,235.7743910420699,0.4880430459970252,30.752855161841026,1.7606703991375383
mpm,16000,240.0,3,weak_fundamental,inf,240.00850388254764,0.9976950384915826,0.06134145915410053,0.003543284394851298
mpm,16000,240.0,3,weak_fundamental,20.0,239.97876471465753,0.9888557510427154,0.15318698139643172,0.00884803555936268
mpm,16000,240.0,3,weak_fundamental,10.0,239.97485225753348,0.9099650077091909,0.1814121212819413,0.010478226027714754
mpm,16000,240.0,3,weak_fundamental,0.0,80.02015150700504,0.5342866775179191,1901.5189685916641,66.65827020541457
mpm,16000,240.0,3,missing_fundamental,inf,240.00690353402365,0.9972080981242972,0.04979775529662359,0.002876472509854011
mpm,16000,240.0,3,missing_fundamental,20.0,240.11784466146256,0.9866059727206056,0.8498609114003837,0.04910194227606487
mpm,16000,240.0,3,missing_fundamental,10.0,239.73406409301802,0.9087262797945728,1.9193856707509223,0.11080662790915834
mpm,16000,240.0,3,missing_fundamental,0.0,119.53073916130151,0.5506419165938577,1206.7832745311016,50.195525349457704
mpm,16000,240.0,4,sine,inf,240.0028866634265,0.999506094606578,0.02082274982517999,0.0012027764277059798
mpm,16000,240.0,4,sine,20.0,240.31226291712622,0.989589057954678,2.251036720446548,0.13010954880259126
mpm,16000,240.0,4,sine,10.0,240.11270133501412,0.9151361262075822,0.8127774649281031,0.046958889589217755
mpm,16000,240.0,4,sine,0.0,119.4232276827265,0.5527121601039684,1208.3411272622557,50.24032179886396
mpm,16000,240.0,4,harmonic,inf,239.9978260261563,0.9986136971342695,0.015681977442118814,0.0009058224348734711
mpm,16000,240.0,4,harmonic,20.0,239.83132497321017,0.9892445603373237,1.2171608914885312,0.07028126116242817
mpm,16000,240.0,4,harmonic,10.0,239.6952037668153,0.9214432125378693,2.200037372836953,0.12699843049362633
mpm,16000,240.0,4,harmonic,0.0,241.82700887800013,0.5470717154540871,13.129173244835002,0.7612536991667204
mpm,16000,240.0,4,weak_fundamental,inf,240.00099013543644,0.9976999709451925,0.007142302686609447,0.0004125564318494905
mpm,16000,240.0,4,weak_fundamental,20.0,240.00353692554518,0.98843141096369,0.025513336723223,0.0014737189771570531
mpm,16000,240.0,4,weak_fundamental,10.0,240.58529737098613,0.8979380594409234,4.216888215296652,0.2438739045775525
mpm,16000,240.0,4,weak_fundamental,0.0,120.30260707765822,0.5061361410620205,1195.6397980061715,49.8739137176424
mpm,16000,240.0,4,missing_fundamental,inf,239.99904548257194,0.9972143701384504,0.006885401491672608,0.0003977155950233661
mpm,16000,240.0,4,missing_fundamental,20.0,239.87476837114622,0.9875699862830467,0.9035910162537235,0.05217984535574279
mpm,16000,240.0,4,missing_fundamental,10.0,240.4752189364007,0.9074307461928628,3.424590652356738,0.19800789016695575
mpm,16000,240.0,4,missing_fundamental,0.0,241.92211667988514,0.5337830327514457,13.809913977489657,0.8008819499521399
mpm,16000,300.0,0,sine,inf,300.0056941335921,0.9992285872392858,0.03285928134104445,0.0018980445307003417
mpm,16000,300.0,0,sine,20.0,300.1684403873411,0.9900336107359072,0.9717596655736758,0.0561467957803643
mpm,16000,300.0,0,sine,10.0,301.0620398222326,0.9108068995021941,6.117975494564981,0.35401327407752586
mpm,16000,300.0,0,sine,0.0,306.808885293532,0.5509103981567086,38.85331641831772,2.2696284311773334
mpm,16000,300.0,0,harmonic,inf,300.01141484766515,0.9978159433175705,0.06587132329885549,0.0038049492217169245
mpm,16000,300.0,0,harmonic,20.0,300.2818840148977,0.9891803410155545,1.6259269298111796,0.09396133829922822
mpm,16000,300.0,0,harmonic,10.0,298.60954621857405,0.900303073187441,8.042655766420921,0.463484593808649
mpm,16000,300.0,0,harmonic,0.0,296.30535871807956,0.543643285626828,21.4533394470599,1.2315470939734798
mpm,16000,300.0,0,weak_fundamental,inf,300.00919437483725,0.9964479968140632,0.05305790287398968,0.003064791612416684
mpm,16000,300.0,0,weak_fundamental,20.0,300.0452180673055,0.9875523156335653,0.26092386221363534,0.015072689101828018
mpm,16000,300.0,0,weak_fundamental,10.0,300.3836816352241,0.9054416652843515,2.212727699452878,0.12789387840803101
mpm,16000,300.0,0,weak_fundamental,0.0,297.2982125808361,0.5513009718363872,15.662053481376962,0.9005958063879689
mpm,16000,300.0,0,missing_fundamental,inf,300.00634568528085,0.9957165522314337,0.036619167454683424,0.002115228426949519
mpm,16000,300.0,0,missing_fundamental,20.0,300.0868532154298,0.9862133542568676,0.5011382737924028,0.028951071809937428
mpm,16000,300.0,0,missing_fundamental,10.0,300.5321989931415,0.9018768129529959,3.068482457907451,0.17739966438049729
mpm,16000,300.0,0,missing_fundamental,0.0,297.39976714708337,0.54165156207192,15.070779488097429,0.8667442843055445
mpm,16000,300.0,1,sine,inf,300.00241174285276,0.9992275782720585,0.013917581871661276,0.0008039142842524901
mpm,16000,300.0,1,sine,20.0,299.63865690056923,0.9888616508800877,2.0864884064814304,0.12044769981025638
mpm,16000,300.0,1,sine,10.0,300.59865391632957,0.9068333708539555,3.4512577743400055,0.19955130544318914
mpm,16000,300.0,1,sine,0.0,296.4367687710801,0.5234732672235514,20.685715378107158,1.187743742973301
mpm,16000,300.0,1,harmonic,inf,300.01488701625937,0.9978661745056464,0.0859075666292974,0.00496233875312176
mpm,16000,300.0,1,harmonic,20.0,300.20793770712646,0.9883788498924574,1.199547125083455,0.06931256904215388
mpm,16000,300.0,1,harmonic,10.0,300.03006946039255,0.9050920297731359,0.17351554984259526,0.010023153464184512
mpm,16000,300.0,1,harmonic,0.0,299.98187107658856,0.5606726079316174,0.10462119275713376,0.006042974470479597
mpm,16000,300.0,1,weak_fundamental,inf,300.01579907113035,0.9963884109113881,0.09117056561902206,0.005266357043448504
mpm,16000,300.0,1,weak_fundamental,20.0,299.971164678518,0.9858699473034384,0.16641029883698744,0.009611773827335432
mpm,16000,300.0,1,weak_fundamental,10.0,299.99936448017473,0.9076257512579468,0.003667449085748098,0.00021183994175544285
mpm,16000,300.0,1,weak_fundamental,0.0,301.5796885541486,0.5014894779304901,9.092118466605413,0.5265628513828725
mpm,16000,300.0,1,missing_fundamental,inf,300.01412685945047,0.9955891427351938,0.08152108091061314,0.004708953150156958
mpm,16000,300.0,1,missing_fundamental,20.0,299.92148037797324,0.9847189378690568,0.45317878554083896,0.02617320734225359
mpm,16000,300.0,1,missing_fundamental,10.0,299.4330910242964,0.902918848558612,3.2746020490638283,0.18896965856786588
mpm,16000,300.0,1,missing_fundamental,0.0,150.46741003410048,0.5297450890614692,1194.6137465054878,49.84419665529984
mpm,16000,300.0,2,sine,inf,300.0119183851398,0.9992304898742412,0.06877701437056195,0.003972795046593092
mpm,16000,300.0,2,sine,20.0,300.1486119976319,0.9892793984811257,0.8573948202681624,0.04953733254397245
mpm,16000,300.0,2,sine,10.0,297.60712153329905,0.9159247102100888,13.864141397005044,0.7976261555669831
mpm,16000,300.0,2,sine,0.0,100.61211291967113,0.5516419033746732,1891.3901949657566,66.4626290267763
mpm,16000,300.0,2,harmonic,inf,300.01269796220345,0.9978620831672883,0.07327559766087983,0.004232654067815626
mpm,16000,300.0,2,harmonic,20.0,300.09085717407885,0.988342356229678,0.5242373973498856,0.030285724692949618
mpm,16000,300.0,2,harmonic,10.0,300.87163837458405,0.9097282811813469,5.022740281469531,0.29054612486135056
mpm,16000,300.0,2,harmonic,0.0,295.86545482708743,0.509178090380409,24.02549166082863,1.378181724304189
mpm,16000,300.0,2,weak_fundamental,inf,299.998325309673,0.9964641238038746,0.009664296693569562,0.0005582301089930297
mpm,16000,300.0,2,weak_fundamental,20.0,300.0117597445263,0.9862637894772853,0.06786157039163933,0.003919914842091051
mpm,16000,300.0,2,weak_fundamental,10.0,298.72543211224325,0.9088542552180147,7.3709200913920405,0.4248559625855819
mpm,16000,300.0,2,weak_fundamental,0.0,292.59117248612,0.5170151114751519,43.291508263129124,2.469609171293333
mpm,16000,300.0,2,missing_fundamental,inf,300.00492752395115,0.9957449709002597,0.028435423946253056,0.0016425079837176781
mpm,16000,300.0,2,missing_fundamental,20.0,300.0331932987267,0.9859121555253986,0.1915406336080165,0.01106443290890032
mpm,16000,300.0,2,missing_fundamental,10.0,299.44953880956103,0.905375576491635,3.179508404765334,0.1834870634796554
mpm,16000,300.0,2,missing_fundamental,0.0,302.96058695126635,0.48941900992837895,17.001144806529936,0.9868623170887835
mpm,16000,300.0,3,sine,inf,299.99395591165035,0.9992249610048369,0.03487945651361099,0.0020146961165513253
mpm,16000,300.0,3,sine,20.0,300.08050428097516,0.988353253599896,0.4645101854224505,0.0268347603250542
mpm,16000,300.0,3,sine,10.0,302.2851358306865,0.9064177826086984,13.137046573789172,0.7617119435621665
mpm,16000,300.0,3,sine,0.0,75.1557200598596,0.5178990605180726,2396.409221489659,74.94809331338013
mpm,16000,300.0,3,harmonic,inf,300.0085406968562,0.9979272092791304,0.04928578244586223,0.002846898952062323
mpm,16000,300.0,3,harmonic,20.0,300.13513455513976,0.98839257228541,0.7796562258961549,0.04504485171325238
mpm,16000,300.0,3,harmonic,10.0,298.17720846031324,0.9086158944171602,10.55101565500156,0.6075971798955871
mpm,16000,300.0,3,harmonic,0.0,290.56985246991627,0.5169538591246434,55.292968924868056,3.14338251002791
mpm,16000,300.0,3,weak_fundamental,inf,300.0076928775537,0.9964820375052198,0.04439333600255568,0.002564292517907537
mpm,16000,300.0,3,weak_fundamental,20.0,300.04619496842,0.9859508488174511,0.2665604850191544,0.015398322806674969
mpm,16000,300.0,3,weak_fundamental,10.0,299.83080476329246,0.9067321961025464,0.9766639531364996,0.056398412235845775
mpm,16000,300.0,3,weak_fundamental,0.0,149.7320606261684,0.49816508949341703,1203.0952036939514,50.08931312461054
mpm,16000,300.0,3,missing_fundamental,inf,300.01085614305714,0.9957340035993361,0.06264728150047164,0.0036187143523799628
mpm,16000,300.0,3,missing_fundamental,20.0,299.9779996385178,0.9860552436971339,0.12696390510905314,0.007333453827394957
mpm,16000,300.0,3,missing_fundamental,10.0,299.5220873882986,0.9028431558818605,2.7601277034344203,0.15930420390047098
mpm,16000,300.0,3,missing_fundamental,0.0,99.48469363618653,0.5297218538902453,1910.8992250141378,66.8384354546045
mpm,16000,300.0,4,sine,inf,299.9907276810899,0.9992239548654991,0.05350934096703327,0.003090772970040234
mpm,16000,300.0,4,sine,20.0,299.4933229807297,0.9881020551887795,2.926393615665622,0.16889233975676157
mpm,16000,300.0,4,sine,10.0,299.65328206984236,0.9033772137257119,2.0019900530827415,0.11557264338587932
mpm,16000,300.0,4,sine,0.0,73.78695004264324,0.5910220906716237,2428.22989410685,75.40434998578559
mpm,16000,300.0,4,harmonic,inf,299.9909783614403,0.9977800645431039,0.052062675664765745,0.0030072128532386464
mpm,16000,300.0,4,harmonic,20.0,299.9618246418935,0.9884276869964469,0.22031561730769492,0.012725119368838023
mpm,16000,300.0,4,harmonic,10.0,301.34482568648735,0.9158666711772124,7.743350571722465,0.4482752288291181
mpm,16000,300.0,4,harmonic,0.0,306.81846311170284,0.5090228733067549,38.90736044023937,2.27282103723428
mpm,16000,300.0,4,weak_fundamental,inf,299.9969298870709,0.9963725865481825,0.017717037446688174,0.0010233709763648828
mpm,16000,300.0,4,weak_fundamental,20.0,299.98766930813593,0.9864661231024193,0.07115917442520656,0.004110230621355034
mpm,16000,300.0,4,weak_fundamental,10.0,299.77412862256546,0.9061969961519646,1.3039449991227225,0.07529045914484793
mpm,16000,300.0,4,weak_fundamental,0.0,149.79869400304847,0.5289047257378217,1202.3249457422776,50.067101998983844
mpm,16000,300.0,4,missing_fundamental,inf,299.9992517374017,0.9956044405027923,0.004318064344377951,0.00024942086609295683
mpm,16000,300.0,4,missing_fundamental,20.0,299.96113045003216,0.9847494331099932,0.2243221604036573,0.012956516655947325
mpm,16000,300.0,4,missing_fundamental,10.0,299.89047618408466,0.8977247776555689,0.6321532644065859,0.03650793863844607
mpm,16000,300.0,4,missing_fundamental,0.0,305.6459307868534,0.5497019120785281,32.27863104922944,1.8819769289511328
mpm,16000,380.0,0,sine,inf,380.01561505857836,0.9998766011972527,0.07113885703715425,0.004109225941674235
mpm,16000,380.0,0,sine,20.0,380.24188873377284,0.9905368487551236,1.1016652261081357,0.06365492994022086
mpm,16000,380.0,0,sine,10.0,380.5309053962199,0.9138447655401977,2.4170527234202037,0.1397119463736598
mpm,16000,380.0,0,sine,0.0,375.02652907790724,0.48325192783305687,22.808117087996376,1.308808137392831
mpm,16000,380.0,0,harmonic,inf,380.01815832020884,0.9996510313395495,0.08272513460712491,0.004778505318115908
mpm,16000,380.0,0,harmonic,20.0,379.9798864651745,0.9896946926696092,0.0916372576833981,0.005293035480394194
mpm,16000,380.0,0,harmonic,10.0,381.3191335948968,0.9094169234347362,5.999405976836191,0.3471404197096873
mpm,16000,380.0,0,harmonic,0.0,374.3639605726014,0.5326186326514684,25.869435508648365,1.4831682703680527
mpm,16000,380.0,0,weak_fundamental,inf,380.0102758977928,0.99942870616765,0.046815114765949455,0.0027041836296791046
mpm,16000,380.0,0,weak_fundamental,20.0,380.01336181020844,0.9901169030806891,0.060873721317850786,0.003516265844325517
mpm,16000,380.0,0,weak_fundamental,10.0,380.34997698301856,0.9004374793087393,1.5937190255044622,0.09209920605751688
mpm,16000,380.0,0,weak_fundamental,0.0,188.6694270892905,0.548567703990439,1212.1665095914263,50.35015076597618
mpm,16000,380.0,0,missing_fundamental,inf,380.00507631113965,0.9993096226183784,0.023126905234340064,0.0013358713525385131
mpm,16000,380.0,0,missing_fundamental,20.0,380.02118212806846,0.9890874499446567,0.0965005245000553,0.0055742442285421885
mpm,16000,380.0,0,missing_fundamental,10.0,380.13367088758986,0.9094717476595895,0.6088813144660928,0.03517654936575211
mpm,16000,380.0,0,missing_fundamental,0.0,381.394017713856,0.4809833381471339,6.339355371102119,0.36684676680420725
mpm,16000,380.0,1,sine,inf,379.9974174117512,0.9998764173283224,0.011765999748410949,0.0006796284865261345
mpm,16000,380.0,1,sine,20.0,379.9690828363383,0.9891982520089571,0.1408605893845498,0.008136095700443116
mpm,16000,380.0,1,sine,10.0,380.4050251895476,0.9110426811973754,1.8442631017898208,0.10658557619673334
mpm,16000,380.0,1,sine,0.0,185.6701997522089,0.5861980188365665,1239.9085663931253,51.13942111783976
mpm,16000,380.0,1,harmonic,inf,380.0286054076351,0.9996470954162722,0.13031787318603352,0.00752773885134155
mpm,16000,380.0,1,harmonic,20.0,380.053426332999,0.9898659784957626,0.2433868034862795,0.014059561315521382
mpm,16000,380.0,1,harmonic,10.0,380.18303387432184,0.9185865900427882,0.8336794360352039,0.04816680903206218
mpm,16000,380.0,1,harmonic,0.0,192.17657453825095,0.5256882102299361,1180.2803157317455,49.42721722677607
mpm,16000,380.0,1,weak_fundamental,inf,380.0297205650044,0.9994250777143395,0.13539800543879973,0.007821201316953887
mpm,16000,380.0,1,weak_fundamental,20.0,379.9561525366694,0.988703436950786,0.1997752668071719,0.011538806139637208
mpm,16000,380.0,1,weak_fundamental,10.0,379.73420703135025,0.8984269608515032,1.2113443144817282,0.06994551806572322
mpm,16000,380.0,1,weak_fundamental,0.0,385.7329787868952,0.5401147530077374,25.923693525246495,1.5086786281303202
mpm,16000,380.0,1,missing_fundamental,inf,380.02802869104454,0.9993064177809263,0.12769061791757838,0.007375971327510462
mpm,16000,380.0,1,missing_fundamental,20.0,380.0011308974181,0.9889741367622004,0.005152224218146567,0.00029760458370506777
mpm,16000,380.0,1,missing_fundamental,10.0,380.37816529902415,0.918137694067894,1.7220186630872667,0.09951718395372286
mpm,16000,380.0,1,missing_fundamental,0.0,95.1919134594085,0.6091938904182145,2396.5061897520036,74.94949645805039
mpm,16000,380.0,2,sine,inf,379.9877284884012,0.9998763191778386,0.0559084256726832,0.003229345157574483
mpm,16000,380.0,2,sine,20.0,379.8585822722108,0.989287337796637,0.6444019822344623,0.037215191523470914
mpm,16000,380.0,2,sine,10.0,379.8862753374212,0.9139682563076901,0.5181933558613668,0.029927542783899464
mpm,16000,380.0,2,sine,0.0,383.3669557881605,0.5049111018148379,15.271885316457686,0.8860409968843448
mpm,16000,380.0,2,harmonic,inf,380.02123782561347,0.9996642361132908,0.09675426161774707,0.005588901477228535
mpm,16000,380.0,2,harmonic,20.0,379.99756600246207,0.9892739886643619,0.011089033969306291,0.0006405256678775865
mpm,16000,380.0,2,harmonic,10.0,380.15218974780356,0.9100631917716226,0.6932192800080827,0.040049933632516105
mpm,16000,380.0,2,harmonic,0.0,388.7012335021177,0.593624215123744,39.194720841327346,2.289798290030974
mpm,16000,380.0,2,weak_fundamental,inf,380.01934439409274,0.9994330654134833,0.08812847716621958,0.005090630024405503
mpm,16000,380.0,2,weak_fundamental,20.0,380.0610669461258,0.9898387578779836,0.27819126970352387,0.016070248980467664
mpm,16000,380.0,2,weak_fundamental,10.0,380.0265595720494,0.9193862333206394,0.1209979701370379,0.006989361065629845
mpm,16000,380.0,2,weak_fundamental,0.0,381.18696637984135,0.5009698880077298,5.399247144865062,0.31235957364246086
mpm,16000,380.0,2,missing_fundamental,inf,380.0244887166786,0.9993119059438049,0.11156403714868678,0.006444399125948502
mpm,16000,380.0,2,missing_fundamental,20.0,379.9042193541473,0.9902473432009316,0.4364200434651295,0.025205433119131277
mpm,16000,380.0,2,missing_fundamental,10.0,379.48383037887317,0.8971841560935095,2.35320496640224,0.1358341108228513
mpm,16000,380.0,2,missing_fundamental,0.0,94.76048364023855,0.5371929912573041,2404.370341912909,75.06303062098986
mpm,16000,380.0,3,sine,inf,380.0134135079667,0.9998765789856708,0.06110924175556902,0.0035298705175460113
mpm,16000,380.0,3,sine,20.0,380.23255373574125,0.9901429215694411,1.059162636833488,0.0611983515108549
mpm,16000,380.0,3,sine,10.0,385.8239616952058,0.9033566570538054,26.331991866473505,1.532621498738371
mpm,16000,380.0,3,sine,0.0,380.8804786728013,0.5451910773232335,4.006714276282969,0.23170491389507966
mpm,16000,380.0,3,harmonic,inf,380.01948154935343,0.9996558632262844,0.08875330802818508,0.005126723514060335
mpm,16000,380.0,3,harmonic,20.0,380.0425696871744,0.9892366972452301,0.1939314846583265,0.01120254925642652
mpm,16000,380.0,3,harmonic,10.0,380.8461976658596,0.9044054484611838,3.8508881818651246,0.22268359627884737
mpm,16000,380.0,3,harmonic,0.0,188.97974823039513,0.5407878682688898,1209.3213364431522,50.26848730779076
mpm,16000,380.0,3,weak_fundamental,inf,380.01634349626346,0.9994211019993496,0.0744573914984749,0.004300920069331488
mpm,16000,380.0,3,weak_fundamental,20.0,379.9042740624602,0.9898167864831301,0.4361707361859545,0.025191036194679616
mpm,16000,380.0,3,weak_fundamental,10.0,379.49949578399475,0.8994816442240408,2.281739673798549,0.13171163579085632
mpm,16000,380.0,3,weak_fundamental,0.0,387.83405055938226,0.5437993605651882,35.328065218243374,2.0615922524690165
mpm,16000,380.0,3,missing_fundamental,inf,380.01009686688286,0.9992954701899501,0.04599949345292502,0.0026570702323319415
mpm,16000,380.0,3,missing_fundamental,20.0,379.9736406235396,0.9890899413548225,0.12009429701071744,0.006936678015892396
mpm,16000,380.0,3,missing_fundamental,10.0,380.42063986664857,0.9054838959260539,1.9153244813088235,0.11069470174962398
mpm,16000,380.0,3,missing_fundamental,0.0,95.13781781610577,0.5288119613415719,2397.4902947731794,74.96373215365638
mpm,16000,380.0,4,sine,inf,379.97759454946754,0.9998762163290913,0.10207953270179884,0.0058961711927526935
mpm,16000,380.0,4,sine,20.0,380.09687494199846,0.9901084986109636,0.44129427320711306,0.025493405789069657
mpm,16000,380.0,4,sine,10.0,385.66378299708214,0.9017867795386492,25.613103401895057,1.490469209758457
mpm,16000,380.0,4,sine,0.0,367.14670634958145,0.5086820880617703,59.57131302415379,3.3824456974785657
mpm,16000,380.0,4,harmonic,inf,379.96471379174693,0.9996539040879149,0.16076716227848192,0.009285844277123464
mpm,16000,380.0,4,harmonic,20.0,379.78709244094955,0.9899029576948543,0.9702529270282203,0.05602830501327629
mpm,16000,380.0,4,harmonic,10.0,379.8048340151213,0.9129962861530095,0.8893810371990446,0.05135946970492449
mpm,16000,380.0,4,harmonic,0.0,76.18490344408659,0.5735153836524425,2782.1068406669715,79.9513411989246
mpm,16000,380.0,4,weak_fundamental,inf,379.98423742069895,0.9994263335357632,0.07181389467652897,0.004148047184487855
mpm,16000,380.0,4,weak_fundamental,20.0,380.0096976254979,0.9894588643239159,0.04418064535347315,0.0025520067099717523
mpm,16000,380.0,4,weak_fundamental,10.0,380.2536415365782,0.9031142685087212,1.1551746856124834,0.06674777278373324
mpm,16000,380.0,4,weak_fundamental,0.0,373.0844301773108,0.5257346414305235,31.796717655200876,1.8198867954445206
mpm,16000,380.0,4,missing_fundamental,inf,379.98764171069695,0.9993050184665127,0.05630378721263032,0.0032521813955398962
mpm,16000,380.0,4,missing_fundamental,20.0,379.98601034711885,0.9894416255198706,0.06373634007856767,0.0036814876003027643
mpm,16000,380.0,4,missing_fundamental,10.0,379.923290250995,0.9059050849274508,0.34951561960945415,0.020186776053941157
mpm,16000,380.0,4,missing_fundamental,0.0,380.17909994656975,0.5521597830733815,0.8157654727589186,0.04713156488677621
mpm,16000,400.0,0,sine,inf,399.9725186813299,1.0,0.11894557251048629,0.006870329667520991
mpm,16000,400.0,0,sine,20.0,399.7158580482704,0.9907570048213388,1.2302275548294541,0.07103548793240577
mpm,16000,400.0,0,sine,10.0,400.0,0.9108781397488985,0.0,0.0
mpm,16000,400.0,0,sine,0.0,130.9505693569151,0.5638954215545197,1933.1732011654294,67.26235766077122
mpm,16000,400.0,0,harmonic,inf,399.9999969458385,1.0,1.3218671007247653e-05,7.635403704853161e-07
mpm,16000,400.0,0,harmonic,20.0,399.9306954643796,0.9889098711756544,0.29998191793697243,0.01732613390510096
mpm,16000,400.0,0,harmonic,10.0,399.6906854813465,0.9154728175886603,1.3392574478872818,0.07732862966336995
mpm,16000,400.0,0,harmonic,0.0,400.0,0.5135894815871267,0.0,0.0
mpm,16000,400.0,0,weak_fundamental,inf,399.99753058082865,0.9999999999999996,0.010687889368364121,0.0006173547928369771
mpm,16000,400.0,0,weak_fundamental,20.0,399.94788564049975,0.9903414687574523,0.22557007864967862,0.013028589875062835
mpm,16000,400.0,0,weak_fundamental,10.0,400.0,0.9065843563807452,0.0,0.0
mpm,16000,400.0,0,weak_fundamental,0.0,400.0,0.5154361270232125,0.0,0.0
mpm,16000,400.0,0,missing_fundamental,inf,399.99998108518434,0.9999999999999996,8.186493423181959e-05,4.728703913770005e-06
mpm,16000,400.0,0,missing_fundamental,20.0,400.0,0.9899596225599188,0.0,0.0
mpm,16000,400.0,0,missing_fundamental,10.0,399.5212891041469,0.9156905745712329,2.0731422987499575,0.11967772396327803
mpm,16000,400.0,0,missing_fundamental,0.0,400.0,0.559300425003959,0.0,0.0
mpm,16000,400.0,1,sine,inf,400.0,1.0,0.0,0.0
mpm,16000,400.0,1,sine,20.0,400.0,0.9898939688743358,0.0,0.0
mpm,16000,400.0,1,sine,10.0,400.0,0.9104840942686535,0.0,0.0
mpm,16000,400.0,1,sine,0.0,133.32640299101928,0.5831736096252691,1902.0449885384712,66.66839925224518
mpm,16000,400.0,1,harmonic,inf,400.0,0.9999999999999993,0.0,0.0
mpm,16000,400.0,1,harmonic,20.0,400.0,0.9895816853848073,0.0,0.0
mpm,16000,400.0,1,harmonic,10.0,400.0,0.9180372041992169,0.0,0.0
mpm,16000,400.0,1,harmonic,0.0,397.38790116004714,0.49909960506437717,11.342461104604148,0.653024709988216
mpm,16000,400.0,1,weak_fundamental,inf,399.97917163346176,0.9999999999999996,0.09014929044210408,0.005207091634559902
mpm,16000,400.0,1,weak_fundamental,20.0,399.9640904817549,0.9899647913843257,0.15542642839326803,0.008977379561272869
mpm,16000,400.0,1,weak_fundamental,10.0,398.91090203514347,0.9122014915143491,4.720137483957059,0.2722744912141337
mpm,16000,400.0,1,weak_fundamental,0.0,398.5958821082494,0.45857660869130284,6.087833064187651,0.35102947293765396
mpm,16000,400.0,1,missing_fundamental,inf,399.96765741660977,1.0,0.13998711350721546,0.008085645847557998
mpm,16000,400.0,1,missing_fundamental,20.0,400.0,0.9903252571281812,0.0,0.0
mpm,16000,400.0,1,missing_fundamental,10.0,399.9822385383511,0.8969763864351775,0.0768748246934813,0.004440365412222036
mpm,16000,400.0,1,missing_fundamental,0.0,200.14821911685354,0.5656199284380673,1198.7174652726362,49.962945220786615
mpm,16000,400.0,2,sine,inf,400.0,1.0,0.0,0.0
mpm,16000,400.0,2,sine,20.0,400.0,0.9898090196559223,0.0,0.0
mpm,16000,400.0,2,sine,10.0,394.7876309147527,0.9011200748618695,22.707852664734684,1.3030922713118258
mpm,16000,400.0,2,sine,0.0,133.5171848591048,0.5280969249399149,1899.569470015336,66.62070378522381
mpm,16000,400.0,2,harmonic,inf,400.0,1.0,0.0,0.0
mpm,16000,400.0,2,harmonic,20.0,399.82878385730083,0.9904368591872333,0.7411966823420291,0.04280403567479141
mpm,16000,400.0,2,harmonic,10.0,399.13585171706706,0.9055698184835611,3.7441531643517885,0.2160370707332362
mpm,16000,400.0,2,harmonic,0.0,399.12570679060735,0.5134094292480846,3.7881568920174127,0.21857330234816175
mpm,16000,400.0,2,weak_fundamental,inf,399.97062333963265,1.0,0.127149355776031,0.007344165091836885
mpm,16000,400.0,2,weak_fundamental,20.0,399.992517983856,0.9900853347855482,0.03238310562509054,0.001870504036006082
mpm,16000,400.0,2,weak_fundamental,10.0,398.9978791953264,0.9049836596480034,4.342706315536964,0.2505302011684023
mpm,16000,400.0,2,weak_fundamental,0.0,197.62200723071743,0.4913778056320176,1220.7076623484013,50.59449819232064
mpm,16000,400.0,2,missing_fundamental,inf,399.9662522140526,1.0,0.146069452269405,0.008436946486853003
mpm,16000,400.0,2,missing_fundamental,20.0,399.85950525716356,0.9909699927257674,0.6081800201561789,0.03512368570910951
mpm,16000,400.0,2,missing_fundamental,10.0,399.88453996980945,0.9117410751433276,0.4997929750411072,0.02886500754763688
mpm,16000,400.0,2,missing_fundamental,0.0,399.6035499108729,0.5544055312787669,1.7167206157841273,0.09911252228177148
mpm,16000,400.0,3,sine,inf,400.0,0.9999999999999997,0.0,0.0
mpm,16000,400.0,3,sine,20.0,399.79922733005594,0.9895587283894808,0.8691793584011767,0.050193167486014545
mpm,16000,400.0,3,sine,10.0,400.0,0.9133521139309737,0.0,0.0
mpm,16000,400.0,3,sine,0.0,132.21233265523827,0.5250001925384945,1916.5718921964344,66.94691683619044
mpm,16000,400.0,3,harmonic,inf,400.0,1.0,0.0,0.0
mpm,16000,400.0,3,harmonic,20.0,400.0,0.9911049614849439,0.0,0.0
mpm,16000,400.0,3,harmonic,10.0,400.0,0.913753594735795,0.0,0.0
mpm,16000,400.0,3,harmonic,0.0,390.4320255133601,0.490435853832328,41.914324774165486,2.391993621659978
mpm,16000,400.0,3,weak_fundamental,inf,399.97214513812116,0.9999999999999996,0.1205624111521084,0.006963715469709086
mpm,16000,400.0,3,weak_fundamental,20.0,400.0,0.9898364557724382,0.0,0.0
mpm,16000,400.0,3,weak_fundamental,10.0,400.0,0.9113372067170723,0.0,0.0
mpm,16000,400.0,3,weak_fundamental,0.0,392.6761990791148,0.5242507428380032,31.991812910157137,1.8309502302213048
mpm,16000,400.0,3,missing_fundamental,inf,399.9790548925776,1.0,0.09065458131073584,0.005236276855598021
mpm,16000,400.0,3,missing_fundamental,20.0,399.9580848416513,0.9895497731212342,0.1814218788375533,0.01047878958716808
mpm,16000,400.0,3,missing_fundamental,10.0,399.48864879426065,0.9011286237015049,2.214587387724045,0.12783780143483625
mpm,16000,400.0,3,missing_fundamental,0.0,133.87491139609645,0.571601585792268,1894.937255830636,66.5312721509759
mpm,16000,400.0,4,sine,inf,400.0,1.0,0.0,0.0
mpm,16000,400.0,4,sine,20.0,399.5793519875014,0.9906903842580851,1.8215583663684551,0.10516200312464719
mpm,16000,400.0,4,sine,10.0,395.61008105903545,0.8959111907572511,19.1049722773942,1.0974797352411372
mpm,16000,400.0,4,sine,0.0,133.2789185577248,0.5969814815880738,1902.6616804192765,66.6802703605688
mpm,16000,400.0,4,harmonic,inf,400.0,0.9999999999999996,0.0,0.0
mpm,16000,400.0,4,harmonic,20.0,400.0,0.9904714189753258,0.0,0.0
mpm,16000,400.0,4,harmonic,10.0,400.0,0.904959733967719,0.0,0.0
mpm,16000,400.0,4,harmonic,0.0,202.50780507722644,0.5931734199955553,1178.4269837116892,49.37304873069339
mpm,16000,400.0,4,weak_fundamental,inf,399.987615814112,0.9999999999999994,0.05360064045276405,0.0030960464719953507
mpm,16000,400.0,4,weak_fundamental,20.0,399.9679915174077,0.9902160125344004,0.13854098048903113,0.008002120648072264
mpm,16000,400.0,4,weak_fundamental,10.0,400.0,0.9166972062342335,0.0,0.0
mpm,16000,400.0,4,weak_fundamental,0.0,133.0371964852175,0.5986019874121122,1905.8043937108573,66.74070087869563
mpm,16000,400.0,4,missing_fundamental,inf,399.973528679533,1.0,0.11457391948607511,0.006617830116752543
mpm,16000,400.0,4,missing_fundamental,20.0,400.0,0.9893893473529527,0.0,0.0
mpm,16000,400.0,4,missing_fundamental,10.0,399.3969852242331,0.9164886571067936,2.611868518913803,0.15075369394172355
mpm,16000,400.0,4,missing_fundamental,0.0,200.5715502574498,0.5228403084420356,1195.0596194996783,49.85711243563755
mpm,44100,70.0,0,sine,inf,70.0000915694937,1.0,0.0022646874522697933,0.0001308135624356055
mpm,44100,70.0,0,sine,20.0,70.0207083391478,0.9878154643475344,0.5120811416958161,0.02958334163971748
mpm,44100,70.0,0,sine,10.0,70.570204619777,0.9028630682285381,14.045125276582919,0.8145780282528595
mpm,44100,70.0,0,sine,0.0,70.88507220667441,0.47151106416503236,21.752301705792938,1.264388866677726
mpm,44100,70.0,0,harmonic,inf,70.00003079996978,0.9999999999999992,0.0007617420666944231,4.399995682596065e-05
mpm,44100,70.0,0,harmonic,20.0,,,,
mpm,44100,70.0,0,harmonic,10.0,,,,
mpm,44100,70.0,0,harmonic,0.0,70.69740163236924,0.5121562700591984,17.162724059348097,0.9962880462417648
mpm,44100,70.0,0,weak_fundamental,inf,70.0,1.0,0.0,0.0
mpm,44100,70.0,0,weak_fundamental,20.0,141.33413731956114,0.7034960823975551,1216.4197725149845,101.90591045651591
mpm,44100,70.0,0,weak_fundamental,10.0,70.29546078047193,0.9203919687379907,7.29193256418883,0.42208682924561053
mpm,44100,70.0,0,weak_fundamental,0.0,70.93550733681236,0.552247012435137,22.98364652931456,1.3364390525890915
mpm,44100,70.0,0,missing_fundamental,inf,70.0,1.0,0.0,0.0
mpm,44100,70.0,0,missing_fundamental,20.0,70.0794219554945,0.9908485532771154,1.963143571120455,0.11345993642070848
mpm,44100,70.0,0,missing_fundamental,10.0,70.43820846465181,0.922230853059556,10.8039526423186,0.6260120923597258
mpm,44100,70.0,0,missing_fundamental,0.0,158.40794382731286,0.224259380241902,1413.8614298429834,126.29706261044696
mpm,44100,70.0,1,sine,inf,70.00014616662897,1.0,0.0036149768674050005,0.00020880946995102283
mpm,44100,70.0,1,sine,20.0,70.0,0.9869104162813328,0.0,0.0
mpm,44100,70.0,1,sine,10.0,71.02886556713321,0.8842228551706972,25.260625845811763,1.469807953047442
mpm,44100,70.0,1,sine,0.0,72.30212569567368,0.5233304137168012,56.01976948736317,3.288750993819544
mpm,44100,70.0,1,harmonic,inf,70.0001210732086,1.0,0.0029943697129466017,0.0001729617265766592
mpm,44100,70.0,1,harmonic,20.0,,,,
mpm,44100,70.0,1,harmonic,10.0,70.03891022387381,0.9143870311978055,0.9620569890608908,0.055586034105447525
mpm,44100,70.0,1,harmonic,0.0,70.44143338030648,0.5176413784111691,10.883212977091969,0.6306191147235397
mpm,44100,70.0,1,weak_fundamental,inf,70.00012286625953,0.9999999999999997,0.003038715218734466,0.00017552322790135934
mpm,44100,70.0,1,weak_fundamental,20.0,140.11786005601587,0.6825846557011633,1201.4568393032812,100.1683715085941
mpm,44100,70.0,1,weak_fundamental,10.0,70.20549460059802,0.9196504153411471,5.074829702123412,0.2935637151400223
mpm,44100,70.0,1,weak_fundamental,0.0,70.43547938648224,0.5717328135903067,10.736875913904983,0.6221134092603465
mpm,44100,70.0,1,missing_fundamental,inf,70.00003987015198,0.9999999999999992,0.0009860649282900653,5.695735997132293e-05
mpm,44100,70.0,1,missing_fundamental,20.0,70.0,0.9908611359174718,0.0,0.0
mpm,44100,70.0,1,missing_fundamental,10.0,163.91547702809675,0.3532508622332055,1473.0303049170627,134.16496718299535
mpm,44100,70.0,1,missing_fundamental,0.0,71.02254255922442,0.5738170010123012,25.106504084741704,1.4607750846063132
mpm,44100,70.0,2,sine,inf,70.00014616661674,0.9999999999999998,0.003614976564874033,0.00020880945249197275
mpm,44100,70.0,2,sine,20.0,,,,
mpm,44100,70.0,2,sine,10.0,,,,
mpm,44100,70.0,2,sine,0.0,70.56351173876878,0.4891349610899732,13.880927184228545,0.8050167696696876
mpm,44100,70.0,2,harmonic,inf,70.00012107305244,0.9999999999999993,0.002994365850774152,0.0001729615034865414
mpm,44100,70.0,2,harmonic,20.0,70.0,0.9904275452899173,0.0,0.0
mpm,44100,70.0,2,harmonic,10.0,70.19035027833907,0.9096338295606213,4.7013376451608275,0.27192896905581115
mpm,44100,70.0,2,harmonic,0.0,70.24158695852991,0.5292681082319797,5.964621353820826,0.34512422647129676
mpm,44100,70.0,2,weak_fundamental,inf,70.00012286607172,1.0,0.0030387105739023254,0.00017552295960042232
mpm,44100,70.0,2,weak_fundamental,20.0,70.10733446982574,0.990856651894713,2.652553856030408,0.1533349568939205
mpm,44100,70.0,2,weak_fundamental,10.0,70.08055391205095,0.9181159662943991,1.9911070709781713,0.11507701721563583
mpm,44100,70.0,2,weak_fundamental,0.0,71.68680383613486,0.5541055092124326,41.223178631302346,2.4097197659069383
mpm,44100,70.0,2,missing_fundamental,inf,70.00003986994614,0.9999999999999997,0.000986059837535702,5.695706590813643e-05
mpm,44100,70.0,2,missing_fundamental,20.0,70.06805697780608,0.9901658196324996,1.6823616900055618,0.09722425400868571
mpm,44100,70.0,2,missing_fundamental,10.0,168.3849809372276,0.3387837994337216,1519.6039633121045,140.54997276746798
mpm,44100,70.0,2,missing_fundamental,0.0,70.0,0.5234357464787137,0.0,0.0
mpm,44100,70.0,3,sine,inf,70.0,0.9999999999999992,0.0,0.0
mpm,44100,70.0,3,sine,20.0,70.12616396166906,0.9917121523750185,3.1174678454310953,0.1802342309558063
mpm,44100,70.0,3,sine,10.0,70.87878699044181,0.9188370314664903,21.598790360709877,1.255409986345443
mpm,44100,70.0,3,sine,0.0,70.22498812728976,0.565881387126493,5.555464058800797,0.3214116104139464
mpm,44100,70.0,3,harmonic,inf,70.00024040965,1.0,0.005945780815800771,0.0003434423571491152
mpm,44100,70.0,3,harmonic,20.0,,,,
mpm,44100,70.0,3,harmonic,10.0,70.2551915133342,0.8967665094169355,6.299898344928422,0.36455930476313775
mpm,44100,70.0,3,harmonic,0.0,73.4920165544007,0.5432847174073441,84.27913954419319,4.988595077715295
mpm,44100,70.0,3,weak_fundamental,inf,70.00036754182524,1.0,0.009089989311997037,0.0005250597503447807
mpm,44100,70.0,3,weak_fundamental,20.0,70.09567113304436,0.987987300371873,2.364514869684857,0.1366730472062321
mpm,44100,70.0,3,weak_fundamental,10.0,70.29864729744934,0.8909591738695721,7.370408209656403,0.42663899635619323
mpm,44100,70.0,3,weak_fundamental,0.0,70.44859160393257,0.5022171992573573,11.059131186836058,0.6408451484751002
mpm,44100,70.0,3,missing_fundamental,inf,70.00033627737865,1.0,0.008316763564119855,0.00048039625521515257
mpm,44100,70.0,3,missing_fundamental,20.0,124.57904585884911,0.427857218609364,997.9615211049196,77.9700655126416
mpm,44100,70.0,3,missing_fundamental,10.0,70.6596521474478,0.8845263180098499,16.23806988133875,0.9423602106397156
mpm,44100,70.0,3,missing_fundamental,0.0,72.14934689978035,0.5117268547840376,52.35769602702377,3.0704955711147925
mpm,44100,70.0,4,sine,inf,70.0,0.999999999999999,0.0,0.0
mpm,44100,70.0,4,sine,20.0,70.12870918515063,0.9913636030044146,3.180301705750762,0.18387026450089447
mpm,44100,70.0,4,sine,10.0,,,,
mpm,44100,70.0,4,sine,0.0,284.4038618371195,0.02170162212232923,2427.0170734265052,306.291231195885
mpm,44100,70.0,4,harmonic,inf,70.00031333544166,1.0,0.007749368161396914,0.0004476220595149373
mpm,44100,70.0,4,harmonic,20.0,70.10109062085257,0.9880583101407618,2.498361068546728,0.14441517264653417
mpm,44100,70.0,4,harmonic,10.0,70.9761659789008,0.8959231385865012,23.975666788870356,1.3945228270011358
mpm,44100,70.0,4,harmonic,0.0,71.43154557590131,0.5250395193763198,35.04769852245861,2.0450651084304434
mpm,44100,70.0,4,weak_fundamental,inf,70.00047767843758,1.0,0.011813862200262966,0.0006823977679662871
mpm,44100,70.0,4,weak_fundamental,20.0,70.00632114860234,0.9883980930155547,0.15632705162517896,0.009030212289055888
mpm,44100,70.0,4,weak_fundamental,10.0,70.0,0.8928644140117917,0.0,0.0
mpm,44100,70.0,4,weak_fundamental,0.0,71.48129398623567,0.5040096602892326,36.25299464001491,2.116134266050957
mpm,44100,70.0,4,missing_fundamental,inf,70.00045532383025,1.0,0.011260993636817611,0.0006504626146457733
mpm,44100,70.0,4,missing_fundamental,20.0,126.01723483063549,0.4357368098785006,1017.8330774306904,80.02462118662213
mpm,44100,70.0,4,missing_fundamental,10.0,70.12452959115727,0.887159817319072,3.077118984298626,0.1778994159389567
mpm,44100,70.0,4,missing_fundamental,0.0,70.0,0.4839674512182291,0.0,0.0
mpm,44100,80.0,0,sine,inf,79.9997865953527,0.999995943811204,0.0046181735549681024,0.0002667558091218325
mpm,44100,80.0,0,sine,20.0,80.32251697579319,0.9904267695501108,6.965373718141558,0.40314621974149034
mpm,44100,80.0,0,sine,10.0,79.20474766982295,0.9173277377353899,17.295707355022877,0.9940654127213122
mpm,44100,80.0,0,sine,0.0,81.37811751006151,0.5610724825205614,29.5690889592562,1.722646887576893
mpm,44100,80.0,0,harmonic,inf,80.00000220945445,0.9999885928022111,4.781353402200813e-05,2.761818063135024e-06
mpm,44100,80.0,0,harmonic,20.0,79.93178396542143,0.9904925432963949,1.4768537683803769,0.08527004322321119
mpm,44100,80.0,0,harmonic,10.0,79.92249170991987,0.9150711186583608,1.6781254461893498,0.09688536260016534
mpm,44100,80.0,0,harmonic,0.0,79.33745249505037,0.5593328811637424,14.397511602414221,0.828184381187036
mpm,44100,80.0,0,weak_fundamental,inf,79.99998233627244,0.9999810902314149,0.0003822506246258107,2.2079659451890166e-05
mpm,44100,80.0,0,weak_fundamental,20.0,79.99537121412777,0.9901769768702233,0.100171794337193,0.005785982340285045
mpm,44100,80.0,0,weak_fundamental,10.0,79.862781221628,0.9108142113830304,2.9720223533647805,0.1715234729650028
mpm,44100,80.0,0,weak_fundamental,0.0,79.16292387692589,0.5320389163521514,18.210120950937622,1.0463451538426405
mpm,44100,80.0,0,missing_fundamental,inf,80.00000169703412,0.9999770849997475,3.672454029344032e-05,2.121292652645934e-06
mpm,44100,80.0,0,missing_fundamental,20.0,79.91206379578892,0.9903393790264929,1.9040235315279748,0.10992025526384452
mpm,44100,80.0,0,missing_fundamental,10.0,79.48344955536007,0.9159122087273942,11.214616280651853,0.6456880557999156
mpm,44100,80.0,0,missing_fundamental,0.0,77.90511881255178,0.5407320456522514,45.93825032477466,2.618601484310279
mpm,44100,80.0,1,sine,inf,79.99983113753638,0.999995943042958,0.003654259439544405,0.00021107807953058
mpm,44100,80.0,1,sine,20.0,79.83589456394816,0.99023854608692,3.5549589049893386,0.20513179506480128
mpm,44100,80.0,1,sine,10.0,80.44282736259532,0.9156691187712442,9.556547553875426,0.5535342032441548
mpm,44100,80.0,1,sine,0.0,82.72337929522988,0.5267711902851214,57.95414608451906,3.4042241190373446
mpm,44100,80.0,1,harmonic,inf,79.99999161358437,0.9999885933146101,0.0001814856131822153,1.0483019536877691e-05
mpm,44100,80.0,1,harmonic,20.0,79.89884751446496,0.9901546403662059,2.19036788805114,0.12644060691879844
mpm,44100,80.0,1,harmonic,10.0,80.2067685842978,0.9180163808251889,4.46878762159643,0.25846073037225636
mpm,44100,80.0,1,harmonic,0.0,78.73739578371486,0.5716905651569798,27.541204115439914,1.5782552703564257
mpm,44100,80.0,1,weak_fundamental,inf,79.9999857899043,0.9999810899550765,0.00030751254617204506,1.7762619624051013e-05
mpm,44100,80.0,1,weak_fundamental,20.0,80.0027203774311,0.9904461731027692,0.058869124529748594,0.0034004717888791447
mpm,44100,80.0,1,weak_fundamental,10.0,80.50665177807214,0.9109386164565747,10.92958718863585,0.6333147225901747
mpm,44100,80.0,1,weak_fundamental,0.0,79.35087090724524,0.5209921475671709,14.104731243614339,0.811411365943453
mpm,44100,80.0,1,missing_fundamental,inf,79.99999747228989,0.9999770854099733,5.47007235221709e-05,3.159637635974377e-06
mpm,44100,80.0,1,missing_fundamental,20.0,79.8921315407648,0.9902776551341089,2.335894530643403,0.1348355740440077
mpm,44100,80.0,1,missing_fundamental,10.0,80.03280137539943,0.9107709406303041,0.7096902416864219,0.041001719249287305
mpm,44100,80.0,1,missing_fundamental,0.0,80.05131309959145,0.5124656723225272,1.1100813420291962,0.06414137448931712
mpm,44100,80.0,2,sine,inf,80.00018308936815,0.9999959369887745,0.003962127318071929,0.00022886171018754453
mpm,44100,80.0,2,sine,20.0,80.00673366240319,0.9905255558842638,0.1457131880311902,0.008417078003990497
mpm,44100,80.0,2,sine,10.0,80.22588350744951,0.9144231200317872,4.881327158039165,0.282354384311887
mpm,44100,80.0,2,sine,0.0,81.37643365487125,0.5368532823371996,29.533266336560875,1.7205420685890616
mpm,44100,80.0,2,harmonic,inf,80.00005270518952,0.9999885903640048,0.0011405623573290918,6.588148689701256e-05
mpm,44100,80.0,2,harmonic,20.0,80.02755438025699,0.9904170491810428,0.59618585009297,0.03444297532123386
mpm,44100,80.0,2,harmonic,10.0,79.83279996459886,0.9153879262793367,3.6220663085814975,0.2090000442514217
mpm,44100,80.0,2,harmonic,0.0,78.04562280350326,0.5409338073749858,42.81873506682234,2.4429714956209203
mpm,44100,80.0,2,weak_fundamental,inf,79.99976705803226,0.9999811075170847,0.005040970664224475,0.0002911774596725536
mpm,44100,80.0,2,weak_fundamental,20.0,79.97901762652036,0.9899537652713416,0.45412704922688896,0.0262279668495502
mpm,44100,80.0,2,weak_fundamental,10.0,80.16090466667704,0.9170484442066468,3.478548424832805,0.20113083334630133
mpm,44100,80.0,2,weak_fundamental,0.0,80.75498975417916,0.5741157358443482,16.261685952974165,0.9437371927239546
mpm,44100,80.0,2,missing_fundamental,inf,79.99973407769207,0.9999771110403686,0.00575468148813577,0.00033240288491498404
mpm,44100,80.0,2,missing_fundamental,20.0,80.04907093000416,0.9903249004662233,1.0615902611727999,0.0613386625052037
mpm,44100,80.0,2,missing_fundamental,10.0,79.55734511857911,0.9141124962058899,9.605840059581272,0.553318601776116
mpm,44100,80.0,2,missing_fundamental,0.0,79.63040934002885,0.538325905516615,8.016631426606532,0.46198832496394004
mpm,44100,80.0,3,sine,inf,80.0001146032346,0.9999959381646216,0.0024800609970153493,0.00014325404325887803
mpm,44100,80.0,3,sine,20.0,80.33420796455877,0.9904026699870081,7.217337498200723,0.4177599556984646
mpm,44100,80.0,3,sine,10.0,79.47145904378695,0.9155364336919436,11.475802073823159,0.660676195266312
mpm,44100,80.0,3,sine,0.0,80.7775828147304,0.5670027368213505,16.745970643447837,0.9719785184129925
mpm,44100,80.0,3,harmonic,inf,80.00005226758039,0.9999885903891872,0.0011310923156917364,6.533447548306981e-05
mpm,44100,80.0,3,harmonic,20.0,79.94093146003118,0.9904387722059854,1.2787404867339067,0.07383567496102472
mpm,44100,80.0,3,harmonic,10.0,80.53373731488934,0.9131850577411823,11.511943009823849,0.6671716436116704
mpm,44100,80.0,3,harmonic,0.0,79.0316923606803,0.5631400424764098,21.082437680214294,1.2103845491496301
mpm,44100,80.0,3,weak_fundamental,inf,79.99996083705484,0.9999810919610849,0.0008475030088352299,4.895368144630652e-05
mpm,44100,80.0,3,weak_fundamental,20.0,79.96866388085962,0.9897922500008869,0.6782598016289363,0.03917014892547144
mpm,44100,80.0,3,weak_fundamental,10.0,80.26409953118203,0.9129332546335082,5.705813291111184,0.3301244139775328
mpm,44100,80.0,3,weak_fundamental,0.0,79.79834491250888,0.5107891514493201,4.369411199364344,0.25206885936389867
mpm,44100,80.0,3,missing_fundamental,inf,79.9998410964127,0.9999771006183468,0.0034387446758770705,0.0001986294841316294
mpm,44100,80.0,3,missing_fundamental,20.0,79.96051973714208,0.9905020248608519,0.8545805780818004,0.049350328572401736
mpm,44100,80.0,3,missing_fundamental,10.0,80.05659087229662,0.9174930659882579,1.224217616217865,0.07073859037078023
mpm,44100,80.0,3,missing_fundamental,0.0,78.31975606896943,0.5303516243226286,36.74847408186049,2.100304913788218
mpm,44100,80.0,4,sine,inf,79.99979556820318,0.9999959436564063,0.004423996744518915,0.0002555397460213271
mpm,44100,80.0,4,sine,20.0,80.1705402973819,0.9903568072562159,3.6866365136580783,0.213175371727381
mpm,44100,80.0,4,sine,10.0,78.3263953960825,0.9153263805746575,36.60172002425447,2.0920057548968707
mpm,44100,80.0,4,sine,0.0,79.46132680319913,0.5174814227971472,11.696540417133042,0.6733414960010897
mpm,44100,80.0,4,harmonic,inf,79.99932453472978,0.9999886256738927,0.014617417644485313,0.0008443315877748603
mpm,44100,80.0,4,harmonic,20.0,79.76924956522019,0.9902697603096596,5.000753128390743,0.2884380434747591
mpm,44100,80.0,4,harmonic,10.0,79.8211476747982,0.9143336196972277,3.8747733814300687,0.22356540650225298
mpm,44100,80.0,4,harmonic,0.0,78.43885299702401,0.5689767323574456,34.11787282956688,1.9514337537199822
mpm,44100,80.0,4,weak_fundamental,inf,79.99966476528074,0.9999811157384432,0.007254637205102017,0.0004190433990736153
mpm,44100,80.0,4,weak_fundamental,20.0,80.05715605319095,0.9905684708898068,1.2364396824291053,0.07144506648868898
mpm,44100,80.0,4,weak_fundamental,10.0,79.35092464903298,0.9123551002887083,14.10355873498012,0.8113441887087802
mpm,44100,80.0,4,weak_fundamental,0.0,81.2419560665182,0.5123916349442705,26.66997106889069,1.5524450831477488
mpm,44100,80.0,4,missing_fundamental,inf,79.99968019005807,0.9999771162855385,0.006920837092081666,0.00039976242740991097
mpm,44100,80.0,4,missing_fundamental,20.0,79.96041700168963,0.9900888794466554,0.8568049161445318,0.04947874788795659
mpm,44100,80.0,4,missing_fundamental,10.0,80.27097779475007,0.9131167410833813,5.854165717173979,0.3387222434375836
mpm,44100,80.0,4,missing_fundamental,0.0,80.33960373880254,0.5530695436270813,7.333614668653901,0.4245046735031721
mpm,44100,100.0,0,sine,inf,100.00031763076265,0.9999999999999984,0.005498923180130095,0.00031763076265178825
mpm,44100,100.0,0,sine,20.0,100.40284569118353,0.99065298469567,6.960191748547025,0.4028456911835292
mpm,44100,100.0,0,sine,10.0,100.43126408015353,0.9097686205582247,7.450137236281607,0.43126408015352524
mpm,44100,100.0,0,sine,0.0,100.23268250042355,0.5300975667833678,4.023599380972375,0.2326825004235502
mpm,44100,100.0,0,harmonic,inf,100.00013397860634,0.9999999999999996,0.0023194816976633407,0.0001339786063425663
mpm,44100,100.0,0,harmonic,20.0,99.87679297055324,0.9894549264639767,2.134317129149972,0.12320702944676043
mpm,44100,100.0,0,harmonic,10.0,99.14516908978568,0.9095192469214355,14.86274032386617,0.8548309102143179
mpm,44100,100.0,0,harmonic,0.0,100.22870893250958,0.5435567833806902,3.9549659546484675,0.22870893250957636
mpm,44100,100.0,0,weak_fundamental,inf,99.99977039351504,0.9999999999999976,0.003975030210120763,0.0002296064849645063
mpm,44100,100.0,0,weak_fundamental,20.0,99.81257334372005,0.9898442588336505,3.2478386999472684,0.18742665627995336
mpm,44100,100.0,0,weak_fundamental,10.0,99.71519626954078,0.9029416021905561,4.937653808177757,0.2848037304592168
mpm,44100,100.0,0,weak_fundamental,0.0,101.4504590766244,0.5123288850209323,24.930472192195722,1.4504590766243979
mpm,44100,100.0,0,missing_fundamental,inf,99.99988894569097,1.0,0.0019226110783954154,0.00011105430903057822
mpm,44100,100.0,0,missing_fundamental,20.0,99.82815283257014,0.9892188085133999,2.9776358997904437,0.17184716742985984
mpm,44100,100.0,0,missing_fundamental,10.0,99.70847908213433,0.902751686699799,5.054280116823532,0.29152091786566814
mpm,44100,100.0,0,missing_fundamental,0.0,98.21545008988903,0.48981867271556123,31.17372578398557,1.784549910110968
mpm,44100,100.0,1,sine,inf,100.00027607959113,0.9999999999999997,0.004779577286306369,0.00027607959113140623
mpm,44100,100.0,1,sine,20.0,99.97307129673132,0.9909880095780969,0.4662616618872208,0.026928703268680465
mpm,44100,100.0,1,sine,10.0,100.88996834585984,0.9133614543749977,15.339278464849835,0.8899683458598417
mpm,44100,100.0,1,sine,0.0,98.26692051037197,0.5153555661675706,30.26669940573191,1.7330794896280253
mpm,44100,100.0,1,harmonic,inf,100.00011818449379,0.9999999999999993,0.00204604898817813,0.00011818449378608875
mpm,44100,100.0,1,harmonic,20.0,99.9601138134588,0.9894439739655043,0.6906609905992759,0.03988618654119591
mpm,44100,100.0,1,harmonic,10.0,100.01746266847215,0.9027023913038102,0.30229326899805764,0.017462668472148835
mpm,44100,100.0,1,harmonic,0.0,98.79936029341155,0.5282145377939013,20.911673059416447,1.200639706588447
mpm,44100,100.0,1,weak_fundamental,inf,99.99987347488455,1.0,0.0021904472650491717,0.00012652511544786194
mpm,44100,100.0,1,weak_fundamental,20.0,100.03536426341951,0.9899533860262009,0.6121299382765975,0.03536426341950971
mpm,44100,100.0,1,weak_fundamental,10.0,99.75874885264668,0.9059756664962022,4.1816681986319395,0.2412511473533243
mpm,44100,100.0,1,weak_fundamental,0.0,96.72461455898826,0.48041597146604625,57.65402429886055,3.2753854410117356
mpm,44100,100.0,1,missing_fundamental,inf,99.99987397927113,1.0,0.002181715141863794,0.00012602072887091254
mpm,44100,100.0,1,missing_fundamental,20.0,99.87322392203185,0.9887452929062432,2.1961830395491906,0.12677607796814527
mpm,44100,100.0,1,missing_fundamental,10.0,99.1208710375341,0.9101155334757768,15.28707537960768,0.8791289624658987
mpm,44100,100.0,1,missing_fundamental,0.0,99.992112535884,0.5111323626418316,0.13655584985167932,0.007887464115995613
mpm,44100,100.0,2,sine,inf,100.00010264299793,0.9999999999999994,0.0017769896170551753,0.00010264299793050213
mpm,44100,100.0,2,sine,20.0,99.98788575240961,0.9896903405771879,0.20973868346128494,0.012114247590389482
mpm,44100,100.0,2,sine,10.0,100.02634786424306,0.912513480560435,0.45608311553599123,0.026347864243064123
mpm,44100,100.0,2,sine,0.0,99.73573464919981,0.537724378128112,4.581107542484596,0.2642653508001871
mpm,44100,100.0,2,harmonic,inf,100.00011459954206,0.9999999999999988,0.0019839851553284265,0.00011459954205861322
mpm,44100,100.0,2,harmonic,20.0,100.17718779943021,0.9905755854014032,3.064821071159115,0.17718779943021445
mpm,44100,100.0,2,harmonic,10.0,100.0343696677787,0.9183709352029227,0.594917161465328,0.03436966777870509
mpm,44100,100.0,2,harmonic,0.0,101.20631042651668,0.5521420437483116,20.759097491729143,1.20631042651668
mpm,44100,100.0,2,weak_fundamental,inf,100.00016487401552,0.9999999999999999,0.002854352741861306,0.00016487401552467418
mpm,44100,100.0,2,weak_fundamental,20.0,100.00826833121451,0.9911740335969175,0.1431382477843797,0.008268331214509317
mpm,44100,100.0,2,weak_fundamental,10.0,99.88000686041674,0.9205428457187353,2.0786094329231313,0.11999313958325786
mpm,44100,100.0,2,weak_fundamental,0.0,100.67419408234592,0.5430447861492943,11.632707910819862,0.6741940823459203
mpm,44100,100.0,2,missing_fundamental,inf,100.00003498867095,1.0,0.0006057356786306688,3.498867094720026e-05
mpm,44100,100.0,2,missing_fundamental,20.0,100.10147759357535,0.9907657579926128,1.7559238681136133,0.10147759357535335
mpm,44100,100.0,2,missing_fundamental,10.0,99.85620639721556,0.9213006808085319,2.491195331097773,0.14379360278444153
mpm,44100,100.0,2,missing_fundamental,0.0,99.14311167103467,0.5415176712563475,14.89866653575707,0.8568883289653257
mpm,44100,100.0,3,sine,inf,99.99982382572105,0.9999999999999991,0.003049991789410522,0.00017617427894833781
mpm,44100,100.0,3,sine,20.0,99.78159354491898,0.9900468914945781,3.785262050382846,0.2184064550810234
mpm,44100,100.0,3,sine,10.0,100.91073391752117,0.9087323088268046,15.695571227284304,0.9107339175211706
mpm,44100,100.0,3,sine,0.0,102.82379075652932,0.5376849534737844,48.208926412323585,2.82379075652932
mpm,44100,100.0,3,harmonic,inf,100.00015848017661,1.0,0.002743660604313429,0.0001584801766085775
mpm,44100,100.0,3,harmonic,20.0,99.89955694852485,0.9898500764935735,1.7397781965567933,0.10044305147515331
mpm,44100,100.0,3,harmonic,10.0,99.7026467640626,0.908986749999934,5.155549367380938,0.2973532359373934
mpm,44100,100.0,3,harmonic,0.0,99.81938963977238,0.5370417279633427,3.129615108468723,0.18061036022761812
mpm,44100,100.0,3,weak_fundamental,inf,100.00019432450314,1.0,0.003364208695183295,0.00019432450314127436
mpm,44100,100.0,3,weak_fundamental,20.0,99.97210826497383,0.9898520191485854,0.48293856675259805,0.027891735026173592
mpm,44100,100.0,3,weak_fundamental,10.0,99.14449829515078,0.9111106292673375,14.874453516259694,0.8555017048492175
mpm,44100,100.0,3,weak_fundamental,0.0,99.80440207376434,0.4923806594981582,3.3895739481621527,0.19559792623566352
mpm,44100,100.0,3,missing_fundamental,inf,100.00024452004291,0.9999999999999999,0.004233209063999302,0.00024452004291219964
mpm,44100,100.0,3,missing_fundamental,20.0,100.02324084959375,0.9895498518642851,0.4023067535163302,0.023240849593747726
mpm,44100,100.0,3,missing_fundamental,10.0,99.40455480903464,0.9086248741636636,10.339363150083965,0.5954451909653642
mpm,44100,100.0,3,missing_fundamental,0.0,100.92196799022888,0.5024357755912797,15.88829330866688,0.9219679902288789
mpm,44100,100.0,4,sine,inf,100.00018940733737,1.0,0.0032790812105679976,0.00018940733737338178
mpm,44100,100.0,4,sine,20.0,100.23316195063762,0.9899777577309833,4.031880497765436,0.2331619506376228
mpm,44100,100.0,4,sine,10.0,100.2356026654806,0.9091794101335658,4.074036178711601,0.23560266548059872
mpm,44100,100.0,4,sine,0.0,104.50475845231495,0.5433331069933501,76.28236145747469,4.504758452314945
mpm,44100,100.0,4,harmonic,inf,100.00007776527723,0.9999999999999996,0.0013462984340676999,7.776527722569426e-05
mpm,44100,100.0,4,harmonic,20.0,100.15107047244906,0.9906003849674894,2.613409908434594,0.1510704724490637
mpm,44100,100.0,4,harmonic,10.0,99.87168116810003,0.9186035793388071,2.222925830660266,0.12831883189997484
mpm,44100,100.0,4,harmonic,0.0,98.43942510305389,0.5354613127424938,27.230235075111068,1.5605748969461075
mpm,44100,100.0,4,weak_fundamental,inf,100.00004186606829,1.0,0.0007247994773261049,4.1866068286822156e-05
mpm,44100,100.0,4,weak_fundamental,20.0,100.0608557897297,0.9907635405616979,1.053235707670134,0.060855789729700405
mpm,44100,100.0,4,weak_fundamental,10.0,100.24401165876914,0.9200314032998753,4.219267259259404,0.24401165876913922
mpm,44100,100.0,4,weak_fundamental,0.0,100.84243200634515,0.5510479593558739,14.523380464178118,0.8424320063451489
mpm,44100,100.0,4,missing_fundamental,inf,99.99993544478845,1.0,0.0011176021636074215,6.455521155146471e-05
mpm,44100,100.0,4,missing_fundamental,20.0,99.99061844768903,0.9906606826278712,0.16242424701553992,0.00938155231096971
mpm,44100,100.0,4,missing_fundamental,10.0,100.65572154537212,0.9148723504941386,11.315017566871502,0.655721545372117
mpm,44100,100.0,4,missing_fundamental,0.0,99.97422947243852,0.5732714249694147,0.44620564501252213,0.025770527561476797
mpm,44100,120.0,0,sine,inf,119.99989486770262,0.9999635549839455,0.0015167391050028016,8.761024781496947e-05
mpm,44100,120.0,0,sine,20.0,120.01373089586025,0.9902564599379076,0.19808362108820213,0.011442413216874078
mpm,44100,120.0,0,sine,10.0,117.9827562880859,0.9151547507636677,29.350064671095655,1.6810364265950877
mpm,44100,120.0,0,sine,0.0,118.56755547058856,0.48612022020086254,20.79014089284299,1.1937037745095342
mpm,44100,120.0,0,harmonic,inf,119.99967468717664,0.9998981444616764,0.004693278331582487,0.0002710940194698234
mpm,44100,120.0,0,harmonic,20.0,120.06567151784816,0.9899110175284758,0.9471805766295248,0.05472626487346588
mpm,44100,120.0,0,harmonic,10.0,120.38814889787108,0.9086915379842891,5.590767890774708,0.3234574148925636
mpm,44100,120.0,0,harmonic,0.0,118.35018069907724,0.5011245692024352,23.966996433786914,1.3748494174356314
mpm,44100,120.0,0,weak_fundamental,inf,119.99984080429019,0.9998304616127008,0.002296710134246844,0.00013266309151068376
mpm,44100,120.0,0,weak_fundamental,20.0,119.9418439474386,0.990358163675115,0.8392178593677448,0.04846337713450074
mpm,44100,120.0,0,weak_fundamental,10.0,119.8503576409162,0.9060871077529056,2.160230098386469,0.124701965903166
mpm,44100,120.0,0,weak_fundamental,0.0,120.52818077400998,0.5519993493010883,7.603317057182708,0.4401506450083185
mpm,44100,120.0,0,missing_fundamental,inf,119.99985152784515,0.9997945166809191,0.002142001740245739,0.0001237267957066024
mpm,44100,120.0,0,missing_fundamental,20.0,120.06721304744002,0.9897876296728201,0.9694078406875465,0.05601087286668379
mpm,44100,120.0,0,missing_fundamental,10.0,119.28230775607665,0.9112350933489436,10.38519719219264,0.5980768699361269
mpm,44100,120.0,0,missing_fundamental,0.0,120.77532033697841,0.5408059919044735,11.14952814747755,0.6461002808153419
mpm,44100,120.0,1,sine,inf,120.00010673452017,0.9999634613713728,0.0015398529447704931,8.894543347774213e-05
mpm,44100,120.0,1,sine,20.0,119.59410074488602,0.9902491592755176,5.865814567389462,0.3382493792616496
mpm,44100,120.0,1,sine,10.0,118.4189682283508,0.911298891220405,22.961060341863103,1.3175264763743282
mpm,44100,120.0,1,sine,0.0,122.743536916946,0.5444286003735209,39.135186406495926,2.2862807641216656
mpm,44100,120.0,1,harmonic,inf,120.00003300530261,0.9998973394022034,0.0004761657987077026,2.750441884321238e-05
mpm,44100,120.0,1,harmonic,20.0,120.02118352690715,0.9904047078785342,0.3055867204494153,0.017652939089292847
mpm,44100,120.0,1,harmonic,10.0,120.34021894557318,0.9088949486361684,4.9013770455817625,0.2835157879776536
mpm,44100,120.0,1,harmonic,0.0,118.91664018390175,0.5377034900351751,15.700557770897747,0.9027998467485432
mpm,44100,120.0,1,weak_fundamental,inf,119.99988018244534,0.9998302996632882,0.0017286027822482803,9.984796221829129e-05
mpm,44100,120.0,1,weak_fundamental,20.0,119.94012172229726,0.9898472297809445,0.8640765418165968,0.04989856475228057
mpm,44100,120.0,1,weak_fundamental,10.0,120.33629162025075,0.9114338340445665,4.844876979957614,0.28024301687562314
mpm,44100,120.0,1,weak_fundamental,0.0,120.19316584374944,0.5163166151757967,2.7845534799950094,0.16097153645786713
mpm,44100,120.0,1,missing_fundamental,inf,119.99990228970184,0.9997942633366431,0.0014096621998910444,8.142524846969461e-05
mpm,44100,120.0,1,missing_fundamental,20.0,119.93026860273771,0.9897952850017547,1.0063038176174641,0.05810949771857329
mpm,44100,120.0,1,missing_fundamental,10.0,120.22472361743952,0.9080760537892583,3.2390445560228835,0.1872696811996022
mpm,44100,120.0,1,missing_fundamental,0.0,119.46647512299742,0.5228740339577905,7.714298721129174,0.44460406416881426
mpm,44100,120.0,2,sine,inf,120.00010755011054,0.9999634613714292,0.0015516194160661637,8.962509211822105e-05
mpm,44100,120.0,2,sine,20.0,120.05659368370925,0.9902617706076182,0.8162817984813248,0.04716140309104352
mpm,44100,120.0,2,sine,10.0,120.45918791159839,0.9167030515041059,6.612038580934846,0.38265659299865956
mpm,44100,120.0,2,sine,0.0,116.64660233264921,0.5581363403512004,49.06814464412192,2.794498056125659
mpm,44100,120.0,2,harmonic,inf,120.00003339885205,0.9998973394019951,0.0004818435152907135,2.7832376711482237e-05
mpm,44100,120.0,2,harmonic,20.0,119.94059986777583,0.9906888680049486,0.8571749306539904,0.04950011018680792
mpm,44100,120.0,2,harmonic,10.0,120.49705101161659,0.908762563191046,7.156119853013004,0.4142091763471593
mpm,44100,120.0,2,harmonic,0.0,118.85612269342715,0.5256875886318474,16.581818862943372,0.9532310888107057
mpm,44100,120.0,2,weak_fundamental,inf,119.99988264452585,0.9998302895176912,0.0016930824336854756,9.779622845466444e-05
mpm,44100,120.0,2,weak_fundamental,20.0,119.91515762130815,0.9903903309383968,1.2244496960870648,0.07070198224320497
mpm,44100,120.0,2,weak_fundamental,10.0,120.09716507541619,0.9105145278458286,1.4012285073914943,0.08097089618015474
mpm,44100,120.0,2,weak_fundamental,0.0,119.99779842952309,0.5388638050028252,0.03176223945464411,0.0018346420640943013
mpm,44100,120.0,2,missing_fundamental,inf,119.99990855394891,0.9997942319894079,0.0013192881468673838,7.620504257251544e-05
mpm,44100,120.0,2,missing_fundamental,20.0,119.94859893705828,0.9897486492017293,0.7417194522353234,0.04283421911810118
mpm,44100,120.0,2,missing_fundamental,10.0,119.51771076118628,0.9059949926709859,6.971982802701191,0.4019076990114338
mpm,44100,120.0,2,missing_fundamental,0.0,119.43523639225528,0.49884426048455055,8.167050225299086,0.47063633978726926
mpm,44100,120.0,3,sine,inf,119.99995266742815,0.9999635036325556,0.0006828648014594192,3.9443809877563275e-05
mpm,44100,120.0,3,sine,20.0,119.8289067738772,0.9903479487566516,2.4701148236235277,0.1425776884356722
mpm,44100,120.0,3,sine,10.0,118.58364408730779,0.912233808169156,20.55524297825208,1.1802965939101757
mpm,44100,120.0,3,sine,0.0,124.56117844618136,0.5286022149199846,64.58411134072767,3.8009820384844653
mpm,44100,120.0,3,harmonic,inf,120.00017293065369,0.9998973394557082,0.002494860167307928,0.00014410887807514428
mpm,44100,120.0,3,harmonic,20.0,119.9218710471201,0.9898325077666567,1.1275296214923427,0.0651074607332447
mpm,44100,120.0,3,harmonic,10.0,119.90995118753322,0.9094537098107899,1.2996174337068704,0.07504067705564665
mpm,44100,120.0,3,harmonic,0.0,119.52656698482971,0.5742538816563437,6.843703673250736,0.3945275126419053
mpm,44100,120.0,3,weak_fundamental,inf,120.00016347206116,0.9998298032103098,0.0023584017133180327,0.0001362267176337658
mpm,44100,120.0,3,weak_fundamental,20.0,119.98590069337484,0.9898734750255251,0.20342194816672313,0.011749422187629458
mpm,44100,120.0,3,weak_fundamental,10.0,120.36646550377723,0.9143660997327886,5.278923149194934,0.30538791981436236
mpm,44100,120.0,3,weak_fundamental,0.0,119.39014419156553,0.5578754737545822,8.820792753988888,0.5082131736953954
mpm,44100,120.0,3,missing_fundamental,inf,120.00018814510345,0.9997937723134981,0.002714357949168051,0.0001567875862088878
mpm,44100,120.0,3,missing_fundamental,20.0,119.93927906109822,0.9893697154114925,0.8762396850865597,0.050600782418150914
mpm,44100,120.0,3,missing_fundamental,10.0,119.89934346778647,0.9129854372612554,1.4527761813434594,0.0838804435112787
mpm,44100,120.0,3,missing_fundamental,0.0,120.19432417872227,0.5392936558627087,2.801237783699815,0.16193681560189077
mpm,44100,120.0,4,sine,inf,119.99995557224915,0.9999635010441624,0.0006409570769651563,3.7023125708894135e-05
mpm,44100,120.0,4,sine,20.0,120.07200876729244,0.9904369708726621,1.0385553413472277,0.06000730607703749
mpm,44100,120.0,4,sine,10.0,120.22933894396358,0.9121526222997569,3.305503906652013,0.19111578663631926
mpm,44100,120.0,4,sine,0.0,117.28014096648445,0.5100453091710961,39.69079581740261,2.2665491945962892
mpm,44100,120.0,4,harmonic,inf,120.00017743727066,0.9998973394562789,0.002559876811972673,0.00014786439222073491
mpm,44100,120.0,4,harmonic,20.0,119.92501603845007,0.9902825559246518,1.082128022656337,0.062486634624943825
mpm,44100,120.0,4,harmonic,10.0,119.31468286696455,0.9145712161938493,9.91537655858733,0.5710976108628785
mpm,44100,120.0,4,harmonic,0.0,123.14795601074593,0.5344877303118126,44.82993190788475,2.623296675621608
mpm,44100,120.0,4,weak_fundamental,inf,120.00016934374192,0.9998298032120131,0.002443112042723654,0.00014111978493029179
mpm,44100,120.0,4,weak_fundamental,20.0,119.96819370144492,0.9895459712311672,0.45892871473049035,0.02650524879590203
mpm,44100,120.0,4,weak_fundamental,10.0,120.78473720478905,0.9127032515556508,11.284507434728278,0.6539476706575442
mpm,44100,120.0,4,weak_fundamental,0.0,119.42185486161434,0.5270592043096173,8.361028652959314,0.48178761532138736
mpm,44100,120.0,4,missing_fundamental,inf,120.00019187657318,0.9997937723148386,0.0027681915929119926,0.00015989714431915067
mpm,44100,120.0,4,missing_fundamental,20.0,120.03493574345025,0.9898935874709125,0.5039428850661329,0.029113119541873306
mpm,44100,120.0,4,missing_fundamental,10.0,119.83294549625134,0.9131257085460275,2.411766165935348,0.13921208645721586
mpm,44100,120.0,4,missing_fundamental,0.0,120.26300607544879,0.5197539348754486,3.7902235740297634,0.21917172954065478
mpm,44100,160.0,0,sine,inf,159.99988602193392,0.9999634822639752,0.0012332673695298686,7.123629130134645e-05
mpm,44100,160.0,0,sine,20.0,159.91561136860108,0.9902566637532724,0.91334383336602,0.05274289462432691
mpm,44100,160.0,0,sine,10.0,159.29113463394813,0.9100794408012701,7.687115244285321,0.4430408537824171
mpm,44100,160.0,0,sine,0.0,155.23280229337234,0.5216469561155842,52.366150824455914,2.9794985666422846
mpm,44100,160.0,0,harmonic,inf,160.00062983328252,0.9998969838699859,0.006814916736321939,0.0003936458015729727
mpm,44100,160.0,0,harmonic,20.0,159.8737999100731,0.9908798338497599,1.3660506366826692,0.07887505620431057
mpm,44100,160.0,0,harmonic,10.0,159.85081624878694,0.9072777640481924,1.614952942281823,0.0932398445081617
mpm,44100,160.0,0,harmonic,0.0,161.00152859740905,0.5435376667061064,10.802976812576123,0.6259553733806555
mpm,44100,160.0,0,weak_fundamental,inf,160.00065047078047,0.9998292032657835,0.007038217962334864,0.00040654423779429294
mpm,44100,160.0,0,weak_fundamental,20.0,160.2279905158845,0.9907222002290864,2.465149970298045,0.1424940724278123
mpm,44100,160.0,0,weak_fundamental,10.0,160.0625787518923,0.9075132699881792,0.6769830314247267,0.0391117199326807
mpm,44100,160.0,0,weak_fundamental,0.0,163.3420980565222,0.4966582103060369,35.789710318403976,2.0888112853263685
mpm,44100,160.0,0,missing_fundamental,inf,160.0006791618066,0.9997930082235401,0.00734865968110343,0.00042447612912610566
mpm,44100,160.0,0,missing_fundamental,20.0,160.11524475258676,0.9905114321656953,1.2465238787875839,0.07202797036672592
mpm,44100,160.0,0,missing_fundamental,10.0,160.48911610800093,0.9105742358208564,5.284267545954526,0.3056975675005802
mpm,44100,160.0,0,missing_fundamental,0.0,159.7831830774792,0.5262753540762912,2.3475962218363504,0.13551057657549492
mpm,44100,160.0,1,sine,inf,160.00019344436907,0.9999634236883554,0.0020931079743234573,0.00012090273067144608
mpm,44100,160.0,1,sine,20.0,159.55243394417533,0.9901372459577166,4.849545923671902,0.2797287848904162
mpm,44100,160.0,1,sine,10.0,159.1368512058823,0.9094693819273935,9.364736286738545,0.539467996323566
mpm,44100,160.0,1,sine,0.0,160.29748470044632,0.5405207208382816,3.215859100856316,0.18592793777894911
mpm,44100,160.0,1,harmonic,inf,160.00008163545905,0.9998972795009174,0.0008833128143458326,5.102216190877584e-05
mpm,44100,160.0,1,harmonic,20.0,159.89222467674279,0.99022087004018,1.1665448669176564,0.06735957703575934
mpm,44100,160.0,1,harmonic,10.0,160.15291344941258,0.9182936686562103,1.6537659299216296,0.09557090588286243
mpm,44100,160.0,1,harmonic,0.0,158.73763729436013,0.5063380422788495,13.713201513451445,0.7889766910249207
mpm,44100,160.0,1,weak_fundamental,inf,159.99997010906318,0.9998298104200112,0.00032342632758368514,1.8681835509681832e-05
mpm,44100,160.0,1,weak_fundamental,20.0,160.03865931858473,0.9898556978332954,0.418251526960252,0.02416207411545912
mpm,44100,160.0,1,weak_fundamental,10.0,160.2890225901196,0.9096059201556161,3.1244647770480385,0.18063911882475026
mpm,44100,160.0,1,weak_fundamental,0.0,160.92950038164759,0.5194809495439189,10.028290991852506,0.580937738529741
mpm,44100,160.0,1,missing_fundamental,inf,159.99973365512434,0.9997940291077577,0.0028819106331706003,0.000166465547284389
mpm,44100,160.0,1,missing_fundamental,20.0,160.0265152340823,0.990116222051885,0.2868767054110936,0.016572021301435313
mpm,44100,160.0,1,missing_fundamental,10.0,159.7706645019923,0.9044702620122456,2.483238989426483,0.14333468625482126
mpm,44100,160.0,1,missing_fundamental,0.0,159.90371275008434,0.524639849451478,1.0421621502661347,0.06017953119728858
mpm,44100,160.0,2,sine,inf,159.99984736472555,0.9999634896102545,0.001651546939076768,9.539704652894443e-05
mpm,44100,160.0,2,sine,20.0,159.4745869762042,0.9895983634265902,5.694435637742569,0.3283831398723791
mpm,44100,160.0,2,sine,10.0,158.18014188689696,0.9119389380583569,19.80409379250709,1.1374113206893988
mpm,44100,160.0,2,sine,0.0,159.24780529566542,0.5380577838309505,8.158098328725764,0.47012169020911543
mpm,44100,160.0,2,harmonic,inf,159.9998916163964,0.9998973808903766,0.0011727340527504342,6.773975224305673e-05
mpm,44100,160.0,2,harmonic,20.0,159.87244103483977,0.9899951794951349,1.3807656248272742,0.0797243532251457
mpm,44100,160.0,2,harmonic,10.0,160.2251383923281,0.9079850091166201,2.4343330241195034,0.140711495205057
mpm,44100,160.0,2,harmonic,0.0,162.8794923665455,0.5143275384385201,30.87967810638389,1.7996827290909323
mpm,44100,160.0,2,weak_fundamental,inf,159.99999735908466,0.9998297860972756,2.857526626432962e-05,1.6505720878967622e-06
mpm,44100,160.0,2,weak_fundamental,20.0,160.01885604573908,0.9897403324906918,0.20401440624705783,0.011785028586928092
mpm,44100,160.0,2,weak_fundamental,10.0,160.2489652781192,0.9134603031405628,2.691763596938695,0.15560329882449153
mpm,44100,160.0,2,weak_fundamental,0.0,160.37191859605892,0.5124858848300161,4.019568438129298,0.23244912253682415
mpm,44100,160.0,2,missing_fundamental,inf,159.99992035449995,0.9997938285597512,0.0008617814740604497,4.977843753195543e-05
mpm,44100,160.0,2,missing_fundamental,20.0,160.09002913927628,0.9897849217313063,0.9738604845165092,0.056268212047676514
mpm,44100,160.0,2,missing_fundamental,10.0,159.91090932904174,0.90859150471836,0.9642484986076693,0.05568166934891039
mpm,44100,160.0,2,missing_fundamental,0.0,159.63338556952723,0.5161722659935077,3.9713978069735454,0.22913401904547825
mpm,44100,160.0,3,sine,inf,159.9998852097205,0.9999634824183689,0.00124205569791997,7.174392468556334e-05
mpm,44100,160.0,3,sine,20.0,159.93116072848593,0.9908491664354506,0.7450158485715456,0.04302454469629069
mpm,44100,160.0,3,sine,10.0,160.73415045008227,0.916294705065255,7.925495144619288,0.4588440313014175
mpm,44100,160.0,3,sine,0.0,158.74766152477994,0.5289512877553678,13.603878095398445,0.7827115470125356
mpm,44100,160.0,3,harmonic,inf,160.00063019158424,0.999896983673342,0.006818793621981438,0.00039386974014732345
mpm,44100,160.0,3,harmonic,20.0,160.18429079236682,0.9901386267352026,1.9929180730137643,0.11518174522926472
mpm,44100,160.0,3,harmonic,10.0,159.70266076197674,0.9119827507781286,3.220266982982007,0.1858370237645346
mpm,44100,160.0,3,harmonic,0.0,160.45323436733972,0.5437782701294067,4.897159447947042,0.2832714795873237
mpm,44100,160.0,3,weak_fundamental,inf,160.00065007860286,0.9998292036167317,0.007033974534522836,0.0004062991267872462
mpm,44100,160.0,3,weak_fundamental,20.0,159.9527646455316,0.9907219979604414,0.5111720454118917,0.029522096542748955
mpm,44100,160.0,3,weak_fundamental,10.0,159.77345143847435,0.9139204882046609,2.4530407220212473,0.14159285095352914
mpm,44100,160.0,3,weak_fundamental,0.0,159.7308434603448,0.5029164553659815,2.9147833909917136,0.1682228372844996
mpm,44100,160.0,3,missing_fundamental,inf,160.00067957805814,0.9997930077699242,0.007353163592126297,0.0004247362863374349
mpm,44100,160.0,3,missing_fundamental,20.0,160.05825036221663,0.9899576835437537,0.6301666114790521,0.03640647638539107
mpm,44100,160.0,3,missing_fundamental,10.0,160.85163682567523,0.9125619428890372,9.190454174681388,0.5322730160470179
mpm,44100,160.0,3,missing_fundamental,0.0,160.78430269015823,0.5273543986968454,8.465590218557757,0.49018918134889233
mpm,44100,160.0,4,sine,inf,160.00022008551895,0.999963418599271,0.0023813705128456243,0.000137553449341965
mpm,44100,160.0,4,sine,20.0,160.7773672915371,0.989892022355332,8.390912174751817,0.4858545572106898
mpm,44100,160.0,4,sine,10.0,158.47909678762713,0.9118723910506932,16.535210438815085,0.9505645077330449
mpm,44100,160.0,4,sine,0.0,154.13104277124776,0.5179252083626343,64.69733750431895,3.668098267970148
mpm,44100,160.0,4,harmonic,inf,160.00005910161556,0.999897291544475,0.0006394919393402851,3.6938509726525126e-05
mpm,44100,160.0,4,harmonic,20.0,160.15851974524884,0.9902540771415643,1.7143682640006757,0.0990748407805242
mpm,44100,160.0,4,harmonic,10.0,160.70903500749284,0.9083485627930695,7.654960808078655,0.44314687968302735
mpm,44100,160.0,4,harmonic,0.0,160.92406951165333,0.5430916527596711,9.969866242646777,0.5775434447833305
mpm,44100,160.0,4,weak_fundamental,inf,159.9998734261155,0.9998298961564147,0.001369556907706009,7.910867781291131e-05
mpm,44100,160.0,4,weak_fundamental,20.0,160.0400783986209,0.9898429006078305,0.4336024977526062,0.02504899913805758
mpm,44100,160.0,4,weak_fundamental,10.0,159.53964182940396,0.9097773125511498,4.988353160485486,0.28772385662252375
mpm,44100,160.0,4,weak_fundamental,0.0,158.6948925118375,0.5131069858787525,14.179450031935456,0.8156921801015571
mpm,44100,160.0,4,missing_fundamental,inf,159.99964143314628,0.9997941278710338,0.0038797740100370865,0.00022410428357488854
mpm,44100,160.0,4,missing_fundamental,20.0,159.88461257733576,0.9904010660194126,1.2489668821828288,0.07211713916515095
mpm,44100,160.0,4,missing_fundamental,10.0,160.19641343543262,0.9118659104416488,2.123931783722784,0.12275839714538606
mpm,44100,160.0,4,missing_fundamental,0.0,159.80149799844574,0.5189794318546878,2.1491673440116785,0.12406375097141265
mpm,44100,200.0,0,sine,inf,199.99976271085686,0.9998987163706736,0.002054016438832122,0.00011864457157173547
mpm,44100,200.0,0,sine,20.0,199.78449770031267,0.9900764492499721,1.8664303251018641,0.10775114984366496
mpm,44100,200.0,0,sine,10.0,200.12518773098785,0.9099511403436277,1.0833073054578155,0.06259386549392332
mpm,44100,200.0,0,sine,0.0,204.41867002638637,0.5183535472919438,37.83236033153358,2.209335013193183
mpm,44100,200.0,0,harmonic,inf,199.99935191390688,0.9997164645464486,0.005609952645055517,0.0003240430465609734
mpm,44100,200.0,0,harmonic,20.0,200.15291095544455,0.9897974413513879,1.3231175292179649,0.07645547772227701
mpm,44100,200.0,0,harmonic,10.0,200.8458692112433,0.9040290738208313,7.306547806505593,0.42293460562164853
mpm,44100,200.0,0,harmonic,0.0,201.25949768623906,0.5399654349983316,10.868240890455304,0.6297488431195291
mpm,44100,200.0,0,weak_fundamental,inf,199.9996862919778,0.9995285579214925,0.0027155121770259544,0.0001568540110952199
mpm,44100,200.0,0,weak_fundamental,20.0,199.912049450463,0.9898019347323145,0.7614823742203374,0.04397527476849916
mpm,44100,200.0,0,weak_fundamental,10.0,199.60702863972588,0.9109829843398428,3.404973235014672,0.1964856801370587
mpm,44100,200.0,0,weak_fundamental,0.0,197.93086602647452,0.5181321280171995,18.004069436362343,1.0345669867627407
mpm,44100,200.0,0,missing_fundamental,inf,199.99971926704086,0.999428596025907,0.0024300739933481234,0.00014036647957027526
mpm,44100,200.0,0,missing_fundamental,20.0,199.99165989329154,0.9892387327513779,0.0721948888257364,0.004170053354229708
mpm,44100,200.0,0,missing_fundamental,10.0,200.5873665140485,0.9082407959177019,5.076893193032259,0.2936832570242558
mpm,44100,200.0,0,missing_fundamental,0.0,199.81242998796398,0.519125901726356,1.6243997979465534,0.09378500601800965
mpm,44100,200.0,1,sine,inf,200.00002708107291,0.9998985048904298,0.00023441836153713204,1.35405364574126e-05
mpm,44100,200.0,1,sine,20.0,200.29921019234484,0.990113827689852,2.58807889746638,0.14960509617242224
mpm,44100,200.0,1,sine,10.0,200.4504793307156,0.9122223858082982,3.8950408350782006,0.2252396653578046
mpm,44100,200.0,1,sine,0.0,208.8422300327761,0.5321561957509746,74.8961629020736,4.421115016388043
mpm,44100,200.0,1,harmonic,inf,200.0002518536072,0.9997148549444446,0.002180086328287879,0.00012592680360512531
mpm,44100,200.0,1,harmonic,20.0,199.85777348899387,0.9901064089985492,1.2315748510742088,0.07111325550306447
mpm,44100,200.0,1,harmonic,10.0,201.19027812563561,0.9134368898100709,10.272711865159959,0.5951390628178075
mpm,44100,200.0,1,harmonic,0.0,196.18647886349254,0.5190164695050906,33.32926235634916,1.9067605682537305
mpm,44100,200.0,1,weak_fundamental,inf,200.0003175410778,0.9995272583233407,0.0027486874471656887,0.00015877053890278603
mpm,44100,200.0,1,weak_fundamental,20.0,199.89165160565773,0.9895477917810619,0.9381362840855558,0.05417419717113603
mpm,44100,200.0,1,weak_fundamental,10.0,200.4166100925723,0.9099054739066819,3.6024970968852976,0.20830504628615643
mpm,44100,200.0,1,weak_fundamental,0.0,201.68051847995457,0.5014421365850014,14.48607863035566,0.8402592399772857
mpm,44100,200.0,1,missing_fundamental,inf,200.0002313115186,0.9994271862902958,0.0020022707268888126,0.00011565575930205796
mpm,44100,200.0,1,missing_fundamental,20.0,200.0608371783161,0.9897469819109767,0.5265368942618383,0.03041858915804596
mpm,44100,200.0,1,missing_fundamental,10.0,200.32596104748544,0.9115588898252092,2.819277507312202,0.16298052374271776
mpm,44100,200.0,1,missing_fundamental,0.0,199.4875748114443,0.5229915121759289,4.441331728463658,0.25621259427785503
mpm,44100,200.0,2,sine,inf,199.9999713349402,0.9998985305296247,0.00024812965543807354,1.4332529900684676e-05
mpm,44100,200.0,2,sine,20.0,200.13605983028637,0.990634201823214,1.177356622546398,0.06802991514318535
mpm,44100,200.0,2,sine,10.0,198.10713120262844,0.9132156654753435,16.46302389574866,0.9464343986857813
mpm,44100,200.0,2,sine,0.0,194.3722057776311,0.5327172792276847,49.41367710451688,2.8138971111844455
mpm,44100,200.0,2,harmonic,inf,199.99995865995973,0.9997149585744239,0.00035784646359516485,2.0670020134616607e-05
mpm,44100,200.0,2,harmonic,20.0,200.0851108425113,0.9900523954707271,0.736577226844549,0.042555421255656256
mpm,44100,200.0,2,harmonic,10.0,200.92668081464464,0.9122883308493825,8.002980657608907,0.4633404073223204
mpm,44100,200.0,2,harmonic,0.0,197.82360147453704,0.529783607792877,18.942530347704345,1.0881992627314787
mpm,44100,200.0,2,weak_fundamental,inf,200.00004594630266,0.999527258100535,0.0003977189724022637,2.2973151331484587e-05
mpm,44100,200.0,2,weak_fundamental,20.0,200.11775999701516,0.9895241341791969,1.019050603195366,0.05887999850757808
mpm,44100,200.0,2,weak_fundamental,10.0,198.94548342478376,0.906798853169908,9.152224190707136,0.5272582876081202
mpm,44100,200.0,2,weak_fundamental,0.0,203.25869891443773,0.5216227141831127,27.98051641153044,1.629349457218865
mpm,44100,200.0,2,missing_fundamental,inf,199.99996753854919,0.9994273497503583,0.00028099186747955826,1.6230725407240243e-05
mpm,44100,200.0,2,missing_fundamental,20.0,199.98834091243157,0.9893904913462537,0.10092598868859191,0.005829543784216185
mpm,44100,200.0,2,missing_fundamental,10.0,199.41595584923644,0.912000367654549,5.06298171516559,0.29202207538178016
mpm,44100,200.0,2,missing_fundamental,0.0,198.58516780033983,0.49477741436424943,12.290552499969545,0.707416099830084
mpm,44100,200.0,3,sine,inf,199.9999729636038,0.9998985290734516,0.00023403166423864553,1.351819810224697e-05
mpm,44100,200.0,3,sine,20.0,199.957917654289,0.9894415467817105,0.3643102777194003,0.021041172855504442
mpm,44100,200.0,3,sine,10.0,201.44378401470155,0.9104596399920792,12.452746422843358,0.7218920073507746
mpm,44100,200.0,3,sine,0.0,199.70134872616222,0.5195405843767483,2.5871083594335422,0.14932563691888845
mpm,44100,200.0,3,harmonic,inf,199.9999592264047,0.9997149571537026,0.0003529432182165475,2.038679764382323e-05
mpm,44100,200.0,3,harmonic,20.0,200.11695987167525,0.9895701136483666,1.0121286438390995,0.05847993583762445
mpm,44100,200.0,3,harmonic,10.0,198.10580457452372,0.9103573581374226,16.474617175714915,0.9470977127381417
mpm,44100,200.0,3,harmonic,0.0,199.2816786341037,0.5439486351975669,6.22910499022431,0.3591606829481435
mpm,44100,200.0,3,weak_fundamental,inf,200.00004690632213,0.9995272581010716,0.0004060290621995909,2.345316106300288e-05
mpm,44100,200.0,3,weak_fundamental,20.0,200.0903184418751,0.9899667094118607,0.7816353322314777,0.045159220937549094
mpm,44100,200.0,3,weak_fundamental,10.0,200.8091109056996,0.9089289567723073,6.9896727098626075,0.4045554528498059
mpm,44100,200.0,3,weak_fundamental,0.0,200.6337710650779,0.5160114550247518,5.4773563372059115,0.31688553253894725
mpm,44100,200.0,3,missing_fundamental,inf,199.9999678920799,0.9994273479686827,0.0002779316449225336,1.6053960052886396e-05
mpm,44100,200.0,3,missing_fundamental,20.0,200.0967422080647,0.9905383762981113,0.8372145542761575,0.04837110403235556
mpm,44100,200.0,3,missing_fundamental,10.0,200.05620513638837,0.9132897069291975,0.48645287956492067,0.02810256819418555
mpm,44100,200.0,3,missing_fundamental,0.0,198.356732266205,0.5185527197956239,14.28316360151091,0.8216338668974998
mpm,44100,200.0,4,sine,inf,199.99982324975937,0.9998986625831058,0.0015299808497835057,8.837512031334427e-05
mpm,44100,200.0,4,sine,20.0,199.66483183956072,0.9899108151849758,2.9037064125640324,0.16758408021964044
mpm,44100,200.0,4,sine,10.0,201.2857781502154,0.9108218763224915,11.094290663521077,0.6428890751077034
mpm,44100,200.0,4,sine,0.0,198.75224003633338,0.545244220299293,10.834655547166763,0.6238799818333121
mpm,44100,200.0,4,harmonic,inf,199.99997583358078,0.9997149154700735,0.00020918865163817378,1.2083209611546408e-05
mpm,44100,200.0,4,harmonic,20.0,200.11869607752823,0.9904915880943457,1.0271486883761733,0.05934803876411365
mpm,44100,200.0,4,harmonic,10.0,199.0838103109021,0.9090418461310876,7.948914642593657,0.45809484454895255
mpm,44100,200.0,4,harmonic,0.0,199.68210321943064,0.5474307752925474,2.7539579192174215,0.158948390284678
mpm,44100,200.0,4,weak_fundamental,inf,199.9999857160467,0.9995273175518189,0.00012364433603483137,7.141976652746962e-06
mpm,44100,200.0,4,weak_fundamental,20.0,199.88979656542548,0.9898348455421413,0.9542026064582815,0.05510171728725766
mpm,44100,200.0,4,weak_fundamental,10.0,200.94926981404643,0.908066233877619,8.197602131617213,0.47463490702321565
mpm,44100,200.0,4,weak_fundamental,0.0,199.47988641583856,0.5262750066459009,4.508056028315187,0.26005679208071797
mpm,44100,200.0,4,missing_fundamental,inf,199.99998766389533,0.9994272482265212,0.00010678342549058651,6.168052337329755e-06
mpm,44100,200.0,4,missing_fundamental,20.0,200.0252521198717,0.9892574997097477,0.21857285038600174,0.012626059935854528
mpm,44100,200.0,4,missing_fundamental,10.0,200.50865889621008,0.9088509414237893,4.397448366659553,0.25432944810503955
mpm,44100,200.0,4,missing_fundamental,0.0,200.2573748716542,0.5177447177309804,2.2264484332711283,0.1286874358271035
mpm,44100,240.0,0,sine,inf,239.9988323856668,0.9999635203108699,0.008422577529221527,0.0004865059721718505
mpm,44100,240.0,0,sine,20.0,239.9161761990268,0.9903777047117817,0.6047665281551637,0.034926583738830175
mpm,44100,240.0,0,sine,10.0,240.35751711431467,0.9107984619927323,2.577021879164967,0.14896546429778112
mpm,44100,240.0,0,sine,0.0,242.3638893327476,0.5229279003436906,16.968428001140687,0.9849538886448291
mpm,44100,240.0,0,harmonic,inf,239.99544238027957,0.9998979698591147,0.0328765890101219,0.0018990082168457434
mpm,44100,240.0,0,harmonic,20.0,239.8342521254505,0.990715834327136,1.1960312300440985,0.06906161439562908
mpm,44100,240.0,0,harmonic,10.0,238.50315400096525,0.9076625403014625,10.831273277244916,0.6236858329311445
mpm,44100,240.0,0,harmonic,0.0,231.99885284338382,0.5047450327223083,58.7000809284442,3.3338113152567437
mpm,44100,240.0,0,weak_fundamental,inf,239.99770104204225,0.9998303248086203,0.016583555651185314,0.0009578991490618213
mpm,44100,240.0,0,weak_fundamental,20.0,239.9568446384155,0.9898804149131606,0.31132812214601857,0.01798140066020674
mpm,44100,240.0,0,weak_fundamental,10.0,240.5050153225211,0.9114164835740397,3.6390881081046564,0.21042305105045975
mpm,44100,240.0,0,weak_fundamental,0.0,238.78773502525377,0.5212373265522882,8.766803040426819,0.5051104061442638
mpm,44100,240.0,0,missing_fundamental,inf,239.99769475799192,0.9997943974808996,0.016628885927356857,0.0009605175033655655
mpm,44100,240.0,0,missing_fundamental,20.0,240.1406985414811,0.9892684700026018,1.0146280595591106,0.05862439228379183
mpm,44100,240.0,0,missing_fundamental,10.0,240.77505549314176,0.9096300174806516,5.581835441321903,0.3229397888090683
mpm,44100,240.0,0,missing_fundamental,0.0,239.41003252502935,0.5571287682987697,4.260955035596894,0.24581978123777048
mpm,44100,240.0,1,sine,inf,240.00112525807072,0.9999634019120157,0.008117002163182738,0.0004688575294646095
mpm,44100,240.0,1,sine,20.0,239.69197921614463,0.9899557845288102,2.2233273234749418,0.12834199327307041
mpm,44100,240.0,1,sine,10.0,238.7051653911252,0.9119924357901084,9.365544354999367,0.5395144203644975
mpm,44100,240.0,1,sine,0.0,246.16755919418813,0.5399364681923158,43.92749425335078,2.5698163309117206
mpm,44100,240.0,1,harmonic,inf,240.00018308119684,0.9998972869309256,0.0013206511699121717,7.628383201563338e-05
mpm,44100,240.0,1,harmonic,20.0,240.33007472581178,0.9896486243784601,2.379350051466395,0.1375311357549099
mpm,44100,240.0,1,harmonic,10.0,239.24354473839256,0.9120463177381447,5.465288818082518,0.3151896923364343
mpm,44100,240.0,1,harmonic,0.0,241.04917120648446,0.5274493861146484,7.551676230659079,0.43715466936852465
mpm,44100,240.0,1,weak_fundamental,inf,239.99934698781948,0.9998299296167212,0.00471049358070862,0.0002720884085505304
mpm,44100,240.0,1,weak_fundamental,20.0,240.0982909358131,0.9895671525421434,0.7088740800974278,0.040954556588796244
mpm,44100,240.0,1,weak_fundamental,10.0,239.87808647285925,0.9152519343017144,0.8796436416589403,0.05079730297531171
mpm,44100,240.0,1,weak_fundamental,0.0,238.64900188919958,0.5167223953697475,9.772923923302233,0.5629158795001743
mpm,44100,240.0,1,missing_fundamental,inf,239.99996214726116,0.9997937365112337,0.0002730498145516714,1.5771974517519993e-05
mpm,44100,240.0,1,missing_fundamental,20.0,240.0544122197062,0.9895184732198105,0.3924567109319751,0.02267175821091409
mpm,44100,240.0,1,missing_fundamental,10.0,239.7054861082921,0.9086613269059397,2.1257732341010245,0.12271412154496157
mpm,44100,240.0,1,missing_fundamental,0.0,240.9341675957158,0.5157048558038909,6.7255141853007565,0.38923649821491324
mpm,44100,240.0,2,sine,inf,240.0011315477807,0.9999634015859703,0.008162372616845796,0.00047147824195311233
mpm,44100,240.0,2,sine,20.0,239.8564574694223,0.9901323487693066,1.0357502539327876,0.05980938774070429
mpm,44100,240.0,2,sine,10.0,240.91776585874223,0.9116156161537119,6.607655384486785,0.38240244114259525
mpm,44100,240.0,2,sine,0.0,234.60146592247523,0.4899078794700165,39.38685319881186,2.249389198968655
mpm,44100,240.0,2,harmonic,inf,240.00018256001752,0.9998972869995905,0.0013168916587243055,7.606667396705309e-05
mpm,44100,240.0,2,harmonic,20.0,239.7955284950843,0.9900771368309004,1.475578790465886,0.08519646038153657
mpm,44100,240.0,2,harmonic,10.0,239.94579529024298,0.9138778074008788,0.3910484911879406,0.022585295732090078
mpm,44100,240.0,2,harmonic,0.0,241.06606418761203,0.4967950012804678,7.672998694597871,0.4441934115050117
mpm,44100,240.0,2,weak_fundamental,inf,239.99905498016375,0.9998299999554555,0.006816890577552568,0.0003937582651047933
mpm,44100,240.0,2,weak_fundamental,20.0,239.936673681379,0.9898859660557316,0.45686310568435695,0.02638596609208103
mpm,44100,240.0,2,weak_fundamental,10.0,240.97589557218555,0.9094473571716235,7.025324873497399,0.4066231550773125
mpm,44100,240.0,2,weak_fundamental,0.0,237.94637852252797,0.523405133099922,14.87749030100933,0.8556756156133479
mpm,44100,240.0,2,missing_fundamental,inf,239.99958962091173,0.9997938454607627,0.002960261908468445,0.0001709912867771853
mpm,44100,240.0,2,missing_fundamental,20.0,239.9999250843715,0.9895558944565193,0.0005404021129580784,3.12148452034459e-05
mpm,44100,240.0,2,missing_fundamental,10.0,240.35657027833741,0.910391301748086,2.5702020470619376,0.14857094930725623
mpm,44100,240.0,2,missing_fundamental,0.0,239.55081797206523,0.5171762704059512,3.243199341000315,0.18715917830615325
mpm,44100,240.0,3,sine,inf,240.00092842968652,0.9999634121116825,0.0066971915688740485,0.00038684570271859303
mpm,44100,240.0,3,sine,20.0,240.0493986193953,0.9902977531569543,0.3562990493137304,0.020582758081377033
mpm,44100,240.0,3,sine,10.0,239.8399304584509,0.9130260914768292,1.1550428934204169,0.06669564231212159
mpm,44100,240.0,3,sine,0.0,243.3950595077333,0.5299924508053231,24.318574007195007,1.4146081282222056
mpm,44100,240.0,3,harmonic,inf,240.00007690980212,0.9998973024711535,0.0005547868615363894,3.2045750882521894e-05
mpm,44100,240.0,3,harmonic,20.0,240.22174621111253,0.9895906138141728,1.598822299252899,0.09239425463022144
mpm,44100,240.0,3,harmonic,10.0,239.75531993489784,0.9125005890494934,1.7658939003225496,0.10195002712589958
mpm,44100,240.0,3,harmonic,0.0,235.80254439343972,0.5065118136556783,30.5461442865534,1.7489398360667845
mpm,44100,240.0,3,weak_fundamental,inf,239.99865426281175,0.9998300966571168,0.009707469055178013,0.0005607238284355276
mpm,44100,240.0,3,weak_fundamental,20.0,239.93643099488725,0.9899240875541613,0.45861418159872797,0.026487085463647492
mpm,44100,240.0,3,weak_fundamental,10.0,239.6228633458033,0.9098097308988665,2.722605619367232,0.15714027258196003
mpm,44100,240.0,3,weak_fundamental,0.0,236.78026651008398,0.5153502669198208,23.38266650083382,1.3415556207983432
mpm,44100,240.0,3,missing_fundamental,inf,239.99836250072337,0.9997942037602509,0.01181210072576777,0.0006822913652608046
mpm,44100,240.0,3,missing_fundamental,20.0,239.99767836935513,0.9901149656586503,0.016747106092069086,0.0009673461020298646
mpm,44100,240.0,3,missing_fundamental,10.0,240.40035658246248,0.9097413298917403,2.885556175347762,0.16681524269269943
mpm,44100,240.0,3,missing_fundamental,0.0,240.9368437953138,0.5357634308754238,6.744743928350864,0.3903515813807464
mpm,44100,240.0,4,sine,inf,240.0008913881617,0.9999634140304219,0.006429994460969551,0.00037141173404364736
mpm,44100,240.0,4,sine,20.0,239.8829994384325,0.9903787517430099,0.8441864379282973,0.04875023398645576
mpm,44100,240.0,4,sine,10.0,240.09989933529357,0.9130891403203723,0.7204714413600741,0.041624723038988044
mpm,44100,240.0,4,sine,0.0,247.94839509206548,0.531182353194928,56.40657761245988,3.3118312883606174
mpm,44100,240.0,4,harmonic,inf,240.0000590946946,0.9998973051047596,0.0004262780615701817,2.462278941332367e-05
mpm,44100,240.0,4,harmonic,20.0,239.7717366773042,0.9907847643623461,1.6473553400979821,0.0951097177899148
mpm,44100,240.0,4,harmonic,10.0,239.9388847501328,0.9147353007522284,0.44090948002403224,0.025464687444672524
mpm,44100,240.0,4,harmonic,0.0,237.1486801710444,0.566347593577353,20.6910798951346,1.1880499287315043
mpm,44100,240.0,4,weak_fundamental,inf,239.9987265314023,0.9998300793295667,0.00918615852454783,0.0005306119157092818
mpm,44100,240.0,4,weak_fundamental,20.0,240.0339816675564,0.9894197983388836,0.24510856423788785,0.014159028148495642
mpm,44100,240.0,4,weak_fundamental,10.0,241.79575713894022,0.9052357193122248,12.905428298855485,0.7482321412250906
mpm,44100,240.0,4,weak_fundamental,0.0,237.3490018930138,0.5326982551646112,19.22930750064577,1.1045825445775865
mpm,44100,240.0,4,missing_fundamental,inf,239.99835477364968,0.9997942060595747,0.011867840161514724,0.0006855109792998822
mpm,44100,240.0,4,missing_fundamental,20.0,240.03907565034487,0.9899812184972108,0.2818482908886459,0.016281520977029135
mpm,44100,240.0,4,missing_fundamental,10.0,239.82491373386864,0.909411727349501,1.2634413521590555,0.07295261088806626
mpm,44100,240.0,4,missing_fundamental,0.0,238.7114844561503,0.5202118364330042,9.319715285008515,0.5368814766040467
mpm,44100,300.0,0,sine,inf,299.99806875755615,0.9999999999999998,0.011144811458137878,0.000643747481281783
mpm,44100,300.0,0,sine,20.0,300.0612836140668,0.989579217715965,0.3536181473069642,0.020427871355593652
mpm,44100,300.0,0,sine,10.0,301.4975297164828,0.9119672328004218,8.620417086518023,0.49917657216093403
mpm,44100,300.0,0,sine,0.0,306.3276245190975,0.49651072815609015,36.135568585814916,2.1092081730325085
mpm,44100,300.0,0,harmonic,inf,299.99757158333557,0.9999999999999993,0.014013915435359015,0.0008094722214764261
mpm,44100,300.0,0,harmonic,20.0,299.70522365172775,0.9902867993847562,1.70192578607385,0.09825878275741691
mpm,44100,300.0,0,harmonic,10.0,298.86210095052684,0.9080547461063574,6.579050323977613,0.37929968315772083
mpm,44100,300.0,0,harmonic,0.0,306.388404880243,0.5418904262685853,36.47903938150459,2.129468293414334
mpm,44100,300.0,0,weak_fundamental,inf,299.9987910000513,0.9999999999999996,0.006976886980062015,0.0004029999828958353
mpm,44100,300.0,0,weak_fundamental,20.0,300.0915489399818,0.9901262071334934,0.5282282130518753,0.030516313327268563
mpm,44100,300.0,0,weak_fundamental,10.0,300.39698037772433,0.9094530997100201,2.289372096603668,0.1323267925747776
mpm,44100,300.0,0,weak_fundamental,0.0,149.97642047261607,0.5223886836698097,1200.27216593016,50.007859842461315
mpm,44100,300.0,0,missing_fundamental,inf,299.99905467682356,1.0,0.005455260829715579,0.00031510772547941696
mpm,44100,300.0,0,missing_fundamental,20.0,300.06344423556163,0.9899123841292538,0.36608402756639297,0.021148078520544306
mpm,44100,300.0,0,missing_fundamental,10.0,298.80228884597636,0.9110963523318472,6.925561690750204,0.3992370513412122
mpm,44100,300.0,0,missing_fundamental,0.0,150.00467192590173,0.5355219739196848,1199.9460795250652,49.99844269136609
mpm,44100,300.0,1,sine,inf,299.9991258601274,0.9999999999999994,0.00504447638638744,0.0002913799575405089
mpm,44100,300.0,1,sine,20.0,300.72087945135166,0.989944650684286,4.155046688778792,0.24029315045055455
mpm,44100,300.0,1,sine,10.0,301.3610480358439,0.9097899762812997,7.836545892336388,0.4536826786146359
mpm,44100,300.0,1,sine,0.0,303.58912246674174,0.517256600051642,20.589119404583954,1.1963741555805807
mpm,44100,300.0,1,harmonic,inf,300.00148523786464,0.999999999999997,0.0085709599908571,0.0004950792882141286
mpm,44100,300.0,1,harmonic,20.0,300.07092447591975,0.9899414486724154,0.4092411852931429,0.02364149197325105
mpm,44100,300.0,1,harmonic,10.0,300.5255491641193,0.905902083720172,3.030175288722711,0.1751830547064325
mpm,44100,300.0,1,harmonic,0.0,305.53526347815955,0.5415160027553978,31.65167780910688,1.8450878260531833
mpm,44100,300.0,1,weak_fundamental,inf,300.00156705503707,0.999999999999998,0.009043106504712631,0.0005223516790238136
mpm,44100,300.0,1,weak_fundamental,20.0,299.9671148338278,0.9901034020079155,0.1897834665798913,0.010961722057402312
mpm,44100,300.0,1,weak_fundamental,10.0,300.1770569793348,0.9132609498787003,1.021455507427718,0.059018993111597716
mpm,44100,300.0,1,weak_fundamental,0.0,299.522618219772,0.5624891834430104,2.7570595066452994,0.15912726007599076
mpm,44100,300.0,1,missing_fundamental,inf,300.0016086017497,1.0,0.009282862180696823,0.0005362005832315239
mpm,44100,300.0,1,missing_fundamental,20.0,300.00698292898164,0.9899631290747953,0.040296479073541065,0.0023276429938808483
mpm,44100,300.0,1,missing_fundamental,10.0,298.8851197065515,0.9087935760383177,6.445713512564493,0.3716267644828311
mpm,44100,300.0,1,missing_fundamental,0.0,301.35770085966055,0.5095337593517848,7.817317204370308,0.4525669532201846
mpm,44100,300.0,2,sine,inf,299.99882073098263,0.9999999999999993,0.006805315628443731,0.0003930896724568811
mpm,44100,300.0,2,sine,20.0,300.1720621187114,0.9899933305208056,0.9926480268909388,0.05735403957046022
mpm,44100,300.0,2,sine,10.0,301.9681874581152,0.9121013601897274,11.320881586139032,0.6560624860384033
mpm,44100,300.0,2,sine,0.0,297.83782200121925,0.49369722269180744,12.52263525266542,0.7207259995935829
mpm,44100,300.0,2,harmonic,inf,300.00108914949806,1.0,0.006285230909280561,0.00036304983268564683
mpm,44100,300.0,2,harmonic,20.0,299.9929835740261,0.9902527730455654,0.0404907253315362,0.0023388086579719434
mpm,44100,300.0,2,harmonic,10.0,300.21579091943494,0.9063399324050703,1.244834304439042,0.0719303064783124
mpm,44100,300.0,2,harmonic,0.0,299.82711352364515,0.49494673944843026,0.9979774372609835,0.05762882545161574
mpm,44100,300.0,2,weak_fundamental,inf,300.0011905001219,1.0,0.006870100856659836,0.0003968333739597559
mpm,44100,300.0,2,weak_fundamental,20.0,300.00786898457085,0.9902809282965743,0.04540958452603235,0.00262299485694939
mpm,44100,300.0,2,weak_fundamental,10.0,300.2223881348172,0.906017531015638,1.2828776011435705,0.07412937827240285
mpm,44100,300.0,2,weak_fundamental,0.0,297.32948308052187,0.49049086433000016,15.47996793698583,0.8901723064927106
mpm,44100,300.0,2,missing_fundamental,inf,300.0014524048452,0.9999999999999993,0.008381488781247408,0.00048413494840815474
mpm,44100,300.0,2,missing_fundamental,20.0,300.014192611812,0.990967310608051,0.08190050542549732,0.0047308706040022725
mpm,44100,300.0,2,missing_fundamental,10.0,300.2035564626768,0.9073501627129982,1.1742812544521237,0.06785215422559077
mpm,44100,300.0,2,missing_fundamental,0.0,301.74650549340646,0.5256584786459867,10.049475118489731,0.5821684978021532
mpm,44100,300.0,3,sine,inf,299.9993790238228,0.9999999999999997,0.003583520714109152,0.00020699205905809018
mpm,44100,300.0,3,sine,20.0,300.585338675617,0.9898848154668495,3.374569777384283,0.19511289187232705
mpm,44100,300.0,3,sine,10.0,303.8724116739118,0.9141049686860264,22.203838787379567,1.2908038913039377
mpm,44100,300.0,3,sine,0.0,292.5893606544345,0.5187994387371099,43.302228731523314,2.470213115188509
mpm,44100,300.0,3,harmonic,inf,300.0015080110459,0.9999999999999997,0.008702378358001498,0.0005026703486426717
mpm,44100,300.0,3,harmonic,20.0,299.9446914005736,0.9906034641696516,0.3192031938172863,0.018436199808794147
mpm,44100,300.0,3,harmonic,10.0,298.8273560517419,0.9060325356450626,6.780330608148336,0.3908813160860329
mpm,44100,300.0,3,harmonic,0.0,300.05353567046774,0.5071331578266493,0.3089150227094592,0.01784522348924611
mpm,44100,300.0,3,weak_fundamental,inf,300.00188159957503,0.9999999999999996,0.010858263451783303,0.0006271998583429195
mpm,44100,300.0,3,weak_fundamental,20.0,299.94083562178525,0.989961099362903,0.3414582915768527,0.019721459404915247
mpm,44100,300.0,3,weak_fundamental,10.0,300.0110147288621,0.9090783936697224,0.06356241196047474,0.003671576287369286
mpm,44100,300.0,3,weak_fundamental,0.0,74.9300908564818,0.5805247632347719,2401.614473754796,75.0233030478394
mpm,44100,300.0,3,missing_fundamental,inf,300.00177332939467,0.999999999999999,0.010233463848685705,0.0005911097982220781
mpm,44100,300.0,3,missing_fundamental,20.0,299.95964836614144,0.9896443711764514,0.23287607013902356,0.013450544619521073
mpm,44100,300.0,3,missing_fundamental,10.0,299.4446300959877,0.9070233217759045,3.20788781640983,0.1851233013374364
mpm,44100,300.0,3,missing_fundamental,0.0,297.9500346213337,0.528327717317102,11.870502756795036,0.683321792888762
mpm,44100,300.0,4,sine,inf,300.00200691287307,0.9999999999999994,0.011581414259890021,0.0006689709576903624
mpm,44100,300.0,4,sine,20.0,298.8773434637502,0.9893858345768352,6.490756475753418,0.3742188454165974
mpm,44100,300.0,4,sine,10.0,301.65579535155223,0.909747426020635,9.5289584179838,0.5519317838507428
mpm,44100,300.0,4,sine,0.0,308.0542633497814,0.5353334817221651,45.86640168149885,2.6847544499271407
mpm,44100,300.0,4,harmonic,inf,300.00069686991634,1.0,0.004021478419236355,0.00023228997211314587
mpm,44100,300.0,4,harmonic,20.0,300.0240589914216,0.9898935529837184,0.13883358353223113,0.00801966380720387
mpm,44100,300.0,4,harmonic,10.0,300.1060554717985,0.9138344041747481,0.6119146577669359,0.03535182393284231
mpm,44100,300.0,4,harmonic,0.0,299.7952615491527,0.5271765345438577,1.1819039387243886,0.06824615028242913
mpm,44100,300.0,4,weak_fundamental,inf,299.99880151057033,0.9999999999999988,0.006916232842008742,0.0003994964765562751
mpm,44100,300.0,4,weak_fundamental,20.0,299.9960108476377,0.9901083741680539,0.0230206743770923,0.001329717454098045
mpm,44100,300.0,4,weak_fundamental,10.0,300.17915698354074,0.9080383929541578,1.0335669795835736,0.059718994513578615
mpm,44100,300.0,4,weak_fundamental,0.0,296.61481622622904,0.4901146574040364,19.646204368399914,1.1283945912569873
mpm,44100,300.0,4,missing_fundamental,inf,299.99955670788705,1.0,0.0025581432220836346,0.00014776403764926727
mpm,44100,300.0,4,missing_fundamental,20.0,300.0002099134314,0.9897975293996297,0.0012113638420139907,6.997114379222087e-05
mpm,44100,300.0,4,missing_fundamental,10.0,300.5573615456005,0.9071634598637949,3.213426807181575,0.18578718186682863
mpm,44100,300.0,4,missing_fundamental,0.0,297.47527499618405,0.49772431512301113,14.631286314653867,0.8415750012719817
mpm,44100,380.0,0,sine,inf,380.00183719401787,0.9999959355514929,0.00837001355219894,0.0004834721099649342
mpm,44100,380.0,0,sine,20.0,379.9370771742051,0.9900301112380604,0.2866925223166673,0.016558638367075076
mpm,44100,380.0,0,sine,10.0,382.65121864713785,0.905489587899709,12.036690876778637,0.697689117667856
mpm,44100,380.0,0,sine,0.0,367.6982461757409,0.5078573498583384,56.97254793097433,3.2373036379629196
mpm,44100,380.0,0,harmonic,inf,380.00109073630836,0.9999886708358717,0.0049692555935689645,0.00028703587062002615
mpm,44100,380.0,0,harmonic,20.0,380.03861504838477,0.9901491770567906,0.17591655293269387,0.010161854838097378
mpm,44100,380.0,0,harmonic,10.0,380.67080169668696,0.911599318308687,3.053397175034133,0.17652676228604341
mpm,44100,380.0,0,harmonic,0.0,383.4256704126819,0.5056107563480807,15.537012428730423,0.9014922138636531
mpm,44100,380.0,0,weak_fundamental,inf,380.00061771823215,0.9999809630956215,0.0028142472817061833,0.00016255742951300003
mpm,44100,380.0,0,weak_fundamental,20.0,379.9282281046067,0.9900981607714571,0.3270149596897426,0.01888734089296924
mpm,44100,380.0,0,weak_fundamental,10.0,380.22555586850734,0.9084382621434073,1.027300405703159,0.05935680750193222
mpm,44100,380.0,0,weak_fundamental,0.0,382.34337152238186,0.5306043269400058,10.643333433726182,0.6166767164162784
mpm,44100,380.0,0,missing_fundamental,inf,379.9995467128717,0.9999768585510416,0.002065122575213881,0.00011928608640083009
mpm,44100,380.0,0,missing_fundamental,20.0,380.0337146614655,0.9898635454355854,0.15359310723787267,0.008872279333032614
mpm,44100,380.0,0,missing_fundamental,10.0,380.25905709051835,0.9084699585200968,1.1798306614899212,0.06817291855746159
mpm,44100,380.0,0,missing_fundamental,0.0,380.153432833514,0.5051313277190124,0.698880351671787,0.040377061451049724
mpm,44100,380.0,1,sine,inf,379.9997543314366,0.9999959343121988,0.0011192366296837398,6.464962195339372e-05
mpm,44100,380.0,1,sine,20.0,380.4262678474215,0.9898371565534025,1.9409363405225655,0.11217574932145094
mpm,44100,380.0,1,sine,10.0,383.27589991105253,0.9113177936704029,14.860640277424716,0.8620789239611931
mpm,44100,380.0,1,sine,0.0,189.03379867499356,0.5209533100218819,1208.826253812068,50.25426350658064
mpm,44100,380.0,1,harmonic,inf,380.00245305534355,0.9999884052260454,0.011175787441105128,0.000645540879881872
mpm,44100,380.0,1,harmonic,20.0,380.1178105166065,0.9903226105642747,0.5366472841410832,0.031002767528021696
mpm,44100,380.0,1,harmonic,10.0,379.66352029433097,0.9154608605902759,1.5336399492858397,0.08854729096553551
mpm,44100,380.0,1,harmonic,0.0,374.03016271996955,0.5146353824213453,27.413761494959278,1.5710098105343282
mpm,44100,380.0,1,weak_fundamental,inf,380.0031441875344,0.9999810985107391,0.014324478938950598,0.0008274177722150375
mpm,44100,380.0,1,weak_fundamental,20.0,379.9117137249387,0.9896870209083707,0.4022683250661001,0.023233230279291354
mpm,44100,380.0,1,weak_fundamental,10.0,379.5610816003063,0.9056304915714908,2.0008148950688747,0.1155048420246592
mpm,44100,380.0,1,weak_fundamental,0.0,382.6535568686812,0.501429155355828,12.047269691597752,0.6983044391266372
mpm,44100,380.0,1,missing_fundamental,inf,380.00250422220034,0.9999772107376005,0.011408895932644292,0.0006590058421956632
mpm,44100,380.0,1,missing_fundamental,20.0,380.05463669484294,0.9900704141444487,0.24890028173438272,0.014378077590247597
mpm,44100,380.0,1,missing_fundamental,10.0,380.26348265275936,0.9075630697205267,1.1999791347769986,0.06933754019983278
mpm,44100,380.0,1,missing_fundamental,0.0,385.5324134897573,0.5034058110619013,25.02328885839548,1.455898286778234
mpm,44100,380.0,2,sine,inf,379.9996101595262,0.9999959342263905,0.0017760669688461628,0.00010258959837241683
mpm,44100,380.0,2,sine,20.0,380.12809215144745,0.9903004425711641,0.5834740181104315,0.033708460907222924
mpm,44100,380.0,2,sine,10.0,383.2774321123574,0.908237285262117,14.867561124176376,0.8624821348308992
mpm,44100,380.0,2,sine,0.0,383.6638825367271,0.5230179515775079,16.61224791256286,0.9641796149281845
mpm,44100,380.0,2,harmonic,inf,380.0025475018002,0.9999883893480167,0.011606071245801727,0.0006703952105848849
mpm,44100,380.0,2,harmonic,20.0,379.9277650095605,0.990036446938032,0.32912516456854046,0.019009208010390324
mpm,44100,380.0,2,harmonic,10.0,379.9344530093782,0.9144738962481623,0.29864992121451733,0.017249208058363986
mpm,44100,380.0,2,harmonic,0.0,374.26039648998267,0.523304602258552,26.348430522749155,1.5104219763203506
mpm,44100,380.0,2,weak_fundamental,inf,380.00316332086015,0.9999810764252908,0.014411647333999853,0.0008324528579350954
mpm,44100,380.0,2,weak_fundamental,20.0,379.89816233679267,0.9900115462912084,0.464022259338729,0.02679938505456161
mpm,44100,380.0,2,weak_fundamental,10.0,379.79979481244953,0.9094396123146917,0.9123509847599605,0.05268557567117532
mpm,44100,380.0,2,weak_fundamental,0.0,377.63978126144343,0.5094842039563562,10.786403677769913,0.6211101943569917
mpm,44100,380.0,2,missing_fundamental,inf,380.0026275092092,0.9999771797442101,0.011970572844193433,0.0006914497918997815
mpm,44100,380.0,2,missing_fundamental,20.0,379.9203538693579,0.9907399204320043,0.36289617207073444,0.020959508063715236
mpm,44100,380.0,2,missing_fundamental,10.0,380.6122904868467,0.9077347706523207,2.787276463916311,0.16112907548597077
mpm,44100,380.0,2,missing_fundamental,0.0,94.84254305269158,0.5781664712565234,2402.8717998249153,75.04143603876538
mpm,44100,380.0,3,sine,inf,379.9997855001313,0.9999959343307488,0.0009772357396250061,5.644733387330952e-05
mpm,44100,380.0,3,sine,20.0,380.61862672729353,0.9897720798444017,2.8160969307598216,0.16279650718250818
mpm,44100,380.0,3,sine,10.0,377.9149328972403,0.9113609055986067,9.525470769326642,0.548701869147288
mpm,44100,380.0,3,sine,0.0,393.48868856372786,0.5198824874931397,60.387294347339335,3.5496548851915426
mpm,44100,380.0,3,harmonic,inf,380.00243090673354,0.9999884085291492,0.011074881700399433,0.0006397122982991133
mpm,44100,380.0,3,harmonic,20.0,379.9278237027943,0.9896596009169043,0.3288577144734422,0.018993762422556563
mpm,44100,380.0,3,harmonic,10.0,378.495755242957,0.9071743417273863,6.866757362026102,0.3958538834323714
mpm,44100,380.0,3,harmonic,0.0,383.6545166140237,0.5246967126080658,16.56998487207328,0.9617148984272873
mpm,44100,380.0,3,weak_fundamental,inf,380.00313681029536,0.9999811031349326,0.014290869407601055,0.0008254763935156006
mpm,44100,380.0,3,weak_fundamental,20.0,380.0158847201126,0.9902782219044967,0.07236735146096722,0.004180189503310765
mpm,44100,380.0,3,weak_fundamental,10.0,381.1236061245718,0.9061184574830058,5.111460419902279,0.29568582225573137
mpm,44100,380.0,3,weak_fundamental,0.0,383.9728233589783,0.4938637883208463,18.00574276604466,1.0454798313100797
mpm,44100,380.0,3,missing_fundamental,inf,380.0024747888185,0.999977217166526,0.011274801882933437,0.0006512602153993372
mpm,44100,380.0,3,missing_fundamental,20.0,379.9613644523827,0.9902712205487177,0.17602783174437403,0.01016724937296718
mpm,44100,380.0,3,missing_fundamental,10.0,380.2231870333933,0.9136621075803595,1.0165146478347342,0.058733429840338816
mpm,44100,380.0,3,missing_fundamental,0.0,376.8062503865229,0.508874162327719,14.611826725198153,0.8404604245992393
mpm,44100,380.0,4,sine,inf,380.002276036767,0.9999959358125093,0.010369317230129424,0.0005989570439474415
mpm,44100,380.0,4,sine,20.0,380.1852023918567,0.9907781721625711,0.8435541551866474,0.04873747154123832
mpm,44100,380.0,4,sine,10.0,379.68642268028674,0.9087687394071828,1.4292101254598486,0.08252034729296336
mpm,44100,380.0,4,sine,0.0,361.75356263819504,0.517290130500116,85.19063245574553,4.801694042580254
mpm,44100,380.0,4,harmonic,inf,380.0011549260777,0.9999886757878665,0.0052616955561377065,0.0003039279151775382
mpm,44100,380.0,4,harmonic,20.0,379.938105698874,0.9901936284002892,0.28200591860296315,0.016287973980530824
mpm,44100,380.0,4,harmonic,10.0,382.42397102743456,0.9121458000379037,11.008246003179261,0.6378871124827793
mpm,44100,380.0,4,harmonic,0.0,373.7570195744346,0.5278052106281196,28.678492279455824,1.642889585675107
mpm,44100,380.0,4,weak_fundamental,inf,379.9998482965216,0.9999810286763646,0.0006911428411912297,3.9921968006015764e-05
mpm,44100,380.0,4,weak_fundamental,20.0,379.949080444268,0.9905112062153235,0.23199888268022845,0.013399883087363139
mpm,44100,380.0,4,weak_fundamental,10.0,380.1395860948292,0.9104565546923192,0.6358205973785058,0.03673318284979275
mpm,44100,380.0,4,weak_fundamental,0.0,381.26875345578276,0.4751778468369879,5.770659064279695,0.33388248836388357
mpm,44100,380.0,4,missing_fundamental,inf,379.9992454883913,0.9999769737974304,0.0034374670637532232,0.0001985556865011667
mpm,44100,380.0,4,missing_fundamental,20.0,380.05493714763935,0.9904168355708166,0.25026891101938165,0.014457144115618504
mpm,44100,380.0,4,missing_fundamental,10.0,379.9250346669291,0.9085693765133349,0.3415666851662179,0.019727719229185942
mpm,44100,380.0,4,missing_fundamental,0.0,380.01208133044105,0.5029537561454077,0.0550402056311245,0.0031792974844865726
mpm,44100,400.0,0,sine,inf,399.9974858039797,0.9998985513964866,0.010881688589183989,0.000628549005071477
mpm,44100,400.0,0,sine,20.0,400.0,0.9905833943150818,0.0,0.0
mpm,44100,400.0,0,sine,10.0,397.3375081533059,0.9164054531287755,11.562013891515893,0.6656229616735203
mpm,44100,400.0,0,sine,0.0,397.0635409632338,0.5134683014827148,12.756124466046254,0.7341147591915558
mpm,44100,400.0,0,harmonic,inf,399.9944735299419,0.9997151898622765,0.023919198075686137,0.0013816175145251464
mpm,44100,400.0,0,harmonic,20.0,400.0,0.9899123091913768,0.0,0.0
mpm,44100,400.0,0,harmonic,10.0,399.992386363844,0.9086476167190207,0.032952778990364,0.001903409039002213
mpm,44100,400.0,0,harmonic,0.0,397.3366351794291,0.5160631152778259,11.56581751873139,0.6658412051427263
mpm,44100,400.0,0,weak_fundamental,inf,399.99764649263824,0.9995275268401358,0.01018621016516596,0.000588376840440219
mpm,44100,400.0,0,weak_fundamental,20.0,399.8847311824101,0.989686602605205,0.4989651518754533,0.02881720439746971
mpm,44100,400.0,0,weak_fundamental,10.0,398.97698579736493,0.9105029593144891,4.433364213540314,0.2557535506587669
mpm,44100,400.0,0,weak_fundamental,0.0,394.96985950158995,0.505286036278181,21.908923009307323,1.2575351246025122
mpm,44100,400.0,0,missing_fundamental,inf,399.99830194911306,0.999427471391856,0.007349324380639807,0.0004245127217359368
mpm,44100,400.0,0,missing_fundamental,20.0,400.0,0.9898801710662674,0.0,0.0
mpm,44100,400.0,0,missing_fundamental,10.0,398.73899299296556,0.9078034406221507,5.466366609351162,0.3152517517586091
mpm,44100,400.0,0,missing_fundamental,0.0,199.56121775135645,0.5028577454813216,1203.8023463769337,50.10969556216089
mpm,44100,400.0,1,sine,inf,399.99943053589715,0.9998985178705458,0.0024646908658832807,0.0001423660257131587
mpm,44100,400.0,1,sine,20.0,400.0,0.9900028259925994,0.0,0.0
mpm,44100,400.0,1,sine,10.0,200.31054688366802,0.9079356102647881,1197.3139381369115,49.922363279082994
mpm,44100,400.0,1,sine,0.0,397.026403676461,0.5218482295605977,12.918054070701048,0.7433990808847568
mpm,44100,400.0,1,harmonic,inf,400.0,0.9997148824385746,0.0,0.0
mpm,44100,400.0,1,harmonic,20.0,400.0,0.9904199977616238,0.0,0.0
mpm,44100,400.0,1,harmonic,10.0,398.83234378276296,0.9053832406539717,5.061106141501822,0.29191405430925954
mpm,44100,400.0,1,harmonic,0.0,396.0752962314986,0.527422337503289,17.070334623306202,0.981175942125347
mpm,44100,400.0,1,weak_fundamental,inf,400.0,0.9995272343682255,0.0,0.0
mpm,44100,400.0,1,weak_fundamental,20.0,400.0,0.9900542794604938,0.0,0.0
mpm,44100,400.0,1,weak_fundamental,10.0,399.5481422154431,0.9049670158634968,1.9567843984357172,0.11296444613923029
mpm,44100,400.0,1,weak_fundamental,0.0,199.0480928323659,0.5180484097731174,1208.2595419229815,50.23797679190852
mpm,44100,400.0,1,missing_fundamental,inf,400.0,0.9994272263540814,0.0,0.0
mpm,44100,400.0,1,missing_fundamental,20.0,399.99196548521377,0.9896440311385968,0.03477441315974988,0.0020086286965579347
mpm,44100,400.0,1,missing_fundamental,10.0,400.0,0.9110865451265487,0.0,0.0
mpm,44100,400.0,1,missing_fundamental,0.0,400.0,0.49063571977017745,0.0,0.0
mpm,44100,400.0,2,sine,inf,399.99749666668833,0.999898551209121,0.010834673566829467,0.0006258333279163253
mpm,44100,400.0,2,sine,20.0,399.63325058413943,0.9897532760966508,1.5880508227239303,0.09168735396514194
mpm,44100,400.0,2,sine,10.0,200.4343922125448,0.9180999080051484,1196.2439046264276,49.891401946863795
mpm,44100,400.0,2,sine,0.0,383.7276915444892,0.5296202861897867,71.90054379946949,4.068077113877706
mpm,44100,400.0,2,harmonic,inf,400.0,0.9997148564867303,0.0,0.0
mpm,44100,400.0,2,harmonic,20.0,400.0,0.9900843471606394,0.0,0.0
mpm,44100,400.0,2,harmonic,10.0,398.5256366418034,0.9143759037266429,6.392959298414431,0.3685908395491566
mpm,44100,400.0,2,harmonic,0.0,399.4416575152992,0.5240134252854015,2.418241953331499,0.13958562117520046
mpm,44100,400.0,2,weak_fundamental,inf,400.0,0.9995272784403191,0.0,0.0
mpm,44100,400.0,2,weak_fundamental,20.0,400.0,0.9902086941435894,0.0,0.0
mpm,44100,400.0,2,weak_fundamental,10.0,400.0,0.9164769783502634,0.0,0.0
mpm,44100,400.0,2,weak_fundamental,0.0,397.5272952065039,0.48252408203459235,10.735292634206997,0.6181761983740302
mpm,44100,400.0,2,missing_fundamental,inf,400.0,0.9994271866797153,0.0,0.0
mpm,44100,400.0,2,missing_fundamental,20.0,399.92167437887656,0.9896113492694593,0.33903315031892656,0.019581405280860054
mpm,44100,400.0,2,missing_fundamental,10.0,400.0,0.9090847030100996,0.0,0.0
mpm,44100,400.0,2,missing_fundamental,0.0,396.64004042803924,0.501582157545536,14.603611697037168,0.8399898929901894
mpm,44100,400.0,3,sine,inf,400.0,0.9998984541992292,0.0,0.0
mpm,44100,400.0,3,sine,20.0,400.0,0.9900184476329147,0.0,0.0
mpm,44100,400.0,3,sine,10.0,400.0,0.9097251732647536,0.0,0.0
mpm,44100,400.0,3,sine,0.0,388.75960900204785,0.4736502736538552,49.345998130153056,2.810097749488037
mpm,44100,400.0,3,harmonic,inf,400.0,0.9997148097859073,0.0,0.0
mpm,44100,400.0,3,harmonic,20.0,400.0,0.990256734150521,0.0,0.0
mpm,44100,400.0,3,harmonic,10.0,398.59165373732986,0.9097533234321602,6.106198378191737,0.35208656566753405
mpm,44100,400.0,3,harmonic,0.0,199.6153698322389,0.5277475764316977,1203.3326298166808,50.09615754194027
mpm,44100,400.0,3,weak_fundamental,inf,399.9998291214181,0.9995273503361806,0.0007395772061046064,4.2719645477973245e-05
mpm,44100,400.0,3,weak_fundamental,20.0,400.0,0.9898953184917955,0.0,0.0
mpm,44100,400.0,3,weak_fundamental,10.0,398.0156801795307,0.9065212944095321,8.609678238169197,0.49607995511732383
mpm,44100,400.0,3,weak_fundamental,0.0,198.11358584951475,0.4886010358346834,1216.406618443008,50.47160353762131
mpm,44100,400.0,3,missing_fundamental,inf,400.0,0.9994271332133634,0.0,0.0
mpm,44100,400.0,3,missing_fundamental,20.0,399.91449829738696,0.9898012978110398,0.3700982034846501,0.021375425653261004
mpm,44100,400.0,3,missing_fundamental,10.0,399.7415780015526,0.9089966034636298,1.118833859880632,0.0646054996118437
mpm,44100,400.0,3,missing_fundamental,0.0,400.0,0.5027356435869161,0.0,0.0
mpm,44100,400.0,4,sine,inf,399.99906577405983,0.9998985241561209,0.004043414114660729,0.00023355648504264082
mpm,44100,400.0,4,sine,20.0,399.6201647530219,0.9898188124210763,1.6447403180910998,0.09495881174451881
mpm,44100,400.0,4,sine,10.0,199.59548021731376,0.9133250885094601,1203.5051380468826,50.10112994567155
mpm,44100,400.0,4,sine,0.0,204.21034181525295,0.5461275533878356,1163.932883512107,48.947414546186764
mpm,44100,400.0,4,harmonic,inf,400.0,0.9997148821414582,0.0,0.0
mpm,44100,400.0,4,harmonic,20.0,400.0,0.9903013669666311,0.0,0.0
mpm,44100,400.0,4,harmonic,10.0,398.0772485099955,0.9061390596502019,8.341897464301843,0.48068787250112166
mpm,44100,400.0,4,harmonic,0.0,397.2128150304397,0.5335632793449384,12.105397930169866,0.6967962423900786
mpm,44100,400.0,4,weak_fundamental,inf,400.0,0.9995272481054118,0.0,0.0
mpm,44100,400.0,4,weak_fundamental,20.0,400.0,0.9892794706383745,0.0,0.0
mpm,44100,400.0,4,weak_fundamental,10.0,400.0,0.9098965849373729,0.0,0.0
mpm,44100,400.0,4,weak_fundamental,0.0,133.5967810403563,0.5433733626552949,1898.5377034974538,66.60080473991093
mpm,44100,400.0,4,missing_fundamental,inf,400.0,0.9994272228342547,0.0,0.0
mpm,44100,400.0,4,missing_fundamental,20.0,399.946064492912,0.9893286942582552,0.23345320543611528,0.013483876771999803
mpm,44100,400.0,4,missing_fundamental,10.0,399.59146060182616,0.9075397957895115,1.7690968773414957,0.10213484954346086
mpm,44100,400.0,4,missing_fundamental,0.0,397.42904887034905,0.48468333607556674,11.163208970696568,0.6427377824127376
